model,asset,display_asset,n_cal,rho_hat,delta_n,guaranteed,empirical
Chronos-Small,SP500,S\&P~500,4254,0.2529024342424566,0.11079763138582968,87.92023686141704,98.68421052631578
Chronos-Small,BTC,BTC,2581,0.1825052007961188,0.13792559613450658,85.20744038654934,99.9096657633243
TimesFM-2.5,SP500,S\&P~500,4254,0.6392633120474129,0.11079763138582968,87.92023686141704,99.67105263157895
Moirai-2.0,GDAXI,DAX,4299,0.4949170022404845,0.11028559504555718,87.97144049544427,99.67444384156266
Lag-Llama,FTSE100,FTSE,4275,0.3206675455076985,0.11055772605963758,87.94422739403625,99.07255864702674
GJR-GARCH,SP500,S\&P~500,4438,0.6737383946671408,0.10875099456360532,88.12490054363946,98.58044164037855
