module,innovation,phi,n_cal,alpha,truth,method,reference,difference,MCSE,lower95,upper95,replicate_win_fraction
ar,normal,0.0,125,0.01,constant,POT80-Shift,Raw,3.2159202714171997e-06,1.3077032227545681e-06,6.528219548182463e-07,5.779018588016153e-06,0.666
ar,normal,0.0,125,0.01,constant,POT80-Shift,Shift-CP,-1.3380869086798002e-05,1.711509853884691e-06,-1.6735428400411996e-05,-1.0026309773184008e-05,0.604
ar,normal,0.0,125,0.01,constant,POT90-Shift,Raw,1.65967893582152e-05,1.6721955692667645e-06,1.3319286042452342e-05,1.987429267397806e-05,0.456
ar,normal,0.0,125,0.01,constant,POT90-Shift,Shift-CP,0.0,0.0,0.0,0.0,0.0
ar,normal,0.0,125,0.01,constant,Raw,Raw,0.0,0.0,0.0,0.0,0.0
ar,normal,0.0,125,0.01,constant,Raw,Shift-CP,-1.65967893582152e-05,1.6721955692667645e-06,-1.987429267397806e-05,-1.3319286042452342e-05,0.544
ar,normal,0.0,125,0.01,constant,Shift-CP,Raw,1.65967893582152e-05,1.6721955692667645e-06,1.3319286042452342e-05,1.987429267397806e-05,0.456
ar,normal,0.0,125,0.01,constant,Shift-CP,Shift-CP,0.0,0.0,0.0,0.0,0.0
ar,normal,0.0,125,0.01,constant,Shift-ERM,Raw,7.938373393073603e-06,1.512514797758948e-06,4.973844389466064e-06,1.090290239668114e-05,0.564
ar,normal,0.0,125,0.01,constant,Shift-ERM,Shift-CP,-8.6584159651416e-06,1.9464513405449573e-06,-1.2473460592609716e-05,-4.843371337673483e-06,0.566
ar,normal,0.0,125,0.01,none,POT80-Shift,Raw,1.756579302541722e-05,1.3077032227545681e-06,1.5002694708818266e-05,2.0128891342016175e-05,0.0
ar,normal,0.0,125,0.01,none,POT80-Shift,Shift-CP,-1.3380869086798002e-05,1.711509853884691e-06,-1.6735428400411996e-05,-1.0026309773184008e-05,0.604
ar,normal,0.0,125,0.01,none,POT90-Shift,Raw,3.0946662112215225e-05,1.6721955692667645e-06,2.7669158796452366e-05,3.422416542797808e-05,0.0
ar,normal,0.0,125,0.01,none,POT90-Shift,Shift-CP,0.0,0.0,0.0,0.0,0.0
ar,normal,0.0,125,0.01,none,Raw,Raw,0.0,0.0,0.0,0.0,0.0
ar,normal,0.0,125,0.01,none,Raw,Shift-CP,-3.0946662112215225e-05,1.6721955692667645e-06,-3.422416542797808e-05,-2.7669158796452366e-05,1.0
ar,normal,0.0,125,0.01,none,Shift-CP,Raw,3.0946662112215225e-05,1.6721955692667645e-06,2.7669158796452366e-05,3.422416542797808e-05,0.0
ar,normal,0.0,125,0.01,none,Shift-CP,Shift-CP,0.0,0.0,0.0,0.0,0.0
ar,normal,0.0,125,0.01,none,Shift-ERM,Raw,2.228824614707362e-05,1.512514797758948e-06,1.9323717143466083e-05,2.525277515068116e-05,0.0
ar,normal,0.0,125,0.01,none,Shift-ERM,Shift-CP,-8.6584159651416e-06,1.9464513405449573e-06,-1.2473460592609716e-05,-4.843371337673483e-06,0.566
ar,normal,0.0,125,0.05,constant,POT80-Shift,Raw,-3.063812411373982e-05,1.3411366698324768e-06,-3.326675198661148e-05,-2.8009496240868166e-05,0.888
ar,normal,0.0,125,0.05,constant,POT80-Shift,Shift-CP,-6.3914668260555944e-06,1.172036895237124e-06,-8.688659140720357e-06,-4.0942745113908315e-06,0.564
ar,normal,0.0,125,0.05,constant,POT90-Shift,Raw,-2.424665728768423e-05,1.7276995792643082e-06,-2.7632948463042272e-05,-2.0860366112326186e-05,0.812
ar,normal,0.0,125,0.05,constant,POT90-Shift,Shift-CP,0.0,0.0,0.0,0.0,0.0
ar,normal,0.0,125,0.05,constant,Raw,Raw,0.0,0.0,0.0,0.0,0.0
ar,normal,0.0,125,0.05,constant,Raw,Shift-CP,2.424665728768423e-05,1.7276995792643082e-06,2.0860366112326186e-05,2.7632948463042272e-05,0.188
ar,normal,0.0,125,0.05,constant,Shift-CP,Raw,-2.424665728768423e-05,1.7276995792643082e-06,-2.7632948463042272e-05,-2.0860366112326186e-05,0.812
ar,normal,0.0,125,0.05,constant,Shift-CP,Shift-CP,0.0,0.0,0.0,0.0,0.0
ar,normal,0.0,125,0.05,constant,Shift-ERM,Raw,-2.665962995571383e-05,1.5870749185152301e-06,-2.9770296796003682e-05,-2.354896311542398e-05,0.832
ar,normal,0.0,125,0.05,constant,Shift-ERM,Shift-CP,-2.4129726680296017e-06,1.1299302483670514e-06,-4.627635954829022e-06,-1.983093812301811e-07,0.506
ar,normal,0.0,125,0.05,none,POT80-Shift,Raw,2.1585602446560277e-05,1.3411366698324766e-06,1.8956974573688622e-05,2.421423031943193e-05,0.0
ar,normal,0.0,125,0.05,none,POT80-Shift,Shift-CP,-6.3914668260555944e-06,1.172036895237124e-06,-8.688659140720357e-06,-4.0942745113908315e-06,0.564
ar,normal,0.0,125,0.05,none,POT90-Shift,Raw,2.7977069272615876e-05,1.727699579264308e-06,2.4590778097257832e-05,3.136336044797392e-05,0.0
ar,normal,0.0,125,0.05,none,POT90-Shift,Shift-CP,0.0,0.0,0.0,0.0,0.0
ar,normal,0.0,125,0.05,none,Raw,Raw,0.0,0.0,0.0,0.0,0.0
ar,normal,0.0,125,0.05,none,Raw,Shift-CP,-2.7977069272615876e-05,1.727699579264308e-06,-3.136336044797392e-05,-2.4590778097257832e-05,1.0
ar,normal,0.0,125,0.05,none,Shift-CP,Raw,2.7977069272615876e-05,1.727699579264308e-06,2.4590778097257832e-05,3.136336044797392e-05,0.0
ar,normal,0.0,125,0.05,none,Shift-CP,Shift-CP,0.0,0.0,0.0,0.0,0.0
ar,normal,0.0,125,0.05,none,Shift-ERM,Raw,2.556409660458627e-05,1.5870749185152297e-06,2.245342976429642e-05,2.867476344487612e-05,0.0
ar,normal,0.0,125,0.05,none,Shift-ERM,Shift-CP,-2.4129726680296017e-06,1.1299302483670514e-06,-4.627635954829022e-06,-1.983093812301811e-07,0.506
ar,normal,0.0,250,0.01,constant,POT80-Shift,Raw,-6.727476647257399e-06,5.049825389937036e-07,-7.717242423685058e-06,-5.73771087082974e-06,0.826
ar,normal,0.0,250,0.01,constant,POT80-Shift,Shift-CP,-8.1179918168134e-06,8.917562846392774e-07,-9.865834134706383e-06,-6.3701494989204165e-06,0.658
ar,normal,0.0,250,0.01,constant,POT90-Shift,Raw,-6.706316107579798e-06,5.117522145639436e-07,-7.709350448125128e-06,-5.703281767034468e-06,0.83
ar,normal,0.0,250,0.01,constant,POT90-Shift,Shift-CP,-8.096831277135797e-06,8.987368553100338e-07,-9.858355513543462e-06,-6.335307040728131e-06,0.644
ar,normal,0.0,250,0.01,constant,Raw,Raw,0.0,0.0,0.0,0.0,0.0
ar,normal,0.0,250,0.01,constant,Raw,Shift-CP,-1.3905151695560002e-06,8.718319529138835e-07,-3.0993057972672117e-06,3.1827545815521127e-07,0.372
ar,normal,0.0,250,0.01,constant,Shift-CP,Raw,1.3905151695560002e-06,8.718319529138835e-07,-3.1827545815521127e-07,3.0993057972672117e-06,0.628
ar,normal,0.0,250,0.01,constant,Shift-CP,Shift-CP,0.0,0.0,0.0,0.0,0.0
ar,normal,0.0,250,0.01,constant,Shift-ERM,Raw,-3.354163328960199e-06,6.914245120041913e-07,-4.709355372488414e-06,-1.998971285431984e-06,0.732
ar,normal,0.0,250,0.01,constant,Shift-ERM,Shift-CP,-4.744678498516199e-06,8.688556011223316e-07,-6.447635476715969e-06,-3.041721520316429e-06,0.614
ar,normal,0.0,250,0.01,none,POT80-Shift,Raw,7.622396106742619e-06,5.049825389937036e-07,6.63263033031496e-06,8.612161883170278e-06,0.0
ar,normal,0.0,250,0.01,none,POT80-Shift,Shift-CP,-8.1179918168134e-06,8.917562846392774e-07,-9.865834134706383e-06,-6.3701494989204165e-06,0.658
ar,normal,0.0,250,0.01,none,POT90-Shift,Raw,7.643556646420221e-06,5.117522145639436e-07,6.640522305874892e-06,8.64659098696555e-06,0.0
ar,normal,0.0,250,0.01,none,POT90-Shift,Shift-CP,-8.096831277135797e-06,8.987368553100338e-07,-9.858355513543462e-06,-6.335307040728131e-06,0.644
ar,normal,0.0,250,0.01,none,Raw,Raw,0.0,0.0,0.0,0.0,0.0
ar,normal,0.0,250,0.01,none,Raw,Shift-CP,-1.5740387923556018e-05,8.718319529138835e-07,-1.7449178551267228e-05,-1.4031597295844807e-05,1.0
ar,normal,0.0,250,0.01,none,Shift-CP,Raw,1.5740387923556018e-05,8.718319529138835e-07,1.4031597295844807e-05,1.7449178551267228e-05,0.0
ar,normal,0.0,250,0.01,none,Shift-CP,Shift-CP,0.0,0.0,0.0,0.0,0.0
ar,normal,0.0,250,0.01,none,Shift-ERM,Raw,1.0995709425039818e-05,6.914245120041913e-07,9.640517381511603e-06,1.2350901468568033e-05,0.0
ar,normal,0.0,250,0.01,none,Shift-ERM,Shift-CP,-4.744678498516199e-06,8.688556011223316e-07,-6.447635476715969e-06,-3.041721520316429e-06,0.614
ar,normal,0.0,250,0.05,constant,POT80-Shift,Raw,-4.122168099946663e-05,6.777389687710518e-07,-4.255004937825789e-05,-3.9893312620675365e-05,0.972
ar,normal,0.0,250,0.05,constant,POT80-Shift,Shift-CP,-3.8296938394865986e-06,6.086151799415459e-07,-5.022579592172029e-06,-2.6368080868011684e-06,0.616
ar,normal,0.0,250,0.05,constant,POT90-Shift,Raw,-3.9548099901887627e-05,8.732767918534357e-07,-4.1259722413920364e-05,-3.783647738985489e-05,0.96
ar,normal,0.0,250,0.05,constant,POT90-Shift,Shift-CP,-2.156112741907603e-06,6.782847633364358e-07,-3.485550878047017e-06,-8.266746057681887e-07,0.58
ar,normal,0.0,250,0.05,constant,Raw,Raw,0.0,0.0,0.0,0.0,0.0
ar,normal,0.0,250,0.05,constant,Raw,Shift-CP,3.739198715998002e-05,8.661321826535166e-07,3.569436808197913e-05,3.9089606237980916e-05,0.052
ar,normal,0.0,250,0.05,constant,Shift-CP,Raw,-3.739198715998002e-05,8.661321826535166e-07,-3.9089606237980916e-05,-3.569436808197913e-05,0.948
ar,normal,0.0,250,0.05,constant,Shift-CP,Shift-CP,0.0,0.0,0.0,0.0,0.0
ar,normal,0.0,250,0.05,constant,Shift-ERM,Raw,-3.9222091584605234e-05,8.168593931427536e-07,-4.082313599516503e-05,-3.7621047174045436e-05,0.958
ar,normal,0.0,250,0.05,constant,Shift-ERM,Shift-CP,-1.8301044246252069e-06,5.239733964212501e-07,-2.857092281610857e-06,-8.031165676395567e-07,0.548
ar,normal,0.0,250,0.05,none,POT80-Shift,Raw,1.100204556083348e-05,6.777389687710515e-07,9.67367718204222e-06,1.233041393962474e-05,0.0
ar,normal,0.0,250,0.05,none,POT80-Shift,Shift-CP,-3.8296938394865986e-06,6.086151799415459e-07,-5.022579592172029e-06,-2.6368080868011684e-06,0.616
ar,normal,0.0,250,0.05,none,POT90-Shift,Raw,1.2675626658412473e-05,8.732767918534357e-07,1.096400414637974e-05,1.4387249170445207e-05,0.0
ar,normal,0.0,250,0.05,none,POT90-Shift,Shift-CP,-2.156112741907603e-06,6.782847633364358e-07,-3.485550878047017e-06,-8.266746057681887e-07,0.58
ar,normal,0.0,250,0.05,none,Raw,Raw,0.0,0.0,0.0,0.0,0.0
ar,normal,0.0,250,0.05,none,Raw,Shift-CP,-1.4831739400320076e-05,8.661321826535169e-07,-1.652935847832097e-05,-1.3134120322319182e-05,1.0
ar,normal,0.0,250,0.05,none,Shift-CP,Raw,1.4831739400320076e-05,8.661321826535169e-07,1.3134120322319182e-05,1.652935847832097e-05,0.0
ar,normal,0.0,250,0.05,none,Shift-CP,Shift-CP,0.0,0.0,0.0,0.0,0.0
ar,normal,0.0,250,0.05,none,Shift-ERM,Raw,1.300163497569487e-05,8.168593931427536e-07,1.1400590565135073e-05,1.4602679386254668e-05,0.0
ar,normal,0.0,250,0.05,none,Shift-ERM,Shift-CP,-1.8301044246252069e-06,5.239733964212501e-07,-2.857092281610857e-06,-8.031165676395567e-07,0.548
ar,normal,0.0,500,0.01,constant,POT80-Shift,Raw,-1.0797131217642399e-05,2.2287614433250867e-07,-1.1233968460534116e-05,-1.0360293974750681e-05,0.956
ar,normal,0.0,500,0.01,constant,POT80-Shift,Shift-CP,-2.0581200470744002e-06,2.729176597843887e-07,-2.593038660251802e-06,-1.5232014338969985e-06,0.584
ar,normal,0.0,500,0.01,constant,POT90-Shift,Raw,-1.07537570062002e-05,2.3374448979974975e-07,-1.1211896206207709e-05,-1.029561780619269e-05,0.958
ar,normal,0.0,500,0.01,constant,POT90-Shift,Shift-CP,-2.0147458356322007e-06,2.635785383012907e-07,-2.5313597707027303e-06,-1.498131900561671e-06,0.6
ar,normal,0.0,500,0.01,constant,Raw,Raw,0.0,0.0,0.0,0.0,0.0
ar,normal,0.0,500,0.01,constant,Raw,Shift-CP,8.739011170568e-06,2.993521213179584e-07,8.152281012784801e-06,9.325741328351197e-06,0.116
ar,normal,0.0,500,0.01,constant,Shift-CP,Raw,-8.739011170568e-06,2.993521213179584e-07,-9.325741328351197e-06,-8.152281012784801e-06,0.884
ar,normal,0.0,500,0.01,constant,Shift-CP,Shift-CP,0.0,0.0,0.0,0.0,0.0
ar,normal,0.0,500,0.01,constant,Shift-ERM,Raw,-8.733296864513199e-06,3.5488725361997535e-07,-9.42887588160835e-06,-8.037717847418048e-06,0.882
ar,normal,0.0,500,0.01,constant,Shift-ERM,Shift-CP,5.7143060547986715e-09,2.871775942058579e-07,-5.571537785886828e-07,5.685823906982802e-07,0.512
ar,normal,0.0,500,0.01,none,POT80-Shift,Raw,3.5527415363576196e-06,2.2287614433250862e-07,3.1159042934659027e-06,3.989578779249337e-06,0.0
ar,normal,0.0,500,0.01,none,POT80-Shift,Shift-CP,-2.0581200470744002e-06,2.729176597843887e-07,-2.593038660251802e-06,-1.5232014338969985e-06,0.584
ar,normal,0.0,500,0.01,none,POT90-Shift,Raw,3.5961157477998196e-06,2.3374448979974977e-07,3.13797654779231e-06,4.054254947807329e-06,0.0
ar,normal,0.0,500,0.01,none,POT90-Shift,Shift-CP,-2.0147458356322007e-06,2.635785383012907e-07,-2.5313597707027303e-06,-1.498131900561671e-06,0.6
ar,normal,0.0,500,0.01,none,Raw,Raw,0.0,0.0,0.0,0.0,0.0
ar,normal,0.0,500,0.01,none,Raw,Shift-CP,-5.61086158343202e-06,2.9935212131795844e-07,-6.1975917412152185e-06,-5.024131425648821e-06,1.0
ar,normal,0.0,500,0.01,none,Shift-CP,Raw,5.61086158343202e-06,2.9935212131795844e-07,5.024131425648821e-06,6.1975917412152185e-06,0.0
ar,normal,0.0,500,0.01,none,Shift-CP,Shift-CP,0.0,0.0,0.0,0.0,0.0
ar,normal,0.0,500,0.01,none,Shift-ERM,Raw,5.6165758894868185e-06,3.5488725361997535e-07,4.920996872391667e-06,6.31215490658197e-06,0.0
ar,normal,0.0,500,0.01,none,Shift-ERM,Shift-CP,5.7143060547986715e-09,2.871775942058579e-07,-5.571537785886828e-07,5.685823906982802e-07,0.512
ar,normal,0.0,500,0.05,constant,POT80-Shift,Raw,-4.690653013100562e-05,3.1084590450377806e-07,-4.751578810383303e-05,-4.629727215817822e-05,1.0
ar,normal,0.0,500,0.05,constant,POT80-Shift,Shift-CP,-1.496891423100002e-06,2.417896248895268e-07,-1.9707990878834744e-06,-1.0229837583165294e-06,0.592
ar,normal,0.0,500,0.05,constant,POT90-Shift,Raw,-4.667026722718962e-05,3.1607095848513667e-07,-4.728976630582049e-05,-4.605076814855875e-05,1.0
ar,normal,0.0,500,0.05,constant,POT90-Shift,Shift-CP,-1.2606285192840017e-06,2.4245796743587675e-07,-1.7358461354583201e-06,-7.854109031096833e-07,0.572
ar,normal,0.0,500,0.05,constant,Raw,Raw,0.0,0.0,0.0,0.0,0.0
ar,normal,0.0,500,0.05,constant,Raw,Shift-CP,4.540963870790563e-05,3.7639697019442734e-07,4.467190064632455e-05,4.614737676948671e-05,0.0
ar,normal,0.0,500,0.05,constant,Shift-CP,Raw,-4.540963870790563e-05,3.7639697019442734e-07,-4.614737676948671e-05,-4.467190064632455e-05,1.0
ar,normal,0.0,500,0.05,constant,Shift-CP,Shift-CP,0.0,0.0,0.0,0.0,0.0
ar,normal,0.0,500,0.05,constant,Shift-ERM,Raw,-4.555577091944103e-05,4.0029398585923324e-07,-4.6340347131725125e-05,-4.4771194707156934e-05,0.996
ar,normal,0.0,500,0.05,constant,Shift-ERM,Shift-CP,-1.4613221153540095e-07,1.659460028951267e-07,-4.713863772098492e-07,1.7912195413904734e-07,0.522
ar,normal,0.0,500,0.05,none,POT80-Shift,Raw,5.3171964292944746e-06,3.1084590450377827e-07,4.707938456467069e-06,5.92645440212188e-06,0.0
ar,normal,0.0,500,0.05,none,POT80-Shift,Shift-CP,-1.496891423100002e-06,2.417896248895268e-07,-1.9707990878834744e-06,-1.0229837583165294e-06,0.592
ar,normal,0.0,500,0.05,none,POT90-Shift,Raw,5.553459333110475e-06,3.160709584851368e-07,4.933960254479607e-06,6.172958411741344e-06,0.0
ar,normal,0.0,500,0.05,none,POT90-Shift,Shift-CP,-1.2606285192840017e-06,2.4245796743587675e-07,-1.7358461354583201e-06,-7.854109031096833e-07,0.572
ar,normal,0.0,500,0.05,none,Raw,Raw,0.0,0.0,0.0,0.0,0.0
ar,normal,0.0,500,0.05,none,Raw,Shift-CP,-6.814087852394477e-06,3.7639697019442734e-07,-7.551825913975555e-06,-6.076349790813399e-06,1.0
ar,normal,0.0,500,0.05,none,Shift-CP,Raw,6.814087852394477e-06,3.7639697019442734e-07,6.076349790813399e-06,7.551825913975555e-06,0.0
ar,normal,0.0,500,0.05,none,Shift-CP,Shift-CP,0.0,0.0,0.0,0.0,0.0
ar,normal,0.0,500,0.05,none,Shift-ERM,Raw,6.667955640859076e-06,4.002939858592332e-07,5.8833794285749784e-06,7.452531853143173e-06,0.0
ar,normal,0.0,500,0.05,none,Shift-ERM,Shift-CP,-1.4613221153540095e-07,1.659460028951267e-07,-4.713863772098492e-07,1.7912195413904734e-07,0.522
ar,normal,0.0,1000,0.01,constant,POT80-Shift,Raw,-1.2567332221081598e-05,1.019969534989077e-07,-1.2767246249939458e-05,-1.2367418192223738e-05,1.0
ar,normal,0.0,1000,0.01,constant,POT80-Shift,Shift-CP,-8.547894150615975e-07,1.406221374962422e-07,-1.1304088045542323e-06,-5.791700255689628e-07,0.57
ar,normal,0.0,1000,0.01,constant,POT90-Shift,Raw,-1.2568008306384e-05,1.0557864001348446e-07,-1.277494244081043e-05,-1.236107417195757e-05,1.0
ar,normal,0.0,1000,0.01,constant,POT90-Shift,Shift-CP,-8.554655003639994e-07,1.2425385861900716e-07,-1.0990030632572534e-06,-6.119279374707454e-07,0.572
ar,normal,0.0,1000,0.01,constant,Raw,Raw,0.0,0.0,0.0,0.0,0.0
ar,normal,0.0,1000,0.01,constant,Raw,Shift-CP,1.171254280602e-05,1.6320412500008707e-07,1.139266272101983e-05,1.203242289102017e-05,0.022
ar,normal,0.0,1000,0.01,constant,Shift-CP,Raw,-1.171254280602e-05,1.6320412500008707e-07,-1.203242289102017e-05,-1.139266272101983e-05,0.978
ar,normal,0.0,1000,0.01,constant,Shift-CP,Shift-CP,0.0,0.0,0.0,0.0,0.0
ar,normal,0.0,1000,0.01,constant,Shift-ERM,Raw,-1.1699878996788797e-05,1.7104033824501085e-07,-1.2035118059749018e-05,-1.1364639933828576e-05,0.966
ar,normal,0.0,1000,0.01,constant,Shift-ERM,Shift-CP,1.2663809231202118e-08,1.0537433788513275e-07,-1.9386989302365806e-07,2.1919751148606231e-07,0.492
ar,normal,0.0,1000,0.01,none,POT80-Shift,Raw,1.78254053291842e-06,1.0199695349890767e-07,1.582626504060561e-06,1.982454561776279e-06,0.0
ar,normal,0.0,1000,0.01,none,POT80-Shift,Shift-CP,-8.547894150615975e-07,1.406221374962422e-07,-1.1304088045542323e-06,-5.791700255689628e-07,0.57
ar,normal,0.0,1000,0.01,none,POT90-Shift,Raw,1.781864447616018e-06,1.0557864001348447e-07,1.5749303131895885e-06,1.9887985820424474e-06,0.0
ar,normal,0.0,1000,0.01,none,POT90-Shift,Shift-CP,-8.554655003639994e-07,1.2425385861900716e-07,-1.0990030632572534e-06,-6.119279374707454e-07,0.572
ar,normal,0.0,1000,0.01,none,Raw,Raw,0.0,0.0,0.0,0.0,0.0
ar,normal,0.0,1000,0.01,none,Raw,Shift-CP,-2.637329947980017e-06,1.6320412500008705e-07,-2.9572100329801876e-06,-2.3174498629798467e-06,1.0
ar,normal,0.0,1000,0.01,none,Shift-CP,Raw,2.637329947980017e-06,1.6320412500008705e-07,2.3174498629798467e-06,2.9572100329801876e-06,0.0
ar,normal,0.0,1000,0.01,none,Shift-CP,Shift-CP,0.0,0.0,0.0,0.0,0.0
ar,normal,0.0,1000,0.01,none,Shift-ERM,Raw,2.6499937572112197e-06,1.7104033824501088e-07,2.3147546942509983e-06,2.985232820171441e-06,0.0
ar,normal,0.0,1000,0.01,none,Shift-ERM,Shift-CP,1.2663809231202118e-08,1.0537433788513275e-07,-1.9386989302365806e-07,2.1919751148606231e-07,0.492
ar,normal,0.0,1000,0.05,constant,POT80-Shift,Raw,-4.9608980617462025e-05,1.599708841468643e-07,-4.992252355038988e-05,-4.929543768453417e-05,1.0
ar,normal,0.0,1000,0.05,constant,POT80-Shift,Shift-CP,-1.0962485659308033e-06,1.4683304587512557e-07,-1.3840413358460495e-06,-8.084557960155572e-07,0.6
ar,normal,0.0,1000,0.05,constant,POT90-Shift,Raw,-4.9402947674402025e-05,1.6908419485315233e-07,-4.9734352696314207e-05,-4.907154265248984e-05,1.0
ar,normal,0.0,1000,0.05,constant,POT90-Shift,Shift-CP,-8.902156228708033e-07,1.365908975380531e-07,-1.1579337820453873e-06,-6.224974636962193e-07,0.608
ar,normal,0.0,1000,0.05,constant,Raw,Raw,0.0,0.0,0.0,0.0,0.0
ar,normal,0.0,1000,0.05,constant,Raw,Shift-CP,4.851273205153122e-05,2.280945060170479e-07,4.806566681973781e-05,4.895979728332464e-05,0.0
ar,normal,0.0,1000,0.05,constant,Shift-CP,Raw,-4.851273205153122e-05,2.280945060170479e-07,-4.895979728332464e-05,-4.806566681973781e-05,1.0
ar,normal,0.0,1000,0.05,constant,Shift-CP,Shift-CP,0.0,0.0,0.0,0.0,0.0
ar,normal,0.0,1000,0.05,constant,Shift-ERM,Raw,-4.860837020006323e-05,2.2872442118797368e-07,-4.905667006559166e-05,-4.81600703345348e-05,1.0
ar,normal,0.0,1000,0.05,constant,Shift-ERM,Shift-CP,-9.563814853200646e-08,6.003489767875653e-08,-2.1330654798236924e-07,2.2030250918356337e-08,0.546
ar,normal,0.0,1000,0.05,none,POT80-Shift,Raw,2.614745942838077e-06,1.5997088414686424e-07,2.301203009910223e-06,2.9282888757659308e-06,0.0
ar,normal,0.0,1000,0.05,none,POT80-Shift,Shift-CP,-1.0962485659308033e-06,1.4683304587512557e-07,-1.3840413358460495e-06,-8.084557960155572e-07,0.6
ar,normal,0.0,1000,0.05,none,POT90-Shift,Raw,2.820778885898077e-06,1.6908419485315228e-07,2.4893738639858985e-06,3.1521839078102554e-06,0.0
ar,normal,0.0,1000,0.05,none,POT90-Shift,Shift-CP,-8.902156228708033e-07,1.365908975380531e-07,-1.1579337820453873e-06,-6.224974636962193e-07,0.608
ar,normal,0.0,1000,0.05,none,Raw,Raw,0.0,0.0,0.0,0.0,0.0
ar,normal,0.0,1000,0.05,none,Raw,Shift-CP,-3.7109945087688803e-06,2.280945060170479e-07,-4.1580597405622945e-06,-3.2639292769754665e-06,1.0
ar,normal,0.0,1000,0.05,none,Shift-CP,Raw,3.7109945087688803e-06,2.280945060170479e-07,3.2639292769754665e-06,4.1580597405622945e-06,0.0
ar,normal,0.0,1000,0.05,none,Shift-CP,Shift-CP,0.0,0.0,0.0,0.0,0.0
ar,normal,0.0,1000,0.05,none,Shift-ERM,Raw,3.615356360236874e-06,2.2872442118797363e-07,3.1670564947084457e-06,4.063656225765302e-06,0.0
ar,normal,0.0,1000,0.05,none,Shift-ERM,Shift-CP,-9.563814853200646e-08,6.003489767875653e-08,-2.1330654798236924e-07,2.2030250918356337e-08,0.546
ar,normal,0.5,125,0.01,constant,POT80-Shift,Raw,1.1277773337323e-05,1.7773661229421347e-06,7.794135736356417e-06,1.4761410938289585e-05,0.55
ar,normal,0.5,125,0.01,constant,POT80-Shift,Shift-CP,-4.900755870233601e-06,1.7448706771570944e-06,-8.320702397461505e-06,-1.4808093430056959e-06,0.54
ar,normal,0.5,125,0.01,constant,POT90-Shift,Raw,1.61785292075566e-05,1.668405715634833e-06,1.2908454004912328e-05,1.9448604410200875e-05,0.48
ar,normal,0.5,125,0.01,constant,POT90-Shift,Shift-CP,0.0,0.0,0.0,0.0,0.0
ar,normal,0.5,125,0.01,constant,Raw,Raw,0.0,0.0,0.0,0.0,0.0
ar,normal,0.5,125,0.01,constant,Raw,Shift-CP,-1.61785292075566e-05,1.668405715634833e-06,-1.9448604410200875e-05,-1.2908454004912328e-05,0.52
ar,normal,0.5,125,0.01,constant,Shift-CP,Raw,1.61785292075566e-05,1.668405715634833e-06,1.2908454004912328e-05,1.9448604410200875e-05,0.48
ar,normal,0.5,125,0.01,constant,Shift-CP,Shift-CP,0.0,0.0,0.0,0.0,0.0
ar,normal,0.5,125,0.01,constant,Shift-ERM,Raw,1.6102259755914402e-05,2.0713542472553837e-06,1.2042405431293851e-05,2.0162114080534954e-05,0.514
ar,normal,0.5,125,0.01,constant,Shift-ERM,Shift-CP,-7.626945164220021e-08,2.0925795923083837e-06,-4.177725452566632e-06,4.0251865492822325e-06,0.528
ar,normal,0.5,125,0.01,none,POT80-Shift,Raw,2.5627646091323014e-05,1.7773661229421347e-06,2.214400849035643e-05,2.9111283692289596e-05,0.0
ar,normal,0.5,125,0.01,none,POT80-Shift,Shift-CP,-4.900755870233601e-06,1.7448706771570944e-06,-8.320702397461505e-06,-1.4808093430056959e-06,0.54
ar,normal,0.5,125,0.01,none,POT90-Shift,Raw,3.052840196155662e-05,1.6684057156348333e-06,2.7258326758912346e-05,3.379847716420089e-05,0.0
ar,normal,0.5,125,0.01,none,POT90-Shift,Shift-CP,0.0,0.0,0.0,0.0,0.0
ar,normal,0.5,125,0.01,none,Raw,Raw,0.0,0.0,0.0,0.0,0.0
ar,normal,0.5,125,0.01,none,Raw,Shift-CP,-3.052840196155662e-05,1.6684057156348333e-06,-3.379847716420089e-05,-2.7258326758912346e-05,1.0
ar,normal,0.5,125,0.01,none,Shift-CP,Raw,3.052840196155662e-05,1.6684057156348333e-06,2.7258326758912346e-05,3.379847716420089e-05,0.0
ar,normal,0.5,125,0.01,none,Shift-CP,Shift-CP,0.0,0.0,0.0,0.0,0.0
ar,normal,0.5,125,0.01,none,Shift-ERM,Raw,3.0452132509914417e-05,2.0713542472553837e-06,2.6392278185293866e-05,3.451198683453497e-05,0.0
ar,normal,0.5,125,0.01,none,Shift-ERM,Shift-CP,-7.626945164220021e-08,2.0925795923083837e-06,-4.177725452566632e-06,4.0251865492822325e-06,0.528
ar,normal,0.5,125,0.05,constant,POT80-Shift,Raw,-1.6192633276919023e-05,2.2857995073386393e-06,-2.0672800311302758e-05,-1.171246624253529e-05,0.774
ar,normal,0.5,125,0.05,constant,POT80-Shift,Shift-CP,-3.0623236809818e-06,1.4303162845098896e-06,-5.865743598621184e-06,-2.589037633424164e-07,0.566
ar,normal,0.5,125,0.05,constant,POT90-Shift,Raw,-1.3130309595937223e-05,2.447729142285854e-06,-1.7927858714817498e-05,-8.332760477056948e-06,0.754
ar,normal,0.5,125,0.05,constant,POT90-Shift,Shift-CP,0.0,0.0,0.0,0.0,0.0
ar,normal,0.5,125,0.05,constant,Raw,Raw,0.0,0.0,0.0,0.0,0.0
ar,normal,0.5,125,0.05,constant,Raw,Shift-CP,1.3130309595937223e-05,2.447729142285854e-06,8.332760477056948e-06,1.7927858714817498e-05,0.246
ar,normal,0.5,125,0.05,constant,Shift-CP,Raw,-1.3130309595937223e-05,2.447729142285854e-06,-1.7927858714817498e-05,-8.332760477056948e-06,0.754
ar,normal,0.5,125,0.05,constant,Shift-CP,Shift-CP,0.0,0.0,0.0,0.0,0.0
ar,normal,0.5,125,0.05,constant,Shift-ERM,Raw,-1.1365313826829228e-05,2.76709612995186e-06,-1.678882224153487e-05,-5.941805412123582e-06,0.754
ar,normal,0.5,125,0.05,constant,Shift-ERM,Shift-CP,1.764995769107994e-06,1.6017452244162307e-06,-1.374424870747818e-06,4.904416408963806e-06,0.484
ar,normal,0.5,125,0.05,none,POT80-Shift,Raw,3.603109328338108e-05,2.285799507338639e-06,3.155092624899735e-05,4.0511260317764813e-05,0.0
ar,normal,0.5,125,0.05,none,POT80-Shift,Shift-CP,-3.0623236809818e-06,1.4303162845098896e-06,-5.865743598621184e-06,-2.589037633424164e-07,0.566
ar,normal,0.5,125,0.05,none,POT90-Shift,Raw,3.909341696436287e-05,2.447729142285854e-06,3.42958678454826e-05,4.389096608324314e-05,0.0
ar,normal,0.5,125,0.05,none,POT90-Shift,Shift-CP,0.0,0.0,0.0,0.0,0.0
ar,normal,0.5,125,0.05,none,Raw,Raw,0.0,0.0,0.0,0.0,0.0
ar,normal,0.5,125,0.05,none,Raw,Shift-CP,-3.909341696436287e-05,2.447729142285854e-06,-4.389096608324314e-05,-3.42958678454826e-05,1.0
ar,normal,0.5,125,0.05,none,Shift-CP,Raw,3.909341696436287e-05,2.447729142285854e-06,3.42958678454826e-05,4.389096608324314e-05,0.0
ar,normal,0.5,125,0.05,none,Shift-CP,Shift-CP,0.0,0.0,0.0,0.0,0.0
ar,normal,0.5,125,0.05,none,Shift-ERM,Raw,4.085841273347087e-05,2.76709612995186e-06,3.543490431876522e-05,4.6281921148176514e-05,0.0
ar,normal,0.5,125,0.05,none,Shift-ERM,Shift-CP,1.764995769107994e-06,1.6017452244162307e-06,-1.374424870747818e-06,4.904416408963806e-06,0.484
ar,normal,0.5,250,0.01,constant,POT80-Shift,Raw,-2.1939394442051986e-06,9.034327790897027e-07,-3.964667691221016e-06,-4.232111971893814e-07,0.744
ar,normal,0.5,250,0.01,constant,POT80-Shift,Shift-CP,-5.6238240619345986e-06,9.981759287044394e-07,-7.5802488821952995e-06,-3.6673992416738976e-06,0.592
ar,normal,0.5,250,0.01,constant,POT90-Shift,Raw,-2.1169989283267994e-06,8.859107409916616e-07,-3.853383980670456e-06,-3.8061387598314293e-07,0.744
ar,normal,0.5,250,0.01,constant,POT90-Shift,Shift-CP,-5.546883546056199e-06,1.0007517280560092e-06,-7.508356933045977e-06,-3.5854101590664215e-06,0.594
ar,normal,0.5,250,0.01,constant,Raw,Raw,0.0,0.0,0.0,0.0,0.0
ar,normal,0.5,250,0.01,constant,Raw,Shift-CP,-3.4298846177294e-06,9.960725270846225e-07,-5.38218677081526e-06,-1.47758246464354e-06,0.388
ar,normal,0.5,250,0.01,constant,Shift-CP,Raw,3.4298846177294e-06,9.960725270846225e-07,1.47758246464354e-06,5.38218677081526e-06,0.612
ar,normal,0.5,250,0.01,constant,Shift-CP,Shift-CP,0.0,0.0,0.0,0.0,0.0
ar,normal,0.5,250,0.01,constant,Shift-ERM,Raw,1.319416873648019e-07,9.982883098230876e-07,-1.8247033998884497e-06,2.0885867746180536e-06,0.686
ar,normal,0.5,250,0.01,constant,Shift-ERM,Shift-CP,-3.2979429303645976e-06,9.349737584425704e-07,-5.130491496912036e-06,-1.4653943638171595e-06,0.586
ar,normal,0.5,250,0.01,none,POT80-Shift,Raw,1.2155933309794821e-05,9.034327790897027e-07,1.0385205062779004e-05,1.3926661556810638e-05,0.0
ar,normal,0.5,250,0.01,none,POT80-Shift,Shift-CP,-5.6238240619345986e-06,9.981759287044394e-07,-7.5802488821952995e-06,-3.6673992416738976e-06,0.592
ar,normal,0.5,250,0.01,none,POT90-Shift,Raw,1.223287382567322e-05,8.859107409916616e-07,1.0496488773329564e-05,1.3969258878016876e-05,0.0
ar,normal,0.5,250,0.01,none,POT90-Shift,Shift-CP,-5.546883546056199e-06,1.0007517280560092e-06,-7.508356933045977e-06,-3.5854101590664215e-06,0.594
ar,normal,0.5,250,0.01,none,Raw,Raw,0.0,0.0,0.0,0.0,0.0
ar,normal,0.5,250,0.01,none,Raw,Shift-CP,-1.777975737172942e-05,9.960725270846225e-07,-1.973205952481528e-05,-1.582745521864356e-05,1.0
ar,normal,0.5,250,0.01,none,Shift-CP,Raw,1.777975737172942e-05,9.960725270846225e-07,1.582745521864356e-05,1.973205952481528e-05,0.0
ar,normal,0.5,250,0.01,none,Shift-CP,Shift-CP,0.0,0.0,0.0,0.0,0.0
ar,normal,0.5,250,0.01,none,Shift-ERM,Raw,1.4481814441364819e-05,9.982883098230876e-07,1.2525169354111568e-05,1.643845952861807e-05,0.0
ar,normal,0.5,250,0.01,none,Shift-ERM,Shift-CP,-3.2979429303645976e-06,9.349737584425704e-07,-5.130491496912036e-06,-1.4653943638171595e-06,0.586
ar,normal,0.5,250,0.05,constant,POT80-Shift,Raw,-3.3016658527585635e-05,1.1498257608608259e-06,-3.5270317018872856e-05,-3.0763000036298415e-05,0.89
ar,normal,0.5,250,0.05,constant,POT80-Shift,Shift-CP,-2.814754486099604e-06,6.801387755154873e-07,-4.147826486109959e-06,-1.4816824860892488e-06,0.574
ar,normal,0.5,250,0.05,constant,POT90-Shift,Raw,-3.124662927767163e-05,1.2999461586187681e-06,-3.379452374856442e-05,-2.8698734806778845e-05,0.882
ar,normal,0.5,250,0.05,constant,POT90-Shift,Shift-CP,-1.0447252361855982e-06,6.54239265908061e-07,-2.3270341973653975e-06,2.375837249942012e-07,0.522
ar,normal,0.5,250,0.05,constant,Raw,Raw,0.0,0.0,0.0,0.0,0.0
ar,normal,0.5,250,0.05,constant,Raw,Shift-CP,3.0201904041486024e-05,1.3078984184562608e-06,2.7638423141311753e-05,3.2765384941660296e-05,0.14
ar,normal,0.5,250,0.05,constant,Shift-CP,Raw,-3.0201904041486024e-05,1.3078984184562608e-06,-3.2765384941660296e-05,-2.7638423141311753e-05,0.86
ar,normal,0.5,250,0.05,constant,Shift-CP,Shift-CP,0.0,0.0,0.0,0.0,0.0
ar,normal,0.5,250,0.05,constant,Shift-ERM,Raw,-3.033557394475623e-05,1.3582720402083635e-06,-3.2997787143564626e-05,-2.7673360745947838e-05,0.878
ar,normal,0.5,250,0.05,constant,Shift-ERM,Shift-CP,-1.3366990327020158e-07,5.408792810622588e-07,-1.1937932941522287e-06,9.264534876118256e-07,0.504
ar,normal,0.5,250,0.05,none,POT80-Shift,Raw,1.920706803271447e-05,1.1498257608608259e-06,1.6953409541427252e-05,2.1460726524001687e-05,0.0
ar,normal,0.5,250,0.05,none,POT80-Shift,Shift-CP,-2.814754486099604e-06,6.801387755154873e-07,-4.147826486109959e-06,-1.4816824860892488e-06,0.574
ar,normal,0.5,250,0.05,none,POT90-Shift,Raw,2.0977097282628475e-05,1.299946158618768e-06,1.842920281173569e-05,2.352499175352126e-05,0.0
ar,normal,0.5,250,0.05,none,POT90-Shift,Shift-CP,-1.0447252361855982e-06,6.54239265908061e-07,-2.3270341973653975e-06,2.375837249942012e-07,0.522
ar,normal,0.5,250,0.05,none,Raw,Raw,0.0,0.0,0.0,0.0,0.0
ar,normal,0.5,250,0.05,none,Raw,Shift-CP,-2.2021822518814074e-05,1.3078984184562608e-06,-2.4585303418988345e-05,-1.9458341618639802e-05,1.0
ar,normal,0.5,250,0.05,none,Shift-CP,Raw,2.2021822518814074e-05,1.3078984184562608e-06,1.9458341618639802e-05,2.4585303418988345e-05,0.0
ar,normal,0.5,250,0.05,none,Shift-CP,Shift-CP,0.0,0.0,0.0,0.0,0.0
ar,normal,0.5,250,0.05,none,Shift-ERM,Raw,2.1888152615543874e-05,1.3582720402083637e-06,1.9225939416735482e-05,2.4550365814352267e-05,0.0
ar,normal,0.5,250,0.05,none,Shift-ERM,Shift-CP,-1.3366990327020158e-07,5.408792810622588e-07,-1.1937932941522287e-06,9.264534876118256e-07,0.504
ar,normal,0.5,500,0.01,constant,POT80-Shift,Raw,-9.020554144143798e-06,3.797320836711347e-07,-9.764829028139222e-06,-8.276279260148375e-06,0.906
ar,normal,0.5,500,0.01,constant,POT80-Shift,Shift-CP,-1.7109147222143987e-06,3.5965498011418166e-07,-2.4158384832381947e-06,-1.0059909611906027e-06,0.588
ar,normal,0.5,500,0.01,constant,POT90-Shift,Raw,-8.827978939391001e-06,3.972547129947053e-07,-9.606598176860623e-06,-8.04935970192138e-06,0.91
ar,normal,0.5,500,0.01,constant,POT90-Shift,Shift-CP,-1.5183395174616006e-06,3.273549451831425e-07,-2.15995521002056e-06,-8.767238249026412e-07,0.606
ar,normal,0.5,500,0.01,constant,Raw,Raw,0.0,0.0,0.0,0.0,0.0
ar,normal,0.5,500,0.01,constant,Raw,Shift-CP,7.3096394219294e-06,5.276242029751879e-07,6.275495984098032e-06,8.343782859760768e-06,0.152
ar,normal,0.5,500,0.01,constant,Shift-CP,Raw,-7.3096394219294e-06,5.276242029751879e-07,-8.343782859760768e-06,-6.275495984098032e-06,0.848
ar,normal,0.5,500,0.01,constant,Shift-CP,Shift-CP,0.0,0.0,0.0,0.0,0.0
ar,normal,0.5,500,0.01,constant,Shift-ERM,Raw,-6.556297568177999e-06,6.119814031723758e-07,-7.755781118395856e-06,-5.356814017960142e-06,0.838
ar,normal,0.5,500,0.01,constant,Shift-ERM,Shift-CP,7.533418537514014e-07,3.0293743765689004e-07,1.5958447594389692e-07,1.3470992315589059e-06,0.482
ar,normal,0.5,500,0.01,none,POT80-Shift,Raw,5.329318609856221e-06,3.797320836711347e-07,4.585043725860797e-06,6.073593493851645e-06,0.0
ar,normal,0.5,500,0.01,none,POT80-Shift,Shift-CP,-1.7109147222143987e-06,3.5965498011418166e-07,-2.4158384832381947e-06,-1.0059909611906027e-06,0.588
ar,normal,0.5,500,0.01,none,POT90-Shift,Raw,5.521893814609019e-06,3.972547129947053e-07,4.743274577139397e-06,6.300513052078641e-06,0.0
ar,normal,0.5,500,0.01,none,POT90-Shift,Shift-CP,-1.5183395174616006e-06,3.273549451831425e-07,-2.15995521002056e-06,-8.767238249026412e-07,0.606
ar,normal,0.5,500,0.01,none,Raw,Raw,0.0,0.0,0.0,0.0,0.0
ar,normal,0.5,500,0.01,none,Raw,Shift-CP,-7.040233332070619e-06,5.276242029751879e-07,-8.074376769901988e-06,-6.00608989423925e-06,1.0
ar,normal,0.5,500,0.01,none,Shift-CP,Raw,7.040233332070619e-06,5.276242029751879e-07,6.00608989423925e-06,8.074376769901988e-06,0.0
ar,normal,0.5,500,0.01,none,Shift-CP,Shift-CP,0.0,0.0,0.0,0.0,0.0
ar,normal,0.5,500,0.01,none,Shift-ERM,Raw,7.793575185822021e-06,6.119814031723759e-07,6.594091635604164e-06,8.993058736039878e-06,0.0
ar,normal,0.5,500,0.01,none,Shift-ERM,Shift-CP,7.533418537514014e-07,3.0293743765689004e-07,1.5958447594389692e-07,1.3470992315589059e-06,0.482
ar,normal,0.5,500,0.05,constant,POT80-Shift,Raw,-4.227032599620483e-05,6.383134497672877e-07,-4.352142035774872e-05,-4.1019231634660944e-05,0.974
ar,normal,0.5,500,0.05,constant,POT80-Shift,Shift-CP,-1.0941269912228012e-06,3.356414534508244e-07,-1.751984239986417e-06,-4.3626974245918545e-07,0.574
ar,normal,0.5,500,0.05,constant,POT90-Shift,Raw,-4.165699137870603e-05,6.789067278912318e-07,-4.298764856537285e-05,-4.0326334192039215e-05,0.966
ar,normal,0.5,500,0.05,constant,POT90-Shift,Shift-CP,-4.807923737239982e-07,3.109902937750033e-07,-1.0903333495230046e-06,1.287486020750082e-07,0.544
ar,normal,0.5,500,0.05,constant,Raw,Raw,0.0,0.0,0.0,0.0,0.0
ar,normal,0.5,500,0.05,constant,Raw,Shift-CP,4.1176199004982036e-05,7.05868039138692e-07,3.9792697648270196e-05,4.2559700361693875e-05,0.02
ar,normal,0.5,500,0.05,constant,Shift-CP,Raw,-4.1176199004982036e-05,7.05868039138692e-07,-4.2559700361693875e-05,-3.9792697648270196e-05,0.98
ar,normal,0.5,500,0.05,constant,Shift-CP,Shift-CP,0.0,0.0,0.0,0.0,0.0
ar,normal,0.5,500,0.05,constant,Shift-ERM,Raw,-4.082759800550923e-05,7.531765579822266e-07,-4.2303824059154395e-05,-3.935137195186406e-05,0.972
ar,normal,0.5,500,0.05,constant,Shift-ERM,Shift-CP,3.486009994728011e-07,1.9858108194995168e-07,-4.0617921149104194e-08,7.378199200947063e-07,0.472
ar,normal,0.5,500,0.05,none,POT80-Shift,Raw,9.953400564095271e-06,6.383134497672876e-07,8.702306202551388e-06,1.1204494925639154e-05,0.0
ar,normal,0.5,500,0.05,none,POT80-Shift,Shift-CP,-1.0941269912228012e-06,3.356414534508244e-07,-1.751984239986417e-06,-4.3626974245918545e-07,0.574
ar,normal,0.5,500,0.05,none,POT90-Shift,Raw,1.0566735181594075e-05,6.789067278912319e-07,9.23607799492726e-06,1.189739236826089e-05,0.0
ar,normal,0.5,500,0.05,none,POT90-Shift,Shift-CP,-4.807923737239982e-07,3.109902937750033e-07,-1.0903333495230046e-06,1.287486020750082e-07,0.544
ar,normal,0.5,500,0.05,none,Raw,Raw,0.0,0.0,0.0,0.0,0.0
ar,normal,0.5,500,0.05,none,Raw,Shift-CP,-1.1047527555318074e-05,7.058680391386919e-07,-1.243102891202991e-05,-9.664026198606238e-06,1.0
ar,normal,0.5,500,0.05,none,Shift-CP,Raw,1.1047527555318074e-05,7.058680391386919e-07,9.664026198606238e-06,1.243102891202991e-05,0.0
ar,normal,0.5,500,0.05,none,Shift-CP,Shift-CP,0.0,0.0,0.0,0.0,0.0
ar,normal,0.5,500,0.05,none,Shift-ERM,Raw,1.1396128554790876e-05,7.53176557982227e-07,9.91990250114571e-06,1.2872354608436041e-05,0.0
ar,normal,0.5,500,0.05,none,Shift-ERM,Shift-CP,3.486009994728011e-07,1.9858108194995168e-07,-4.0617921149104194e-08,7.378199200947063e-07,0.472
ar,normal,0.5,1000,0.01,constant,POT80-Shift,Raw,-1.17958275608668e-05,1.6356860531898416e-07,-1.211642202729201e-05,-1.147523309444159e-05,0.98
ar,normal,0.5,1000,0.01,constant,POT80-Shift,Shift-CP,-6.387798709542e-07,1.4267688098565515e-07,-9.184265576860841e-07,-3.5913318422231594e-07,0.594
ar,normal,0.5,1000,0.01,constant,POT90-Shift,Raw,-1.1738020753114e-05,1.740251448693181e-07,-1.2079110037057864e-05,-1.1396931469170136e-05,0.978
ar,normal,0.5,1000,0.01,constant,POT90-Shift,Shift-CP,-5.809730632014004e-07,1.336877914985985e-07,-8.430011345386535e-07,-3.1894499186414743e-07,0.574
ar,normal,0.5,1000,0.01,constant,Raw,Raw,0.0,0.0,0.0,0.0,0.0
ar,normal,0.5,1000,0.01,constant,Raw,Shift-CP,1.11570476899126e-05,2.1368796799979316e-07,1.0738219272633006e-05,1.1575876107192194e-05,0.04
ar,normal,0.5,1000,0.01,constant,Shift-CP,Raw,-1.11570476899126e-05,2.1368796799979316e-07,-1.1575876107192194e-05,-1.0738219272633006e-05,0.96
ar,normal,0.5,1000,0.01,constant,Shift-CP,Shift-CP,0.0,0.0,0.0,0.0,0.0
ar,normal,0.5,1000,0.01,constant,Shift-ERM,Raw,-1.0973647652426997e-05,2.252916841406826e-07,-1.1415219353342736e-05,-1.0532075951511258e-05,0.95
ar,normal,0.5,1000,0.01,constant,Shift-ERM,Shift-CP,1.8340003748559982e-07,8.28269317586136e-08,2.1059251238717165e-08,3.457408237324825e-07,0.48
ar,normal,0.5,1000,0.01,none,POT80-Shift,Raw,2.554045193133219e-06,1.6356860531898421e-07,2.2334507267080103e-06,2.874639659558428e-06,0.0
ar,normal,0.5,1000,0.01,none,POT80-Shift,Shift-CP,-6.387798709542e-07,1.4267688098565515e-07,-9.184265576860841e-07,-3.5913318422231594e-07,0.594
ar,normal,0.5,1000,0.01,none,POT90-Shift,Raw,2.611852000886019e-06,1.7402514486931808e-07,2.270762716942156e-06,2.9529412848298826e-06,0.0
ar,normal,0.5,1000,0.01,none,POT90-Shift,Shift-CP,-5.809730632014004e-07,1.336877914985985e-07,-8.430011345386535e-07,-3.1894499186414743e-07,0.574
ar,normal,0.5,1000,0.01,none,Raw,Raw,0.0,0.0,0.0,0.0,0.0
ar,normal,0.5,1000,0.01,none,Raw,Shift-CP,-3.1928250640874193e-06,2.1368796799979313e-07,-3.611653481367014e-06,-2.7739966468078246e-06,1.0
ar,normal,0.5,1000,0.01,none,Shift-CP,Raw,3.1928250640874193e-06,2.1368796799979313e-07,2.7739966468078246e-06,3.611653481367014e-06,0.0
ar,normal,0.5,1000,0.01,none,Shift-CP,Shift-CP,0.0,0.0,0.0,0.0,0.0
ar,normal,0.5,1000,0.01,none,Shift-ERM,Raw,3.3762251015730193e-06,2.252916841406827e-07,2.9346534006572815e-06,3.817796802488758e-06,0.0
ar,normal,0.5,1000,0.01,none,Shift-ERM,Shift-CP,1.8340003748559982e-07,8.28269317586136e-08,2.1059251238717165e-08,3.457408237324825e-07,0.48
ar,normal,0.5,1000,0.05,constant,POT80-Shift,Raw,-4.7626229045855024e-05,3.0439908803933015e-07,-4.822285125841211e-05,-4.702960683329794e-05,0.998
ar,normal,0.5,1000,0.05,constant,POT80-Shift,Shift-CP,-6.500821338503966e-07,1.5352494163478115e-07,-9.509910194545677e-07,-3.491732482462256e-07,0.584
ar,normal,0.5,1000,0.05,constant,POT90-Shift,Raw,-4.741104638432463e-05,3.2542828653858304e-07,-4.8048885825940254e-05,-4.6773206942709e-05,0.998
ar,normal,0.5,1000,0.05,constant,POT90-Shift,Shift-CP,-4.3489947232000026e-07,1.3617201218519033e-07,-7.017966162029732e-07,-1.6800232843702723e-07,0.542
ar,normal,0.5,1000,0.05,constant,Raw,Raw,0.0,0.0,0.0,0.0,0.0
ar,normal,0.5,1000,0.05,constant,Raw,Shift-CP,4.697614691200463e-05,3.387273765853983e-07,4.6312241253897244e-05,4.764005257011201e-05,0.002
ar,normal,0.5,1000,0.05,constant,Shift-CP,Raw,-4.697614691200463e-05,3.387273765853983e-07,-4.764005257011201e-05,-4.6312241253897244e-05,0.998
ar,normal,0.5,1000,0.05,constant,Shift-CP,Shift-CP,0.0,0.0,0.0,0.0,0.0
ar,normal,0.5,1000,0.05,constant,Shift-ERM,Raw,-4.6908014577511634e-05,3.4401006003538763e-07,-4.7582274295180996e-05,-4.623375485984227e-05,0.998
ar,normal,0.5,1000,0.05,constant,Shift-ERM,Shift-CP,6.813233449299693e-08,7.111839714810998e-08,-7.125972391729864e-08,2.075243929032925e-07,0.47
ar,normal,0.5,1000,0.05,none,POT80-Shift,Raw,4.597497514445077e-06,3.0439908803933015e-07,4.0008753018879906e-06,5.194119727002164e-06,0.0
ar,normal,0.5,1000,0.05,none,POT80-Shift,Shift-CP,-6.500821338503966e-07,1.5352494163478115e-07,-9.509910194545677e-07,-3.491732482462256e-07,0.584
ar,normal,0.5,1000,0.05,none,POT90-Shift,Raw,4.812680175975474e-06,3.2542828653858304e-07,4.174840734359851e-06,5.450519617591097e-06,0.0
ar,normal,0.5,1000,0.05,none,POT90-Shift,Shift-CP,-4.3489947232000026e-07,1.3617201218519033e-07,-7.017966162029732e-07,-1.6800232843702723e-07,0.542
ar,normal,0.5,1000,0.05,none,Raw,Raw,0.0,0.0,0.0,0.0,0.0
ar,normal,0.5,1000,0.05,none,Raw,Shift-CP,-5.247579648295474e-06,3.387273765853983e-07,-5.911485306402855e-06,-4.5836739901880935e-06,1.0
ar,normal,0.5,1000,0.05,none,Shift-CP,Raw,5.247579648295474e-06,3.387273765853983e-07,4.5836739901880935e-06,5.911485306402855e-06,0.0
ar,normal,0.5,1000,0.05,none,Shift-CP,Shift-CP,0.0,0.0,0.0,0.0,0.0
ar,normal,0.5,1000,0.05,none,Shift-ERM,Raw,5.315711982788471e-06,3.4401006003538763e-07,4.641452265119111e-06,5.989971700457831e-06,0.0
ar,normal,0.5,1000,0.05,none,Shift-ERM,Shift-CP,6.813233449299693e-08,7.111839714810998e-08,-7.125972391729864e-08,2.075243929032925e-07,0.47
ar,normal,0.8,125,0.01,constant,POT80-Shift,Raw,5.60043048691808e-05,5.087721185612036e-06,4.603237134538121e-05,6.597623839298038e-05,0.376
ar,normal,0.8,125,0.01,constant,POT80-Shift,Shift-CP,2.0127322013021e-05,2.478067637215224e-06,1.527030944407916e-05,2.498433458196284e-05,0.372
ar,normal,0.8,125,0.01,constant,POT90-Shift,Raw,3.5876982856159795e-05,3.5922486348843936e-06,2.8836175531786385e-05,4.2917790180533204e-05,0.422
ar,normal,0.8,125,0.01,constant,POT90-Shift,Shift-CP,0.0,0.0,0.0,0.0,0.0
ar,normal,0.8,125,0.01,constant,Raw,Raw,0.0,0.0,0.0,0.0,0.0
ar,normal,0.8,125,0.01,constant,Raw,Shift-CP,-3.5876982856159795e-05,3.5922486348843936e-06,-4.2917790180533204e-05,-2.8836175531786385e-05,0.578
ar,normal,0.8,125,0.01,constant,Shift-CP,Raw,3.5876982856159795e-05,3.5922486348843936e-06,2.8836175531786385e-05,4.2917790180533204e-05,0.422
ar,normal,0.8,125,0.01,constant,Shift-CP,Shift-CP,0.0,0.0,0.0,0.0,0.0
ar,normal,0.8,125,0.01,constant,Shift-ERM,Raw,6.433510518046242e-05,5.452192506448868e-06,5.364880786782263e-05,7.50214024931022e-05,0.37
ar,normal,0.8,125,0.01,constant,Shift-ERM,Shift-CP,2.84581223243026e-05,3.2163098201739654e-06,2.2154155076761628e-05,3.476208957184357e-05,0.374
ar,normal,0.8,125,0.01,none,POT80-Shift,Raw,7.035417762318084e-05,5.087721185612036e-06,6.0382244099381244e-05,8.032611114698043e-05,0.0
ar,normal,0.8,125,0.01,none,POT80-Shift,Shift-CP,2.0127322013021e-05,2.478067637215224e-06,1.527030944407916e-05,2.498433458196284e-05,0.372
ar,normal,0.8,125,0.01,none,POT90-Shift,Raw,5.022685561015982e-05,3.5922486348843936e-06,4.318604828578641e-05,5.726766293453323e-05,0.0
ar,normal,0.8,125,0.01,none,POT90-Shift,Shift-CP,0.0,0.0,0.0,0.0,0.0
ar,normal,0.8,125,0.01,none,Raw,Raw,0.0,0.0,0.0,0.0,0.0
ar,normal,0.8,125,0.01,none,Raw,Shift-CP,-5.022685561015982e-05,3.5922486348843936e-06,-5.726766293453323e-05,-4.318604828578641e-05,1.0
ar,normal,0.8,125,0.01,none,Shift-CP,Raw,5.022685561015982e-05,3.5922486348843936e-06,4.318604828578641e-05,5.726766293453323e-05,0.0
ar,normal,0.8,125,0.01,none,Shift-CP,Shift-CP,0.0,0.0,0.0,0.0,0.0
ar,normal,0.8,125,0.01,none,Shift-ERM,Raw,7.868497793446241e-05,5.452192506448868e-06,6.799868062182262e-05,8.937127524710219e-05,0.0
ar,normal,0.8,125,0.01,none,Shift-ERM,Shift-CP,2.84581223243026e-05,3.2163098201739654e-06,2.2154155076761628e-05,3.476208957184357e-05,0.374
ar,normal,0.8,125,0.05,constant,POT80-Shift,Raw,4.4406866362453174e-05,6.3341491730127695e-06,3.1991933983348146e-05,5.68217987415582e-05,0.554
ar,normal,0.8,125,0.05,constant,POT80-Shift,Shift-CP,8.682137885756046e-07,2.142250383484119e-06,-3.3305969630532682e-06,5.067024540204478e-06,0.492
ar,normal,0.8,125,0.05,constant,POT90-Shift,Raw,4.353865257387757e-05,6.091888104126639e-06,3.159855188978935e-05,5.547875325796578e-05,0.536
ar,normal,0.8,125,0.05,constant,POT90-Shift,Shift-CP,0.0,0.0,0.0,0.0,0.0
ar,normal,0.8,125,0.05,constant,Raw,Raw,0.0,0.0,0.0,0.0,0.0
ar,normal,0.8,125,0.05,constant,Raw,Shift-CP,-4.353865257387757e-05,6.091888104126639e-06,-5.547875325796578e-05,-3.159855188978935e-05,0.464
ar,normal,0.8,125,0.05,constant,Shift-CP,Raw,4.353865257387757e-05,6.091888104126639e-06,3.159855188978935e-05,5.547875325796578e-05,0.536
ar,normal,0.8,125,0.05,constant,Shift-CP,Shift-CP,0.0,0.0,0.0,0.0,0.0
ar,normal,0.8,125,0.05,constant,Shift-ERM,Raw,5.2922790501699566e-05,7.0758470549815755e-06,3.905413027393568e-05,6.679145072946346e-05,0.522
ar,normal,0.8,125,0.05,constant,Shift-ERM,Shift-CP,9.384137927822e-06,2.6259280829149537e-06,4.23731888530869e-06,1.453095697033531e-05,0.424
ar,normal,0.8,125,0.05,none,POT80-Shift,Raw,9.663059292275328e-05,6.3341491730127695e-06,8.421566054364825e-05,0.00010904552530185831,0.0
ar,normal,0.8,125,0.05,none,POT80-Shift,Shift-CP,8.682137885756046e-07,2.142250383484119e-06,-3.3305969630532682e-06,5.067024540204478e-06,0.492
ar,normal,0.8,125,0.05,none,POT90-Shift,Raw,9.576237913417768e-05,6.091888104126639e-06,8.382227845008947e-05,0.00010770247981826588,0.0
ar,normal,0.8,125,0.05,none,POT90-Shift,Shift-CP,0.0,0.0,0.0,0.0,0.0
ar,normal,0.8,125,0.05,none,Raw,Raw,0.0,0.0,0.0,0.0,0.0
ar,normal,0.8,125,0.05,none,Raw,Shift-CP,-9.576237913417768e-05,6.091888104126639e-06,-0.00010770247981826588,-8.382227845008947e-05,1.0
ar,normal,0.8,125,0.05,none,Shift-CP,Raw,9.576237913417768e-05,6.091888104126639e-06,8.382227845008947e-05,0.00010770247981826588,0.0
ar,normal,0.8,125,0.05,none,Shift-CP,Shift-CP,0.0,0.0,0.0,0.0,0.0
ar,normal,0.8,125,0.05,none,Shift-ERM,Raw,0.00010514651706199967,7.075847054981577e-06,9.127785683423578e-05,0.00011901517728976357,0.0
ar,normal,0.8,125,0.05,none,Shift-ERM,Shift-CP,9.384137927822e-06,2.6259280829149537e-06,4.23731888530869e-06,1.453095697033531e-05,0.424
ar,normal,0.8,250,0.01,constant,POT80-Shift,Raw,1.87902036979256e-05,2.5960023020160664e-06,1.370203918597411e-05,2.387836820987709e-05,0.512
ar,normal,0.8,250,0.01,constant,POT80-Shift,Shift-CP,1.6460023823662013e-06,1.508973797539649e-06,-1.3115862608115107e-06,4.603591025543913e-06,0.49
ar,normal,0.8,250,0.01,constant,POT90-Shift,Raw,1.83413015692532e-05,2.533014652437329e-06,1.3376592850476036e-05,2.3306010288030366e-05,0.518
ar,normal,0.8,250,0.01,constant,POT90-Shift,Shift-CP,1.1971002536938008e-06,1.4018145745360217e-06,-1.5504563123968016e-06,3.944656819784403e-06,0.514
ar,normal,0.8,250,0.01,constant,Raw,Raw,0.0,0.0,0.0,0.0,0.0
ar,normal,0.8,250,0.01,constant,Raw,Shift-CP,-1.71442013155594e-05,2.1757093751922134e-06,-2.1408591690936138e-05,-1.2879810940182664e-05,0.482
ar,normal,0.8,250,0.01,constant,Shift-CP,Raw,1.71442013155594e-05,2.1757093751922134e-06,1.2879810940182664e-05,2.1408591690936138e-05,0.518
ar,normal,0.8,250,0.01,constant,Shift-CP,Shift-CP,0.0,0.0,0.0,0.0,0.0
ar,normal,0.8,250,0.01,constant,Shift-ERM,Raw,2.1463087785683004e-05,2.7867397320619648e-06,1.6001077910841554e-05,2.6925097660524453e-05,0.504
ar,normal,0.8,250,0.01,constant,Shift-ERM,Shift-CP,4.3188864701236004e-06,1.458315948888116e-06,1.460587210302893e-06,7.177185729944308e-06,0.49
ar,normal,0.8,250,0.01,none,POT80-Shift,Raw,3.314007645192562e-05,2.596002302016067e-06,2.8051911939974127e-05,3.822824096387711e-05,0.0
ar,normal,0.8,250,0.01,none,POT80-Shift,Shift-CP,1.6460023823662013e-06,1.508973797539649e-06,-1.3115862608115107e-06,4.603591025543913e-06,0.49
ar,normal,0.8,250,0.01,none,POT90-Shift,Raw,3.2691174323253216e-05,2.533014652437329e-06,2.772646560447605e-05,3.765588304203038e-05,0.0
ar,normal,0.8,250,0.01,none,POT90-Shift,Shift-CP,1.1971002536938008e-06,1.4018145745360217e-06,-1.5504563123968016e-06,3.944656819784403e-06,0.514
ar,normal,0.8,250,0.01,none,Raw,Raw,0.0,0.0,0.0,0.0,0.0
ar,normal,0.8,250,0.01,none,Raw,Shift-CP,-3.149407406955942e-05,2.1757093751922134e-06,-3.5758464444936156e-05,-2.7229683694182682e-05,1.0
ar,normal,0.8,250,0.01,none,Shift-CP,Raw,3.149407406955942e-05,2.1757093751922134e-06,2.7229683694182682e-05,3.5758464444936156e-05,0.0
ar,normal,0.8,250,0.01,none,Shift-CP,Shift-CP,0.0,0.0,0.0,0.0,0.0
ar,normal,0.8,250,0.01,none,Shift-ERM,Raw,3.581296053968302e-05,2.7867397320619648e-06,3.035095066484157e-05,4.127497041452447e-05,0.0
ar,normal,0.8,250,0.01,none,Shift-ERM,Shift-CP,4.3188864701236004e-06,1.458315948888116e-06,1.460587210302893e-06,7.177185729944308e-06,0.49
ar,normal,0.8,250,0.05,constant,POT80-Shift,Raw,-1.4036294601578238e-06,3.2339763683710632e-06,-7.742223142165108e-06,4.9349642218494604e-06,0.686
ar,normal,0.8,250,0.05,constant,POT80-Shift,Shift-CP,-3.0811743548827915e-06,1.2436478291267509e-06,-5.518724099971224e-06,-6.436246097943597e-07,0.53
ar,normal,0.8,250,0.05,constant,POT90-Shift,Raw,2.1996914229045764e-06,3.4070590397766082e-06,-4.478144295057575e-06,8.877527140866729e-06,0.678
ar,normal,0.8,250,0.05,constant,POT90-Shift,Shift-CP,5.221465281796083e-07,1.2721223325917016e-06,-1.9712132437001267e-06,3.0155063000593437e-06,0.478
ar,normal,0.8,250,0.05,constant,Raw,Raw,0.0,0.0,0.0,0.0,0.0
ar,normal,0.8,250,0.05,constant,Raw,Shift-CP,-1.6775448947249681e-06,3.3286991466107523e-06,-8.201795222082043e-06,4.846705432632107e-06,0.334
ar,normal,0.8,250,0.05,constant,Shift-CP,Raw,1.6775448947249681e-06,3.3286991466107523e-06,-4.846705432632107e-06,8.201795222082043e-06,0.666
ar,normal,0.8,250,0.05,constant,Shift-CP,Shift-CP,0.0,0.0,0.0,0.0,0.0
ar,normal,0.8,250,0.05,constant,Shift-ERM,Raw,3.868364731325376e-06,3.544240524901904e-06,-3.0783466974823557e-06,1.0815076160133109e-05,0.674
ar,normal,0.8,250,0.05,constant,Shift-ERM,Shift-CP,2.190819836600407e-06,9.709635593667002e-07,2.877312602416745e-07,4.093908412959139e-06,0.468
ar,normal,0.8,250,0.05,none,POT80-Shift,Raw,5.0820097100142276e-05,3.2339763683710632e-06,4.4481503418134995e-05,5.715869078214956e-05,0.0
ar,normal,0.8,250,0.05,none,POT80-Shift,Shift-CP,-3.0811743548827915e-06,1.2436478291267509e-06,-5.518724099971224e-06,-6.436246097943597e-07,0.53
ar,normal,0.8,250,0.05,none,POT90-Shift,Raw,5.442341798320468e-05,3.407059039776609e-06,4.774558226524252e-05,6.110125370116683e-05,0.0
ar,normal,0.8,250,0.05,none,POT90-Shift,Shift-CP,5.221465281796083e-07,1.2721223325917016e-06,-1.9712132437001267e-06,3.0155063000593437e-06,0.478
ar,normal,0.8,250,0.05,none,Raw,Raw,0.0,0.0,0.0,0.0,0.0
ar,normal,0.8,250,0.05,none,Raw,Shift-CP,-5.390127145502507e-05,3.3286991466107523e-06,-6.0425521782382145e-05,-4.737702112766799e-05,1.0
ar,normal,0.8,250,0.05,none,Shift-CP,Raw,5.390127145502507e-05,3.3286991466107523e-06,4.737702112766799e-05,6.0425521782382145e-05,0.0
ar,normal,0.8,250,0.05,none,Shift-CP,Shift-CP,0.0,0.0,0.0,0.0,0.0
ar,normal,0.8,250,0.05,none,Shift-ERM,Raw,5.609209129162547e-05,3.5442405249019045e-06,4.914537986281773e-05,6.30388027204332e-05,0.0
ar,normal,0.8,250,0.05,none,Shift-ERM,Shift-CP,2.190819836600407e-06,9.709635593667002e-07,2.877312602416745e-07,4.093908412959139e-06,0.468
ar,normal,0.8,500,0.01,constant,POT80-Shift,Raw,2.639260185059997e-07,1.0186406094896578e-06,-1.7326095760937296e-06,2.260461613105729e-06,0.704
ar,normal,0.8,500,0.01,constant,POT80-Shift,Shift-CP,-1.855889851837001e-06,5.842201447812831e-07,-3.000961335608316e-06,-7.108183680656859e-07,0.534
ar,normal,0.8,500,0.01,constant,POT90-Shift,Raw,8.38981458723601e-07,1.0820410127539147e-06,-1.281818926274072e-06,2.959781843721274e-06,0.694
ar,normal,0.8,500,0.01,constant,POT90-Shift,Shift-CP,-1.2808344116194e-06,4.95221262037893e-07,-2.25146808521367e-06,-3.102007380251297e-07,0.538
ar,normal,0.8,500,0.01,constant,Raw,Raw,0.0,0.0,0.0,0.0,0.0
ar,normal,0.8,500,0.01,constant,Raw,Shift-CP,-2.1198158703430007e-06,1.1969087970409957e-06,-4.465757112543352e-06,2.2612537185735073e-07,0.34
ar,normal,0.8,500,0.01,constant,Shift-CP,Raw,2.1198158703430007e-06,1.1969087970409957e-06,-2.2612537185735073e-07,4.465757112543352e-06,0.66
ar,normal,0.8,500,0.01,constant,Shift-CP,Shift-CP,0.0,0.0,0.0,0.0,0.0
ar,normal,0.8,500,0.01,constant,Shift-ERM,Raw,4.004852986992201e-06,1.3523812271611128e-06,1.3541857817564196e-06,6.655520192227982e-06,0.66
ar,normal,0.8,500,0.01,constant,Shift-ERM,Shift-CP,1.8850371166491998e-06,4.646767204918277e-07,9.742707444852176e-07,2.795803488813182e-06,0.452
ar,normal,0.8,500,0.01,none,POT80-Shift,Raw,1.4613798772506018e-05,1.0186406094896578e-06,1.2617263177906288e-05,1.661033436710575e-05,0.0
ar,normal,0.8,500,0.01,none,POT80-Shift,Shift-CP,-1.855889851837001e-06,5.842201447812831e-07,-3.000961335608316e-06,-7.108183680656859e-07,0.534
ar,normal,0.8,500,0.01,none,POT90-Shift,Raw,1.5188854212723621e-05,1.0820410127539147e-06,1.3068053827725949e-05,1.7309654597721293e-05,0.0
ar,normal,0.8,500,0.01,none,POT90-Shift,Shift-CP,-1.2808344116194e-06,4.95221262037893e-07,-2.25146808521367e-06,-3.102007380251297e-07,0.538
ar,normal,0.8,500,0.01,none,Raw,Raw,0.0,0.0,0.0,0.0,0.0
ar,normal,0.8,500,0.01,none,Raw,Shift-CP,-1.6469688624343018e-05,1.1969087970409957e-06,-1.881562986654337e-05,-1.4123747382142667e-05,1.0
ar,normal,0.8,500,0.01,none,Shift-CP,Raw,1.6469688624343018e-05,1.1969087970409957e-06,1.4123747382142667e-05,1.881562986654337e-05,0.0
ar,normal,0.8,500,0.01,none,Shift-CP,Shift-CP,0.0,0.0,0.0,0.0,0.0
ar,normal,0.8,500,0.01,none,Shift-ERM,Raw,1.8354725740992222e-05,1.3523812271611128e-06,1.570405853575644e-05,2.1005392946228005e-05,0.0
ar,normal,0.8,500,0.01,none,Shift-ERM,Shift-CP,1.8850371166491998e-06,4.646767204918277e-07,9.742707444852176e-07,2.795803488813182e-06,0.452
ar,normal,0.8,500,0.05,constant,POT80-Shift,Raw,-2.582840324202163e-05,1.6844461029705018e-06,-2.912991760384381e-05,-2.2526888880199447e-05,0.84
ar,normal,0.8,500,0.05,constant,POT80-Shift,Shift-CP,-1.0500483981766042e-06,5.736436054686594e-07,-2.1743898648951766e-06,7.429306854196823e-08,0.504
ar,normal,0.8,500,0.05,constant,POT90-Shift,Raw,-2.453591961955643e-05,1.7556774220034752e-06,-2.797704736668324e-05,-2.109479187242962e-05,0.83
ar,normal,0.8,500,0.05,constant,POT90-Shift,Shift-CP,2.4243522428859686e-07,5.255728412274093e-07,-7.876875445171253e-07,1.2725579930943191e-06,0.492
ar,normal,0.8,500,0.05,constant,Raw,Raw,0.0,0.0,0.0,0.0,0.0
ar,normal,0.8,500,0.05,constant,Raw,Shift-CP,2.4778354843845024e-05,1.7288017013966967e-06,2.1389903509107498e-05,2.816680617858255e-05,0.166
ar,normal,0.8,500,0.05,constant,Shift-CP,Raw,-2.4778354843845024e-05,1.7288017013966967e-06,-2.816680617858255e-05,-2.1389903509107498e-05,0.834
ar,normal,0.8,500,0.05,constant,Shift-CP,Shift-CP,0.0,0.0,0.0,0.0,0.0
ar,normal,0.8,500,0.05,constant,Shift-ERM,Raw,-2.3901863511669423e-05,1.8615362716761642e-06,-2.7550474604154705e-05,-2.025325241918414e-05,0.84
ar,normal,0.8,500,0.05,constant,Shift-ERM,Shift-CP,8.764913321756039e-07,3.4904315558371737e-07,1.9236674723151785e-07,1.56061591711969e-06,0.462
ar,normal,0.8,500,0.05,none,POT80-Shift,Raw,2.6395323318278472e-05,1.6844461029705014e-06,2.309380895645629e-05,2.9696837680100654e-05,0.0
ar,normal,0.8,500,0.05,none,POT80-Shift,Shift-CP,-1.0500483981766042e-06,5.736436054686594e-07,-2.1743898648951766e-06,7.429306854196823e-08,0.504
ar,normal,0.8,500,0.05,none,POT90-Shift,Raw,2.7687806940743674e-05,1.7556774220034746e-06,2.4246679193616863e-05,3.112893468787048e-05,0.0
ar,normal,0.8,500,0.05,none,POT90-Shift,Shift-CP,2.4243522428859686e-07,5.255728412274093e-07,-7.876875445171253e-07,1.2725579930943191e-06,0.492
ar,normal,0.8,500,0.05,none,Raw,Raw,0.0,0.0,0.0,0.0,0.0
ar,normal,0.8,500,0.05,none,Raw,Shift-CP,-2.7445371716455077e-05,1.7288017013966967e-06,-3.0833823051192604e-05,-2.405692038171755e-05,1.0
ar,normal,0.8,500,0.05,none,Shift-CP,Raw,2.7445371716455077e-05,1.7288017013966967e-06,2.405692038171755e-05,3.0833823051192604e-05,0.0
ar,normal,0.8,500,0.05,none,Shift-CP,Shift-CP,0.0,0.0,0.0,0.0,0.0
ar,normal,0.8,500,0.05,none,Shift-ERM,Raw,2.832186304863068e-05,1.8615362716761642e-06,2.4673251956145396e-05,3.197047414111596e-05,0.0
ar,normal,0.8,500,0.05,none,Shift-ERM,Shift-CP,8.764913321756039e-07,3.4904315558371737e-07,1.9236674723151785e-07,1.56061591711969e-06,0.462
ar,normal,0.8,1000,0.01,constant,POT80-Shift,Raw,-8.034630520442799e-06,4.304759403322025e-07,-8.878363363493917e-06,-7.190897677391682e-06,0.876
ar,normal,0.8,1000,0.01,constant,POT80-Shift,Shift-CP,-8.394368216600006e-07,2.2735551046622283e-07,-1.2850536221737973e-06,-3.9382002114620385e-07,0.57
ar,normal,0.8,1000,0.01,constant,POT90-Shift,Raw,-7.761508390351599e-06,4.4150110906915127e-07,-8.626850564127135e-06,-6.8961662165760624e-06,0.864
ar,normal,0.8,1000,0.01,constant,POT90-Shift,Shift-CP,-5.66314691568801e-07,2.1649849196370638e-07,-9.906517358176655e-07,-1.4197764731993646e-07,0.552
ar,normal,0.8,1000,0.01,constant,Raw,Raw,0.0,0.0,0.0,0.0,0.0
ar,normal,0.8,1000,0.01,constant,Raw,Shift-CP,7.195193698782798e-06,4.2800484190716536e-07,6.356304208644754e-06,8.034083188920843e-06,0.176
ar,normal,0.8,1000,0.01,constant,Shift-CP,Raw,-7.195193698782798e-06,4.2800484190716536e-07,-8.034083188920843e-06,-6.356304208644754e-06,0.824
ar,normal,0.8,1000,0.01,constant,Shift-CP,Shift-CP,0.0,0.0,0.0,0.0,0.0
ar,normal,0.8,1000,0.01,constant,Shift-ERM,Raw,-6.575067398505599e-06,4.850049903231257e-07,-7.525677179538925e-06,-5.6244576174722725e-06,0.82
ar,normal,0.8,1000,0.01,constant,Shift-ERM,Shift-CP,6.201263002771998e-07,1.6520874795762513e-07,2.9631715428025456e-07,9.43935446274145e-07,0.444
ar,normal,0.8,1000,0.01,none,POT80-Shift,Raw,6.315242233557219e-06,4.3047594033220237e-07,5.471509390506103e-06,7.158975076608336e-06,0.0
ar,normal,0.8,1000,0.01,none,POT80-Shift,Shift-CP,-8.394368216600006e-07,2.2735551046622283e-07,-1.2850536221737973e-06,-3.9382002114620385e-07,0.57
ar,normal,0.8,1000,0.01,none,POT90-Shift,Raw,6.588364363648419e-06,4.415011090691513e-07,5.723022189872882e-06,7.453706537423956e-06,0.0
ar,normal,0.8,1000,0.01,none,POT90-Shift,Shift-CP,-5.66314691568801e-07,2.1649849196370638e-07,-9.906517358176655e-07,-1.4197764731993646e-07,0.552
ar,normal,0.8,1000,0.01,none,Raw,Raw,0.0,0.0,0.0,0.0,0.0
ar,normal,0.8,1000,0.01,none,Raw,Shift-CP,-7.15467905521722e-06,4.2800484190716536e-07,-7.993568545355265e-06,-6.315789565079176e-06,1.0
ar,normal,0.8,1000,0.01,none,Shift-CP,Raw,7.15467905521722e-06,4.2800484190716536e-07,6.315789565079176e-06,7.993568545355265e-06,0.0
ar,normal,0.8,1000,0.01,none,Shift-CP,Shift-CP,0.0,0.0,0.0,0.0,0.0
ar,normal,0.8,1000,0.01,none,Shift-ERM,Raw,7.77480535549442e-06,4.850049903231258e-07,6.8241955744610935e-06,8.725415136527746e-06,0.0
ar,normal,0.8,1000,0.01,none,Shift-ERM,Shift-CP,6.201263002771998e-07,1.6520874795762513e-07,2.9631715428025456e-07,9.43935446274145e-07,0.444
ar,normal,0.8,1000,0.05,constant,POT80-Shift,Raw,-3.946252481224243e-05,8.27468621013327e-07,-4.108436330942855e-05,-3.7840686315056304e-05,0.96
ar,normal,0.8,1000,0.05,constant,POT80-Shift,Shift-CP,-7.709158488340036e-07,2.896134984612724e-07,-1.3385583058180975e-06,-2.0327339184990975e-07,0.544
ar,normal,0.8,1000,0.05,constant,POT90-Shift,Raw,-3.899866379065803e-05,8.423622443667409e-07,-4.064969378961684e-05,-3.734763379169922e-05,0.952
ar,normal,0.8,1000,0.05,constant,POT90-Shift,Shift-CP,-3.0705482724960756e-07,2.5908321086511515e-07,-8.148579205452333e-07,2.0074826604601809e-07,0.55
ar,normal,0.8,1000,0.05,constant,Raw,Raw,0.0,0.0,0.0,0.0,0.0
ar,normal,0.8,1000,0.05,constant,Raw,Shift-CP,3.8691608963408426e-05,8.451827405063784e-07,3.7035050792015925e-05,4.034816713480093e-05,0.046
ar,normal,0.8,1000,0.05,constant,Shift-CP,Raw,-3.8691608963408426e-05,8.451827405063784e-07,-4.034816713480093e-05,-3.7035050792015925e-05,0.954
ar,normal,0.8,1000,0.05,constant,Shift-CP,Shift-CP,0.0,0.0,0.0,0.0,0.0
ar,normal,0.8,1000,0.05,constant,Shift-ERM,Raw,-3.856744694125623e-05,8.687137308734725e-07,-4.0270125853768236e-05,-3.686476802874422e-05,0.952
ar,normal,0.8,1000,0.05,constant,Shift-ERM,Shift-CP,1.241620221521973e-07,1.369112927202756e-07,-1.4418411157954285e-07,3.925081558839375e-07,0.458
ar,normal,0.8,1000,0.05,none,POT80-Shift,Raw,1.2761201748057676e-05,8.27468621013327e-07,1.1139363250871554e-05,1.4383040245243798e-05,0.0
ar,normal,0.8,1000,0.05,none,POT80-Shift,Shift-CP,-7.709158488340036e-07,2.896134984612724e-07,-1.3385583058180975e-06,-2.0327339184990975e-07,0.544
ar,normal,0.8,1000,0.05,none,POT90-Shift,Raw,1.3225062769642072e-05,8.423622443667409e-07,1.157403277068326e-05,1.4876092768600884e-05,0.0
ar,normal,0.8,1000,0.05,none,POT90-Shift,Shift-CP,-3.0705482724960756e-07,2.5908321086511515e-07,-8.148579205452333e-07,2.0074826604601809e-07,0.55
ar,normal,0.8,1000,0.05,none,Raw,Raw,0.0,0.0,0.0,0.0,0.0
ar,normal,0.8,1000,0.05,none,Raw,Shift-CP,-1.353211759689168e-05,8.451827405063785e-07,-1.5188675768284181e-05,-1.187555942549918e-05,1.0
ar,normal,0.8,1000,0.05,none,Shift-CP,Raw,1.353211759689168e-05,8.451827405063785e-07,1.187555942549918e-05,1.5188675768284181e-05,0.0
ar,normal,0.8,1000,0.05,none,Shift-CP,Shift-CP,0.0,0.0,0.0,0.0,0.0
ar,normal,0.8,1000,0.05,none,Shift-ERM,Raw,1.3656279619043878e-05,8.687137308734726e-07,1.1953600706531872e-05,1.5358958531555883e-05,0.0
ar,normal,0.8,1000,0.05,none,Shift-ERM,Shift-CP,1.241620221521973e-07,1.369112927202756e-07,-1.4418411157954285e-07,3.925081558839375e-07,0.458
ar,t5,0.0,125,0.01,constant,POT80-Shift,Raw,2.469847824018385e-05,2.1106290155553153e-06,2.056164536969543e-05,2.883531111067227e-05,0.384
ar,t5,0.0,125,0.01,constant,POT80-Shift,Shift-CP,-5.15723337524966e-05,5.42876221615584e-06,-6.221270769616205e-05,-4.093195980883115e-05,0.612
ar,t5,0.0,125,0.01,constant,POT90-Shift,Raw,7.627081199268046e-05,5.7574383063804245e-06,6.498623291217483e-05,8.75553910731861e-05,0.234
ar,t5,0.0,125,0.01,constant,POT90-Shift,Shift-CP,0.0,0.0,0.0,0.0,0.0
ar,t5,0.0,125,0.01,constant,Raw,Raw,0.0,0.0,0.0,0.0,0.0
ar,t5,0.0,125,0.01,constant,Raw,Shift-CP,-7.627081199268046e-05,5.7574383063804245e-06,-8.75553910731861e-05,-6.498623291217483e-05,0.766
ar,t5,0.0,125,0.01,constant,Shift-CP,Raw,7.627081199268046e-05,5.7574383063804245e-06,6.498623291217483e-05,8.75553910731861e-05,0.234
ar,t5,0.0,125,0.01,constant,Shift-CP,Shift-CP,0.0,0.0,0.0,0.0,0.0
ar,t5,0.0,125,0.01,constant,Shift-ERM,Raw,3.100435143761966e-05,2.346578937440717e-06,2.640505672023585e-05,3.560364615500346e-05,0.346
ar,t5,0.0,125,0.01,constant,Shift-ERM,Shift-CP,-4.52664605550608e-05,5.798954451626199e-06,-5.663241128024815e-05,-3.390050982987345e-05,0.592
ar,t5,0.0,125,0.01,none,POT80-Shift,Raw,3.185143541798378e-05,2.110629015555315e-06,2.771460254749536e-05,3.5988268288472196e-05,0.0
ar,t5,0.0,125,0.01,none,POT80-Shift,Shift-CP,-5.15723337524966e-05,5.42876221615584e-06,-6.221270769616205e-05,-4.093195980883115e-05,0.612
ar,t5,0.0,125,0.01,none,POT90-Shift,Raw,8.342376917048038e-05,5.7574383063804245e-06,7.213919008997475e-05,9.470834825098601e-05,0.0
ar,t5,0.0,125,0.01,none,POT90-Shift,Shift-CP,0.0,0.0,0.0,0.0,0.0
ar,t5,0.0,125,0.01,none,Raw,Raw,0.0,0.0,0.0,0.0,0.0
ar,t5,0.0,125,0.01,none,Raw,Shift-CP,-8.342376917048038e-05,5.7574383063804245e-06,-9.470834825098601e-05,-7.213919008997475e-05,1.0
ar,t5,0.0,125,0.01,none,Shift-CP,Raw,8.342376917048038e-05,5.7574383063804245e-06,7.213919008997475e-05,9.470834825098601e-05,0.0
ar,t5,0.0,125,0.01,none,Shift-CP,Shift-CP,0.0,0.0,0.0,0.0,0.0
ar,t5,0.0,125,0.01,none,Shift-ERM,Raw,3.8157308615419584e-05,2.346578937440717e-06,3.355801389803578e-05,4.275660333280339e-05,0.0
ar,t5,0.0,125,0.01,none,Shift-ERM,Shift-CP,-4.52664605550608e-05,5.798954451626199e-06,-5.663241128024815e-05,-3.390050982987345e-05,0.592
ar,t5,0.0,125,0.05,constant,POT80-Shift,Raw,-1.650757088994171e-05,1.577938529301272e-06,-1.9600330407372203e-05,-1.3414811372511218e-05,0.788
ar,t5,0.0,125,0.05,constant,POT80-Shift,Shift-CP,-1.1935275951332197e-05,1.7514422127825124e-06,-1.536810268838592e-05,-8.502449214278474e-06,0.576
ar,t5,0.0,125,0.05,constant,POT90-Shift,Raw,-4.572294938609511e-06,2.436352669983425e-06,-9.347546171777024e-06,2.0295629455800208e-07,0.712
ar,t5,0.0,125,0.05,constant,POT90-Shift,Shift-CP,0.0,0.0,0.0,0.0,0.0
ar,t5,0.0,125,0.05,constant,Raw,Raw,0.0,0.0,0.0,0.0,0.0
ar,t5,0.0,125,0.05,constant,Raw,Shift-CP,4.572294938609511e-06,2.436352669983425e-06,-2.0295629455800208e-07,9.347546171777024e-06,0.288
ar,t5,0.0,125,0.05,constant,Shift-CP,Raw,-4.572294938609511e-06,2.436352669983425e-06,-9.347546171777024e-06,2.0295629455800208e-07,0.712
ar,t5,0.0,125,0.05,constant,Shift-CP,Shift-CP,0.0,0.0,0.0,0.0,0.0
ar,t5,0.0,125,0.05,constant,Shift-ERM,Raw,-1.021861368923951e-05,1.997158261042721e-06,-1.4133043880883243e-05,-6.304183497595776e-06,0.75
ar,t5,0.0,125,0.05,constant,Shift-ERM,Shift-CP,-5.646318750629998e-06,1.5321048933279464e-06,-8.649244341552774e-06,-2.6433931597072228e-06,0.506
ar,t5,0.0,125,0.05,none,POT80-Shift,Raw,2.569300545865826e-05,1.577938529301272e-06,2.260024594122777e-05,2.8785764976088754e-05,0.0
ar,t5,0.0,125,0.05,none,POT80-Shift,Shift-CP,-1.1935275951332197e-05,1.7514422127825124e-06,-1.536810268838592e-05,-8.502449214278474e-06,0.576
ar,t5,0.0,125,0.05,none,POT90-Shift,Raw,3.762828140999046e-05,2.436352669983425e-06,3.2853030176822946e-05,4.240353264315797e-05,0.0
ar,t5,0.0,125,0.05,none,POT90-Shift,Shift-CP,0.0,0.0,0.0,0.0,0.0
ar,t5,0.0,125,0.05,none,Raw,Raw,0.0,0.0,0.0,0.0,0.0
ar,t5,0.0,125,0.05,none,Raw,Shift-CP,-3.762828140999046e-05,2.436352669983425e-06,-4.240353264315797e-05,-3.2853030176822946e-05,1.0
ar,t5,0.0,125,0.05,none,Shift-CP,Raw,3.762828140999046e-05,2.436352669983425e-06,3.2853030176822946e-05,4.240353264315797e-05,0.0
ar,t5,0.0,125,0.05,none,Shift-CP,Shift-CP,0.0,0.0,0.0,0.0,0.0
ar,t5,0.0,125,0.05,none,Shift-ERM,Raw,3.198196265936046e-05,1.997158261042721e-06,2.806753246771673e-05,3.589639285100419e-05,0.0
ar,t5,0.0,125,0.05,none,Shift-ERM,Shift-CP,-5.646318750629998e-06,1.5321048933279464e-06,-8.649244341552774e-06,-2.6433931597072228e-06,0.506
ar,t5,0.0,250,0.01,constant,POT80-Shift,Raw,7.443901106947655e-06,8.877346489276297e-07,5.703941195049501e-06,9.183861018845809e-06,0.53
ar,t5,0.0,250,0.01,constant,POT80-Shift,Shift-CP,-2.3046109427509998e-05,2.3470883836896977e-06,-2.7646402659541803e-05,-1.844581619547819e-05,0.648
ar,t5,0.0,250,0.01,constant,POT90-Shift,Raw,7.101050961284056e-06,8.797231503096185e-07,5.376793586677204e-06,8.825308335890909e-06,0.53
ar,t5,0.0,250,0.01,constant,POT90-Shift,Shift-CP,-2.33889595731736e-05,2.3787351371586045e-06,-2.8051280442004464e-05,-1.8726638704342734e-05,0.646
ar,t5,0.0,250,0.01,constant,Raw,Raw,0.0,0.0,0.0,0.0,0.0
ar,t5,0.0,250,0.01,constant,Raw,Shift-CP,-3.049001053445765e-05,2.468079372379224e-06,-3.5327446104320926e-05,-2.565257496459437e-05,0.65
ar,t5,0.0,250,0.01,constant,Shift-CP,Raw,3.049001053445765e-05,2.468079372379224e-06,2.565257496459437e-05,3.5327446104320926e-05,0.35
ar,t5,0.0,250,0.01,constant,Shift-CP,Shift-CP,0.0,0.0,0.0,0.0,0.0
ar,t5,0.0,250,0.01,constant,Shift-ERM,Raw,1.3950323103957653e-05,1.3175301327993726e-06,1.1367964043670883e-05,1.6532682164244424e-05,0.466
ar,t5,0.0,250,0.01,constant,Shift-ERM,Shift-CP,-1.65396874305e-05,2.216990847153787e-06,-2.088498949092142e-05,-1.2194385370078578e-05,0.616
ar,t5,0.0,250,0.01,none,POT80-Shift,Raw,1.4596858284747582e-05,8.877346489276297e-07,1.2856898372849428e-05,1.6336818196645738e-05,0.0
ar,t5,0.0,250,0.01,none,POT80-Shift,Shift-CP,-2.3046109427509998e-05,2.3470883836896977e-06,-2.7646402659541803e-05,-1.844581619547819e-05,0.648
ar,t5,0.0,250,0.01,none,POT90-Shift,Raw,1.4254008139083982e-05,8.797231503096183e-07,1.252975076447713e-05,1.5978265513690832e-05,0.0
ar,t5,0.0,250,0.01,none,POT90-Shift,Shift-CP,-2.33889595731736e-05,2.3787351371586045e-06,-2.8051280442004464e-05,-1.8726638704342734e-05,0.646
ar,t5,0.0,250,0.01,none,Raw,Raw,0.0,0.0,0.0,0.0,0.0
ar,t5,0.0,250,0.01,none,Raw,Shift-CP,-3.764296771225758e-05,2.4680793723792233e-06,-4.248040328212086e-05,-3.28055321423943e-05,1.0
ar,t5,0.0,250,0.01,none,Shift-CP,Raw,3.764296771225758e-05,2.4680793723792233e-06,3.28055321423943e-05,4.248040328212086e-05,0.0
ar,t5,0.0,250,0.01,none,Shift-CP,Shift-CP,0.0,0.0,0.0,0.0,0.0
ar,t5,0.0,250,0.01,none,Shift-ERM,Raw,2.1103280281757582e-05,1.3175301327993726e-06,1.8520921221470813e-05,2.368563934204435e-05,0.0
ar,t5,0.0,250,0.01,none,Shift-ERM,Shift-CP,-1.65396874305e-05,2.216990847153787e-06,-2.088498949092142e-05,-1.2194385370078578e-05,0.616
ar,t5,0.0,250,0.05,constant,POT80-Shift,Raw,-2.8742062996305106e-05,8.200129051294056e-07,-3.0349288290358742e-05,-2.713483770225147e-05,0.938
ar,t5,0.0,250,0.05,constant,POT80-Shift,Shift-CP,-6.0209884977392e-06,8.338408045899795e-07,-7.65531647473556e-06,-4.386660520742841e-06,0.608
ar,t5,0.0,250,0.05,constant,POT90-Shift,Raw,-2.6768304004771513e-05,1.0304061383296143e-06,-2.8787900035897557e-05,-2.474870797364547e-05,0.912
ar,t5,0.0,250,0.05,constant,POT90-Shift,Shift-CP,-4.047229506205602e-06,8.68641490156944e-07,-5.749766826913212e-06,-2.344692185497992e-06,0.584
ar,t5,0.0,250,0.05,constant,Raw,Raw,0.0,0.0,0.0,0.0,0.0
ar,t5,0.0,250,0.05,constant,Raw,Shift-CP,2.2721074498565907e-05,1.1826816281248198e-06,2.040301850744126e-05,2.5039130489690554e-05,0.138
ar,t5,0.0,250,0.05,constant,Shift-CP,Raw,-2.2721074498565907e-05,1.1826816281248198e-06,-2.5039130489690554e-05,-2.040301850744126e-05,0.862
ar,t5,0.0,250,0.05,constant,Shift-CP,Shift-CP,0.0,0.0,0.0,0.0,0.0
ar,t5,0.0,250,0.05,constant,Shift-ERM,Raw,-2.5815121534531915e-05,1.0269839234914537e-06,-2.7828010024575166e-05,-2.3802233044488665e-05,0.908
ar,t5,0.0,250,0.05,constant,Shift-ERM,Shift-CP,-3.0940470359660017e-06,6.987561044617375e-07,-4.463609000711007e-06,-1.7244850712209963e-06,0.548
ar,t5,0.0,250,0.05,none,POT80-Shift,Raw,1.3458513352294862e-05,8.200129051294056e-07,1.1851288058241228e-05,1.5065738646348497e-05,0.0
ar,t5,0.0,250,0.05,none,POT80-Shift,Shift-CP,-6.0209884977392e-06,8.338408045899795e-07,-7.65531647473556e-06,-4.386660520742841e-06,0.608
ar,t5,0.0,250,0.05,none,POT90-Shift,Raw,1.543227234382846e-05,1.0304061383296141e-06,1.3412676312702415e-05,1.7451868374954503e-05,0.0
ar,t5,0.0,250,0.05,none,POT90-Shift,Shift-CP,-4.047229506205602e-06,8.68641490156944e-07,-5.749766826913212e-06,-2.344692185497992e-06,0.584
ar,t5,0.0,250,0.05,none,Raw,Raw,0.0,0.0,0.0,0.0,0.0
ar,t5,0.0,250,0.05,none,Raw,Shift-CP,-1.9479501850034064e-05,1.1826816281248198e-06,-2.179755784115871e-05,-1.7161445858909418e-05,1.0
ar,t5,0.0,250,0.05,none,Shift-CP,Raw,1.9479501850034064e-05,1.1826816281248198e-06,1.7161445858909418e-05,2.179755784115871e-05,0.0
ar,t5,0.0,250,0.05,none,Shift-CP,Shift-CP,0.0,0.0,0.0,0.0,0.0
ar,t5,0.0,250,0.05,none,Shift-ERM,Raw,1.638545481406806e-05,1.0269839234914535e-06,1.4372566324024811e-05,1.839834330411131e-05,0.0
ar,t5,0.0,250,0.05,none,Shift-ERM,Shift-CP,-3.0940470359660017e-06,6.987561044617375e-07,-4.463609000711007e-06,-1.7244850712209963e-06,0.548
ar,t5,0.0,500,0.01,constant,POT80-Shift,Raw,-1.1679441346494547e-07,4.273388495405096e-07,-9.543785585643442e-07,7.207897316344534e-07,0.676
ar,t5,0.0,500,0.01,constant,POT80-Shift,Shift-CP,-4.127403876187597e-06,5.603998538904751e-07,-5.225787589812929e-06,-3.0290201625622658e-06,0.584
ar,t5,0.0,500,0.01,constant,POT90-Shift,Raw,-1.7693172389734426e-07,4.3600958732940527e-07,-1.0315105150629785e-06,6.776470672682901e-07,0.686
ar,t5,0.0,500,0.01,constant,POT90-Shift,Shift-CP,-4.187541186619996e-06,5.564104385310584e-07,-5.278105646140871e-06,-3.0969767270991216e-06,0.59
ar,t5,0.0,500,0.01,constant,Raw,Raw,0.0,0.0,0.0,0.0,0.0
ar,t5,0.0,500,0.01,constant,Raw,Shift-CP,-4.010609462722652e-06,6.260981741679532e-07,-5.237761884091841e-06,-2.783457041353464e-06,0.46
ar,t5,0.0,500,0.01,constant,Shift-CP,Raw,4.010609462722652e-06,6.260981741679532e-07,2.783457041353464e-06,5.237761884091841e-06,0.54
ar,t5,0.0,500,0.01,constant,Shift-CP,Shift-CP,0.0,0.0,0.0,0.0,0.0
ar,t5,0.0,500,0.01,constant,Shift-ERM,Raw,2.910097659844454e-06,6.017440723791157e-07,1.7306792779813873e-06,4.089516041707521e-06,0.602
ar,t5,0.0,500,0.01,constant,Shift-ERM,Shift-CP,-1.1005118028781975e-06,5.545775265046699e-07,-2.1874837548273504e-06,-1.3539850929044463e-08,0.512
ar,t5,0.0,500,0.01,none,POT80-Shift,Raw,7.036162764334982e-06,4.273388495405096e-07,6.198578619235583e-06,7.87374690943438e-06,0.0
ar,t5,0.0,500,0.01,none,POT80-Shift,Shift-CP,-4.127403876187597e-06,5.603998538904751e-07,-5.225787589812929e-06,-3.0290201625622658e-06,0.584
ar,t5,0.0,500,0.01,none,POT90-Shift,Raw,6.976025453902583e-06,4.3600958732940527e-07,6.121446662736949e-06,7.830604245068218e-06,0.0
ar,t5,0.0,500,0.01,none,POT90-Shift,Shift-CP,-4.187541186619996e-06,5.564104385310584e-07,-5.278105646140871e-06,-3.0969767270991216e-06,0.59
ar,t5,0.0,500,0.01,none,Raw,Raw,0.0,0.0,0.0,0.0,0.0
ar,t5,0.0,500,0.01,none,Raw,Shift-CP,-1.1163566640522579e-05,6.260981741679532e-07,-1.2390719061891768e-05,-9.93641421915339e-06,1.0
ar,t5,0.0,500,0.01,none,Shift-CP,Raw,1.1163566640522579e-05,6.260981741679532e-07,9.93641421915339e-06,1.2390719061891768e-05,0.0
ar,t5,0.0,500,0.01,none,Shift-CP,Shift-CP,0.0,0.0,0.0,0.0,0.0
ar,t5,0.0,500,0.01,none,Shift-ERM,Raw,1.0063054837644381e-05,6.017440723791157e-07,8.883636455781315e-06,1.1242473219507447e-05,0.0
ar,t5,0.0,500,0.01,none,Shift-ERM,Shift-CP,-1.1005118028781975e-06,5.545775265046699e-07,-2.1874837548273504e-06,-1.3539850929044463e-08,0.512
ar,t5,0.0,500,0.05,constant,POT80-Shift,Raw,-3.550484893994231e-05,3.969575637011868e-07,-3.6282885764796636e-05,-3.472681211508798e-05,0.988
ar,t5,0.0,500,0.05,constant,POT80-Shift,Shift-CP,-1.928503296400596e-06,3.1317447629185407e-07,-2.54232526993263e-06,-1.314681322868562e-06,0.598
ar,t5,0.0,500,0.05,constant,POT90-Shift,Raw,-3.518872614491291e-05,4.006091775081918e-07,-3.597392013282897e-05,-3.4403532156996857e-05,0.99
ar,t5,0.0,500,0.05,constant,POT90-Shift,Shift-CP,-1.6123805013711977e-06,2.8788617990750986e-07,-2.176637413989917e-06,-1.0481235887524784e-06,0.58
ar,t5,0.0,500,0.05,constant,Raw,Raw,0.0,0.0,0.0,0.0,0.0
ar,t5,0.0,500,0.05,constant,Raw,Shift-CP,3.3576345643541714e-05,4.773231585380623e-07,3.264079225280711e-05,3.4511899034276314e-05,0.016
ar,t5,0.0,500,0.05,constant,Shift-CP,Raw,-3.3576345643541714e-05,4.773231585380623e-07,-3.4511899034276314e-05,-3.264079225280711e-05,0.984
ar,t5,0.0,500,0.05,constant,Shift-CP,Shift-CP,0.0,0.0,0.0,0.0,0.0
ar,t5,0.0,500,0.05,constant,Shift-ERM,Raw,-3.392115100411551e-05,4.878286431958485e-07,-3.4877295144779376e-05,-3.296500686345165e-05,0.98
ar,t5,0.0,500,0.05,constant,Shift-ERM,Shift-CP,-3.4480536057379487e-07,2.0813376269579658e-07,-7.527475354575562e-07,6.313681430996642e-08,0.522
ar,t5,0.0,500,0.05,none,POT80-Shift,Raw,6.695727408657662e-06,3.969575637011868e-07,5.917690583803336e-06,7.473764233511989e-06,0.0
ar,t5,0.0,500,0.05,none,POT80-Shift,Shift-CP,-1.928503296400596e-06,3.1317447629185407e-07,-2.54232526993263e-06,-1.314681322868562e-06,0.598
ar,t5,0.0,500,0.05,none,POT90-Shift,Raw,7.01185020368706e-06,4.006091775081917e-07,6.226656215771004e-06,7.797044191603115e-06,0.0
ar,t5,0.0,500,0.05,none,POT90-Shift,Shift-CP,-1.6123805013711977e-06,2.8788617990750986e-07,-2.176637413989917e-06,-1.0481235887524784e-06,0.58
ar,t5,0.0,500,0.05,none,Raw,Raw,0.0,0.0,0.0,0.0,0.0
ar,t5,0.0,500,0.05,none,Raw,Shift-CP,-8.624230705058258e-06,4.773231585380624e-07,-9.559784095792861e-06,-7.688677314323656e-06,1.0
ar,t5,0.0,500,0.05,none,Shift-CP,Raw,8.624230705058258e-06,4.773231585380624e-07,7.688677314323656e-06,9.559784095792861e-06,0.0
ar,t5,0.0,500,0.05,none,Shift-CP,Shift-CP,0.0,0.0,0.0,0.0,0.0
ar,t5,0.0,500,0.05,none,Shift-ERM,Raw,8.279425344484463e-06,4.878286431958485e-07,7.323281203820601e-06,9.235569485148326e-06,0.0
ar,t5,0.0,500,0.05,none,Shift-ERM,Shift-CP,-3.4480536057379487e-07,2.0813376269579658e-07,-7.527475354575562e-07,6.313681430996642e-08,0.522
ar,t5,0.0,1000,0.01,constant,POT80-Shift,Raw,-3.6498265528371446e-06,2.0173559488999087e-07,-4.0452283188215265e-06,-3.2544247868527627e-06,0.848
ar,t5,0.0,1000,0.01,constant,POT80-Shift,Shift-CP,-1.5673668655817973e-06,2.546673264104233e-07,-2.0665148253462268e-06,-1.0682189058173678e-06,0.574
ar,t5,0.0,1000,0.01,constant,POT90-Shift,Raw,-3.7080032705227465e-06,2.0335030264837973e-07,-4.1065698637135705e-06,-3.309436677331922e-06,0.852
ar,t5,0.0,1000,0.01,constant,POT90-Shift,Shift-CP,-1.6255435832673996e-06,2.3774143343896495e-07,-2.091516792807771e-06,-1.1595703737270284e-06,0.576
ar,t5,0.0,1000,0.01,constant,Raw,Raw,0.0,0.0,0.0,0.0,0.0
ar,t5,0.0,1000,0.01,constant,Raw,Shift-CP,2.0824596872553473e-06,3.1728624752406886e-07,1.4605786421081723e-06,2.7043407324025224e-06,0.238
ar,t5,0.0,1000,0.01,constant,Shift-CP,Raw,-2.0824596872553473e-06,3.1728624752406886e-07,-2.7043407324025224e-06,-1.4605786421081723e-06,0.762
ar,t5,0.0,1000,0.01,constant,Shift-CP,Shift-CP,0.0,0.0,0.0,0.0,0.0
ar,t5,0.0,1000,0.01,constant,Shift-ERM,Raw,-2.3335512751259482e-06,3.000411166799359e-07,-2.921631863818623e-06,-1.745470686433274e-06,0.78
ar,t5,0.0,1000,0.01,constant,Shift-ERM,Shift-CP,-2.510915878706008e-07,2.0651610139210202e-07,-6.558631465991207e-07,1.5367997085791915e-07,0.492
ar,t5,0.0,1000,0.01,none,POT80-Shift,Raw,3.5031306249627822e-06,2.0173559488999092e-07,3.1077288589784e-06,3.898532390947164e-06,0.0
ar,t5,0.0,1000,0.01,none,POT80-Shift,Shift-CP,-1.5673668655817973e-06,2.546673264104233e-07,-2.0665148253462268e-06,-1.0682189058173678e-06,0.574
ar,t5,0.0,1000,0.01,none,POT90-Shift,Raw,3.4449539072771803e-06,2.0335030264837978e-07,3.046387314086356e-06,3.843520500468005e-06,0.0
ar,t5,0.0,1000,0.01,none,POT90-Shift,Shift-CP,-1.6255435832673996e-06,2.3774143343896495e-07,-2.091516792807771e-06,-1.1595703737270284e-06,0.576
ar,t5,0.0,1000,0.01,none,Raw,Raw,0.0,0.0,0.0,0.0,0.0
ar,t5,0.0,1000,0.01,none,Raw,Shift-CP,-5.0704974905445795e-06,3.1728624752406886e-07,-5.6923785356917545e-06,-4.4486164453974045e-06,1.0
ar,t5,0.0,1000,0.01,none,Shift-CP,Raw,5.0704974905445795e-06,3.1728624752406886e-07,4.4486164453974045e-06,5.6923785356917545e-06,0.0
ar,t5,0.0,1000,0.01,none,Shift-CP,Shift-CP,0.0,0.0,0.0,0.0,0.0
ar,t5,0.0,1000,0.01,none,Shift-ERM,Raw,4.819405902673979e-06,3.0004111667993596e-07,4.231325313981304e-06,5.407486491366653e-06,0.0
ar,t5,0.0,1000,0.01,none,Shift-ERM,Shift-CP,-2.510915878706008e-07,2.0651610139210202e-07,-6.558631465991207e-07,1.5367997085791915e-07,0.492
ar,t5,0.0,1000,0.05,constant,POT80-Shift,Raw,-3.887941441934531e-05,2.029471227278678e-07,-3.927719077989193e-05,-3.848163805879869e-05,1.0
ar,t5,0.0,1000,0.05,constant,POT80-Shift,Shift-CP,-1.3492418922164015e-06,1.880002592120639e-07,-1.7177224002720467e-06,-9.807613841607564e-07,0.622
ar,t5,0.0,1000,0.05,constant,POT90-Shift,Raw,-3.856532005344851e-05,2.219229701286414e-07,-3.900028907490065e-05,-3.813035103199637e-05,0.998
ar,t5,0.0,1000,0.05,constant,POT90-Shift,Shift-CP,-1.0351475263195979e-06,1.6077213102870923e-07,-1.350260903135868e-06,-7.200341495033278e-07,0.604
ar,t5,0.0,1000,0.05,constant,Raw,Raw,0.0,0.0,0.0,0.0,0.0
ar,t5,0.0,1000,0.05,constant,Raw,Shift-CP,3.753017252712891e-05,2.895897665278005e-07,3.696257658473442e-05,3.80977684695234e-05,0.004
ar,t5,0.0,1000,0.05,constant,Shift-CP,Raw,-3.753017252712891e-05,2.895897665278005e-07,-3.80977684695234e-05,-3.696257658473442e-05,0.996
ar,t5,0.0,1000,0.05,constant,Shift-CP,Shift-CP,0.0,0.0,0.0,0.0,0.0
ar,t5,0.0,1000,0.05,constant,Shift-ERM,Raw,-3.7693288457721115e-05,2.8503094492304673e-07,-3.8251949109770286e-05,-3.7134627805671945e-05,0.998
ar,t5,0.0,1000,0.05,constant,Shift-ERM,Shift-CP,-1.6311593059219978e-07,7.674539215452175e-08,-3.135368992150624e-07,-1.2694961969337133e-08,0.546
ar,t5,0.0,1000,0.05,none,POT80-Shift,Raw,3.321161929254661e-06,2.0294712272786784e-07,2.92338556870804e-06,3.7189382898012817e-06,0.0
ar,t5,0.0,1000,0.05,none,POT80-Shift,Shift-CP,-1.3492418922164015e-06,1.880002592120639e-07,-1.7177224002720467e-06,-9.807613841607564e-07,0.622
ar,t5,0.0,1000,0.05,none,POT90-Shift,Raw,3.6352562951514644e-06,2.2192297012864132e-07,3.2002872736993273e-06,4.070225316603601e-06,0.0
ar,t5,0.0,1000,0.05,none,POT90-Shift,Shift-CP,-1.0351475263195979e-06,1.6077213102870923e-07,-1.350260903135868e-06,-7.200341495033278e-07,0.604
ar,t5,0.0,1000,0.05,none,Raw,Raw,0.0,0.0,0.0,0.0,0.0
ar,t5,0.0,1000,0.05,none,Raw,Shift-CP,-4.6704038214710625e-06,2.895897665278005e-07,-5.237999763865551e-06,-4.102807879076574e-06,1.0
ar,t5,0.0,1000,0.05,none,Shift-CP,Raw,4.6704038214710625e-06,2.895897665278005e-07,4.102807879076574e-06,5.237999763865551e-06,0.0
ar,t5,0.0,1000,0.05,none,Shift-CP,Shift-CP,0.0,0.0,0.0,0.0,0.0
ar,t5,0.0,1000,0.05,none,Shift-ERM,Raw,4.507287890878863e-06,2.850309449230468e-07,3.948627238829691e-06,5.065948542928034e-06,0.0
ar,t5,0.0,1000,0.05,none,Shift-ERM,Shift-CP,-1.6311593059219978e-07,7.674539215452175e-08,-3.135368992150624e-07,-1.2694961969337133e-08,0.546
ar,t5,0.5,125,0.01,constant,POT80-Shift,Raw,3.594903865226366e-05,2.5806138595626542e-06,3.089103548752085e-05,4.1007041817006464e-05,0.326
ar,t5,0.5,125,0.01,constant,POT80-Shift,Shift-CP,-3.2764134386767393e-05,4.784014399506104e-06,-4.2140802609799355e-05,-2.338746616373543e-05,0.546
ar,t5,0.5,125,0.01,constant,POT90-Shift,Raw,6.871317303903104e-05,5.017902943606157e-06,5.887808326956297e-05,7.85482628084991e-05,0.244
ar,t5,0.5,125,0.01,constant,POT90-Shift,Shift-CP,0.0,0.0,0.0,0.0,0.0
ar,t5,0.5,125,0.01,constant,Raw,Raw,0.0,0.0,0.0,0.0,0.0
ar,t5,0.5,125,0.01,constant,Raw,Shift-CP,-6.871317303903104e-05,5.017902943606157e-06,-7.85482628084991e-05,-5.887808326956297e-05,0.756
ar,t5,0.5,125,0.01,constant,Shift-CP,Raw,6.871317303903104e-05,5.017902943606157e-06,5.887808326956297e-05,7.85482628084991e-05,0.244
ar,t5,0.5,125,0.01,constant,Shift-CP,Shift-CP,0.0,0.0,0.0,0.0,0.0
ar,t5,0.5,125,0.01,constant,Shift-ERM,Raw,4.3505665854273856e-05,3.0464377551085176e-06,3.753464785426116e-05,4.947668385428655e-05,0.278
ar,t5,0.5,125,0.01,constant,Shift-ERM,Shift-CP,-2.52075071847572e-05,5.101694662979871e-06,-3.520682872419775e-05,-1.5208185645316654e-05,0.536
ar,t5,0.5,125,0.01,none,POT80-Shift,Raw,4.3101995830063585e-05,2.5806138595626547e-06,3.804399266532078e-05,4.815999899480639e-05,0.0
ar,t5,0.5,125,0.01,none,POT80-Shift,Shift-CP,-3.2764134386767393e-05,4.784014399506104e-06,-4.2140802609799355e-05,-2.338746616373543e-05,0.546
ar,t5,0.5,125,0.01,none,POT90-Shift,Raw,7.586613021683098e-05,5.017902943606157e-06,6.603104044736291e-05,8.570121998629905e-05,0.0
ar,t5,0.5,125,0.01,none,POT90-Shift,Shift-CP,0.0,0.0,0.0,0.0,0.0
ar,t5,0.5,125,0.01,none,Raw,Raw,0.0,0.0,0.0,0.0,0.0
ar,t5,0.5,125,0.01,none,Raw,Shift-CP,-7.586613021683098e-05,5.017902943606157e-06,-8.570121998629905e-05,-6.603104044736291e-05,1.0
ar,t5,0.5,125,0.01,none,Shift-CP,Raw,7.586613021683098e-05,5.017902943606157e-06,6.603104044736291e-05,8.570121998629905e-05,0.0
ar,t5,0.5,125,0.01,none,Shift-CP,Shift-CP,0.0,0.0,0.0,0.0,0.0
ar,t5,0.5,125,0.01,none,Shift-ERM,Raw,5.065862303207378e-05,3.0464377551085176e-06,4.468760503206109e-05,5.662964103208648e-05,0.0
ar,t5,0.5,125,0.01,none,Shift-ERM,Shift-CP,-2.52075071847572e-05,5.101694662979871e-06,-3.520682872419775e-05,-1.5208185645316654e-05,0.536
ar,t5,0.5,125,0.05,constant,POT80-Shift,Raw,6.054640096118946e-07,2.669096441669429e-06,-4.6259650160601855e-06,5.836893035283975e-06,0.68
ar,t5,0.5,125,0.05,constant,POT80-Shift,Shift-CP,-8.952727483698797e-06,2.1643853997876064e-06,-1.3194922867282505e-05,-4.710532100115088e-06,0.578
ar,t5,0.5,125,0.05,constant,POT90-Shift,Raw,9.558191493310692e-06,3.5150810261661205e-06,2.668632682025096e-06,1.644775030459629e-05,0.638
ar,t5,0.5,125,0.05,constant,POT90-Shift,Shift-CP,0.0,0.0,0.0,0.0,0.0
ar,t5,0.5,125,0.05,constant,Raw,Raw,0.0,0.0,0.0,0.0,0.0
ar,t5,0.5,125,0.05,constant,Raw,Shift-CP,-9.558191493310692e-06,3.5150810261661205e-06,-1.644775030459629e-05,-2.668632682025096e-06,0.362
ar,t5,0.5,125,0.05,constant,Shift-CP,Raw,9.558191493310692e-06,3.5150810261661205e-06,2.668632682025096e-06,1.644775030459629e-05,0.638
ar,t5,0.5,125,0.05,constant,Shift-CP,Shift-CP,0.0,0.0,0.0,0.0,0.0
ar,t5,0.5,125,0.05,constant,Shift-ERM,Raw,7.57749156594449e-06,3.3607080340533974e-06,9.905038191998308e-07,1.4164479312689149e-05,0.666
ar,t5,0.5,125,0.05,constant,Shift-ERM,Shift-CP,-1.9806999273662026e-06,2.052004359839154e-06,-6.002628472650945e-06,2.0412286179185394e-06,0.486
ar,t5,0.5,125,0.05,none,POT80-Shift,Raw,4.2806040358211866e-05,2.669096441669429e-06,3.757461133253978e-05,4.803746938388395e-05,0.0
ar,t5,0.5,125,0.05,none,POT80-Shift,Shift-CP,-8.952727483698797e-06,2.1643853997876064e-06,-1.3194922867282505e-05,-4.710532100115088e-06,0.578
ar,t5,0.5,125,0.05,none,POT90-Shift,Raw,5.175876784191066e-05,3.5150810261661205e-06,4.4869209030625064e-05,5.864832665319626e-05,0.0
ar,t5,0.5,125,0.05,none,POT90-Shift,Shift-CP,0.0,0.0,0.0,0.0,0.0
ar,t5,0.5,125,0.05,none,Raw,Raw,0.0,0.0,0.0,0.0,0.0
ar,t5,0.5,125,0.05,none,Raw,Shift-CP,-5.175876784191066e-05,3.5150810261661205e-06,-5.864832665319626e-05,-4.4869209030625064e-05,1.0
ar,t5,0.5,125,0.05,none,Shift-CP,Raw,5.175876784191066e-05,3.5150810261661205e-06,4.4869209030625064e-05,5.864832665319626e-05,0.0
ar,t5,0.5,125,0.05,none,Shift-CP,Shift-CP,0.0,0.0,0.0,0.0,0.0
ar,t5,0.5,125,0.05,none,Shift-ERM,Raw,4.977806791454446e-05,3.3607080340533974e-06,4.31910801677998e-05,5.636505566128912e-05,0.0
ar,t5,0.5,125,0.05,none,Shift-ERM,Shift-CP,-1.9806999273662026e-06,2.052004359839154e-06,-6.002628472650945e-06,2.0412286179185394e-06,0.486
ar,t5,0.5,250,0.01,constant,POT80-Shift,Raw,1.4720926952297253e-05,1.442565894269087e-06,1.1893497799529843e-05,1.7548356105064665e-05,0.436
ar,t5,0.5,250,0.01,constant,POT80-Shift,Shift-CP,-1.93862469782578e-05,2.457193505034238e-06,-2.4202346248124905e-05,-1.4570147708390693e-05,0.592
ar,t5,0.5,250,0.01,constant,POT90-Shift,Raw,1.4697619893988856e-05,1.427889275278953e-06,1.1898956914442108e-05,1.7496282873535603e-05,0.436
ar,t5,0.5,250,0.01,constant,POT90-Shift,Shift-CP,-1.9409554036566198e-05,2.4783839064614243e-06,-2.426718649323059e-05,-1.4551921579901806e-05,0.598
ar,t5,0.5,250,0.01,constant,Raw,Raw,0.0,0.0,0.0,0.0,0.0
ar,t5,0.5,250,0.01,constant,Raw,Shift-CP,-3.4107173930555055e-05,2.6906661042575025e-06,-3.938087949489976e-05,-2.883346836621035e-05,0.686
ar,t5,0.5,250,0.01,constant,Shift-CP,Raw,3.4107173930555055e-05,2.6906661042575025e-06,2.883346836621035e-05,3.938087949489976e-05,0.314
ar,t5,0.5,250,0.01,constant,Shift-CP,Shift-CP,0.0,0.0,0.0,0.0,0.0
ar,t5,0.5,250,0.01,constant,Shift-ERM,Raw,1.987510274364345e-05,1.8686352406161414e-06,1.6212577672035813e-05,2.3537627815251086e-05,0.386
ar,t5,0.5,250,0.01,constant,Shift-ERM,Shift-CP,-1.4232071186911602e-05,2.1969579224944965e-06,-1.8538108715000816e-05,-9.926033658822389e-06,0.588
ar,t5,0.5,250,0.01,none,POT80-Shift,Raw,2.187388413009718e-05,1.442565894269087e-06,1.9046454977329768e-05,2.4701313282864592e-05,0.0
ar,t5,0.5,250,0.01,none,POT80-Shift,Shift-CP,-1.93862469782578e-05,2.457193505034238e-06,-2.4202346248124905e-05,-1.4570147708390693e-05,0.592
ar,t5,0.5,250,0.01,none,POT90-Shift,Raw,2.1850577071788784e-05,1.4278892752789534e-06,1.9051914092242035e-05,2.4649240051335533e-05,0.0
ar,t5,0.5,250,0.01,none,POT90-Shift,Shift-CP,-1.9409554036566198e-05,2.4783839064614243e-06,-2.426718649323059e-05,-1.4551921579901806e-05,0.598
ar,t5,0.5,250,0.01,none,Raw,Raw,0.0,0.0,0.0,0.0,0.0
ar,t5,0.5,250,0.01,none,Raw,Shift-CP,-4.126013110835498e-05,2.690666104257502e-06,-4.6533836672699686e-05,-3.598642554401028e-05,1.0
ar,t5,0.5,250,0.01,none,Shift-CP,Raw,4.126013110835498e-05,2.690666104257502e-06,3.598642554401028e-05,4.6533836672699686e-05,0.0
ar,t5,0.5,250,0.01,none,Shift-CP,Shift-CP,0.0,0.0,0.0,0.0,0.0
ar,t5,0.5,250,0.01,none,Shift-ERM,Raw,2.702805992144338e-05,1.8686352406161412e-06,2.3365534849835744e-05,3.0690584993051016e-05,0.0
ar,t5,0.5,250,0.01,none,Shift-ERM,Shift-CP,-1.4232071186911602e-05,2.1969579224944965e-06,-1.8538108715000816e-05,-9.926033658822389e-06,0.588
ar,t5,0.5,250,0.05,constant,POT80-Shift,Raw,-1.850321107639971e-05,1.3886890871523588e-06,-2.1225041687218335e-05,-1.5781380465581088e-05,0.812
ar,t5,0.5,250,0.05,constant,POT80-Shift,Shift-CP,-4.4863008594167965e-06,9.307891208870586e-07,-6.310647536355432e-06,-2.6619541824781617e-06,0.57
ar,t5,0.5,250,0.05,constant,POT90-Shift,Raw,-1.6702235894878308e-05,1.5205862619816393e-06,-1.9682584968362322e-05,-1.3721886821394295e-05,0.788
ar,t5,0.5,250,0.05,constant,POT90-Shift,Shift-CP,-2.6853256778953962e-06,7.129513889559541e-07,-4.082710400249066e-06,-1.287940955541726e-06,0.54
ar,t5,0.5,250,0.05,constant,Raw,Raw,0.0,0.0,0.0,0.0,0.0
ar,t5,0.5,250,0.05,constant,Raw,Shift-CP,1.4016910216982912e-05,1.64605968135952e-06,1.0790633241518253e-05,1.7243187192447572e-05,0.24
ar,t5,0.5,250,0.05,constant,Shift-CP,Raw,-1.4016910216982912e-05,1.64605968135952e-06,-1.7243187192447572e-05,-1.0790633241518253e-05,0.76
ar,t5,0.5,250,0.05,constant,Shift-CP,Shift-CP,0.0,0.0,0.0,0.0,0.0
ar,t5,0.5,250,0.05,constant,Shift-ERM,Raw,-1.5208781422474107e-05,1.601421463949287e-06,-1.834756749181471e-05,-1.2069995353133505e-05,0.78
ar,t5,0.5,250,0.05,constant,Shift-ERM,Shift-CP,-1.191871205491195e-06,7.014088350569236e-07,-2.5666325222027654e-06,1.828901112203753e-07,0.504
ar,t5,0.5,250,0.05,none,POT80-Shift,Raw,2.369736527220026e-05,1.3886890871523588e-06,2.0975534661381637e-05,2.6419195883018884e-05,0.0
ar,t5,0.5,250,0.05,none,POT80-Shift,Shift-CP,-4.4863008594167965e-06,9.307891208870586e-07,-6.310647536355432e-06,-2.6619541824781617e-06,0.57
ar,t5,0.5,250,0.05,none,POT90-Shift,Raw,2.5498340453721664e-05,1.5205862619816393e-06,2.251799138023765e-05,2.847868952720568e-05,0.0
ar,t5,0.5,250,0.05,none,POT90-Shift,Shift-CP,-2.6853256778953962e-06,7.129513889559541e-07,-4.082710400249066e-06,-1.287940955541726e-06,0.54
ar,t5,0.5,250,0.05,none,Raw,Raw,0.0,0.0,0.0,0.0,0.0
ar,t5,0.5,250,0.05,none,Raw,Shift-CP,-2.818366613161706e-05,1.6460596813595197e-06,-3.140994310708172e-05,-2.4957389156152403e-05,1.0
ar,t5,0.5,250,0.05,none,Shift-CP,Raw,2.818366613161706e-05,1.6460596813595197e-06,2.4957389156152403e-05,3.140994310708172e-05,0.0
ar,t5,0.5,250,0.05,none,Shift-CP,Shift-CP,0.0,0.0,0.0,0.0,0.0
ar,t5,0.5,250,0.05,none,Shift-ERM,Raw,2.6991794926125863e-05,1.601421463949287e-06,2.385300885678526e-05,3.0130580995466467e-05,0.0
ar,t5,0.5,250,0.05,none,Shift-ERM,Shift-CP,-1.191871205491195e-06,7.014088350569236e-07,-2.5666325222027654e-06,1.828901112203753e-07,0.504
ar,t5,0.5,500,0.01,constant,POT80-Shift,Raw,2.9894944548366525e-06,7.015308361111826e-07,1.6144940160587346e-06,4.36449489361457e-06,0.614
ar,t5,0.5,500,0.01,constant,POT80-Shift,Shift-CP,-3.321361612975403e-06,6.307771590816531e-07,-4.5576848447754435e-06,-2.0850383811753627e-06,0.594
ar,t5,0.5,500,0.01,constant,POT90-Shift,Raw,3.1200707199210545e-06,7.149491605461666e-07,1.718770365250568e-06,4.521371074591541e-06,0.592
ar,t5,0.5,500,0.01,constant,POT90-Shift,Shift-CP,-3.1907853478910006e-06,6.008163725223416e-07,-4.3683854380347905e-06,-2.013185257747211e-06,0.6
ar,t5,0.5,500,0.01,constant,Raw,Raw,0.0,0.0,0.0,0.0,0.0
ar,t5,0.5,500,0.01,constant,Raw,Shift-CP,-6.310856067812055e-06,9.276075289646724e-07,-8.128966824582813e-06,-4.492745311041297e-06,0.448
ar,t5,0.5,500,0.01,constant,Shift-CP,Raw,6.310856067812055e-06,9.276075289646724e-07,4.492745311041297e-06,8.128966824582813e-06,0.552
ar,t5,0.5,500,0.01,constant,Shift-CP,Shift-CP,0.0,0.0,0.0,0.0,0.0
ar,t5,0.5,500,0.01,constant,Shift-ERM,Raw,6.526853555273254e-06,9.685648321083224e-07,4.628466484340942e-06,8.425240626205566e-06,0.534
ar,t5,0.5,500,0.01,constant,Shift-ERM,Shift-CP,2.1599748746119837e-07,5.534317372561171e-07,-8.687287175607913e-07,1.3007236924831881e-06,0.484
ar,t5,0.5,500,0.01,none,POT80-Shift,Raw,1.0142451632636578e-05,7.015308361111825e-07,8.76745119385866e-06,1.1517452071414496e-05,0.0
ar,t5,0.5,500,0.01,none,POT80-Shift,Shift-CP,-3.321361612975403e-06,6.307771590816531e-07,-4.5576848447754435e-06,-2.0850383811753627e-06,0.594
ar,t5,0.5,500,0.01,none,POT90-Shift,Raw,1.0273027897720981e-05,7.149491605461666e-07,8.871727543050494e-06,1.1674328252391469e-05,0.0
ar,t5,0.5,500,0.01,none,POT90-Shift,Shift-CP,-3.1907853478910006e-06,6.008163725223416e-07,-4.3683854380347905e-06,-2.013185257747211e-06,0.6
ar,t5,0.5,500,0.01,none,Raw,Raw,0.0,0.0,0.0,0.0,0.0
ar,t5,0.5,500,0.01,none,Raw,Shift-CP,-1.346381324561198e-05,9.276075289646727e-07,-1.528192400238274e-05,-1.1645702488841221e-05,1.0
ar,t5,0.5,500,0.01,none,Shift-CP,Raw,1.346381324561198e-05,9.276075289646727e-07,1.1645702488841221e-05,1.528192400238274e-05,0.0
ar,t5,0.5,500,0.01,none,Shift-CP,Shift-CP,0.0,0.0,0.0,0.0,0.0
ar,t5,0.5,500,0.01,none,Shift-ERM,Raw,1.3679810733073182e-05,9.685648321083224e-07,1.178142366214087e-05,1.5578197804005494e-05,0.0
ar,t5,0.5,500,0.01,none,Shift-ERM,Shift-CP,2.1599748746119837e-07,5.534317372561171e-07,-8.687287175607913e-07,1.3007236924831881e-06,0.484
ar,t5,0.5,500,0.05,constant,POT80-Shift,Raw,-2.9899127074252907e-05,7.715905064163502e-07,-3.141144446682896e-05,-2.838680968167686e-05,0.936
ar,t5,0.5,500,0.05,constant,POT80-Shift,Shift-CP,-1.423042303658197e-06,4.241508648734776e-07,-2.254377998810213e-06,-5.917066085061809e-07,0.568
ar,t5,0.5,500,0.05,constant,POT90-Shift,Raw,-2.9081149344475705e-05,8.140874723387281e-07,-3.067676079025961e-05,-2.7485537898691797e-05,0.934
ar,t5,0.5,500,0.05,constant,POT90-Shift,Shift-CP,-6.050645738809977e-07,3.69801145843317e-07,-1.329874819733899e-06,1.1974567197190357e-07,0.552
ar,t5,0.5,500,0.05,constant,Raw,Raw,0.0,0.0,0.0,0.0,0.0
ar,t5,0.5,500,0.05,constant,Raw,Shift-CP,2.8476084770594705e-05,8.502026142674243e-07,2.6809687646630552e-05,3.0142481894558858e-05,0.076
ar,t5,0.5,500,0.05,constant,Shift-CP,Raw,-2.8476084770594705e-05,8.502026142674243e-07,-3.0142481894558858e-05,-2.6809687646630552e-05,0.924
ar,t5,0.5,500,0.05,constant,Shift-CP,Shift-CP,0.0,0.0,0.0,0.0,0.0
ar,t5,0.5,500,0.05,constant,Shift-ERM,Raw,-2.8289711456828512e-05,8.852955570272783e-07,-3.0024890748601976e-05,-2.6554532165055048e-05,0.92
ar,t5,0.5,500,0.05,constant,Shift-ERM,Shift-CP,1.8637331376619455e-07,2.4635540029925783e-07,-2.964832708203508e-07,6.692298983527399e-07,0.472
ar,t5,0.5,500,0.05,none,POT80-Shift,Raw,1.2301449274347068e-05,7.715905064163498e-07,1.0789131881771022e-05,1.3813766666923114e-05,0.0
ar,t5,0.5,500,0.05,none,POT80-Shift,Shift-CP,-1.423042303658197e-06,4.241508648734776e-07,-2.254377998810213e-06,-5.917066085061809e-07,0.568
ar,t5,0.5,500,0.05,none,POT90-Shift,Raw,1.3119427004124267e-05,8.140874723387281e-07,1.152381555834036e-05,1.4715038449908173e-05,0.0
ar,t5,0.5,500,0.05,none,POT90-Shift,Shift-CP,-6.050645738809977e-07,3.69801145843317e-07,-1.329874819733899e-06,1.1974567197190357e-07,0.552
ar,t5,0.5,500,0.05,none,Raw,Raw,0.0,0.0,0.0,0.0,0.0
ar,t5,0.5,500,0.05,none,Raw,Shift-CP,-1.3724491578005264e-05,8.502026142674243e-07,-1.5390888701969416e-05,-1.2058094454041113e-05,1.0
ar,t5,0.5,500,0.05,none,Shift-CP,Raw,1.3724491578005264e-05,8.502026142674243e-07,1.2058094454041113e-05,1.5390888701969416e-05,0.0
ar,t5,0.5,500,0.05,none,Shift-CP,Shift-CP,0.0,0.0,0.0,0.0,0.0
ar,t5,0.5,500,0.05,none,Shift-ERM,Raw,1.3910864891771461e-05,8.852955570272782e-07,1.2175685599997996e-05,1.5646044183544927e-05,0.0
ar,t5,0.5,500,0.05,none,Shift-ERM,Shift-CP,1.8637331376619455e-07,2.4635540029925783e-07,-2.964832708203508e-07,6.692298983527399e-07,0.472
ar,t5,0.5,1000,0.01,constant,POT80-Shift,Raw,-2.1082353827001462e-06,3.290431840933668e-07,-2.753160023523145e-06,-1.4633107418771474e-06,0.774
ar,t5,0.5,1000,0.01,constant,POT80-Shift,Shift-CP,-1.078972925434401e-06,2.6486185970567175e-07,-1.5981021704575177e-06,-5.598436804112843e-07,0.576
ar,t5,0.5,1000,0.01,constant,POT90-Shift,Raw,-2.127843562264344e-06,3.2982801267927466e-07,-2.7743064671157226e-06,-1.4813806574129658e-06,0.784
ar,t5,0.5,1000,0.01,constant,POT90-Shift,Shift-CP,-1.0985811049985987e-06,2.539739960775606e-07,-1.5963701373106176e-06,-6.007920726865799e-07,0.576
ar,t5,0.5,1000,0.01,constant,Raw,Raw,0.0,0.0,0.0,0.0,0.0
ar,t5,0.5,1000,0.01,constant,Raw,Shift-CP,1.0292624572657457e-06,4.191886654563936e-07,2.0765267297121432e-07,1.850872241560277e-06,0.266
ar,t5,0.5,1000,0.01,constant,Shift-CP,Raw,-1.0292624572657457e-06,4.191886654563936e-07,-1.850872241560277e-06,-2.0765267297121432e-07,0.734
ar,t5,0.5,1000,0.01,constant,Shift-CP,Shift-CP,0.0,0.0,0.0,0.0,0.0
ar,t5,0.5,1000,0.01,constant,Shift-ERM,Raw,-9.216059742861458e-07,4.1543353512983016e-07,-1.7358557031406129e-06,-1.0735624543167871e-07,0.704
ar,t5,0.5,1000,0.01,constant,Shift-ERM,Shift-CP,1.076564829795997e-07,1.5723841093438362e-07,-2.005308024517922e-07,4.1584376841099156e-07,0.48
ar,t5,0.5,1000,0.01,none,POT80-Shift,Raw,5.044721795099779e-06,3.290431840933668e-07,4.39979715427678e-06,5.6896464359227786e-06,0.0
ar,t5,0.5,1000,0.01,none,POT80-Shift,Shift-CP,-1.078972925434401e-06,2.6486185970567175e-07,-1.5981021704575177e-06,-5.598436804112843e-07,0.576
ar,t5,0.5,1000,0.01,none,POT90-Shift,Raw,5.025113615535582e-06,3.2982801267927466e-07,4.378650710684204e-06,5.67157652038696e-06,0.0
ar,t5,0.5,1000,0.01,none,POT90-Shift,Shift-CP,-1.0985811049985987e-06,2.539739960775606e-07,-1.5963701373106176e-06,-6.007920726865799e-07,0.576
ar,t5,0.5,1000,0.01,none,Raw,Raw,0.0,0.0,0.0,0.0,0.0
ar,t5,0.5,1000,0.01,none,Raw,Shift-CP,-6.123694720534182e-06,4.191886654563937e-07,-6.945304504828714e-06,-5.30208493623965e-06,1.0
ar,t5,0.5,1000,0.01,none,Shift-CP,Raw,6.123694720534182e-06,4.191886654563937e-07,5.30208493623965e-06,6.945304504828714e-06,0.0
ar,t5,0.5,1000,0.01,none,Shift-CP,Shift-CP,0.0,0.0,0.0,0.0,0.0
ar,t5,0.5,1000,0.01,none,Shift-ERM,Raw,6.231351203513781e-06,4.1543353512983016e-07,5.417101474659314e-06,7.045600932368248e-06,0.0
ar,t5,0.5,1000,0.01,none,Shift-ERM,Shift-CP,1.076564829795997e-07,1.5723841093438362e-07,-2.005308024517922e-07,4.1584376841099156e-07,0.48
ar,t5,0.5,1000,0.05,constant,POT80-Shift,Raw,-3.6412138664251715e-05,3.7798452770731244e-07,-3.715298833855805e-05,-3.567128898994538e-05,0.99
ar,t5,0.5,1000,0.05,constant,POT80-Shift,Shift-CP,-7.863049808274009e-07,1.986662827603893e-07,-1.1756908950377638e-06,-3.969190666170379e-07,0.574
ar,t5,0.5,1000,0.05,constant,POT90-Shift,Raw,-3.614926054663771e-05,3.99959802258686e-07,-3.693318175906473e-05,-3.5365339334210685e-05,0.99
ar,t5,0.5,1000,0.05,constant,POT90-Shift,Shift-CP,-5.234268632134022e-07,1.630511020471509e-07,-8.430070232258179e-07,-2.0384670320098643e-07,0.54
ar,t5,0.5,1000,0.05,constant,Raw,Raw,0.0,0.0,0.0,0.0,0.0
ar,t5,0.5,1000,0.05,constant,Raw,Shift-CP,3.5625833683424316e-05,4.185931509149357e-07,3.480539110763104e-05,3.644627625921759e-05,0.012
ar,t5,0.5,1000,0.05,constant,Shift-CP,Raw,-3.5625833683424316e-05,4.185931509149357e-07,-3.644627625921759e-05,-3.480539110763104e-05,0.988
ar,t5,0.5,1000,0.05,constant,Shift-CP,Shift-CP,0.0,0.0,0.0,0.0,0.0
ar,t5,0.5,1000,0.05,constant,Shift-ERM,Raw,-3.5602487353892515e-05,4.181799901797051e-07,-3.6422120134644736e-05,-3.478285457314029e-05,0.992
ar,t5,0.5,1000,0.05,constant,Shift-ERM,Shift-CP,2.334632953179946e-08,8.959153390949903e-08,-1.5225307693081866e-07,1.9894573599441756e-07,0.47
ar,t5,0.5,1000,0.05,none,POT80-Shift,Raw,5.788437684348263e-06,3.7798452770731244e-07,5.047588010041931e-06,6.529287358654595e-06,0.0
ar,t5,0.5,1000,0.05,none,POT80-Shift,Shift-CP,-7.863049808274009e-07,1.986662827603893e-07,-1.1756908950377638e-06,-3.969190666170379e-07,0.574
ar,t5,0.5,1000,0.05,none,POT90-Shift,Raw,6.051315801962262e-06,3.9995980225868615e-07,5.267394589535237e-06,6.835237014389286e-06,0.0
ar,t5,0.5,1000,0.05,none,POT90-Shift,Shift-CP,-5.234268632134022e-07,1.630511020471509e-07,-8.430070232258179e-07,-2.0384670320098643e-07,0.54
ar,t5,0.5,1000,0.05,none,Raw,Raw,0.0,0.0,0.0,0.0,0.0
ar,t5,0.5,1000,0.05,none,Raw,Shift-CP,-6.5747426651756645e-06,4.1859315091493575e-07,-7.3951852409689385e-06,-5.75430008938239e-06,1.0
ar,t5,0.5,1000,0.05,none,Shift-CP,Raw,6.5747426651756645e-06,4.1859315091493575e-07,5.75430008938239e-06,7.3951852409689385e-06,0.0
ar,t5,0.5,1000,0.05,none,Shift-CP,Shift-CP,0.0,0.0,0.0,0.0,0.0
ar,t5,0.5,1000,0.05,none,Shift-ERM,Raw,6.598088994707463e-06,4.1817999017970526e-07,5.778456213955241e-06,7.417721775459686e-06,0.0
ar,t5,0.5,1000,0.05,none,Shift-ERM,Shift-CP,2.334632953179946e-08,8.959153390949903e-08,-1.5225307693081866e-07,1.9894573599441756e-07,0.47
ar,t5,0.8,125,0.01,constant,POT80-Shift,Raw,9.726585291574485e-05,6.520639096378e-06,8.448540028684397e-05,0.00011004630554464573,0.196
ar,t5,0.8,125,0.01,constant,POT80-Shift,Shift-CP,1.0918218844012002e-05,4.494713370415675e-06,2.1085806379972784e-06,1.9727857050026725e-05,0.364
ar,t5,0.8,125,0.01,constant,POT90-Shift,Raw,8.634763407173285e-05,6.256604020942711e-06,7.408469019068514e-05,9.861057795278057e-05,0.238
ar,t5,0.8,125,0.01,constant,POT90-Shift,Shift-CP,0.0,0.0,0.0,0.0,0.0
ar,t5,0.8,125,0.01,constant,Raw,Raw,0.0,0.0,0.0,0.0,0.0
ar,t5,0.8,125,0.01,constant,Raw,Shift-CP,-8.634763407173285e-05,6.256604020942711e-06,-9.861057795278057e-05,-7.408469019068514e-05,0.762
ar,t5,0.8,125,0.01,constant,Shift-CP,Raw,8.634763407173285e-05,6.256604020942711e-06,7.408469019068514e-05,9.861057795278057e-05,0.238
ar,t5,0.8,125,0.01,constant,Shift-CP,Shift-CP,0.0,0.0,0.0,0.0,0.0
ar,t5,0.8,125,0.01,constant,Shift-ERM,Raw,0.00010815505741770327,6.968633066303451e-06,9.449653660774851e-05,0.00012181357822765802,0.198
ar,t5,0.8,125,0.01,constant,Shift-ERM,Shift-CP,2.18074233459704e-05,5.227700161441366e-06,1.1561131029545324e-05,3.2053715662395474e-05,0.378
ar,t5,0.8,125,0.01,none,POT80-Shift,Raw,0.00010441881009354478,6.520639096378e-06,9.16383574646439e-05,0.00011719926272244566,0.0
ar,t5,0.8,125,0.01,none,POT80-Shift,Shift-CP,1.0918218844012002e-05,4.494713370415675e-06,2.1085806379972784e-06,1.9727857050026725e-05,0.364
ar,t5,0.8,125,0.01,none,POT90-Shift,Raw,9.350059124953278e-05,6.256604020942713e-06,8.123764736848507e-05,0.0001057635351305805,0.0
ar,t5,0.8,125,0.01,none,POT90-Shift,Shift-CP,0.0,0.0,0.0,0.0,0.0
ar,t5,0.8,125,0.01,none,Raw,Raw,0.0,0.0,0.0,0.0,0.0
ar,t5,0.8,125,0.01,none,Raw,Shift-CP,-9.350059124953278e-05,6.256604020942713e-06,-0.0001057635351305805,-8.123764736848507e-05,1.0
ar,t5,0.8,125,0.01,none,Shift-CP,Raw,9.350059124953278e-05,6.256604020942713e-06,8.123764736848507e-05,0.0001057635351305805,0.0
ar,t5,0.8,125,0.01,none,Shift-CP,Shift-CP,0.0,0.0,0.0,0.0,0.0
ar,t5,0.8,125,0.01,none,Shift-ERM,Raw,0.00011530801459550318,6.968633066303451e-06,0.00010164949378554841,0.00012896653540545795,0.0
ar,t5,0.8,125,0.01,none,Shift-ERM,Shift-CP,2.18074233459704e-05,5.227700161441366e-06,1.1561131029545324e-05,3.2053715662395474e-05,0.378
ar,t5,0.8,125,0.05,constant,POT80-Shift,Raw,7.079917433280249e-05,7.089673841807063e-06,5.690341360286065e-05,8.469493506274433e-05,0.456
ar,t5,0.8,125,0.05,constant,POT80-Shift,Shift-CP,-7.370745853651193e-06,3.0138371767201064e-06,-1.32778667200226e-05,-1.4636249872797843e-06,0.532
ar,t5,0.8,125,0.05,constant,POT90-Shift,Raw,7.816992018645369e-05,7.492939771339142e-06,6.348375823462898e-05,9.28560821382784e-05,0.462
ar,t5,0.8,125,0.05,constant,POT90-Shift,Shift-CP,0.0,0.0,0.0,0.0,0.0
ar,t5,0.8,125,0.05,constant,Raw,Raw,0.0,0.0,0.0,0.0,0.0
ar,t5,0.8,125,0.05,constant,Raw,Shift-CP,-7.816992018645369e-05,7.492939771339142e-06,-9.28560821382784e-05,-6.348375823462898e-05,0.538
ar,t5,0.8,125,0.05,constant,Shift-CP,Raw,7.816992018645369e-05,7.492939771339142e-06,6.348375823462898e-05,9.28560821382784e-05,0.462
ar,t5,0.8,125,0.05,constant,Shift-CP,Shift-CP,0.0,0.0,0.0,0.0,0.0
ar,t5,0.8,125,0.05,constant,Shift-ERM,Raw,8.087644266548629e-05,7.703503529720751e-06,6.577757574723361e-05,9.597530958373896e-05,0.432
ar,t5,0.8,125,0.05,constant,Shift-ERM,Shift-CP,2.706522479032609e-06,3.2960828758223092e-06,-3.753799957579117e-06,9.166844915644334e-06,0.426
ar,t5,0.8,125,0.05,none,POT80-Shift,Raw,0.00011299975068140248,7.089673841807061e-06,9.910398995146064e-05,0.00012689551141134431,0.0
ar,t5,0.8,125,0.05,none,POT80-Shift,Shift-CP,-7.370745853651193e-06,3.0138371767201064e-06,-1.32778667200226e-05,-1.4636249872797843e-06,0.532
ar,t5,0.8,125,0.05,none,POT90-Shift,Raw,0.00012037049653505366,7.49293977133914e-06,0.00010568433458322895,0.00013505665848687838,0.0
ar,t5,0.8,125,0.05,none,POT90-Shift,Shift-CP,0.0,0.0,0.0,0.0,0.0
ar,t5,0.8,125,0.05,none,Raw,Raw,0.0,0.0,0.0,0.0,0.0
ar,t5,0.8,125,0.05,none,Raw,Shift-CP,-0.00012037049653505366,7.49293977133914e-06,-0.00013505665848687838,-0.00010568433458322895,1.0
ar,t5,0.8,125,0.05,none,Shift-CP,Raw,0.00012037049653505366,7.49293977133914e-06,0.00010568433458322895,0.00013505665848687838,0.0
ar,t5,0.8,125,0.05,none,Shift-CP,Shift-CP,0.0,0.0,0.0,0.0,0.0
ar,t5,0.8,125,0.05,none,Shift-ERM,Raw,0.00012307701901408626,7.70350352972075e-06,0.0001079781520958336,0.00013817588593233892,0.0
ar,t5,0.8,125,0.05,none,Shift-ERM,Shift-CP,2.706522479032609e-06,3.2960828758223092e-06,-3.753799957579117e-06,9.166844915644334e-06,0.426
ar,t5,0.8,250,0.01,constant,POT80-Shift,Raw,4.706092536736846e-05,3.6439426709131925e-06,3.99187977323786e-05,5.420305300235832e-05,0.338
ar,t5,0.8,250,0.01,constant,POT80-Shift,Shift-CP,-1.3078825991659802e-05,4.8752084468093585e-06,-2.2634234547406142e-05,-3.5234174359134605e-06,0.502
ar,t5,0.8,250,0.01,constant,POT90-Shift,Raw,4.6283288200235856e-05,3.610673674898784e-06,3.9206367797434236e-05,5.3360208603037476e-05,0.332
ar,t5,0.8,250,0.01,constant,POT90-Shift,Shift-CP,-1.3856463158792397e-05,4.7120018750921505e-06,-2.309198683397301e-05,-4.6209394836117825e-06,0.502
ar,t5,0.8,250,0.01,constant,Raw,Raw,0.0,0.0,0.0,0.0,0.0
ar,t5,0.8,250,0.01,constant,Raw,Shift-CP,-6.013975135902825e-05,6.136823404850977e-06,-7.216792523253616e-05,-4.811157748552034e-05,0.744
ar,t5,0.8,250,0.01,constant,Shift-CP,Raw,6.013975135902825e-05,6.136823404850977e-06,4.811157748552034e-05,7.216792523253616e-05,0.256
ar,t5,0.8,250,0.01,constant,Shift-CP,Shift-CP,0.0,0.0,0.0,0.0,0.0
ar,t5,0.8,250,0.01,constant,Shift-ERM,Raw,5.289137185461885e-05,4.096490075154276e-06,4.4862251307316474e-05,6.092049240192123e-05,0.294
ar,t5,0.8,250,0.01,constant,Shift-ERM,Shift-CP,-7.248379504409401e-06,4.415767911027349e-06,-1.5903284610023005e-05,1.4065256012042044e-06,0.496
ar,t5,0.8,250,0.01,none,POT80-Shift,Raw,5.421388254516838e-05,3.643942670913193e-06,4.707175491017852e-05,6.135601018015824e-05,0.0
ar,t5,0.8,250,0.01,none,POT80-Shift,Shift-CP,-1.3078825991659802e-05,4.8752084468093585e-06,-2.2634234547406142e-05,-3.5234174359134605e-06,0.502
ar,t5,0.8,250,0.01,none,POT90-Shift,Raw,5.343624537803578e-05,3.610673674898784e-06,4.635932497523416e-05,6.05131657808374e-05,0.0
ar,t5,0.8,250,0.01,none,POT90-Shift,Shift-CP,-1.3856463158792397e-05,4.7120018750921505e-06,-2.309198683397301e-05,-4.6209394836117825e-06,0.502
ar,t5,0.8,250,0.01,none,Raw,Raw,0.0,0.0,0.0,0.0,0.0
ar,t5,0.8,250,0.01,none,Raw,Shift-CP,-6.729270853682817e-05,6.136823404850978e-06,-7.932088241033609e-05,-5.5264534663320255e-05,1.0
ar,t5,0.8,250,0.01,none,Shift-CP,Raw,6.729270853682817e-05,6.136823404850978e-06,5.5264534663320255e-05,7.932088241033609e-05,0.0
ar,t5,0.8,250,0.01,none,Shift-CP,Shift-CP,0.0,0.0,0.0,0.0,0.0
ar,t5,0.8,250,0.01,none,Shift-ERM,Raw,6.0044329032418786e-05,4.096490075154275e-06,5.201520848511641e-05,6.807344957972117e-05,0.0
ar,t5,0.8,250,0.01,none,Shift-ERM,Shift-CP,-7.248379504409401e-06,4.415767911027349e-06,-1.5903284610023005e-05,1.4065256012042044e-06,0.496
ar,t5,0.8,250,0.05,constant,POT80-Shift,Raw,1.9338850327405094e-05,3.656070188566128e-06,1.2172952757815484e-05,2.6504747896994704e-05,0.586
ar,t5,0.8,250,0.05,constant,POT80-Shift,Shift-CP,-7.289323663418195e-06,1.7977853296736078e-06,-1.0812982909578467e-05,-3.765664417257924e-06,0.54
ar,t5,0.8,250,0.05,constant,POT90-Shift,Raw,2.3420585571975494e-05,3.923755583368105e-06,1.5730024628574008e-05,3.111114651537698e-05,0.566
ar,t5,0.8,250,0.05,constant,POT90-Shift,Shift-CP,-3.207588418847791e-06,1.4437000336406674e-06,-6.0372404847835e-06,-3.779363529120829e-07,0.496
ar,t5,0.8,250,0.05,constant,Raw,Raw,0.0,0.0,0.0,0.0,0.0
ar,t5,0.8,250,0.05,constant,Raw,Shift-CP,-2.6628173990823288e-05,4.1034490795007974e-06,-3.467093418664485e-05,-1.8585413795001725e-05,0.452
ar,t5,0.8,250,0.05,constant,Shift-CP,Raw,2.6628173990823288e-05,4.1034490795007974e-06,1.8585413795001725e-05,3.467093418664485e-05,0.548
ar,t5,0.8,250,0.05,constant,Shift-CP,Shift-CP,0.0,0.0,0.0,0.0,0.0
ar,t5,0.8,250,0.05,constant,Shift-ERM,Raw,2.6655918742943094e-05,4.062642562838472e-06,1.869313931977969e-05,3.46186981661065e-05,0.546
ar,t5,0.8,250,0.05,constant,Shift-ERM,Shift-CP,2.774475211980709e-08,1.2392671026635436e-06,-2.4012187691007382e-06,2.4567082733403526e-06,0.468
ar,t5,0.8,250,0.05,none,POT80-Shift,Raw,6.153942667600507e-05,3.6560701885661275e-06,5.437352910641546e-05,6.870532424559468e-05,0.0
ar,t5,0.8,250,0.05,none,POT80-Shift,Shift-CP,-7.289323663418195e-06,1.7977853296736078e-06,-1.0812982909578467e-05,-3.765664417257924e-06,0.54
ar,t5,0.8,250,0.05,none,POT90-Shift,Raw,6.562116192057546e-05,3.923755583368107e-06,5.793060097717397e-05,7.331172286397695e-05,0.0
ar,t5,0.8,250,0.05,none,POT90-Shift,Shift-CP,-3.207588418847791e-06,1.4437000336406674e-06,-6.0372404847835e-06,-3.779363529120829e-07,0.496
ar,t5,0.8,250,0.05,none,Raw,Raw,0.0,0.0,0.0,0.0,0.0
ar,t5,0.8,250,0.05,none,Raw,Shift-CP,-6.882875033942326e-05,4.103449079500798e-06,-7.687151053524482e-05,-6.078599014360169e-05,1.0
ar,t5,0.8,250,0.05,none,Shift-CP,Raw,6.882875033942326e-05,4.103449079500798e-06,6.078599014360169e-05,7.687151053524482e-05,0.0
ar,t5,0.8,250,0.05,none,Shift-CP,Shift-CP,0.0,0.0,0.0,0.0,0.0
ar,t5,0.8,250,0.05,none,Shift-ERM,Raw,6.885649509154307e-05,4.062642562838472e-06,6.089371566837967e-05,7.681927451470648e-05,0.0
ar,t5,0.8,250,0.05,none,Shift-ERM,Shift-CP,2.774475211980709e-08,1.2392671026635436e-06,-2.4012187691007382e-06,2.4567082733403526e-06,0.468
ar,t5,0.8,500,0.01,constant,POT80-Shift,Raw,1.8900642615273452e-05,1.6573874082757379e-06,1.5652163295053005e-05,2.21491219354939e-05,0.426
ar,t5,0.8,500,0.01,constant,POT80-Shift,Shift-CP,-4.267120449907e-06,1.0035112210122438e-06,-6.234002443090997e-06,-2.3002384567230017e-06,0.528
ar,t5,0.8,500,0.01,constant,POT90-Shift,Raw,1.939263530422365e-05,1.716693086048061e-06,1.602791685556945e-05,2.275735375287785e-05,0.41
ar,t5,0.8,500,0.01,constant,POT90-Shift,Shift-CP,-3.7751277609568e-06,9.426121668469336e-07,-5.62264760797679e-06,-1.92760791393681e-06,0.528
ar,t5,0.8,500,0.01,constant,Raw,Raw,0.0,0.0,0.0,0.0,0.0
ar,t5,0.8,500,0.01,constant,Raw,Shift-CP,-2.3167763065180453e-05,2.0274691977570633e-06,-2.7141602692784297e-05,-1.919392343757661e-05,0.616
ar,t5,0.8,500,0.01,constant,Shift-CP,Raw,2.3167763065180453e-05,2.0274691977570633e-06,1.919392343757661e-05,2.7141602692784297e-05,0.384
ar,t5,0.8,500,0.01,constant,Shift-CP,Shift-CP,0.0,0.0,0.0,0.0,0.0
ar,t5,0.8,500,0.01,constant,Shift-ERM,Raw,2.3878919359317256e-05,2.0494919619677076e-06,1.986191511386055e-05,2.7895923604773963e-05,0.4
ar,t5,0.8,500,0.01,constant,Shift-ERM,Shift-CP,7.11156294136799e-07,8.835046336113423e-07,-1.0205127877414318e-06,2.44282537601503e-06,0.452
ar,t5,0.8,500,0.01,none,POT80-Shift,Raw,2.6053599793073382e-05,1.6573874082757379e-06,2.2805120472852935e-05,2.930207911329383e-05,0.0
ar,t5,0.8,500,0.01,none,POT80-Shift,Shift-CP,-4.267120449907e-06,1.0035112210122438e-06,-6.234002443090997e-06,-2.3002384567230017e-06,0.528
ar,t5,0.8,500,0.01,none,POT90-Shift,Raw,2.654559248202358e-05,1.7166930860480606e-06,2.318087403336938e-05,2.991031093067778e-05,0.0
ar,t5,0.8,500,0.01,none,POT90-Shift,Shift-CP,-3.7751277609568e-06,9.426121668469336e-07,-5.62264760797679e-06,-1.92760791393681e-06,0.528
ar,t5,0.8,500,0.01,none,Raw,Raw,0.0,0.0,0.0,0.0,0.0
ar,t5,0.8,500,0.01,none,Raw,Shift-CP,-3.0320720242980383e-05,2.0274691977570633e-06,-3.429455987058423e-05,-2.634688061537654e-05,1.0
ar,t5,0.8,500,0.01,none,Shift-CP,Raw,3.0320720242980383e-05,2.0274691977570633e-06,2.634688061537654e-05,3.429455987058423e-05,0.0
ar,t5,0.8,500,0.01,none,Shift-CP,Shift-CP,0.0,0.0,0.0,0.0,0.0
ar,t5,0.8,500,0.01,none,Shift-ERM,Raw,3.103187653711718e-05,2.0494919619677076e-06,2.7014872291660475e-05,3.504888078257389e-05,0.0
ar,t5,0.8,500,0.01,none,Shift-ERM,Shift-CP,7.11156294136799e-07,8.835046336113423e-07,-1.0205127877414318e-06,2.44282537601503e-06,0.452
ar,t5,0.8,500,0.05,constant,POT80-Shift,Raw,-1.0041720844457512e-05,1.9697632983054378e-06,-1.390245690913617e-05,-6.180984779778854e-06,0.736
ar,t5,0.8,500,0.05,constant,POT80-Shift,Shift-CP,-1.660643302177003e-06,6.94387444046537e-07,-3.0216426925082154e-06,-2.9964391184579056e-07,0.52
ar,t5,0.8,500,0.05,constant,POT90-Shift,Raw,-8.212340169604111e-06,2.0858909696303716e-06,-1.230068647007964e-05,-4.1239938691285825e-06,0.716
ar,t5,0.8,500,0.05,constant,POT90-Shift,Shift-CP,1.6873737267639968e-07,5.883762675109986e-07,-9.844801116451577e-07,1.321954856997957e-06,0.498
ar,t5,0.8,500,0.05,constant,Raw,Raw,0.0,0.0,0.0,0.0,0.0
ar,t5,0.8,500,0.05,constant,Raw,Shift-CP,8.381077542280509e-06,2.0502013040684423e-06,4.362682986306362e-06,1.2399472098254655e-05,0.274
ar,t5,0.8,500,0.05,constant,Shift-CP,Raw,-8.381077542280509e-06,2.0502013040684423e-06,-1.2399472098254655e-05,-4.362682986306362e-06,0.726
ar,t5,0.8,500,0.05,constant,Shift-CP,Shift-CP,0.0,0.0,0.0,0.0,0.0
ar,t5,0.8,500,0.05,constant,Shift-ERM,Raw,-7.947287813221905e-06,2.1432816262850943e-06,-1.214811980074069e-05,-3.74645582570312e-06,0.726
ar,t5,0.8,500,0.05,constant,Shift-ERM,Shift-CP,4.337897290586038e-07,4.1977133787069215e-07,-3.8896209316795274e-07,1.2565415512851604e-06,0.462
ar,t5,0.8,500,0.05,none,POT80-Shift,Raw,3.215885550414246e-05,1.9697632983054374e-06,2.8298119439463805e-05,3.601959156882112e-05,0.0
ar,t5,0.8,500,0.05,none,POT80-Shift,Shift-CP,-1.660643302177003e-06,6.94387444046537e-07,-3.0216426925082154e-06,-2.9964391184579056e-07,0.52
ar,t5,0.8,500,0.05,none,POT90-Shift,Raw,3.398823617899586e-05,2.085890969630371e-06,2.9899889878520335e-05,3.807658247947139e-05,0.0
ar,t5,0.8,500,0.05,none,POT90-Shift,Shift-CP,1.6873737267639968e-07,5.883762675109986e-07,-9.844801116451577e-07,1.321954856997957e-06,0.498
ar,t5,0.8,500,0.05,none,Raw,Raw,0.0,0.0,0.0,0.0,0.0
ar,t5,0.8,500,0.05,none,Raw,Shift-CP,-3.3819498806319467e-05,2.050201304068442e-06,-3.783789336229361e-05,-2.980110425034532e-05,1.0
ar,t5,0.8,500,0.05,none,Shift-CP,Raw,3.3819498806319467e-05,2.050201304068442e-06,2.980110425034532e-05,3.783789336229361e-05,0.0
ar,t5,0.8,500,0.05,none,Shift-CP,Shift-CP,0.0,0.0,0.0,0.0,0.0
ar,t5,0.8,500,0.05,none,Shift-ERM,Raw,3.425328853537807e-05,2.1432816262850947e-06,3.0052456547859284e-05,3.8454120522896853e-05,0.0
ar,t5,0.8,500,0.05,none,Shift-ERM,Shift-CP,4.337897290586038e-07,4.1977133787069215e-07,-3.8896209316795274e-07,1.2565415512851604e-06,0.462
ar,t5,0.8,1000,0.01,constant,POT80-Shift,Raw,4.725546267861256e-06,7.466040957573053e-07,3.262202240176937e-06,6.188890295545574e-06,0.574
ar,t5,0.8,1000,0.01,constant,POT80-Shift,Shift-CP,-1.6126385727952006e-06,4.2270098609368467e-07,-2.4411325055388225e-06,-7.841446400515787e-07,0.556
ar,t5,0.8,1000,0.01,constant,POT90-Shift,Raw,4.968267847790455e-06,7.517778447196164e-07,3.4947832721400068e-06,6.441752423440903e-06,0.56
ar,t5,0.8,1000,0.01,constant,POT90-Shift,Shift-CP,-1.3699169928660008e-06,4.135267811432315e-07,-2.1804294839067346e-06,-5.594045018252671e-07,0.536
ar,t5,0.8,1000,0.01,constant,Raw,Raw,0.0,0.0,0.0,0.0,0.0
ar,t5,0.8,1000,0.01,constant,Raw,Shift-CP,-6.338184840656456e-06,7.902073866138401e-07,-7.886991318419583e-06,-4.7893783628933296e-06,0.476
ar,t5,0.8,1000,0.01,constant,Shift-CP,Raw,6.338184840656456e-06,7.902073866138401e-07,4.7893783628933296e-06,7.886991318419583e-06,0.524
ar,t5,0.8,1000,0.01,constant,Shift-CP,Shift-CP,0.0,0.0,0.0,0.0,0.0
ar,t5,0.8,1000,0.01,constant,Shift-ERM,Raw,6.839758846518056e-06,8.242164572291818e-07,5.224294590348859e-06,8.455223102687252e-06,0.522
ar,t5,0.8,1000,0.01,constant,Shift-ERM,Shift-CP,5.01574005861599e-07,2.98383704008073e-07,-8.325805399422408e-08,1.086406065717422e-06,0.444
ar,t5,0.8,1000,0.01,none,POT80-Shift,Raw,1.1878503445661182e-05,7.466040957573051e-07,1.0415159417976864e-05,1.3341847473345501e-05,0.0
ar,t5,0.8,1000,0.01,none,POT80-Shift,Shift-CP,-1.6126385727952006e-06,4.2270098609368467e-07,-2.4411325055388225e-06,-7.841446400515787e-07,0.556
ar,t5,0.8,1000,0.01,none,POT90-Shift,Raw,1.2121225025590383e-05,7.517778447196163e-07,1.0647740449939935e-05,1.3594709601240832e-05,0.0
ar,t5,0.8,1000,0.01,none,POT90-Shift,Shift-CP,-1.3699169928660008e-06,4.135267811432315e-07,-2.1804294839067346e-06,-5.594045018252671e-07,0.536
ar,t5,0.8,1000,0.01,none,Raw,Raw,0.0,0.0,0.0,0.0,0.0
ar,t5,0.8,1000,0.01,none,Raw,Shift-CP,-1.3491142018456384e-05,7.902073866138401e-07,-1.503994849621951e-05,-1.1942335540693258e-05,1.0
ar,t5,0.8,1000,0.01,none,Shift-CP,Raw,1.3491142018456384e-05,7.902073866138401e-07,1.1942335540693258e-05,1.503994849621951e-05,0.0
ar,t5,0.8,1000,0.01,none,Shift-CP,Shift-CP,0.0,0.0,0.0,0.0,0.0
ar,t5,0.8,1000,0.01,none,Shift-ERM,Raw,1.3992716024317982e-05,8.242164572291816e-07,1.2377251768148786e-05,1.5608180280487177e-05,0.0
ar,t5,0.8,1000,0.01,none,Shift-ERM,Shift-CP,5.01574005861599e-07,2.98383704008073e-07,-8.325805399422408e-08,1.086406065717422e-06,0.444
ar,t5,0.8,1000,0.05,constant,POT80-Shift,Raw,-2.635361118128371e-05,1.0161755700810007e-06,-2.834531529864247e-05,-2.436190706392495e-05,0.884
ar,t5,0.8,1000,0.05,constant,POT80-Shift,Shift-CP,-1.0734316092906038e-06,3.7378512512765714e-07,-1.806050454540812e-06,-3.4081276404039586e-07,0.546
ar,t5,0.8,1000,0.05,constant,POT90-Shift,Raw,-2.5611645607540104e-05,1.03884548529023e-06,-2.7647782758708953e-05,-2.3575508456371255e-05,0.88
ar,t5,0.8,1000,0.05,constant,POT90-Shift,Shift-CP,-3.3146603554700054e-07,2.971969132873383e-07,-9.139719855901835e-07,2.510399144961825e-07,0.538
ar,t5,0.8,1000,0.05,constant,Raw,Raw,0.0,0.0,0.0,0.0,0.0
ar,t5,0.8,1000,0.05,constant,Raw,Shift-CP,2.52801795719931e-05,1.0452670564081777e-06,2.323145614143307e-05,2.732890300255313e-05,0.112
ar,t5,0.8,1000,0.05,constant,Shift-CP,Raw,-2.52801795719931e-05,1.0452670564081777e-06,-2.732890300255313e-05,-2.323145614143307e-05,0.888
ar,t5,0.8,1000,0.05,constant,Shift-CP,Shift-CP,0.0,0.0,0.0,0.0,0.0
ar,t5,0.8,1000,0.05,constant,Shift-ERM,Raw,-2.5302505220052306e-05,1.051113625426569e-06,-2.736268792588838e-05,-2.3242322514216233e-05,0.878
ar,t5,0.8,1000,0.05,constant,Shift-ERM,Shift-CP,-2.2325648059200176e-08,1.694745689697473e-07,-3.544958032399049e-07,3.098445071215045e-07,0.458
ar,t5,0.8,1000,0.05,none,POT80-Shift,Raw,1.584696516731626e-05,1.016175570081001e-06,1.38552610499575e-05,1.783866928467502e-05,0.0
ar,t5,0.8,1000,0.05,none,POT80-Shift,Shift-CP,-1.0734316092906038e-06,3.7378512512765714e-07,-1.806050454540812e-06,-3.4081276404039586e-07,0.546
ar,t5,0.8,1000,0.05,none,POT90-Shift,Raw,1.6588930741059868e-05,1.03884548529023e-06,1.4552793589891017e-05,1.8625067892228716e-05,0.0
ar,t5,0.8,1000,0.05,none,POT90-Shift,Shift-CP,-3.3146603554700054e-07,2.971969132873383e-07,-9.139719855901835e-07,2.510399144961825e-07,0.538
ar,t5,0.8,1000,0.05,none,Raw,Raw,0.0,0.0,0.0,0.0,0.0
ar,t5,0.8,1000,0.05,none,Raw,Shift-CP,-1.6920396776606868e-05,1.045267056408178e-06,-1.8969120207166897e-05,-1.4871673346046838e-05,1.0
ar,t5,0.8,1000,0.05,none,Shift-CP,Raw,1.6920396776606868e-05,1.045267056408178e-06,1.4871673346046838e-05,1.8969120207166897e-05,0.0
ar,t5,0.8,1000,0.05,none,Shift-CP,Shift-CP,0.0,0.0,0.0,0.0,0.0
ar,t5,0.8,1000,0.05,none,Shift-ERM,Raw,1.689807112854767e-05,1.051113625426569e-06,1.4837888422711594e-05,1.8958253834383743e-05,0.0
ar,t5,0.8,1000,0.05,none,Shift-ERM,Shift-CP,-2.2325648059200176e-08,1.694745689697473e-07,-3.544958032399049e-07,3.098445071215045e-07,0.458
garch,normal,0.0,125,0.01,constant,POT80-Shift,Raw,-2.4257323335579844e-06,9.502961331758474e-07,-4.2883127545826456e-06,-5.631519125333235e-07,0.706
garch,normal,0.0,125,0.01,constant,POT80-Shift,Shift-CP,-1.3636665210602601e-05,1.7151282892094597e-06,-1.6998316657453143e-05,-1.027501376375206e-05,0.594
garch,normal,0.0,125,0.01,constant,POT80-Shift,Vol-ERM,-3.8551966361976e-06,7.953877312817452e-07,-5.41415658950982e-06,-2.29623668288538e-06,0.584
garch,normal,0.0,125,0.01,constant,POT80-Vol,Raw,-3.213564082089784e-06,9.756885689085318e-07,-5.125913677150507e-06,-1.3012144870290618e-06,0.738
garch,normal,0.0,125,0.01,constant,POT80-Vol,Shift-CP,-1.44244969591344e-05,1.8526327403805169e-06,-1.8055657130280213e-05,-1.0793336787988587e-05,0.588
garch,normal,0.0,125,0.01,constant,POT80-Vol,Vol-ERM,-4.6430283847294e-06,7.835544157056162e-07,-6.178795039512408e-06,-3.1072617299463927e-06,0.576
garch,normal,0.0,125,0.01,constant,POT90-Shift,Raw,1.1210932877044616e-05,1.7646429015516337e-06,7.752232790003414e-06,1.4669632964085818e-05,0.564
garch,normal,0.0,125,0.01,constant,POT90-Shift,Shift-CP,0.0,0.0,0.0,0.0,0.0
garch,normal,0.0,125,0.01,constant,POT90-Shift,Vol-ERM,9.781468574405e-06,1.9362954847049556e-06,5.986329424383287e-06,1.3576607724426714e-05,0.438
garch,normal,0.0,125,0.01,constant,POT90-Vol,Raw,7.2394210255066155e-06,1.4376050531255227e-06,4.421715121380591e-06,1.0057126929632639e-05,0.594
garch,normal,0.0,125,0.01,constant,POT90-Vol,Shift-CP,-3.971511851538001e-06,7.732271021653771e-07,-5.487036971782141e-06,-2.455986731293862e-06,0.498
garch,normal,0.0,125,0.01,constant,POT90-Vol,Vol-ERM,5.809956722866999e-06,1.6695540046078104e-06,2.5376308738356905e-06,9.082282571898308e-06,0.414
garch,normal,0.0,125,0.01,constant,Raw,Raw,0.0,0.0,0.0,0.0,0.0
garch,normal,0.0,125,0.01,constant,Raw,Shift-CP,-1.1210932877044616e-05,1.7646429015516337e-06,-1.4669632964085818e-05,-7.752232790003414e-06,0.436
garch,normal,0.0,125,0.01,constant,Raw,Vol-ERM,-1.4294643026396165e-06,1.2203811005766762e-06,-3.821411259769902e-06,9.624826544906689e-07,0.316
garch,normal,0.0,125,0.01,constant,Shift-CP,Raw,1.1210932877044616e-05,1.7646429015516337e-06,7.752232790003414e-06,1.4669632964085818e-05,0.564
garch,normal,0.0,125,0.01,constant,Shift-CP,Shift-CP,0.0,0.0,0.0,0.0,0.0
garch,normal,0.0,125,0.01,constant,Shift-CP,Vol-ERM,9.781468574405e-06,1.9362954847049556e-06,5.986329424383287e-06,1.3576607724426714e-05,0.438
garch,normal,0.0,125,0.01,constant,Shift-ERM,Raw,1.613243518987617e-06,1.2482705087602904e-06,-8.333666781825519e-07,4.059853716157786e-06,0.668
garch,normal,0.0,125,0.01,constant,Shift-ERM,Shift-CP,-9.597689358057e-06,1.9806789652193737e-06,-1.3479820129886972e-05,-5.715558586227027e-06,0.576
garch,normal,0.0,125,0.01,constant,Shift-ERM,Vol-ERM,1.8377921634800085e-07,4.27205427595416e-07,-6.535434217390145e-07,1.0211018544350162e-06,0.598
garch,normal,0.0,125,0.01,constant,State-L1,Raw,0.00044988654471584023,9.864586879856697e-05,0.00025654064187064895,0.0006432324475610315,0.394
garch,normal,0.0,125,0.01,constant,State-L1,Shift-CP,0.00043867561183879563,9.87556032536669e-05,0.00024511462946160854,0.0006322365942159827,0.336
garch,normal,0.0,125,0.01,constant,State-L1,Vol-ERM,0.0004484570804132006,9.870928457605519e-05,0.00025498688264413244,0.0006419272781822687,0.342
garch,normal,0.0,125,0.01,constant,State-L1-clipped,Raw,7.495282286414603e-05,1.0474113100350052e-05,5.442356118745992e-05,9.548208454083213e-05,0.406
garch,normal,0.0,125,0.01,constant,State-L1-clipped,Shift-CP,6.374188998710142e-05,1.0679821777287861e-05,4.280943930361721e-05,8.467434067058562e-05,0.36
garch,normal,0.0,125,0.01,constant,State-L1-clipped,Vol-ERM,7.35233585615064e-05,1.0437697044324812e-05,5.306547235462976e-05,9.398124476838303e-05,0.354
garch,normal,0.0,125,0.01,constant,State2-ERM,Raw,5.760861559503622e-05,6.853847443502507e-06,4.4175074605771305e-05,7.104215658430114e-05,0.298
garch,normal,0.0,125,0.01,constant,State2-ERM,Shift-CP,4.63976827179916e-05,6.968845266760702e-06,3.2738745995140624e-05,6.0056619440842575e-05,0.27
garch,normal,0.0,125,0.01,constant,State2-ERM,Vol-ERM,5.6179151292396605e-05,6.833265216828685e-06,4.278595146741238e-05,6.957235111738083e-05,0.184
garch,normal,0.0,125,0.01,constant,State4-ERM,Raw,0.0015429627652153838,0.00017873517649385609,0.001192641819287426,0.0018932837111433416,0.02
garch,normal,0.0,125,0.01,constant,State4-ERM,Shift-CP,0.001531751832338339,0.00017892843818201435,0.0011810520935015907,0.001882451571175087,0.076
garch,normal,0.0,125,0.01,constant,State4-ERM,Vol-ERM,0.0015415333009127443,0.00017876730271146538,0.0011911493875982721,0.0018919172142272164,0.02
garch,normal,0.0,125,0.01,constant,Vol-CP,Raw,7.2394210255066155e-06,1.4376050531255227e-06,4.421715121380591e-06,1.0057126929632639e-05,0.594
garch,normal,0.0,125,0.01,constant,Vol-CP,Shift-CP,-3.971511851538001e-06,7.732271021653771e-07,-5.487036971782141e-06,-2.455986731293862e-06,0.498
garch,normal,0.0,125,0.01,constant,Vol-CP,Vol-ERM,5.809956722866999e-06,1.6695540046078104e-06,2.5376308738356905e-06,9.082282571898308e-06,0.414
garch,normal,0.0,125,0.01,constant,Vol-ERM,Raw,1.4294643026396165e-06,1.2203811005766762e-06,-9.624826544906689e-07,3.821411259769902e-06,0.684
garch,normal,0.0,125,0.01,constant,Vol-ERM,Shift-CP,-9.781468574405e-06,1.9362954847049556e-06,-1.3576607724426714e-05,-5.986329424383287e-06,0.562
garch,normal,0.0,125,0.01,constant,Vol-ERM,Vol-ERM,0.0,0.0,0.0,0.0,0.0
garch,normal,0.0,125,0.01,none,POT80-Shift,Raw,1.4596453211341991e-05,9.502961331758474e-07,1.273387279031733e-05,1.6459033632366653e-05,0.0
garch,normal,0.0,125,0.01,none,POT80-Shift,Shift-CP,-1.3636665210602601e-05,1.7151282892094597e-06,-1.6998316657453143e-05,-1.027501376375206e-05,0.594
garch,normal,0.0,125,0.01,none,POT80-Shift,Vol-ERM,-4.0016811578668e-06,8.447858072526539e-07,-5.657461340082001e-06,-2.3459009756515984e-06,0.544
garch,normal,0.0,125,0.01,none,POT80-Vol,Raw,1.4173877508794792e-05,1.0401300346303379e-06,1.213522264091933e-05,1.6212532376670255e-05,0.0
garch,normal,0.0,125,0.01,none,POT80-Vol,Shift-CP,-1.4059240913149802e-05,1.865531365733143e-06,-1.771568238998676e-05,-1.0402799436312841e-05,0.604
garch,normal,0.0,125,0.01,none,POT80-Vol,Vol-ERM,-4.424256860413998e-06,7.90595827342115e-07,-5.973824682004543e-06,-2.874689038823453e-06,0.566
garch,normal,0.0,125,0.01,none,POT90-Shift,Raw,2.8233118421944592e-05,1.7646429015516337e-06,2.477441833490339e-05,3.1691818508985794e-05,0.0
garch,normal,0.0,125,0.01,none,POT90-Shift,Shift-CP,0.0,0.0,0.0,0.0,0.0
garch,normal,0.0,125,0.01,none,POT90-Shift,Vol-ERM,9.634984052735803e-06,1.9366916306660728e-06,5.8390684566303006e-06,1.3430899648841306e-05,0.398
garch,normal,0.0,125,0.01,none,POT90-Vol,Raw,2.4769844732914192e-05,1.4873986976985633e-06,2.1854543285425007e-05,2.7685146180403377e-05,0.0
garch,normal,0.0,125,0.01,none,POT90-Vol,Shift-CP,-3.4632736890303993e-06,7.024402225633778e-07,-4.84005652525462e-06,-2.086490852806179e-06,0.524
garch,normal,0.0,125,0.01,none,POT90-Vol,Vol-ERM,6.171710363705403e-06,1.6779651414597285e-06,2.8828986864443353e-06,9.460522040966471e-06,0.414
garch,normal,0.0,125,0.01,none,Raw,Raw,0.0,0.0,0.0,0.0,0.0
garch,normal,0.0,125,0.01,none,Raw,Shift-CP,-2.8233118421944592e-05,1.7646429015516337e-06,-3.1691818508985794e-05,-2.477441833490339e-05,1.0
garch,normal,0.0,125,0.01,none,Raw,Vol-ERM,-1.859813436920879e-05,1.2704390963112644e-06,-2.108819499797887e-05,-1.610807374043871e-05,1.0
garch,normal,0.0,125,0.01,none,Shift-CP,Raw,2.8233118421944592e-05,1.7646429015516337e-06,2.477441833490339e-05,3.1691818508985794e-05,0.0
garch,normal,0.0,125,0.01,none,Shift-CP,Shift-CP,0.0,0.0,0.0,0.0,0.0
garch,normal,0.0,125,0.01,none,Shift-CP,Vol-ERM,9.634984052735803e-06,1.9366916306660728e-06,5.8390684566303006e-06,1.3430899648841306e-05,0.398
garch,normal,0.0,125,0.01,none,Shift-ERM,Raw,1.8635429063887593e-05,1.2482705087602906e-06,1.6188818866717423e-05,2.1082039261057762e-05,0.0
garch,normal,0.0,125,0.01,none,Shift-ERM,Shift-CP,-9.597689358057e-06,1.9806789652193737e-06,-1.3479820129886972e-05,-5.715558586227027e-06,0.576
garch,normal,0.0,125,0.01,none,Shift-ERM,Vol-ERM,3.729469467880222e-08,6.066825164142806e-07,-1.1518030374931875e-06,1.2263924268507922e-06,0.456
garch,normal,0.0,125,0.01,none,State-L1,Raw,0.0004669087302607402,9.864586879856694e-05,0.00027356282741554903,0.0006602546331059314,0.0
garch,normal,0.0,125,0.01,none,State-L1,Shift-CP,0.00043867561183879563,9.87556032536669e-05,0.00024511462946160854,0.0006322365942159827,0.336
garch,normal,0.0,125,0.01,none,State-L1,Vol-ERM,0.00044831059589153137,9.87049280361542e-05,0.00025484893694066916,0.0006417722548423936,0.27
garch,normal,0.0,125,0.01,none,State-L1-clipped,Raw,9.197500840904599e-05,1.047411310035005e-05,7.144574673235988e-05,0.00011250427008573209,0.0
garch,normal,0.0,125,0.01,none,State-L1-clipped,Shift-CP,6.374188998710142e-05,1.0679821777287861e-05,4.280943930361721e-05,8.467434067058562e-05,0.36
garch,normal,0.0,125,0.01,none,State-L1-clipped,Vol-ERM,7.33768740398372e-05,1.0430012194907554e-05,5.293405013781839e-05,9.3819697941856e-05,0.28
garch,normal,0.0,125,0.01,none,State2-ERM,Raw,7.463080113993619e-05,6.853847443502508e-06,6.119726015067127e-05,8.806434212920111e-05,0.0
garch,normal,0.0,125,0.01,none,State2-ERM,Shift-CP,4.63976827179916e-05,6.968845266760702e-06,3.2738745995140624e-05,6.0056619440842575e-05,0.27
garch,normal,0.0,125,0.01,none,State2-ERM,Vol-ERM,5.6032666770727405e-05,6.807358626801382e-06,4.26902438621967e-05,6.937508967925811e-05,0.182
garch,normal,0.0,125,0.01,none,State4-ERM,Raw,0.0015599849507602836,0.00017873517649385609,0.0012096640048323256,0.0019103058966882416,0.0
garch,normal,0.0,125,0.01,none,State4-ERM,Shift-CP,0.001531751832338339,0.00017892843818201435,0.0011810520935015907,0.001882451571175087,0.076
garch,normal,0.0,125,0.01,none,State4-ERM,Vol-ERM,0.0015413868163910748,0.00017873953205113148,0.001191057333570857,0.0018917162992112926,0.018
garch,normal,0.0,125,0.01,none,Vol-CP,Raw,2.4769844732914192e-05,1.4873986976985633e-06,2.1854543285425007e-05,2.7685146180403377e-05,0.0
garch,normal,0.0,125,0.01,none,Vol-CP,Shift-CP,-3.4632736890303993e-06,7.024402225633778e-07,-4.84005652525462e-06,-2.086490852806179e-06,0.524
garch,normal,0.0,125,0.01,none,Vol-CP,Vol-ERM,6.171710363705403e-06,1.6779651414597285e-06,2.8828986864443353e-06,9.460522040966471e-06,0.414
garch,normal,0.0,125,0.01,none,Vol-ERM,Raw,1.859813436920879e-05,1.2704390963112644e-06,1.610807374043871e-05,2.108819499797887e-05,0.0
garch,normal,0.0,125,0.01,none,Vol-ERM,Shift-CP,-9.634984052735803e-06,1.9366916306660728e-06,-1.3430899648841306e-05,-5.8390684566303006e-06,0.602
garch,normal,0.0,125,0.01,none,Vol-ERM,Vol-ERM,0.0,0.0,0.0,0.0,0.0
garch,normal,0.0,125,0.01,state,POT80-Shift,Raw,1.1757997445900998e-05,1.1203759146398599e-06,9.562060653206872e-06,1.3953934238595124e-05,0.434
garch,normal,0.0,125,0.01,state,POT80-Shift,Shift-CP,-1.646241576101e-05,1.8879480669280343e-06,-2.0162793972188947e-05,-1.2762037549831053e-05,0.62
garch,normal,0.0,125,0.01,state,POT80-Shift,Vol-ERM,-2.071287305986601e-06,9.390475680732823e-07,-3.911820539410235e-06,-2.3075407256296777e-07,0.446
garch,normal,0.0,125,0.01,state,POT80-Vol,Raw,9.527338589693799e-06,1.2218676398811401e-06,7.132478015526764e-06,1.1922199163860834e-05,0.508
garch,normal,0.0,125,0.01,state,POT80-Vol,Shift-CP,-1.86930746172172e-05,2.2053657185721776e-06,-2.3015591425618666e-05,-1.4370557808815732e-05,0.63
garch,normal,0.0,125,0.01,state,POT80-Vol,Vol-ERM,-4.301946162193801e-06,8.91103591712856e-07,-6.048509201950999e-06,-2.5553831224366032e-06,0.558
garch,normal,0.0,125,0.01,state,POT90-Shift,Raw,2.8220413206910997e-05,2.1209073774406078e-06,2.4063434747127407e-05,3.2377391666694586e-05,0.296
garch,normal,0.0,125,0.01,state,POT90-Shift,Shift-CP,0.0,0.0,0.0,0.0,0.0
garch,normal,0.0,125,0.01,state,POT90-Shift,Vol-ERM,1.4391128455023397e-05,2.2263349088452336e-06,1.0027512033686739e-05,1.8754744876360056e-05,0.362
garch,normal,0.0,125,0.01,state,POT90-Vol,Raw,1.9727607730477202e-05,1.5759055526497334e-06,1.6638832847283725e-05,2.281638261367068e-05,0.352
garch,normal,0.0,125,0.01,state,POT90-Vol,Shift-CP,-8.492805476433798e-06,9.815446850432654e-07,-1.0416633059118598e-05,-6.568977893748998e-06,0.738
garch,normal,0.0,125,0.01,state,POT90-Vol,Vol-ERM,5.898322978589599e-06,1.7840573511615292e-06,2.401570570313002e-06,9.395075386866197e-06,0.396
garch,normal,0.0,125,0.01,state,Raw,Raw,0.0,0.0,0.0,0.0,0.0
garch,normal,0.0,125,0.01,state,Raw,Shift-CP,-2.8220413206910997e-05,2.1209073774406078e-06,-3.2377391666694586e-05,-2.4063434747127407e-05,0.704
garch,normal,0.0,125,0.01,state,Raw,Vol-ERM,-1.3829284751887598e-05,1.4265368045855606e-06,-1.6625296888875298e-05,-1.1033272614899899e-05,0.516
garch,normal,0.0,125,0.01,state,Shift-CP,Raw,2.8220413206910997e-05,2.1209073774406078e-06,2.4063434747127407e-05,3.2377391666694586e-05,0.296
garch,normal,0.0,125,0.01,state,Shift-CP,Shift-CP,0.0,0.0,0.0,0.0,0.0
garch,normal,0.0,125,0.01,state,Shift-CP,Vol-ERM,1.4391128455023397e-05,2.2263349088452336e-06,1.0027512033686739e-05,1.8754744876360056e-05,0.362
garch,normal,0.0,125,0.01,state,Shift-ERM,Raw,1.4439578471178799e-05,1.322829271030542e-06,1.1846833099958936e-05,1.703232384239866e-05,0.426
garch,normal,0.0,125,0.01,state,Shift-ERM,Shift-CP,-1.3780834735732196e-05,2.1667794556403182e-06,-1.802772246878722e-05,-9.533947002677172e-06,0.604
garch,normal,0.0,125,0.01,state,Shift-ERM,Vol-ERM,6.102937192912001e-07,6.398603025705344e-07,-6.438324737470473e-07,1.8644199123294474e-06,0.32
garch,normal,0.0,125,0.01,state,State-L1,Raw,0.000441896734004012,9.786872031985318e-05,0.00025007404217709974,0.0006337194258309242,0.276
garch,normal,0.0,125,0.01,state,State-L1,Shift-CP,0.000413676320797101,9.799068573146564e-05,0.00022161457676342833,0.0006057380648307737,0.404
garch,normal,0.0,125,0.01,state,State-L1,Vol-ERM,0.00042806744925212435,9.793824336233435e-05,0.00023610849226194901,0.0006200264062422996,0.232
garch,normal,0.0,125,0.01,state,State-L1-clipped,Raw,8.2083348780316e-05,9.890673366643725e-06,6.26976289816943e-05,0.0001014690685789377,0.28
garch,normal,0.0,125,0.01,state,State-L1-clipped,Shift-CP,5.3862935573405e-05,1.0200253434924653e-05,3.3870438840952685e-05,7.385543230585732e-05,0.422
garch,normal,0.0,125,0.01,state,State-L1-clipped,Vol-ERM,6.825406402842841e-05,9.863405601928699e-06,4.892178904864816e-05,8.758633900820866e-05,0.238
garch,normal,0.0,125,0.01,state,State2-ERM,Raw,6.57667345394362e-05,6.853847443502507e-06,5.233319355017129e-05,7.920027552870112e-05,0.16
garch,normal,0.0,125,0.01,state,State2-ERM,Shift-CP,3.754632133252519e-05,7.128356928605212e-06,2.3574741752458976e-05,5.151790091259141e-05,0.338
garch,normal,0.0,125,0.01,state,State2-ERM,Vol-ERM,5.1937449787548604e-05,6.701175097377335e-06,3.8803146596689026e-05,6.507175297840818e-05,0.24
garch,normal,0.0,125,0.01,state,State4-ERM,Raw,0.0015511208841597838,0.00017873517649385609,0.0012007999382318258,0.0019014418300877418,0.01
garch,normal,0.0,125,0.01,state,State4-ERM,Shift-CP,0.0015229004709528728,0.00017893695785775436,0.0011721840335516742,0.0018736169083540715,0.108
garch,normal,0.0,125,0.01,state,State4-ERM,Vol-ERM,0.001537291599407896,0.0001785645023361743,0.0011873051748289944,0.0018872780239867976,0.034
garch,normal,0.0,125,0.01,state,Vol-CP,Raw,1.9727607730477202e-05,1.5759055526497334e-06,1.6638832847283725e-05,2.281638261367068e-05,0.352
garch,normal,0.0,125,0.01,state,Vol-CP,Shift-CP,-8.492805476433798e-06,9.815446850432654e-07,-1.0416633059118598e-05,-6.568977893748998e-06,0.738
garch,normal,0.0,125,0.01,state,Vol-CP,Vol-ERM,5.898322978589599e-06,1.7840573511615292e-06,2.401570570313002e-06,9.395075386866197e-06,0.396
garch,normal,0.0,125,0.01,state,Vol-ERM,Raw,1.3829284751887598e-05,1.4265368045855606e-06,1.1033272614899899e-05,1.6625296888875298e-05,0.484
garch,normal,0.0,125,0.01,state,Vol-ERM,Shift-CP,-1.4391128455023397e-05,2.2263349088452336e-06,-1.8754744876360056e-05,-1.0027512033686739e-05,0.638
garch,normal,0.0,125,0.01,state,Vol-ERM,Vol-ERM,0.0,0.0,0.0,0.0,0.0
garch,normal,0.0,125,0.05,constant,POT80-Shift,Raw,-3.783524479644563e-05,1.5393354032886479e-06,-4.085234218689138e-05,-3.4818147405999886e-05,0.908
garch,normal,0.0,125,0.05,constant,POT80-Shift,Shift-CP,-4.7779542141321956e-06,1.1931573423607443e-06,-7.116542605159254e-06,-2.439365823105137e-06,0.534
garch,normal,0.0,125,0.05,constant,POT80-Shift,Vol-ERM,-6.535702064393969e-07,1.4158435691892795e-06,-3.4286236020503844e-06,2.121483189171591e-06,0.556
garch,normal,0.0,125,0.05,constant,POT80-Vol,Raw,-4.087926931867602e-05,1.3712744250411474e-06,-4.356696719175667e-05,-3.819157144559537e-05,0.942
garch,normal,0.0,125,0.05,constant,POT80-Vol,Shift-CP,-7.821978736362594e-06,1.4953140023094682e-06,-1.0752794180889151e-05,-4.8911632918360366e-06,0.52
garch,normal,0.0,125,0.05,constant,POT80-Vol,Vol-ERM,-3.6975947286697963e-06,1.1547277714936239e-06,-5.960861160797299e-06,-1.4343282965422935e-06,0.55
garch,normal,0.0,125,0.05,constant,POT90-Shift,Raw,-3.305729058231344e-05,1.8489102968096007e-06,-3.6681154764060254e-05,-2.943342640056662e-05,0.864
garch,normal,0.0,125,0.05,constant,POT90-Shift,Shift-CP,0.0,0.0,0.0,0.0,0.0
garch,normal,0.0,125,0.05,constant,POT90-Shift,Vol-ERM,4.124384007692798e-06,1.747203445760532e-06,6.998652540021559e-07,7.548902761383441e-06,0.56
garch,normal,0.0,125,0.05,constant,POT90-Vol,Raw,-3.8211600462221826e-05,1.3678134979302772e-06,-4.089251491816517e-05,-3.553068600627848e-05,0.91
garch,normal,0.0,125,0.05,constant,POT90-Vol,Shift-CP,-5.154309879908393e-06,1.0342552184418399e-06,-7.1814501080543995e-06,-3.1271696517623864e-06,0.472
garch,normal,0.0,125,0.05,constant,POT90-Vol,Vol-ERM,-1.0299258722155942e-06,1.2890523864053645e-06,-3.556468549570108e-06,1.49661680513892e-06,0.444
garch,normal,0.0,125,0.05,constant,Raw,Raw,0.0,0.0,0.0,0.0,0.0
garch,normal,0.0,125,0.05,constant,Raw,Shift-CP,3.305729058231344e-05,1.8489102968096007e-06,2.943342640056662e-05,3.6681154764060254e-05,0.136
garch,normal,0.0,125,0.05,constant,Raw,Vol-ERM,3.718167459000623e-05,1.692490951016752e-06,3.38643923260134e-05,4.049895685399907e-05,0.086
garch,normal,0.0,125,0.05,constant,Shift-CP,Raw,-3.305729058231344e-05,1.8489102968096007e-06,-3.6681154764060254e-05,-2.943342640056662e-05,0.864
garch,normal,0.0,125,0.05,constant,Shift-CP,Shift-CP,0.0,0.0,0.0,0.0,0.0
garch,normal,0.0,125,0.05,constant,Shift-CP,Vol-ERM,4.124384007692798e-06,1.747203445760532e-06,6.998652540021559e-07,7.548902761383441e-06,0.56
garch,normal,0.0,125,0.05,constant,Shift-ERM,Raw,-3.500445863633804e-05,1.7052389374202479e-06,-3.834672695368173e-05,-3.166219031899435e-05,0.884
garch,normal,0.0,125,0.05,constant,Shift-ERM,Shift-CP,-1.9471680540245997e-06,1.2858326950699797e-06,-4.46740013636176e-06,5.730640283125607e-07,0.54
garch,normal,0.0,125,0.05,constant,Shift-ERM,Vol-ERM,2.177215953668199e-06,8.98680980508975e-07,4.158012318706082e-07,3.9386306754657905e-06,0.568
garch,normal,0.0,125,0.05,constant,State-L1,Raw,0.0002328272325454306,6.181791352421394e-05,0.00011166412203797127,0.0003539903430528899,0.642
garch,normal,0.0,125,0.05,constant,State-L1,Shift-CP,0.00026588452312774395,6.185292570741262e-05,0.00014465278874121521,0.00038711625751427267,0.334
garch,normal,0.0,125,0.05,constant,State-L1,Vol-ERM,0.0002700089071354368,6.179174493013088e-05,0.00014889708707238025,0.00039112072719849327,0.316
garch,normal,0.0,125,0.05,constant,State-L1-clipped,Raw,2.292574574882257e-05,8.072178638314092e-06,7.10427561772695e-06,3.874721587991819e-05,0.662
garch,normal,0.0,125,0.05,constant,State-L1-clipped,Shift-CP,5.5983036331136e-05,7.96087131044583e-06,4.037972856266217e-05,7.158634409960982e-05,0.338
garch,normal,0.0,125,0.05,constant,State-L1-clipped,Vol-ERM,6.01074203388288e-05,7.87733623828632e-06,4.4667841311787615e-05,7.554699936586999e-05,0.316
garch,normal,0.0,125,0.05,constant,State2-ERM,Raw,3.138522879373797e-05,6.665236436080039e-06,1.8321365379021092e-05,4.444909220845484e-05,0.588
garch,normal,0.0,125,0.05,constant,State2-ERM,Shift-CP,6.444251937605141e-05,6.620066448231706e-06,5.146718913751727e-05,7.741784961458555e-05,0.204
garch,normal,0.0,125,0.05,constant,State2-ERM,Vol-ERM,6.85669033837442e-05,6.473066112669878e-06,5.587969380291124e-05,8.125411296457716e-05,0.174
garch,normal,0.0,125,0.05,constant,State4-ERM,Raw,0.0009736469634282097,0.000142555048776317,0.0006942390678266284,0.001253054859029791,0.166
garch,normal,0.0,125,0.05,constant,State4-ERM,Shift-CP,0.0010067042540105233,0.00014259912854489582,0.0007272099620625274,0.0012861985459585192,0.05
garch,normal,0.0,125,0.05,constant,State4-ERM,Vol-ERM,0.0010108286380182158,0.00014254797588074858,0.0007314346052919486,0.0012902226707444831,0.018
garch,normal,0.0,125,0.05,constant,Vol-CP,Raw,-3.8211600462221826e-05,1.3678134979302772e-06,-4.089251491816517e-05,-3.553068600627848e-05,0.91
garch,normal,0.0,125,0.05,constant,Vol-CP,Shift-CP,-5.154309879908393e-06,1.0342552184418399e-06,-7.1814501080543995e-06,-3.1271696517623864e-06,0.472
garch,normal,0.0,125,0.05,constant,Vol-CP,Vol-ERM,-1.0299258722155942e-06,1.2890523864053645e-06,-3.556468549570108e-06,1.49661680513892e-06,0.444
garch,normal,0.0,125,0.05,constant,Vol-ERM,Raw,-3.718167459000623e-05,1.692490951016752e-06,-4.049895685399907e-05,-3.38643923260134e-05,0.914
garch,normal,0.0,125,0.05,constant,Vol-ERM,Shift-CP,-4.124384007692798e-06,1.747203445760532e-06,-7.548902761383441e-06,-6.998652540021559e-07,0.44
garch,normal,0.0,125,0.05,constant,Vol-ERM,Vol-ERM,0.0,0.0,0.0,0.0,0.0
garch,normal,0.0,125,0.05,none,POT80-Shift,Raw,2.337316663145446e-05,1.5393354032886475e-06,2.035606924100871e-05,2.6390264021900208e-05,0.0
garch,normal,0.0,125,0.05,none,POT80-Shift,Shift-CP,-4.7779542141321956e-06,1.1931573423607443e-06,-7.116542605159254e-06,-2.439365823105137e-06,0.534
garch,normal,0.0,125,0.05,none,POT80-Shift,Vol-ERM,-2.5084573210281976e-06,1.3855651860538527e-06,-5.224165085693749e-06,2.0725044363735378e-07,0.498
garch,normal,0.0,125,0.05,none,POT80-Vol,Raw,2.1360749111334855e-05,1.4386488387163205e-06,1.8540997387450867e-05,2.4180500835218843e-05,0.0
garch,normal,0.0,125,0.05,none,POT80-Vol,Shift-CP,-6.790371734251799e-06,1.4240373314857309e-06,-9.581484903963832e-06,-3.999258564539766e-06,0.556
garch,normal,0.0,125,0.05,none,POT80-Vol,Vol-ERM,-4.520874841147801e-06,1.2124951633766954e-06,-6.897365361366124e-06,-2.144384320929478e-06,0.52
garch,normal,0.0,125,0.05,none,POT90-Shift,Raw,2.815112084558666e-05,1.8489102968096007e-06,2.452725666383984e-05,3.1774985027333474e-05,0.0
garch,normal,0.0,125,0.05,none,POT90-Shift,Shift-CP,0.0,0.0,0.0,0.0,0.0
garch,normal,0.0,125,0.05,none,POT90-Shift,Vol-ERM,2.269496893103998e-06,1.6871778816271074e-06,-1.0373717548851327e-06,5.576365541093129e-06,0.434
garch,normal,0.0,125,0.05,none,POT90-Vol,Raw,2.4700467810325255e-05,1.5302883570277221e-06,2.170110263055092e-05,2.769983299009959e-05,0.0
garch,normal,0.0,125,0.05,none,POT90-Vol,Shift-CP,-3.4506530352614006e-06,8.45674584994105e-07,-5.108175221849846e-06,-1.7931308486729547e-06,0.552
garch,normal,0.0,125,0.05,none,POT90-Vol,Vol-ERM,-1.1811561421574026e-06,1.2639409400274307e-06,-3.6584803846111667e-06,1.2961681002963615e-06,0.412
garch,normal,0.0,125,0.05,none,Raw,Raw,0.0,0.0,0.0,0.0,0.0
garch,normal,0.0,125,0.05,none,Raw,Shift-CP,-2.815112084558666e-05,1.8489102968096007e-06,-3.1774985027333474e-05,-2.452725666383984e-05,1.0
garch,normal,0.0,125,0.05,none,Raw,Vol-ERM,-2.5881623952482656e-05,1.8275487438206946e-06,-2.9463619490371218e-05,-2.2299628414594095e-05,1.0
garch,normal,0.0,125,0.05,none,Shift-CP,Raw,2.815112084558666e-05,1.8489102968096007e-06,2.452725666383984e-05,3.1774985027333474e-05,0.0
garch,normal,0.0,125,0.05,none,Shift-CP,Shift-CP,0.0,0.0,0.0,0.0,0.0
garch,normal,0.0,125,0.05,none,Shift-CP,Vol-ERM,2.269496893103998e-06,1.6871778816271074e-06,-1.0373717548851327e-06,5.576365541093129e-06,0.434
garch,normal,0.0,125,0.05,none,Shift-ERM,Raw,2.6203952791562054e-05,1.7052389374202479e-06,2.286168447421837e-05,2.954622110890574e-05,0.0
garch,normal,0.0,125,0.05,none,Shift-ERM,Shift-CP,-1.9471680540245997e-06,1.2858326950699797e-06,-4.46740013636176e-06,5.730640283125607e-07,0.54
garch,normal,0.0,125,0.05,none,Shift-ERM,Vol-ERM,3.223288390793986e-07,8.168022229638437e-07,-1.278603517929735e-06,1.9232611960885324e-06,0.488
garch,normal,0.0,125,0.05,none,State-L1,Raw,0.00029403564397333066,6.181791352421392e-05,0.00017287253346587138,0.00041519875448078994,0.0
garch,normal,0.0,125,0.05,none,State-L1,Shift-CP,0.00026588452312774395,6.185292570741262e-05,0.00014465278874121521,0.00038711625751427267,0.334
garch,normal,0.0,125,0.05,none,State-L1,Vol-ERM,0.000268154020020848,6.180152043430711e-05,0.00014702303996960605,0.0003892850000720899,0.28
garch,normal,0.0,125,0.05,none,State-L1-clipped,Raw,8.413415717672265e-05,8.072178638314092e-06,6.831268704562703e-05,9.995562730781827e-05,0.0
garch,normal,0.0,125,0.05,none,State-L1-clipped,Shift-CP,5.5983036331136e-05,7.96087131044583e-06,4.037972856266217e-05,7.158634409960982e-05,0.338
garch,normal,0.0,125,0.05,none,State-L1-clipped,Vol-ERM,5.825253322424001e-05,7.880663303090916e-06,4.2806433150181816e-05,7.36986332982982e-05,0.284
garch,normal,0.0,125,0.05,none,State2-ERM,Raw,9.259364022163807e-05,6.665236436080039e-06,7.95297768069212e-05,0.00010565750363635495,0.0
garch,normal,0.0,125,0.05,none,State2-ERM,Shift-CP,6.444251937605141e-05,6.620066448231706e-06,5.146718913751727e-05,7.741784961458555e-05,0.204
garch,normal,0.0,125,0.05,none,State2-ERM,Vol-ERM,6.671201626915541e-05,6.461110450510635e-06,5.4048239786154564e-05,7.937579275215626e-05,0.17
garch,normal,0.0,125,0.05,none,State4-ERM,Raw,0.0010348553748561098,0.00014255504877631696,0.0007554474792545286,0.001314263270457691,0.0
garch,normal,0.0,125,0.05,none,State4-ERM,Shift-CP,0.0010067042540105233,0.00014259912854489582,0.0007272099620625274,0.0012861985459585192,0.05
garch,normal,0.0,125,0.05,none,State4-ERM,Vol-ERM,0.001008973750903627,0.0001425340509380928,0.0007296070110649652,0.001288340490742289,0.028
garch,normal,0.0,125,0.05,none,Vol-CP,Raw,2.4700467810325455e-05,1.5302883570277153e-06,2.1701102630551133e-05,2.7699832990099776e-05,0.0
garch,normal,0.0,125,0.05,none,Vol-CP,Shift-CP,-3.4506530352612007e-06,8.456745849941066e-07,-5.10817522184965e-06,-1.7931308486727518e-06,0.552
garch,normal,0.0,125,0.05,none,Vol-CP,Vol-ERM,-1.1811561421572027e-06,1.263940940027424e-06,-3.6584803846109536e-06,1.2961681002965482e-06,0.412
garch,normal,0.0,125,0.05,none,Vol-ERM,Raw,2.5881623952482656e-05,1.8275487438206946e-06,2.2299628414594095e-05,2.9463619490371218e-05,0.0
garch,normal,0.0,125,0.05,none,Vol-ERM,Shift-CP,-2.269496893103998e-06,1.6871778816271074e-06,-5.576365541093129e-06,1.0373717548851327e-06,0.566
garch,normal,0.0,125,0.05,none,Vol-ERM,Vol-ERM,0.0,0.0,0.0,0.0,0.0
garch,normal,0.0,125,0.05,state,POT80-Shift,Raw,1.8072933266398494e-05,2.5853039416982277e-06,1.3005737540669968e-05,2.314012899212702e-05,0.532
garch,normal,0.0,125,0.05,state,POT80-Shift,Shift-CP,-5.661997688248196e-06,1.4254141255974744e-06,-8.455809374419246e-06,-2.8681860020771462e-06,0.53
garch,normal,0.0,125,0.05,state,POT80-Shift,Vol-ERM,9.450749528122801e-06,1.9702935790894243e-06,5.58897411310753e-06,1.3312524943138072e-05,0.318
garch,normal,0.0,125,0.05,state,POT80-Vol,Raw,4.034884012685095e-06,1.7645708663364277e-06,5.763251146656965e-07,7.4934429107044935e-06,0.632
garch,normal,0.0,125,0.05,state,POT80-Vol,Shift-CP,-1.9700046941961593e-05,2.1896850488546325e-06,-2.3991829637716675e-05,-1.5408264246206512e-05,0.724
garch,normal,0.0,125,0.05,state,POT80-Vol,Vol-ERM,-4.587299725590598e-06,1.2849645550973235e-06,-7.105830253581352e-06,-2.0687691975998437e-06,0.524
garch,normal,0.0,125,0.05,state,POT90-Shift,Raw,2.3734930954646688e-05,3.0032958053629905e-06,1.7848471176135227e-05,2.962139073315815e-05,0.5
garch,normal,0.0,125,0.05,state,POT90-Shift,Shift-CP,0.0,0.0,0.0,0.0,0.0
garch,normal,0.0,125,0.05,state,POT90-Shift,Vol-ERM,1.5112747216370997e-05,2.3501250990159228e-06,1.050650202229979e-05,1.9718992410442205e-05,0.304
garch,normal,0.0,125,0.05,state,POT90-Vol,Raw,7.53010822844229e-06,1.8678848127470343e-06,3.869053995458103e-06,1.1191162461426477e-05,0.596
garch,normal,0.0,125,0.05,state,POT90-Vol,Shift-CP,-1.6204822726204403e-05,1.7544497809281195e-06,-1.9643544296823516e-05,-1.276610115558529e-05,0.82
garch,normal,0.0,125,0.05,state,POT90-Vol,Vol-ERM,-1.0920755098334017e-06,1.2809304017779173e-06,-3.6026990973181196e-06,1.418548077651316e-06,0.348
garch,normal,0.0,125,0.05,state,Raw,Raw,0.0,0.0,0.0,0.0,0.0
garch,normal,0.0,125,0.05,state,Raw,Shift-CP,-2.3734930954646688e-05,3.0032958053629905e-06,-2.962139073315815e-05,-1.7848471176135227e-05,0.5
garch,normal,0.0,125,0.05,state,Raw,Vol-ERM,-8.622183738275693e-06,2.07091191169141e-06,-1.2681171085190858e-05,-4.5631963913605285e-06,0.384
garch,normal,0.0,125,0.05,state,Shift-CP,Raw,2.3734930954646688e-05,3.0032958053629905e-06,1.7848471176135227e-05,2.962139073315815e-05,0.5
garch,normal,0.0,125,0.05,state,Shift-CP,Shift-CP,0.0,0.0,0.0,0.0,0.0
garch,normal,0.0,125,0.05,state,Shift-CP,Vol-ERM,1.5112747216370997e-05,2.3501250990159228e-06,1.050650202229979e-05,1.9718992410442205e-05,0.304
garch,normal,0.0,125,0.05,state,Shift-ERM,Raw,1.81604723214909e-05,2.46982510801207e-06,1.3319615109787245e-05,2.3001329533194557e-05,0.532
garch,normal,0.0,125,0.05,state,Shift-ERM,Shift-CP,-5.5744586331557905e-06,1.686160322470978e-06,-8.879332865198906e-06,-2.269584401112674e-06,0.578
garch,normal,0.0,125,0.05,state,Shift-ERM,Vol-ERM,9.538288583215207e-06,1.3453691087838934e-06,6.901365129998775e-06,1.2175212036431639e-05,0.252
garch,normal,0.0,125,0.05,state,State-L1,Raw,0.0002358284427401813,5.345175285974357e-05,0.0001310630071350839,0.0003405938783452787,0.402
garch,normal,0.0,125,0.05,state,State-L1,Shift-CP,0.00021209351178553458,5.3407552060565514e-05,0.00010741470974682618,0.00031677231382424295,0.418
garch,normal,0.0,125,0.05,state,State-L1,Vol-ERM,0.0002272062590019056,5.3370662535743e-05,0.0001225997604318493,0.0003318127575719619,0.254
garch,normal,0.0,125,0.05,state,State-L1-clipped,Raw,6.697764103610291e-05,7.834274235756182e-06,5.162246353402079e-05,8.233281853818502e-05,0.412
garch,normal,0.0,125,0.05,state,State-L1-clipped,Shift-CP,4.32427100814562e-05,7.68201373566541e-06,2.8185963159552e-05,5.8299457003360405e-05,0.428
garch,normal,0.0,125,0.05,state,State-L1-clipped,Vol-ERM,5.835545729782721e-05,7.538305904847472e-06,4.358037772432616e-05,7.313053687132825e-05,0.26
garch,normal,0.0,125,0.05,state,State2-ERM,Raw,6.0494478167937904e-05,6.6652364360800384e-06,4.743061475322103e-05,7.355834158265478e-05,0.394
garch,normal,0.0,125,0.05,state,State2-ERM,Shift-CP,3.6759547213291205e-05,6.932510768784861e-06,2.317182610647288e-05,5.034726832010953e-05,0.42
garch,normal,0.0,125,0.05,state,State2-ERM,Vol-ERM,5.187229442966221e-05,6.443716555696525e-06,3.924260998049702e-05,6.45019788788274e-05,0.338
garch,normal,0.0,125,0.05,state,State4-ERM,Raw,0.0010027562128024096,0.00014255504877631696,0.0007233483172008284,0.0012821641084039908,0.066
garch,normal,0.0,125,0.05,state,State4-ERM,Shift-CP,0.000979021281847763,0.00014249694167571759,0.0006997272761633565,0.0012583152875321696,0.124
garch,normal,0.0,125,0.05,state,State4-ERM,Vol-ERM,0.0009941340290641342,0.00014239430219066483,0.0007150411967704311,0.0012732268613578372,0.072
garch,normal,0.0,125,0.05,state,Vol-CP,Raw,7.53010822844229e-06,1.8678848127470343e-06,3.869053995458103e-06,1.1191162461426477e-05,0.596
garch,normal,0.0,125,0.05,state,Vol-CP,Shift-CP,-1.6204822726204403e-05,1.7544497809281195e-06,-1.9643544296823516e-05,-1.276610115558529e-05,0.82
garch,normal,0.0,125,0.05,state,Vol-CP,Vol-ERM,-1.0920755098334017e-06,1.2809304017779173e-06,-3.6026990973181196e-06,1.418548077651316e-06,0.348
garch,normal,0.0,125,0.05,state,Vol-ERM,Raw,8.622183738275693e-06,2.07091191169141e-06,4.5631963913605285e-06,1.2681171085190858e-05,0.616
garch,normal,0.0,125,0.05,state,Vol-ERM,Shift-CP,-1.5112747216370997e-05,2.3501250990159228e-06,-1.9718992410442205e-05,-1.050650202229979e-05,0.696
garch,normal,0.0,125,0.05,state,Vol-ERM,Vol-ERM,0.0,0.0,0.0,0.0,0.0
garch,normal,0.0,250,0.01,constant,POT80-Shift,Raw,-9.932436664935585e-06,4.6320198018795487e-07,-1.0840312546103977e-05,-9.024560783767193e-06,0.872
garch,normal,0.0,250,0.01,constant,POT80-Shift,Shift-CP,-6.875990872693199e-06,7.992808115312866e-07,-8.44258126329452e-06,-5.309400482091877e-06,0.624
garch,normal,0.0,250,0.01,constant,POT80-Shift,Vol-ERM,-1.7558342540770007e-06,4.3659499518949523e-07,-2.611560444648411e-06,-9.001080635055901e-07,0.594
garch,normal,0.0,250,0.01,constant,POT80-Vol,Raw,-1.0425010917140584e-05,4.4158228344377653e-07,-1.1290512192690386e-05,-9.559509641590781e-06,0.892
garch,normal,0.0,250,0.01,constant,POT80-Vol,Shift-CP,-7.368565124898198e-06,8.49123336695525e-07,-9.032846864821427e-06,-5.704283384974969e-06,0.6
garch,normal,0.0,250,0.01,constant,POT80-Vol,Vol-ERM,-2.2484085062820002e-06,4.283396182915632e-07,-3.0879541581334643e-06,-1.4088628544305364e-06,0.57
garch,normal,0.0,250,0.01,constant,POT90-Shift,Raw,-1.0229964303804984e-05,4.268177457382497e-07,-1.1066527085451954e-05,-9.393401522158014e-06,0.89
garch,normal,0.0,250,0.01,constant,POT90-Shift,Shift-CP,-7.1735185115626e-06,8.045739746279927e-07,-8.750483501833466e-06,-5.5965535212917344e-06,0.62
garch,normal,0.0,250,0.01,constant,POT90-Shift,Vol-ERM,-2.0533618929464004e-06,4.19109105534838e-07,-2.874815739794683e-06,-1.231908046098118e-06,0.606
garch,normal,0.0,250,0.01,constant,POT90-Vol,Raw,-1.0593100609232786e-05,4.018143599684663e-07,-1.138065675477098e-05,-9.805544463694592e-06,0.898
garch,normal,0.0,250,0.01,constant,POT90-Vol,Shift-CP,-7.536654816990401e-06,8.433739632629414e-07,-9.189667784985765e-06,-5.883641848995036e-06,0.614
garch,normal,0.0,250,0.01,constant,POT90-Vol,Vol-ERM,-2.416498198374202e-06,4.039686015145554e-07,-3.2082766573427305e-06,-1.6247197394056733e-06,0.598
garch,normal,0.0,250,0.01,constant,Raw,Raw,0.0,0.0,0.0,0.0,0.0
garch,normal,0.0,250,0.01,constant,Raw,Shift-CP,3.056445792242385e-06,8.217486441127232e-07,1.4458184497814475e-06,4.667073134703323e-06,0.276
garch,normal,0.0,250,0.01,constant,Raw,Vol-ERM,8.176602410858584e-06,5.374249268057882e-07,7.123249554319239e-06,9.229955267397929e-06,0.154
garch,normal,0.0,250,0.01,constant,Shift-CP,Raw,-3.056445792242385e-06,8.217486441127232e-07,-4.667073134703323e-06,-1.4458184497814475e-06,0.724
garch,normal,0.0,250,0.01,constant,Shift-CP,Shift-CP,0.0,0.0,0.0,0.0,0.0
garch,normal,0.0,250,0.01,constant,Shift-CP,Vol-ERM,5.120156618616199e-06,8.325710933311971e-07,3.4883172756870528e-06,6.751995961545346e-06,0.428
garch,normal,0.0,250,0.01,constant,Shift-ERM,Raw,-7.661040134078183e-06,5.746705316549747e-07,-8.787394376121933e-06,-6.534685892034432e-06,0.832
garch,normal,0.0,250,0.01,constant,Shift-ERM,Shift-CP,-4.604594341835798e-06,8.16987738872479e-07,-6.205890310025857e-06,-3.0032983736457394e-06,0.624
garch,normal,0.0,250,0.01,constant,Shift-ERM,Vol-ERM,5.155622767804006e-07,2.6376450504678556e-07,-1.4161531112991135e-09,1.0325407066721002e-06,0.538
garch,normal,0.0,250,0.01,constant,State-L1,Raw,4.462788435575662e-05,1.017549691018845e-05,2.4683910411787256e-05,6.457185829972599e-05,0.56
garch,normal,0.0,250,0.01,constant,State-L1,Shift-CP,4.7684330147999e-05,1.021851495872653e-05,2.7656040828895e-05,6.7712619467103e-05,0.408
garch,normal,0.0,250,0.01,constant,State-L1,Vol-ERM,5.28044867666152e-05,1.0168399745863908e-05,3.287442326472194e-05,7.273455026850846e-05,0.292
garch,normal,0.0,250,0.01,constant,State-L1-clipped,Raw,1.581266781281142e-05,2.646558498680484e-06,1.062541315539767e-05,2.0999922470225166e-05,0.57
garch,normal,0.0,250,0.01,constant,State-L1-clipped,Shift-CP,1.8869113605053802e-05,2.7107368165695232e-06,1.3556069444577537e-05,2.4182157765530068e-05,0.412
garch,normal,0.0,250,0.01,constant,State-L1-clipped,Vol-ERM,2.398927022367e-05,2.6004474900624376e-06,1.8892393143147623e-05,2.9086147304192375e-05,0.302
garch,normal,0.0,250,0.01,constant,State2-ERM,Raw,1.1083354676168018e-05,1.925218246772798e-06,7.309926912493334e-06,1.4856782439842702e-05,0.516
garch,normal,0.0,250,0.01,constant,State2-ERM,Shift-CP,1.4139800468410402e-05,1.9849389922807493e-06,1.0249320043540135e-05,1.803028089328067e-05,0.33
garch,normal,0.0,250,0.01,constant,State2-ERM,Vol-ERM,1.9259957087026602e-05,1.8549943672270396e-06,1.5624168127261606e-05,2.28957460467916e-05,0.19
garch,normal,0.0,250,0.01,constant,State4-ERM,Raw,0.00021208388583544483,2.477618583720509e-05,0.00016352256159452285,0.0002606452100763668,0.106
garch,normal,0.0,250,0.01,constant,State4-ERM,Shift-CP,0.0002151403316276872,2.4812347702109823e-05,0.00016650813013155196,0.00026377253312382244,0.084
garch,normal,0.0,250,0.01,constant,State4-ERM,Vol-ERM,0.0002202604882463034,2.478434409297645e-05,0.00017168317382406956,0.00026883780266853723,0.026
garch,normal,0.0,250,0.01,constant,Vol-CP,Raw,-4.995658284233784e-06,6.631538571967827e-07,-6.295439844339478e-06,-3.6958767241280895e-06,0.77
garch,normal,0.0,250,0.01,constant,Vol-CP,Shift-CP,-1.9392124919913992e-06,3.7908941296713637e-07,-2.6822277414069867e-06,-1.196197242575812e-06,0.476
garch,normal,0.0,250,0.01,constant,Vol-CP,Vol-ERM,3.1809441266248e-06,7.050477556992722e-07,1.7990505254542263e-06,4.562837727795373e-06,0.404
garch,normal,0.0,250,0.01,constant,Vol-ERM,Raw,-8.176602410858584e-06,5.374249268057882e-07,-9.229955267397929e-06,-7.123249554319239e-06,0.846
garch,normal,0.0,250,0.01,constant,Vol-ERM,Shift-CP,-5.120156618616199e-06,8.325710933311971e-07,-6.751995961545346e-06,-3.4883172756870528e-06,0.572
garch,normal,0.0,250,0.01,constant,Vol-ERM,Vol-ERM,0.0,0.0,0.0,0.0,0.0
garch,normal,0.0,250,0.01,none,POT80-Shift,Raw,7.08974887996439e-06,4.6320198018795487e-07,6.181872998795999e-06,7.997624761132782e-06,0.0
garch,normal,0.0,250,0.01,none,POT80-Shift,Shift-CP,-6.875990872693199e-06,7.992808115312866e-07,-8.44258126329452e-06,-5.309400482091877e-06,0.624
garch,normal,0.0,250,0.01,none,POT80-Shift,Vol-ERM,-1.6630717198998012e-06,4.328046820496055e-07,-2.511368896717028e-06,-8.147745430825745e-07,0.55
garch,normal,0.0,250,0.01,none,POT80-Vol,Raw,6.484753150059391e-06,4.466132977244027e-07,5.609391086519562e-06,7.360115213599221e-06,0.0
garch,normal,0.0,250,0.01,none,POT80-Vol,Shift-CP,-7.480986602598199e-06,8.333840235245816e-07,-9.114419288706378e-06,-5.8475539164900186e-06,0.632
garch,normal,0.0,250,0.01,none,POT80-Vol,Vol-ERM,-2.2680674498048006e-06,4.287446043576177e-07,-3.1084068743457312e-06,-1.42772802526387e-06,0.566
garch,normal,0.0,250,0.01,none,POT90-Shift,Raw,6.792221241094991e-06,4.268177457382497e-07,5.955658459448021e-06,7.628784022741961e-06,0.0
garch,normal,0.0,250,0.01,none,POT90-Shift,Shift-CP,-7.1735185115626e-06,8.045739746279927e-07,-8.750483501833466e-06,-5.5965535212917344e-06,0.62
garch,normal,0.0,250,0.01,none,POT90-Shift,Vol-ERM,-1.960599358769201e-06,4.1576912829322236e-07,-2.775506850223917e-06,-1.1456918673144853e-06,0.57
garch,normal,0.0,250,0.01,none,POT90-Vol,Raw,6.284546222236389e-06,4.187034077592509e-07,5.4638875430282576e-06,7.10520490144452e-06,0.0
garch,normal,0.0,250,0.01,none,POT90-Vol,Shift-CP,-7.681193530421201e-06,8.282932595301581e-07,-9.30464831910031e-06,-6.057738741742091e-06,0.64
garch,normal,0.0,250,0.01,none,POT90-Vol,Vol-ERM,-2.468274377627802e-06,4.0721850461853336e-07,-3.2664226466801276e-06,-1.6701261085754767e-06,0.612
garch,normal,0.0,250,0.01,none,Raw,Raw,0.0,0.0,0.0,0.0,0.0
garch,normal,0.0,250,0.01,none,Raw,Shift-CP,-1.3965739752657589e-05,8.217486441127229e-07,-1.5576367095118526e-05,-1.2355112410196653e-05,1.0
garch,normal,0.0,250,0.01,none,Raw,Vol-ERM,-8.752820599864191e-06,5.386703294766645e-07,-9.808614445638455e-06,-7.697026754089928e-06,1.0
garch,normal,0.0,250,0.01,none,Shift-CP,Raw,1.3965739752657589e-05,8.217486441127229e-07,1.2355112410196653e-05,1.5576367095118526e-05,0.0
garch,normal,0.0,250,0.01,none,Shift-CP,Shift-CP,0.0,0.0,0.0,0.0,0.0
garch,normal,0.0,250,0.01,none,Shift-CP,Vol-ERM,5.2129191527933985e-06,7.945243909618033e-07,3.655651346508264e-06,6.770186959078533e-06,0.378
garch,normal,0.0,250,0.01,none,Shift-ERM,Raw,9.361145410821792e-06,5.746705316549747e-07,8.234791168778042e-06,1.0487499652865541e-05,0.0
garch,normal,0.0,250,0.01,none,Shift-ERM,Shift-CP,-4.604594341835798e-06,8.16987738872479e-07,-6.205890310025857e-06,-3.0032983736457394e-06,0.624
garch,normal,0.0,250,0.01,none,Shift-ERM,Vol-ERM,6.083248109576002e-07,2.963482249717202e-07,2.748229001302861e-08,1.189167331902172e-06,0.432
garch,normal,0.0,250,0.01,none,State-L1,Raw,6.165006990065659e-05,1.017549691018845e-05,4.170609595668723e-05,8.159404384462595e-05,0.0
garch,normal,0.0,250,0.01,none,State-L1,Shift-CP,4.7684330147999e-05,1.021851495872653e-05,2.7656040828895e-05,6.7712619467103e-05,0.408
garch,normal,0.0,250,0.01,none,State-L1,Vol-ERM,5.28972493007924e-05,1.0159099203098314e-05,3.29854148627197e-05,7.280908373886509e-05,0.256
garch,normal,0.0,250,0.01,none,State-L1-clipped,Raw,3.283485335771139e-05,2.646558498680484e-06,2.764759870029764e-05,3.802210801512514e-05,0.0
garch,normal,0.0,250,0.01,none,State-L1-clipped,Shift-CP,1.8869113605053802e-05,2.7107368165695232e-06,1.3556069444577537e-05,2.4182157765530068e-05,0.412
garch,normal,0.0,250,0.01,none,State-L1-clipped,Vol-ERM,2.4082032757847197e-05,2.5886197682162096e-06,1.9008338012143426e-05,2.9155727503550967e-05,0.258
garch,normal,0.0,250,0.01,none,State2-ERM,Raw,2.810554022106799e-05,1.925218246772798e-06,2.4332112457393305e-05,3.187896798474267e-05,0.0
garch,normal,0.0,250,0.01,none,State2-ERM,Shift-CP,1.4139800468410402e-05,1.9849389922807493e-06,1.0249320043540135e-05,1.803028089328067e-05,0.33
garch,normal,0.0,250,0.01,none,State2-ERM,Vol-ERM,1.93527196212038e-05,1.8380520469107507e-06,1.575013760925873e-05,2.295530163314887e-05,0.166
garch,normal,0.0,250,0.01,none,State4-ERM,Raw,0.00022910607138034478,2.477618583720509e-05,0.0001805447471394228,0.00027766739562126675,0.0
garch,normal,0.0,250,0.01,none,State4-ERM,Shift-CP,0.0002151403316276872,2.4812347702109823e-05,0.00016650813013155196,0.00026377253312382244,0.084
garch,normal,0.0,250,0.01,none,State4-ERM,Vol-ERM,0.00022035325078048062,2.4783847215162347e-05,0.0001717769102387624,0.00026892959132219883,0.022
garch,normal,0.0,250,0.01,none,Vol-CP,Raw,1.212989774030299e-05,6.830176662882659e-07,1.0791183114377989e-05,1.3468612366227991e-05,0.0
garch,normal,0.0,250,0.01,none,Vol-CP,Shift-CP,-1.835842012354599e-06,2.93605461731439e-07,-2.4113087173482193e-06,-1.2603753073609785e-06,0.582
garch,normal,0.0,250,0.01,none,Vol-CP,Vol-ERM,3.3770771404387994e-06,6.987870705536355e-07,2.0074544821536735e-06,4.746699798723925e-06,0.38
garch,normal,0.0,250,0.01,none,Vol-ERM,Raw,8.752820599864191e-06,5.386703294766645e-07,7.697026754089928e-06,9.808614445638455e-06,0.0
garch,normal,0.0,250,0.01,none,Vol-ERM,Shift-CP,-5.2129191527933985e-06,7.945243909618033e-07,-6.770186959078533e-06,-3.655651346508264e-06,0.622
garch,normal,0.0,250,0.01,none,Vol-ERM,Vol-ERM,0.0,0.0,0.0,0.0,0.0
garch,normal,0.0,250,0.01,state,POT80-Shift,Raw,3.1368388854521984e-06,5.254425522266767e-07,2.106971483087912e-06,4.166706287816485e-06,0.562
garch,normal,0.0,250,0.01,state,POT80-Shift,Shift-CP,-9.445921052982198e-06,9.110930857709735e-07,-1.1231663501093306e-05,-7.660178604871091e-06,0.682
garch,normal,0.0,250,0.01,state,POT80-Shift,Vol-ERM,2.0837393696879993e-07,5.011547369548889e-07,-7.738893474627823e-07,1.1906372214003822e-06,0.406
garch,normal,0.0,250,0.01,state,POT80-Vol,Raw,4.391503082109979e-07,4.839844587249331e-07,-5.094592308898711e-07,1.3877598473118667e-06,0.68
garch,normal,0.0,250,0.01,state,POT80-Vol,Shift-CP,-1.21436096302234e-05,1.0586454344954207e-06,-1.4218554681834425e-05,-1.0068664578612376e-05,0.712
garch,normal,0.0,250,0.01,state,POT80-Vol,Vol-ERM,-2.4893146402724005e-06,5.017479693930034e-07,-3.4727406602826874e-06,-1.5058886202621138e-06,0.566
garch,normal,0.0,250,0.01,state,POT90-Shift,Raw,2.9207042129399985e-06,5.056540250947495e-07,1.9296223237542895e-06,3.9117861021257075e-06,0.57
garch,normal,0.0,250,0.01,state,POT90-Shift,Shift-CP,-9.6620557254944e-06,9.243446191797294e-07,-1.147377117908667e-05,-7.85034027190213e-06,0.676
garch,normal,0.0,250,0.01,state,POT90-Shift,Vol-ERM,-7.760735543399727e-09,4.930056110697774e-07,-9.740517332401635e-07,9.58530262153364e-07,0.416
garch,normal,0.0,250,0.01,state,POT90-Vol,Raw,2.7498861035799884e-07,4.752682089570567e-07,-6.565370791978323e-07,1.20651429991383e-06,0.652
garch,normal,0.0,250,0.01,state,POT90-Vol,Shift-CP,-1.2307771328076398e-05,1.0573304381068336e-06,-1.4380138986765791e-05,-1.0235403669387004e-05,0.724
garch,normal,0.0,250,0.01,state,POT90-Vol,Vol-ERM,-2.6534763381253994e-06,4.700697475286676e-07,-3.5748130432815877e-06,-1.732139632969211e-06,0.602
garch,normal,0.0,250,0.01,state,Raw,Raw,0.0,0.0,0.0,0.0,0.0
garch,normal,0.0,250,0.01,state,Raw,Shift-CP,-1.25827599384344e-05,1.045106002548109e-06,-1.4631167703428694e-05,-1.0534352173440105e-05,0.602
garch,normal,0.0,250,0.01,state,Raw,Vol-ERM,-2.9284649484833986e-06,6.166933253399913e-07,-4.137183866149781e-06,-1.7197460308170157e-06,0.412
garch,normal,0.0,250,0.01,state,Shift-CP,Raw,1.25827599384344e-05,1.045106002548109e-06,1.0534352173440105e-05,1.4631167703428694e-05,0.398
garch,normal,0.0,250,0.01,state,Shift-CP,Shift-CP,0.0,0.0,0.0,0.0,0.0
garch,normal,0.0,250,0.01,state,Shift-CP,Vol-ERM,9.654294989950999e-06,9.830274433236833e-07,7.727561201036579e-06,1.158102877886542e-05,0.308
garch,normal,0.0,250,0.01,state,Shift-ERM,Raw,5.367908096410199e-06,6.549906170483607e-07,4.084126486995412e-06,6.651689705824986e-06,0.484
garch,normal,0.0,250,0.01,state,Shift-ERM,Shift-CP,-7.2148518420242e-06,8.958111749666428e-07,-8.97064174495882e-06,-5.459061939089581e-06,0.656
garch,normal,0.0,250,0.01,state,Shift-ERM,Vol-ERM,2.4394431479268004e-06,4.0661204360965023e-07,1.642483542451886e-06,3.236402753401715e-06,0.248
garch,normal,0.0,250,0.01,state,State-L1,Raw,5.4080014035171995e-05,8.487076063088896e-06,3.744534495151776e-05,7.071468311882622e-05,0.32
garch,normal,0.0,250,0.01,state,State-L1,Shift-CP,4.14972540967376e-05,8.562721630830228e-06,2.4714319700310354e-05,5.828018849316485e-05,0.452
garch,normal,0.0,250,0.01,state,State-L1,Vol-ERM,5.11515490866886e-05,8.423214561889464e-06,3.464204854538525e-05,6.766104962799194e-05,0.212
garch,normal,0.0,250,0.01,state,State-L1-clipped,Raw,2.6155193665229198e-05,2.5744990356121737e-06,2.110917555542934e-05,3.120121177502906e-05,0.33
garch,normal,0.0,250,0.01,state,State-L1-clipped,Shift-CP,1.35724337267948e-05,2.71160931157087e-06,8.257679476115895e-06,1.8887187977473706e-05,0.464
garch,normal,0.0,250,0.01,state,State-L1-clipped,Vol-ERM,2.32267287167458e-05,2.482350444514065e-06,1.8361321845498233e-05,2.809213558799337e-05,0.222
garch,normal,0.0,250,0.01,state,State2-ERM,Raw,1.9241473620567997e-05,1.925218246772798e-06,1.5468045856893313e-05,2.301490138424268e-05,0.3
garch,normal,0.0,250,0.01,state,State2-ERM,Shift-CP,6.658713682133601e-06,2.1149632467967323e-06,2.5133857184120066e-06,1.0804041645855196e-05,0.444
garch,normal,0.0,250,0.01,state,State2-ERM,Vol-ERM,1.63130086720846e-05,1.8037675067193693e-06,1.2777624358914636e-05,1.9848392985254565e-05,0.268
garch,normal,0.0,250,0.01,state,State4-ERM,Raw,0.00022024200477984478,2.477618583720509e-05,0.0001716806805389228,0.00026880332902076676,0.046
garch,normal,0.0,250,0.01,state,State4-ERM,Shift-CP,0.0002076592448414104,2.485369786856134e-05,0.00015894599701903018,0.0002563724926637906,0.156
garch,normal,0.0,250,0.01,state,State4-ERM,Vol-ERM,0.00021731353983136137,2.4752006958122337e-05,0.0001687996061934416,0.00026582747346928114,0.046
garch,normal,0.0,250,0.01,state,Vol-CP,Raw,6.513155151196999e-06,7.427243622787447e-07,5.057415401130659e-06,7.968894901263338e-06,0.484
garch,normal,0.0,250,0.01,state,Vol-CP,Shift-CP,-6.0696047872374e-06,4.983009218377605e-07,-7.04627459403941e-06,-5.0929349804353896e-06,0.84
garch,normal,0.0,250,0.01,state,Vol-CP,Vol-ERM,3.5846902027136007e-06,7.34729152113276e-07,2.14462106457158e-06,5.024759340855622e-06,0.362
garch,normal,0.0,250,0.01,state,Vol-ERM,Raw,2.9284649484833986e-06,6.166933253399913e-07,1.7197460308170157e-06,4.137183866149781e-06,0.588
garch,normal,0.0,250,0.01,state,Vol-ERM,Shift-CP,-9.654294989950999e-06,9.830274433236833e-07,-1.158102877886542e-05,-7.727561201036579e-06,0.692
garch,normal,0.0,250,0.01,state,Vol-ERM,Vol-ERM,0.0,0.0,0.0,0.0,0.0
garch,normal,0.0,250,0.05,constant,POT80-Shift,Raw,-5.0707709751468624e-05,6.895827606187168e-07,-5.205929196228131e-05,-4.935612754065594e-05,0.99
garch,normal,0.0,250,0.05,constant,POT80-Shift,Shift-CP,-4.976923951117597e-06,6.536306859523499e-07,-6.258040095584202e-06,-3.6958078066509914e-06,0.602
garch,normal,0.0,250,0.05,constant,POT80-Shift,Vol-ERM,-1.5505119737773992e-06,5.922846579055067e-07,-2.7113899032721922e-06,-3.8963404428260607e-07,0.63
garch,normal,0.0,250,0.05,constant,POT80-Vol,Raw,-5.212862332512143e-05,4.6727883637904317e-07,-5.304448984442436e-05,-5.1212756805818504e-05,0.996
garch,normal,0.0,250,0.05,constant,POT80-Vol,Shift-CP,-6.397837524770398e-06,8.697123120105889e-07,-8.102473656311152e-06,-4.693201393229644e-06,0.544
garch,normal,0.0,250,0.05,constant,POT80-Vol,Vol-ERM,-2.9714255474301996e-06,4.6135213727519545e-07,-3.875675736489583e-06,-2.0671753583708167e-06,0.59
garch,normal,0.0,250,0.05,constant,POT90-Shift,Raw,-4.861806192672123e-05,9.52722410172142e-07,-5.048539785065863e-05,-4.6750726002783835e-05,0.972
garch,normal,0.0,250,0.05,constant,POT90-Shift,Shift-CP,-2.887276126370196e-06,6.619352737182802e-07,-4.184669262858025e-06,-1.5898829898823668e-06,0.596
garch,normal,0.0,250,0.05,constant,POT90-Shift,Vol-ERM,5.391358509700024e-07,7.822607458864094e-07,-9.9409521096736e-07,2.0723669129073647e-06,0.624
garch,normal,0.0,250,0.05,constant,POT90-Vol,Raw,-5.036790767866343e-05,6.024102568110557e-07,-5.15486317820131e-05,-4.9187183575313766e-05,0.986
garch,normal,0.0,250,0.05,constant,POT90-Vol,Shift-CP,-4.637121878312399e-06,8.56408536756017e-07,-6.3156826103541925e-06,-2.958561146270606e-06,0.504
garch,normal,0.0,250,0.05,constant,POT90-Vol,Vol-ERM,-1.2107099009722003e-06,5.339398862800296e-07,-2.2572320780810584e-06,-1.6418772386334245e-07,0.556
garch,normal,0.0,250,0.05,constant,Raw,Raw,0.0,0.0,0.0,0.0,0.0
garch,normal,0.0,250,0.05,constant,Raw,Shift-CP,4.573078580035103e-05,1.0630271702369896e-06,4.364725254668653e-05,4.781431905401553e-05,0.034
garch,normal,0.0,250,0.05,constant,Raw,Vol-ERM,4.915719777769123e-05,6.466612094382871e-07,4.7889741807192185e-05,5.042465374819027e-05,0.018
garch,normal,0.0,250,0.05,constant,Shift-CP,Raw,-4.573078580035103e-05,1.0630271702369896e-06,-4.781431905401553e-05,-4.364725254668653e-05,0.966
garch,normal,0.0,250,0.05,constant,Shift-CP,Shift-CP,0.0,0.0,0.0,0.0,0.0
garch,normal,0.0,250,0.05,constant,Shift-CP,Vol-ERM,3.4264119773401986e-06,8.949144737398889e-07,1.6723796088100163e-06,5.18044434587038e-06,0.568
garch,normal,0.0,250,0.05,constant,Shift-ERM,Raw,-4.8078659142893434e-05,8.817346169650905e-07,-4.980685899214501e-05,-4.635045929364186e-05,0.966
garch,normal,0.0,250,0.05,constant,Shift-ERM,Shift-CP,-2.347873342542399e-06,5.08831947255714e-07,-3.345183959163598e-06,-1.3505627259211994e-06,0.566
garch,normal,0.0,250,0.05,constant,Shift-ERM,Vol-ERM,1.0785386347977999e-06,5.897245303526067e-07,-7.732144469330912e-08,2.234398714288909e-06,0.632
garch,normal,0.0,250,0.05,constant,State-L1,Raw,1.1556284028031967e-05,9.54953532586137e-06,-7.160805210656318e-06,3.0273373266720253e-05,0.77
garch,normal,0.0,250,0.05,constant,State-L1,Shift-CP,5.728706982838301e-05,9.519814952097391e-06,3.862823252227212e-05,7.59459071344939e-05,0.31
garch,normal,0.0,250,0.05,constant,State-L1,Vol-ERM,6.07134818057232e-05,9.494752114083826e-06,4.2103767662118904e-05,7.93231959493275e-05,0.35
garch,normal,0.0,250,0.05,constant,State-L1-clipped,Raw,-2.2583158341514234e-05,2.443878860335473e-06,-2.737316090777176e-05,-1.7793155775256708e-05,0.794
garch,normal,0.0,250,0.05,constant,State-L1-clipped,Shift-CP,2.3147627458836805e-05,2.3013928868419524e-06,1.8636897400626577e-05,2.7658357517047032e-05,0.318
garch,normal,0.0,250,0.05,constant,State-L1-clipped,Vol-ERM,2.6574039436177004e-05,2.3253281322983606e-06,2.2016396296872218e-05,3.113168257548179e-05,0.358
garch,normal,0.0,250,0.05,constant,State2-ERM,Raw,-2.5309344724038422e-05,2.070048266109755e-06,-2.9366639325613544e-05,-2.12520501224633e-05,0.84
garch,normal,0.0,250,0.05,constant,State2-ERM,Shift-CP,2.0421441076312606e-05,1.9285292305757365e-06,1.6641523784384164e-05,2.420135836824105e-05,0.24
garch,normal,0.0,250,0.05,constant,State2-ERM,Vol-ERM,2.3847853053652806e-05,1.9219202760092594e-06,2.0080889312674656e-05,2.7614816794630955e-05,0.216
garch,normal,0.0,250,0.05,constant,State4-ERM,Raw,0.00011014798965328837,1.7034073446648228e-05,7.676120569785784e-05,0.0001435347736087189,0.436
garch,normal,0.0,250,0.05,constant,State4-ERM,Shift-CP,0.00015587877545363937,1.7062048640814467e-05,0.00012243716011764303,0.00018932039078963571,0.056
garch,normal,0.0,250,0.05,constant,State4-ERM,Vol-ERM,0.0001593051874309796,1.699841146741854e-05,0.00012598830095483928,0.00019262207390711994,0.026
garch,normal,0.0,250,0.05,constant,Vol-CP,Raw,-4.844552040078102e-05,7.031452313883469e-07,-4.982368505430218e-05,-4.7067355747259865e-05,0.986
garch,normal,0.0,250,0.05,constant,Vol-CP,Shift-CP,-2.714734600429994e-06,6.255487204824603e-07,-3.940810092575616e-06,-1.4886591082843718e-06,0.406
garch,normal,0.0,250,0.05,constant,Vol-CP,Vol-ERM,7.116773769102049e-07,5.685488549244809e-07,-4.0267837874177777e-07,1.8260331325621875e-06,0.44
garch,normal,0.0,250,0.05,constant,Vol-ERM,Raw,-4.915719777769123e-05,6.466612094382871e-07,-5.042465374819027e-05,-4.7889741807192185e-05,0.982
garch,normal,0.0,250,0.05,constant,Vol-ERM,Shift-CP,-3.4264119773401986e-06,8.949144737398889e-07,-5.18044434587038e-06,-1.6723796088100163e-06,0.432
garch,normal,0.0,250,0.05,constant,Vol-ERM,Vol-ERM,0.0,0.0,0.0,0.0,0.0
garch,normal,0.0,250,0.05,none,POT80-Shift,Raw,1.0500701676431457e-05,6.89582760618717e-07,9.149119465618772e-06,1.1852283887244143e-05,0.0
garch,normal,0.0,250,0.05,none,POT80-Shift,Shift-CP,-4.976923951117597e-06,6.536306859523499e-07,-6.258040095584202e-06,-3.6958078066509914e-06,0.602
garch,normal,0.0,250,0.05,none,POT80-Shift,Vol-ERM,-1.0645306228946045e-06,5.010326605740789e-07,-2.046554637619799e-06,-8.250660816940986e-08,0.52
garch,normal,0.0,250,0.05,none,POT80-Vol,Raw,8.888581454108655e-06,5.325404799798256e-07,7.844802113348198e-06,9.932360794869113e-06,0.0
garch,normal,0.0,250,0.05,none,POT80-Vol,Shift-CP,-6.589044173440401e-06,7.927990301468215e-07,-8.142930272528172e-06,-5.035158074352631e-06,0.616
garch,normal,0.0,250,0.05,none,POT80-Vol,Vol-ERM,-2.676650845217408e-06,4.614804689157676e-07,-3.5811525642923123e-06,-1.7721491261425036e-06,0.556
garch,normal,0.0,250,0.05,none,POT90-Shift,Raw,1.2590349501178859e-05,9.52722410172142e-07,1.072301357724146e-05,1.4457685425116257e-05,0.0
garch,normal,0.0,250,0.05,none,POT90-Shift,Shift-CP,-2.887276126370196e-06,6.619352737182802e-07,-4.184669262858025e-06,-1.5898829898823668e-06,0.596
garch,normal,0.0,250,0.05,none,POT90-Shift,Vol-ERM,1.025117201852797e-06,6.834503711954725e-07,-3.144455256903291e-07,2.364679929395923e-06,0.508
garch,normal,0.0,250,0.05,none,POT90-Vol,Raw,1.1032563960710256e-05,7.238913025914623e-07,9.61373700763099e-06,1.2451390913789523e-05,0.0
garch,normal,0.0,250,0.05,none,POT90-Vol,Shift-CP,-4.445061666838799e-06,8.125512427443487e-07,-6.037662102617722e-06,-2.852461231059875e-06,0.646
garch,normal,0.0,250,0.05,none,POT90-Vol,Vol-ERM,-5.326683386158056e-07,6.052841602264925e-07,-1.7190252926597307e-06,6.536886154281195e-07,0.55
garch,normal,0.0,250,0.05,none,Raw,Raw,0.0,0.0,0.0,0.0,0.0
garch,normal,0.0,250,0.05,none,Raw,Shift-CP,-1.5477625627549056e-05,1.0630271702369894e-06,-1.7561158881213555e-05,-1.3394092373884557e-05,1.0
garch,normal,0.0,250,0.05,none,Raw,Vol-ERM,-1.1565232299326061e-05,6.998764082479215e-07,-1.2936990059491987e-05,-1.0193474539160136e-05,1.0
garch,normal,0.0,250,0.05,none,Shift-CP,Raw,1.5477625627549056e-05,1.0630271702369894e-06,1.3394092373884557e-05,1.7561158881213555e-05,0.0
garch,normal,0.0,250,0.05,none,Shift-CP,Shift-CP,0.0,0.0,0.0,0.0,0.0
garch,normal,0.0,250,0.05,none,Shift-CP,Vol-ERM,3.912393328222993e-06,7.337267867582134e-07,2.4742888261768945e-06,5.350497830269091e-06,0.426
garch,normal,0.0,250,0.05,none,Shift-ERM,Raw,1.3129752285006657e-05,8.817346169650903e-07,1.140155243575508e-05,1.4857952134258235e-05,0.0
garch,normal,0.0,250,0.05,none,Shift-ERM,Shift-CP,-2.347873342542399e-06,5.08831947255714e-07,-3.345183959163598e-06,-1.3505627259211994e-06,0.566
garch,normal,0.0,250,0.05,none,Shift-ERM,Vol-ERM,1.5645199856805943e-06,4.5596858933733017e-07,6.708215505794272e-07,2.4582184207817614e-06,0.438
garch,normal,0.0,250,0.05,none,State-L1,Raw,7.276469545593206e-05,9.54953532586137e-06,5.404760621724377e-05,9.148178469462034e-05,0.0
garch,normal,0.0,250,0.05,none,State-L1,Shift-CP,5.728706982838301e-05,9.519814952097391e-06,3.862823252227212e-05,7.59459071344939e-05,0.31
garch,normal,0.0,250,0.05,none,State-L1,Vol-ERM,6.1199463156606e-05,9.486522617724184e-06,4.26058788258666e-05,7.97930474873454e-05,0.25
garch,normal,0.0,250,0.05,none,State-L1-clipped,Raw,3.862525308638586e-05,2.443878860335473e-06,3.383525052012833e-05,4.3415255652643386e-05,0.0
garch,normal,0.0,250,0.05,none,State-L1-clipped,Shift-CP,2.3147627458836805e-05,2.3013928868419524e-06,1.8636897400626577e-05,2.7658357517047032e-05,0.318
garch,normal,0.0,250,0.05,none,State-L1-clipped,Vol-ERM,2.7060020787059796e-05,2.2975341969256825e-06,2.2556853761085458e-05,3.1563187813034136e-05,0.25
garch,normal,0.0,250,0.05,none,State2-ERM,Raw,3.589906670386166e-05,2.070048266109755e-06,3.184177210228654e-05,3.995636130543678e-05,0.0
garch,normal,0.0,250,0.05,none,State2-ERM,Shift-CP,2.0421441076312606e-05,1.9285292305757365e-06,1.6641523784384164e-05,2.420135836824105e-05,0.24
garch,normal,0.0,250,0.05,none,State2-ERM,Vol-ERM,2.43338344045356e-05,1.8937773435260054e-06,2.062203081122463e-05,2.804563799784657e-05,0.196
garch,normal,0.0,250,0.05,none,State4-ERM,Raw,0.00017135640108118847,1.7034073446648228e-05,0.00013796961712575793,0.00020474318503661902,0.0
garch,normal,0.0,250,0.05,none,State4-ERM,Shift-CP,0.00015587877545363937,1.7062048640814467e-05,0.00012243716011764303,0.00018932039078963571,0.056
garch,normal,0.0,250,0.05,none,State4-ERM,Vol-ERM,0.0001597911687818624,1.6991131851499073e-05,0.00012648855035292422,0.0001930937872108006,0.022
garch,normal,0.0,250,0.05,none,Vol-CP,Raw,1.2998699443383254e-05,7.943214525235082e-07,1.1441829396437178e-05,1.455556949032933e-05,0.0
garch,normal,0.0,250,0.05,none,Vol-CP,Shift-CP,-2.478926184165801e-06,4.20585805841822e-07,-3.3032743636157723e-06,-1.6545780047158297e-06,0.59
garch,normal,0.0,250,0.05,none,Vol-CP,Vol-ERM,1.4334671440571922e-06,5.400431670447137e-07,3.7498253664955333e-07,2.4919517514648314e-06,0.414
garch,normal,0.0,250,0.05,none,Vol-ERM,Raw,1.1565232299326061e-05,6.998764082479215e-07,1.0193474539160136e-05,1.2936990059491987e-05,0.0
garch,normal,0.0,250,0.05,none,Vol-ERM,Shift-CP,-3.912393328222993e-06,7.337267867582134e-07,-5.350497830269091e-06,-2.4742888261768945e-06,0.574
garch,normal,0.0,250,0.05,none,Vol-ERM,Vol-ERM,0.0,0.0,0.0,0.0,0.0
garch,normal,0.0,250,0.05,state,POT80-Shift,Raw,-2.1931306145750582e-07,1.3628679245689419e-06,-2.8905341936126318e-06,2.45190807069762e-06,0.694
garch,normal,0.0,250,0.05,state,POT80-Shift,Shift-CP,-6.267463374622403e-06,8.756384379646063e-07,-7.98371471303303e-06,-4.551212036211775e-06,0.604
garch,normal,0.0,250,0.05,state,POT80-Shift,Vol-ERM,8.107754669639e-06,8.452184229615214e-07,6.451126560634417e-06,9.764382778643582e-06,0.236
garch,normal,0.0,250,0.05,state,POT80-Vol,Raw,-1.1828982995057707e-05,7.835831578789356e-07,-1.336480598450042e-05,-1.0293160005614994e-05,0.848
garch,normal,0.0,250,0.05,state,POT80-Vol,Shift-CP,-1.7877133308222603e-05,1.2838056301012587e-06,-2.039339234322107e-05,-1.5360874273224138e-05,0.852
garch,normal,0.0,250,0.05,state,POT80-Vol,Vol-ERM,-3.5019152639612027e-06,5.948027439921968e-07,-4.667728642185908e-06,-2.336101885736497e-06,0.59
garch,normal,0.0,250,0.05,state,POT90-Shift,Raw,2.7887965424956937e-06,1.6078933718490524e-06,-3.6267446632844873e-07,5.9402675513198365e-06,0.67
garch,normal,0.0,250,0.05,state,POT90-Shift,Shift-CP,-3.2593537706692033e-06,8.342865220901169e-07,-4.8945553539658325e-06,-1.6241521873725742e-06,0.572
garch,normal,0.0,250,0.05,state,POT90-Shift,Vol-ERM,1.1115864273592197e-05,1.0156051918148547e-06,9.125278097635081e-06,1.3106450449549314e-05,0.184
garch,normal,0.0,250,0.05,state,POT90-Vol,Raw,-1.02321562261573e-05,8.71183191494901e-07,-1.1939675281487305e-05,-8.524637170827295e-06,0.812
garch,normal,0.0,250,0.05,state,POT90-Vol,Shift-CP,-1.6280306539322195e-05,1.2278052543692171e-06,-1.8686804837885862e-05,-1.387380824075853e-05,0.83
garch,normal,0.0,250,0.05,state,POT90-Vol,Vol-ERM,-1.9050884950607963e-06,5.670679765570489e-07,-3.016541729112612e-06,-7.936352610089805e-07,0.52
garch,normal,0.0,250,0.05,state,Raw,Raw,0.0,0.0,0.0,0.0,0.0
garch,normal,0.0,250,0.05,state,Raw,Shift-CP,-6.0481503131648974e-06,1.7562684770179585e-06,-9.490436528120096e-06,-2.605864098209699e-06,0.378
garch,normal,0.0,250,0.05,state,Raw,Vol-ERM,8.327067731096504e-06,1.029602509856935e-06,6.309046811776911e-06,1.0345088650416096e-05,0.234
garch,normal,0.0,250,0.05,state,Shift-CP,Raw,6.0481503131648974e-06,1.7562684770179585e-06,2.605864098209699e-06,9.490436528120096e-06,0.622
garch,normal,0.0,250,0.05,state,Shift-CP,Shift-CP,0.0,0.0,0.0,0.0,0.0
garch,normal,0.0,250,0.05,state,Shift-CP,Vol-ERM,1.43752180442614e-05,1.0814618612753664e-06,1.2255552796161682e-05,1.6494883292361117e-05,0.174
garch,normal,0.0,250,0.05,state,Shift-ERM,Raw,1.509293726376492e-06,1.4680701132669324e-06,-1.3681236956266955e-06,4.386711148379679e-06,0.684
garch,normal,0.0,250,0.05,state,Shift-ERM,Shift-CP,-4.538856586788405e-06,5.798823211776573e-07,-5.675425936296613e-06,-3.402287237280197e-06,0.656
garch,normal,0.0,250,0.05,state,Shift-ERM,Vol-ERM,9.836361457472996e-06,7.437325387944866e-07,8.378645681435802e-06,1.129407723351019e-05,0.13
garch,normal,0.0,250,0.05,state,State-L1,Raw,4.1134545540043894e-05,8.612136236597538e-06,2.425475851631272e-05,5.8014332563775066e-05,0.562
garch,normal,0.0,250,0.05,state,State-L1,Shift-CP,3.508639522687899e-05,8.635446828958914e-06,1.816091944211952e-05,5.2011871011638466e-05,0.524
garch,normal,0.0,250,0.05,state,State-L1,Vol-ERM,4.946161327114039e-05,8.540976586823109e-06,3.2721299160967104e-05,6.620192738131368e-05,0.248
garch,normal,0.0,250,0.05,state,State-L1-clipped,Raw,1.335713033868629e-05,2.361644016205207e-06,8.728308066924084e-06,1.7985952610448496e-05,0.57
garch,normal,0.0,250,0.05,state,State-L1-clipped,Shift-CP,7.308980025521393e-06,2.3744919423911976e-06,2.654975818434646e-06,1.1962984232608141e-05,0.536
garch,normal,0.0,250,0.05,state,State-L1-clipped,Vol-ERM,2.1684198069782795e-05,2.141998801485266e-06,1.7485880418871674e-05,2.5882515720693917e-05,0.252
garch,normal,0.0,250,0.05,state,State2-ERM,Raw,3.799904650161501e-06,2.070048266109755e-06,-2.5738995141361925e-07,7.857199251736622e-06,0.662
garch,normal,0.0,250,0.05,state,State2-ERM,Shift-CP,-2.248245663003396e-06,2.3063287675806586e-06,-6.768650047461486e-06,2.2721587214546946e-06,0.578
garch,normal,0.0,250,0.05,state,State2-ERM,Vol-ERM,1.2126972381258004e-05,1.8921953721121235e-06,8.418269451918243e-06,1.5835675310597766e-05,0.468
garch,normal,0.0,250,0.05,state,State4-ERM,Raw,0.00013925723902748828,1.7034073446648228e-05,0.00010587045507205776,0.0001726440229829188,0.25
garch,normal,0.0,250,0.05,state,State4-ERM,Shift-CP,0.00013320908871432342,1.7139348526397466e-05,9.961596560258438e-05,0.00016680221182606246,0.226
garch,normal,0.0,250,0.05,state,State4-ERM,Vol-ERM,0.00014758430675858482,1.69912991053623e-05,0.00011428136051207471,0.00018088725300509492,0.122
garch,normal,0.0,250,0.05,state,Vol-CP,Raw,-7.269486548027705e-06,1.0757092229790044e-06,-9.377876625066554e-06,-5.1610964709888565e-06,0.758
garch,normal,0.0,250,0.05,state,Vol-CP,Shift-CP,-1.3317636861192602e-05,9.237519892506555e-07,-1.5128190760123887e-05,-1.1507082962261317e-05,0.932
garch,normal,0.0,250,0.05,state,Vol-CP,Vol-ERM,1.0575811830687976e-06,4.884396068563796e-07,1.0023955363029365e-07,2.0149228125073017e-06,0.332
garch,normal,0.0,250,0.05,state,Vol-ERM,Raw,-8.327067731096504e-06,1.029602509856935e-06,-1.0345088650416096e-05,-6.309046811776911e-06,0.766
garch,normal,0.0,250,0.05,state,Vol-ERM,Shift-CP,-1.43752180442614e-05,1.0814618612753664e-06,-1.6494883292361117e-05,-1.2255552796161682e-05,0.826
garch,normal,0.0,250,0.05,state,Vol-ERM,Vol-ERM,0.0,0.0,0.0,0.0,0.0
garch,normal,0.0,500,0.01,constant,POT80-Shift,Raw,-1.3521229522044382e-05,2.1998084881704742e-07,-1.3952391985725796e-05,-1.3090067058362969e-05,0.972
garch,normal,0.0,500,0.01,constant,POT80-Shift,Shift-CP,-1.9483987787941987e-06,2.8766011339460174e-07,-2.5122126010476182e-06,-1.3845849565407792e-06,0.632
garch,normal,0.0,500,0.01,constant,POT80-Shift,Vol-ERM,-1.8224619057113994e-06,2.812590336852802e-07,-2.3737296117345484e-06,-1.2711941996882503e-06,0.664
garch,normal,0.0,500,0.01,constant,POT80-Vol,Raw,-1.3777227328530183e-05,1.7617765368737808e-07,-1.4122535529757444e-05,-1.3431919127302922e-05,0.986
garch,normal,0.0,500,0.01,constant,POT80-Vol,Shift-CP,-2.204396585279998e-06,3.073227627335092e-07,-2.806749200237676e-06,-1.6020439703223199e-06,0.56
garch,normal,0.0,500,0.01,constant,POT80-Vol,Vol-ERM,-2.0784597121971982e-06,2.719097171732114e-07,-2.6114027578566923e-06,-1.5455166665377039e-06,0.608
garch,normal,0.0,500,0.01,constant,POT90-Shift,Raw,-1.3539949936354385e-05,2.24580971756844e-07,-1.39801286409978e-05,-1.309977123171097e-05,0.97
garch,normal,0.0,500,0.01,constant,POT90-Shift,Shift-CP,-1.9671191931042e-06,2.8071447471459067e-07,-2.517319563544798e-06,-1.4169188226636023e-06,0.638
garch,normal,0.0,500,0.01,constant,POT90-Shift,Vol-ERM,-1.8411823200214002e-06,2.623212909001854e-07,-2.3553320501857634e-06,-1.327032589857037e-06,0.664
garch,normal,0.0,500,0.01,constant,POT90-Vol,Raw,-1.3669543536435985e-05,1.8802874477861822e-07,-1.4038079876202076e-05,-1.3301007196669894e-05,0.982
garch,normal,0.0,500,0.01,constant,POT90-Vol,Shift-CP,-2.0967127931857987e-06,2.983697662601047e-07,-2.6815175350556037e-06,-1.5119080513159936e-06,0.54
garch,normal,0.0,500,0.01,constant,POT90-Vol,Vol-ERM,-1.9707759201029994e-06,2.5498586944946494e-07,-2.4705482242239508e-06,-1.471003615982048e-06,0.618
garch,normal,0.0,500,0.01,constant,Raw,Raw,0.0,0.0,0.0,0.0,0.0
garch,normal,0.0,500,0.01,constant,Raw,Shift-CP,1.1572830743250185e-05,3.677681784436666e-07,1.08520051135006e-05,1.2293656372999771e-05,0.082
garch,normal,0.0,500,0.01,constant,Raw,Vol-ERM,1.1698767616332986e-05,3.275264799027032e-07,1.1056815715723687e-05,1.2340719516942284e-05,0.058
garch,normal,0.0,500,0.01,constant,Shift-CP,Raw,-1.1572830743250185e-05,3.677681784436666e-07,-1.2293656372999771e-05,-1.08520051135006e-05,0.918
garch,normal,0.0,500,0.01,constant,Shift-CP,Shift-CP,0.0,0.0,0.0,0.0,0.0
garch,normal,0.0,500,0.01,constant,Shift-CP,Vol-ERM,1.2593687308279952e-07,2.51628815592617e-07,-3.6725560547872975e-07,6.191293516443288e-07,0.628
garch,normal,0.0,500,0.01,constant,Shift-ERM,Raw,-1.1639187554953385e-05,3.457460517922525e-07,-1.2316849816466199e-05,-1.096152529344057e-05,0.938
garch,normal,0.0,500,0.01,constant,Shift-ERM,Shift-CP,-6.635681170319853e-08,2.6301757843671005e-07,-5.818712654391502e-07,4.491576420327531e-07,0.472
garch,normal,0.0,500,0.01,constant,Shift-ERM,Vol-ERM,5.9580061379600996e-08,1.6266287861325425e-07,-2.592391807023773e-07,3.7839930346157934e-07,0.596
garch,normal,0.0,500,0.01,constant,State-L1,Raw,2.152446115682163e-07,4.648779637837139e-06,-8.896363478592576e-06,9.326852701729008e-06,0.768
garch,normal,0.0,500,0.01,constant,State-L1,Shift-CP,1.1788075354818402e-05,4.658112830833667e-06,2.658174206384414e-06,2.0917976503252387e-05,0.306
garch,normal,0.0,500,0.01,constant,State-L1,Vol-ERM,1.19140122279012e-05,4.6545919379869545e-06,2.7910120294467687e-06,2.103701242635563e-05,0.382
garch,normal,0.0,500,0.01,constant,State-L1-clipped,Raw,-4.645876990099383e-06,1.2487360259157514e-06,-7.093399600894256e-06,-2.1983543793045102e-06,0.776
garch,normal,0.0,500,0.01,constant,State-L1-clipped,Shift-CP,6.926953753150802e-06,1.2503097047640446e-06,4.476346731813274e-06,9.37756077448833e-06,0.308
garch,normal,0.0,500,0.01,constant,State-L1-clipped,Vol-ERM,7.0528906262336e-06,1.2457602282679726e-06,4.611200578828374e-06,9.494580673638826e-06,0.384
garch,normal,0.0,500,0.01,constant,State2-ERM,Raw,-6.108891157960983e-06,5.089278438262427e-07,-7.106389731860418e-06,-5.111392584061547e-06,0.792
garch,normal,0.0,500,0.01,constant,State2-ERM,Shift-CP,5.463939585289202e-06,4.61380760780018e-07,4.559633294160366e-06,6.368245876418037e-06,0.226
garch,normal,0.0,500,0.01,constant,State2-ERM,Vol-ERM,5.589876458372001e-06,4.855389551136186e-07,4.6382201063493086e-06,6.541532810394694e-06,0.298
garch,normal,0.0,500,0.01,constant,State4-ERM,Raw,2.8631158767380218e-05,6.85454778675492e-06,1.5196245105340575e-05,4.206607242941986e-05,0.466
garch,normal,0.0,500,0.01,constant,State4-ERM,Shift-CP,4.02039895106304e-05,6.859453383098093e-06,2.6759460879758134e-05,5.364851814150266e-05,0.082
garch,normal,0.0,500,0.01,constant,State4-ERM,Vol-ERM,4.03299263837132e-05,6.842834673663778e-06,2.69179704233322e-05,5.3741882344094204e-05,0.08
garch,normal,0.0,500,0.01,constant,Vol-CP,Raw,-1.2068821580783585e-05,3.1600258803228915e-07,-1.2688186653326871e-05,-1.1449456508240298e-05,0.944
garch,normal,0.0,500,0.01,constant,Vol-CP,Shift-CP,-4.959908375333999e-07,1.6446972880180306e-07,-8.18351505984934e-07,-1.7363016908186592e-07,0.406
garch,normal,0.0,500,0.01,constant,Vol-CP,Vol-ERM,-3.700539644506004e-07,1.8741210461715643e-07,-7.37381689500227e-07,-2.726239400973791e-09,0.428
garch,normal,0.0,500,0.01,constant,Vol-ERM,Raw,-1.1698767616332986e-05,3.275264799027032e-07,-1.2340719516942284e-05,-1.1056815715723687e-05,0.942
garch,normal,0.0,500,0.01,constant,Vol-ERM,Shift-CP,-1.2593687308279952e-07,2.51628815592617e-07,-6.191293516443288e-07,3.6725560547872975e-07,0.372
garch,normal,0.0,500,0.01,constant,Vol-ERM,Vol-ERM,0.0,0.0,0.0,0.0,0.0
garch,normal,0.0,500,0.01,none,POT80-Shift,Raw,3.500956022855591e-06,2.199808488170475e-07,3.0697935591741778e-06,3.932118486537004e-06,0.0
garch,normal,0.0,500,0.01,none,POT80-Shift,Shift-CP,-1.948398778794399e-06,2.876601133946025e-07,-2.51221260104782e-06,-1.3845849565409782e-06,0.632
garch,normal,0.0,500,0.01,none,POT80-Shift,Vol-ERM,-1.423329120605199e-06,2.562093171683393e-07,-1.9254993822551442e-06,-9.211588589552541e-07,0.614
garch,normal,0.0,500,0.01,none,POT80-Vol,Raw,2.9985393519085897e-06,1.853339133530369e-07,2.635284881736637e-06,3.3617938220805422e-06,0.0
garch,normal,0.0,500,0.01,none,POT80-Vol,Shift-CP,-2.4508154497414e-06,3.033034870470179e-07,-3.045290284353555e-06,-1.8563406151292447e-06,0.64
garch,normal,0.0,500,0.01,none,POT80-Vol,Vol-ERM,-1.9257457915522e-06,2.5805048780596654e-07,-2.4315247476518944e-06,-1.4199668354525058e-06,0.614
garch,normal,0.0,500,0.01,none,POT90-Shift,Raw,3.4822356085455895e-06,2.2458097175684402e-07,3.0420569039021753e-06,3.922414313189004e-06,0.0
garch,normal,0.0,500,0.01,none,POT90-Shift,Shift-CP,-1.9671191931044e-06,2.807144747145917e-07,-2.5173195635449996e-06,-1.4169188226638005e-06,0.638
garch,normal,0.0,500,0.01,none,POT90-Shift,Vol-ERM,-1.4420495349152003e-06,2.418859994254552e-07,-1.9161460937890925e-06,-9.67952976041308e-07,0.612
garch,normal,0.0,500,0.01,none,POT90-Vol,Raw,3.1300873356331917e-06,1.9669422202470595e-07,2.744566660464768e-06,3.5156080108016154e-06,0.0
garch,normal,0.0,500,0.01,none,POT90-Vol,Shift-CP,-2.319267466016798e-06,2.9110417018419646e-07,-2.889831639577823e-06,-1.7487032924557727e-06,0.644
garch,normal,0.0,500,0.01,none,POT90-Vol,Vol-ERM,-1.7941978078275987e-06,2.420604845546418e-07,-2.2686363575546967e-06,-1.3197592581005007e-06,0.62
garch,normal,0.0,500,0.01,none,Raw,Raw,0.0,0.0,0.0,0.0,0.0
garch,normal,0.0,500,0.01,none,Raw,Shift-CP,-5.449354801649989e-06,3.677681784436638e-07,-6.17018043139957e-06,-4.7285291719004085e-06,1.0
garch,normal,0.0,500,0.01,none,Raw,Vol-ERM,-4.924285143460791e-06,3.091862356512193e-07,-5.53029016533718e-06,-4.318280121584401e-06,1.0
garch,normal,0.0,500,0.01,none,Shift-CP,Raw,5.449354801649989e-06,3.677681784436638e-07,4.7285291719004085e-06,6.17018043139957e-06,0.0
garch,normal,0.0,500,0.01,none,Shift-CP,Shift-CP,0.0,0.0,0.0,0.0,0.0
garch,normal,0.0,500,0.01,none,Shift-CP,Vol-ERM,5.250696581891996e-07,2.204004760788959e-07,9.30847250745637e-08,9.570545913038356e-07,0.446
garch,normal,0.0,500,0.01,none,Shift-ERM,Raw,5.382997989946591e-06,3.457460517922525e-07,4.705335728433776e-06,6.0606602514594054e-06,0.0
garch,normal,0.0,500,0.01,none,Shift-ERM,Shift-CP,-6.635681170339845e-08,2.630175784367118e-07,-5.818712654393536e-07,4.491576420325567e-07,0.472
garch,normal,0.0,500,0.01,none,Shift-ERM,Vol-ERM,4.5871284648580115e-07,1.8867982620598967e-07,8.89003871220614e-08,8.285253058495409e-07,0.422
garch,normal,0.0,500,0.01,none,State-L1,Raw,1.7237430156468186e-05,4.648779637837138e-06,8.125822066307395e-06,2.6349038246628976e-05,0.0
garch,normal,0.0,500,0.01,none,State-L1,Shift-CP,1.1788075354818202e-05,4.658112830833668e-06,2.6581742063842125e-06,2.091797650325219e-05,0.306
garch,normal,0.0,500,0.01,none,State-L1,Vol-ERM,1.23131450130074e-05,4.650133010141748e-06,3.1988843131295733e-06,2.1427405712885227e-05,0.286
garch,normal,0.0,500,0.01,none,State-L1-clipped,Raw,1.237630855480059e-05,1.2487360259157514e-06,9.928785944005717e-06,1.4823831165595461e-05,0.0
garch,normal,0.0,500,0.01,none,State-L1-clipped,Shift-CP,6.926953753150601e-06,1.2503097047640446e-06,4.476346731813074e-06,9.377560774488128e-06,0.308
garch,normal,0.0,500,0.01,none,State-L1-clipped,Vol-ERM,7.452023411339801e-06,1.2411345812390577e-06,5.019399632111248e-06,9.884647190568355e-06,0.292
garch,normal,0.0,500,0.01,none,State2-ERM,Raw,1.0913294386938992e-05,5.089278438262427e-07,9.915795813039556e-06,1.1910792960838428e-05,0.0
garch,normal,0.0,500,0.01,none,State2-ERM,Shift-CP,5.463939585289001e-06,4.6138076078002224e-07,4.559633294160157e-06,6.368245876417845e-06,0.226
garch,normal,0.0,500,0.01,none,State2-ERM,Vol-ERM,5.989009243478201e-06,4.785233644012649e-07,5.051103449251722e-06,6.9269150377046805e-06,0.238
garch,normal,0.0,500,0.01,none,State4-ERM,Raw,4.565334431228019e-05,6.85454778675492e-06,3.221843065024055e-05,5.908825797431983e-05,0.0
garch,normal,0.0,500,0.01,none,State4-ERM,Shift-CP,4.02039895106302e-05,6.859453383098095e-06,2.6759460879757934e-05,5.364851814150247e-05,0.082
garch,normal,0.0,500,0.01,none,State4-ERM,Vol-ERM,4.0729059168819396e-05,6.8365227261267e-06,2.7329474625611066e-05,5.4128643712027727e-05,0.066
garch,normal,0.0,500,0.01,none,Vol-CP,Raw,4.7696830256067915e-06,3.069445470347226e-07,4.168071713418735e-06,5.371294337794848e-06,0.0
garch,normal,0.0,500,0.01,none,Vol-CP,Shift-CP,-6.796717760431987e-07,1.2254858912043153e-07,-9.198670107192445e-07,-4.394765413671529e-07,0.572
garch,normal,0.0,500,0.01,none,Vol-CP,Vol-ERM,-1.5460211785399913e-07,1.7278361841216751e-07,-4.932580099418475e-07,1.8405377423384922e-07,0.346
garch,normal,0.0,500,0.01,none,Vol-ERM,Raw,4.924285143460791e-06,3.091862356512193e-07,4.318280121584401e-06,5.53029016533718e-06,0.0
garch,normal,0.0,500,0.01,none,Vol-ERM,Shift-CP,-5.250696581891996e-07,2.204004760788959e-07,-9.570545913038356e-07,-9.30847250745637e-08,0.554
garch,normal,0.0,500,0.01,none,Vol-ERM,Vol-ERM,0.0,0.0,0.0,0.0,0.0
garch,normal,0.0,500,0.01,state,POT80-Shift,Raw,-8.156983227408018e-07,3.167234892352739e-07,-1.4364763616419386e-06,-1.9492028383966505e-07,0.718
garch,normal,0.0,500,0.01,state,POT80-Shift,Shift-CP,-2.3413139574144e-06,3.3895651434949153e-07,-3.005668725539403e-06,-1.6769591892893965e-06,0.642
garch,normal,0.0,500,0.01,state,POT80-Shift,Vol-ERM,8.333946680412e-07,2.8616433038613754e-07,2.7251258048437043e-07,1.3942767555980294e-06,0.374
garch,normal,0.0,500,0.01,state,POT80-Vol,Raw,-3.4339410127204015e-06,2.2817366966712858e-07,-3.881161405267973e-06,-2.9867206201728294e-06,0.844
garch,normal,0.0,500,0.01,state,POT80-Vol,Shift-CP,-4.959556647393999e-06,3.892299107387798e-07,-5.722447272442007e-06,-4.196666022345991e-06,0.812
garch,normal,0.0,500,0.01,state,POT80-Vol,Vol-ERM,-1.7848480219383997e-06,2.6314044029702504e-07,-2.3006032849205686e-06,-1.2690927589562308e-06,0.62
garch,normal,0.0,500,0.01,state,POT90-Shift,Raw,-9.767704212832015e-07,2.994339741170418e-07,-1.5636610105526034e-06,-3.898798320137996e-07,0.738
garch,normal,0.0,500,0.01,state,POT90-Shift,Shift-CP,-2.5023860559568e-06,3.1750097081205737e-07,-3.124687958748432e-06,-1.8800841531651674e-06,0.63
garch,normal,0.0,500,0.01,state,POT90-Shift,Vol-ERM,6.723225694988002e-07,2.6072734232533755e-07,1.6129697854113853e-07,1.1833481604564618e-06,0.354
garch,normal,0.0,500,0.01,state,POT90-Vol,Raw,-3.3711372718812027e-06,2.2869820638123445e-07,-3.819385756388422e-06,-2.9228887873739833e-06,0.838
garch,normal,0.0,500,0.01,state,POT90-Vol,Shift-CP,-4.896752906554801e-06,3.8456267635142726e-07,-5.650495752203598e-06,-4.143010060906004e-06,0.822
garch,normal,0.0,500,0.01,state,POT90-Vol,Vol-ERM,-1.722044281099201e-06,2.5692152107619396e-07,-2.225610462408541e-06,-1.218478099789861e-06,0.612
garch,normal,0.0,500,0.01,state,Raw,Raw,0.0,0.0,0.0,0.0,0.0
garch,normal,0.0,500,0.01,state,Raw,Shift-CP,-1.525615634673598e-06,4.7437174897082196e-07,-2.455384262656409e-06,-5.95847006690787e-07,0.37
garch,normal,0.0,500,0.01,state,Raw,Vol-ERM,1.6490929907820018e-06,3.43645758167226e-07,9.755473047742388e-07,2.3226386767897647e-06,0.232
garch,normal,0.0,500,0.01,state,Shift-CP,Raw,1.525615634673598e-06,4.7437174897082196e-07,5.95847006690787e-07,2.455384262656409e-06,0.63
garch,normal,0.0,500,0.01,state,Shift-CP,Shift-CP,0.0,0.0,0.0,0.0,0.0
garch,normal,0.0,500,0.01,state,Shift-CP,Vol-ERM,3.1747086254555997e-06,3.1493818067665127e-07,2.5574297913293633e-06,3.791987459581836e-06,0.216
garch,normal,0.0,500,0.01,state,Shift-ERM,Raw,7.052215355559906e-08,3.622863823347925e-07,-6.395591558205941e-07,7.806034629317923e-07,0.684
garch,normal,0.0,500,0.01,state,Shift-ERM,Shift-CP,-1.455093481117999e-06,3.246517593787949e-07,-2.091410929500437e-06,-8.18776032735561e-07,0.556
garch,normal,0.0,500,0.01,state,Shift-ERM,Vol-ERM,1.7196151443376008e-06,2.1325463321284641e-07,1.3016360632404218e-06,2.1375942254347797e-06,0.206
garch,normal,0.0,500,0.01,state,State-L1,Raw,1.0237074347908798e-05,4.676302205663391e-06,1.0715220248085515e-06,1.9402626671009046e-05,0.564
garch,normal,0.0,500,0.01,state,State-L1,Shift-CP,8.7114587132352e-06,4.6878654113888614e-06,-4.7675749308696837e-07,1.7899674919557368e-05,0.464
garch,normal,0.0,500,0.01,state,State-L1,Vol-ERM,1.1886167338690799e-05,4.675735681657633e-06,2.7217254026418377e-06,2.105060927473976e-05,0.276
garch,normal,0.0,500,0.01,state,State-L1-clipped,Raw,5.319331242647399e-06,1.3253003843377942e-06,2.721742489345322e-06,7.916919995949475e-06,0.568
garch,normal,0.0,500,0.01,state,State-L1-clipped,Shift-CP,3.7937156079738005e-06,1.3486003344218038e-06,1.1504589525070653e-06,6.436972263440536e-06,0.466
garch,normal,0.0,500,0.01,state,State-L1-clipped,Vol-ERM,6.968424233429401e-06,1.3197500757708918e-06,4.381714084918454e-06,9.555134381940348e-06,0.28
garch,normal,0.0,500,0.01,state,State2-ERM,Raw,2.0492277864389994e-06,5.089278438262427e-07,1.0517292125395637e-06,3.0467263603384353e-06,0.55
garch,normal,0.0,500,0.01,state,State2-ERM,Shift-CP,5.236121517654011e-07,5.538811536275673e-07,-5.619949093446307e-07,1.609219212875433e-06,0.51
garch,normal,0.0,500,0.01,state,State2-ERM,Vol-ERM,3.6983207772210007e-06,4.941345241892715e-07,2.7298171098100284e-06,4.666824444631973e-06,0.422
garch,normal,0.0,500,0.01,state,State4-ERM,Raw,3.67892777117802e-05,6.85454778675492e-06,2.3354364049740556e-05,5.022419137381984e-05,0.222
garch,normal,0.0,500,0.01,state,State4-ERM,Shift-CP,3.5263662077106604e-05,6.860959721812481e-06,2.1816181022354142e-05,4.871114313185907e-05,0.206
garch,normal,0.0,500,0.01,state,State4-ERM,Vol-ERM,3.8438370702562194e-05,6.831332307887959e-06,2.5048959379101794e-05,5.1827782026022596e-05,0.126
garch,normal,0.0,500,0.01,state,Vol-CP,Raw,-1.697036243960202e-06,3.375783688276136e-07,-2.3586898468623246e-06,-1.0353826410580792e-06,0.76
garch,normal,0.0,500,0.01,state,Vol-CP,Shift-CP,-3.2226518786338002e-06,2.378847946813342e-07,-3.6889060762092154e-06,-2.756397681058385e-06,0.88
garch,normal,0.0,500,0.01,state,Vol-CP,Vol-ERM,-4.7943253178200134e-08,1.6893228328551282e-07,-3.790505284178053e-07,2.83164022061405e-07,0.242
garch,normal,0.0,500,0.01,state,Vol-ERM,Raw,-1.6490929907820018e-06,3.43645758167226e-07,-2.3226386767897647e-06,-9.755473047742388e-07,0.768
garch,normal,0.0,500,0.01,state,Vol-ERM,Shift-CP,-3.1747086254555997e-06,3.1493818067665127e-07,-3.791987459581836e-06,-2.5574297913293633e-06,0.784
garch,normal,0.0,500,0.01,state,Vol-ERM,Vol-ERM,0.0,0.0,0.0,0.0,0.0
garch,normal,0.0,500,0.05,constant,POT80-Shift,Raw,-5.606247195312623e-05,3.1991430916807386e-07,-5.668950399909566e-05,-5.5435439907156804e-05,1.0
garch,normal,0.0,500,0.05,constant,POT80-Shift,Shift-CP,-9.96232562429801e-07,2.4756458628873536e-07,-1.4814591515557225e-06,-5.110059733038798e-07,0.564
garch,normal,0.0,500,0.05,constant,POT80-Shift,Vol-ERM,-1.7952528371321997e-06,3.1608296787613485e-07,-2.414775454169424e-06,-1.1757302200949754e-06,0.686
garch,normal,0.0,500,0.05,constant,POT80-Vol,Raw,-5.5979326543301636e-05,2.260242792586217e-07,-5.6422334130648533e-05,-5.553631895595474e-05,1.0
garch,normal,0.0,500,0.05,constant,POT80-Vol,Shift-CP,-9.13087152605201e-07,2.88322171848827e-07,-1.478198609428902e-06,-3.4797569578150015e-07,0.444
garch,normal,0.0,500,0.05,constant,POT80-Vol,Vol-ERM,-1.7121074273075994e-06,2.590982506380344e-07,-2.2199399985581466e-06,-1.204274856057052e-06,0.592
garch,normal,0.0,500,0.05,constant,POT90-Shift,Raw,-5.562016159309903e-05,3.4296224629279567e-07,-5.6292367595832906e-05,-5.494795559036515e-05,1.0
garch,normal,0.0,500,0.05,constant,POT90-Shift,Shift-CP,-5.539222024026e-07,2.3019816364948553e-07,-1.0051106031555916e-06,-1.027338016496084e-07,0.562
garch,normal,0.0,500,0.05,constant,POT90-Shift,Vol-ERM,-1.3529424771049984e-06,2.8953409733177625e-07,-1.9204293078752798e-06,-7.85455646334717e-07,0.714
garch,normal,0.0,500,0.05,constant,POT90-Vol,Raw,-5.5555107996086235e-05,2.423059237817169e-07,-5.60300276066984e-05,-5.508018838547407e-05,1.0
garch,normal,0.0,500,0.05,constant,POT90-Vol,Shift-CP,-4.888686053898046e-07,2.742225021357557e-07,-1.026344709575886e-06,4.8607498796276655e-08,0.4
garch,normal,0.0,500,0.05,constant,POT90-Vol,Vol-ERM,-1.2878888800922032e-06,2.295643778751147e-07,-1.7378350607274281e-06,-8.379426994569783e-07,0.584
garch,normal,0.0,500,0.05,constant,Raw,Raw,0.0,0.0,0.0,0.0,0.0
garch,normal,0.0,500,0.05,constant,Raw,Shift-CP,5.506623939069643e-05,3.7674783349100066e-07,5.432781363705407e-05,5.5804665144338794e-05,0.002
garch,normal,0.0,500,0.05,constant,Raw,Vol-ERM,5.4267219115994026e-05,3.281874446386899e-07,5.362397172450219e-05,5.491046650748586e-05,0.0
garch,normal,0.0,500,0.05,constant,Shift-CP,Raw,-5.506623939069643e-05,3.7674783349100066e-07,-5.5804665144338794e-05,-5.432781363705407e-05,0.998
garch,normal,0.0,500,0.05,constant,Shift-CP,Shift-CP,0.0,0.0,0.0,0.0,0.0
garch,normal,0.0,500,0.05,constant,Shift-CP,Vol-ERM,-7.990202747023985e-07,2.6783399541068755e-07,-1.323974905707346e-06,-2.74065643697451e-07,0.696
garch,normal,0.0,500,0.05,constant,Shift-ERM,Raw,-5.505681455882343e-05,3.5953972297245036e-07,-5.5761512415849434e-05,-5.435211670179743e-05,1.0
garch,normal,0.0,500,0.05,constant,Shift-ERM,Shift-CP,9.424831873000237e-09,1.514672553730288e-07,-2.874509886581362e-07,3.0630065240413664e-07,0.5
garch,normal,0.0,500,0.05,constant,Shift-ERM,Vol-ERM,-7.895954428293983e-07,1.9873977825385303e-07,-1.1791254082069502e-06,-4.0006547745184635e-07,0.742
garch,normal,0.0,500,0.05,constant,State-L1,Raw,-4.041012403416704e-05,3.1823984513448697e-06,-4.6647624998802985e-05,-3.417262306953109e-05,0.94
garch,normal,0.0,500,0.05,constant,State-L1,Shift-CP,1.46561153565294e-05,3.103422755075698e-06,8.573406756581031e-06,2.0738823956477768e-05,0.268
garch,normal,0.0,500,0.05,constant,State-L1,Vol-ERM,1.3857095081827002e-05,3.1043641111850113e-06,7.77254142390438e-06,1.9941648739749625e-05,0.436
garch,normal,0.0,500,0.05,constant,State-L1-clipped,Raw,-4.3890080867140026e-05,1.6044245500203967e-06,-4.7034752985180004e-05,-4.074540874910005e-05,0.948
garch,normal,0.0,500,0.05,constant,State-L1-clipped,Shift-CP,1.1176158523556401e-05,1.5146327410497434e-06,8.207478351098904e-06,1.4144838696013898e-05,0.272
garch,normal,0.0,500,0.05,constant,State-L1-clipped,Vol-ERM,1.0377138248854004e-05,1.527213260878915e-06,7.38380025753133e-06,1.3370476240176678e-05,0.438
garch,normal,0.0,500,0.05,constant,State2-ERM,Raw,-4.6289136305482035e-05,7.809710632436265e-07,-4.781983958943954e-05,-4.475843302152453e-05,0.97
garch,normal,0.0,500,0.05,constant,State2-ERM,Shift-CP,8.777103085214399e-06,6.742232630698662e-07,7.455625489597461e-06,1.0098580680831336e-05,0.16
garch,normal,0.0,500,0.05,constant,State2-ERM,Vol-ERM,7.978082810512002e-06,7.514043776775301e-07,6.505330230264043e-06,9.450835390759961e-06,0.322
garch,normal,0.0,500,0.05,constant,State4-ERM,Raw,-1.5063041843135229e-05,4.959446174870709e-06,-2.4783556345881815e-05,-5.3425273403886405e-06,0.844
garch,normal,0.0,500,0.05,constant,State4-ERM,Shift-CP,4.0003197547561205e-05,4.912769740959217e-06,3.037416885528114e-05,4.963222623984127e-05,0.032
garch,normal,0.0,500,0.05,constant,State4-ERM,Vol-ERM,3.9204177272858806e-05,4.924908061121378e-06,2.9551357473060907e-05,4.8856997072656706e-05,0.066
garch,normal,0.0,500,0.05,constant,Vol-CP,Raw,-5.4850117690059235e-05,2.917345459880815e-07,-5.542191740019587e-05,-5.4278317979922596e-05,1.0
garch,normal,0.0,500,0.05,constant,Vol-CP,Shift-CP,2.1612170063719724e-07,1.867797836564013e-07,-1.499666753293493e-07,5.822100766037437e-07,0.3
garch,normal,0.0,500,0.05,constant,Vol-CP,Vol-ERM,-5.828985740652013e-07,1.7090806670505552e-07,-9.1787838480711e-07,-2.479187633232925e-07,0.452
garch,normal,0.0,500,0.05,constant,Vol-ERM,Raw,-5.4267219115994026e-05,3.281874446386899e-07,-5.491046650748586e-05,-5.362397172450219e-05,1.0
garch,normal,0.0,500,0.05,constant,Vol-ERM,Shift-CP,7.990202747023985e-07,2.6783399541068755e-07,2.74065643697451e-07,1.323974905707346e-06,0.304
garch,normal,0.0,500,0.05,constant,Vol-ERM,Vol-ERM,0.0,0.0,0.0,0.0,0.0
garch,normal,0.0,500,0.05,none,POT80-Shift,Raw,5.1459394747738594e-06,3.199143091680739e-07,4.518907428804434e-06,5.772971520743285e-06,0.0
garch,normal,0.0,500,0.05,none,POT80-Shift,Shift-CP,-9.96232562429801e-07,2.4756458628873536e-07,-1.4814591515557225e-06,-5.110059733038798e-07,0.564
garch,normal,0.0,500,0.05,none,POT80-Shift,Vol-ERM,-7.15136879845397e-07,2.662924760786319e-07,-1.2370701329595156e-06,-1.9320362673127852e-07,0.538
garch,normal,0.0,500,0.05,none,POT80-Vol,Raw,4.381446271113461e-06,2.6382564949993403e-07,3.86434799809359e-06,4.898544544133332e-06,0.0
garch,normal,0.0,500,0.05,none,POT80-Vol,Shift-CP,-1.7607257660901995e-06,2.564208989363625e-07,-2.26331072800547e-06,-1.2581408041749289e-06,0.602
garch,normal,0.0,500,0.05,none,POT80-Vol,Vol-ERM,-1.479630083505795e-06,2.4950311039423694e-07,-1.9686561798784992e-06,-9.906039871330907e-07,0.586
garch,normal,0.0,500,0.05,none,POT90-Shift,Raw,5.58824983480106e-06,3.4296224629279567e-07,4.9160438320671805e-06,6.260455837534939e-06,0.0
garch,normal,0.0,500,0.05,none,POT90-Shift,Shift-CP,-5.539222024026e-07,2.3019816364948553e-07,-1.0051106031555916e-06,-1.027338016496084e-07,0.562
garch,normal,0.0,500,0.05,none,POT90-Shift,Vol-ERM,-2.728265198181957e-07,2.4036957202893365e-07,-7.439508809949057e-07,1.9829784135851424e-07,0.548
garch,normal,0.0,500,0.05,none,POT90-Vol,Raw,4.775298323679856e-06,2.764592016859546e-07,4.2334382883753855e-06,5.317158358984327e-06,0.0
garch,normal,0.0,500,0.05,none,POT90-Vol,Shift-CP,-1.3668737135238046e-06,2.3470023908722584e-07,-1.8268861821347673e-06,-9.068612449128419e-07,0.572
garch,normal,0.0,500,0.05,none,POT90-Vol,Vol-ERM,-1.0857780309394002e-06,2.2351912586353046e-07,-1.52387551763192e-06,-6.476805442468805e-07,0.558
garch,normal,0.0,500,0.05,none,Raw,Raw,0.0,0.0,0.0,0.0,0.0
garch,normal,0.0,500,0.05,none,Raw,Shift-CP,-6.14217203720366e-06,3.7674783349100066e-07,-6.880597790846021e-06,-5.403746283561299e-06,1.0
garch,normal,0.0,500,0.05,none,Raw,Vol-ERM,-5.861076354619256e-06,3.5831639685236025e-07,-6.563376492449882e-06,-5.15877621678863e-06,1.0
garch,normal,0.0,500,0.05,none,Shift-CP,Raw,6.14217203720366e-06,3.7674783349100066e-07,5.403746283561299e-06,6.880597790846021e-06,0.0
garch,normal,0.0,500,0.05,none,Shift-CP,Shift-CP,0.0,0.0,0.0,0.0,0.0
garch,normal,0.0,500,0.05,none,Shift-CP,Vol-ERM,2.8109568258440424e-07,1.9392541452677736e-07,-9.899812988807939e-08,6.611894950568878e-07,0.436
garch,normal,0.0,500,0.05,none,Shift-ERM,Raw,6.15159686907666e-06,3.5953972297245015e-07,5.446899012050657e-06,6.8562947261026625e-06,0.0
garch,normal,0.0,500,0.05,none,Shift-ERM,Shift-CP,9.424831873000237e-09,1.514672553730288e-07,-2.874509886581362e-07,3.0630065240413664e-07,0.5
garch,normal,0.0,500,0.05,none,Shift-ERM,Vol-ERM,2.9052051445740446e-07,1.6182759822937412e-07,-2.6661578072168804e-08,6.077026069869777e-07,0.424
garch,normal,0.0,500,0.05,none,State-L1,Raw,2.079828739373306e-05,3.1823984513448697e-06,1.4560786429097114e-05,2.7035788358369005e-05,0.0
garch,normal,0.0,500,0.05,none,State-L1,Shift-CP,1.46561153565294e-05,3.103422755075698e-06,8.573406756581031e-06,2.0738823956477768e-05,0.268
garch,normal,0.0,500,0.05,none,State-L1,Vol-ERM,1.4937211039113803e-05,3.1030285438380604e-06,8.855275093191205e-06,2.1019146985036403e-05,0.244
garch,normal,0.0,500,0.05,none,State-L1-clipped,Raw,1.7318330560760062e-05,1.6044245500203967e-06,1.4173658442720084e-05,2.046300267880004e-05,0.0
garch,normal,0.0,500,0.05,none,State-L1-clipped,Shift-CP,1.1176158523556401e-05,1.5146327410497434e-06,8.207478351098904e-06,1.4144838696013898e-05,0.272
garch,normal,0.0,500,0.05,none,State-L1-clipped,Vol-ERM,1.1457254206140806e-05,1.5197331925716233e-06,8.478577148700424e-06,1.4435931263581188e-05,0.246
garch,normal,0.0,500,0.05,none,State2-ERM,Raw,1.4919275122418061e-05,7.809710632436265e-07,1.3388571838460554e-05,1.644997840637557e-05,0.0
garch,normal,0.0,500,0.05,none,State2-ERM,Shift-CP,8.777103085214399e-06,6.742232630698662e-07,7.455625489597461e-06,1.0098580680831336e-05,0.16
garch,normal,0.0,500,0.05,none,State2-ERM,Vol-ERM,9.058198767798804e-06,7.16519729534786e-07,7.653820097910623e-06,1.0462577437686985e-05,0.192
garch,normal,0.0,500,0.05,none,State4-ERM,Raw,4.614536958476486e-05,4.959446174870709e-06,3.642485508201827e-05,5.5865884087511446e-05,0.0
garch,normal,0.0,500,0.05,none,State4-ERM,Shift-CP,4.0003197547561205e-05,4.912769740959217e-06,3.037416885528114e-05,4.963222623984127e-05,0.032
garch,normal,0.0,500,0.05,none,State4-ERM,Vol-ERM,4.028429323014561e-05,4.917938615204972e-06,3.0645133544343866e-05,4.992345291594736e-05,0.042
garch,normal,0.0,500,0.05,none,Vol-CP,Raw,5.5216737725356545e-06,3.3782133460766394e-07,4.859543956704633e-06,6.183803588366676e-06,0.0
garch,normal,0.0,500,0.05,none,Vol-CP,Shift-CP,-6.20498264668006e-07,1.0479578077722682e-07,-8.258979949913705e-07,-4.150985343446414e-07,0.628
garch,normal,0.0,500,0.05,none,Vol-CP,Vol-ERM,-3.3940258208360176e-07,1.480531224907933e-07,-6.295867021655566e-07,-4.921846200164689e-08,0.374
garch,normal,0.0,500,0.05,none,Vol-ERM,Raw,5.861076354619256e-06,3.5831639685236025e-07,5.15877621678863e-06,6.563376492449882e-06,0.0
garch,normal,0.0,500,0.05,none,Vol-ERM,Shift-CP,-2.8109568258440424e-07,1.9392541452677736e-07,-6.611894950568878e-07,9.899812988807939e-08,0.564
garch,normal,0.0,500,0.05,none,Vol-ERM,Vol-ERM,0.0,0.0,0.0,0.0,0.0
garch,normal,0.0,500,0.05,state,POT80-Shift,Raw,-8.936080113417108e-06,7.274430762074335e-07,-1.0361868542783677e-05,-7.510291684050538e-06,0.816
garch,normal,0.0,500,0.05,state,POT80-Shift,Shift-CP,-8.253749801485979e-07,3.653804374568263e-07,-1.5415206375639776e-06,-1.092293227332183e-07,0.52
garch,normal,0.0,500,0.05,state,POT80-Shift,Vol-ERM,7.5906544390897995e-06,4.502447065694797e-07,6.708174814213619e-06,8.47313406396598e-06,0.138
garch,normal,0.0,500,0.05,state,POT80-Vol,Raw,-1.8143114581756507e-05,4.130576168209942e-07,-1.8952707510725656e-05,-1.7333521652787357e-05,0.948
garch,normal,0.0,500,0.05,state,POT80-Vol,Shift-CP,-1.0032409448488e-05,5.038117948330398e-07,-1.1019880566360758e-05,-9.044938330615241e-06,0.94
garch,normal,0.0,500,0.05,state,POT80-Vol,Vol-ERM,-1.6163800292495998e-06,3.104871641986313e-07,-2.2249348710789173e-06,-1.0078251874202824e-06,0.57
garch,normal,0.0,500,0.05,state,POT90-Shift,Raw,-8.659686841347902e-06,7.496755074977629e-07,-1.0129050836043517e-05,-7.190322846652287e-06,0.82
garch,normal,0.0,500,0.05,state,POT90-Shift,Shift-CP,-5.489817080793921e-07,3.4031744881459696e-07,-1.216003907756002e-06,1.1804049159721794e-07,0.522
garch,normal,0.0,500,0.05,state,POT90-Shift,Vol-ERM,7.867047711159006e-06,4.342838911020919e-07,7.015851284598906e-06,8.718244137719107e-06,0.094
garch,normal,0.0,500,0.05,state,POT90-Vol,Raw,-1.7848889966063104e-05,4.201577860802999e-07,-1.8672399226780493e-05,-1.7025380705345714e-05,0.946
garch,normal,0.0,500,0.05,state,POT90-Vol,Shift-CP,-9.73818483279459e-06,4.968943747292235e-07,-1.0712097807263868e-05,-8.764271858325312e-06,0.928
garch,normal,0.0,500,0.05,state,POT90-Vol,Vol-ERM,-1.322155413556192e-06,2.81268640048922e-07,-1.8734419480520792e-06,-7.70868879060305e-07,0.54
garch,normal,0.0,500,0.05,state,Raw,Raw,0.0,0.0,0.0,0.0,0.0
garch,normal,0.0,500,0.05,state,Raw,Shift-CP,8.11070513326851e-06,7.749959206546435e-07,6.591713128785409e-06,9.629697137751612e-06,0.196
garch,normal,0.0,500,0.05,state,Raw,Vol-ERM,1.6526734552506908e-05,5.055632552815996e-07,1.5535830572154974e-05,1.7517638532858843e-05,0.094
garch,normal,0.0,500,0.05,state,Shift-CP,Raw,-8.11070513326851e-06,7.749959206546435e-07,-9.629697137751612e-06,-6.591713128785409e-06,0.804
garch,normal,0.0,500,0.05,state,Shift-CP,Shift-CP,0.0,0.0,0.0,0.0,0.0
garch,normal,0.0,500,0.05,state,Shift-CP,Vol-ERM,8.4160294192384e-06,4.299401742979992e-07,7.5733466776143214e-06,9.258712160862478e-06,0.058
garch,normal,0.0,500,0.05,state,Shift-ERM,Raw,-9.653881342723704e-06,6.687270284432465e-07,-1.0964586318472467e-05,-8.34317636697494e-06,0.84
garch,normal,0.0,500,0.05,state,Shift-ERM,Shift-CP,-1.5431762094551926e-06,2.239430061150003e-07,-1.9821045014405933e-06,-1.104247917469792e-06,0.69
garch,normal,0.0,500,0.05,state,Shift-ERM,Vol-ERM,6.8728532097832055e-06,3.405880336183013e-07,6.205300663891335e-06,7.540405755675076e-06,0.05
garch,normal,0.0,500,0.05,state,State-L1,Raw,-5.423540983437303e-06,3.118674446429642e-06,-1.1536142898439402e-05,6.890609315647954e-07,0.818
garch,normal,0.0,500,0.05,state,State-L1,Shift-CP,2.687164149831207e-06,3.0761495665231823e-06,-3.34208900055423e-06,8.716417300216644e-06,0.678
garch,normal,0.0,500,0.05,state,State-L1,Vol-ERM,1.1103193569069605e-05,3.0310858428875637e-06,5.1622653170099806e-06,1.704412182112923e-05,0.33
garch,normal,0.0,500,0.05,state,State-L1-clipped,Raw,-8.626275923720102e-06,1.596109042658551e-06,-1.1754649647330862e-05,-5.4979022001093425e-06,0.82
garch,normal,0.0,500,0.05,state,State-L1-clipped,Shift-CP,-5.155707904515926e-07,1.5657129508718314e-06,-3.584368174160382e-06,2.553226593257197e-06,0.68
garch,normal,0.0,500,0.05,state,State-L1-clipped,Vol-ERM,7.900458628786804e-06,1.5072768468178036e-06,4.946196009023909e-06,1.08547212485497e-05,0.334
garch,normal,0.0,500,0.05,state,State2-ERM,Raw,-1.7179886931282107e-05,7.809710632436267e-07,-1.8710590215239616e-05,-1.5649183647324597e-05,0.894
garch,normal,0.0,500,0.05,state,State2-ERM,Shift-CP,-9.069181798013591e-06,8.220622071147621e-07,-1.0680423723958525e-05,-7.457939872068658e-06,0.798
garch,normal,0.0,500,0.05,state,State2-ERM,Vol-ERM,-6.531523787751945e-07,7.38980189787185e-07,-2.101553550758077e-06,7.95248793207688e-07,0.632
garch,normal,0.0,500,0.05,state,State4-ERM,Raw,1.40462075310647e-05,4.959446174870709e-06,4.325693028318111e-06,2.376672203381129e-05,0.626
garch,normal,0.0,500,0.05,state,State4-ERM,Shift-CP,2.2156912664333213e-05,4.950232067577253e-06,1.2454457811881798e-05,3.185936751678463e-05,0.428
garch,normal,0.0,500,0.05,state,State4-ERM,Vol-ERM,3.057294208357161e-05,4.907913429501913e-06,2.0953431761747863e-05,4.019245240539536e-05,0.276
garch,normal,0.0,500,0.05,state,Vol-CP,Raw,-1.717213520384671e-05,4.6044611514363854e-07,-1.807460958952824e-05,-1.626966081816518e-05,0.938
garch,normal,0.0,500,0.05,state,Vol-CP,Shift-CP,-9.061430070578195e-06,4.353689605148195e-07,-9.91475323318724e-06,-8.20810690796915e-06,0.978
garch,normal,0.0,500,0.05,state,Vol-CP,Vol-ERM,-6.454006513397971e-07,2.1270995123979461e-07,-1.0623121557697947e-06,-2.284891469097997e-07,0.342
garch,normal,0.0,500,0.05,state,Vol-ERM,Raw,-1.6526734552506908e-05,5.055632552815996e-07,-1.7517638532858843e-05,-1.5535830572154974e-05,0.906
garch,normal,0.0,500,0.05,state,Vol-ERM,Shift-CP,-8.4160294192384e-06,4.299401742979992e-07,-9.258712160862478e-06,-7.5733466776143214e-06,0.942
garch,normal,0.0,500,0.05,state,Vol-ERM,Vol-ERM,0.0,0.0,0.0,0.0,0.0
garch,normal,0.0,1000,0.01,constant,POT80-Shift,Raw,-1.5000553467560784e-05,1.3332003862179604e-07,-1.5261860743259503e-05,-1.4739246191862063e-05,0.996
garch,normal,0.0,1000,0.01,constant,POT80-Shift,Shift-CP,-6.766696941262008e-07,1.5413994898875072e-07,-9.787839941441523e-07,-3.745553941082494e-07,0.574
garch,normal,0.0,1000,0.01,constant,POT80-Shift,Vol-ERM,-8.494252821998002e-07,1.6500525784531844e-07,-1.1728355875766245e-06,-5.260149768229761e-07,0.678
garch,normal,0.0,1000,0.01,constant,POT80-Vol,Raw,-1.5227607961369987e-05,9.19939170614161e-08,-1.540791603881036e-05,-1.504729988392961e-05,0.998
garch,normal,0.0,1000,0.01,constant,POT80-Vol,Shift-CP,-9.037241879354022e-07,1.4156735597483672e-07,-1.1811962056460821e-06,-6.262521702247223e-07,0.482
garch,normal,0.0,1000,0.01,constant,POT80-Vol,Vol-ERM,-1.0764797760090015e-06,1.3594137089687306e-07,-1.3429248629668727e-06,-8.100346890511303e-07,0.634
garch,normal,0.0,1000,0.01,constant,POT90-Shift,Raw,-1.5166969384349984e-05,1.1564405429090125e-07,-1.539363173076015e-05,-1.4940307037939818e-05,0.998
garch,normal,0.0,1000,0.01,constant,POT90-Shift,Shift-CP,-8.430856109154011e-07,1.321463143840765e-07,-1.1020923871081911e-06,-5.840788347226111e-07,0.574
garch,normal,0.0,1000,0.01,constant,POT90-Shift,Vol-ERM,-1.0158411989890006e-06,1.3716902114375052e-07,-1.2846924804307516e-06,-7.469899175472495e-07,0.684
garch,normal,0.0,1000,0.01,constant,POT90-Vol,Raw,-1.5119142538027987e-05,9.881282033816158e-08,-1.5312815665890782e-05,-1.492546941016519e-05,0.998
garch,normal,0.0,1000,0.01,constant,POT90-Vol,Shift-CP,-7.952587645934018e-07,1.4001179593686544e-07,-1.069681884629658e-06,-5.208356445571455e-07,0.478
garch,normal,0.0,1000,0.01,constant,POT90-Vol,Vol-ERM,-9.680143526670012e-07,1.2677190377365465e-07,-1.2164872840633644e-06,-7.195414212706381e-07,0.62
garch,normal,0.0,1000,0.01,constant,Raw,Raw,0.0,0.0,0.0,0.0,0.0
garch,normal,0.0,1000,0.01,constant,Raw,Shift-CP,1.4323883773434583e-05,1.6785770298982624e-07,1.3994882675574523e-05,1.4652884871294644e-05,0.01
garch,normal,0.0,1000,0.01,constant,Raw,Vol-ERM,1.4151128185360983e-05,1.552185049106513e-07,1.3846899915736107e-05,1.4455356454985859e-05,0.006
garch,normal,0.0,1000,0.01,constant,Shift-CP,Raw,-1.4323883773434583e-05,1.6785770298982624e-07,-1.4652884871294644e-05,-1.3994882675574523e-05,0.99
garch,normal,0.0,1000,0.01,constant,Shift-CP,Shift-CP,0.0,0.0,0.0,0.0,0.0
garch,normal,0.0,1000,0.01,constant,Shift-CP,Vol-ERM,-1.7275558807359938e-07,1.1264492035750181e-07,-3.9353963197430293e-07,4.802845582710416e-08,0.686
garch,normal,0.0,1000,0.01,constant,Shift-ERM,Raw,-1.4364236226482984e-05,1.6777665898789607e-07,-1.469307847809926e-05,-1.4035393974866708e-05,0.99
garch,normal,0.0,1000,0.01,constant,Shift-ERM,Shift-CP,-4.035245304840154e-08,1.0037960996063227e-07,-2.3709648857124078e-07,1.563915824744377e-07,0.446
garch,normal,0.0,1000,0.01,constant,Shift-ERM,Vol-ERM,-2.1310804112200093e-07,7.216888085392097e-08,-3.5455904759568604e-07,-7.165703464831582e-08,0.666
garch,normal,0.0,1000,0.01,constant,State-L1,Raw,-1.0127897539454783e-05,7.42016519659723e-07,-1.158224991798784e-05,-8.673545160921726e-06,0.918
garch,normal,0.0,1000,0.01,constant,State-L1,Shift-CP,4.1959862339798e-06,7.291259685444239e-07,2.766899335632729e-06,5.625073132326871e-06,0.278
garch,normal,0.0,1000,0.01,constant,State-L1,Vol-ERM,4.0232306459062e-06,7.231991678791708e-07,2.605760276863025e-06,5.440701014949375e-06,0.402
garch,normal,0.0,1000,0.01,constant,State-L1-clipped,Raw,-1.0557285376189386e-05,5.672689113018028e-07,-1.166913244234092e-05,-9.445438310037852e-06,0.92
garch,normal,0.0,1000,0.01,constant,State-L1-clipped,Shift-CP,3.7665983972451983e-06,5.527968007057778e-07,2.683116667861874e-06,4.850080126628523e-06,0.278
garch,normal,0.0,1000,0.01,constant,State-L1-clipped,Vol-ERM,3.593842809171599e-06,5.466883044519445e-07,2.522333732445788e-06,4.66535188589741e-06,0.402
garch,normal,0.0,1000,0.01,constant,State2-ERM,Raw,-1.1696287782968984e-05,2.42804962924574e-07,-1.217218551030115e-05,-1.1220390055636818e-05,0.942
garch,normal,0.0,1000,0.01,constant,State2-ERM,Shift-CP,2.6275959904656e-06,2.142449387881513e-07,2.2076759104408236e-06,3.0475160704903767e-06,0.24
garch,normal,0.0,1000,0.01,constant,State2-ERM,Vol-ERM,2.4548404023920005e-06,2.1440858546743392e-07,2.03459957487583e-06,2.875081229908171e-06,0.308
garch,normal,0.0,1000,0.01,constant,State4-ERM,Raw,-4.734485063846784e-06,9.068165680791536e-07,-6.511845537281925e-06,-2.9571245904116424e-06,0.818
garch,normal,0.0,1000,0.01,constant,State4-ERM,Shift-CP,9.5893987095878e-06,8.989759295681391e-07,7.827405887634248e-06,1.1351391531541353e-05,0.076
garch,normal,0.0,1000,0.01,constant,State4-ERM,Vol-ERM,9.4166431215142e-06,8.957627117356311e-07,7.660948206512363e-06,1.1172338036516036e-05,0.102
garch,normal,0.0,1000,0.01,constant,Vol-CP,Raw,-1.4347429507198984e-05,1.4683495445887094e-07,-1.463522601793837e-05,-1.4059632996459597e-05,0.996
garch,normal,0.0,1000,0.01,constant,Vol-CP,Shift-CP,-2.354573376440127e-08,7.557919784577388e-08,-1.7168096154211806e-07,1.2458949401331554e-07,0.312
garch,normal,0.0,1000,0.01,constant,Vol-CP,Vol-ERM,-1.9630132183800067e-07,8.43145385564267e-08,-3.61557817408597e-07,-3.104482626740433e-08,0.446
garch,normal,0.0,1000,0.01,constant,Vol-ERM,Raw,-1.4151128185360983e-05,1.552185049106513e-07,-1.4455356454985859e-05,-1.3846899915736107e-05,0.994
garch,normal,0.0,1000,0.01,constant,Vol-ERM,Shift-CP,1.7275558807359938e-07,1.1264492035750181e-07,-4.802845582710416e-08,3.9353963197430293e-07,0.314
garch,normal,0.0,1000,0.01,constant,Vol-ERM,Vol-ERM,0.0,0.0,0.0,0.0,0.0
garch,normal,0.0,1000,0.01,none,POT80-Shift,Raw,2.0216320773391906e-06,1.3332003862179607e-07,1.7603248016404704e-06,2.2829393530379108e-06,0.0
garch,normal,0.0,1000,0.01,none,POT80-Shift,Shift-CP,-6.766696941262008e-07,1.5413994898875072e-07,-9.787839941441523e-07,-3.745553941082494e-07,0.574
garch,normal,0.0,1000,0.01,none,POT80-Shift,Vol-ERM,-4.114697574416011e-07,1.485143717653242e-07,-7.025579261016364e-07,-1.2038158878156568e-07,0.55
garch,normal,0.0,1000,0.01,none,POT80-Vol,Raw,1.5655134380827902e-06,1.009486112273078e-07,1.367654160077267e-06,1.7633727160883134e-06,0.0
garch,normal,0.0,1000,0.01,none,POT80-Vol,Shift-CP,-1.1327883333826009e-06,1.3755241486185134e-07,-1.4023910665118295e-06,-8.631856002533722e-07,0.626
garch,normal,0.0,1000,0.01,none,POT80-Vol,Vol-ERM,-8.675883966980011e-07,1.2816772914840812e-07,-1.118797145828881e-06,-6.163796475671212e-07,0.614
garch,normal,0.0,1000,0.01,none,POT90-Shift,Raw,1.8552161605499901e-06,1.1564405429090121e-07,1.6285538141398239e-06,2.0818785069601564e-06,0.0
garch,normal,0.0,1000,0.01,none,POT90-Shift,Shift-CP,-8.430856109154011e-07,1.321463143840765e-07,-1.1020923871081911e-06,-5.840788347226111e-07,0.574
garch,normal,0.0,1000,0.01,none,POT90-Shift,Vol-ERM,-5.778856742308014e-07,1.2235332271524152e-07,-8.176981867526748e-07,-3.3807316170892797e-07,0.584
garch,normal,0.0,1000,0.01,none,POT90-Vol,Raw,1.6272077933007901e-06,1.0648551330139036e-07,1.418496187230065e-06,1.8359193993715152e-06,0.0
garch,normal,0.0,1000,0.01,none,POT90-Vol,Shift-CP,-1.071093978164601e-06,1.3357560371964837e-07,-1.3329021614551117e-06,-8.092857948740901e-07,0.61
garch,normal,0.0,1000,0.01,none,POT90-Vol,Vol-ERM,-8.058940414800014e-07,1.194670742645306e-07,-1.0400495070384815e-06,-5.717385759215214e-07,0.612
garch,normal,0.0,1000,0.01,none,Raw,Raw,0.0,0.0,0.0,0.0,0.0
garch,normal,0.0,1000,0.01,none,Raw,Shift-CP,-2.6983017714653915e-06,1.6785770298982624e-07,-3.0273028693254507e-06,-2.3693006736053322e-06,1.0
garch,normal,0.0,1000,0.01,none,Raw,Vol-ERM,-2.4331018347807913e-06,1.5176595402856884e-07,-2.7305631046767863e-06,-2.1356405648847963e-06,1.0
garch,normal,0.0,1000,0.01,none,Shift-CP,Raw,2.6983017714653915e-06,1.6785770298982624e-07,2.3693006736053322e-06,3.0273028693254507e-06,0.0
garch,normal,0.0,1000,0.01,none,Shift-CP,Shift-CP,0.0,0.0,0.0,0.0,0.0
garch,normal,0.0,1000,0.01,none,Shift-CP,Vol-ERM,2.651999366845997e-07,9.029577945956574e-08,8.822020894385087e-08,4.4217966442534856e-07,0.454
garch,normal,0.0,1000,0.01,none,Shift-ERM,Raw,2.6579493184169896e-06,1.6777665898789607e-07,2.3291070668007132e-06,2.986791570033266e-06,0.0
garch,normal,0.0,1000,0.01,none,Shift-ERM,Shift-CP,-4.035245304840154e-08,1.0037960996063227e-07,-2.3709648857124078e-07,1.563915824744377e-07,0.446
garch,normal,0.0,1000,0.01,none,Shift-ERM,Vol-ERM,2.2484748363619817e-07,8.069230216748477e-08,6.669057138792802e-08,3.8300439588446835e-07,0.4
garch,normal,0.0,1000,0.01,none,State-L1,Raw,6.89428800544519e-06,7.420165196597231e-07,5.439935626912133e-06,8.348640383978247e-06,0.0
garch,normal,0.0,1000,0.01,none,State-L1,Shift-CP,4.1959862339798e-06,7.291259685444239e-07,2.766899335632729e-06,5.625073132326871e-06,0.278
garch,normal,0.0,1000,0.01,none,State-L1,Vol-ERM,4.461186170664399e-06,7.232391479478474e-07,3.0436374406866187e-06,5.87873490064218e-06,0.246
garch,normal,0.0,1000,0.01,none,State-L1-clipped,Raw,6.46490016871059e-06,5.672689113018028e-07,5.353053102559057e-06,7.576747234862123e-06,0.0
garch,normal,0.0,1000,0.01,none,State-L1-clipped,Shift-CP,3.7665983972451983e-06,5.527968007057778e-07,2.683116667861874e-06,4.850080126628523e-06,0.278
garch,normal,0.0,1000,0.01,none,State-L1-clipped,Vol-ERM,4.031798333929798e-06,5.472064221689764e-07,2.959273746478604e-06,5.104322921380992e-06,0.246
garch,normal,0.0,1000,0.01,none,State2-ERM,Raw,5.325897761930992e-06,2.42804962924574e-07,4.850000034598827e-06,5.801795489263156e-06,0.0
garch,normal,0.0,1000,0.01,none,State2-ERM,Shift-CP,2.6275959904656e-06,2.142449387881513e-07,2.2076759104408236e-06,3.0475160704903767e-06,0.24
garch,normal,0.0,1000,0.01,none,State2-ERM,Vol-ERM,2.8927959271501995e-06,2.1298506845102102e-07,2.475345192986198e-06,3.3102466613142008e-06,0.236
garch,normal,0.0,1000,0.01,none,State4-ERM,Raw,1.228770048105319e-05,9.068165680791539e-07,1.0510340007618048e-05,1.4065060954488332e-05,0.0
garch,normal,0.0,1000,0.01,none,State4-ERM,Shift-CP,9.5893987095878e-06,8.989759295681391e-07,7.827405887634248e-06,1.1351391531541353e-05,0.076
garch,normal,0.0,1000,0.01,none,State4-ERM,Vol-ERM,9.854598646272402e-06,8.927066334272322e-07,8.104893644755027e-06,1.1604303647789776e-05,0.068
garch,normal,0.0,1000,0.01,none,Vol-CP,Raw,2.354102507667991e-06,1.4684059849438858e-07,2.0662949346189893e-06,2.6419100807169924e-06,0.0
garch,normal,0.0,1000,0.01,none,Vol-CP,Shift-CP,-3.441992637974006e-07,5.4066783730983885e-08,-4.5017015991012897e-07,-2.3822836768467218e-07,0.61
garch,normal,0.0,1000,0.01,none,Vol-CP,Vol-ERM,-7.899932711280089e-08,7.565160165586762e-08,-2.2727646635830142e-07,6.927781213269965e-08,0.382
garch,normal,0.0,1000,0.01,none,Vol-ERM,Raw,2.4331018347807913e-06,1.5176595402856884e-07,2.1356405648847963e-06,2.7305631046767863e-06,0.0
garch,normal,0.0,1000,0.01,none,Vol-ERM,Shift-CP,-2.651999366845997e-07,9.029577945956574e-08,-4.4217966442534856e-07,-8.822020894385087e-08,0.546
garch,normal,0.0,1000,0.01,none,Vol-ERM,Vol-ERM,0.0,0.0,0.0,0.0,0.0
garch,normal,0.0,1000,0.01,state,POT80-Shift,Raw,-2.1635074682488012e-06,2.23488989406313e-07,-2.6015458874851747e-06,-1.7254690490124278e-06,0.804
garch,normal,0.0,1000,0.01,state,POT80-Shift,Shift-CP,-4.688059138328002e-07,2.1620356090970233e-07,-8.925648932158168e-07,-4.5046934449783645e-08,0.538
garch,normal,0.0,1000,0.01,state,POT80-Shift,Vol-ERM,1.8623864925048014e-06,1.9117189405626525e-07,1.4876895801545215e-06,2.237083404855081e-06,0.228
garch,normal,0.0,1000,0.01,state,POT80-Vol,Raw,-4.922327102226001e-06,1.365638328092686e-07,-5.189992214532167e-06,-4.654661989919834e-06,0.944
garch,normal,0.0,1000,0.01,state,POT80-Vol,Shift-CP,-3.2276255478099992e-06,2.1758649680887806e-07,-3.6540950815554e-06,-2.8011560140645984e-06,0.852
garch,normal,0.0,1000,0.01,state,POT80-Vol,Vol-ERM,-8.964331414723982e-07,1.4587797540982405e-07,-1.1823539732756532e-06,-6.105123096691431e-07,0.558
garch,normal,0.0,1000,0.01,state,POT90-Shift,Raw,-2.5939594767246016e-06,1.9268203361653786e-07,-2.971616262613016e-06,-2.216302690836187e-06,0.832
garch,normal,0.0,1000,0.01,state,POT90-Shift,Shift-CP,-8.992579223086006e-07,1.9150476738117173e-07,-1.2746072663756972e-06,-5.239085782415041e-07,0.554
garch,normal,0.0,1000,0.01,state,POT90-Shift,Vol-ERM,1.431934484029001e-06,1.560176238173462e-07,1.1261399413470026e-06,1.7377290267109996e-06,0.238
garch,normal,0.0,1000,0.01,state,POT90-Vol,Raw,-5.022966942198803e-06,1.4030820988814383e-07,-5.297971033579565e-06,-4.7479628508180405e-06,0.938
garch,normal,0.0,1000,0.01,state,POT90-Vol,Shift-CP,-3.3282653877828015e-06,2.180043810575277e-07,-3.755553974655556e-06,-2.900976800910047e-06,0.878
garch,normal,0.0,1000,0.01,state,POT90-Vol,Vol-ERM,-9.970729814452e-07,1.383914083981621e-07,-1.2683201419055975e-06,-7.258258209848023e-07,0.608
garch,normal,0.0,1000,0.01,state,Raw,Raw,0.0,0.0,0.0,0.0,0.0
garch,normal,0.0,1000,0.01,state,Raw,Shift-CP,1.694701554416001e-06,2.687691064455204e-07,1.167914105782781e-06,2.221489003049221e-06,0.242
garch,normal,0.0,1000,0.01,state,Raw,Vol-ERM,4.025893960753603e-06,1.8775164559698714e-07,3.6579007353835077e-06,4.393887186123698e-06,0.122
garch,normal,0.0,1000,0.01,state,Shift-CP,Raw,-1.694701554416001e-06,2.687691064455204e-07,-2.221489003049221e-06,-1.167914105782781e-06,0.758
garch,normal,0.0,1000,0.01,state,Shift-CP,Shift-CP,0.0,0.0,0.0,0.0,0.0
garch,normal,0.0,1000,0.01,state,Shift-CP,Vol-ERM,2.331192406337602e-06,1.6325081072464323e-07,2.011220817317301e-06,2.651163995357903e-06,0.124
garch,normal,0.0,1000,0.01,state,Shift-ERM,Raw,-2.508102130006601e-06,2.1434445077770475e-07,-2.9282172535309024e-06,-2.0879870064822995e-06,0.814
garch,normal,0.0,1000,0.01,state,Shift-ERM,Shift-CP,-8.134005755906e-07,1.2798429599770248e-07,-1.064249795746097e-06,-5.625513554351031e-07,0.626
garch,normal,0.0,1000,0.01,state,Shift-ERM,Vol-ERM,1.5177918307470016e-06,1.2432851187508133e-07,1.2741079474718422e-06,1.7614757140221611e-06,0.132
garch,normal,0.0,1000,0.01,state,State-L1,Raw,-3.3086305022300015e-07,7.429333832026897e-07,-1.787012481300272e-06,1.1252863808542717e-06,0.728
garch,normal,0.0,1000,0.01,state,State-L1,Shift-CP,1.3638385041930008e-06,7.637828390012642e-07,-1.3317586024947698e-07,2.8608528686354786e-06,0.564
garch,normal,0.0,1000,0.01,state,State-L1,Vol-ERM,3.6950309105306025e-06,7.387131126036739e-07,2.2471532098274015e-06,5.1429086112338035e-06,0.316
garch,normal,0.0,1000,0.01,state,State-L1-clipped,Raw,-7.854295344086012e-07,5.71539541144328e-07,-1.905647035051484e-06,3.347879662342816e-07,0.726
garch,normal,0.0,1000,0.01,state,State-L1-clipped,Shift-CP,9.092720200073998e-07,5.967957385665909e-07,-2.604476275831183e-07,2.078991667597918e-06,0.564
garch,normal,0.0,1000,0.01,state,State-L1-clipped,Vol-ERM,3.2404644263450012e-06,5.668734506533433e-07,2.1293924630644484e-06,4.3515363896255545e-06,0.316
garch,normal,0.0,1000,0.01,state,State2-ERM,Raw,-3.5381688385690013e-06,2.42804962924574e-07,-4.014066565901166e-06,-3.062271111236836e-06,0.808
garch,normal,0.0,1000,0.01,state,State2-ERM,Shift-CP,-1.843467284153e-06,3.081104327182681e-07,-2.4473637322808056e-06,-1.2395708360251944e-06,0.668
garch,normal,0.0,1000,0.01,state,State2-ERM,Vol-ERM,4.877251221846016e-07,2.3920567671231825e-07,1.8881995828457837e-08,9.565682485407453e-07,0.548
garch,normal,0.0,1000,0.01,state,State4-ERM,Raw,3.4236338805531987e-06,9.068165680791539e-07,1.6462734071180571e-06,5.20099435398834e-06,0.542
garch,normal,0.0,1000,0.01,state,State4-ERM,Shift-CP,5.1183354349692e-06,9.335963239921271e-07,3.288486639944631e-06,6.948184229993769e-06,0.372
garch,normal,0.0,1000,0.01,state,State4-ERM,Vol-ERM,7.449527841306802e-06,9.047933954130743e-07,5.676132786297176e-06,9.222922896316427e-06,0.242
garch,normal,0.0,1000,0.01,state,Vol-CP,Raw,-4.236569980650402e-06,1.7433922123410653e-07,-4.578274854269251e-06,-3.894865107031553e-06,0.88
garch,normal,0.0,1000,0.01,state,Vol-CP,Shift-CP,-2.5418684262344013e-06,1.5513080197098336e-07,-2.8459247980975287e-06,-2.237812054371274e-06,0.936
garch,normal,0.0,1000,0.01,state,Vol-CP,Vol-ERM,-2.106760198967994e-07,7.289570537303825e-08,-3.5355160242795437e-07,-6.780043736564444e-08,0.276
garch,normal,0.0,1000,0.01,state,Vol-ERM,Raw,-4.025893960753603e-06,1.8775164559698714e-07,-4.393887186123698e-06,-3.6579007353835077e-06,0.878
garch,normal,0.0,1000,0.01,state,Vol-ERM,Shift-CP,-2.331192406337602e-06,1.6325081072464323e-07,-2.651163995357903e-06,-2.011220817317301e-06,0.876
garch,normal,0.0,1000,0.01,state,Vol-ERM,Vol-ERM,0.0,0.0,0.0,0.0,0.0
garch,normal,0.0,1000,0.05,constant,POT80-Shift,Raw,-5.8645935223640635e-05,1.5343522036454186e-07,-5.8946668255555134e-05,-5.8345202191726135e-05,1.0
garch,normal,0.0,1000,0.05,constant,POT80-Shift,Shift-CP,-6.864254094764025e-07,1.3240247057624454e-07,-9.459342518058418e-07,-4.2691656714696324e-07,0.56
garch,normal,0.0,1000,0.05,constant,POT80-Shift,Vol-ERM,-1.810064269941999e-06,1.7668658289790158e-07,-2.156369972421886e-06,-1.463758567462112e-06,0.768
garch,normal,0.0,1000,0.05,constant,POT80-Vol,Raw,-5.787519521708503e-05,1.1340104229130588e-07,-5.8097461259975984e-05,-5.765292917419407e-05,1.0
garch,normal,0.0,1000,0.05,constant,POT80-Vol,Shift-CP,8.431459707919972e-08,1.4256300061580775e-07,-1.9510888412778345e-07,3.6373807828618286e-07,0.334
garch,normal,0.0,1000,0.05,constant,POT80-Vol,Vol-ERM,-1.0393242633863967e-06,1.3787788043307037e-07,-1.3095649090352148e-06,-7.690836177375788e-07,0.648
garch,normal,0.0,1000,0.05,constant,POT90-Shift,Raw,-5.850276792676364e-05,1.598600797553781e-07,-5.881609368308418e-05,-5.81894421704431e-05,1.0
garch,normal,0.0,1000,0.05,constant,POT90-Shift,Shift-CP,-5.432581125994046e-07,1.1396140462818473e-07,-7.666224656706467e-07,-3.1989375952816254e-07,0.576
garch,normal,0.0,1000,0.05,constant,POT90-Shift,Vol-ERM,-1.666896973065001e-06,1.4033958502994772e-07,-1.9419625597236986e-06,-1.3918313864063036e-06,0.8
garch,normal,0.0,1000,0.05,constant,POT90-Vol,Raw,-5.760358815592564e-05,1.3172077596530172e-07,-5.786176087681763e-05,-5.734541543503365e-05,1.0
garch,normal,0.0,1000,0.05,constant,POT90-Vol,Shift-CP,3.559216582385907e-07,1.3618217149959253e-07,8.900460209938934e-08,6.228387143777921e-07,0.31
garch,normal,0.0,1000,0.05,constant,POT90-Vol,Vol-ERM,-7.677172022270058e-07,1.1462121252126546e-07,-9.92374778768686e-07,-5.430596256853255e-07,0.646
garch,normal,0.0,1000,0.05,constant,Raw,Raw,0.0,0.0,0.0,0.0,0.0
garch,normal,0.0,1000,0.05,constant,Raw,Shift-CP,5.795950981416423e-05,1.913285625131163e-07,5.758450583163852e-05,5.833451379668994e-05,0.0
garch,normal,0.0,1000,0.05,constant,Raw,Vol-ERM,5.683587095369863e-05,1.801251627011575e-07,5.648282563480436e-05,5.7188916272592896e-05,0.0
garch,normal,0.0,1000,0.05,constant,Shift-CP,Raw,-5.795950981416423e-05,1.913285625131163e-07,-5.833451379668994e-05,-5.758450583163852e-05,1.0
garch,normal,0.0,1000,0.05,constant,Shift-CP,Shift-CP,0.0,0.0,0.0,0.0,0.0
garch,normal,0.0,1000,0.05,constant,Shift-CP,Vol-ERM,-1.1236388604655965e-06,1.417711472169815e-07,-1.4015103090108802e-06,-8.457674119203128e-07,0.758
garch,normal,0.0,1000,0.05,constant,Shift-ERM,Raw,-5.797941495940284e-05,1.9453949557000713e-07,-5.8360712370720054e-05,-5.7598117548085625e-05,1.0
garch,normal,0.0,1000,0.05,constant,Shift-ERM,Shift-CP,-1.990514523860995e-08,5.1695561716596005e-08,-1.2122844620313812e-07,8.141815572591822e-08,0.494
garch,normal,0.0,1000,0.05,constant,Shift-ERM,Vol-ERM,-1.1435440057042065e-06,1.1948397619516121e-07,-1.3777325990467225e-06,-9.093554123616904e-07,0.782
garch,normal,0.0,1000,0.05,constant,State-L1,Raw,-5.358461180771324e-05,5.219944980715463e-07,-5.460772102393347e-05,-5.2561502591493014e-05,0.996
garch,normal,0.0,1000,0.05,constant,State-L1,Shift-CP,4.374898006450991e-06,4.916187108231622e-07,3.411325333237593e-06,5.338470679664389e-06,0.272
garch,normal,0.0,1000,0.05,constant,State-L1,Vol-ERM,3.251259145985394e-06,5.099970179175253e-07,2.2516649908670443e-06,4.250853301103744e-06,0.486
garch,normal,0.0,1000,0.05,constant,State-L1-clipped,Raw,-5.378868107768843e-05,4.618225013326951e-07,-5.469385318030051e-05,-5.288350897507635e-05,0.998
garch,normal,0.0,1000,0.05,constant,State-L1-clipped,Shift-CP,4.170828736475798e-06,4.258244033885995e-07,3.336212905834143e-06,5.005444567117453e-06,0.274
garch,normal,0.0,1000,0.05,constant,State-L1-clipped,Vol-ERM,3.047189876010201e-06,4.469994629547547e-07,2.171070928618882e-06,3.92330882340152e-06,0.488
garch,normal,0.0,1000,0.05,constant,State2-ERM,Raw,-5.403080570358284e-05,3.5727175954500217e-07,-5.4731058352291045e-05,-5.3330553054874635e-05,0.998
garch,normal,0.0,1000,0.05,constant,State2-ERM,Shift-CP,3.928704110581391e-06,2.9867563485517713e-07,3.3432998662652437e-06,4.514108354897538e-06,0.18
garch,normal,0.0,1000,0.05,constant,State2-ERM,Vol-ERM,2.8050652501157945e-06,3.327903864993508e-07,2.152796092577067e-06,3.4573344076545217e-06,0.408
garch,normal,0.0,1000,0.05,constant,State4-ERM,Raw,-4.688486138076224e-05,6.758793216711495e-07,-4.820958485123769e-05,-4.5560137910286785e-05,0.988
garch,normal,0.0,1000,0.05,constant,State4-ERM,Shift-CP,1.1074648433401994e-05,6.579214848915504e-07,9.785122323014555e-06,1.2364174543789433e-05,0.066
garch,normal,0.0,1000,0.05,constant,State4-ERM,Vol-ERM,9.951009572936399e-06,6.658671522868505e-07,8.645909954454171e-06,1.1256109191418626e-05,0.134
garch,normal,0.0,1000,0.05,constant,Vol-CP,Raw,-5.7119672424947835e-05,1.624702585065407e-07,-5.743811413162065e-05,-5.680123071827502e-05,1.0
garch,normal,0.0,1000,0.05,constant,Vol-CP,Shift-CP,8.398373892163934e-07,1.0280726356040263e-07,6.383351526380042e-07,1.0413396257947826e-06,0.218
garch,normal,0.0,1000,0.05,constant,Vol-CP,Vol-ERM,-2.8380147124920305e-07,8.150215391206987e-08,-4.4354569291686e-07,-1.2405724958154613e-07,0.508
garch,normal,0.0,1000,0.05,constant,Vol-ERM,Raw,-5.683587095369863e-05,1.801251627011575e-07,-5.7188916272592896e-05,-5.648282563480436e-05,1.0
garch,normal,0.0,1000,0.05,constant,Vol-ERM,Shift-CP,1.1236388604655965e-06,1.417711472169815e-07,8.457674119203128e-07,1.4015103090108802e-06,0.242
garch,normal,0.0,1000,0.05,constant,Vol-ERM,Vol-ERM,0.0,0.0,0.0,0.0,0.0
garch,normal,0.0,1000,0.05,none,POT80-Shift,Raw,2.56247620425946e-06,1.534352203645418e-07,2.2617431723449578e-06,2.863209236173962e-06,0.0
garch,normal,0.0,1000,0.05,none,POT80-Shift,Shift-CP,-6.864254094764025e-07,1.3240247057624454e-07,-9.459342518058418e-07,-4.2691656714696324e-07,0.56
garch,normal,0.0,1000,0.05,none,POT80-Shift,Vol-ERM,-3.8811077211359537e-07,1.408495189902604e-07,-6.641758293345057e-07,-1.1204571489268502e-07,0.528
garch,normal,0.0,1000,0.05,none,POT80-Vol,Raw,2.2150513430312597e-06,1.2586595533509795e-07,1.9683540705744676e-06,2.461748615488052e-06,0.0
garch,normal,0.0,1000,0.05,none,POT80-Vol,Shift-CP,-1.0338502707046026e-06,1.2947484146656212e-07,-1.2876209599790643e-06,-7.800795814301409e-07,0.616
garch,normal,0.0,1000,0.05,none,POT80-Vol,Vol-ERM,-7.355356333417956e-07,1.3588913011880918e-07,-1.0018783283746616e-06,-4.6919293830892954e-07,0.548
garch,normal,0.0,1000,0.05,none,POT90-Shift,Raw,2.7056435011364576e-06,1.5986007975537818e-07,2.3923177448159163e-06,3.018969257456999e-06,0.0
garch,normal,0.0,1000,0.05,none,POT90-Shift,Shift-CP,-5.432581125994046e-07,1.1396140462818473e-07,-7.666224656706467e-07,-3.1989375952816254e-07,0.576
garch,normal,0.0,1000,0.05,none,POT90-Shift,Vol-ERM,-2.4494347523659756e-07,1.1714949846580752e-07,-4.745564922295803e-07,-1.5330458243614814e-08,0.516
garch,normal,0.0,1000,0.05,none,POT90-Vol,Raw,2.409738191006262e-06,1.406815512887845e-07,2.134002350480244e-06,2.6854740315322796e-06,0.0
garch,normal,0.0,1000,0.05,none,POT90-Vol,Shift-CP,-8.391634227296004e-07,1.1514926142037582e-07,-1.064855975113537e-06,-6.134708703456638e-07,0.622
garch,normal,0.0,1000,0.05,none,POT90-Vol,Vol-ERM,-5.408487853667933e-07,1.1643960465530081e-07,-7.69070410491183e-07,-3.126271602424037e-07,0.568
garch,normal,0.0,1000,0.05,none,Raw,Raw,0.0,0.0,0.0,0.0,0.0
garch,normal,0.0,1000,0.05,none,Raw,Shift-CP,-3.248901613735862e-06,1.9132856251311636e-07,-3.6239055962615702e-06,-2.873897631210154e-06,1.0
garch,normal,0.0,1000,0.05,none,Raw,Vol-ERM,-2.9505869763730553e-06,1.80891940862704e-07,-3.305135180463955e-06,-2.5960387722821554e-06,1.0
garch,normal,0.0,1000,0.05,none,Shift-CP,Raw,3.248901613735862e-06,1.9132856251311636e-07,2.873897631210154e-06,3.6239055962615702e-06,0.0
garch,normal,0.0,1000,0.05,none,Shift-CP,Shift-CP,0.0,0.0,0.0,0.0,0.0
garch,normal,0.0,1000,0.05,none,Shift-CP,Vol-ERM,2.983146373628071e-07,9.235114971281333e-08,1.1730638392569297e-07,4.793228907999212e-07,0.432
garch,normal,0.0,1000,0.05,none,Shift-ERM,Raw,3.228996468497252e-06,1.9453949557000713e-07,2.8476990571800383e-06,3.610293879814466e-06,0.0
garch,normal,0.0,1000,0.05,none,Shift-ERM,Shift-CP,-1.990514523860995e-08,5.1695561716596005e-08,-1.2122844620313812e-07,8.141815572591822e-08,0.494
garch,normal,0.0,1000,0.05,none,Shift-ERM,Vol-ERM,2.7840949212419713e-07,8.919944895975556e-08,1.0357857216307622e-07,4.5324041208531804e-07,0.412
garch,normal,0.0,1000,0.05,none,State-L1,Raw,7.6237996201868526e-06,5.219944980715464e-07,6.6006904039666215e-06,8.646908836407084e-06,0.0
garch,normal,0.0,1000,0.05,none,State-L1,Shift-CP,4.374898006450991e-06,4.916187108231622e-07,3.411325333237593e-06,5.338470679664389e-06,0.272
garch,normal,0.0,1000,0.05,none,State-L1,Vol-ERM,4.673212643813798e-06,5.050877208649434e-07,3.6832407109185084e-06,5.663184576709087e-06,0.24
garch,normal,0.0,1000,0.05,none,State-L1-clipped,Raw,7.41973035021166e-06,4.618225013326951e-07,6.5145582475995775e-06,8.324902452823742e-06,0.0
garch,normal,0.0,1000,0.05,none,State-L1-clipped,Shift-CP,4.170828736475798e-06,4.258244033885995e-07,3.336212905834143e-06,5.005444567117453e-06,0.274
garch,normal,0.0,1000,0.05,none,State-L1-clipped,Vol-ERM,4.469143373838604e-06,4.415218952725792e-07,3.6037604591043485e-06,5.334526288572859e-06,0.24
garch,normal,0.0,1000,0.05,none,State2-ERM,Raw,7.177605724317254e-06,3.5727175954500217e-07,6.47735307560905e-06,7.877858373025458e-06,0.0
garch,normal,0.0,1000,0.05,none,State2-ERM,Shift-CP,3.928704110581391e-06,2.9867563485517713e-07,3.3432998662652437e-06,4.514108354897538e-06,0.18
garch,normal,0.0,1000,0.05,none,State2-ERM,Vol-ERM,4.2270187479441985e-06,3.1869317527695323e-07,3.6023801244013703e-06,4.851657371487027e-06,0.18
garch,normal,0.0,1000,0.05,none,State4-ERM,Raw,1.4323550047137857e-05,6.758793216711494e-07,1.2998826576662405e-05,1.564827351761331e-05,0.0
garch,normal,0.0,1000,0.05,none,State4-ERM,Shift-CP,1.1074648433401994e-05,6.579214848915504e-07,9.785122323014555e-06,1.2364174543789433e-05,0.066
garch,normal,0.0,1000,0.05,none,State4-ERM,Vol-ERM,1.1372963070764802e-05,6.626355781826943e-07,1.007419733752672e-05,1.2671728804002883e-05,0.046
garch,normal,0.0,1000,0.05,none,Vol-CP,Raw,2.8756344681958575e-06,1.6688582319277734e-07,2.5485382547380138e-06,3.202730681653701e-06,0.0
garch,normal,0.0,1000,0.05,none,Vol-CP,Shift-CP,-3.73267145540005e-07,5.142961704700713e-08,-4.74069194952139e-07,-2.7246509612787106e-07,0.62
garch,normal,0.0,1000,0.05,none,Vol-CP,Vol-ERM,-7.49525081771979e-08,7.704619363794559e-08,-2.2596304770757126e-07,7.605803135317545e-08,0.386
garch,normal,0.0,1000,0.05,none,Vol-ERM,Raw,2.9505869763730553e-06,1.80891940862704e-07,2.5960387722821554e-06,3.305135180463955e-06,0.0
garch,normal,0.0,1000,0.05,none,Vol-ERM,Shift-CP,-2.983146373628071e-07,9.235114971281333e-08,-4.793228907999212e-07,-1.1730638392569297e-07,0.568
garch,normal,0.0,1000,0.05,none,Vol-ERM,Vol-ERM,0.0,0.0,0.0,0.0,0.0
garch,normal,0.0,1000,0.05,state,POT80-Shift,Raw,-1.2540306448548307e-05,4.343924442806619e-07,-1.3391715639338404e-05,-1.168889725775821e-05,0.9
garch,normal,0.0,1000,0.05,state,POT80-Shift,Shift-CP,-1.5953221805940213e-07,2.1094047987288662e-07,-5.729755586102598e-07,2.5391112249145563e-07,0.512
garch,normal,0.0,1000,0.05,state,POT80-Shift,Vol-ERM,7.132684177166405e-06,2.6871725822358133e-07,6.605998351048186e-06,7.659370003284624e-06,0.06
garch,normal,0.0,1000,0.05,state,POT80-Vol,Raw,-2.097013350190471e-05,2.1497478457579125e-07,-2.139148407967326e-05,-2.0548782924136157e-05,0.998
garch,normal,0.0,1000,0.05,state,POT80-Vol,Shift-CP,-8.589359271415805e-06,2.9782251272884814e-07,-9.173091396364347e-06,-8.005627146467262e-06,0.976
garch,normal,0.0,1000,0.05,state,POT80-Vol,Vol-ERM,-1.297142876189999e-06,1.9285307270204482e-07,-1.6751348986860067e-06,-9.191508536939912e-07,0.59
garch,normal,0.0,1000,0.05,state,POT90-Shift,Raw,-1.3192887647102302e-05,4.131308340924401e-07,-1.4002624081923484e-05,-1.238315121228112e-05,0.914
garch,normal,0.0,1000,0.05,state,POT90-Shift,Shift-CP,-8.121134166134002e-07,1.880964999128064e-07,-1.1807825564425006e-06,-4.4344427678429963e-07,0.588
garch,normal,0.0,1000,0.05,state,POT90-Shift,Vol-ERM,6.480102978612406e-06,2.2007387640471093e-07,6.0487581808591725e-06,6.91144777636564e-06,0.048
garch,normal,0.0,1000,0.05,state,POT90-Vol,Raw,-2.10672395684941e-05,2.155398961320309e-07,-2.1489697764912883e-05,-2.064478137207532e-05,0.994
garch,normal,0.0,1000,0.05,state,POT90-Vol,Shift-CP,-8.686465338005199e-06,3.013439608562904e-07,-9.277099501283528e-06,-8.09583117472687e-06,0.982
garch,normal,0.0,1000,0.05,state,POT90-Vol,Vol-ERM,-1.3942489427793925e-06,1.7394452422407447e-07,-1.7351802102585785e-06,-1.0533176753002065e-06,0.614
garch,normal,0.0,1000,0.05,state,Raw,Raw,0.0,0.0,0.0,0.0,0.0
garch,normal,0.0,1000,0.05,state,Raw,Shift-CP,1.2380774230488902e-05,4.48990117536297e-07,1.150075360011776e-05,1.3260794860860044e-05,0.12
garch,normal,0.0,1000,0.05,state,Raw,Vol-ERM,1.967299062571471e-05,3.087138226041494e-07,1.9067911533410577e-05,2.0278069718018842e-05,0.024
garch,normal,0.0,1000,0.05,state,Shift-CP,Raw,-1.2380774230488902e-05,4.48990117536297e-07,-1.3260794860860044e-05,-1.150075360011776e-05,0.88
garch,normal,0.0,1000,0.05,state,Shift-CP,Shift-CP,0.0,0.0,0.0,0.0,0.0
garch,normal,0.0,1000,0.05,state,Shift-CP,Vol-ERM,7.292216395225807e-06,2.2330465734366673e-07,6.85453926683222e-06,7.729893523619394e-06,0.016
garch,normal,0.0,1000,0.05,state,Shift-ERM,Raw,-1.3147922471614501e-05,4.104719752287613e-07,-1.3952447543062873e-05,-1.234339740016613e-05,0.904
garch,normal,0.0,1000,0.05,state,Shift-ERM,Shift-CP,-7.671482411255978e-07,8.572395974385895e-08,-9.351672022235614e-07,-5.991292800276343e-07,0.756
garch,normal,0.0,1000,0.05,state,Shift-ERM,Vol-ERM,6.525068154100208e-06,1.8901662115967678e-07,6.154595576627242e-06,6.895540731573174e-06,0.02
garch,normal,0.0,1000,0.05,state,State-L1,Raw,-2.0320123146260908e-05,4.701041983847158e-07,-2.124152737509495e-05,-1.9398718917426864e-05,0.956
garch,normal,0.0,1000,0.05,state,State-L1,Shift-CP,-7.939348915772005e-06,5.544123545789075e-07,-9.025997130746664e-06,-6.852700700797347e-06,0.832
garch,normal,0.0,1000,0.05,state,State-L1,Vol-ERM,-6.471325205461981e-07,4.888195067724173e-07,-1.605218753820136e-06,3.109537127277399e-07,0.538
garch,normal,0.0,1000,0.05,state,State-L1-clipped,Raw,-2.0442566719267707e-05,4.5195091998814283e-07,-2.1328390522444467e-05,-1.9556742916090947e-05,0.956
garch,normal,0.0,1000,0.05,state,State-L1-clipped,Shift-CP,-8.0617924887788e-06,5.36811933002442e-07,-9.113943877463585e-06,-7.009641100094013e-06,0.832
garch,normal,0.0,1000,0.05,state,State-L1-clipped,Vol-ERM,-7.695760935529945e-07,4.696351479213341e-07,-1.6900609834788092e-06,1.5090879637282033e-07,0.54
garch,normal,0.0,1000,0.05,state,State2-ERM,Raw,-2.492155632938291e-05,3.5727175954500217e-07,-2.5621808978091114e-05,-2.4221303680674704e-05,0.986
garch,normal,0.0,1000,0.05,state,State2-ERM,Shift-CP,-1.2540782098894005e-05,4.851603543729179e-07,-1.3491696393464924e-05,-1.1589867804323085e-05,0.934
garch,normal,0.0,1000,0.05,state,State2-ERM,Vol-ERM,-5.248565703668199e-06,3.8454825485809684e-07,-6.002280283190069e-06,-4.4948511241463284e-06,0.806
garch,normal,0.0,1000,0.05,state,State4-ERM,Raw,-1.7775612006562306e-05,6.758793216711494e-07,-1.9100335477037758e-05,-1.6450888536086853e-05,0.926
garch,normal,0.0,1000,0.05,state,State4-ERM,Shift-CP,-5.394837776073402e-06,7.827874315964814e-07,-6.929101142002506e-06,-3.860574410144299e-06,0.714
garch,normal,0.0,1000,0.05,state,State4-ERM,Vol-ERM,1.8973786191524046e-06,7.106815364112578e-07,5.044428077863394e-07,3.29031443051847e-06,0.534
garch,normal,0.0,1000,0.05,state,Vol-CP,Raw,-2.039949777923611e-05,2.642521997031541e-07,-2.0917432090654292e-05,-1.9881563467817928e-05,0.982
garch,normal,0.0,1000,0.05,state,Vol-CP,Shift-CP,-8.018723548747204e-06,2.5176566278717135e-07,-8.51218424781006e-06,-7.525262849684348e-06,0.994
garch,normal,0.0,1000,0.05,state,Vol-CP,Vol-ERM,-7.265071535213978e-07,1.198894281774852e-07,-9.614904327492687e-07,-4.915238742935267e-07,0.542
garch,normal,0.0,1000,0.05,state,Vol-ERM,Raw,-1.967299062571471e-05,3.087138226041494e-07,-2.0278069718018842e-05,-1.9067911533410577e-05,0.976
garch,normal,0.0,1000,0.05,state,Vol-ERM,Shift-CP,-7.292216395225807e-06,2.2330465734366673e-07,-7.729893523619394e-06,-6.85453926683222e-06,0.984
garch,normal,0.0,1000,0.05,state,Vol-ERM,Vol-ERM,0.0,0.0,0.0,0.0,0.0
garch,t5,0.0,125,0.01,constant,POT80-Shift,Raw,1.958851665247581e-05,1.9242076156345182e-06,1.5817069725832155e-05,2.3359963579119464e-05,0.424
garch,t5,0.0,125,0.01,constant,POT80-Shift,Shift-CP,-6.14905549478028e-05,8.716239466323443e-06,-7.857438430179675e-05,-4.440672559380885e-05,0.59
garch,t5,0.0,125,0.01,constant,POT80-Shift,Vol-ERM,-8.120758331049797e-06,1.7812414563708842e-06,-1.161199158553673e-05,-4.629525076562865e-06,0.584
garch,t5,0.0,125,0.01,constant,POT80-Vol,Raw,2.0500558239180407e-05,1.8450875833429315e-06,1.688418657582826e-05,2.4116929902532554e-05,0.404
garch,t5,0.0,125,0.01,constant,POT80-Vol,Shift-CP,-6.057851336109821e-05,9.169708922849096e-06,-7.855114284988244e-05,-4.260588387231398e-05,0.588
garch,t5,0.0,125,0.01,constant,POT80-Vol,Vol-ERM,-7.208716744345199e-06,1.5382238941137159e-06,-1.0223635576808082e-05,-4.193797911882315e-06,0.578
garch,t5,0.0,125,0.01,constant,POT90-Shift,Raw,8.10790716002786e-05,9.574983025861389e-06,6.231210486959028e-05,9.984603833096693e-05,0.296
garch,t5,0.0,125,0.01,constant,POT90-Shift,Shift-CP,0.0,0.0,0.0,0.0,0.0
garch,t5,0.0,125,0.01,constant,POT90-Shift,Vol-ERM,5.3369796616753e-05,9.560061824191906e-06,3.463207544133687e-05,7.210751779216913e-05,0.45
garch,t5,0.0,125,0.01,constant,POT90-Vol,Raw,7.69642407874126e-05,6.874494844183506e-06,6.349023089281293e-05,9.043825068201226e-05,0.274
garch,t5,0.0,125,0.01,constant,POT90-Vol,Shift-CP,-4.114830812865997e-06,4.688850251491502e-06,-1.330497730578934e-05,5.075315680057347e-06,0.342
garch,t5,0.0,125,0.01,constant,POT90-Vol,Vol-ERM,4.9254965803887006e-05,6.901671417506712e-06,3.572768982557385e-05,6.278224178220016e-05,0.394
garch,t5,0.0,125,0.01,constant,Raw,Raw,0.0,0.0,0.0,0.0,0.0
garch,t5,0.0,125,0.01,constant,Raw,Shift-CP,-8.10790716002786e-05,9.574983025861389e-06,-9.984603833096693e-05,-6.231210486959028e-05,0.704
garch,t5,0.0,125,0.01,constant,Raw,Vol-ERM,-2.77092749835256e-05,2.213004081273502e-06,-3.204676298282166e-05,-2.3371786984229537e-05,0.654
garch,t5,0.0,125,0.01,constant,Shift-CP,Raw,8.10790716002786e-05,9.574983025861389e-06,6.231210486959028e-05,9.984603833096693e-05,0.296
garch,t5,0.0,125,0.01,constant,Shift-CP,Shift-CP,0.0,0.0,0.0,0.0,0.0
garch,t5,0.0,125,0.01,constant,Shift-CP,Vol-ERM,5.3369796616753e-05,9.560061824191906e-06,3.463207544133687e-05,7.210751779216913e-05,0.45
garch,t5,0.0,125,0.01,constant,Shift-ERM,Raw,2.5412779709089804e-05,2.2949755028814656e-06,2.091462772344213e-05,2.9910931694737477e-05,0.36
garch,t5,0.0,125,0.01,constant,Shift-ERM,Shift-CP,-5.5666291891188796e-05,9.48887738700688e-06,-7.426449156972228e-05,-3.706809221265531e-05,0.554
garch,t5,0.0,125,0.01,constant,Shift-ERM,Vol-ERM,-2.296495274435798e-06,1.543595501867772e-06,-5.3219424580966315e-06,7.289519092250351e-07,0.64
garch,t5,0.0,125,0.01,constant,State-L1,Raw,0.0037958443333254745,0.0008323692133026831,0.0021644006752522156,0.005427287991398733,0.17
garch,t5,0.0,125,0.01,constant,State-L1,Shift-CP,0.003714765261725196,0.000832905055868342,0.0020822713522232455,0.005347259171227146,0.304
garch,t5,0.0,125,0.01,constant,State-L1,Vol-ERM,0.003768135058341949,0.0008322965464364778,0.0021368338273264524,0.005399436289357446,0.312
garch,t5,0.0,125,0.01,constant,State-L1-clipped,Raw,0.00016456876087349702,1.2698583034736382e-05,0.00013967953812541372,0.00018945798362158032,0.172
garch,t5,0.0,125,0.01,constant,State-L1-clipped,Shift-CP,8.34896892732184e-05,1.6020660789593845e-05,5.2089194125614464e-05,0.00011489018442082234,0.336
garch,t5,0.0,125,0.01,constant,State-L1-clipped,Vol-ERM,0.0001368594858899714,1.2674725926465862e-05,0.00011201702307409832,0.0001617019487058445,0.32
garch,t5,0.0,125,0.01,constant,State2-ERM,Raw,0.00020017631815636138,1.856888082055682e-05,0.00016378131174807,0.00023657132456465275,0.056
garch,t5,0.0,125,0.01,constant,State2-ERM,Shift-CP,0.00011909724655608278,2.0578490859643847e-05,7.876340447118084e-05,0.00015943108864098471,0.256
garch,t5,0.0,125,0.01,constant,State2-ERM,Vol-ERM,0.0001724670431728358,1.8574620363911742e-05,0.00013606078725956878,0.0002088732990861028,0.158
garch,t5,0.0,125,0.01,constant,State4-ERM,Raw,0.008851797875282298,0.0011955884317210283,0.006508444549109082,0.011195151201455512,0.0
garch,t5,0.0,125,0.01,constant,State4-ERM,Shift-CP,0.008770718803682017,0.0011959342719588886,0.006426687630642596,0.011114749976721438,0.042
garch,t5,0.0,125,0.01,constant,State4-ERM,Vol-ERM,0.00882408860029877,0.001195423434078878,0.006481058669504169,0.01116711853109337,0.01
garch,t5,0.0,125,0.01,constant,Vol-CP,Raw,7.69642407874126e-05,6.874494844183506e-06,6.349023089281293e-05,9.043825068201226e-05,0.274
garch,t5,0.0,125,0.01,constant,Vol-CP,Shift-CP,-4.114830812865997e-06,4.688850251491502e-06,-1.330497730578934e-05,5.075315680057347e-06,0.342
garch,t5,0.0,125,0.01,constant,Vol-CP,Vol-ERM,4.9254965803887006e-05,6.901671417506712e-06,3.572768982557385e-05,6.278224178220016e-05,0.394
garch,t5,0.0,125,0.01,constant,Vol-ERM,Raw,2.77092749835256e-05,2.213004081273502e-06,2.3371786984229537e-05,3.204676298282166e-05,0.346
garch,t5,0.0,125,0.01,constant,Vol-ERM,Shift-CP,-5.3369796616753e-05,9.560061824191906e-06,-7.210751779216913e-05,-3.463207544133687e-05,0.55
garch,t5,0.0,125,0.01,constant,Vol-ERM,Vol-ERM,0.0,0.0,0.0,0.0,0.0
garch,t5,0.0,125,0.01,none,POT80-Shift,Raw,2.7737019323375804e-05,1.9242076156345187e-06,2.396557239673215e-05,3.150846625001946e-05,0.0
garch,t5,0.0,125,0.01,none,POT80-Shift,Shift-CP,-6.14905549478028e-05,8.716239466323443e-06,-7.857438430179675e-05,-4.440672559380885e-05,0.59
garch,t5,0.0,125,0.01,none,POT80-Shift,Vol-ERM,-1.0477983430212198e-05,1.913554748384351e-06,-1.4228550737045527e-05,-6.7274161233788705e-06,0.606
garch,t5,0.0,125,0.01,none,POT80-Vol,Raw,3.1021609595881206e-05,2.0351492561138477e-06,2.7032717053898064e-05,3.501050213786435e-05,0.0
garch,t5,0.0,125,0.01,none,POT80-Vol,Shift-CP,-5.8205964675297396e-05,9.194121251293272e-06,-7.622644232783221e-05,-4.018548702276258e-05,0.584
garch,t5,0.0,125,0.01,none,POT80-Vol,Vol-ERM,-7.193393157706798e-06,1.6248130357066648e-06,-1.037802670769186e-05,-4.008759607721736e-06,0.552
garch,t5,0.0,125,0.01,none,POT90-Shift,Raw,8.922757427117862e-05,9.574983025861389e-06,7.04606075404903e-05,0.00010799454100186693,0.0
garch,t5,0.0,125,0.01,none,POT90-Shift,Shift-CP,0.0,0.0,0.0,0.0,0.0
garch,t5,0.0,125,0.01,none,POT90-Shift,Vol-ERM,5.1012571517590596e-05,9.632147873202724e-06,3.2133561686113255e-05,6.989158134906794e-05,0.434
garch,t5,0.0,125,0.01,none,POT90-Vol,Raw,8.4979198110407e-05,6.890392395983726e-06,7.14740290142789e-05,9.84843672065351e-05,0.0
garch,t5,0.0,125,0.01,none,POT90-Vol,Shift-CP,-4.248376160771595e-06,4.602212732726641e-06,-1.3268713116915811e-05,4.771960795372622e-06,0.306
garch,t5,0.0,125,0.01,none,POT90-Vol,Vol-ERM,4.6764195356819e-05,6.956158520928031e-06,3.313012465580006e-05,6.039826605783794e-05,0.402
garch,t5,0.0,125,0.01,none,Raw,Raw,0.0,0.0,0.0,0.0,0.0
garch,t5,0.0,125,0.01,none,Raw,Shift-CP,-8.922757427117862e-05,9.574983025861389e-06,-0.00010799454100186693,-7.04606075404903e-05,1.0
garch,t5,0.0,125,0.01,none,Raw,Vol-ERM,-3.8215002753588e-05,2.388924764422657e-06,-4.289729529185641e-05,-3.353271021531959e-05,1.0
garch,t5,0.0,125,0.01,none,Shift-CP,Raw,8.922757427117862e-05,9.574983025861389e-06,7.04606075404903e-05,0.00010799454100186693,0.0
garch,t5,0.0,125,0.01,none,Shift-CP,Shift-CP,0.0,0.0,0.0,0.0,0.0
garch,t5,0.0,125,0.01,none,Shift-CP,Vol-ERM,5.1012571517590596e-05,9.632147873202724e-06,3.2133561686113255e-05,6.989158134906794e-05,0.434
garch,t5,0.0,125,0.01,none,Shift-ERM,Raw,3.35612823799898e-05,2.2949755028814656e-06,2.9063130394342126e-05,3.805943436563747e-05,0.0
garch,t5,0.0,125,0.01,none,Shift-ERM,Shift-CP,-5.5666291891188796e-05,9.48887738700688e-06,-7.426449156972228e-05,-3.706809221265531e-05,0.554
garch,t5,0.0,125,0.01,none,Shift-ERM,Vol-ERM,-4.653720373598198e-06,1.665365117410622e-06,-7.917836003723017e-06,-1.3896047434733785e-06,0.692
garch,t5,0.0,125,0.01,none,State-L1,Raw,0.0038039928359963745,0.0008323692133026833,0.0021725491779231157,0.005435436494069633,0.0
garch,t5,0.0,125,0.01,none,State-L1,Shift-CP,0.003714765261725196,0.000832905055868342,0.0020822713522232455,0.005347259171227146,0.304
garch,t5,0.0,125,0.01,none,State-L1,Vol-ERM,0.0037657778332427856,0.00083223159804331,0.002134603901077898,0.0053969517654076735,0.352
garch,t5,0.0,125,0.01,none,State-L1-clipped,Raw,0.000172717263544397,1.2698583034736385e-05,0.00014782804079631367,0.00019760648629248032,0.0
garch,t5,0.0,125,0.01,none,State-L1-clipped,Shift-CP,8.34896892732184e-05,1.6020660789593845e-05,5.2089194125614464e-05,0.00011489018442082234,0.336
garch,t5,0.0,125,0.01,none,State-L1-clipped,Vol-ERM,0.00013450226079080903,1.2651651617331941e-05,0.00010970502362083842,0.00015929949796077963,0.362
garch,t5,0.0,125,0.01,none,State2-ERM,Raw,0.0002083248208272614,1.856888082055682e-05,0.00017192981441897003,0.00024471982723555275,0.0
garch,t5,0.0,125,0.01,none,State2-ERM,Shift-CP,0.00011909724655608278,2.0578490859643847e-05,7.876340447118084e-05,0.00015943108864098471,0.256
garch,t5,0.0,125,0.01,none,State2-ERM,Vol-ERM,0.00017010981807367336,1.852968806734721e-05,0.00013379162946167283,0.0002064280066856739,0.17
garch,t5,0.0,125,0.01,none,State4-ERM,Raw,0.008859946377953197,0.0011955884317210283,0.0065165930517799816,0.011203299704126413,0.0
garch,t5,0.0,125,0.01,none,State4-ERM,Shift-CP,0.008770718803682017,0.0011959342719588886,0.006426687630642596,0.011114749976721438,0.042
garch,t5,0.0,125,0.01,none,State4-ERM,Vol-ERM,0.008821731375199609,0.0011953346421119512,0.006478875476660184,0.011164587273739033,0.014
garch,t5,0.0,125,0.01,none,Vol-CP,Raw,8.4979198110407e-05,6.890392395983726e-06,7.14740290142789e-05,9.84843672065351e-05,0.0
garch,t5,0.0,125,0.01,none,Vol-CP,Shift-CP,-4.248376160771595e-06,4.602212732726641e-06,-1.3268713116915811e-05,4.771960795372622e-06,0.306
garch,t5,0.0,125,0.01,none,Vol-CP,Vol-ERM,4.6764195356819e-05,6.956158520928031e-06,3.313012465580006e-05,6.039826605783794e-05,0.402
garch,t5,0.0,125,0.01,none,Vol-ERM,Raw,3.8215002753588e-05,2.388924764422657e-06,3.353271021531959e-05,4.289729529185641e-05,0.0
garch,t5,0.0,125,0.01,none,Vol-ERM,Shift-CP,-5.1012571517590596e-05,9.632147873202724e-06,-6.989158134906794e-05,-3.2133561686113255e-05,0.566
garch,t5,0.0,125,0.01,none,Vol-ERM,Vol-ERM,0.0,0.0,0.0,0.0,0.0
garch,t5,0.0,125,0.01,state,POT80-Shift,Raw,3.0488630206222606e-05,2.3300004023222652e-06,2.5921829417670966e-05,3.505543099477425e-05,0.242
garch,t5,0.0,125,0.01,state,POT80-Shift,Shift-CP,-5.88969065098018e-05,8.808526933559995e-06,-7.616161929957938e-05,-4.163219372002421e-05,0.564
garch,t5,0.0,125,0.01,state,POT80-Shift,Vol-ERM,-1.1489987361813001e-05,2.344718809430675e-06,-1.6085636228297123e-05,-6.894338495328878e-06,0.564
garch,t5,0.0,125,0.01,state,POT80-Vol,Raw,3.37509604893018e-05,2.56853980555415e-06,2.8716622470415667e-05,3.878529850818794e-05,0.278
garch,t5,0.0,125,0.01,state,POT80-Vol,Shift-CP,-5.56345762267226e-05,9.632532676238475e-06,-7.451434027215e-05,-3.675481218129519e-05,0.57
garch,t5,0.0,125,0.01,state,POT80-Vol,Vol-ERM,-8.2276570787338e-06,1.8598685897777294e-06,-1.187299951469815e-05,-4.5823146427694495e-06,0.568
garch,t5,0.0,125,0.01,state,POT90-Shift,Raw,8.93855367160244e-05,9.861151242971419e-06,7.005768027980042e-05,0.00010871339315224839,0.176
garch,t5,0.0,125,0.01,state,POT90-Shift,Shift-CP,0.0,0.0,0.0,0.0,0.0
garch,t5,0.0,125,0.01,state,POT90-Shift,Vol-ERM,4.74069191479888e-05,1.0064588248187173e-05,2.768032618154194e-05,6.713351211443567e-05,0.432
garch,t5,0.0,125,0.01,state,POT90-Vol,Raw,8.149483592189822e-05,6.896127309972593e-06,6.797842639435193e-05,9.50112454494445e-05,0.196
garch,t5,0.0,125,0.01,state,POT90-Vol,Shift-CP,-7.890700794126203e-06,4.889630884482213e-06,-1.7474377327711342e-05,1.692975739458935e-06,0.468
garch,t5,0.0,125,0.01,state,POT90-Vol,Vol-ERM,3.95162183538626e-05,7.094290362725516e-06,2.5611409242920587e-05,5.342102746480461e-05,0.418
garch,t5,0.0,125,0.01,state,Raw,Raw,0.0,0.0,0.0,0.0,0.0
garch,t5,0.0,125,0.01,state,Raw,Shift-CP,-8.93855367160244e-05,9.861151242971419e-06,-0.00010871339315224839,-7.005768027980042e-05,0.824
garch,t5,0.0,125,0.01,state,Raw,Vol-ERM,-4.197861756803561e-05,2.924195084672226e-06,-4.771003993399317e-05,-3.624719520207805e-05,0.738
garch,t5,0.0,125,0.01,state,Shift-CP,Raw,8.93855367160244e-05,9.861151242971419e-06,7.005768027980042e-05,0.00010871339315224839,0.176
garch,t5,0.0,125,0.01,state,Shift-CP,Shift-CP,0.0,0.0,0.0,0.0,0.0
garch,t5,0.0,125,0.01,state,Shift-CP,Vol-ERM,4.74069191479888e-05,1.0064588248187173e-05,2.768032618154194e-05,6.713351211443567e-05,0.432
garch,t5,0.0,125,0.01,state,Shift-ERM,Raw,3.647407569589761e-05,2.652518063827246e-06,3.1275140290796214e-05,4.167301110099901e-05,0.214
garch,t5,0.0,125,0.01,state,Shift-ERM,Shift-CP,-5.2911461020126794e-05,9.57850676606809e-06,-7.168533428162025e-05,-3.413758775863334e-05,0.548
garch,t5,0.0,125,0.01,state,Shift-ERM,Vol-ERM,-5.504541872137998e-06,1.99117800077041e-06,-9.407250753648e-06,-1.6018329906279946e-06,0.538
garch,t5,0.0,125,0.01,state,State-L1,Raw,0.003487478700728938,0.0007974086416901981,0.0019245577630161497,0.005050399638441726,0.116
garch,t5,0.0,125,0.01,state,State-L1,Shift-CP,0.0033980931640129135,0.0007978860358050092,0.0018342365338350956,0.004961949794190732,0.336
garch,t5,0.0,125,0.01,state,State-L1,Vol-ERM,0.003445500083160902,0.0007970845783500727,0.0018832143095947596,0.005007785856727044,0.31
garch,t5,0.0,125,0.01,state,State-L1-clipped,Raw,0.000174824717726828,1.314667381717667e-05,0.00014905723704516173,0.00020059219840849426,0.118
garch,t5,0.0,125,0.01,state,State-L1-clipped,Shift-CP,8.54391810108036e-05,1.6430754118483558e-05,5.323490293857583e-05,0.00011764345908303137,0.376
garch,t5,0.0,125,0.01,state,State-L1-clipped,Vol-ERM,0.0001328461001587924,1.2981262288358548e-05,0.00010740282607360964,0.00015828937424397515,0.32
garch,t5,0.0,125,0.01,state,State2-ERM,Raw,0.0002017712309153614,1.856888082055682e-05,0.00016537622450707004,0.00023816623732365278,0.04
garch,t5,0.0,125,0.01,state,State2-ERM,Shift-CP,0.000112385694199337,2.073122724895925e-05,7.175248879137688e-05,0.00015301889960729712,0.298
garch,t5,0.0,125,0.01,state,State2-ERM,Vol-ERM,0.0001597926133473258,1.8382567529814045e-05,0.00012376278098889028,0.00019582244570576132,0.186
garch,t5,0.0,125,0.01,state,State4-ERM,Raw,0.008853392788041295,0.0011955884317210283,0.00651003946186808,0.01119674611421451,0.0
garch,t5,0.0,125,0.01,state,State4-ERM,Shift-CP,0.00876400725132527,0.001195892611250375,0.0064200577332745356,0.011107956769376006,0.05
garch,t5,0.0,125,0.01,state,State4-ERM,Vol-ERM,0.00881141417047326,0.0011950121815665288,0.006469190294602864,0.011153638046343657,0.014
garch,t5,0.0,125,0.01,state,Vol-CP,Raw,8.149483592189822e-05,6.896127309972593e-06,6.797842639435193e-05,9.50112454494445e-05,0.196
garch,t5,0.0,125,0.01,state,Vol-CP,Shift-CP,-7.890700794126203e-06,4.889630884482213e-06,-1.7474377327711342e-05,1.692975739458935e-06,0.468
garch,t5,0.0,125,0.01,state,Vol-CP,Vol-ERM,3.95162183538626e-05,7.094290362725516e-06,2.5611409242920587e-05,5.342102746480461e-05,0.418
garch,t5,0.0,125,0.01,state,Vol-ERM,Raw,4.197861756803561e-05,2.924195084672226e-06,3.624719520207805e-05,4.771003993399317e-05,0.262
garch,t5,0.0,125,0.01,state,Vol-ERM,Shift-CP,-4.74069191479888e-05,1.0064588248187173e-05,-6.713351211443567e-05,-2.768032618154194e-05,0.568
garch,t5,0.0,125,0.01,state,Vol-ERM,Vol-ERM,0.0,0.0,0.0,0.0,0.0
garch,t5,0.0,125,0.05,constant,POT80-Shift,Raw,-2.114558199653186e-05,2.04583626862788e-06,-2.5155421083042504e-05,-1.7135742910021218e-05,0.822
garch,t5,0.0,125,0.05,constant,POT80-Shift,Shift-CP,-1.4005231962257805e-05,2.2195055640443137e-06,-1.8355462867784658e-05,-9.65500105673095e-06,0.6
garch,t5,0.0,125,0.05,constant,POT80-Shift,Vol-ERM,-4.784651580131002e-06,1.9274340284972894e-06,-8.56242227598569e-06,-1.006880884276315e-06,0.662
garch,t5,0.0,125,0.05,constant,POT80-Vol,Raw,-2.283309715621386e-05,1.3425511876275275e-06,-2.5464497483963813e-05,-2.0201696828463907e-05,0.822
garch,t5,0.0,125,0.05,constant,POT80-Vol,Shift-CP,-1.5692747121939807e-05,2.945082359818158e-06,-2.1465108547183396e-05,-9.920385696696217e-06,0.522
garch,t5,0.0,125,0.05,constant,POT80-Vol,Vol-ERM,-6.472166739813002e-06,1.3479977657426125e-06,-9.114242360668523e-06,-3.830091118957481e-06,0.58
garch,t5,0.0,125,0.05,constant,POT90-Shift,Raw,-7.140350034274256e-06,3.4819177015505755e-06,-1.3964908729313383e-05,-3.1579133923512834e-07,0.734
garch,t5,0.0,125,0.05,constant,POT90-Shift,Shift-CP,-1.9949319973733282e-19,1.9949319973733463e-19,-5.904998712225087e-19,1.9151347174784304e-19,0.002
garch,t5,0.0,125,0.05,constant,POT90-Shift,Vol-ERM,9.220580382126601e-06,2.988024389112058e-06,3.3640525794669673e-06,1.5077108184786235e-05,0.594
garch,t5,0.0,125,0.05,constant,POT90-Vol,Raw,-9.133789193558864e-06,2.3594503844583207e-06,-1.3758311947097171e-05,-4.509266440020555e-06,0.726
garch,t5,0.0,125,0.05,constant,POT90-Vol,Shift-CP,-1.993439159284806e-06,2.1971429777927835e-06,-6.299839395758661e-06,2.312961077189049e-06,0.352
garch,t5,0.0,125,0.05,constant,POT90-Vol,Vol-ERM,7.227141222841995e-06,1.8012415763232772e-06,3.696707733248372e-06,1.0757574712435618e-05,0.408
garch,t5,0.0,125,0.05,constant,Raw,Raw,0.0,0.0,0.0,0.0,0.0
garch,t5,0.0,125,0.05,constant,Raw,Shift-CP,7.140350034274056e-06,3.481917701550675e-06,3.1579133923473277e-07,1.396490872931338e-05,0.266
garch,t5,0.0,125,0.05,constant,Raw,Vol-ERM,1.6360930416400858e-05,1.8024032027977622e-06,1.2828220138917244e-05,1.9893640693884472e-05,0.224
garch,t5,0.0,125,0.05,constant,Shift-CP,Raw,-7.140350034274056e-06,3.481917701550675e-06,-1.396490872931338e-05,-3.1579133923473277e-07,0.734
garch,t5,0.0,125,0.05,constant,Shift-CP,Shift-CP,0.0,0.0,0.0,0.0,0.0
garch,t5,0.0,125,0.05,constant,Shift-CP,Vol-ERM,9.220580382126801e-06,2.9880243891121733e-06,3.364052579466942e-06,1.5077108184786662e-05,0.594
garch,t5,0.0,125,0.05,constant,Shift-ERM,Raw,-1.514966855942366e-05,2.622771545415837e-06,-2.02903007884387e-05,-1.000903633040862e-05,0.778
garch,t5,0.0,125,0.05,constant,Shift-ERM,Shift-CP,-8.009318525149603e-06,1.8988200922133375e-06,-1.1731005905887744e-05,-4.287631144411461e-06,0.512
garch,t5,0.0,125,0.05,constant,Shift-ERM,Vol-ERM,1.2112618569771974e-06,2.1096714421423827e-06,-2.923694169621872e-06,5.346217883576267e-06,0.626
garch,t5,0.0,125,0.05,constant,State-L1,Raw,0.0011002471520589064,0.00022964393489580367,0.0006501450396631313,0.0015503492644546816,0.442
garch,t5,0.0,125,0.05,constant,State-L1,Shift-CP,0.0011073875020931802,0.0002298001440823525,0.0006569792196917694,0.001557795784494591,0.27
garch,t5,0.0,125,0.05,constant,State-L1,Vol-ERM,0.0011166080824753072,0.00022971380316851402,0.0006663690282650198,0.0015668471366855948,0.322
garch,t5,0.0,125,0.05,constant,State-L1-clipped,Raw,7.632075642314473e-05,1.0134669419483272e-05,5.645680436095752e-05,9.618470848533194e-05,0.472
garch,t5,0.0,125,0.05,constant,State-L1-clipped,Shift-CP,8.34611064574188e-05,9.84472424020065e-06,6.416544694662552e-05,0.00010275676596821208,0.28
garch,t5,0.0,125,0.05,constant,State-L1-clipped,Vol-ERM,9.26816868395456e-05,1.0105552933460131e-05,7.287480308996373e-05,0.00011248857058912746,0.338
garch,t5,0.0,125,0.05,constant,State2-ERM,Raw,9.999294821104775e-05,1.1652822621693298e-05,7.715341587252889e-05,0.00012283248054956663,0.382
garch,t5,0.0,125,0.05,constant,State2-ERM,Shift-CP,0.0001071332982453218,1.1426823734314444e-05,8.473672372606548e-05,0.0001295298727645781,0.21
garch,t5,0.0,125,0.05,constant,State2-ERM,Vol-ERM,0.00011635387862744859,1.1651297968365538e-05,9.351733460945214e-05,0.00013919042264544504,0.218
garch,t5,0.0,125,0.05,constant,State4-ERM,Raw,0.006219036294050269,0.0010021098134675587,0.004254901059653854,0.008183171528446685,0.038
garch,t5,0.0,125,0.05,constant,State4-ERM,Shift-CP,0.0062261766440845434,0.001002244133921368,0.004261778141598662,0.008190575146570424,0.024
garch,t5,0.0,125,0.05,constant,State4-ERM,Vol-ERM,0.00623539722446667,0.0010020393616623237,0.004271400075608516,0.008199394373324825,0.01
garch,t5,0.0,125,0.05,constant,Vol-CP,Raw,-9.133789193558662e-06,2.3594503844583245e-06,-1.3758311947096978e-05,-4.509266440020346e-06,0.726
garch,t5,0.0,125,0.05,constant,Vol-CP,Shift-CP,-1.993439159284606e-06,2.197142977792784e-06,-6.299839395758462e-06,2.31296107718925e-06,0.352
garch,t5,0.0,125,0.05,constant,Vol-CP,Vol-ERM,7.227141222842195e-06,1.801241576323274e-06,3.696707733248578e-06,1.0757574712435813e-05,0.408
garch,t5,0.0,125,0.05,constant,Vol-ERM,Raw,-1.6360930416400858e-05,1.8024032027977622e-06,-1.9893640693884472e-05,-1.2828220138917244e-05,0.776
garch,t5,0.0,125,0.05,constant,Vol-ERM,Shift-CP,-9.220580382126801e-06,2.9880243891121733e-06,-1.5077108184786662e-05,-3.364052579466942e-06,0.406
garch,t5,0.0,125,0.05,constant,Vol-ERM,Vol-ERM,0.0,0.0,0.0,0.0,0.0
garch,t5,0.0,125,0.05,none,POT80-Shift,Raw,2.6976236659468265e-05,2.04583626862788e-06,2.2966397572957618e-05,3.098607574597891e-05,0.0
garch,t5,0.0,125,0.05,none,POT80-Shift,Shift-CP,-1.4005231962257603e-05,2.2195055640442473e-06,-1.8355462867784326e-05,-9.655001056730878e-06,0.6
garch,t5,0.0,125,0.05,none,POT80-Shift,Vol-ERM,-7.068303926932003e-06,1.977953520782626e-06,-1.094509282766595e-05,-3.1915150261980557e-06,0.608
garch,t5,0.0,125,0.05,none,POT80-Vol,Raw,2.640502411220246e-05,1.5945021973480477e-06,2.3279799805400286e-05,2.9530248419004636e-05,0.0
garch,t5,0.0,125,0.05,none,POT80-Vol,Shift-CP,-1.4576444509523403e-05,2.872717325913843e-06,-2.0206970468314535e-05,-8.945918550732272e-06,0.566
garch,t5,0.0,125,0.05,none,POT80-Vol,Vol-ERM,-7.639516474197805e-06,1.5431178347695074e-06,-1.066402743034604e-05,-4.61500551804957e-06,0.58
garch,t5,0.0,125,0.05,none,POT90-Shift,Raw,4.098146862172586e-05,3.4819177015505755e-06,3.4156909926686736e-05,4.780602731676499e-05,0.0
garch,t5,0.0,125,0.05,none,POT90-Shift,Shift-CP,0.0,0.0,0.0,0.0,0.0
garch,t5,0.0,125,0.05,none,POT90-Shift,Vol-ERM,6.9369280353256e-06,2.9957321552687054e-06,1.0652930109989378e-06,1.2808563059652262e-05,0.496
garch,t5,0.0,125,0.05,none,POT90-Vol,Raw,3.869941075394946e-05,2.5315944641305734e-06,3.373748560425354e-05,4.366133590364538e-05,0.0
garch,t5,0.0,125,0.05,none,POT90-Vol,Shift-CP,-2.2820578677764098e-06,1.8773688189012481e-06,-5.9617007528228555e-06,1.3975850172700364e-06,0.354
garch,t5,0.0,125,0.05,none,POT90-Vol,Vol-ERM,4.654870167549191e-06,1.9396529492211643e-06,8.531503870757089e-07,8.456589948022673e-06,0.422
garch,t5,0.0,125,0.05,none,Raw,Raw,0.0,0.0,0.0,0.0,0.0
garch,t5,0.0,125,0.05,none,Raw,Shift-CP,-4.098146862172586e-05,3.4819177015505755e-06,-4.780602731676499e-05,-3.4156909926686736e-05,1.0
garch,t5,0.0,125,0.05,none,Raw,Vol-ERM,-3.404454058640026e-05,2.09415140510524e-06,-3.814907734040653e-05,-2.9940003832393988e-05,1.0
garch,t5,0.0,125,0.05,none,Shift-CP,Raw,4.098146862172586e-05,3.4819177015505755e-06,3.4156909926686736e-05,4.780602731676499e-05,0.0
garch,t5,0.0,125,0.05,none,Shift-CP,Shift-CP,0.0,0.0,0.0,0.0,0.0
garch,t5,0.0,125,0.05,none,Shift-CP,Vol-ERM,6.9369280353256e-06,2.9957321552687054e-06,1.0652930109989378e-06,1.2808563059652262e-05,0.496
garch,t5,0.0,125,0.05,none,Shift-ERM,Raw,3.297215009657646e-05,2.6227715454158366e-06,2.783151786756142e-05,3.81127823255915e-05,0.0
garch,t5,0.0,125,0.05,none,Shift-ERM,Shift-CP,-8.009318525149405e-06,1.8988200922133259e-06,-1.1731005905887524e-05,-4.287631144411286e-06,0.512
garch,t5,0.0,125,0.05,none,Shift-ERM,Vol-ERM,-1.0723904898238033e-06,2.08605009165114e-06,-5.1610486694600385e-06,3.0162676898124315e-06,0.644
garch,t5,0.0,125,0.05,none,State-L1,Raw,0.0011483689707149065,0.00022964393489580365,0.0006982668583191314,0.0015984710831106817,0.0
garch,t5,0.0,125,0.05,none,State-L1,Shift-CP,0.0011073875020931804,0.00022980014408235247,0.0006569792196917696,0.0015577957844945913,0.27
garch,t5,0.0,125,0.05,none,State-L1,Vol-ERM,0.0011143244301285063,0.00022967771608251112,0.0006641561066067844,0.001564492753650228,0.322
garch,t5,0.0,125,0.05,none,State-L1-clipped,Raw,0.00012444257507914487,1.013466941948327e-05,0.00010457862301695766,0.00014430652714133207,0.0
garch,t5,0.0,125,0.05,none,State-L1-clipped,Shift-CP,8.3461106457419e-05,9.84472424020065e-06,6.416544694662574e-05,0.00010275676596821227,0.28
garch,t5,0.0,125,0.05,none,State-L1-clipped,Vol-ERM,9.03980344927446e-05,1.0070196068041025e-05,7.066045019938419e-05,0.000110135618786105,0.334
garch,t5,0.0,125,0.05,none,State2-ERM,Raw,0.00014811476686704786,1.1652822621693298e-05,0.000125275234528529,0.00017095429920556673,0.0
garch,t5,0.0,125,0.05,none,State2-ERM,Shift-CP,0.000107133298245322,1.142682373431444e-05,8.47367237260657e-05,0.0001295298727645783,0.21
garch,t5,0.0,125,0.05,none,State2-ERM,Vol-ERM,0.00011407022628064762,1.1556921769688045e-05,9.141865961205905e-05,0.0001367217929492362,0.19
garch,t5,0.0,125,0.05,none,State4-ERM,Raw,0.006267158112706271,0.0010021098134675587,0.0043030228783098555,0.008231293347102686,0.0
garch,t5,0.0,125,0.05,none,State4-ERM,Shift-CP,0.0062261766440845434,0.001002244133921368,0.004261778141598662,0.008190575146570424,0.024
garch,t5,0.0,125,0.05,none,State4-ERM,Vol-ERM,0.00623311357211987,0.0010018980088912746,0.004269393474692972,0.008196833669546768,0.016
garch,t5,0.0,125,0.05,none,Vol-CP,Raw,3.869941075394946e-05,2.5315944641305734e-06,3.373748560425354e-05,4.366133590364538e-05,0.0
garch,t5,0.0,125,0.05,none,Vol-CP,Shift-CP,-2.2820578677764098e-06,1.8773688189012481e-06,-5.9617007528228555e-06,1.3975850172700364e-06,0.354
garch,t5,0.0,125,0.05,none,Vol-CP,Vol-ERM,4.654870167549191e-06,1.9396529492211643e-06,8.531503870757089e-07,8.456589948022673e-06,0.422
garch,t5,0.0,125,0.05,none,Vol-ERM,Raw,3.404454058640026e-05,2.09415140510524e-06,2.9940003832393988e-05,3.814907734040653e-05,0.0
garch,t5,0.0,125,0.05,none,Vol-ERM,Shift-CP,-6.9369280353256e-06,2.9957321552687054e-06,-1.2808563059652262e-05,-1.0652930109989378e-06,0.504
garch,t5,0.0,125,0.05,none,Vol-ERM,Vol-ERM,0.0,0.0,0.0,0.0,0.0
garch,t5,0.0,125,0.05,state,POT80-Shift,Raw,2.4151850561540816e-05,3.4238361777314896e-06,1.7441131653187095e-05,3.0862569469894536e-05,0.526
garch,t5,0.0,125,0.05,state,POT80-Shift,Shift-CP,-1.1068587590554803e-05,2.751783895517163e-06,-1.6462084025768442e-05,-5.675091155341164e-06,0.55
garch,t5,0.0,125,0.05,state,POT80-Shift,Vol-ERM,5.754783046384599e-06,2.9552713777506534e-06,-3.754885400668186e-08,1.154711494677588e-05,0.408
garch,t5,0.0,125,0.05,state,POT80-Vol,Raw,1.1706448714516614e-05,2.6251205927630575e-06,6.561212352701022e-06,1.6851685076332206e-05,0.612
garch,t5,0.0,125,0.05,state,POT80-Vol,Shift-CP,-2.3513989437579008e-05,4.475676786238032e-06,-3.2286315938605554e-05,-1.4741662936552465e-05,0.706
garch,t5,0.0,125,0.05,state,POT80-Vol,Vol-ERM,-6.6906188006396034e-06,1.7598065082788322e-06,-1.0139839556866115e-05,-3.2413980444130926e-06,0.57
garch,t5,0.0,125,0.05,state,POT90-Shift,Raw,3.522043815209562e-05,5.048857543105671e-06,2.5324677367608503e-05,4.5116198936582735e-05,0.48
garch,t5,0.0,125,0.05,state,POT90-Shift,Shift-CP,0.0,0.0,0.0,0.0,0.0
garch,t5,0.0,125,0.05,state,POT90-Shift,Vol-ERM,1.68233706369394e-05,4.519868419986359e-06,7.964428533766137e-06,2.5682312740112665e-05,0.382
garch,t5,0.0,125,0.05,state,POT90-Vol,Raw,1.824343840221042e-05,2.9694701435545007e-06,1.24232769208436e-05,2.406359988357724e-05,0.542
garch,t5,0.0,125,0.05,state,POT90-Vol,Shift-CP,-1.69769997498852e-05,3.433720741822128e-06,-2.370709240385657e-05,-1.0246907095913831e-05,0.74
garch,t5,0.0,125,0.05,state,POT90-Vol,Vol-ERM,-1.536291129458009e-07,2.1019664392669423e-06,-4.273483333909007e-06,3.966225108017406e-06,0.42
garch,t5,0.0,125,0.05,state,Raw,Raw,0.0,0.0,0.0,0.0,0.0
garch,t5,0.0,125,0.05,state,Raw,Shift-CP,-3.522043815209562e-05,5.048857543105671e-06,-4.5116198936582735e-05,-2.5324677367608503e-05,0.52
garch,t5,0.0,125,0.05,state,Raw,Vol-ERM,-1.839706751515622e-05,2.8380201948479126e-06,-2.395958709705813e-05,-1.283454793325431e-05,0.442
garch,t5,0.0,125,0.05,state,Shift-CP,Raw,3.522043815209562e-05,5.048857543105671e-06,2.5324677367608503e-05,4.5116198936582735e-05,0.48
garch,t5,0.0,125,0.05,state,Shift-CP,Shift-CP,0.0,0.0,0.0,0.0,0.0
garch,t5,0.0,125,0.05,state,Shift-CP,Vol-ERM,1.68233706369394e-05,4.519868419986359e-06,7.964428533766137e-06,2.5682312740112665e-05,0.382
garch,t5,0.0,125,0.05,state,Shift-ERM,Raw,3.0083204759533415e-05,4.078168356756925e-06,2.208999478028984e-05,3.807641473877699e-05,0.466
garch,t5,0.0,125,0.05,state,Shift-ERM,Shift-CP,-5.137233392562204e-06,2.2536235694165066e-06,-9.554335588618557e-06,-7.201311965058517e-07,0.482
garch,t5,0.0,125,0.05,state,Shift-ERM,Vol-ERM,1.1686137244377199e-05,3.227447955981638e-06,5.360339250653188e-06,1.801193523810121e-05,0.296
garch,t5,0.0,125,0.05,state,State-L1,Raw,0.001089812296425522,0.0002270118748546491,0.0006448690217104099,0.0015347555711406342,0.302
garch,t5,0.0,125,0.05,state,State-L1,Shift-CP,0.0010545918582734266,0.00022711371962137378,0.000609448967815534,0.001499734748731319,0.344
garch,t5,0.0,125,0.05,state,State-L1,Vol-ERM,0.001071415228910366,0.00022683293784485023,0.0006268226707344595,0.0015160077870862724,0.244
garch,t5,0.0,125,0.05,state,State-L1-clipped,Raw,0.00011360264094801401,1.0826854487204173e-05,9.238200615309383e-05,0.0001348232757429342,0.316
garch,t5,0.0,125,0.05,state,State-L1-clipped,Shift-CP,7.83822027959184e-05,1.0713245086323898e-05,5.738424242672356e-05,9.938016316511324e-05,0.372
garch,t5,0.0,125,0.05,state,State-L1-clipped,Vol-ERM,9.520557343285779e-05,1.0428517773050852e-05,7.476567859767812e-05,0.00011564546826803746,0.254
garch,t5,0.0,125,0.05,state,State2-ERM,Raw,0.00010940241183904782,1.1652822621693298e-05,8.656287950052895e-05,0.00013224194417756668,0.34
garch,t5,0.0,125,0.05,state,State2-ERM,Shift-CP,7.41819736869522e-05,1.1633220622983165e-05,5.1380861265905206e-05,9.69830861079992e-05,0.406
garch,t5,0.0,125,0.05,state,State2-ERM,Vol-ERM,9.100534432389161e-05,1.12544279629991e-05,6.894666551641337e-05,0.00011306402313136985,0.342
garch,t5,0.0,125,0.05,state,State4-ERM,Raw,0.006228445757678269,0.0010021098134675587,0.004264310523281854,0.008192580992074684,0.028
garch,t5,0.0,125,0.05,state,State4-ERM,Shift-CP,0.006193225319526175,0.0010020675905869551,0.004229172841975742,0.008157277797076607,0.042
garch,t5,0.0,125,0.05,state,State4-ERM,Vol-ERM,0.006210048690163113,0.0010013849462940038,0.004247334195426866,0.008172763184899361,0.02
garch,t5,0.0,125,0.05,state,Vol-CP,Raw,1.8243438402210216e-05,2.9694701435545054e-06,1.2423276920843386e-05,2.4063599883577047e-05,0.542
garch,t5,0.0,125,0.05,state,Vol-CP,Shift-CP,-1.6976999749885404e-05,3.4337207418221272e-06,-2.3707092403856775e-05,-1.0246907095914034e-05,0.74
garch,t5,0.0,125,0.05,state,Vol-CP,Vol-ERM,-1.5362911294600082e-07,2.1019664392669474e-06,-4.273483333909217e-06,3.966225108017216e-06,0.42
garch,t5,0.0,125,0.05,state,Vol-ERM,Raw,1.839706751515622e-05,2.8380201948479126e-06,1.283454793325431e-05,2.395958709705813e-05,0.558
garch,t5,0.0,125,0.05,state,Vol-ERM,Shift-CP,-1.68233706369394e-05,4.519868419986359e-06,-2.5682312740112665e-05,-7.964428533766137e-06,0.618
garch,t5,0.0,125,0.05,state,Vol-ERM,Vol-ERM,0.0,0.0,0.0,0.0,0.0
garch,t5,0.0,250,0.01,constant,POT80-Shift,Raw,5.3853656713522054e-06,9.11656506931135e-07,3.598518917767181e-06,7.17221242493723e-06,0.572
garch,t5,0.0,250,0.01,constant,POT80-Shift,Shift-CP,-2.41934222177836e-05,2.9824002002108116e-06,-3.003892661019679e-05,-1.834791782537041e-05,0.642
garch,t5,0.0,250,0.01,constant,POT80-Shift,Vol-ERM,-5.1502722930802e-06,1.0076731667355932e-06,-7.125311699881963e-06,-3.1752328862784377e-06,0.588
garch,t5,0.0,250,0.01,constant,POT80-Vol,Raw,5.544409921251605e-06,8.95084610940265e-07,3.7900440838086853e-06,7.2987757586945245e-06,0.564
garch,t5,0.0,250,0.01,constant,POT80-Vol,Shift-CP,-2.40343779678842e-05,3.103113618305752e-06,-3.0116480659763477e-05,-1.7952275276004926e-05,0.64
garch,t5,0.0,250,0.01,constant,POT80-Vol,Vol-ERM,-4.991228043180802e-06,9.959888626652683e-07,-6.943366214004727e-06,-3.039089872356876e-06,0.592
garch,t5,0.0,250,0.01,constant,POT90-Shift,Raw,5.094589215073005e-06,8.81754896142914e-07,3.3663496186328933e-06,6.822828811513116e-06,0.572
garch,t5,0.0,250,0.01,constant,POT90-Shift,Shift-CP,-2.4484198674062802e-05,3.0221434884559888e-06,-3.040759991143654e-05,-1.8560797436689065e-05,0.65
garch,t5,0.0,250,0.01,constant,POT90-Shift,Vol-ERM,-5.441048749359399e-06,9.847082436074228e-07,-7.371076906829948e-06,-3.5110205918888507e-06,0.614
garch,t5,0.0,250,0.01,constant,POT90-Vol,Raw,5.218445721558404e-06,8.337633491107598e-07,3.5842695573013147e-06,6.852621885815493e-06,0.574
garch,t5,0.0,250,0.01,constant,POT90-Vol,Shift-CP,-2.4360342167577404e-05,3.15346327653759e-06,-3.054113018959108e-05,-1.817955414556373e-05,0.638
garch,t5,0.0,250,0.01,constant,POT90-Vol,Vol-ERM,-5.317192242874002e-06,9.615853225125874e-07,-7.201899474998673e-06,-3.4324850107493305e-06,0.574
garch,t5,0.0,250,0.01,constant,Raw,Raw,0.0,0.0,0.0,0.0,0.0
garch,t5,0.0,250,0.01,constant,Raw,Shift-CP,-2.95787878891358e-05,3.491303731303799e-06,-3.6421743202491244e-05,-2.2735832575780354e-05,0.606
garch,t5,0.0,250,0.01,constant,Raw,Vol-ERM,-1.0535637964432406e-05,1.1832469129820677e-06,-1.2854801913877257e-05,-8.216474014987554e-06,0.53
garch,t5,0.0,250,0.01,constant,Shift-CP,Raw,2.95787878891358e-05,3.491303731303799e-06,2.2735832575780354e-05,3.6421743202491244e-05,0.394
garch,t5,0.0,250,0.01,constant,Shift-CP,Shift-CP,0.0,0.0,0.0,0.0,0.0
garch,t5,0.0,250,0.01,constant,Shift-CP,Vol-ERM,1.90431499247034e-05,3.2545663575389658e-06,1.2664199863927027e-05,2.5422099985479773e-05,0.418
garch,t5,0.0,250,0.01,constant,Shift-ERM,Raw,9.852228472192606e-06,1.189542337720337e-06,7.520725490260746e-06,1.2183731454124466e-05,0.496
garch,t5,0.0,250,0.01,constant,Shift-ERM,Shift-CP,-1.97265594169432e-05,3.049376537506768e-06,-2.5703337430456465e-05,-1.3749781403429934e-05,0.638
garch,t5,0.0,250,0.01,constant,Shift-ERM,Vol-ERM,-6.834094922397992e-07,7.345003448611179e-07,-2.12303016816759e-06,7.562111836879919e-07,0.63
garch,t5,0.0,250,0.01,constant,State-L1,Raw,0.0005748295026294096,0.00016309022626125115,0.0002551726591573573,0.0008944863461014618,0.258
garch,t5,0.0,250,0.01,constant,State-L1,Shift-CP,0.0005452507147402739,0.0001632809329715695,0.00022522008611599768,0.00086528134336455,0.392
garch,t5,0.0,250,0.01,constant,State-L1,Vol-ERM,0.0005642938646649772,0.0001631035552906718,0.0002446108962952605,0.0008839768330346939,0.322
garch,t5,0.0,250,0.01,constant,State-L1-clipped,Raw,5.9770424667015595e-05,5.150066571820082e-06,4.9676294186248235e-05,6.986455514778296e-05,0.262
garch,t5,0.0,250,0.01,constant,State-L1-clipped,Shift-CP,3.0191636777879798e-05,6.038638985335999e-06,1.835590436662124e-05,4.2027369189138356e-05,0.41
garch,t5,0.0,250,0.01,constant,State-L1-clipped,Vol-ERM,4.92347867025832e-05,5.058665769644707e-06,3.9319801794079577e-05,5.9149771611086825e-05,0.328
garch,t5,0.0,250,0.01,constant,State2-ERM,Raw,5.7206328922014816e-05,4.11271139938735e-06,4.914541457921561e-05,6.526724326481402e-05,0.16
garch,t5,0.0,250,0.01,constant,State2-ERM,Shift-CP,2.7627541032878998e-05,4.838024576524592e-06,1.8145012862890796e-05,3.71100692028672e-05,0.318
garch,t5,0.0,250,0.01,constant,State2-ERM,Vol-ERM,4.66706909575824e-05,4.024978588163096e-06,3.8781732924782734e-05,5.455964899038207e-05,0.174
garch,t5,0.0,250,0.01,constant,State4-ERM,Raw,0.002239949360452438,0.0002514476594544327,0.00174711194792175,0.0027327867729831264,0.008
garch,t5,0.0,250,0.01,constant,State4-ERM,Shift-CP,0.002210370572563302,0.00025184055545308655,0.0017167630838752523,0.0027039780612513518,0.078
garch,t5,0.0,250,0.01,constant,State4-ERM,Vol-ERM,0.002229413722488005,0.0002514242088818987,0.0017366222730794837,0.0027222051718965266,0.016
garch,t5,0.0,250,0.01,constant,Vol-CP,Raw,2.8460591521439407e-05,2.590180849168841e-06,2.3383837057068478e-05,3.3537345985810335e-05,0.358
garch,t5,0.0,250,0.01,constant,Vol-CP,Shift-CP,-1.1181963676964006e-06,1.7060294976512817e-06,-4.462014183092913e-06,2.2256214477001116e-06,0.322
garch,t5,0.0,250,0.01,constant,Vol-CP,Vol-ERM,1.7924953557007e-05,2.4981474440808557e-06,1.3028584566608523e-05,2.2821322547405476e-05,0.34
garch,t5,0.0,250,0.01,constant,Vol-ERM,Raw,1.0535637964432406e-05,1.1832469129820677e-06,8.216474014987554e-06,1.2854801913877257e-05,0.47
garch,t5,0.0,250,0.01,constant,Vol-ERM,Shift-CP,-1.90431499247034e-05,3.2545663575389658e-06,-2.5422099985479773e-05,-1.2664199863927027e-05,0.582
garch,t5,0.0,250,0.01,constant,Vol-ERM,Vol-ERM,0.0,0.0,0.0,0.0,0.0
garch,t5,0.0,250,0.01,none,POT80-Shift,Raw,1.3533868342252206e-05,9.11656506931135e-07,1.1747021588667182e-05,1.532071509583723e-05,0.0
garch,t5,0.0,250,0.01,none,POT80-Shift,Shift-CP,-2.41934222177836e-05,2.9824002002108116e-06,-3.003892661019679e-05,-1.834791782537041e-05,0.642
garch,t5,0.0,250,0.01,none,POT80-Shift,Vol-ERM,-6.041322846277199e-06,1.0724204079326636e-06,-8.14326684582522e-06,-3.939378846729179e-06,0.604
garch,t5,0.0,250,0.01,none,POT80-Vol,Raw,1.4394137460087404e-05,9.639133030976844e-07,1.2504867386015942e-05,1.6283407534158865e-05,0.0
garch,t5,0.0,250,0.01,none,POT80-Vol,Shift-CP,-2.33331530999484e-05,3.126841464081351e-06,-2.946176236954785e-05,-1.720454383034895e-05,0.634
garch,t5,0.0,250,0.01,none,POT80-Vol,Vol-ERM,-5.181053728441999e-06,1.0440514225227848e-06,-7.227394516586656e-06,-3.134712940297341e-06,0.588
garch,t5,0.0,250,0.01,none,POT90-Shift,Raw,1.3243091885973006e-05,8.81754896142914e-07,1.1514852289532894e-05,1.4971331482413117e-05,0.0
garch,t5,0.0,250,0.01,none,POT90-Shift,Shift-CP,-2.4484198674062802e-05,3.0221434884559888e-06,-3.040759991143654e-05,-1.8560797436689065e-05,0.65
garch,t5,0.0,250,0.01,none,POT90-Shift,Vol-ERM,-6.332099302556401e-06,1.0535544162277235e-06,-8.397065958362738e-06,-4.267132646750063e-06,0.612
garch,t5,0.0,250,0.01,none,POT90-Vol,Raw,1.4137808472870606e-05,9.235770061285184e-07,1.232759754085871e-05,1.5948019404882503e-05,0.0
garch,t5,0.0,250,0.01,none,POT90-Vol,Shift-CP,-2.3589482087165202e-05,3.1609896256864777e-06,-2.97850217535107e-05,-1.7393942420819705e-05,0.654
garch,t5,0.0,250,0.01,none,POT90-Vol,Vol-ERM,-5.437382715658798e-06,1.0148719006713655e-06,-7.426531640974675e-06,-3.448233790342922e-06,0.582
garch,t5,0.0,250,0.01,none,Raw,Raw,0.0,0.0,0.0,0.0,0.0
garch,t5,0.0,250,0.01,none,Raw,Shift-CP,-3.772729056003581e-05,3.491303731303799e-06,-4.4570245873391256e-05,-3.088433524668036e-05,1.0
garch,t5,0.0,250,0.01,none,Raw,Vol-ERM,-1.9575191188529406e-05,1.2909698799047958e-06,-2.2105492153142807e-05,-1.7044890223916005e-05,1.0
garch,t5,0.0,250,0.01,none,Shift-CP,Raw,3.772729056003581e-05,3.491303731303799e-06,3.088433524668036e-05,4.4570245873391256e-05,0.0
garch,t5,0.0,250,0.01,none,Shift-CP,Shift-CP,0.0,0.0,0.0,0.0,0.0
garch,t5,0.0,250,0.01,none,Shift-CP,Vol-ERM,1.81520993715064e-05,3.2766179975990675e-06,1.1729928096212227e-05,2.4574270646800573e-05,0.376
garch,t5,0.0,250,0.01,none,Shift-ERM,Raw,1.8000731143092606e-05,1.189542337720337e-06,1.5669228161160746e-05,2.0332234125024466e-05,0.0
garch,t5,0.0,250,0.01,none,Shift-ERM,Shift-CP,-1.97265594169432e-05,3.049376537506768e-06,-2.5703337430456465e-05,-1.3749781403429934e-05,0.638
garch,t5,0.0,250,0.01,none,Shift-ERM,Vol-ERM,-1.574460045436799e-06,8.034456248791826e-07,-3.1492134701999966e-06,2.9337932639889173e-10,0.656
garch,t5,0.0,250,0.01,none,State-L1,Raw,0.0005829780053003095,0.00016309022626125115,0.00026332116182825724,0.0009026348487723618,0.0
garch,t5,0.0,250,0.01,none,State-L1,Shift-CP,0.0005452507147402739,0.0001632809329715695,0.00022522008611599768,0.00086528134336455,0.392
garch,t5,0.0,250,0.01,none,State-L1,Vol-ERM,0.0005634028141117801,0.00016308110157447567,0.00024376385502580778,0.0008830417731977525,0.338
garch,t5,0.0,250,0.01,none,State-L1-clipped,Raw,6.79189273379156e-05,5.150066571820082e-06,5.782479685714824e-05,7.801305781868296e-05,0.0
garch,t5,0.0,250,0.01,none,State-L1-clipped,Shift-CP,3.0191636777879798e-05,6.038638985335999e-06,1.835590436662124e-05,4.2027369189138356e-05,0.41
garch,t5,0.0,250,0.01,none,State-L1-clipped,Vol-ERM,4.8343736149386194e-05,5.048350070979153e-06,3.844897001026705e-05,5.823850228850534e-05,0.348
garch,t5,0.0,250,0.01,none,State2-ERM,Raw,6.535483159291481e-05,4.11271139938735e-06,5.7293917250115606e-05,7.341574593571401e-05,0.0
garch,t5,0.0,250,0.01,none,State2-ERM,Shift-CP,2.7627541032878998e-05,4.838024576524592e-06,1.8145012862890796e-05,3.71100692028672e-05,0.318
garch,t5,0.0,250,0.01,none,State2-ERM,Vol-ERM,4.57796404043854e-05,3.999817041259943e-06,3.7939999003515915e-05,5.361928180525489e-05,0.172
garch,t5,0.0,250,0.01,none,State4-ERM,Raw,0.0022480978631233377,0.0002514476594544327,0.0017552604505926496,0.0027409352756540255,0.0
garch,t5,0.0,250,0.01,none,State4-ERM,Shift-CP,0.002210370572563302,0.00025184055545308655,0.0017167630838752523,0.0027039780612513518,0.078
garch,t5,0.0,250,0.01,none,State4-ERM,Vol-ERM,0.0022285226719348083,0.00025138038776928483,0.0017358171119070099,0.0027212282319626067,0.024
garch,t5,0.0,250,0.01,none,Vol-CP,Raw,3.569393229618501e-05,2.594939711602399e-06,3.0607850461444304e-05,4.078001413092571e-05,0.0
garch,t5,0.0,250,0.01,none,Vol-CP,Shift-CP,-2.0333582638508003e-06,1.5980150277612416e-06,-5.165467718262834e-06,1.0987511905612332e-06,0.338
garch,t5,0.0,250,0.01,none,Vol-CP,Vol-ERM,1.6118741107655598e-05,2.5206559752008086e-06,1.1178255396262014e-05,2.1059226819049182e-05,0.356
garch,t5,0.0,250,0.01,none,Vol-ERM,Raw,1.9575191188529406e-05,1.2909698799047958e-06,1.7044890223916005e-05,2.2105492153142807e-05,0.0
garch,t5,0.0,250,0.01,none,Vol-ERM,Shift-CP,-1.81520993715064e-05,3.2766179975990675e-06,-2.4574270646800573e-05,-1.1729928096212227e-05,0.624
garch,t5,0.0,250,0.01,none,Vol-ERM,Vol-ERM,0.0,0.0,0.0,0.0,0.0
garch,t5,0.0,250,0.01,state,POT80-Shift,Raw,1.3021508725482605e-05,1.1273710934884435e-06,1.0811861382245256e-05,1.5231156068719955e-05,0.362
garch,t5,0.0,250,0.01,state,POT80-Shift,Shift-CP,-2.30154417305932e-05,3.0476455303514234e-06,-2.898882697008199e-05,-1.704205649110441e-05,0.606
garch,t5,0.0,250,0.01,state,POT80-Shift,Vol-ERM,-4.595369289300799e-06,1.2114474381345896e-06,-6.969806268044595e-06,-2.2209323105570037e-06,0.526
garch,t5,0.0,250,0.01,state,POT80-Vol,Raw,1.2619982739072205e-05,1.1849509722367863e-06,1.0297478833488103e-05,1.4942486644656306e-05,0.416
garch,t5,0.0,250,0.01,state,POT80-Vol,Shift-CP,-2.34169677170036e-05,3.3386564777830607e-06,-2.99607344134584e-05,-1.68732010205488e-05,0.638
garch,t5,0.0,250,0.01,state,POT80-Vol,Vol-ERM,-4.996895275711201e-06,1.1166538544996503e-06,-7.185536830530515e-06,-2.808253720891887e-06,0.57
garch,t5,0.0,250,0.01,state,POT90-Shift,Raw,1.3232761188423006e-05,1.145312692199033e-06,1.09879483117129e-05,1.547757406513311e-05,0.37
garch,t5,0.0,250,0.01,state,POT90-Shift,Shift-CP,-2.28041892676528e-05,3.0519335440048222e-06,-2.878597901390225e-05,-1.682239952140335e-05,0.588
garch,t5,0.0,250,0.01,state,POT90-Shift,Vol-ERM,-4.384116826360401e-06,1.2083956884812407e-06,-6.752572375783632e-06,-2.015661276937169e-06,0.52
garch,t5,0.0,250,0.01,state,POT90-Vol,Raw,1.2255391695306609e-05,1.1394919024553322e-06,1.0021987566494157e-05,1.448879582411906e-05,0.426
garch,t5,0.0,250,0.01,state,POT90-Vol,Shift-CP,-2.37815587607692e-05,3.367331320148085e-06,-3.0381528148259447e-05,-1.718158937327895e-05,0.632
garch,t5,0.0,250,0.01,state,POT90-Vol,Vol-ERM,-5.361486319476798e-06,1.088098180739793e-06,-7.4941587537267915e-06,-3.2288138852268034e-06,0.582
garch,t5,0.0,250,0.01,state,Raw,Raw,0.0,0.0,0.0,0.0,0.0
garch,t5,0.0,250,0.01,state,Raw,Shift-CP,-3.603695045607581e-05,3.635956025244904e-06,-4.316342426555582e-05,-2.8910476646595795e-05,0.748
garch,t5,0.0,250,0.01,state,Raw,Vol-ERM,-1.7616878014783405e-05,1.492660769538286e-06,-2.0542493123078447e-05,-1.4691262906488364e-05,0.638
garch,t5,0.0,250,0.01,state,Shift-CP,Raw,3.603695045607581e-05,3.635956025244904e-06,2.8910476646595795e-05,4.316342426555582e-05,0.252
garch,t5,0.0,250,0.01,state,Shift-CP,Shift-CP,0.0,0.0,0.0,0.0,0.0
garch,t5,0.0,250,0.01,state,Shift-CP,Vol-ERM,1.8420072441292402e-05,3.4414569338903027e-06,1.1674816850867409e-05,2.5165328031717397e-05,0.364
garch,t5,0.0,250,0.01,state,Shift-ERM,Raw,1.7987163321407206e-05,1.479567337589418e-06,1.5087211339731946e-05,2.0887115303082466e-05,0.32
garch,t5,0.0,250,0.01,state,Shift-ERM,Shift-CP,-1.8049787134668602e-05,3.1266290574479764e-06,-2.4177980087266637e-05,-1.1921594182070567e-05,0.624
garch,t5,0.0,250,0.01,state,Shift-ERM,Vol-ERM,3.702853066237993e-07,1.042110758100467e-06,-1.6722517792531158e-06,2.4128223925007146e-06,0.424
garch,t5,0.0,250,0.01,state,State-L1,Raw,0.0005828822007931147,0.00016326603008528934,0.00026288078182594763,0.0009028836197602819,0.194
garch,t5,0.0,250,0.01,state,State-L1,Shift-CP,0.0005468452503370388,0.00016344172672140523,0.00022649946596308454,0.000867191034710993,0.41
garch,t5,0.0,250,0.01,state,State-L1,Vol-ERM,0.0005652653227783312,0.0001632016823281129,0.00024539002541522993,0.0008851406201414325,0.252
garch,t5,0.0,250,0.01,state,State-L1-clipped,Raw,6.73541423964134e-05,5.352337332631252e-06,5.686356122445615e-05,7.784472356837066e-05,0.196
garch,t5,0.0,250,0.01,state,State-L1-clipped,Shift-CP,3.131719194033759e-05,6.251691995921209e-06,1.9063875628332022e-05,4.357050825234316e-05,0.424
garch,t5,0.0,250,0.01,state,State-L1-clipped,Vol-ERM,4.973726438163e-05,5.206159931062374e-06,3.9533190916747745e-05,5.9941337846512255e-05,0.264
garch,t5,0.0,250,0.01,state,State2-ERM,Raw,5.880124168101481e-05,4.11271139938735e-06,5.074032733821561e-05,6.686215602381401e-05,0.118
garch,t5,0.0,250,0.01,state,State2-ERM,Shift-CP,2.2764291224939005e-05,4.965841380581182e-06,1.3031242118999889e-05,3.249734033087812e-05,0.384
garch,t5,0.0,250,0.01,state,State2-ERM,Vol-ERM,4.1184363666231404e-05,3.913154032428465e-06,3.351458176267161e-05,4.8854145569791197e-05,0.24
garch,t5,0.0,250,0.01,state,State4-ERM,Raw,0.0022415442732114377,0.0002514476594544327,0.0017487068606807496,0.0027343816857421255,0.006
garch,t5,0.0,250,0.01,state,State4-ERM,Shift-CP,0.0022055073227553617,0.00025183933651762823,0.0017119022231808104,0.0026991124223299133,0.092
garch,t5,0.0,250,0.01,state,State4-ERM,Vol-ERM,0.0022239273951966537,0.0002512748339052219,0.0017314287207424188,0.0027164260696508884,0.026
garch,t5,0.0,250,0.01,state,Vol-CP,Raw,3.0576550762210605e-05,2.620640983759917e-06,2.5440094434041167e-05,3.571300709038004e-05,0.298
garch,t5,0.0,250,0.01,state,Vol-CP,Shift-CP,-5.460399693865199e-06,1.7276956479199898e-06,-8.846683163788379e-06,-2.074116223942019e-06,0.578
garch,t5,0.0,250,0.01,state,Vol-CP,Vol-ERM,1.2959672747427201e-05,2.5522461882958777e-06,7.957270218367281e-06,1.796207527648712e-05,0.394
garch,t5,0.0,250,0.01,state,Vol-ERM,Raw,1.7616878014783405e-05,1.492660769538286e-06,1.4691262906488364e-05,2.0542493123078447e-05,0.362
garch,t5,0.0,250,0.01,state,Vol-ERM,Shift-CP,-1.8420072441292402e-05,3.4414569338903027e-06,-2.5165328031717397e-05,-1.1674816850867409e-05,0.636
garch,t5,0.0,250,0.01,state,Vol-ERM,Vol-ERM,0.0,0.0,0.0,0.0,0.0
garch,t5,0.0,250,0.05,constant,POT80-Shift,Raw,-3.524672703226606e-05,8.986069300094626e-07,-3.700799661508461e-05,-3.348545744944752e-05,0.956
garch,t5,0.0,250,0.05,constant,POT80-Shift,Shift-CP,-7.169649860822002e-06,9.386625951078527e-07,-9.009428547233393e-06,-5.329871174410611e-06,0.614
garch,t5,0.0,250,0.05,constant,POT80-Shift,Vol-ERM,-4.8277568593700035e-06,8.508478268381348e-07,-6.495418599972748e-06,-3.1600951187672593e-06,0.704
garch,t5,0.0,250,0.05,constant,POT80-Vol,Raw,-3.440393411044906e-05,6.794556236487641e-07,-3.573566713280064e-05,-3.3072201088097485e-05,0.968
garch,t5,0.0,250,0.05,constant,POT80-Vol,Shift-CP,-6.326856939004999e-06,1.1762381057595062e-06,-8.63228362629363e-06,-4.021430251716368e-06,0.47
garch,t5,0.0,250,0.05,constant,POT80-Vol,Vol-ERM,-3.984963937553001e-06,7.420018100271535e-07,-5.439287485206221e-06,-2.53064038989978e-06,0.564
garch,t5,0.0,250,0.05,constant,POT90-Shift,Raw,-3.2508320770752856e-05,1.1029343365571504e-06,-3.467007207040487e-05,-3.034656947110084e-05,0.92
garch,t5,0.0,250,0.05,constant,POT90-Shift,Shift-CP,-4.4312435993088e-06,8.071328802307437e-07,-6.0132240445610575e-06,-2.849263154056542e-06,0.57
garch,t5,0.0,250,0.05,constant,POT90-Shift,Vol-ERM,-2.0893505978568006e-06,8.176995310800073e-07,-3.692041678773615e-06,-4.866595169399864e-07,0.69
garch,t5,0.0,250,0.05,constant,POT90-Vol,Raw,-3.196186923573326e-05,8.467627178888707e-07,-3.3621524162795445e-05,-3.0302214308671072e-05,0.928
garch,t5,0.0,250,0.05,constant,POT90-Vol,Shift-CP,-3.884792064289197e-06,1.0785791338653155e-06,-5.998807166665215e-06,-1.7707769619131788e-06,0.42
garch,t5,0.0,250,0.05,constant,POT90-Vol,Vol-ERM,-1.5428990628371985e-06,6.85046641387385e-07,-2.8855904799564732e-06,-2.0020764571792384e-07,0.508
garch,t5,0.0,250,0.05,constant,Raw,Raw,0.0,0.0,0.0,0.0,0.0
garch,t5,0.0,250,0.05,constant,Raw,Shift-CP,2.807707717144406e-05,1.559020494504047e-06,2.502139700221613e-05,3.113275734067199e-05,0.11
garch,t5,0.0,250,0.05,constant,Raw,Vol-ERM,3.041897017289606e-05,1.028623924840473e-06,2.8402867280208733e-05,3.2435073065583386e-05,0.09
garch,t5,0.0,250,0.05,constant,Shift-CP,Raw,-2.807707717144406e-05,1.559020494504047e-06,-3.113275734067199e-05,-2.502139700221613e-05,0.89
garch,t5,0.0,250,0.05,constant,Shift-CP,Shift-CP,0.0,0.0,0.0,0.0,0.0
garch,t5,0.0,250,0.05,constant,Shift-CP,Vol-ERM,2.341893001451999e-06,1.1123234750497607e-06,1.617389903544683e-07,4.52204701254953e-06,0.644
garch,t5,0.0,250,0.05,constant,Shift-ERM,Raw,-3.101785196942547e-05,1.2393829734303125e-06,-3.344704259734888e-05,-2.8588661341502054e-05,0.92
garch,t5,0.0,250,0.05,constant,Shift-ERM,Shift-CP,-2.9407747979814044e-06,7.470007181691488e-07,-4.404896205592936e-06,-1.4766533903698727e-06,0.54
garch,t5,0.0,250,0.05,constant,Shift-ERM,Vol-ERM,-5.988817965294053e-07,7.074549927218127e-07,-1.985493582264158e-06,7.877299892053476e-07,0.688
garch,t5,0.0,250,0.05,constant,State-L1,Raw,0.00028058387626028237,6.539375848701242e-05,0.00015241210962573803,0.0004087556428948267,0.606
garch,t5,0.0,250,0.05,constant,State-L1,Shift-CP,0.0003086609534317264,6.54225320348779e-05,0.00018043279064336573,0.0004368891162200871,0.278
garch,t5,0.0,250,0.05,constant,State-L1,Vol-ERM,0.0003110028464331784,6.534382949229019e-05,0.0001829289406282896,0.00043907675223806713,0.362
garch,t5,0.0,250,0.05,constant,State-L1-clipped,Raw,1.2317356484634539e-05,4.703640169567729e-06,3.0982217522817896e-06,2.1536491216987288e-05,0.652
garch,t5,0.0,250,0.05,constant,State-L1-clipped,Shift-CP,4.03944336560786e-05,4.698966135208232e-06,3.1184460031070466e-05,4.960440728108674e-05,0.286
garch,t5,0.0,250,0.05,constant,State-L1-clipped,Vol-ERM,4.27363266575306e-05,4.599519423708955e-06,3.372126858706105e-05,5.175138472800015e-05,0.37
garch,t5,0.0,250,0.05,constant,State2-ERM,Raw,-1.853755604980458e-06,2.4329204565276186e-06,-6.62227969977459e-06,2.9147684898136742e-06,0.664
garch,t5,0.0,250,0.05,constant,State2-ERM,Shift-CP,2.6223321566463598e-05,2.4925853238351362e-06,2.133785433174673e-05,3.110878880118046e-05,0.218
garch,t5,0.0,250,0.05,constant,State2-ERM,Vol-ERM,2.85652145679156e-05,2.3032583586924058e-06,2.4050828184878487e-05,3.307960095095272e-05,0.276
garch,t5,0.0,250,0.05,constant,State4-ERM,Raw,0.0009622378635001794,0.00010910287568095207,0.0007483962271655133,0.0011760794998348454,0.168
garch,t5,0.0,250,0.05,constant,State4-ERM,Shift-CP,0.0009903149406716234,0.00010922398313525949,0.0007762359337265148,0.001204393947616732,0.046
garch,t5,0.0,250,0.05,constant,State4-ERM,Vol-ERM,0.0009926568336730754,0.00010911414933980503,0.0007787931009670576,0.0012065205663790934,0.024
garch,t5,0.0,250,0.05,constant,Vol-CP,Raw,-2.7773934618577057e-05,1.1148846111038415e-06,-2.9959108456340587e-05,-2.5588760780813526e-05,0.884
garch,t5,0.0,250,0.05,constant,Vol-CP,Shift-CP,3.0314255286700015e-07,8.613626082825779e-07,-1.3851281593668526e-06,1.991413265100853e-06,0.308
garch,t5,0.0,250,0.05,constant,Vol-CP,Vol-ERM,2.645035554318999e-06,7.483252223606348e-07,1.178318118492155e-06,4.111752990145843e-06,0.386
garch,t5,0.0,250,0.05,constant,Vol-ERM,Raw,-3.041897017289606e-05,1.028623924840473e-06,-3.2435073065583386e-05,-2.8402867280208733e-05,0.91
garch,t5,0.0,250,0.05,constant,Vol-ERM,Shift-CP,-2.341893001451999e-06,1.1123234750497607e-06,-4.52204701254953e-06,-1.617389903544683e-07,0.356
garch,t5,0.0,250,0.05,constant,Vol-ERM,Vol-ERM,0.0,0.0,0.0,0.0,0.0
garch,t5,0.0,250,0.05,none,POT80-Shift,Raw,1.2875091623734061e-05,8.986069300094622e-07,1.1113822040915515e-05,1.4636361206552607e-05,0.0
garch,t5,0.0,250,0.05,none,POT80-Shift,Shift-CP,-7.169649860822002e-06,9.386625951078527e-07,-9.009428547233393e-06,-5.329871174410611e-06,0.614
garch,t5,0.0,250,0.05,none,POT80-Shift,Vol-ERM,-4.604462801100407e-06,8.553618529705346e-07,-6.280972032922655e-06,-2.927953569278159e-06,0.59
garch,t5,0.0,250,0.05,none,POT80-Vol,Raw,1.2519915792575464e-05,7.748561965291043e-07,1.1001197647378419e-05,1.4038633937772509e-05,0.0
garch,t5,0.0,250,0.05,none,POT80-Vol,Shift-CP,-7.5248256919806e-06,1.1479947004399003e-06,-9.774895304842806e-06,-5.274756079118395e-06,0.59
garch,t5,0.0,250,0.05,none,POT80-Vol,Vol-ERM,-4.959638632259003e-06,8.023548852996837e-07,-6.532254207446383e-06,-3.3870230570716226e-06,0.598
garch,t5,0.0,250,0.05,none,POT90-Shift,Raw,1.5613497885247263e-05,1.1029343365571504e-06,1.3451746585595248e-05,1.777524918489928e-05,0.0
garch,t5,0.0,250,0.05,none,POT90-Shift,Shift-CP,-4.4312435993088e-06,8.071328802307437e-07,-6.0132240445610575e-06,-2.849263154056542e-06,0.57
garch,t5,0.0,250,0.05,none,POT90-Shift,Vol-ERM,-1.866056539587203e-06,8.0420542390551e-07,-3.4422991704420028e-06,-2.8981390873240336e-07,0.55
garch,t5,0.0,250,0.05,none,POT90-Vol,Raw,1.5150415659811064e-05,9.275844395122232e-07,1.3332350158367107e-05,1.6968481161255022e-05,0.0
garch,t5,0.0,250,0.05,none,POT90-Vol,Shift-CP,-4.894325824744999e-06,1.0417204621034198e-06,-6.936097930467701e-06,-2.852553719022296e-06,0.556
garch,t5,0.0,250,0.05,none,POT90-Vol,Vol-ERM,-2.329138765023402e-06,6.996872739170427e-07,-3.700525821900806e-06,-9.577517081459983e-07,0.544
garch,t5,0.0,250,0.05,none,Raw,Raw,0.0,0.0,0.0,0.0,0.0
garch,t5,0.0,250,0.05,none,Raw,Shift-CP,-2.0044741484556063e-05,1.559020494504047e-06,-2.3100421653783994e-05,-1.6989061315328133e-05,1.0
garch,t5,0.0,250,0.05,none,Raw,Vol-ERM,-1.747955442483447e-05,1.2141805507062905e-06,-1.9859348304218798e-05,-1.509976054545014e-05,1.0
garch,t5,0.0,250,0.05,none,Shift-CP,Raw,2.0044741484556063e-05,1.559020494504047e-06,1.6989061315328133e-05,2.3100421653783994e-05,0.0
garch,t5,0.0,250,0.05,none,Shift-CP,Shift-CP,0.0,0.0,0.0,0.0,0.0
garch,t5,0.0,250,0.05,none,Shift-CP,Vol-ERM,2.5651870597215965e-06,1.006073930512991e-06,5.932821559161344e-07,4.5370919635270585e-06,0.502
garch,t5,0.0,250,0.05,none,Shift-ERM,Raw,1.7103966686574456e-05,1.239382973430311e-06,1.4674776058651046e-05,1.9533157314497865e-05,0.0
garch,t5,0.0,250,0.05,none,Shift-ERM,Shift-CP,-2.9407747979816043e-06,7.470007181691363e-07,-4.404896205593112e-06,-1.476653390370097e-06,0.54
garch,t5,0.0,250,0.05,none,Shift-ERM,Vol-ERM,-3.755877382600075e-07,6.82976648101159e-07,-1.714221968538279e-06,9.630464920182642e-07,0.592
garch,t5,0.0,250,0.05,none,State-L1,Raw,0.00032870569491628244,6.53937584870124e-05,0.00020053392828173812,0.00045687746155082676,0.0
garch,t5,0.0,250,0.05,none,State-L1,Shift-CP,0.0003086609534317264,6.54225320348779e-05,0.00018043279064336573,0.0004368891162200871,0.278
garch,t5,0.0,250,0.05,none,State-L1,Vol-ERM,0.000311226140491448,6.529161404241423e-05,0.00018325457696831613,0.0004391977040145799,0.306
garch,t5,0.0,250,0.05,none,State-L1-clipped,Raw,6.0439175140634656e-05,4.70364016956773e-06,5.1220040408281905e-05,6.965830987298741e-05,0.0
garch,t5,0.0,250,0.05,none,State-L1-clipped,Shift-CP,4.03944336560786e-05,4.698966135208232e-06,3.1184460031070466e-05,4.960440728108674e-05,0.286
garch,t5,0.0,250,0.05,none,State-L1-clipped,Vol-ERM,4.295962071580019e-05,4.552255447294412e-06,3.403720003910315e-05,5.1882041392497234e-05,0.312
garch,t5,0.0,250,0.05,none,State2-ERM,Raw,4.626806305101966e-05,2.4329204565276186e-06,4.1499538956225525e-05,5.103658714581379e-05,0.0
garch,t5,0.0,250,0.05,none,State2-ERM,Shift-CP,2.6223321566463598e-05,2.4925853238351362e-06,2.133785433174673e-05,3.110878880118046e-05,0.218
garch,t5,0.0,250,0.05,none,State2-ERM,Vol-ERM,2.87885086261852e-05,2.2752862521205617e-06,2.4328947572028897e-05,3.32480696803415e-05,0.206
garch,t5,0.0,250,0.05,none,State4-ERM,Raw,0.0010103596821561794,0.00010910287568095205,0.0007965180458215133,0.0012242013184908453,0.0
garch,t5,0.0,250,0.05,none,State4-ERM,Shift-CP,0.0009903149406716234,0.00010922398313525949,0.0007762359337265148,0.001204393947616732,0.046
garch,t5,0.0,250,0.05,none,State4-ERM,Vol-ERM,0.0009928801277313448,0.00010907046361530282,0.0007791020190453513,0.0012066582364173384,0.028
garch,t5,0.0,250,0.05,none,Vol-CP,Raw,1.9241319121254057e-05,1.2551255698392713e-06,1.6781273004369085e-05,2.170136523813903e-05,0.0
garch,t5,0.0,250,0.05,none,Vol-CP,Shift-CP,-8.034223633020055e-07,6.871359160432979e-07,-2.1502087587468696e-06,5.433640321428584e-07,0.328
garch,t5,0.0,250,0.05,none,Vol-CP,Vol-ERM,1.7617646964195912e-06,6.970760877354709e-07,3.954955644580683e-07,3.128033828381114e-06,0.404
garch,t5,0.0,250,0.05,none,Vol-ERM,Raw,1.747955442483447e-05,1.2141805507062905e-06,1.509976054545014e-05,1.9859348304218798e-05,0.0
garch,t5,0.0,250,0.05,none,Vol-ERM,Shift-CP,-2.5651870597215965e-06,1.006073930512991e-06,-4.5370919635270585e-06,-5.932821559161344e-07,0.498
garch,t5,0.0,250,0.05,none,Vol-ERM,Vol-ERM,0.0,0.0,0.0,0.0,0.0
garch,t5,0.0,250,0.05,state,POT80-Shift,Raw,-7.905738818503784e-07,1.3995317555960435e-06,-3.533656122818624e-06,1.952508359117867e-06,0.7
garch,t5,0.0,250,0.05,state,POT80-Shift,Shift-CP,-7.184262675231197e-06,1.301404919269143e-06,-9.735016316998717e-06,-4.633509033463677e-06,0.562
garch,t5,0.0,250,0.05,state,POT80-Shift,Vol-ERM,4.686320285526806e-06,1.0995246475957023e-06,2.5312519762392297e-06,6.841388594814383e-06,0.29
garch,t5,0.0,250,0.05,state,POT80-Vol,Raw,-1.0846746625622783e-05,1.1369531936064405e-06,-1.3075174885091407e-05,-8.61831836615416e-06,0.796
garch,t5,0.0,250,0.05,state,POT80-Vol,Shift-CP,-1.72404354190036e-05,1.7811848475318767e-06,-2.073155772016608e-05,-1.3749313117841124e-05,0.822
garch,t5,0.0,250,0.05,state,POT80-Vol,Vol-ERM,-5.369852458245599e-06,1.0185688556454775e-06,-7.3662474153107345e-06,-3.373457501180463e-06,0.582
garch,t5,0.0,250,0.05,state,POT90-Shift,Raw,2.7911236210906205e-06,1.7590245796803652e-06,-6.565645550828949e-07,6.238811797264136e-06,0.674
garch,t5,0.0,250,0.05,state,POT90-Shift,Shift-CP,-3.6025651722901976e-06,9.799616545034488e-07,-5.5232900151169575e-06,-1.6818403294634378e-06,0.554
garch,t5,0.0,250,0.05,state,POT90-Shift,Vol-ERM,8.268017788467806e-06,1.1837300873637775e-06,5.947906817234802e-06,1.058812875970081e-05,0.238
garch,t5,0.0,250,0.05,state,POT90-Vol,Raw,-8.328477838619181e-06,1.2796202104166676e-06,-1.083653345103585e-05,-5.820422226202513e-06,0.76
garch,t5,0.0,250,0.05,state,POT90-Vol,Shift-CP,-1.4722166632e-05,1.656894154264086e-06,-1.7969679174357606e-05,-1.1474654089642391e-05,0.788
garch,t5,0.0,250,0.05,state,POT90-Vol,Vol-ERM,-2.8515836712419974e-06,8.516396905045661e-07,-4.520797464630947e-06,-1.182369877853048e-06,0.552
garch,t5,0.0,250,0.05,state,Raw,Raw,0.0,0.0,0.0,0.0,0.0
garch,t5,0.0,250,0.05,state,Raw,Shift-CP,-6.393688793380818e-06,2.149554686634105e-06,-1.0606815979183662e-05,-2.180561607577973e-06,0.354
garch,t5,0.0,250,0.05,state,Raw,Vol-ERM,5.476894167377184e-06,1.616806076810726e-06,2.3079542568281613e-06,8.645834077926207e-06,0.252
garch,t5,0.0,250,0.05,state,Shift-CP,Raw,6.393688793380818e-06,2.149554686634105e-06,2.180561607577973e-06,1.0606815979183662e-05,0.646
garch,t5,0.0,250,0.05,state,Shift-CP,Shift-CP,0.0,0.0,0.0,0.0,0.0
garch,t5,0.0,250,0.05,state,Shift-CP,Vol-ERM,1.1870582960758002e-05,1.4786599782181978e-06,8.972409403450335e-06,1.4768756518065669e-05,0.244
garch,t5,0.0,250,0.05,state,Shift-ERM,Raw,4.128659598879619e-06,1.7852594168851628e-06,6.295511417847002e-07,7.627768055974538e-06,0.65
garch,t5,0.0,250,0.05,state,Shift-ERM,Shift-CP,-2.2650291945011993e-06,8.485180382043653e-07,-3.928124549381756e-06,-6.019338396206432e-07,0.506
garch,t5,0.0,250,0.05,state,Shift-ERM,Vol-ERM,9.605553766256804e-06,1.0020256226453524e-06,7.641583545871913e-06,1.1569523986641695e-05,0.198
garch,t5,0.0,250,0.05,state,State-L1,Raw,0.00027988302186047397,6.894205222982858e-05,0.00014475659949000994,0.000415009444230938,0.498
garch,t5,0.0,250,0.05,state,State-L1,Shift-CP,0.0002734893330670932,6.89012985190279e-05,0.00013844278796979853,0.00040853587816438785,0.466
garch,t5,0.0,250,0.05,state,State-L1,Vol-ERM,0.0002853599160278512,6.872674659185041e-05,0.00015065549270782436,0.00042006433934787797,0.264
garch,t5,0.0,250,0.05,state,State-L1-clipped,Raw,3.2304800063645415e-05,4.982163418750006e-06,2.25397597628954e-05,4.206984036439543e-05,0.52
garch,t5,0.0,250,0.05,state,State-L1-clipped,Shift-CP,2.59111112702646e-05,4.9835442165181556e-06,1.6143364605889017e-05,3.5678857934640187e-05,0.488
garch,t5,0.0,250,0.05,state,State-L1-clipped,Vol-ERM,3.778169423102261e-05,4.696841056859868e-06,2.8575885759577267e-05,4.6987502702467946e-05,0.284
garch,t5,0.0,250,0.05,state,State2-ERM,Raw,7.5557080230196185e-06,2.4329204565276182e-06,2.7871839282254873e-06,1.2324232117813749e-05,0.6
garch,t5,0.0,250,0.05,state,State2-ERM,Shift-CP,1.162019229638801e-06,2.723542528595802e-06,-4.1761241264089706e-06,6.500162585686573e-06,0.634
garch,t5,0.0,250,0.05,state,State2-ERM,Vol-ERM,1.3032602190396803e-05,2.2732460792809368e-06,8.577039875006166e-06,1.748816450578744e-05,0.478
garch,t5,0.0,250,0.05,state,State4-ERM,Raw,0.0009716473271281793,0.00010910287568095203,0.0007578056907935134,0.0011854889634628453,0.132
garch,t5,0.0,250,0.05,state,State4-ERM,Shift-CP,0.0009652536383347985,0.00010917659358571023,0.0007512675149068066,0.0011792397617627905,0.144
garch,t5,0.0,250,0.05,state,State4-ERM,Vol-ERM,0.0009771242212955568,0.00010892702691983974,0.0007636272485326709,0.0011906211940584427,0.074
garch,t5,0.0,250,0.05,state,Vol-CP,Raw,-5.68060516111158e-06,1.585955242098867e-06,-8.78907743562536e-06,-2.572132886597801e-06,0.732
garch,t5,0.0,250,0.05,state,Vol-CP,Shift-CP,-1.2074293954492399e-05,1.3035193698691032e-06,-1.462919191943584e-05,-9.519395989548957e-06,0.86
garch,t5,0.0,250,0.05,state,Vol-CP,Vol-ERM,-2.037109937343966e-07,6.255044850098112e-07,-1.4296997843536266e-06,1.0222777968848333e-06,0.392
garch,t5,0.0,250,0.05,state,Vol-ERM,Raw,-5.476894167377184e-06,1.616806076810726e-06,-8.645834077926207e-06,-2.3079542568281613e-06,0.748
garch,t5,0.0,250,0.05,state,Vol-ERM,Shift-CP,-1.1870582960758002e-05,1.4786599782181978e-06,-1.4768756518065669e-05,-8.972409403450335e-06,0.756
garch,t5,0.0,250,0.05,state,Vol-ERM,Vol-ERM,0.0,0.0,0.0,0.0,0.0
garch,t5,0.0,500,0.01,constant,POT80-Shift,Raw,-1.6039166575991953e-06,4.003784235403263e-07,-2.388658367738235e-06,-8.191749474601558e-07,0.722
garch,t5,0.0,500,0.01,constant,POT80-Shift,Shift-CP,-4.929508501922801e-06,7.406137554933776e-07,-6.381111462689821e-06,-3.477905541155781e-06,0.614
garch,t5,0.0,500,0.01,constant,POT80-Shift,Vol-ERM,-3.911078119216801e-06,5.537041920386298e-07,-4.9963383356125155e-06,-2.8258179028210867e-06,0.668
garch,t5,0.0,500,0.01,constant,POT80-Vol,Raw,-1.5224233214587925e-06,3.6914668356214006e-07,-2.245950821240587e-06,-7.988958216769979e-07,0.736
garch,t5,0.0,500,0.01,constant,POT80-Vol,Shift-CP,-4.848015165782399e-06,7.813279744423247e-07,-6.379417995689356e-06,-3.3166123358754425e-06,0.558
garch,t5,0.0,500,0.01,constant,POT80-Vol,Vol-ERM,-3.829584783076399e-06,5.793116691652661e-07,-4.96503565464032e-06,-2.694133911512478e-06,0.628
garch,t5,0.0,500,0.01,constant,POT90-Shift,Raw,-1.8008825273203945e-06,3.7700532402980867e-07,-2.5398129624188197e-06,-1.0619520922219695e-06,0.734
garch,t5,0.0,500,0.01,constant,POT90-Shift,Shift-CP,-5.126474371644001e-06,7.373602710895943e-07,-6.571700502979606e-06,-3.6812482403083963e-06,0.614
garch,t5,0.0,500,0.01,constant,POT90-Shift,Vol-ERM,-4.108043988938001e-06,5.200657291838408e-07,-5.127372818138329e-06,-3.088715159737673e-06,0.674
garch,t5,0.0,500,0.01,constant,POT90-Vol,Raw,-1.6364478933293945e-06,3.558293388010711e-07,-2.333873397379494e-06,-9.390223892792952e-07,0.724
garch,t5,0.0,500,0.01,constant,POT90-Vol,Shift-CP,-4.962039737653001e-06,7.742829432847353e-07,-6.479634306491082e-06,-3.44444516881492e-06,0.544
garch,t5,0.0,500,0.01,constant,POT90-Vol,Vol-ERM,-3.943609354947001e-06,5.408660985024434e-07,-5.00370690801179e-06,-2.8835118018822123e-06,0.636
garch,t5,0.0,500,0.01,constant,Raw,Raw,0.0,0.0,0.0,0.0,0.0
garch,t5,0.0,500,0.01,constant,Raw,Shift-CP,-3.3255918443236064e-06,8.997249507902914e-07,-5.089052747872578e-06,-1.5621309407746354e-06,0.372
garch,t5,0.0,500,0.01,constant,Raw,Vol-ERM,-2.307161461617607e-06,6.495632056070157e-07,-3.5803053446073575e-06,-1.0340175786278562e-06,0.386
garch,t5,0.0,500,0.01,constant,Shift-CP,Raw,3.3255918443236064e-06,8.997249507902914e-07,1.5621309407746354e-06,5.089052747872578e-06,0.628
garch,t5,0.0,500,0.01,constant,Shift-CP,Shift-CP,0.0,0.0,0.0,0.0,0.0
garch,t5,0.0,500,0.01,constant,Shift-CP,Vol-ERM,1.0184303827059996e-06,6.556626484525571e-07,-2.6666840826101224e-07,2.3035291736730116e-06,0.606
garch,t5,0.0,500,0.01,constant,Shift-ERM,Raw,1.2186703630462061e-06,5.609143883297753e-07,1.1927816191984638e-07,2.318062564172566e-06,0.618
garch,t5,0.0,500,0.01,constant,Shift-ERM,Shift-CP,-2.1069214812774003e-06,7.018208717626607e-07,-3.4824903899322155e-06,-7.313525726225853e-07,0.46
garch,t5,0.0,500,0.01,constant,Shift-ERM,Vol-ERM,-1.0884910985714007e-06,4.059340924469012e-07,-1.884121919767327e-06,-2.9286027737547434e-07,0.578
garch,t5,0.0,500,0.01,constant,State-L1,Raw,0.00019775748691574002,3.4668423108825605e-05,0.00012980737762244185,0.0002657075962090382,0.384
garch,t5,0.0,500,0.01,constant,State-L1,Shift-CP,0.00019443189507141638,3.4698999667770884e-05,0.00012642185572258544,0.0002624419344202473,0.258
garch,t5,0.0,500,0.01,constant,State-L1,Vol-ERM,0.0001954503254541224,3.466699876987282e-05,0.00012750300786517168,0.0002633976430430731,0.33
garch,t5,0.0,500,0.01,constant,State-L1-clipped,Raw,3.356132063837621e-05,4.156247237297766e-06,2.5415076053272586e-05,4.170756522347983e-05,0.386
garch,t5,0.0,500,0.01,constant,State-L1-clipped,Shift-CP,3.0235728794052597e-05,4.173358202571631e-06,2.2055946717012203e-05,3.841551087109299e-05,0.264
garch,t5,0.0,500,0.01,constant,State-L1-clipped,Vol-ERM,3.1254159176758596e-05,4.129955600189995e-06,2.3159446200386206e-05,3.934887215313098e-05,0.34
garch,t5,0.0,500,0.01,constant,State2-ERM,Raw,1.8476669876118802e-05,1.5431391333253488e-06,1.545211717480112e-05,2.1501222577436486e-05,0.318
garch,t5,0.0,500,0.01,constant,State2-ERM,Shift-CP,1.51510780317952e-05,1.5518542732062275e-06,1.2109443656310995e-05,1.8192712407279407e-05,0.208
garch,t5,0.0,500,0.01,constant,State2-ERM,Vol-ERM,1.6169508414501197e-05,1.438870397526655e-06,1.3349322435348953e-05,1.8989694393653442e-05,0.246
garch,t5,0.0,500,0.01,constant,State4-ERM,Raw,0.0005940020573866527,6.501379898596778e-05,0.00046657501137415585,0.0007214291033991495,0.024
garch,t5,0.0,500,0.01,constant,State4-ERM,Shift-CP,0.000590676465542329,6.504558756148633e-05,0.00046318711392181577,0.0007181658171628423,0.04
garch,t5,0.0,500,0.01,constant,State4-ERM,Vol-ERM,0.000591694895925035,6.496737318424641e-05,0.00046435884448391205,0.000719030947366158,0.04
garch,t5,0.0,500,0.01,constant,Vol-CP,Raw,3.239801134032006e-06,7.275419618397207e-07,1.8138188888261534e-06,4.665783379237859e-06,0.604
garch,t5,0.0,500,0.01,constant,Vol-CP,Shift-CP,-8.579071029159982e-08,5.1141131133989e-07,-1.0881568805177843e-06,9.165754599345847e-07,0.36
garch,t5,0.0,500,0.01,constant,Vol-CP,Vol-ERM,9.326396724143997e-07,5.015542790789641e-07,-5.04067145803698e-08,1.915686059409169e-06,0.37
garch,t5,0.0,500,0.01,constant,Vol-ERM,Raw,2.307161461617607e-06,6.495632056070157e-07,1.0340175786278562e-06,3.5803053446073575e-06,0.614
garch,t5,0.0,500,0.01,constant,Vol-ERM,Shift-CP,-1.0184303827059996e-06,6.556626484525571e-07,-2.3035291736730116e-06,2.6666840826101224e-07,0.394
garch,t5,0.0,500,0.01,constant,Vol-ERM,Vol-ERM,0.0,0.0,0.0,0.0,0.0
garch,t5,0.0,500,0.01,none,POT80-Shift,Raw,6.544586013300803e-06,4.0037842354032633e-07,5.759844303161764e-06,7.329327723439843e-06,0.0
garch,t5,0.0,500,0.01,none,POT80-Shift,Shift-CP,-4.929508501922801e-06,7.406137554933776e-07,-6.381111462689821e-06,-3.477905541155781e-06,0.614
garch,t5,0.0,500,0.01,none,POT80-Shift,Vol-ERM,-4.025854399193402e-06,5.79964323763667e-07,-5.1625844737701895e-06,-2.889124324616615e-06,0.624
garch,t5,0.0,500,0.01,none,POT80-Vol,Raw,6.692521090187604e-06,3.9546506515820376e-07,5.917409562477525e-06,7.467632617897683e-06,0.0
garch,t5,0.0,500,0.01,none,POT80-Vol,Shift-CP,-4.781573425036e-06,7.869319569857308e-07,-6.323960060728033e-06,-3.239186789343968e-06,0.596
garch,t5,0.0,500,0.01,none,POT80-Vol,Vol-ERM,-3.877919322306601e-06,6.021855792988845e-07,-5.058203057732414e-06,-2.697635586880787e-06,0.608
garch,t5,0.0,500,0.01,none,POT90-Shift,Raw,6.347620143579603e-06,3.7700532402980856e-07,5.608689708481179e-06,7.086550578678028e-06,0.0
garch,t5,0.0,500,0.01,none,POT90-Shift,Shift-CP,-5.126474371644001e-06,7.373602710895943e-07,-6.571700502979606e-06,-3.6812482403083963e-06,0.614
garch,t5,0.0,500,0.01,none,POT90-Shift,Vol-ERM,-4.222820268914601e-06,5.480554105514406e-07,-5.297008873595424e-06,-3.148631664233777e-06,0.626
garch,t5,0.0,500,0.01,none,POT90-Vol,Raw,6.724744430219004e-06,3.9377654452939176e-07,5.952942402941396e-06,7.4965464574966124e-06,0.0
garch,t5,0.0,500,0.01,none,POT90-Vol,Shift-CP,-4.7493500850046e-06,7.817311232205035e-07,-6.281543086516787e-06,-3.217157083492413e-06,0.59
garch,t5,0.0,500,0.01,none,POT90-Vol,Vol-ERM,-3.845695982275201e-06,5.618332626082981e-07,-4.946889176987466e-06,-2.744502787562937e-06,0.606
garch,t5,0.0,500,0.01,none,Raw,Raw,0.0,0.0,0.0,0.0,0.0
garch,t5,0.0,500,0.01,none,Raw,Shift-CP,-1.1474094515223604e-05,8.997249507902913e-07,-1.3237555418772574e-05,-9.710633611674633e-06,1.0
garch,t5,0.0,500,0.01,none,Raw,Vol-ERM,-1.0570440412494206e-05,6.863818737429297e-07,-1.1915748885030349e-05,-9.225131939958063e-06,1.0
garch,t5,0.0,500,0.01,none,Shift-CP,Raw,1.1474094515223604e-05,8.997249507902913e-07,9.710633611674633e-06,1.3237555418772574e-05,0.0
garch,t5,0.0,500,0.01,none,Shift-CP,Shift-CP,0.0,0.0,0.0,0.0,0.0
garch,t5,0.0,500,0.01,none,Shift-CP,Vol-ERM,9.036541027293995e-07,6.374805285081175e-07,-3.458077331465107e-07,2.15311593860531e-06,0.502
garch,t5,0.0,500,0.01,none,Shift-ERM,Raw,9.367173033946202e-06,5.609143883297753e-07,8.267780832819842e-06,1.0466565235072563e-05,0.0
garch,t5,0.0,500,0.01,none,Shift-ERM,Shift-CP,-2.1069214812774003e-06,7.018208717626607e-07,-3.4824903899322155e-06,-7.313525726225853e-07,0.46
garch,t5,0.0,500,0.01,none,Shift-ERM,Vol-ERM,-1.2032673785480005e-06,4.386749022115367e-07,-2.0630701868826124e-06,-3.4346457021338866e-07,0.544
garch,t5,0.0,500,0.01,none,State-L1,Raw,0.00020590598958664,3.4668423108825605e-05,0.00013795588029334182,0.00027385609887993815,0.0
garch,t5,0.0,500,0.01,none,State-L1,Shift-CP,0.00019443189507141638,3.4698999667770884e-05,0.00012642185572258544,0.0002624419344202473,0.258
garch,t5,0.0,500,0.01,none,State-L1,Vol-ERM,0.00019533554917414581,3.465556929535681e-05,0.00012741063335524648,0.0002632604649930451,0.29
garch,t5,0.0,500,0.01,none,State-L1-clipped,Raw,4.1709823309276206e-05,4.156247237297766e-06,3.3563578724172585e-05,4.985606789437983e-05,0.0
garch,t5,0.0,500,0.01,none,State-L1-clipped,Shift-CP,3.0235728794052597e-05,4.173358202571631e-06,2.2055946717012203e-05,3.841551087109299e-05,0.264
garch,t5,0.0,500,0.01,none,State-L1-clipped,Vol-ERM,3.1139382896782004e-05,4.117864873353863e-06,2.3068367745008432e-05,3.9210398048555575e-05,0.3
garch,t5,0.0,500,0.01,none,State2-ERM,Raw,2.66251725470188e-05,1.5431391333253488e-06,2.3600619845701118e-05,2.9649725248336484e-05,0.0
garch,t5,0.0,500,0.01,none,State2-ERM,Shift-CP,1.51510780317952e-05,1.5518542732062275e-06,1.2109443656310995e-05,1.8192712407279407e-05,0.208
garch,t5,0.0,500,0.01,none,State2-ERM,Vol-ERM,1.60547321345246e-05,1.4248692339665705e-06,1.3261988435950121e-05,1.8847475833099076e-05,0.2
garch,t5,0.0,500,0.01,none,State4-ERM,Raw,0.0006021505600575526,6.501379898596777e-05,0.0004747235140450558,0.0007295776060700494,0.0
garch,t5,0.0,500,0.01,none,State4-ERM,Shift-CP,0.000590676465542329,6.504558756148633e-05,0.00046318711392181577,0.0007181658171628423,0.04
garch,t5,0.0,500,0.01,none,State4-ERM,Vol-ERM,0.0005915801196450584,6.494393341540564e-05,0.00046429001015086335,0.0007188702291392534,0.022
garch,t5,0.0,500,0.01,none,Vol-CP,Raw,1.1230402892764806e-05,7.443701347248106e-07,9.771437428704177e-06,1.2689368356825434e-05,0.0
garch,t5,0.0,500,0.01,none,Vol-CP,Shift-CP,-2.4369162245879967e-07,4.6590012028723027e-07,-1.156855858221771e-06,6.694726133041716e-07,0.374
garch,t5,0.0,500,0.01,none,Vol-CP,Vol-ERM,6.599624802705999e-07,4.7099058925996545e-07,-2.6317907467893236e-07,1.583104035220132e-06,0.33
garch,t5,0.0,500,0.01,none,Vol-ERM,Raw,1.0570440412494206e-05,6.863818737429297e-07,9.225131939958063e-06,1.1915748885030349e-05,0.0
garch,t5,0.0,500,0.01,none,Vol-ERM,Shift-CP,-9.036541027293995e-07,6.374805285081175e-07,-2.15311593860531e-06,3.458077331465107e-07,0.498
garch,t5,0.0,500,0.01,none,Vol-ERM,Vol-ERM,0.0,0.0,0.0,0.0,0.0
garch,t5,0.0,500,0.01,state,POT80-Shift,Raw,4.6717611573648056e-06,5.072921396729145e-07,3.677468563605893e-06,5.666053751123718e-06,0.468
garch,t5,0.0,500,0.01,state,POT80-Shift,Shift-CP,-5.234459569661402e-06,8.076549228086035e-07,-6.817463218366265e-06,-3.6514559209565394e-06,0.614
garch,t5,0.0,500,0.01,state,POT80-Shift,Vol-ERM,-2.6379568758448e-06,6.393629150082931e-07,-3.8911081892610546e-06,-1.3848055624285456e-06,0.472
garch,t5,0.0,500,0.01,state,POT80-Vol,Raw,3.2400171830082057e-06,4.913084505388735e-07,2.2770526199520137e-06,4.202981746064397e-06,0.52
garch,t5,0.0,500,0.01,state,POT80-Vol,Shift-CP,-6.666203544018002e-06,9.00577314507446e-07,-8.431335080452596e-06,-4.901072007583408e-06,0.688
garch,t5,0.0,500,0.01,state,POT80-Vol,Vol-ERM,-4.0697008502013995e-06,6.553501307352383e-07,-5.354187106442466e-06,-2.7852145939603324e-06,0.596
garch,t5,0.0,500,0.01,state,POT90-Shift,Raw,4.680790880394406e-06,4.913829464790974e-07,3.717680305295375e-06,5.643901455493437e-06,0.468
garch,t5,0.0,500,0.01,state,POT90-Shift,Shift-CP,-5.225429846631801e-06,8.051783073644331e-07,-6.80357932906609e-06,-3.647280364197512e-06,0.608
garch,t5,0.0,500,0.01,state,POT90-Shift,Vol-ERM,-2.6289271528151995e-06,6.031083604768617e-07,-3.8110195393498486e-06,-1.4468347662805506e-06,0.45
garch,t5,0.0,500,0.01,state,POT90-Vol,Raw,3.477706670941207e-06,4.968545152547874e-07,2.5038718210418236e-06,4.45154152084059e-06,0.524
garch,t5,0.0,500,0.01,state,POT90-Vol,Shift-CP,-6.428514056085e-06,9.004947367799824e-07,-8.193483740173767e-06,-4.663544371996235e-06,0.682
garch,t5,0.0,500,0.01,state,POT90-Vol,Vol-ERM,-3.832011362268398e-06,6.177985448926064e-07,-5.042896510257907e-06,-2.621126214278889e-06,0.596
garch,t5,0.0,500,0.01,state,Raw,Raw,0.0,0.0,0.0,0.0,0.0
garch,t5,0.0,500,0.01,state,Raw,Shift-CP,-9.906220727026207e-06,1.0113423951526395e-06,-1.188845182152538e-05,-7.923989632527034e-06,0.616
garch,t5,0.0,500,0.01,state,Raw,Vol-ERM,-7.309718033209605e-06,7.853009404012187e-07,-8.848907876395993e-06,-5.770528190023216e-06,0.514
garch,t5,0.0,500,0.01,state,Shift-CP,Raw,9.906220727026207e-06,1.0113423951526395e-06,7.923989632527034e-06,1.188845182152538e-05,0.384
garch,t5,0.0,500,0.01,state,Shift-CP,Shift-CP,0.0,0.0,0.0,0.0,0.0
garch,t5,0.0,500,0.01,state,Shift-CP,Vol-ERM,2.596502693816602e-06,6.979365956888696e-07,1.2285469662664178e-06,3.964458421366786e-06,0.37
garch,t5,0.0,500,0.01,state,Shift-ERM,Raw,7.609660005574205e-06,6.902207197382891e-07,6.256827394887159e-06,8.962492616261253e-06,0.406
garch,t5,0.0,500,0.01,state,Shift-ERM,Shift-CP,-2.296560721452002e-06,7.009903025745561e-07,-3.670501714498132e-06,-9.226197284058722e-07,0.472
garch,t5,0.0,500,0.01,state,Shift-ERM,Vol-ERM,2.999419723645998e-07,4.972229669475458e-07,-6.746150428525898e-07,1.2744989875817893e-06,0.324
garch,t5,0.0,500,0.01,state,State-L1,Raw,0.0001671041554133046,2.962904814428104e-05,0.00010903122105051377,0.00022517708977609543,0.27
garch,t5,0.0,500,0.01,state,State-L1,Shift-CP,0.00015719793468627841,2.964611272730571e-05,9.909155374075922e-05,0.0002153043156317976,0.364
garch,t5,0.0,500,0.01,state,State-L1,Vol-ERM,0.00015979443738009503,2.9605427565671804e-05,0.00010176779935137829,0.00021782107540881178,0.238
garch,t5,0.0,500,0.01,state,State-L1-clipped,Raw,3.633663481762461e-05,3.667365046435532e-06,2.9148599326610966e-05,4.352467030863825e-05,0.274
garch,t5,0.0,500,0.01,state,State-L1-clipped,Shift-CP,2.6430414090598395e-05,3.7023459025886036e-06,1.917381612152473e-05,3.368701205967206e-05,0.37
garch,t5,0.0,500,0.01,state,State-L1-clipped,Vol-ERM,2.9026916784415002e-05,3.6240334777947394e-06,2.192381116793731e-05,3.613002240089269e-05,0.242
garch,t5,0.0,500,0.01,state,State2-ERM,Raw,2.0071582635118806e-05,1.5431391333253486e-06,1.7047029933801123e-05,2.309613533643649e-05,0.25
garch,t5,0.0,500,0.01,state,State2-ERM,Shift-CP,1.0165361908092599e-05,1.5778380483836448e-06,7.072799333260655e-06,1.3257924482924542e-05,0.404
garch,t5,0.0,500,0.01,state,State2-ERM,Vol-ERM,1.27618646019092e-05,1.4057553456888433e-06,1.0006584124359068e-05,1.551714507945933e-05,0.344
garch,t5,0.0,500,0.01,state,State4-ERM,Raw,0.0005955969701456526,6.501379898596777e-05,0.0004681699241331558,0.0007230240161581494,0.02
garch,t5,0.0,500,0.01,state,State4-ERM,Shift-CP,0.0005856907494186264,6.500571704228494e-05,0.0004582795440157479,0.0007131019548215049,0.082
garch,t5,0.0,500,0.01,state,State4-ERM,Vol-ERM,0.000588287252112443,6.488816950630795e-05,0.0004611064398800794,0.0007154680643448065,0.042
garch,t5,0.0,500,0.01,state,Vol-CP,Raw,7.4181507912666065e-06,7.975492280476947e-07,5.854954304293125e-06,8.981347278240088e-06,0.454
garch,t5,0.0,500,0.01,state,Vol-CP,Shift-CP,-2.4880699357596003e-06,5.445134500391731e-07,-3.5553162978363796e-06,-1.420823573682821e-06,0.654
garch,t5,0.0,500,0.01,state,Vol-CP,Vol-ERM,1.0843275805700172e-07,4.322180521282121e-07,-7.38714624114294e-07,9.555801402282974e-07,0.266
garch,t5,0.0,500,0.01,state,Vol-ERM,Raw,7.309718033209605e-06,7.853009404012187e-07,5.770528190023216e-06,8.848907876395993e-06,0.486
garch,t5,0.0,500,0.01,state,Vol-ERM,Shift-CP,-2.596502693816602e-06,6.979365956888696e-07,-3.964458421366786e-06,-1.2285469662664178e-06,0.63
garch,t5,0.0,500,0.01,state,Vol-ERM,Vol-ERM,0.0,0.0,0.0,0.0,0.0
garch,t5,0.0,500,0.05,constant,POT80-Shift,Raw,-4.1335707591962254e-05,4.939000558493824e-07,-4.230375170142704e-05,-4.036766348249747e-05,0.986
garch,t5,0.0,500,0.05,constant,POT80-Shift,Shift-CP,-1.8154295405113926e-06,3.482046451211583e-07,-2.4979106449488627e-06,-1.1329484360739224e-06,0.554
garch,t5,0.0,500,0.05,constant,POT80-Shift,Vol-ERM,-3.385519054776598e-06,4.5573330086496275e-07,-4.278756324471925e-06,-2.492281785081271e-06,0.778
garch,t5,0.0,500,0.05,constant,POT80-Vol,Raw,-3.983004923634545e-05,3.5734656473299567e-07,-4.0530448503222124e-05,-3.912964996946878e-05,0.998
garch,t5,0.0,500,0.05,constant,POT80-Vol,Shift-CP,-3.0977118489459565e-07,4.154555079370088e-07,-1.1240639804511329e-06,5.045216106619417e-07,0.362
garch,t5,0.0,500,0.05,constant,POT80-Vol,Vol-ERM,-1.8798606991598009e-06,3.960235056512031e-07,-2.656066770236159e-06,-1.1036546280834428e-06,0.57
garch,t5,0.0,500,0.05,constant,POT90-Shift,Raw,-4.085619743521346e-05,5.384192705678638e-07,-4.191149920552647e-05,-3.980089566490045e-05,0.988
garch,t5,0.0,500,0.05,constant,POT90-Shift,Shift-CP,-1.3359193837626033e-06,2.815164732065492e-07,-1.8876916712474398e-06,-7.841470962777669e-07,0.554
garch,t5,0.0,500,0.05,constant,POT90-Shift,Vol-ERM,-2.9060088980278086e-06,4.327237455225109e-07,-3.75414743925193e-06,-2.057870356803687e-06,0.804
garch,t5,0.0,500,0.05,constant,POT90-Vol,Raw,-3.914362043490266e-05,4.063786296122211e-07,-3.994012254894261e-05,-3.834711832086271e-05,0.99
garch,t5,0.0,500,0.05,constant,POT90-Vol,Shift-CP,3.7665761654819996e-07,3.6305166572527764e-07,-3.349236482733442e-07,1.0882388813697442e-06,0.306
garch,t5,0.0,500,0.05,constant,POT90-Vol,Vol-ERM,-1.1934318977170054e-06,3.2963948670485896e-07,-1.839525291658529e-06,-5.473385037754819e-07,0.576
garch,t5,0.0,500,0.05,constant,Raw,Raw,0.0,0.0,0.0,0.0,0.0
garch,t5,0.0,500,0.05,constant,Raw,Shift-CP,3.952027805145086e-05,6.104723918229717e-07,3.8323752163477836e-05,4.071680393942389e-05,0.026
garch,t5,0.0,500,0.05,constant,Raw,Vol-ERM,3.7950188537185654e-05,5.124402270814579e-07,3.6945805692105995e-05,3.8954571382265314e-05,0.022
garch,t5,0.0,500,0.05,constant,Shift-CP,Raw,-3.952027805145086e-05,6.104723918229717e-07,-4.071680393942389e-05,-3.8323752163477836e-05,0.974
garch,t5,0.0,500,0.05,constant,Shift-CP,Shift-CP,0.0,0.0,0.0,0.0,0.0
garch,t5,0.0,500,0.05,constant,Shift-CP,Vol-ERM,-1.5700895142652053e-06,4.2490462513426033e-07,-2.4029025795283555e-06,-7.37276449002055e-07,0.778
garch,t5,0.0,500,0.05,constant,Shift-ERM,Raw,-3.999380143365745e-05,5.471852772606229e-07,-4.106628457708827e-05,-3.892131829022663e-05,0.978
garch,t5,0.0,500,0.05,constant,Shift-ERM,Shift-CP,-4.7352338220659796e-07,2.3037463279857952e-07,-9.250576624918138e-07,-2.198910192138208e-08,0.484
garch,t5,0.0,500,0.05,constant,Shift-ERM,Vol-ERM,-2.0436128964718033e-06,3.640292363863237e-07,-2.7571101997889977e-06,-1.3301155931546088e-06,0.774
garch,t5,0.0,500,0.05,constant,State-L1,Raw,3.7665177896033746e-05,1.205506977317037e-05,1.4037241140619823e-05,6.129311465144768e-05,0.76
garch,t5,0.0,500,0.05,constant,State-L1,Shift-CP,7.718545594748462e-05,1.2083694219725298e-05,5.3501415276823035e-05,0.0001008694966181462,0.244
garch,t5,0.0,500,0.05,constant,State-L1,Vol-ERM,7.56153664332194e-05,1.2077328354085178e-05,5.194380285921245e-05,9.928693000722634e-05,0.404
garch,t5,0.0,500,0.05,constant,State-L1-clipped,Raw,-1.839318496918686e-05,2.1659880952167047e-06,-2.26385216358116e-05,-1.4147848302562119e-05,0.82
garch,t5,0.0,500,0.05,constant,State-L1-clipped,Shift-CP,2.1127093082264003e-05,2.13307238001781e-06,1.6946271217429097e-05,2.530791494709891e-05,0.246
garch,t5,0.0,500,0.05,constant,State-L1-clipped,Vol-ERM,1.9557003567998798e-05,2.12300127045756e-06,1.539592107790198e-05,2.3718086058095616e-05,0.41
garch,t5,0.0,500,0.05,constant,State2-ERM,Raw,-2.7879494015600453e-05,1.0812375886460175e-06,-2.9998719689346648e-05,-2.5760268341854258e-05,0.892
garch,t5,0.0,500,0.05,constant,State2-ERM,Shift-CP,1.1640784035850407e-05,9.908906798000227e-07,9.698638303442363e-06,1.358292976825845e-05,0.16
garch,t5,0.0,500,0.05,constant,State2-ERM,Vol-ERM,1.0070694521585201e-05,9.584823468662493e-07,8.192069121727353e-06,1.194931992144305e-05,0.326
garch,t5,0.0,500,0.05,constant,State4-ERM,Raw,0.00023288493301146254,3.750264042941191e-05,0.00015937975776981518,0.0003063901082531099,0.412
garch,t5,0.0,500,0.05,constant,State4-ERM,Shift-CP,0.00027240521106291344,3.751833687272613e-05,0.00019886927079237023,0.0003459411513334566,0.024
garch,t5,0.0,500,0.05,constant,State4-ERM,Vol-ERM,0.0002708351215486482,3.751778297628476e-05,0.00019730026691513005,0.0003443699761821663,0.036
garch,t5,0.0,500,0.05,constant,Vol-CP,Raw,-3.783506315863826e-05,5.114338948298121e-07,-3.883747359250469e-05,-3.6832652724771825e-05,0.976
garch,t5,0.0,500,0.05,constant,Vol-CP,Shift-CP,1.6852148928126025e-06,3.0141311869189964e-07,1.0944451801764794e-06,2.2759846054487257e-06,0.218
garch,t5,0.0,500,0.05,constant,Vol-CP,Vol-ERM,1.151253785473972e-07,2.9228741088144166e-07,-4.577579467802284e-07,6.880087038750228e-07,0.404
garch,t5,0.0,500,0.05,constant,Vol-ERM,Raw,-3.7950188537185654e-05,5.124402270814579e-07,-3.8954571382265314e-05,-3.6945805692105995e-05,0.978
garch,t5,0.0,500,0.05,constant,Vol-ERM,Shift-CP,1.5700895142652053e-06,4.2490462513426033e-07,7.37276449002055e-07,2.4029025795283555e-06,0.222
garch,t5,0.0,500,0.05,constant,Vol-ERM,Vol-ERM,0.0,0.0,0.0,0.0,0.0
garch,t5,0.0,500,0.05,none,POT80-Shift,Raw,6.78611106403787e-06,4.939000558493823e-07,5.81806695457308e-06,7.754155173502659e-06,0.0
garch,t5,0.0,500,0.05,none,POT80-Shift,Shift-CP,-1.8154295405113926e-06,3.482046451211583e-07,-2.4979106449488627e-06,-1.1329484360739224e-06,0.554
garch,t5,0.0,500,0.05,none,POT80-Shift,Vol-ERM,-2.432654896304991e-06,4.6330244770541916e-07,-3.3407276938076125e-06,-1.5245820988023696e-06,0.588
garch,t5,0.0,500,0.05,none,POT80-Vol,Raw,6.535552262808862e-06,4.054483215165621e-07,5.7408735526364e-06,7.330230972981324e-06,0.0
garch,t5,0.0,500,0.05,none,POT80-Vol,Shift-CP,-2.065988341740401e-06,3.8160525700534974e-07,-2.8139346454708864e-06,-1.3180420380099155e-06,0.574
garch,t5,0.0,500,0.05,none,POT80-Vol,Vol-ERM,-2.6832136975339997e-06,4.411477651482519e-07,-3.547863317224573e-06,-1.8185640778434261e-06,0.584
garch,t5,0.0,500,0.05,none,POT90-Shift,Raw,7.265621220786659e-06,5.384192705678636e-07,6.210319450473646e-06,8.320922991099672e-06,0.0
garch,t5,0.0,500,0.05,none,POT90-Shift,Shift-CP,-1.3359193837626033e-06,2.815164732065492e-07,-1.8876916712474398e-06,-7.841470962777669e-07,0.554
garch,t5,0.0,500,0.05,none,POT90-Shift,Vol-ERM,-1.953144739556202e-06,4.27554291613979e-07,-2.7911511511196006e-06,-1.115138327992803e-06,0.592
garch,t5,0.0,500,0.05,none,POT90-Vol,Raw,7.454159943926063e-06,4.5893042855908485e-07,6.554656303950256e-06,8.353663583901869e-06,0.0
garch,t5,0.0,500,0.05,none,POT90-Vol,Shift-CP,-1.1473806606232002e-06,3.4027164380805836e-07,-1.8143130824869946e-06,-4.804482387594059e-07,0.54
garch,t5,0.0,500,0.05,none,POT90-Vol,Vol-ERM,-1.7646060164167987e-06,3.660637477946277e-07,-2.482090962094269e-06,-1.0471210707393286e-06,0.56
garch,t5,0.0,500,0.05,none,Raw,Raw,0.0,0.0,0.0,0.0,0.0
garch,t5,0.0,500,0.05,none,Raw,Shift-CP,-8.601540604549263e-06,6.104723918229716e-07,-9.798066492522287e-06,-7.405014716576239e-06,1.0
garch,t5,0.0,500,0.05,none,Raw,Vol-ERM,-9.218765960342862e-06,6.082877503591336e-07,-1.0411009951046764e-05,-8.02652196963896e-06,1.0
garch,t5,0.0,500,0.05,none,Shift-CP,Raw,8.601540604549263e-06,6.104723918229716e-07,7.405014716576239e-06,9.798066492522287e-06,0.0
garch,t5,0.0,500,0.05,none,Shift-CP,Shift-CP,0.0,0.0,0.0,0.0,0.0
garch,t5,0.0,500,0.05,none,Shift-CP,Vol-ERM,-6.172253557935985e-07,3.849046622226888e-07,-1.3716384937500685e-06,1.371877821628716e-07,0.548
garch,t5,0.0,500,0.05,none,Shift-ERM,Raw,8.128017222342663e-06,5.47185277260623e-07,7.055534078911842e-06,9.200500365773483e-06,0.0
garch,t5,0.0,500,0.05,none,Shift-ERM,Shift-CP,-4.7352338220659796e-07,2.3037463279857952e-07,-9.250576624918138e-07,-2.198910192138208e-08,0.484
garch,t5,0.0,500,0.05,none,Shift-ERM,Vol-ERM,-1.0907487380001965e-06,3.65627223184813e-07,-1.80737809544243e-06,-3.74119380557963e-07,0.544
garch,t5,0.0,500,0.05,none,State-L1,Raw,8.578699655203387e-05,1.205506977317037e-05,6.215905979661994e-05,0.0001094149333074478,0.0
garch,t5,0.0,500,0.05,none,State-L1,Shift-CP,7.718545594748462e-05,1.2083694219725298e-05,5.3501415276823035e-05,0.0001008694966181462,0.244
garch,t5,0.0,500,0.05,none,State-L1,Vol-ERM,7.656823059169101e-05,1.2078323263982599e-05,5.289471699428511e-05,0.00010024174418909691,0.256
garch,t5,0.0,500,0.05,none,State-L1-clipped,Raw,2.9728633686813262e-05,2.1659880952167047e-06,2.548329702018852e-05,3.3973970353438004e-05,0.0
garch,t5,0.0,500,0.05,none,State-L1-clipped,Shift-CP,2.1127093082264003e-05,2.13307238001781e-06,1.6946271217429097e-05,2.530791494709891e-05,0.246
garch,t5,0.0,500,0.05,none,State-L1-clipped,Vol-ERM,2.0509867726470402e-05,2.1253985061620885e-06,1.6344086654392708e-05,2.4675648798548096e-05,0.262
garch,t5,0.0,500,0.05,none,State2-ERM,Raw,2.024232464039967e-05,1.0812375886460175e-06,1.8123098966653475e-05,2.2361550314145864e-05,0.0
garch,t5,0.0,500,0.05,none,State2-ERM,Shift-CP,1.1640784035850407e-05,9.908906798000227e-07,9.698638303442363e-06,1.358292976825845e-05,0.16
garch,t5,0.0,500,0.05,none,State2-ERM,Vol-ERM,1.102355868005681e-05,9.238394289888132e-07,9.212833399238735e-06,1.2834283960874884e-05,0.19
garch,t5,0.0,500,0.05,none,State4-ERM,Raw,0.0002810067516674627,3.750264042941191e-05,0.00020750157642581535,0.00035451192690911,0.0
garch,t5,0.0,500,0.05,none,State4-ERM,Shift-CP,0.00027240521106291344,3.751833687272613e-05,0.00019886927079237023,0.0003459411513334566,0.024
garch,t5,0.0,500,0.05,none,State4-ERM,Vol-ERM,0.00027178798570711983,3.749015461184192e-05,0.00019830728266790967,0.00034526868874632996,0.026
garch,t5,0.0,500,0.05,none,Vol-CP,Raw,8.616042718014066e-06,5.50094629301637e-07,7.5378572445828575e-06,9.694228191445275e-06,0.0
garch,t5,0.0,500,0.05,none,Vol-CP,Shift-CP,1.4502113464802662e-08,2.3957976110884867e-07,-4.550742183085407e-07,4.840784452381461e-07,0.358
garch,t5,0.0,500,0.05,none,Vol-CP,Vol-ERM,-6.027232423287958e-07,2.97608619445441e-07,-1.1860361364418602e-06,-1.9410348215731488e-08,0.392
garch,t5,0.0,500,0.05,none,Vol-ERM,Raw,9.218765960342862e-06,6.082877503591336e-07,8.02652196963896e-06,1.0411009951046764e-05,0.0
garch,t5,0.0,500,0.05,none,Vol-ERM,Shift-CP,6.172253557935985e-07,3.849046622226888e-07,-1.371877821628716e-07,1.3716384937500685e-06,0.452
garch,t5,0.0,500,0.05,none,Vol-ERM,Vol-ERM,0.0,0.0,0.0,0.0,0.0
garch,t5,0.0,500,0.05,state,POT80-Shift,Raw,-9.93013383138519e-06,7.918786566423356e-07,-1.1482215998404167e-05,-8.378051664366212e-06,0.838
garch,t5,0.0,500,0.05,state,POT80-Shift,Shift-CP,-2.3096587145618052e-06,4.73016352516111e-07,-3.236770765493383e-06,-1.3825466636302277e-06,0.598
garch,t5,0.0,500,0.05,state,POT80-Shift,Vol-ERM,6.271925465847592e-06,6.24195309800416e-07,5.048502658638777e-06,7.4953482730564075e-06,0.206
garch,t5,0.0,500,0.05,state,POT80-Vol,Raw,-1.950517831589158e-05,6.515385280076116e-07,-2.07821938307865e-05,-1.822816280099666e-05,0.904
garch,t5,0.0,500,0.05,state,POT80-Vol,Shift-CP,-1.1884703199068196e-05,7.161825939311972e-07,-1.3288421083173342e-05,-1.048098531496305e-05,0.912
garch,t5,0.0,500,0.05,state,POT80-Vol,Vol-ERM,-3.3031190186587997e-06,5.328658300426124e-07,-4.34753604554232e-06,-2.2587019917752793e-06,0.576
garch,t5,0.0,500,0.05,state,POT90-Shift,Raw,-8.959041374501185e-06,9.037401946663576e-07,-1.0730372156047245e-05,-7.187710592955124e-06,0.828
garch,t5,0.0,500,0.05,state,POT90-Shift,Shift-CP,-1.3385662576778003e-06,4.610146900390497e-07,-2.2421550501543376e-06,-4.3497746520126293e-07,0.584
garch,t5,0.0,500,0.05,state,POT90-Shift,Vol-ERM,7.243017922731597e-06,6.087965300610315e-07,6.0497767238119756e-06,8.43625912165122e-06,0.146
garch,t5,0.0,500,0.05,state,POT90-Vol,Raw,-1.794006048684538e-05,7.210630578598983e-07,-1.935334408025078e-05,-1.6526776893439982e-05,0.89
garch,t5,0.0,500,0.05,state,POT90-Vol,Shift-CP,-1.0319585370021995e-05,7.170998234138877e-07,-1.1725101023913216e-05,-8.914069716130775e-06,0.88
garch,t5,0.0,500,0.05,state,POT90-Vol,Vol-ERM,-1.7380011896125972e-06,4.7380919506204746e-07,-2.6666672119342104e-06,-8.093351672909842e-07,0.546
garch,t5,0.0,500,0.05,state,Raw,Raw,0.0,0.0,0.0,0.0,0.0
garch,t5,0.0,500,0.05,state,Raw,Shift-CP,7.620475116823384e-06,9.65484035777845e-07,5.728126406698808e-06,9.51282382694796e-06,0.196
garch,t5,0.0,500,0.05,state,Raw,Vol-ERM,1.6202059297232782e-05,8.408559039018384e-07,1.4553981725585178e-05,1.7850136868880386e-05,0.132
garch,t5,0.0,500,0.05,state,Shift-CP,Raw,-7.620475116823384e-06,9.65484035777845e-07,-9.51282382694796e-06,-5.728126406698808e-06,0.804
garch,t5,0.0,500,0.05,state,Shift-CP,Shift-CP,0.0,0.0,0.0,0.0,0.0
garch,t5,0.0,500,0.05,state,Shift-CP,Vol-ERM,8.581584180409399e-06,6.40772771600353e-07,7.325669548072707e-06,9.83749881274609e-06,0.124
garch,t5,0.0,500,0.05,state,Shift-ERM,Raw,-7.841681983948984e-06,8.822243039525968e-07,-9.570841619696074e-06,-6.112522348201894e-06,0.806
garch,t5,0.0,500,0.05,state,Shift-ERM,Shift-CP,-2.2120686712560032e-07,2.7380007259636824e-07,-7.578550094144821e-07,3.1544127516328147e-07,0.476
garch,t5,0.0,500,0.05,state,Shift-ERM,Vol-ERM,8.360377313283796e-06,5.417203743580473e-07,7.298605379542024e-06,9.42214924702557e-06,0.096
garch,t5,0.0,500,0.05,state,State-L1,Raw,5.518018730230662e-05,1.3757328499362368e-05,2.8215823443556383e-05,8.214455116105686e-05,0.66
garch,t5,0.0,500,0.05,state,State-L1,Shift-CP,6.280066241913e-05,1.381468675822751e-05,3.5723876373004084e-05,8.987744846525592e-05,0.564
garch,t5,0.0,500,0.05,state,State-L1,Vol-ERM,7.13822465995394e-05,1.3791653739143012e-05,4.4350605270819095e-05,9.841388792825971e-05,0.334
garch,t5,0.0,500,0.05,state,State-L1-clipped,Raw,8.457383137858133e-07,2.4758877770158314e-06,-4.007001729165216e-06,5.698478356736843e-06,0.692
garch,t5,0.0,500,0.05,state,State-L1-clipped,Shift-CP,8.466213430609198e-06,2.5379272736301726e-06,3.49187597429406e-06,1.3440550886924336e-05,0.592
garch,t5,0.0,500,0.05,state,State-L1-clipped,Vol-ERM,1.7047797611018592e-05,2.4724487786726364e-06,1.2201798004820224e-05,2.189379721721696e-05,0.344
garch,t5,0.0,500,0.05,state,State2-ERM,Raw,-1.8470030387600372e-05,1.0812375886460175e-06,-2.0589256061346567e-05,-1.6350804713854178e-05,0.846
garch,t5,0.0,500,0.05,state,State2-ERM,Shift-CP,-1.0849555270776993e-05,1.1577139633762276e-06,-1.3118674638994399e-05,-8.580435902559586e-06,0.836
garch,t5,0.0,500,0.05,state,State2-ERM,Vol-ERM,-2.267971090367595e-06,9.580111596189896e-07,-4.145672963220814e-06,-3.902692175143755e-07,0.686
garch,t5,0.0,500,0.05,state,State4-ERM,Raw,0.00024229439663946267,3.750264042941191e-05,0.0001687892213978153,0.00031579957188111003,0.356
garch,t5,0.0,500,0.05,state,State4-ERM,Shift-CP,0.000249914871756286,3.74819643125773e-05,0.0001764502217036345,0.00032337952180893747,0.29
garch,t5,0.0,500,0.05,state,State4-ERM,Vol-ERM,0.0002584964559366954,3.7423072448676904e-05,0.00018514723393728868,0.0003318456779361021,0.178
garch,t5,0.0,500,0.05,state,Vol-CP,Raw,-1.6484723291607986e-05,7.92691133517198e-07,-1.8038397913301693e-05,-1.4931048669914278e-05,0.872
garch,t5,0.0,500,0.05,state,Vol-CP,Shift-CP,-8.864248174784602e-06,5.711898154681594e-07,-9.983780213102195e-06,-7.744716136467009e-06,0.898
garch,t5,0.0,500,0.05,state,Vol-CP,Vol-ERM,-2.826639943752044e-07,3.438176233183608e-07,-9.565465360791916e-07,3.912185473287828e-07,0.322
garch,t5,0.0,500,0.05,state,Vol-ERM,Raw,-1.6202059297232782e-05,8.408559039018384e-07,-1.7850136868880386e-05,-1.4553981725585178e-05,0.868
garch,t5,0.0,500,0.05,state,Vol-ERM,Shift-CP,-8.581584180409399e-06,6.40772771600353e-07,-9.83749881274609e-06,-7.325669548072707e-06,0.876
garch,t5,0.0,500,0.05,state,Vol-ERM,Vol-ERM,0.0,0.0,0.0,0.0,0.0
garch,t5,0.0,1000,0.01,constant,POT80-Shift,Raw,-4.898501076605194e-06,2.1011077241925192e-07,-5.310318190546927e-06,-4.48668396266346e-06,0.876
garch,t5,0.0,1000,0.01,constant,POT80-Shift,Shift-CP,-1.475401021501599e-06,2.495214147700197e-07,-1.9644629944508373e-06,-9.863390485523605e-07,0.608
garch,t5,0.0,1000,0.01,constant,POT80-Shift,Vol-ERM,-2.093181736511999e-06,2.734898289924184e-07,-2.6292218013371394e-06,-1.5571416716868592e-06,0.696
garch,t5,0.0,1000,0.01,constant,POT80-Vol,Raw,-4.624526153847795e-06,1.9746334067053774e-07,-5.011554301562049e-06,-4.237498006133541e-06,0.886
garch,t5,0.0,1000,0.01,constant,POT80-Vol,Shift-CP,-1.2014260987442005e-06,2.491747370517505e-07,-1.6898085833656313e-06,-7.130436141227695e-07,0.512
garch,t5,0.0,1000,0.01,constant,POT80-Vol,Vol-ERM,-1.8192068137546004e-06,2.9084720301383237e-07,-2.3892673316617118e-06,-1.249146295847489e-06,0.6
garch,t5,0.0,1000,0.01,constant,POT90-Shift,Raw,-5.101112803592994e-06,1.9385816680694124e-07,-5.4810748105345996e-06,-4.721150796651389e-06,0.9
garch,t5,0.0,1000,0.01,constant,POT90-Shift,Shift-CP,-1.6780127484893997e-06,2.312545029935204e-07,-2.1312715743567e-06,-1.2247539226220998e-06,0.614
garch,t5,0.0,1000,0.01,constant,POT90-Shift,Vol-ERM,-2.2957934634998e-06,2.455139309582035e-07,-2.7770007681778787e-06,-1.8145861588217212e-06,0.704
garch,t5,0.0,1000,0.01,constant,POT90-Vol,Raw,-4.804599628829795e-06,1.850367060322427e-07,-5.16727157265299e-06,-4.441927685006599e-06,0.898
garch,t5,0.0,1000,0.01,constant,POT90-Vol,Shift-CP,-1.3814995737261995e-06,2.3156386883632554e-07,-1.8353647566453975e-06,-9.276343908070015e-07,0.524
garch,t5,0.0,1000,0.01,constant,POT90-Vol,Vol-ERM,-1.9992802887366e-06,2.671182192159253e-07,-2.5228319983998136e-06,-1.4757285790733862e-06,0.608
garch,t5,0.0,1000,0.01,constant,Raw,Raw,0.0,0.0,0.0,0.0,0.0
garch,t5,0.0,1000,0.01,constant,Raw,Shift-CP,3.4231000551035944e-06,3.041424462224084e-07,2.826980860507674e-06,4.019219249699515e-06,0.176
garch,t5,0.0,1000,0.01,constant,Raw,Vol-ERM,2.8053193400931947e-06,3.279828411984322e-07,2.1624729713442676e-06,3.448165708842122e-06,0.196
garch,t5,0.0,1000,0.01,constant,Shift-CP,Raw,-3.4231000551035944e-06,3.041424462224084e-07,-4.019219249699515e-06,-2.826980860507674e-06,0.824
garch,t5,0.0,1000,0.01,constant,Shift-CP,Shift-CP,0.0,0.0,0.0,0.0,0.0
garch,t5,0.0,1000,0.01,constant,Shift-CP,Vol-ERM,-6.177807150104e-07,2.0778956149847747e-07,-1.025048255547416e-06,-2.1051317447338424e-07,0.684
garch,t5,0.0,1000,0.01,constant,Shift-ERM,Raw,-3.725681891386194e-06,2.6268452623134654e-07,-4.240543562799633e-06,-3.2108202199727547e-06,0.816
garch,t5,0.0,1000,0.01,constant,Shift-ERM,Shift-CP,-3.025818362825991e-07,1.7682593762886276e-07,-6.491606740351701e-07,4.399700146997194e-08,0.486
garch,t5,0.0,1000,0.01,constant,Shift-ERM,Vol-ERM,-9.203625512929991e-07,1.8947702961105396e-07,-1.2917375293306649e-06,-5.489875732553333e-07,0.678
garch,t5,0.0,1000,0.01,constant,State-L1,Raw,3.638887047423461e-05,8.479916505427387e-06,1.976823412359693e-05,5.3009506824872286e-05,0.488
garch,t5,0.0,1000,0.01,constant,State-L1,Shift-CP,3.98119705293382e-05,8.484130577429475e-06,2.318307459757643e-05,5.6440866461099966e-05,0.26
garch,t5,0.0,1000,0.01,constant,State-L1,Vol-ERM,3.9194189814327794e-05,8.482381745832229e-06,2.2568721592496626e-05,5.581965803615896e-05,0.356
garch,t5,0.0,1000,0.01,constant,State-L1-clipped,Raw,9.070710403725805e-06,1.264020232043453e-06,6.593230748920637e-06,1.1548190058530973e-05,0.494
garch,t5,0.0,1000,0.01,constant,State-L1-clipped,Shift-CP,1.24938104588294e-05,1.2462958080763446e-06,1.0051070674999765e-05,1.4936550242659036e-05,0.26
garch,t5,0.0,1000,0.01,constant,State-L1-clipped,Vol-ERM,1.1876029743819e-05,1.2419510592142658e-06,9.44180566775904e-06,1.431025381987896e-05,0.358
garch,t5,0.0,1000,0.01,constant,State2-ERM,Raw,4.160794371292405e-06,5.866662110892309e-07,3.0109285975575126e-06,5.310660145027298e-06,0.516
garch,t5,0.0,1000,0.01,constant,State2-ERM,Shift-CP,7.583894426396e-06,5.185736920150167e-07,6.567489990046567e-06,8.600298862745433e-06,0.168
garch,t5,0.0,1000,0.01,constant,State2-ERM,Vol-ERM,6.966113711385601e-06,5.076001174050342e-07,5.971217481271734e-06,7.961009941499467e-06,0.216
garch,t5,0.0,1000,0.01,constant,State4-ERM,Raw,0.0001395270936031558,1.6727070011221126e-05,0.00010674203638116238,0.0001723121508251492,0.106
garch,t5,0.0,1000,0.01,constant,State4-ERM,Shift-CP,0.00014295019365825938,1.6721994359729648e-05,0.00011017508471318927,0.0001757253026033295,0.036
garch,t5,0.0,1000,0.01,constant,State4-ERM,Vol-ERM,0.000142332412943249,1.670894599896422e-05,0.00010958287878527912,0.00017508194710121885,0.03
garch,t5,0.0,1000,0.01,constant,Vol-CP,Raw,-2.873278710916796e-06,3.2406948388612616e-07,-3.5084548993336034e-06,-2.2381025224999886e-06,0.804
garch,t5,0.0,1000,0.01,constant,Vol-CP,Shift-CP,5.498213441867987e-07,1.388243971863919e-07,2.777255257014705e-07,8.219171626721268e-07,0.308
garch,t5,0.0,1000,0.01,constant,Vol-CP,Vol-ERM,-6.795937082360135e-08,2.1098153614099024e-07,-4.814831816599423e-07,3.455644400127395e-07,0.41
garch,t5,0.0,1000,0.01,constant,Vol-ERM,Raw,-2.8053193400931947e-06,3.279828411984322e-07,-3.448165708842122e-06,-2.1624729713442676e-06,0.804
garch,t5,0.0,1000,0.01,constant,Vol-ERM,Shift-CP,6.177807150104e-07,2.0778956149847747e-07,2.1051317447338424e-07,1.025048255547416e-06,0.316
garch,t5,0.0,1000,0.01,constant,Vol-ERM,Vol-ERM,0.0,0.0,0.0,0.0,0.0
garch,t5,0.0,1000,0.01,none,POT80-Shift,Raw,3.250001594294805e-06,2.1011077241925194e-07,2.838184480353071e-06,3.661818708236539e-06,0.0
garch,t5,0.0,1000,0.01,none,POT80-Shift,Shift-CP,-1.475401021501599e-06,2.495214147700197e-07,-1.9644629944508373e-06,-9.863390485523605e-07,0.608
garch,t5,0.0,1000,0.01,none,POT80-Shift,Vol-ERM,-2.3035153576980002e-06,2.9441986389601675e-07,-2.8805782909341933e-06,-1.7264524244618073e-06,0.634
garch,t5,0.0,1000,0.01,none,POT80-Vol,Raw,3.3352695783178055e-06,2.1570064154446616e-07,2.912496320890652e-06,3.758042835744959e-06,0.0
garch,t5,0.0,1000,0.01,none,POT80-Vol,Shift-CP,-1.390133037478598e-06,2.536291990544342e-07,-1.8872462676252892e-06,-8.930198073319071e-07,0.596
garch,t5,0.0,1000,0.01,none,POT80-Vol,Vol-ERM,-2.2182473736749993e-06,3.042076848205269e-07,-2.814494435923232e-06,-1.6220003114267664e-06,0.622
garch,t5,0.0,1000,0.01,none,POT90-Shift,Raw,3.047389867307004e-06,1.938581668069413e-07,2.6674278603653993e-06,3.427351874248609e-06,0.0
garch,t5,0.0,1000,0.01,none,POT90-Shift,Shift-CP,-1.6780127484893997e-06,2.312545029935204e-07,-2.1312715743567e-06,-1.2247539226220998e-06,0.614
garch,t5,0.0,1000,0.01,none,POT90-Shift,Vol-ERM,-2.5061270846858007e-06,2.6878257892273777e-07,-3.0329409393743667e-06,-1.9793132299972346e-06,0.656
garch,t5,0.0,1000,0.01,none,POT90-Vol,Raw,3.2532035321392032e-06,2.0758123145072362e-07,2.846344318495785e-06,3.6600627457826214e-06,0.0
garch,t5,0.0,1000,0.01,none,POT90-Vol,Shift-CP,-1.4721990836572006e-06,2.3881648420249537e-07,-1.9402793926940915e-06,-1.0041187746203097e-06,0.594
garch,t5,0.0,1000,0.01,none,POT90-Vol,Vol-ERM,-2.3003134198536016e-06,2.8310098014789793e-07,-2.8551913409434818e-06,-1.7454354987637216e-06,0.624
garch,t5,0.0,1000,0.01,none,Raw,Raw,0.0,0.0,0.0,0.0,0.0
garch,t5,0.0,1000,0.01,none,Raw,Shift-CP,-4.725402615796404e-06,3.0414244622240835e-07,-5.3215218103923236e-06,-4.129283421200484e-06,1.0
garch,t5,0.0,1000,0.01,none,Raw,Vol-ERM,-5.553516951992804e-06,3.529356125582829e-07,-6.245270752607039e-06,-4.86176315137857e-06,1.0
garch,t5,0.0,1000,0.01,none,Shift-CP,Raw,4.725402615796404e-06,3.0414244622240835e-07,4.129283421200484e-06,5.3215218103923236e-06,0.0
garch,t5,0.0,1000,0.01,none,Shift-CP,Shift-CP,0.0,0.0,0.0,0.0,0.0
garch,t5,0.0,1000,0.01,none,Shift-CP,Vol-ERM,-8.281143361964011e-07,2.2520728297114858e-07,-1.2695206108198524e-06,-3.867080615729499e-07,0.606
garch,t5,0.0,1000,0.01,none,Shift-ERM,Raw,4.4228207795138054e-06,2.626845262313465e-07,3.907959108100367e-06,4.937682450927244e-06,0.0
garch,t5,0.0,1000,0.01,none,Shift-ERM,Shift-CP,-3.025818362825991e-07,1.7682593762886276e-07,-6.491606740351701e-07,4.399700146997194e-08,0.486
garch,t5,0.0,1000,0.01,none,Shift-ERM,Vol-ERM,-1.130696172479e-06,2.0488724130469567e-07,-1.5322751654362035e-06,-7.291171795217965e-07,0.62
garch,t5,0.0,1000,0.01,none,State-L1,Raw,4.453737314513461e-05,8.479916505427386e-06,2.7916736794496933e-05,6.115800949577228e-05,0.0
garch,t5,0.0,1000,0.01,none,State-L1,Shift-CP,3.98119705293382e-05,8.484130577429475e-06,2.318307459757643e-05,5.6440866461099966e-05,0.26
garch,t5,0.0,1000,0.01,none,State-L1,Vol-ERM,3.89838561931418e-05,8.479392144972808e-06,2.2364247588995094e-05,5.5603464797288503e-05,0.32
garch,t5,0.0,1000,0.01,none,State-L1-clipped,Raw,1.7219213074625803e-05,1.264020232043453e-06,1.4741733419820635e-05,1.969669272943097e-05,0.0
garch,t5,0.0,1000,0.01,none,State-L1-clipped,Shift-CP,1.24938104588294e-05,1.2462958080763446e-06,1.0051070674999765e-05,1.4936550242659036e-05,0.26
garch,t5,0.0,1000,0.01,none,State-L1-clipped,Vol-ERM,1.1665696122633001e-05,1.239673904133911e-06,9.235935270530536e-06,1.4095456974735467e-05,0.322
garch,t5,0.0,1000,0.01,none,State2-ERM,Raw,1.2309297042192406e-05,5.866662110892309e-07,1.1159431268457514e-05,1.3459162815927298e-05,0.0
garch,t5,0.0,1000,0.01,none,State2-ERM,Shift-CP,7.583894426396e-06,5.185736920150167e-07,6.567489990046567e-06,8.600298862745433e-06,0.168
garch,t5,0.0,1000,0.01,none,State2-ERM,Vol-ERM,6.755780090199599e-06,4.997925142560911e-07,5.7761867622576605e-06,7.735373418141538e-06,0.2
garch,t5,0.0,1000,0.01,none,State4-ERM,Raw,0.0001476755962740558,1.6727070011221126e-05,0.00011489053905206238,0.0001804606534960492,0.0
garch,t5,0.0,1000,0.01,none,State4-ERM,Shift-CP,0.00014295019365825938,1.6721994359729648e-05,0.00011017508471318927,0.0001757253026033295,0.036
garch,t5,0.0,1000,0.01,none,State4-ERM,Vol-ERM,0.000142122079322063,1.6702643482852655e-05,0.0001093848980956718,0.0001748592605484542,0.042
garch,t5,0.0,1000,0.01,none,Vol-CP,Raw,5.137623534738406e-06,3.331026025191205e-07,4.4847424338009295e-06,5.790504635675882e-06,0.0
garch,t5,0.0,1000,0.01,none,Vol-CP,Shift-CP,4.122209189420014e-07,1.173744808465852e-07,1.8216693648269443e-07,6.422749014013084e-07,0.344
garch,t5,0.0,1000,0.01,none,Vol-CP,Vol-ERM,-4.1589341725439963e-07,2.0340195104142988e-07,-8.145612412956021e-07,-1.7225593213197085e-08,0.412
garch,t5,0.0,1000,0.01,none,Vol-ERM,Raw,5.553516951992804e-06,3.529356125582829e-07,4.86176315137857e-06,6.245270752607039e-06,0.0
garch,t5,0.0,1000,0.01,none,Vol-ERM,Shift-CP,8.281143361964011e-07,2.2520728297114858e-07,3.867080615729499e-07,1.2695206108198524e-06,0.394
garch,t5,0.0,1000,0.01,none,Vol-ERM,Vol-ERM,0.0,0.0,0.0,0.0,0.0
garch,t5,0.0,1000,0.01,state,POT80-Shift,Raw,5.725034721646044e-07,2.6574209923638015e-07,5.164895766129926e-08,1.0933579866679095e-06,0.654
garch,t5,0.0,1000,0.01,state,POT80-Shift,Shift-CP,-1.5674506949182018e-06,2.633991587830402e-07,-2.0837130461329606e-06,-1.051188343703443e-06,0.572
garch,t5,0.0,1000,0.01,state,POT80-Shift,Vol-ERM,-9.227470573368016e-07,3.3753241715639856e-07,-1.5843105949633428e-06,-2.611835197102604e-07,0.412
garch,t5,0.0,1000,0.01,state,POT80-Vol,Raw,-8.494952960361936e-07,2.817362820471904e-07,-1.4016984088486868e-06,-2.9729218322370036e-07,0.746
garch,t5,0.0,1000,0.01,state,POT80-Vol,Shift-CP,-2.9894494631189993e-06,2.9244757508797236e-07,-3.562646710291425e-06,-2.4162522159465738e-06,0.76
garch,t5,0.0,1000,0.01,state,POT80-Vol,Vol-ERM,-2.3447458255375994e-06,3.4821595330756377e-07,-3.0272490940204245e-06,-1.6622425570547743e-06,0.6
garch,t5,0.0,1000,0.01,state,POT90-Shift,Raw,4.5081201468680555e-07,2.595226937109698e-07,-5.7852464986695336e-08,9.594764943603064e-07,0.668
garch,t5,0.0,1000,0.01,state,POT90-Shift,Shift-CP,-1.6891421523960003e-06,2.484210118050628e-07,-2.1760473355339233e-06,-1.2022369692580772e-06,0.602
garch,t5,0.0,1000,0.01,state,POT90-Shift,Vol-ERM,-1.0444385148146001e-06,3.179123060650289e-07,-1.6675466347020568e-06,-4.2133039492714345e-07,0.404
garch,t5,0.0,1000,0.01,state,POT90-Vol,Raw,-6.763396268691943e-07,2.943968340235867e-07,-1.2533574215554242e-06,-9.932183218296446e-08,0.744
garch,t5,0.0,1000,0.01,state,POT90-Vol,Shift-CP,-2.816293793952e-06,2.849653590073306e-07,-3.374825897606368e-06,-2.257761690297632e-06,0.764
garch,t5,0.0,1000,0.01,state,POT90-Vol,Vol-ERM,-2.1715901563706e-06,3.32178172968038e-07,-2.8226593753879544e-06,-1.5205209373532457e-06,0.608
garch,t5,0.0,1000,0.01,state,Raw,Raw,0.0,0.0,0.0,0.0,0.0
garch,t5,0.0,1000,0.01,state,Raw,Shift-CP,-2.139954167082806e-06,3.5030896328475354e-07,-2.8265597351209228e-06,-1.4533485990446892e-06,0.426
garch,t5,0.0,1000,0.01,state,Raw,Vol-ERM,-1.495250529501406e-06,4.28260122206192e-07,-2.334640369025542e-06,-6.558606899772696e-07,0.364
garch,t5,0.0,1000,0.01,state,Shift-CP,Raw,2.139954167082806e-06,3.5030896328475354e-07,1.4533485990446892e-06,2.8265597351209228e-06,0.574
garch,t5,0.0,1000,0.01,state,Shift-CP,Shift-CP,0.0,0.0,0.0,0.0,0.0
garch,t5,0.0,1000,0.01,state,Shift-CP,Vol-ERM,6.447036375814e-07,2.553363457147336e-07,1.442443999805222e-07,1.1451628751822779e-06,0.318
garch,t5,0.0,1000,0.01,state,Shift-ERM,Raw,1.8863455421434055e-06,3.3006269644652704e-07,1.2394226571082126e-06,2.5332684271785985e-06,0.578
garch,t5,0.0,1000,0.01,state,Shift-ERM,Shift-CP,-2.5360862493940056e-07,1.7244105962246408e-07,-5.915931017994302e-07,8.437585192062905e-08,0.48
garch,t5,0.0,1000,0.01,state,Shift-ERM,Vol-ERM,3.910950126419995e-07,2.3979627893914954e-07,-7.890569407873363e-08,8.610957193627326e-07,0.28
garch,t5,0.0,1000,0.01,state,State-L1,Raw,2.953283234143061e-05,7.32323539924659e-06,1.5179290958907294e-05,4.3886373723953924e-05,0.388
garch,t5,0.0,1000,0.01,state,State-L1,Shift-CP,2.73928781743478e-05,7.309501969852182e-06,1.3066254313437523e-05,4.1719502035258077e-05,0.374
garch,t5,0.0,1000,0.01,state,State-L1,Vol-ERM,2.8037581811929204e-05,7.309646539923692e-06,1.3710674593678769e-05,4.2364489030179635e-05,0.264
garch,t5,0.0,1000,0.01,state,State-L1-clipped,Raw,1.1359161676405007e-05,1.2348282913012105e-06,8.938898225454636e-06,1.3779425127355379e-05,0.394
garch,t5,0.0,1000,0.01,state,State-L1-clipped,Shift-CP,9.2192075093222e-06,1.1879586331811724e-06,6.890808588287101e-06,1.1547606430357297e-05,0.378
garch,t5,0.0,1000,0.01,state,State-L1-clipped,Vol-ERM,9.8639111469036e-06,1.1884834088078986e-06,7.534483665640119e-06,1.219333862816708e-05,0.264
garch,t5,0.0,1000,0.01,state,State2-ERM,Raw,5.755707130292406e-06,5.866662110892309e-07,4.605841356557513e-06,6.9055729040272986e-06,0.436
garch,t5,0.0,1000,0.01,state,State2-ERM,Shift-CP,3.6157529632095995e-06,5.19258621315647e-07,2.5980060654309312e-06,4.633499860988268e-06,0.464
garch,t5,0.0,1000,0.01,state,State2-ERM,Vol-ERM,4.260456600790999e-06,4.934890083028747e-07,3.293218144517365e-06,5.227695057064634e-06,0.4
garch,t5,0.0,1000,0.01,state,State4-ERM,Raw,0.0001411220063621558,1.6727070011221126e-05,0.00010833694914016238,0.0001739070635841492,0.08
garch,t5,0.0,1000,0.01,state,State4-ERM,Shift-CP,0.000138982052195073,1.6711341524792228e-05,0.00010622782280648023,0.00017173628158366578,0.096
garch,t5,0.0,1000,0.01,state,State4-ERM,Vol-ERM,0.00013962675583265442,1.6683229187931897e-05,0.0001069276266243079,0.00017232588504100094,0.07
garch,t5,0.0,1000,0.01,state,Vol-CP,Raw,9.556500049618058e-07,3.805733785531734e-07,2.0972618299758605e-07,1.7015738269260256e-06,0.652
garch,t5,0.0,1000,0.01,state,Vol-CP,Shift-CP,-1.1843041621210002e-06,1.6562395603672322e-07,-1.5089271159529778e-06,-8.596812082890227e-07,0.764
garch,t5,0.0,1000,0.01,state,Vol-CP,Vol-ERM,-5.396005245396001e-07,2.1674574658927953e-07,-9.64422187854588e-07,-1.1477886122461225e-07,0.326
garch,t5,0.0,1000,0.01,state,Vol-ERM,Raw,1.495250529501406e-06,4.28260122206192e-07,6.558606899772696e-07,2.334640369025542e-06,0.636
garch,t5,0.0,1000,0.01,state,Vol-ERM,Shift-CP,-6.447036375814e-07,2.553363457147336e-07,-1.1451628751822779e-06,-1.442443999805222e-07,0.682
garch,t5,0.0,1000,0.01,state,Vol-ERM,Vol-ERM,0.0,0.0,0.0,0.0,0.0
garch,t5,0.0,1000,0.05,constant,POT80-Shift,Raw,-4.491040290135206e-05,1.9794766639286902e-07,-4.5298380327482086e-05,-4.4522425475222035e-05,1.0
garch,t5,0.0,1000,0.05,constant,POT80-Shift,Shift-CP,-4.242788422378035e-07,1.4677158200458153e-07,-7.119511429667833e-07,-1.366065415088237e-07,0.53
garch,t5,0.0,1000,0.05,constant,POT80-Shift,Vol-ERM,-2.7561745470874003e-06,1.8606074856535338e-07,-3.120853614275493e-06,-2.3914954798993077e-06,0.86
garch,t5,0.0,1000,0.05,constant,POT80-Vol,Raw,-4.273243642093126e-05,1.6652654253059012e-07,-4.3058828444291215e-05,-4.24060443975713e-05,1.0
garch,t5,0.0,1000,0.05,constant,POT80-Vol,Shift-CP,1.7536876381829958e-06,1.6595271549375242e-07,1.4284203158152411e-06,2.0789549605507506e-06,0.226
garch,t5,0.0,1000,0.05,constant,POT80-Vol,Vol-ERM,-5.782080666666008e-07,1.9279888368421112e-07,-9.560938786876547e-07,-2.00322254645547e-07,0.508
garch,t5,0.0,1000,0.05,constant,POT90-Shift,Raw,-4.495881691288086e-05,1.9896214824085447e-07,-4.534878272343294e-05,-4.456885110232878e-05,1.0
garch,t5,0.0,1000,0.05,constant,POT90-Shift,Shift-CP,-4.7269285376660236e-07,1.2228783193163776e-07,-7.123770043526124e-07,-2.3300870318059235e-07,0.554
garch,t5,0.0,1000,0.05,constant,POT90-Shift,Vol-ERM,-2.804588558616199e-06,1.545969828296238e-07,-3.107598644962262e-06,-2.5015784722701363e-06,0.9
garch,t5,0.0,1000,0.05,constant,POT90-Vol,Raw,-4.281747775966186e-05,1.7493608231674657e-07,-4.3160352481002685e-05,-4.247460303832104e-05,1.0
garch,t5,0.0,1000,0.05,constant,POT90-Vol,Shift-CP,1.668646299452395e-06,1.3921619603811147e-07,1.3957825552176965e-06,1.9415100436870933e-06,0.19
garch,t5,0.0,1000,0.05,constant,POT90-Vol,Vol-ERM,-6.632494053972018e-07,1.5947772575089426e-07,-9.758257478689545e-07,-3.506730629254491e-07,0.558
garch,t5,0.0,1000,0.05,constant,Raw,Raw,0.0,0.0,0.0,0.0,0.0
garch,t5,0.0,1000,0.05,constant,Raw,Shift-CP,4.448612405911426e-05,2.2326589819708173e-07,4.404852289864798e-05,4.492372521958054e-05,0.0
garch,t5,0.0,1000,0.05,constant,Raw,Vol-ERM,4.215422835426466e-05,2.197532170405648e-07,4.1723512048865155e-05,4.2584944659664163e-05,0.0
garch,t5,0.0,1000,0.05,constant,Shift-CP,Raw,-4.448612405911426e-05,2.2326589819708173e-07,-4.492372521958054e-05,-4.404852289864798e-05,1.0
garch,t5,0.0,1000,0.05,constant,Shift-CP,Shift-CP,0.0,0.0,0.0,0.0,0.0
garch,t5,0.0,1000,0.05,constant,Shift-CP,Vol-ERM,-2.3318957048495966e-06,1.4655042550696966e-07,-2.619134538843257e-06,-2.0446568708559362e-06,0.87
garch,t5,0.0,1000,0.05,constant,Shift-ERM,Raw,-4.4509463179158266e-05,2.1953774035997664e-07,-4.493975715026382e-05,-4.407916920805271e-05,1.0
garch,t5,0.0,1000,0.05,constant,Shift-ERM,Shift-CP,-2.3339120044005377e-08,7.900337891237847e-08,-1.781857427122672e-07,1.3150750262425644e-07,0.472
garch,t5,0.0,1000,0.05,constant,Shift-ERM,Vol-ERM,-2.355234824893602e-06,1.3494465104441298e-07,-2.6197263409406516e-06,-2.0907433088465524e-06,0.882
garch,t5,0.0,1000,0.05,constant,State-L1,Raw,-2.1269123693489458e-05,4.307880862927447e-06,-2.9712570184827253e-05,-1.2825677202151662e-05,0.884
garch,t5,0.0,1000,0.05,constant,State-L1,Shift-CP,2.3217000365624795e-05,4.30904721435754e-06,1.4771267825484016e-05,3.166273290576557e-05,0.22
garch,t5,0.0,1000,0.05,constant,State-L1,Vol-ERM,2.08851046607752e-05,4.31387635983419e-06,1.2429906995500187e-05,2.9340302326050208e-05,0.504
garch,t5,0.0,1000,0.05,constant,State-L1-clipped,Raw,-3.3382230413552665e-05,1.3111887768019015e-06,-3.595216041608439e-05,-3.081230041102094e-05,0.924
garch,t5,0.0,1000,0.05,constant,State-L1-clipped,Shift-CP,1.1103893645561595e-05,1.3034304534008244e-06,8.54916995689598e-06,1.365861733422721e-05,0.224
garch,t5,0.0,1000,0.05,constant,State-L1-clipped,Vol-ERM,8.771997940712e-06,1.310868315992756e-06,6.202696041366197e-06,1.1341299840057802e-05,0.506
garch,t5,0.0,1000,0.05,constant,State2-ERM,Raw,-3.843606220618066e-05,4.823622809346624e-07,-3.93814922768126e-05,-3.749063213554872e-05,0.986
garch,t5,0.0,1000,0.05,constant,State2-ERM,Shift-CP,6.0500618529336006e-06,4.332823407904885e-07,5.200828464984243e-06,6.899295240882958e-06,0.146
garch,t5,0.0,1000,0.05,constant,State2-ERM,Vol-ERM,3.7181661480840035e-06,4.227188090204697e-07,2.889637282403883e-06,4.546695013764124e-06,0.452
garch,t5,0.0,1000,0.05,constant,State4-ERM,Raw,2.3408032406114332e-05,7.058032317649168e-06,9.574289063521963e-06,3.7241775748706704e-05,0.724
garch,t5,0.0,1000,0.05,constant,State4-ERM,Shift-CP,6.789415646522859e-05,7.054443192151429e-06,5.406744780861179e-05,8.172086512184539e-05,0.03
garch,t5,0.0,1000,0.05,constant,State4-ERM,Vol-ERM,6.5562260760379e-05,7.063752980163851e-06,5.1717304919257845e-05,7.940721660150014e-05,0.096
garch,t5,0.0,1000,0.05,constant,Vol-CP,Raw,-4.230359409036746e-05,2.1105681185339865e-07,-4.271726544160012e-05,-4.18899227391348e-05,1.0
garch,t5,0.0,1000,0.05,constant,Vol-CP,Shift-CP,2.1825299687467973e-06,1.1440705360089721e-07,1.958292143689039e-06,2.406767793804556e-06,0.152
garch,t5,0.0,1000,0.05,constant,Vol-CP,Vol-ERM,-1.493657361027992e-07,1.4939043364630284e-07,-4.421709860495528e-07,1.4343951384395435e-07,0.444
garch,t5,0.0,1000,0.05,constant,Vol-ERM,Raw,-4.215422835426466e-05,2.197532170405648e-07,-4.2584944659664163e-05,-4.1723512048865155e-05,1.0
garch,t5,0.0,1000,0.05,constant,Vol-ERM,Shift-CP,2.3318957048495966e-06,1.4655042550696966e-07,2.0446568708559362e-06,2.619134538843257e-06,0.13
garch,t5,0.0,1000,0.05,constant,Vol-ERM,Vol-ERM,0.0,0.0,0.0,0.0,0.0
garch,t5,0.0,1000,0.05,none,POT80-Shift,Raw,3.211415754648062e-06,1.9794766639286892e-07,2.823438328518039e-06,3.599393180778085e-06,0.0
garch,t5,0.0,1000,0.05,none,POT80-Shift,Shift-CP,-4.2427884223800347e-07,1.4677158200458113e-07,-7.119511429669825e-07,-1.3660654150902445e-07,0.53
garch,t5,0.0,1000,0.05,none,POT80-Shift,Vol-ERM,-1.254563322177204e-06,1.973918286180356e-07,-1.6414513062685535e-06,-8.676753380858542e-07,0.584
garch,t5,0.0,1000,0.05,none,POT80-Vol,Raw,3.151438650365263e-06,1.84700819636881e-07,2.7894250438769762e-06,3.5134522568535495e-06,0.0
garch,t5,0.0,1000,0.05,none,POT80-Vol,Shift-CP,-4.842559465208026e-07,1.5028401846598714e-07,-7.788126227141374e-07,-1.8969927032746782e-07,0.532
garch,t5,0.0,1000,0.05,none,POT80-Vol,Vol-ERM,-1.314540426460003e-06,2.0503892387801373e-07,-1.71641671726091e-06,-9.126641356590961e-07,0.592
garch,t5,0.0,1000,0.05,none,POT90-Shift,Raw,3.163001743119263e-06,1.9896214824085452e-07,2.7730359325671884e-06,3.552967553671338e-06,0.0
garch,t5,0.0,1000,0.05,none,POT90-Shift,Shift-CP,-4.726928537668023e-07,1.222878319316347e-07,-7.123770043528063e-07,-2.3300870318079834e-07,0.554
garch,t5,0.0,1000,0.05,none,POT90-Shift,Vol-ERM,-1.3029773337060027e-06,1.7745302577135779e-07,-1.650785264217864e-06,-9.551694031941415e-07,0.646
garch,t5,0.0,1000,0.05,none,POT90-Vol,Raw,3.3657274161502647e-06,2.047705472783391e-07,2.9643771434847203e-06,3.767077688815809e-06,0.0
garch,t5,0.0,1000,0.05,none,POT90-Vol,Shift-CP,-2.6996718073580076e-07,1.3659730851129314e-07,-5.376979054179352e-07,-2.236456053666215e-09,0.526
garch,t5,0.0,1000,0.05,none,POT90-Vol,Vol-ERM,-1.1002516606750013e-06,1.8954298117548847e-07,-1.4717559037789587e-06,-7.287474175710438e-07,0.606
garch,t5,0.0,1000,0.05,none,Raw,Raw,0.0,0.0,0.0,0.0,0.0
garch,t5,0.0,1000,0.05,none,Raw,Shift-CP,-3.6356945968860656e-06,2.2326589819707578e-07,-4.073295757352334e-06,-3.198093436419797e-06,1.0
garch,t5,0.0,1000,0.05,none,Raw,Vol-ERM,-4.465979076825266e-06,2.8549995284119117e-07,-5.025558984394001e-06,-3.906399169256531e-06,1.0
garch,t5,0.0,1000,0.05,none,Shift-CP,Raw,3.6356945968860656e-06,2.2326589819707578e-07,3.198093436419797e-06,4.073295757352334e-06,0.0
garch,t5,0.0,1000,0.05,none,Shift-CP,Shift-CP,0.0,0.0,0.0,0.0,0.0
garch,t5,0.0,1000,0.05,none,Shift-CP,Vol-ERM,-8.302844799392006e-07,1.5783741337691653e-07,-1.1396458101579568e-06,-5.209231497204442e-07,0.612
garch,t5,0.0,1000,0.05,none,Shift-ERM,Raw,3.61235547684186e-06,2.1953774035997667e-07,3.1820615057363054e-06,4.042649447947414e-06,0.0
garch,t5,0.0,1000,0.05,none,Shift-ERM,Shift-CP,-2.3339120044205303e-08,7.900337891237683e-08,-1.781857427124639e-07,1.3150750262405328e-07,0.472
garch,t5,0.0,1000,0.05,none,Shift-ERM,Vol-ERM,-8.536235999834058e-07,1.607418169455991e-07,-1.1686775611967799e-06,-5.385696387700316e-07,0.606
garch,t5,0.0,1000,0.05,none,State-L1,Raw,2.6852694962510665e-05,4.307880862927447e-06,1.840924847117287e-05,3.529614145384846e-05,0.0
garch,t5,0.0,1000,0.05,none,State-L1,Shift-CP,2.32170003656246e-05,4.309047214357543e-06,1.4771267825483814e-05,3.1662732905765384e-05,0.22
garch,t5,0.0,1000,0.05,none,State-L1,Vol-ERM,2.2386715885685393e-05,4.312788298269913e-06,1.3933650821076363e-05,3.083978095029442e-05,0.314
garch,t5,0.0,1000,0.05,none,State-L1-clipped,Raw,1.4739588242447463e-05,1.3111887768019013e-06,1.2169658239915736e-05,1.730951824497919e-05,0.0
garch,t5,0.0,1000,0.05,none,State-L1-clipped,Shift-CP,1.1103893645561397e-05,1.3034304534008259e-06,8.549169956895778e-06,1.3658617334227015e-05,0.224
garch,t5,0.0,1000,0.05,none,State-L1-clipped,Vol-ERM,1.0273609165622196e-05,1.310305461389965e-06,7.705410461297865e-06,1.2841807869946527e-05,0.316
garch,t5,0.0,1000,0.05,none,State2-ERM,Raw,9.685756449819467e-06,4.823622809346625e-07,8.740326379187529e-06,1.0631186520451404e-05,0.0
garch,t5,0.0,1000,0.05,none,State2-ERM,Shift-CP,6.0500618529334e-06,4.33282340790489e-07,5.2008284649840415e-06,6.899295240882758e-06,0.146
garch,t5,0.0,1000,0.05,none,State2-ERM,Vol-ERM,5.2197773729942e-06,4.1597118525361484e-07,4.404473849897115e-06,6.035080896091285e-06,0.202
garch,t5,0.0,1000,0.05,none,State4-ERM,Raw,7.152985106211446e-05,7.058032317649169e-06,5.769610771952209e-05,8.536359440470683e-05,0.0
garch,t5,0.0,1000,0.05,none,State4-ERM,Shift-CP,6.78941564652284e-05,7.054443192151431e-06,5.406744780861159e-05,8.17208651218452e-05,0.03
garch,t5,0.0,1000,0.05,none,State4-ERM,Vol-ERM,6.70638719852892e-05,7.057702565011381e-06,5.323077495786689e-05,8.089696901271151e-05,0.038
garch,t5,0.0,1000,0.05,none,Vol-CP,Raw,4.016486780597264e-06,2.4766757749961184e-07,3.531058328698024e-06,4.501915232496503e-06,0.0
garch,t5,0.0,1000,0.05,none,Vol-CP,Shift-CP,3.807921837111986e-07,7.790776144498855e-08,2.2809297127902105e-07,5.334913961433762e-07,0.352
garch,t5,0.0,1000,0.05,none,Vol-CP,Vol-ERM,-4.494922962280019e-07,1.579958471741195e-07,-7.591641566892761e-07,-1.398204357667277e-07,0.476
garch,t5,0.0,1000,0.05,none,Vol-ERM,Raw,4.465979076825266e-06,2.8549995284119117e-07,3.906399169256531e-06,5.025558984394001e-06,0.0
garch,t5,0.0,1000,0.05,none,Vol-ERM,Shift-CP,8.302844799392006e-07,1.5783741337691653e-07,5.209231497204442e-07,1.1396458101579568e-06,0.388
garch,t5,0.0,1000,0.05,none,Vol-ERM,Vol-ERM,0.0,0.0,0.0,0.0,0.0
garch,t5,0.0,1000,0.05,state,POT80-Shift,Raw,-1.5631794744631785e-05,3.335236227719725e-07,-1.6285501045264852e-05,-1.497808844399872e-05,0.95
garch,t5,0.0,1000,0.05,state,POT80-Shift,Shift-CP,-6.560661336446083e-07,1.8899454444062156e-07,-1.0264954407482266e-06,-2.856368265409901e-07,0.56
garch,t5,0.0,1000,0.05,state,POT80-Shift,Vol-ERM,7.2682996998323964e-06,2.501218290036481e-07,6.7780609149852465e-06,7.758538484679546e-06,0.078
garch,t5,0.0,1000,0.05,state,POT80-Vol,Raw,-2.4136670022747985e-05,3.556700021182496e-07,-2.4833783226899753e-05,-2.3439556818596216e-05,0.98
garch,t5,0.0,1000,0.05,state,POT80-Vol,Shift-CP,-9.160941411760804e-06,2.6699469364857505e-07,-9.684251011312012e-06,-8.637631812209596e-06,0.962
garch,t5,0.0,1000,0.05,state,POT80-Vol,Vol-ERM,-1.2365755782838004e-06,2.7404362984612585e-07,-1.773701092782207e-06,-6.994500637853938e-07,0.572
garch,t5,0.0,1000,0.05,state,POT90-Shift,Raw,-1.545956810138518e-05,3.44116148676092e-07,-1.613403575279032e-05,-1.4785100449980041e-05,0.95
garch,t5,0.0,1000,0.05,state,POT90-Shift,Shift-CP,-4.83839490398005e-07,1.591429822659329e-07,-7.957597356392335e-07,-1.7191924515677657e-07,0.538
garch,t5,0.0,1000,0.05,state,POT90-Shift,Vol-ERM,7.440526343079001e-06,2.358724070592337e-07,6.978216425242903e-06,7.9028362609151e-06,0.068
garch,t5,0.0,1000,0.05,state,POT90-Vol,Raw,-2.318612511706078e-05,4.036404475402776e-07,-2.3977260394239724e-05,-2.2394989839881836e-05,0.97
garch,t5,0.0,1000,0.05,state,POT90-Vol,Shift-CP,-8.210396506073603e-06,2.9288811351801063e-07,-8.784457208568903e-06,-7.636335803578303e-06,0.936
garch,t5,0.0,1000,0.05,state,POT90-Vol,Vol-ERM,-2.8603067259659826e-07,2.895314316715476e-07,-8.535122786728315e-07,2.8145093347963507e-07,0.494
garch,t5,0.0,1000,0.05,state,Raw,Raw,0.0,0.0,0.0,0.0,0.0
garch,t5,0.0,1000,0.05,state,Raw,Shift-CP,1.4975728610987179e-05,3.8522598281223085e-07,1.4220685684675207e-05,1.573077153729915e-05,0.058
garch,t5,0.0,1000,0.05,state,Raw,Vol-ERM,2.2900094444464183e-05,4.2462590064559153e-07,2.2067827679198823e-05,2.3732361209729542e-05,0.034
garch,t5,0.0,1000,0.05,state,Shift-CP,Raw,-1.4975728610987179e-05,3.8522598281223085e-07,-1.573077153729915e-05,-1.4220685684675207e-05,0.942
garch,t5,0.0,1000,0.05,state,Shift-CP,Shift-CP,0.0,0.0,0.0,0.0,0.0
garch,t5,0.0,1000,0.05,state,Shift-CP,Vol-ERM,7.924365833477006e-06,2.301709052190579e-07,7.473230859247652e-06,8.37550080770636e-06,0.032
garch,t5,0.0,1000,0.05,state,Shift-ERM,Raw,-1.485250194939258e-05,3.80250010852263e-07,-1.5597791970663014e-05,-1.4107211928122143e-05,0.936
garch,t5,0.0,1000,0.05,state,Shift-ERM,Shift-CP,1.232266615945974e-07,8.874396001172061e-08,-5.071150002837499e-08,2.971648232175698e-07,0.434
garch,t5,0.0,1000,0.05,state,Shift-ERM,Vol-ERM,8.047592495071602e-06,2.1605245862920352e-07,7.624129676158363e-06,8.47105531398484e-06,0.032
garch,t5,0.0,1000,0.05,state,State-L1,Raw,-7.2017543963539806e-06,4.294423480059526e-06,-1.561882441727065e-05,1.215315624562689e-06,0.874
garch,t5,0.0,1000,0.05,state,State-L1,Shift-CP,7.773974214633198e-06,4.279574385873845e-06,-6.139915816795375e-07,1.6161940010945934e-05,0.69
garch,t5,0.0,1000,0.05,state,State-L1,Vol-ERM,1.5698340048110202e-05,4.268982115046509e-06,7.331135102619045e-06,2.406554499360136e-05,0.476
garch,t5,0.0,1000,0.05,state,State-L1-clipped,Raw,-1.8392169331079177e-05,1.3146433211836903e-06,-2.096887024059921e-05,-1.5815468421559144e-05,0.9
garch,t5,0.0,1000,0.05,state,State-L1-clipped,Shift-CP,-3.4164407200920042e-06,1.3005798462077137e-06,-5.965577218659123e-06,-8.673042215248853e-07,0.704
garch,t5,0.0,1000,0.05,state,State-L1-clipped,Vol-ERM,4.507925113385001e-06,1.2885305338827393e-06,1.9824052669748317e-06,7.0334449597951695e-06,0.494
garch,t5,0.0,1000,0.05,state,State2-ERM,Raw,-2.9026598578180582e-05,4.823622809346625e-07,-2.997202864881252e-05,-2.8081168507548644e-05,0.974
garch,t5,0.0,1000,0.05,state,State2-ERM,Shift-CP,-1.4050869967193402e-05,4.629877143411095e-07,-1.4958325887301977e-05,-1.3143414047084827e-05,0.93
garch,t5,0.0,1000,0.05,state,State2-ERM,Vol-ERM,-6.126504133716398e-06,4.4343512278105707e-07,-6.995636974367269e-06,-5.257371293065526e-06,0.834
garch,t5,0.0,1000,0.05,state,State4-ERM,Raw,3.281749603411441e-05,7.058032317649169e-06,1.8983752691522043e-05,4.665123937670678e-05,0.678
garch,t5,0.0,1000,0.05,state,State4-ERM,Shift-CP,4.7793224645101594e-05,7.0539362295936985e-06,3.3967509635097946e-05,6.161893965510524e-05,0.51
garch,t5,0.0,1000,0.05,state,State4-ERM,Vol-ERM,5.57175904785786e-05,7.0379003730143856e-06,4.1923305747470404e-05,6.95118752096868e-05,0.372
garch,t5,0.0,1000,0.05,state,Vol-CP,Raw,-2.2946647102583178e-05,4.186795805321627e-07,-2.3767259080426215e-05,-2.212603512474014e-05,0.964
garch,t5,0.0,1000,0.05,state,Vol-CP,Shift-CP,-7.970918491596004e-06,2.506050973644932e-07,-8.462104482430411e-06,-7.479732500761597e-06,0.966
garch,t5,0.0,1000,0.05,state,Vol-CP,Vol-ERM,-4.6552658118998153e-08,2.406284122897214e-07,-5.18184346206852e-07,4.250790299688558e-07,0.366
garch,t5,0.0,1000,0.05,state,Vol-ERM,Raw,-2.2900094444464183e-05,4.2462590064559153e-07,-2.3732361209729542e-05,-2.2067827679198823e-05,0.966
garch,t5,0.0,1000,0.05,state,Vol-ERM,Shift-CP,-7.924365833477006e-06,2.301709052190579e-07,-8.37550080770636e-06,-7.473230859247652e-06,0.968
garch,t5,0.0,1000,0.05,state,Vol-ERM,Vol-ERM,0.0,0.0,0.0,0.0,0.0
