module,innovation,phi,n_cal,alpha,truth,method,replications,mean_expected_QS,mean_excess_QS,expected_QS_MCSE,median_expected_QS,p90_expected_QS,p99_expected_QS,top_five_share_of_total_regret,mean_expected_violation,mean_prediction_MSE,max_absolute_prediction,difference_vs_Raw,MCSE_vs_Raw,difference_vs_Shift-CP,MCSE_vs_Shift-CP,difference_vs_Vol-ERM,MCSE_vs_Vol-ERM
ar,normal,0.0,125,0.01,constant,POT80-Shift,500,0.00039448400272961716,1.7565793025399287e-05,1.3077032227545681e-06,0.0003832473196997,0.0004203165278943,0.000508204271583527,0.1055239018016077,0.01416655263099343,1.591660259509783e-05,0.0472651595584959,3.2159202714171997e-06,1.3077032227545681e-06,-1.3380869086798002e-05,1.711509853884691e-06,,
ar,normal,0.0,125,0.01,constant,POT90-Shift,500,0.00040786487181641525,3.094666211219337e-05,1.6721955692667658e-06,0.00039378502059725,0.00046358865081515,0.0005358752131385569,0.0596817279638982,0.007964246829730027,5.353548522312659e-05,0.0574705733360269,1.65967893582152e-05,1.6721955692667645e-06,0.0,0.0,,
ar,normal,0.0,125,0.01,constant,Raw,500,0.0003912680824582001,1.4349872753942718e-05,1.941422201108567e-20,0.0003912680824582,0.0003912680824582,0.0003912680824582,0.01,0.0189308942655463,1.2499999999999982e-05,0.0293639932367309,0.0,0.0,-1.65967893582152e-05,1.6721955692667645e-06,,
ar,normal,0.0,125,0.01,constant,Shift-CP,500,0.00040786487181641525,3.094666211219337e-05,1.6721955692667658e-06,0.00039378502059725,0.00046358865081515,0.0005358752131385569,0.0596817279638982,0.007964246829730027,5.353548522312659e-05,0.0574705733360269,1.65967893582152e-05,1.6721955692667645e-06,0.0,0.0,,
ar,normal,0.0,125,0.01,constant,Shift-ERM,500,0.00039920645585127354,2.228824614705343e-05,1.5125147977589474e-06,0.00038613870068255,0.00043826825254211,0.0005250893683845929,0.10303225031360269,0.015584715595617133,1.9910917092671086e-05,0.0456726339233609,7.938373393073603e-06,1.512514797758948e-06,-8.6584159651416e-06,1.9464513405449573e-06,,
ar,normal,0.0,125,0.01,none,POT80-Shift,500,0.00039448400272961716,1.7565793025399287e-05,1.3077032227545681e-06,0.0003832473196997,0.0004203165278943,0.000508204271583527,0.1055239018016077,0.01416655263099343,1.591660259509783e-05,0.0472651595584959,1.756579302541722e-05,1.3077032227545681e-06,-1.3380869086798002e-05,1.711509853884691e-06,,
ar,normal,0.0,125,0.01,none,POT90-Shift,500,0.00040786487181641525,3.094666211219337e-05,1.6721955692667658e-06,0.00039378502059725,0.00046358865081515,0.0005358752131385569,0.0596817279638982,0.007964246829730027,5.353548522312659e-05,0.0574705733360269,3.0946662112215225e-05,1.6721955692667645e-06,0.0,0.0,,
ar,normal,0.0,125,0.01,none,Raw,500,0.0003769182097042,0.0,8.251044354711411e-20,0.0003769182097042,0.0003769182097042,0.0003769182097042,0.0,0.01,0.0,0.0328995271426637,0.0,0.0,-3.0946662112215225e-05,1.6721955692667645e-06,,
ar,normal,0.0,125,0.01,none,Shift-CP,500,0.00040786487181641525,3.094666211219337e-05,1.6721955692667658e-06,0.00039378502059725,0.00046358865081515,0.0005358752131385569,0.0596817279638982,0.007964246829730027,5.353548522312659e-05,0.0574705733360269,3.0946662112215225e-05,1.6721955692667645e-06,0.0,0.0,,
ar,normal,0.0,125,0.01,none,Shift-ERM,500,0.00039920645585127354,2.228824614705343e-05,1.5125147977589474e-06,0.00038613870068255,0.00043826825254211,0.0005250893683845929,0.10303225031360269,0.015584715595617133,1.9910917092671086e-05,0.0456726339233609,2.228824614707362e-05,1.512514797758948e-06,-8.6584159651416e-06,1.9464513405449573e-06,,
ar,normal,0.0,125,0.05,constant,POT80-Shift,500,0.0014801438162753602,2.1585602446565386e-05,1.3411366698324766e-06,0.0014690210968654502,0.00151347315883426,0.0015865061130680548,0.09069449209661971,0.05007035756368551,6.201421948840602e-06,0.0329744159732843,-3.063812411373982e-05,1.3411366698324768e-06,-6.3914668260555944e-06,1.172036895237124e-06,,
ar,normal,0.0,125,0.05,constant,POT90-Shift,500,0.0014865352831014158,2.7977069272621703e-05,1.7276995792643082e-06,0.0014708037529213,0.00154065364227054,0.001637929877887753,0.07445752032043328,0.047037028234827846,8.549812578541306e-06,0.0321067523430437,-2.424665728768423e-05,1.7276995792643082e-06,0.0,0.0,,
ar,normal,0.0,125,0.05,constant,Raw,500,0.0015107819403890996,5.222372656028037e-05,4.1740577323834194e-19,0.0015107819403891,0.0015107819403891,0.0015107819403891,0.01,0.08152999177511819,1.2499999999999982e-05,0.0197262091676007,0.0,0.0,2.424665728768423e-05,1.7276995792643082e-06,,
ar,normal,0.0,125,0.05,constant,Shift-CP,500,0.0014865352831014158,2.7977069272621703e-05,1.7276995792643082e-06,0.0014708037529213,0.00154065364227054,0.001637929877887753,0.07445752032043328,0.047037028234827846,8.549812578541306e-06,0.0321067523430437,-2.424665728768423e-05,1.7276995792643082e-06,0.0,0.0,,
ar,normal,0.0,125,0.05,constant,Shift-ERM,500,0.0014841223104333863,2.556409660458799e-05,1.5870749185152303e-06,0.00146928345165585,0.00153354856517557,0.0016165343538641001,0.07978815451754054,0.054810023527643324,6.981154278536256e-06,0.0318837131144422,-2.665962995571383e-05,1.5870749185152301e-06,-2.4129726680296017e-06,1.1299302483670514e-06,,
ar,normal,0.0,125,0.05,none,POT80-Shift,500,0.0014801438162753602,2.1585602446565386e-05,1.3411366698324766e-06,0.0014690210968654502,0.00151347315883426,0.0015865061130680548,0.09069449209661971,0.05007035756368551,6.201421948840602e-06,0.0329744159732843,2.1585602446560277e-05,1.3411366698324766e-06,-6.3914668260555944e-06,1.172036895237124e-06,,
ar,normal,0.0,125,0.05,none,POT90-Shift,500,0.0014865352831014158,2.7977069272621703e-05,1.7276995792643082e-06,0.0014708037529213,0.00154065364227054,0.001637929877887753,0.07445752032043328,0.047037028234827846,8.549812578541306e-06,0.0321067523430437,2.7977069272615876e-05,1.727699579264308e-06,0.0,0.0,,
ar,normal,0.0,125,0.05,none,Raw,500,0.0014585582138288004,0.0,4.853555502771418e-19,0.0014585582138288,0.0014585582138288,0.0014585582138288,0.0,0.0499999999999999,0.0,0.0232617430735334,0.0,0.0,-2.7977069272615876e-05,1.727699579264308e-06,,
ar,normal,0.0,125,0.05,none,Shift-CP,500,0.0014865352831014158,2.7977069272621703e-05,1.7276995792643082e-06,0.0014708037529213,0.00154065364227054,0.001637929877887753,0.07445752032043328,0.047037028234827846,8.549812578541306e-06,0.0321067523430437,2.7977069272615876e-05,1.727699579264308e-06,0.0,0.0,,
ar,normal,0.0,125,0.05,none,Shift-ERM,500,0.0014841223104333863,2.556409660458799e-05,1.5870749185152303e-06,0.00146928345165585,0.00153354856517557,0.0016165343538641001,0.07978815451754054,0.054810023527643324,6.981154278536256e-06,0.0318837131144422,2.556409660458627e-05,1.5870749185152297e-06,-2.4129726680296017e-06,1.1299302483670514e-06,,
ar,normal,0.0,250,0.01,constant,POT80-Shift,500,0.00038454060581094264,7.6223961067226005e-06,5.049825389937034e-07,0.00037988310681025,0.00039724258478377004,0.000432778854502909,0.08516781156500157,0.011610914584402218,7.499372106587966e-06,0.0397093717111226,-6.727476647257399e-06,5.049825389937036e-07,-8.1179918168134e-06,8.917562846392774e-07,,
ar,normal,0.0,250,0.01,constant,POT90-Shift,500,0.00038456176635062023,7.643556646402698e-06,5.117522145639435e-07,0.00038006780058635,0.00039690674421581,0.000434789158996485,0.09147493020388815,0.011549228595045367,7.6205404104041795e-06,0.0422119423753331,-6.706316107579798e-06,5.117522145639436e-07,-8.096831277135797e-06,8.987368553100338e-07,,
ar,normal,0.0,250,0.01,constant,Raw,500,0.0003912680824582001,1.4349872753942718e-05,1.941422201108567e-20,0.0003912680824582,0.0003912680824582,0.0003912680824582,0.01,0.0189308942655463,1.2499999999999982e-05,0.0293639932367309,0.0,0.0,-1.3905151695560002e-06,8.718319529138835e-07,,
ar,normal,0.0,250,0.01,constant,Shift-CP,500,0.00039265859762775603,1.5740387923540036e-05,8.71831952913884e-07,0.0003853433040155,0.00041809168046317007,0.00045790998833106195,0.06328280111248251,0.007675209228503418,2.374526641099453e-05,0.0510522737068185,1.3905151695560002e-06,8.718319529138835e-07,0.0,0.0,,
ar,normal,0.0,250,0.01,constant,Shift-ERM,500,0.0003879139191292398,1.0995709425021916e-05,6.914245120041915e-07,0.00038150115059495005,0.00040770422644561004,0.00044402713487402297,0.08083158812753576,0.011503627979060066,1.1926516463459138e-05,0.0437349331583042,-3.354163328960199e-06,6.914245120041913e-07,-4.744678498516199e-06,8.688556011223316e-07,,
ar,normal,0.0,250,0.01,none,POT80-Shift,500,0.00038454060581094264,7.6223961067226005e-06,5.049825389937034e-07,0.00037988310681025,0.00039724258478377004,0.000432778854502909,0.08516781156500157,0.011610914584402218,7.499372106587966e-06,0.0397093717111226,7.622396106742619e-06,5.049825389937036e-07,-8.1179918168134e-06,8.917562846392774e-07,,
ar,normal,0.0,250,0.01,none,POT90-Shift,500,0.00038456176635062023,7.643556646402698e-06,5.117522145639435e-07,0.00038006780058635,0.00039690674421581,0.000434789158996485,0.09147493020388815,0.011549228595045367,7.6205404104041795e-06,0.0422119423753331,7.643556646420221e-06,5.117522145639436e-07,-8.096831277135797e-06,8.987368553100338e-07,,
ar,normal,0.0,250,0.01,none,Raw,500,0.0003769182097042,0.0,8.251044354711411e-20,0.0003769182097042,0.0003769182097042,0.0003769182097042,0.0,0.01,0.0,0.0328995271426637,0.0,0.0,-1.5740387923556018e-05,8.718319529138835e-07,,
ar,normal,0.0,250,0.01,none,Shift-CP,500,0.00039265859762775603,1.5740387923540036e-05,8.71831952913884e-07,0.0003853433040155,0.00041809168046317007,0.00045790998833106195,0.06328280111248251,0.007675209228503418,2.374526641099453e-05,0.0510522737068185,1.5740387923556018e-05,8.718319529138835e-07,0.0,0.0,,
ar,normal,0.0,250,0.01,none,Shift-ERM,500,0.0003879139191292398,1.0995709425021916e-05,6.914245120041915e-07,0.00038150115059495005,0.00040770422644561004,0.00044402713487402297,0.08083158812753576,0.011503627979060066,1.1926516463459138e-05,0.0437349331583042,1.0995709425039818e-05,6.914245120041913e-07,-4.744678498516199e-06,8.688556011223316e-07,,
ar,normal,0.0,250,0.05,constant,POT80-Shift,500,0.0014695602593896332,1.1002045560840203e-05,6.777389687710515e-07,0.00146352449604145,0.00148744027952179,0.001534648762510577,0.08316781036299321,0.049313532727656505,3.0887598940215866e-06,0.0284294202395167,-4.122168099946663e-05,6.777389687710518e-07,-3.8296938394865986e-06,6.086151799415459e-07,,
ar,normal,0.0,250,0.05,constant,POT90-Shift,500,0.0014712338404872126,1.2675626658416529e-05,8.732767918534355e-07,0.0014642388272862001,0.0014902812624116,0.0015398925542335548,0.10076679206304598,0.04853116261895871,3.7033224071612215e-06,0.0321830593496313,-3.9548099901887627e-05,8.732767918534357e-07,-2.156112741907603e-06,6.782847633364358e-07,,
ar,normal,0.0,250,0.05,constant,Raw,500,0.0015107819403890996,5.222372656028037e-05,4.1740577323834194e-19,0.0015107819403891,0.0015107819403891,0.0015107819403891,0.01,0.08152999177511819,1.2499999999999982e-05,0.0197262091676007,0.0,0.0,3.739198715998002e-05,8.661321826535166e-07,,
ar,normal,0.0,250,0.05,constant,Shift-CP,500,0.00147338995322912,1.4831739400326188e-05,8.661321826535161e-07,0.0014663322790219,0.00149749004290778,0.0015495060264479638,0.07711291813204807,0.04671995635384627,4.378532464740168e-06,0.0302201839661826,-3.739198715998002e-05,8.661321826535166e-07,0.0,0.0,,
ar,normal,0.0,250,0.05,constant,Shift-ERM,500,0.0014715598488044947,1.3001634975702833e-05,8.168593931427536e-07,0.0014650718287478,0.00149092425730195,0.0015478738224335678,0.09091714028876569,0.05081697675178629,3.5974662431021678e-06,0.0300289665291978,-3.9222091584605234e-05,8.168593931427536e-07,-1.8301044246252069e-06,5.239733964212501e-07,,
ar,normal,0.0,250,0.05,none,POT80-Shift,500,0.0014695602593896332,1.1002045560840203e-05,6.777389687710515e-07,0.00146352449604145,0.00148744027952179,0.001534648762510577,0.08316781036299321,0.049313532727656505,3.0887598940215866e-06,0.0284294202395167,1.100204556083348e-05,6.777389687710515e-07,-3.8296938394865986e-06,6.086151799415459e-07,,
ar,normal,0.0,250,0.05,none,POT90-Shift,500,0.0014712338404872126,1.2675626658416529e-05,8.732767918534355e-07,0.0014642388272862001,0.0014902812624116,0.0015398925542335548,0.10076679206304598,0.04853116261895871,3.7033224071612215e-06,0.0321830593496313,1.2675626658412473e-05,8.732767918534357e-07,-2.156112741907603e-06,6.782847633364358e-07,,
ar,normal,0.0,250,0.05,none,Raw,500,0.0014585582138288004,0.0,4.853555502771418e-19,0.0014585582138288,0.0014585582138288,0.0014585582138288,0.0,0.0499999999999999,0.0,0.0232617430735334,0.0,0.0,-1.4831739400320076e-05,8.661321826535169e-07,,
ar,normal,0.0,250,0.05,none,Shift-CP,500,0.00147338995322912,1.4831739400326188e-05,8.661321826535161e-07,0.0014663322790219,0.00149749004290778,0.0015495060264479638,0.07711291813204807,0.04671995635384627,4.378532464740168e-06,0.0302201839661826,1.4831739400320076e-05,8.661321826535169e-07,0.0,0.0,,
ar,normal,0.0,250,0.05,none,Shift-ERM,500,0.0014715598488044947,1.3001634975702833e-05,8.168593931427536e-07,0.0014650718287478,0.00149092425730195,0.0015478738224335678,0.09091714028876569,0.05081697675178629,3.5974662431021678e-06,0.0300289665291978,1.300163497569487e-05,8.168593931427536e-07,-1.8301044246252069e-06,5.239733964212501e-07,,
ar,normal,0.0,500,0.01,constant,POT80-Shift,500,0.0003804709512405576,3.5527415363391043e-06,2.2287614433250872e-07,0.0003787959718112,0.00038599168817229,0.000399634498354307,0.08381730991603561,0.010379526862837723,3.765885184591382e-06,0.0386036773120428,-1.0797131217642399e-05,2.2287614433250867e-07,-2.0581200470744002e-06,2.729176597843887e-07,,
ar,normal,0.0,500,0.01,constant,POT90-Shift,500,0.0003805143254519998,3.5961157477825778e-06,2.3374448979974967e-07,0.00037871086449095,0.00038592451049494,0.0004012295156864,0.09106330967443674,0.010553400750338423,3.7551976864167507e-06,0.0390020565495487,-1.07537570062002e-05,2.3374448979974975e-07,-2.0147458356322007e-06,2.635785383012907e-07,,
ar,normal,0.0,500,0.01,constant,Raw,500,0.0003912680824582001,1.4349872753942718e-05,1.941422201108567e-20,0.0003912680824582,0.0003912680824582,0.0003912680824582,0.01,0.0189308942655463,1.2499999999999982e-05,0.0293639932367309,0.0,0.0,8.739011170568e-06,2.993521213179584e-07,,
ar,normal,0.0,500,0.01,constant,Shift-CP,500,0.00038252907128763204,5.6108615834160135e-06,2.9935212131795855e-07,0.0003801102179283,0.00039218882643054,0.00040556367575691403,0.058697630446469536,0.009806640883112895,6.462103767725972e-06,0.0407360726979523,-8.739011170568e-06,2.993521213179584e-07,0.0,0.0,,
ar,normal,0.0,500,0.01,constant,Shift-ERM,500,0.0003825347855936868,5.616575889469465e-06,3.548872536199754e-07,0.00037950809350095,0.0003923637454725,0.000408698311218069,0.07879796883473054,0.011913254294495178,5.434383644164283e-06,0.0392118963672104,-8.733296864513199e-06,3.5488725361997535e-07,5.7143060547986715e-09,2.871775942058579e-07,,
ar,normal,0.0,500,0.01,none,POT80-Shift,500,0.0003804709512405576,3.5527415363391043e-06,2.2287614433250872e-07,0.0003787959718112,0.00038599168817229,0.000399634498354307,0.08381730991603561,0.010379526862837723,3.765885184591382e-06,0.0386036773120428,3.5527415363576196e-06,2.2287614433250862e-07,-2.0581200470744002e-06,2.729176597843887e-07,,
ar,normal,0.0,500,0.01,none,POT90-Shift,500,0.0003805143254519998,3.5961157477825778e-06,2.3374448979974967e-07,0.00037871086449095,0.00038592451049494,0.0004012295156864,0.09106330967443674,0.010553400750338423,3.7551976864167507e-06,0.0390020565495487,3.5961157477998196e-06,2.3374448979974977e-07,-2.0147458356322007e-06,2.635785383012907e-07,,
ar,normal,0.0,500,0.01,none,Raw,500,0.0003769182097042,0.0,8.251044354711411e-20,0.0003769182097042,0.0003769182097042,0.0003769182097042,0.0,0.01,0.0,0.0328995271426637,0.0,0.0,-5.61086158343202e-06,2.9935212131795844e-07,,
ar,normal,0.0,500,0.01,none,Shift-CP,500,0.00038252907128763204,5.6108615834160135e-06,2.9935212131795855e-07,0.0003801102179283,0.00039218882643054,0.00040556367575691403,0.058697630446469536,0.009806640883112895,6.462103767725972e-06,0.0407360726979523,5.61086158343202e-06,2.9935212131795844e-07,0.0,0.0,,
ar,normal,0.0,500,0.01,none,Shift-ERM,500,0.0003825347855936868,5.616575889469465e-06,3.548872536199754e-07,0.00037950809350095,0.0003923637454725,0.000408698311218069,0.07879796883473054,0.011913254294495178,5.434383644164283e-06,0.0392118963672104,5.6165758894868185e-06,3.5488725361997535e-07,5.7143060547986715e-09,2.871775942058579e-07,,
ar,normal,0.0,500,0.05,constant,POT80-Shift,500,0.0014638754102580943,5.317196429298585e-06,3.1084590450377816e-07,0.00146134097763865,0.00147284546822648,0.001490076663015723,0.07003103577169187,0.04934708470468561,1.483323952599377e-06,0.026924960720158,-4.690653013100562e-05,3.1084590450377806e-07,-1.496891423100002e-06,2.417896248895268e-07,,
ar,normal,0.0,500,0.05,constant,POT90-Shift,500,0.0014641116731619105,5.553459333117313e-06,3.160709584851367e-07,0.0014614622173206998,0.00147363873521459,0.001489631480389197,0.06457871280451097,0.04952300115498775,1.5474517378177211e-06,0.0266993698333584,-4.667026722718962e-05,3.1607095848513667e-07,-1.2606285192840017e-06,2.4245796743587675e-07,,
ar,normal,0.0,500,0.05,constant,Raw,500,0.0015107819403890996,5.222372656028037e-05,4.1740577323834194e-19,0.0015107819403891,0.0015107819403891,0.0015107819403891,0.01,0.08152999177511819,1.2499999999999982e-05,0.0197262091676007,0.0,0.0,4.540963870790563e-05,3.7639697019442734e-07,,
ar,normal,0.0,500,0.05,constant,Shift-CP,500,0.0014653723016811943,6.8140878524017275e-06,3.7639697019442755e-07,0.0014622627056285,0.0014765395735675101,0.0014962232094830599,0.06787673568774683,0.049424818535078456,1.8997226307596822e-06,0.0271278056436945,-4.540963870790563e-05,3.7639697019442734e-07,0.0,0.0,,
ar,normal,0.0,500,0.05,constant,Shift-ERM,500,0.001465226169469659,6.667955640867168e-06,4.002939858592334e-07,0.0014616840081216002,0.0014763195982723499,0.001499129638767155,0.07838619836452985,0.051373311419081844,1.8028675310227903e-06,0.0269050553815613,-4.555577091944103e-05,4.0029398585923324e-07,-1.4613221153540095e-07,1.659460028951267e-07,,
ar,normal,0.0,500,0.05,none,POT80-Shift,500,0.0014638754102580943,5.317196429298585e-06,3.1084590450377816e-07,0.00146134097763865,0.00147284546822648,0.001490076663015723,0.07003103577169187,0.04934708470468561,1.483323952599377e-06,0.026924960720158,5.3171964292944746e-06,3.1084590450377827e-07,-1.496891423100002e-06,2.417896248895268e-07,,
ar,normal,0.0,500,0.05,none,POT90-Shift,500,0.0014641116731619105,5.553459333117313e-06,3.160709584851367e-07,0.0014614622173206998,0.00147363873521459,0.001489631480389197,0.06457871280451097,0.04952300115498775,1.5474517378177211e-06,0.0266993698333584,5.553459333110475e-06,3.160709584851368e-07,-1.2606285192840017e-06,2.4245796743587675e-07,,
ar,normal,0.0,500,0.05,none,Raw,500,0.0014585582138288004,0.0,4.853555502771418e-19,0.0014585582138288,0.0014585582138288,0.0014585582138288,0.0,0.0499999999999999,0.0,0.0232617430735334,0.0,0.0,-6.814087852394477e-06,3.7639697019442734e-07,,
ar,normal,0.0,500,0.05,none,Shift-CP,500,0.0014653723016811943,6.8140878524017275e-06,3.7639697019442755e-07,0.0014622627056285,0.0014765395735675101,0.0014962232094830599,0.06787673568774683,0.049424818535078456,1.8997226307596822e-06,0.0271278056436945,6.814087852394477e-06,3.7639697019442734e-07,0.0,0.0,,
ar,normal,0.0,500,0.05,none,Shift-ERM,500,0.001465226169469659,6.667955640867168e-06,4.002939858592334e-07,0.0014616840081216002,0.0014763195982723499,0.001499129638767155,0.07838619836452985,0.051373311419081844,1.8028675310227903e-06,0.0269050553815613,6.667955640859076e-06,4.002939858592332e-07,-1.4613221153540095e-07,1.659460028951267e-07,,
ar,normal,0.0,1000,0.01,constant,POT80-Shift,500,0.0003787007502371184,1.782540532903764e-06,1.0199695349890767e-07,0.00037780629948605,0.00038164705422195,0.000387274688602465,0.06858081093266472,0.009782312220659194,1.9386959389698286e-06,0.0366471036409793,-1.2567332221081598e-05,1.019969534989077e-07,-8.547894150615975e-07,1.406221374962422e-07,,
ar,normal,0.0,1000,0.01,constant,POT90-Shift,500,0.000378700074151816,1.7818644475987173e-06,1.0557864001348443e-07,0.00037775298188279997,0.00038201229843871,0.000387807546395443,0.0677395781116316,0.010161092552442824,1.8862958951891032e-06,0.0366574548759582,-1.2568008306384e-05,1.0557864001348446e-07,-8.554655003639994e-07,1.2425385861900716e-07,,
ar,normal,0.0,1000,0.01,constant,Raw,500,0.0003912680824582001,1.4349872753942718e-05,1.941422201108567e-20,0.0003912680824582,0.0003912680824582,0.0003912680824582,0.01,0.0189308942655463,1.2499999999999982e-05,0.0293639932367309,0.0,0.0,1.171254280602e-05,1.6320412500008707e-07,,
ar,normal,0.0,1000,0.01,constant,Shift-CP,500,0.00037955553965218005,2.637329947964166e-06,1.6320412500008713e-07,0.00037810396062455,0.00038414163714603,0.000393333264519787,0.07009394387420083,0.010045758604250148,2.8738816466218427e-06,0.0380409147066798,-1.171254280602e-05,1.6320412500008707e-07,0.0,0.0,,
ar,normal,0.0,1000,0.01,constant,Shift-ERM,500,0.0003795682034614112,2.6499937571922923e-06,1.7104033824501088e-07,0.00037806516268645,0.00038463630228371,0.00039422493350875997,0.07348977754248308,0.011051972202036311,2.6302965467386305e-06,0.037171062111421,-1.1699878996788797e-05,1.7104033824501085e-07,1.2663809231202118e-08,1.0537433788513275e-07,,
ar,normal,0.0,1000,0.01,none,POT80-Shift,500,0.0003787007502371184,1.782540532903764e-06,1.0199695349890767e-07,0.00037780629948605,0.00038164705422195,0.000387274688602465,0.06858081093266472,0.009782312220659194,1.9386959389698286e-06,0.0366471036409793,1.78254053291842e-06,1.0199695349890767e-07,-8.547894150615975e-07,1.406221374962422e-07,,
ar,normal,0.0,1000,0.01,none,POT90-Shift,500,0.000378700074151816,1.7818644475987173e-06,1.0557864001348443e-07,0.00037775298188279997,0.00038201229843871,0.000387807546395443,0.0677395781116316,0.010161092552442824,1.8862958951891032e-06,0.0366574548759582,1.781864447616018e-06,1.0557864001348447e-07,-8.554655003639994e-07,1.2425385861900716e-07,,
ar,normal,0.0,1000,0.01,none,Raw,500,0.0003769182097042,0.0,8.251044354711411e-20,0.0003769182097042,0.0003769182097042,0.0003769182097042,0.0,0.01,0.0,0.0328995271426637,0.0,0.0,-2.637329947980017e-06,1.6320412500008705e-07,,
ar,normal,0.0,1000,0.01,none,Shift-CP,500,0.00037955553965218005,2.637329947964166e-06,1.6320412500008713e-07,0.00037810396062455,0.00038414163714603,0.000393333264519787,0.07009394387420083,0.010045758604250148,2.8738816466218427e-06,0.0380409147066798,2.637329947980017e-06,1.6320412500008705e-07,0.0,0.0,,
ar,normal,0.0,1000,0.01,none,Shift-ERM,500,0.0003795682034614112,2.6499937571922923e-06,1.7104033824501088e-07,0.00037806516268645,0.00038463630228371,0.00039422493350875997,0.07348977754248308,0.011051972202036311,2.6302965467386305e-06,0.037171062111421,2.6499937572112197e-06,1.7104033824501088e-07,1.2663809231202118e-08,1.0537433788513275e-07,,
ar,normal,0.0,1000,0.05,constant,POT80-Shift,500,0.001461172959771638,2.6147459428449896e-06,1.5997088414686418e-07,0.00145993810208545,0.00146547207372536,0.001475787192537463,0.08940296590159333,0.049515456578349215,7.240310548992685e-07,0.0260604424920978,-4.9608980617462025e-05,1.599708841468643e-07,-1.0962485659308033e-06,1.4683304587512557e-07,,
ar,normal,0.0,1000,0.05,constant,POT90-Shift,500,0.001461378992714698,2.8207788859051196e-06,1.6908419485315236e-07,0.00146013667951935,0.0014657200202497901,0.0014768690879421811,0.08469043345291227,0.050230943093291715,7.758439187830358e-07,0.0263164829204213,-4.9402947674402025e-05,1.6908419485315233e-07,-8.902156228708033e-07,1.365908975380531e-07,,
ar,normal,0.0,1000,0.05,constant,Raw,500,0.0015107819403890996,5.222372656028037e-05,4.1740577323834194e-19,0.0015107819403891,0.0015107819403891,0.0015107819403891,0.01,0.08152999177511819,1.2499999999999982e-05,0.0197262091676007,0.0,0.0,4.851273205153122e-05,2.280945060170479e-07,,
ar,normal,0.0,1000,0.05,constant,Shift-CP,500,0.0014622692083375687,3.7109945087739193e-06,2.2809450601704782e-07,0.0014602725453787,0.0014680961517496002,0.0014804270650887609,0.08137709546056865,0.04983460186762245,1.0255539131269814e-06,0.0266577796572373,-4.851273205153122e-05,2.280945060170479e-07,0.0,0.0,,
ar,normal,0.0,1000,0.05,constant,Shift-ERM,500,0.0014621735701890368,3.6153563602448427e-06,2.2872442118797357e-07,0.0014602149581157998,0.00146795201353575,0.001479818928836746,0.08552106608092194,0.05079663600683922,9.841177550247475e-07,0.0266566509928974,-4.860837020006323e-05,2.2872442118797368e-07,-9.563814853200646e-08,6.003489767875653e-08,,
ar,normal,0.0,1000,0.05,none,POT80-Shift,500,0.001461172959771638,2.6147459428449896e-06,1.5997088414686418e-07,0.00145993810208545,0.00146547207372536,0.001475787192537463,0.08940296590159333,0.049515456578349215,7.240310548992685e-07,0.0260604424920978,2.614745942838077e-06,1.5997088414686424e-07,-1.0962485659308033e-06,1.4683304587512557e-07,,
ar,normal,0.0,1000,0.05,none,POT90-Shift,500,0.001461378992714698,2.8207788859051196e-06,1.6908419485315236e-07,0.00146013667951935,0.0014657200202497901,0.0014768690879421811,0.08469043345291227,0.050230943093291715,7.758439187830358e-07,0.0263164829204213,2.820778885898077e-06,1.6908419485315228e-07,-8.902156228708033e-07,1.365908975380531e-07,,
ar,normal,0.0,1000,0.05,none,Raw,500,0.0014585582138288004,0.0,4.853555502771418e-19,0.0014585582138288,0.0014585582138288,0.0014585582138288,0.0,0.0499999999999999,0.0,0.0232617430735334,0.0,0.0,-3.7109945087688803e-06,2.280945060170479e-07,,
ar,normal,0.0,1000,0.05,none,Shift-CP,500,0.0014622692083375687,3.7109945087739193e-06,2.2809450601704782e-07,0.0014602725453787,0.0014680961517496002,0.0014804270650887609,0.08137709546056865,0.04983460186762245,1.0255539131269814e-06,0.0266577796572373,3.7109945087688803e-06,2.280945060170479e-07,0.0,0.0,,
ar,normal,0.0,1000,0.05,none,Shift-ERM,500,0.0014621735701890368,3.6153563602448427e-06,2.2872442118797357e-07,0.0014602149581157998,0.00146795201353575,0.001479818928836746,0.08552106608092194,0.05079663600683922,9.841177550247475e-07,0.0266566509928974,3.615356360236874e-06,2.2872442118797363e-07,-9.563814853200646e-08,6.003489767875653e-08,,
ar,normal,0.5,125,0.01,constant,POT80-Shift,500,0.000402545855795523,2.5627646091302892e-05,1.7773661229421362e-06,0.00038700039592045004,0.00044287987252983004,0.000566738301270456,0.09791552236370947,0.01647457097049086,2.1288790724358095e-05,0.0443145774562006,1.1277773337323e-05,1.7773661229421347e-06,-4.900755870233601e-06,1.7448706771570944e-06,,
ar,normal,0.5,125,0.01,constant,POT90-Shift,500,0.00040744661166575657,3.052840196153497e-05,1.6684057156348328e-06,0.000393018636105,0.00045608186876305,0.0005430930867967639,0.06724464494027453,0.009529167157078352,4.755624699601506e-05,0.0553622364313196,1.61785292075566e-05,1.668405715634833e-06,0.0,0.0,,
ar,normal,0.5,125,0.01,constant,Raw,500,0.0003912680824582001,1.4349872753942718e-05,1.941422201108567e-20,0.0003912680824582,0.0003912680824582,0.0003912680824582,0.01,0.0189308942655463,1.2499999999999982e-05,0.0293639932367309,0.0,0.0,-1.61785292075566e-05,1.668405715634833e-06,,
ar,normal,0.5,125,0.01,constant,Shift-CP,500,0.00040744661166575657,3.052840196153497e-05,1.6684057156348328e-06,0.000393018636105,0.00045608186876305,0.0005430930867967639,0.06724464494027453,0.009529167157078352,4.755624699601506e-05,0.0553622364313196,1.61785292075566e-05,1.668405715634833e-06,0.0,0.0,,
ar,normal,0.5,125,0.01,constant,Shift-ERM,500,0.0004073703422141144,3.045213250989288e-05,2.071354247255384e-06,0.00039061516897955,0.00045676204027285,0.0006105740904276501,0.09751102460906917,0.01737056018063479,2.5861150763689776e-05,0.0481034017106501,1.6102259755914402e-05,2.0713542472553837e-06,-7.626945164220021e-08,2.0925795923083837e-06,,
ar,normal,0.5,125,0.01,none,POT80-Shift,500,0.000402545855795523,2.5627646091302892e-05,1.7773661229421362e-06,0.00038700039592045004,0.00044287987252983004,0.000566738301270456,0.09791552236370947,0.01647457097049086,2.1288790724358095e-05,0.0443145774562006,2.5627646091323014e-05,1.7773661229421347e-06,-4.900755870233601e-06,1.7448706771570944e-06,,
ar,normal,0.5,125,0.01,none,POT90-Shift,500,0.00040744661166575657,3.052840196153497e-05,1.6684057156348328e-06,0.000393018636105,0.00045608186876305,0.0005430930867967639,0.06724464494027453,0.009529167157078352,4.755624699601506e-05,0.0553622364313196,3.052840196155662e-05,1.6684057156348333e-06,0.0,0.0,,
ar,normal,0.5,125,0.01,none,Raw,500,0.0003769182097042,0.0,8.251044354711411e-20,0.0003769182097042,0.0003769182097042,0.0003769182097042,0.0,0.01,0.0,0.0328995271426637,0.0,0.0,-3.052840196155662e-05,1.6684057156348333e-06,,
ar,normal,0.5,125,0.01,none,Shift-CP,500,0.00040744661166575657,3.052840196153497e-05,1.6684057156348328e-06,0.000393018636105,0.00045608186876305,0.0005430930867967639,0.06724464494027453,0.009529167157078352,4.755624699601506e-05,0.0553622364313196,3.052840196155662e-05,1.6684057156348333e-06,0.0,0.0,,
ar,normal,0.5,125,0.01,none,Shift-ERM,500,0.0004073703422141144,3.045213250989288e-05,2.071354247255384e-06,0.00039061516897955,0.00045676204027285,0.0006105740904276501,0.09751102460906917,0.01737056018063479,2.5861150763689776e-05,0.0481034017106501,3.0452132509914417e-05,2.0713542472553837e-06,-7.626945164220021e-08,2.0925795923083837e-06,,
ar,normal,0.5,125,0.05,constant,POT80-Shift,500,0.001494589307112181,3.603109328338653e-05,2.285799507338639e-06,0.00147367417631715,0.00155997913936542,0.001712362949630008,0.0802397202610241,0.052692185971619156,1.0207008542729577e-05,0.0349989083219936,-1.6192633276919023e-05,2.2857995073386393e-06,-3.0623236809818e-06,1.4303162845098896e-06,,
ar,normal,0.5,125,0.05,constant,POT90-Shift,500,0.001497651630793163,3.9093416964364024e-05,2.447729142285853e-06,0.0014757145946596001,0.0015620298679371902,0.0017112528099671107,0.08140101484834146,0.05053304622837234,1.163129382497502e-05,0.0372212199774565,-1.3130309595937223e-05,2.447729142285854e-06,0.0,0.0,,
ar,normal,0.5,125,0.05,constant,Raw,500,0.0015107819403890996,5.222372656028037e-05,4.1740577323834194e-19,0.0015107819403891,0.0015107819403891,0.0015107819403891,0.01,0.08152999177511819,1.2499999999999982e-05,0.0197262091676007,0.0,0.0,1.3130309595937223e-05,2.447729142285854e-06,,
ar,normal,0.5,125,0.05,constant,Shift-CP,500,0.001497651630793163,3.9093416964364024e-05,2.447729142285853e-06,0.0014757145946596001,0.0015620298679371902,0.0017112528099671107,0.08140101484834146,0.05053304622837234,1.163129382497502e-05,0.0372212199774565,-1.3130309595937223e-05,2.447729142285854e-06,0.0,0.0,,
ar,normal,0.5,125,0.05,constant,Shift-ERM,500,0.0014994166265622708,4.085841273347182e-05,2.7670961299518588e-06,0.0014744630576089498,0.00157377838713666,0.0017371588597686763,0.09279105881736112,0.05836124319767299,1.0667363832822973e-05,0.0360423926153505,-1.1365313826829228e-05,2.76709612995186e-06,1.764995769107994e-06,1.6017452244162307e-06,,
ar,normal,0.5,125,0.05,none,POT80-Shift,500,0.001494589307112181,3.603109328338653e-05,2.285799507338639e-06,0.00147367417631715,0.00155997913936542,0.001712362949630008,0.0802397202610241,0.052692185971619156,1.0207008542729577e-05,0.0349989083219936,3.603109328338108e-05,2.285799507338639e-06,-3.0623236809818e-06,1.4303162845098896e-06,,
ar,normal,0.5,125,0.05,none,POT90-Shift,500,0.001497651630793163,3.9093416964364024e-05,2.447729142285853e-06,0.0014757145946596001,0.0015620298679371902,0.0017112528099671107,0.08140101484834146,0.05053304622837234,1.163129382497502e-05,0.0372212199774565,3.909341696436287e-05,2.447729142285854e-06,0.0,0.0,,
ar,normal,0.5,125,0.05,none,Raw,500,0.0014585582138288004,0.0,4.853555502771418e-19,0.0014585582138288,0.0014585582138288,0.0014585582138288,0.0,0.0499999999999999,0.0,0.0232617430735334,0.0,0.0,-3.909341696436287e-05,2.447729142285854e-06,,
ar,normal,0.5,125,0.05,none,Shift-CP,500,0.001497651630793163,3.9093416964364024e-05,2.447729142285853e-06,0.0014757145946596001,0.0015620298679371902,0.0017112528099671107,0.08140101484834146,0.05053304622837234,1.163129382497502e-05,0.0372212199774565,3.909341696436287e-05,2.447729142285854e-06,0.0,0.0,,
ar,normal,0.5,125,0.05,none,Shift-ERM,500,0.0014994166265622708,4.085841273347182e-05,2.7670961299518588e-06,0.0014744630576089498,0.00157377838713666,0.0017371588597686763,0.09279105881736112,0.05836124319767299,1.0667363832822973e-05,0.0360423926153505,4.085841273347087e-05,2.76709612995186e-06,1.764995769107994e-06,1.6017452244162307e-06,,
ar,normal,0.5,250,0.01,constant,POT80-Shift,500,0.0003890741430139948,1.215593330977694e-05,9.034327790897021e-07,0.0003818588080517,0.00040750673648260003,0.00046358260098107874,0.11905799343079458,0.012887757629074074,1.1249006466142134e-05,0.0432060320808161,-2.1939394442051986e-06,9.034327790897027e-07,-5.6238240619345986e-06,9.981759287044394e-07,,
ar,normal,0.5,250,0.01,constant,POT90-Shift,500,0.00038915108352987325,1.2232873825657316e-05,8.859107409916618e-07,0.00038194479754429997,0.00040768694757412,0.00048376917308357703,0.10747843419901806,0.012844936669064617,1.139353646036747e-05,0.0425136663890233,-2.1169989283267994e-06,8.859107409916616e-07,-5.546883546056199e-06,1.0007517280560092e-06,,
ar,normal,0.5,250,0.01,constant,Raw,500,0.0003912680824582001,1.4349872753942718e-05,1.941422201108567e-20,0.0003912680824582,0.0003912680824582,0.0003912680824582,0.01,0.0189308942655463,1.2499999999999982e-05,0.0293639932367309,0.0,0.0,-3.4298846177294e-06,9.960725270846225e-07,,
ar,normal,0.5,250,0.01,constant,Shift-CP,500,0.00039469796707592943,1.7779757371710164e-05,9.960725270846227e-07,0.00038679163827635,0.00042524952774955,0.0004684718137510209,0.07018319832949302,0.008668575730235708,2.562390873448677e-05,0.0529262163841037,3.4298846177294e-06,9.960725270846225e-07,0.0,0.0,,
ar,normal,0.5,250,0.01,constant,Shift-ERM,500,0.00039140002414556486,1.448181444134496e-05,9.982883098230874e-07,0.00038279961411775,0.00041539058853861,0.0004901965163542629,0.09906368837406286,0.012557597915746536,1.4954337569160053e-05,0.0509168588462973,1.319416873648019e-07,9.982883098230876e-07,-3.2979429303645976e-06,9.349737584425704e-07,,
ar,normal,0.5,250,0.01,none,POT80-Shift,500,0.0003890741430139948,1.215593330977694e-05,9.034327790897021e-07,0.0003818588080517,0.00040750673648260003,0.00046358260098107874,0.11905799343079458,0.012887757629074074,1.1249006466142134e-05,0.0432060320808161,1.2155933309794821e-05,9.034327790897027e-07,-5.6238240619345986e-06,9.981759287044394e-07,,
ar,normal,0.5,250,0.01,none,POT90-Shift,500,0.00038915108352987325,1.2232873825657316e-05,8.859107409916618e-07,0.00038194479754429997,0.00040768694757412,0.00048376917308357703,0.10747843419901806,0.012844936669064617,1.139353646036747e-05,0.0425136663890233,1.223287382567322e-05,8.859107409916616e-07,-5.546883546056199e-06,1.0007517280560092e-06,,
ar,normal,0.5,250,0.01,none,Raw,500,0.0003769182097042,0.0,8.251044354711411e-20,0.0003769182097042,0.0003769182097042,0.0003769182097042,0.0,0.01,0.0,0.0328995271426637,0.0,0.0,-1.777975737172942e-05,9.960725270846225e-07,,
ar,normal,0.5,250,0.01,none,Shift-CP,500,0.00039469796707592943,1.7779757371710164e-05,9.960725270846227e-07,0.00038679163827635,0.00042524952774955,0.0004684718137510209,0.07018319832949302,0.008668575730235708,2.562390873448677e-05,0.0529262163841037,1.777975737172942e-05,9.960725270846225e-07,0.0,0.0,,
ar,normal,0.5,250,0.01,none,Shift-ERM,500,0.00039140002414556486,1.448181444134496e-05,9.982883098230874e-07,0.00038279961411775,0.00041539058853861,0.0004901965163542629,0.09906368837406286,0.012557597915746536,1.4954337569160053e-05,0.0509168588462973,1.4481814441364819e-05,9.982883098230876e-07,-3.2979429303645976e-06,9.349737584425704e-07,,
ar,normal,0.5,250,0.05,constant,POT80-Shift,500,0.0014777652818615144,1.920706803271948e-05,1.1498257608608252e-06,0.0014667817822201,0.0015139774625393902,0.0015693586083578269,0.07705706388078247,0.051059308484898855,5.294413642701238e-06,0.0294740709983995,-3.3016658527585635e-05,1.1498257608608259e-06,-2.814754486099604e-06,6.801387755154873e-07,,
ar,normal,0.5,250,0.05,constant,POT90-Shift,500,0.0014795353111114284,2.0977097282633866e-05,1.299946158618768e-06,0.0014675801140869,0.0015159116579557001,0.001593153134196636,0.07826521421748682,0.0506741235705458,5.883833624921798e-06,0.0313373967467873,-3.124662927767163e-05,1.2999461586187681e-06,-1.0447252361855982e-06,6.54239265908061e-07,,
ar,normal,0.5,250,0.05,constant,Raw,500,0.0015107819403890996,5.222372656028037e-05,4.1740577323834194e-19,0.0015107819403891,0.0015107819403891,0.0015107819403891,0.01,0.08152999177511819,1.2499999999999982e-05,0.0197262091676007,0.0,0.0,3.0201904041486024e-05,1.3078984184562608e-06,,
ar,normal,0.5,250,0.05,constant,Shift-CP,500,0.001480580036347614,2.2021822518821046e-05,1.3078984184562613e-06,0.0014688061410124001,0.00151815352871644,0.0015904082836062689,0.0715837356909638,0.04930182735566164,6.239298093822211e-06,0.0297555579792044,-3.0201904041486024e-05,1.3078984184562608e-06,0.0,0.0,,
ar,normal,0.5,250,0.05,constant,Shift-ERM,500,0.001480446366444344,2.1888152615549045e-05,1.358272040208364e-06,0.00146830840909655,0.00151785830138196,0.001608025995039706,0.08005860740666461,0.05317239199596208,5.8452795070227395e-06,0.0292424436303907,-3.033557394475623e-05,1.3582720402083635e-06,-1.3366990327020158e-07,5.408792810622588e-07,,
ar,normal,0.5,250,0.05,none,POT80-Shift,500,0.0014777652818615144,1.920706803271948e-05,1.1498257608608252e-06,0.0014667817822201,0.0015139774625393902,0.0015693586083578269,0.07705706388078247,0.051059308484898855,5.294413642701238e-06,0.0294740709983995,1.920706803271447e-05,1.1498257608608259e-06,-2.814754486099604e-06,6.801387755154873e-07,,
ar,normal,0.5,250,0.05,none,POT90-Shift,500,0.0014795353111114284,2.0977097282633866e-05,1.299946158618768e-06,0.0014675801140869,0.0015159116579557001,0.001593153134196636,0.07826521421748682,0.0506741235705458,5.883833624921798e-06,0.0313373967467873,2.0977097282628475e-05,1.299946158618768e-06,-1.0447252361855982e-06,6.54239265908061e-07,,
ar,normal,0.5,250,0.05,none,Raw,500,0.0014585582138288004,0.0,4.853555502771418e-19,0.0014585582138288,0.0014585582138288,0.0014585582138288,0.0,0.0499999999999999,0.0,0.0232617430735334,0.0,0.0,-2.2021822518814074e-05,1.3078984184562608e-06,,
ar,normal,0.5,250,0.05,none,Shift-CP,500,0.001480580036347614,2.2021822518821046e-05,1.3078984184562613e-06,0.0014688061410124001,0.00151815352871644,0.0015904082836062689,0.0715837356909638,0.04930182735566164,6.239298093822211e-06,0.0297555579792044,2.2021822518814074e-05,1.3078984184562608e-06,0.0,0.0,,
ar,normal,0.5,250,0.05,none,Shift-ERM,500,0.001480446366444344,2.1888152615549045e-05,1.358272040208364e-06,0.00146830840909655,0.00151785830138196,0.001608025995039706,0.08005860740666461,0.05317239199596208,5.8452795070227395e-06,0.0292424436303907,2.1888152615543874e-05,1.3582720402083637e-06,-1.3366990327020158e-07,5.408792810622588e-07,,
ar,normal,0.5,500,0.01,constant,POT80-Shift,500,0.0003822475283140562,5.329318609838483e-06,3.797320836711348e-07,0.0003789292276041,0.00039030064477005,0.000420874610181096,0.10144980528862654,0.011060936927029367,5.4698634608716875e-06,0.0410203119133233,-9.020554144143798e-06,3.797320836711347e-07,-1.7109147222143987e-06,3.5965498011418166e-07,,
ar,normal,0.5,500,0.01,constant,POT90-Shift,500,0.00038244010351880903,5.521893814590451e-06,3.9725471299470534e-07,0.00037914348619985,0.00039079787853771,0.00042659518729646495,0.10847352181072147,0.011281202940916713,5.587350814719421e-06,0.0411902575036659,-8.827978939391001e-06,3.972547129947053e-07,-1.5183395174616006e-06,3.273549451831425e-07,,
ar,normal,0.5,500,0.01,constant,Raw,500,0.0003912680824582001,1.4349872753942718e-05,1.941422201108567e-20,0.0003912680824582,0.0003912680824582,0.0003912680824582,0.01,0.0189308942655463,1.2499999999999982e-05,0.0293639932367309,0.0,0.0,7.3096394219294e-06,5.276242029751879e-07,,
ar,normal,0.5,500,0.01,constant,Shift-CP,500,0.0003839584430362706,7.040233332053241e-06,5.276242029751879e-07,0.00037974838696855,0.00039611061841269,0.00042704956532893794,0.11706525360412745,0.01047345811768967,7.6030596238689345e-06,0.0424789064313076,-7.3096394219294e-06,5.276242029751879e-07,0.0,0.0,,
ar,normal,0.5,500,0.01,constant,Shift-ERM,500,0.000384711784890022,7.79357518580304e-06,6.119814031723758e-07,0.0003800791770328,0.00039741481367042,0.000432635597910244,0.11878350326019643,0.012368788845867002,7.28079320629378e-06,0.0409361174645588,-6.556297568177999e-06,6.119814031723758e-07,7.533418537514014e-07,3.0293743765689004e-07,,
ar,normal,0.5,500,0.01,none,POT80-Shift,500,0.0003822475283140562,5.329318609838483e-06,3.797320836711348e-07,0.0003789292276041,0.00039030064477005,0.000420874610181096,0.10144980528862654,0.011060936927029367,5.4698634608716875e-06,0.0410203119133233,5.329318609856221e-06,3.797320836711347e-07,-1.7109147222143987e-06,3.5965498011418166e-07,,
ar,normal,0.5,500,0.01,none,POT90-Shift,500,0.00038244010351880903,5.521893814590451e-06,3.9725471299470534e-07,0.00037914348619985,0.00039079787853771,0.00042659518729646495,0.10847352181072147,0.011281202940916713,5.587350814719421e-06,0.0411902575036659,5.521893814609019e-06,3.972547129947053e-07,-1.5183395174616006e-06,3.273549451831425e-07,,
ar,normal,0.5,500,0.01,none,Raw,500,0.0003769182097042,0.0,8.251044354711411e-20,0.0003769182097042,0.0003769182097042,0.0003769182097042,0.0,0.01,0.0,0.0328995271426637,0.0,0.0,-7.040233332070619e-06,5.276242029751879e-07,,
ar,normal,0.5,500,0.01,none,Shift-CP,500,0.0003839584430362706,7.040233332053241e-06,5.276242029751879e-07,0.00037974838696855,0.00039611061841269,0.00042704956532893794,0.11706525360412745,0.01047345811768967,7.6030596238689345e-06,0.0424789064313076,7.040233332070619e-06,5.276242029751879e-07,0.0,0.0,,
ar,normal,0.5,500,0.01,none,Shift-ERM,500,0.000384711784890022,7.79357518580304e-06,6.119814031723758e-07,0.0003800791770328,0.00039741481367042,0.000432635597910244,0.11878350326019643,0.012368788845867002,7.28079320629378e-06,0.0409361174645588,7.793575185822021e-06,6.119814031723759e-07,7.533418537514014e-07,3.0293743765689004e-07,,
ar,normal,0.5,500,0.05,constant,POT80-Shift,500,0.001468511614392895,9.9534005641008e-06,6.383134497672876e-07,0.0014628908154916999,0.0014850025481754,0.001524503007080892,0.08205888831096875,0.05063561106619916,2.702425537186431e-06,0.0277274592888379,-4.227032599620483e-05,6.383134497672877e-07,-1.0941269912228012e-06,3.356414534508244e-07,,
ar,normal,0.5,500,0.05,constant,POT90-Shift,500,0.001469124949010394,1.0566735181598847e-05,6.789067278912325e-07,0.0014634075283753499,0.0014851032334782799,0.001526769849922552,0.08635501239652989,0.051191318484147895,2.8469077774210914e-06,0.0281026157257028,-4.165699137870603e-05,6.789067278912318e-07,-4.807923737239982e-07,3.109902937750033e-07,,
ar,normal,0.5,500,0.05,constant,Raw,500,0.0015107819403890996,5.222372656028037e-05,4.1740577323834194e-19,0.0015107819403891,0.0015107819403891,0.0015107819403891,0.01,0.08152999177511819,1.2499999999999982e-05,0.0197262091676007,0.0,0.0,4.1176199004982036e-05,7.05868039138692e-07,,
ar,normal,0.5,500,0.05,constant,Shift-CP,500,0.001469605741384118,1.1047527555327646e-05,7.058680391386919e-07,0.00146401167913515,0.00148789353544552,0.001528813578760243,0.09177739698456043,0.05113053944541092,2.988193870432799e-06,0.0284455969461163,-4.1176199004982036e-05,7.05868039138692e-07,0.0,0.0,,
ar,normal,0.5,500,0.05,constant,Shift-ERM,500,0.0014699543423835908,1.1396128554795566e-05,7.531765579822273e-07,0.00146371196966795,0.00149021432835517,0.001535983229147308,0.09378515591128836,0.053112419902696474,2.9958964577252323e-06,0.028183259343365,-4.082759800550923e-05,7.531765579822266e-07,3.486009994728011e-07,1.9858108194995168e-07,,
ar,normal,0.5,500,0.05,none,POT80-Shift,500,0.001468511614392895,9.9534005641008e-06,6.383134497672876e-07,0.0014628908154916999,0.0014850025481754,0.001524503007080892,0.08205888831096875,0.05063561106619916,2.702425537186431e-06,0.0277274592888379,9.953400564095271e-06,6.383134497672876e-07,-1.0941269912228012e-06,3.356414534508244e-07,,
ar,normal,0.5,500,0.05,none,POT90-Shift,500,0.001469124949010394,1.0566735181598847e-05,6.789067278912325e-07,0.0014634075283753499,0.0014851032334782799,0.001526769849922552,0.08635501239652989,0.051191318484147895,2.8469077774210914e-06,0.0281026157257028,1.0566735181594075e-05,6.789067278912319e-07,-4.807923737239982e-07,3.109902937750033e-07,,
ar,normal,0.5,500,0.05,none,Raw,500,0.0014585582138288004,0.0,4.853555502771418e-19,0.0014585582138288,0.0014585582138288,0.0014585582138288,0.0,0.0499999999999999,0.0,0.0232617430735334,0.0,0.0,-1.1047527555318074e-05,7.058680391386919e-07,,
ar,normal,0.5,500,0.05,none,Shift-CP,500,0.001469605741384118,1.1047527555327646e-05,7.058680391386919e-07,0.00146401167913515,0.00148789353544552,0.001528813578760243,0.09177739698456043,0.05113053944541092,2.988193870432799e-06,0.0284455969461163,1.1047527555318074e-05,7.058680391386919e-07,0.0,0.0,,
ar,normal,0.5,500,0.05,none,Shift-ERM,500,0.0014699543423835908,1.1396128554795566e-05,7.531765579822273e-07,0.00146371196966795,0.00149021432835517,0.001535983229147308,0.09378515591128836,0.053112419902696474,2.9958964577252323e-06,0.028183259343365,1.1396128554790876e-05,7.53176557982227e-07,3.486009994728011e-07,1.9858108194995168e-07,,
ar,normal,0.5,1000,0.01,constant,POT80-Shift,500,0.00037947225489733317,2.5540451931179023e-06,1.6356860531898427e-07,0.000378115094368,0.0003837758592244,0.000395011892243801,0.0841720699184067,0.010109206563133409,2.764750113720688e-06,0.0383407930762749,-1.17958275608668e-05,1.6356860531898416e-07,-6.387798709542e-07,1.4267688098565515e-07,,
ar,normal,0.5,1000,0.01,constant,POT90-Shift,500,0.000379530061705086,2.611852000867961e-06,1.740251448693181e-07,0.00037818224331445,0.0003833064442462,0.00039669253381211596,0.09472287056846924,0.010469678541689887,2.7451109673168838e-06,0.0385082886205346,-1.1738020753114e-05,1.740251448693181e-07,-5.809730632014004e-07,1.336877914985985e-07,,
ar,normal,0.5,1000,0.01,constant,Raw,500,0.0003912680824582001,1.4349872753942718e-05,1.941422201108567e-20,0.0003912680824582,0.0003912680824582,0.0003912680824582,0.01,0.0189308942655463,1.2499999999999982e-05,0.0293639932367309,0.0,0.0,1.11570476899126e-05,2.1368796799979316e-07,,
ar,normal,0.5,1000,0.01,constant,Shift-CP,500,0.0003801110347682874,3.1928250640684335e-06,2.136879679997932e-07,0.0003783694401046,0.00038506200608957,0.000399454351466864,0.0931264703215542,0.010233208529303007,3.464609702516313e-06,0.0407414035778775,-1.11570476899126e-05,2.1368796799979316e-07,0.0,0.0,,
ar,normal,0.5,1000,0.01,constant,Shift-ERM,500,0.00038029443480577297,3.3762251015553693e-06,2.252916841406825e-07,0.0003783810467474,0.00038525512735428,0.000401423496217827,0.09468688665032637,0.011116762661915051,3.4358215635467375e-06,0.0404905326439754,-1.0973647652426997e-05,2.252916841406826e-07,1.8340003748559982e-07,8.28269317586136e-08,,
ar,normal,0.5,1000,0.01,none,POT80-Shift,500,0.00037947225489733317,2.5540451931179023e-06,1.6356860531898427e-07,0.000378115094368,0.0003837758592244,0.000395011892243801,0.0841720699184067,0.010109206563133409,2.764750113720688e-06,0.0383407930762749,2.554045193133219e-06,1.6356860531898421e-07,-6.387798709542e-07,1.4267688098565515e-07,,
ar,normal,0.5,1000,0.01,none,POT90-Shift,500,0.000379530061705086,2.611852000867961e-06,1.740251448693181e-07,0.00037818224331445,0.0003833064442462,0.00039669253381211596,0.09472287056846924,0.010469678541689887,2.7451109673168838e-06,0.0385082886205346,2.611852000886019e-06,1.7402514486931808e-07,-5.809730632014004e-07,1.336877914985985e-07,,
ar,normal,0.5,1000,0.01,none,Raw,500,0.0003769182097042,0.0,8.251044354711411e-20,0.0003769182097042,0.0003769182097042,0.0003769182097042,0.0,0.01,0.0,0.0328995271426637,0.0,0.0,-3.1928250640874193e-06,2.1368796799979313e-07,,
ar,normal,0.5,1000,0.01,none,Shift-CP,500,0.0003801110347682874,3.1928250640684335e-06,2.136879679997932e-07,0.0003783694401046,0.00038506200608957,0.000399454351466864,0.0931264703215542,0.010233208529303007,3.464609702516313e-06,0.0407414035778775,3.1928250640874193e-06,2.1368796799979313e-07,0.0,0.0,,
ar,normal,0.5,1000,0.01,none,Shift-ERM,500,0.00038029443480577297,3.3762251015553693e-06,2.252916841406825e-07,0.0003783810467474,0.00038525512735428,0.000401423496217827,0.09468688665032637,0.011116762661915051,3.4358215635467375e-06,0.0404905326439754,3.3762251015730193e-06,2.252916841406827e-07,1.8340003748559982e-07,8.28269317586136e-08,,
ar,normal,0.5,1000,0.05,constant,POT80-Shift,500,0.001463155711343245,4.59749751445032e-06,3.043990880393301e-07,0.00146047869236735,0.0014712616454501,0.001490834254179223,0.08879559798628922,0.049906678932757444,1.26676542153843e-06,0.0265829379585999,-4.7626229045855024e-05,3.0439908803933015e-07,-6.500821338503966e-07,1.5352494163478115e-07,,
ar,normal,0.5,1000,0.05,constant,POT90-Shift,500,0.0014633708940047755,4.8126801759812405e-06,3.2542828653858315e-07,0.00146064829235825,0.00147190458641879,0.0014930850176890279,0.09304539992639849,0.050677082998461825,1.3099341566900885e-06,0.0268009122061741,-4.741104638432463e-05,3.2542828653858304e-07,-4.3489947232000026e-07,1.3617201218519033e-07,,
ar,normal,0.5,1000,0.05,constant,Raw,500,0.0015107819403890996,5.222372656028037e-05,4.1740577323834194e-19,0.0015107819403891,0.0015107819403891,0.0015107819403891,0.01,0.08152999177511819,1.2499999999999982e-05,0.0197262091676007,0.0,0.0,4.697614691200463e-05,3.387273765853983e-07,,
ar,normal,0.5,1000,0.05,constant,Shift-CP,500,0.0014638057934770953,5.247579648303184e-06,3.387273765853982e-07,0.00146093011539435,0.00147270055240352,0.001491731072604767,0.08558143797475103,0.05028792295784817,1.439622667414336e-06,0.0265547039889903,-4.697614691200463e-05,3.387273765853983e-07,0.0,0.0,,
ar,normal,0.5,1000,0.05,constant,Shift-ERM,500,0.0014638739258115883,5.3157119827962485e-06,3.440100600353876e-07,0.00146087507139625,0.00147336097214939,0.001491410156938786,0.08821069303521122,0.051272021768870954,1.436553650060729e-06,0.0264546362571585,-4.6908014577511634e-05,3.4401006003538763e-07,6.813233449299693e-08,7.111839714810998e-08,,
ar,normal,0.5,1000,0.05,none,POT80-Shift,500,0.001463155711343245,4.59749751445032e-06,3.043990880393301e-07,0.00146047869236735,0.0014712616454501,0.001490834254179223,0.08879559798628922,0.049906678932757444,1.26676542153843e-06,0.0265829379585999,4.597497514445077e-06,3.0439908803933015e-07,-6.500821338503966e-07,1.5352494163478115e-07,,
ar,normal,0.5,1000,0.05,none,POT90-Shift,500,0.0014633708940047755,4.8126801759812405e-06,3.2542828653858315e-07,0.00146064829235825,0.00147190458641879,0.0014930850176890279,0.09304539992639849,0.050677082998461825,1.3099341566900885e-06,0.0268009122061741,4.812680175975474e-06,3.2542828653858304e-07,-4.3489947232000026e-07,1.3617201218519033e-07,,
ar,normal,0.5,1000,0.05,none,Raw,500,0.0014585582138288004,0.0,4.853555502771418e-19,0.0014585582138288,0.0014585582138288,0.0014585582138288,0.0,0.0499999999999999,0.0,0.0232617430735334,0.0,0.0,-5.247579648295474e-06,3.387273765853983e-07,,
ar,normal,0.5,1000,0.05,none,Shift-CP,500,0.0014638057934770953,5.247579648303184e-06,3.387273765853982e-07,0.00146093011539435,0.00147270055240352,0.001491731072604767,0.08558143797475103,0.05028792295784817,1.439622667414336e-06,0.0265547039889903,5.247579648295474e-06,3.387273765853983e-07,0.0,0.0,,
ar,normal,0.5,1000,0.05,none,Shift-ERM,500,0.0014638739258115883,5.3157119827962485e-06,3.440100600353876e-07,0.00146087507139625,0.00147336097214939,0.001491410156938786,0.08821069303521122,0.051272021768870954,1.436553650060729e-06,0.0264546362571585,5.315711982788471e-06,3.4401006003538763e-07,6.813233449299693e-08,7.111839714810998e-08,,
ar,normal,0.8,125,0.01,constant,POT80-Shift,500,0.0004472723873273808,7.035417762315544e-05,5.087721185612035e-06,0.0004041123985187,0.00059292475214835,0.0009377367393957749,0.09788576847938328,0.02588559073150043,4.737053550252071e-05,0.0550102394482961,5.60043048691808e-05,5.087721185612036e-06,2.0127322013021e-05,2.478067637215224e-06,,
ar,normal,0.8,125,0.01,constant,POT90-Shift,500,0.0004271450653143598,5.0226855610135954e-05,3.5922486348843936e-06,0.0003987774998301,0.00051237586026627,0.0007834400857751844,0.10485438497830632,0.017421127167677634,5.046941196304581e-05,0.0581822828018664,3.5876982856159795e-05,3.5922486348843936e-06,0.0,0.0,,
ar,normal,0.8,125,0.01,constant,Raw,500,0.0003912680824582001,1.4349872753942718e-05,1.941422201108567e-20,0.0003912680824582,0.0003912680824582,0.0003912680824582,0.01,0.0189308942655463,1.2499999999999982e-05,0.0293639932367309,0.0,0.0,-3.5876982856159795e-05,3.5922486348843936e-06,,
ar,normal,0.8,125,0.01,constant,Shift-CP,500,0.0004271450653143598,5.0226855610135954e-05,3.5922486348843936e-06,0.0003987774998301,0.00051237586026627,0.0007834400857751844,0.10485438497830632,0.017421127167677634,5.046941196304581e-05,0.0581822828018664,3.5876982856159795e-05,3.5922486348843936e-06,0.0,0.0,,
ar,normal,0.8,125,0.01,constant,Shift-ERM,500,0.0004556031876386624,7.868497793443377e-05,5.452192506448867e-06,0.00040667291294955,0.0005894540190132404,0.0009569089209333817,0.08897237834408218,0.027240254691958704,5.2733282512596695e-05,0.0540596276725564,6.433510518046242e-05,5.452192506448868e-06,2.84581223243026e-05,3.2163098201739654e-06,,
ar,normal,0.8,125,0.01,none,POT80-Shift,500,0.0004472723873273808,7.035417762315544e-05,5.087721185612035e-06,0.0004041123985187,0.00059292475214835,0.0009377367393957749,0.09788576847938328,0.02588559073150043,4.737053550252071e-05,0.0550102394482961,7.035417762318084e-05,5.087721185612036e-06,2.0127322013021e-05,2.478067637215224e-06,,
ar,normal,0.8,125,0.01,none,POT90-Shift,500,0.0004271450653143598,5.0226855610135954e-05,3.5922486348843936e-06,0.0003987774998301,0.00051237586026627,0.0007834400857751844,0.10485438497830632,0.017421127167677634,5.046941196304581e-05,0.0581822828018664,5.022685561015982e-05,3.5922486348843936e-06,0.0,0.0,,
ar,normal,0.8,125,0.01,none,Raw,500,0.0003769182097042,0.0,8.251044354711411e-20,0.0003769182097042,0.0003769182097042,0.0003769182097042,0.0,0.01,0.0,0.0328995271426637,0.0,0.0,-5.022685561015982e-05,3.5922486348843936e-06,,
ar,normal,0.8,125,0.01,none,Shift-CP,500,0.0004271450653143598,5.0226855610135954e-05,3.5922486348843936e-06,0.0003987774998301,0.00051237586026627,0.0007834400857751844,0.10485438497830632,0.017421127167677634,5.046941196304581e-05,0.0581822828018664,5.022685561015982e-05,3.5922486348843936e-06,0.0,0.0,,
ar,normal,0.8,125,0.01,none,Shift-ERM,500,0.0004556031876386624,7.868497793443377e-05,5.452192506448867e-06,0.00040667291294955,0.0005894540190132404,0.0009569089209333817,0.08897237834408218,0.027240254691958704,5.2733282512596695e-05,0.0540596276725564,7.868497793446241e-05,5.452192506448868e-06,2.84581223243026e-05,3.2163098201739654e-06,,
ar,normal,0.8,125,0.05,constant,POT80-Shift,500,0.001555188806751553,9.66305929227491e-05,6.334149173012772e-06,0.00150074128767895,0.00171966019500896,0.002185230495042303,0.08299021271152779,0.06293895659908778,2.5536838623744298e-05,0.040709683675556,4.4406866362453174e-05,6.3341491730127695e-06,8.682137885756046e-07,2.142250383484119e-06,,
ar,normal,0.8,125,0.05,constant,POT90-Shift,500,0.0015543205929629774,9.576237913416941e-05,6.09188810412664e-06,0.0015021316087691998,0.00171756126450734,0.002131219873902962,0.07491422091904382,0.06071075755927737,2.6105895565203195e-05,0.0405977449748793,4.353865257387757e-05,6.091888104126639e-06,0.0,0.0,,
ar,normal,0.8,125,0.05,constant,Raw,500,0.0015107819403890996,5.222372656028037e-05,4.1740577323834194e-19,0.0015107819403891,0.0015107819403891,0.0015107819403891,0.01,0.08152999177511819,1.2499999999999982e-05,0.0197262091676007,0.0,0.0,-4.353865257387757e-05,6.091888104126639e-06,,
ar,normal,0.8,125,0.05,constant,Shift-CP,500,0.0015543205929629774,9.576237913416941e-05,6.09188810412664e-06,0.0015021316087691998,0.00171756126450734,0.002131219873902962,0.07491422091904382,0.06071075755927737,2.6105895565203195e-05,0.0405977449748793,4.353865257387757e-05,6.091888104126639e-06,0.0,0.0,,
ar,normal,0.8,125,0.05,constant,Shift-ERM,500,0.0015637047308907995,0.0001051465170619948,7.0758470549815755e-06,0.0015035111909380999,0.00173660667919373,0.0022173572326827286,0.08463247316474619,0.0691557914413169,2.5575400157080755e-05,0.0395848736483532,5.2922790501699566e-05,7.0758470549815755e-06,9.384137927822e-06,2.6259280829149537e-06,,
ar,normal,0.8,125,0.05,none,POT80-Shift,500,0.001555188806751553,9.66305929227491e-05,6.334149173012772e-06,0.00150074128767895,0.00171966019500896,0.002185230495042303,0.08299021271152779,0.06293895659908778,2.5536838623744298e-05,0.040709683675556,9.663059292275328e-05,6.3341491730127695e-06,8.682137885756046e-07,2.142250383484119e-06,,
ar,normal,0.8,125,0.05,none,POT90-Shift,500,0.0015543205929629774,9.576237913416941e-05,6.09188810412664e-06,0.0015021316087691998,0.00171756126450734,0.002131219873902962,0.07491422091904382,0.06071075755927737,2.6105895565203195e-05,0.0405977449748793,9.576237913417768e-05,6.091888104126639e-06,0.0,0.0,,
ar,normal,0.8,125,0.05,none,Raw,500,0.0014585582138288004,0.0,4.853555502771418e-19,0.0014585582138288,0.0014585582138288,0.0014585582138288,0.0,0.0499999999999999,0.0,0.0232617430735334,0.0,0.0,-9.576237913417768e-05,6.091888104126639e-06,,
ar,normal,0.8,125,0.05,none,Shift-CP,500,0.0015543205929629774,9.576237913416941e-05,6.09188810412664e-06,0.0015021316087691998,0.00171756126450734,0.002131219873902962,0.07491422091904382,0.06071075755927737,2.6105895565203195e-05,0.0405977449748793,9.576237913417768e-05,6.091888104126639e-06,0.0,0.0,,
ar,normal,0.8,125,0.05,none,Shift-ERM,500,0.0015637047308907995,0.0001051465170619948,7.0758470549815755e-06,0.0015035111909380999,0.00173660667919373,0.0022173572326827286,0.08463247316474619,0.0691557914413169,2.5575400157080755e-05,0.0395848736483532,0.00010514651706199967,7.075847054981577e-06,9.384137927822e-06,2.6259280829149537e-06,,
ar,normal,0.8,250,0.01,constant,POT80-Shift,500,0.00041005828615612563,3.3140076451903704e-05,2.5960023020160664e-06,0.00039040189455325,0.00046049306529199005,0.000650032526042442,0.12208644141792808,0.017874812298138372,2.613508454829339e-05,0.0490735763607516,1.87902036979256e-05,2.5960023020160664e-06,1.6460023823662013e-06,1.508973797539649e-06,,
ar,normal,0.8,250,0.01,constant,POT90-Shift,500,0.0004096093840274532,3.2691174323230475e-05,2.533014652437328e-06,0.0003897421499153,0.00046080646331633,0.0006218657333496745,0.12183131945562446,0.01744780089089907,2.6690522568539148e-05,0.0494448426101296,1.83413015692532e-05,2.533014652437329e-06,1.1971002536938008e-06,1.4018145745360217e-06,,
ar,normal,0.8,250,0.01,constant,Raw,500,0.0003912680824582001,1.4349872753942718e-05,1.941422201108567e-20,0.0003912680824582,0.0003912680824582,0.0003912680824582,0.01,0.0189308942655463,1.2499999999999982e-05,0.0293639932367309,0.0,0.0,-1.71442013155594e-05,2.1757093751922134e-06,,
ar,normal,0.8,250,0.01,constant,Shift-CP,500,0.00040841228377375935,3.149407406953948e-05,2.1757093751922134e-06,0.00038990040529125,0.00045360746959181,0.0006103919227459224,0.104686030942716,0.013156229978580366,3.840099528569521e-05,0.0672237274242058,1.71442013155594e-05,2.1757093751922134e-06,0.0,0.0,,
ar,normal,0.8,250,0.01,constant,Shift-ERM,500,0.00041273117024388307,3.581296053966144e-05,2.7867397320619648e-06,0.00039078267732689997,0.00047335457172421,0.0007005535921324799,0.11785909822426263,0.01734940544251225,3.07409995594715e-05,0.0527390312866715,2.1463087785683004e-05,2.7867397320619648e-06,4.3188864701236004e-06,1.458315948888116e-06,,
ar,normal,0.8,250,0.01,none,POT80-Shift,500,0.00041005828615612563,3.3140076451903704e-05,2.5960023020160664e-06,0.00039040189455325,0.00046049306529199005,0.000650032526042442,0.12208644141792808,0.017874812298138372,2.613508454829339e-05,0.0490735763607516,3.314007645192562e-05,2.596002302016067e-06,1.6460023823662013e-06,1.508973797539649e-06,,
ar,normal,0.8,250,0.01,none,POT90-Shift,500,0.0004096093840274532,3.2691174323230475e-05,2.533014652437328e-06,0.0003897421499153,0.00046080646331633,0.0006218657333496745,0.12183131945562446,0.01744780089089907,2.6690522568539148e-05,0.0494448426101296,3.2691174323253216e-05,2.533014652437329e-06,1.1971002536938008e-06,1.4018145745360217e-06,,
ar,normal,0.8,250,0.01,none,Raw,500,0.0003769182097042,0.0,8.251044354711411e-20,0.0003769182097042,0.0003769182097042,0.0003769182097042,0.0,0.01,0.0,0.0328995271426637,0.0,0.0,-3.149407406955942e-05,2.1757093751922134e-06,,
ar,normal,0.8,250,0.01,none,Shift-CP,500,0.00040841228377375935,3.149407406953948e-05,2.1757093751922134e-06,0.00038990040529125,0.00045360746959181,0.0006103919227459224,0.104686030942716,0.013156229978580366,3.840099528569521e-05,0.0672237274242058,3.149407406955942e-05,2.1757093751922134e-06,0.0,0.0,,
ar,normal,0.8,250,0.01,none,Shift-ERM,500,0.00041273117024388307,3.581296053966144e-05,2.7867397320619648e-06,0.00039078267732689997,0.00047335457172421,0.0007005535921324799,0.11785909822426263,0.01734940544251225,3.07409995594715e-05,0.0527390312866715,3.581296053968302e-05,2.7867397320619648e-06,4.3188864701236004e-06,1.458315948888116e-06,,
ar,normal,0.8,250,0.05,constant,POT80-Shift,500,0.0015093783109289421,5.0820097100141456e-05,3.2339763683710632e-06,0.0014832124784659,0.00159711913251722,0.0018641971882961876,0.09245199075665131,0.05647294426292866,1.350199896858955e-05,0.033501127525698,-1.4036294601578238e-06,3.2339763683710632e-06,-3.0811743548827915e-06,1.2436478291267509e-06,,
ar,normal,0.8,250,0.05,constant,POT90-Shift,500,0.0015129816318120045,5.44234179832012e-05,3.407059039776609e-06,0.0014837542973852999,0.00160603080950352,0.0018371625556898316,0.08806200690676826,0.05458910062268171,1.525059386867664e-05,0.0350888380965692,2.1996914229045764e-06,3.4070590397766082e-06,5.221465281796083e-07,1.2721223325917016e-06,,
ar,normal,0.8,250,0.05,constant,Raw,500,0.0015107819403890996,5.222372656028037e-05,4.1740577323834194e-19,0.0015107819403891,0.0015107819403891,0.0015107819403891,0.01,0.08152999177511819,1.2499999999999982e-05,0.0197262091676007,0.0,0.0,-1.6775448947249681e-06,3.3286991466107523e-06,,
ar,normal,0.8,250,0.05,constant,Shift-CP,500,0.0015124594852838251,5.3901271455024865e-05,3.3286991466107545e-06,0.00148499905807945,0.0016139161358510602,0.0018879048066374998,0.08794209348195076,0.0539122875417438,1.5162034136532605e-05,0.0342282659950992,1.6775448947249681e-06,3.3286991466107523e-06,0.0,0.0,,
ar,normal,0.8,250,0.05,constant,Shift-ERM,500,0.0015146503051204254,5.609209129162154e-05,3.5442405249019045e-06,0.00148570400892135,0.00161013846417967,0.0019098664079700979,0.09218797348931067,0.05792883870112624,1.4823720303157557e-05,0.0326770288599655,3.868364731325376e-06,3.544240524901904e-06,2.190819836600407e-06,9.709635593667002e-07,,
ar,normal,0.8,250,0.05,none,POT80-Shift,500,0.0015093783109289421,5.0820097100141456e-05,3.2339763683710632e-06,0.0014832124784659,0.00159711913251722,0.0018641971882961876,0.09245199075665131,0.05647294426292866,1.350199896858955e-05,0.033501127525698,5.0820097100142276e-05,3.2339763683710632e-06,-3.0811743548827915e-06,1.2436478291267509e-06,,
ar,normal,0.8,250,0.05,none,POT90-Shift,500,0.0015129816318120045,5.44234179832012e-05,3.407059039776609e-06,0.0014837542973852999,0.00160603080950352,0.0018371625556898316,0.08806200690676826,0.05458910062268171,1.525059386867664e-05,0.0350888380965692,5.442341798320468e-05,3.407059039776609e-06,5.221465281796083e-07,1.2721223325917016e-06,,
ar,normal,0.8,250,0.05,none,Raw,500,0.0014585582138288004,0.0,4.853555502771418e-19,0.0014585582138288,0.0014585582138288,0.0014585582138288,0.0,0.0499999999999999,0.0,0.0232617430735334,0.0,0.0,-5.390127145502507e-05,3.3286991466107523e-06,,
ar,normal,0.8,250,0.05,none,Shift-CP,500,0.0015124594852838251,5.3901271455024865e-05,3.3286991466107545e-06,0.00148499905807945,0.0016139161358510602,0.0018879048066374998,0.08794209348195076,0.0539122875417438,1.5162034136532605e-05,0.0342282659950992,5.390127145502507e-05,3.3286991466107523e-06,0.0,0.0,,
ar,normal,0.8,250,0.05,none,Shift-ERM,500,0.0015146503051204254,5.609209129162154e-05,3.5442405249019045e-06,0.00148570400892135,0.00161013846417967,0.0019098664079700979,0.09218797348931067,0.05792883870112624,1.4823720303157557e-05,0.0326770288599655,5.609209129162547e-05,3.5442405249019045e-06,2.190819836600407e-06,9.709635593667002e-07,,
ar,normal,0.8,500,0.01,constant,POT80-Shift,500,0.000391532008476706,1.4613798772482959e-05,1.0186406094896576e-06,0.00038218870262764996,0.00041858994117899,0.000481560378953348,0.09373476412418538,0.013606356620066094,1.3303555507896426e-05,0.0432265576655953,2.639260185059997e-07,1.0186406094896578e-06,-1.855889851837001e-06,5.842201447812831e-07,,
ar,normal,0.8,500,0.01,constant,POT90-Shift,500,0.0003921070639169236,1.5188854212706646e-05,1.0820410127539143e-06,0.00038253913344434996,0.000419689596376,0.00048403945792452097,0.09797220985312385,0.01371638982691884,1.3801598184728018e-05,0.0437296632530516,8.38981458723601e-07,1.0820410127539147e-06,-1.2808344116194e-06,4.95221262037893e-07,,
ar,normal,0.8,500,0.01,constant,Raw,500,0.0003912680824582001,1.4349872753942718e-05,1.941422201108567e-20,0.0003912680824582,0.0003912680824582,0.0003912680824582,0.01,0.0189308942655463,1.2499999999999982e-05,0.0293639932367309,0.0,0.0,-2.1198158703430007e-06,1.1969087970409957e-06,,
ar,normal,0.8,500,0.01,constant,Shift-CP,500,0.00039338789832854304,1.646968862432406e-05,1.1969087970409957e-06,0.00038404966804930004,0.00041976001208907,0.000500986438690423,0.10756228725499087,0.01270001036274408,1.6653179516945388e-05,0.0471208542600569,2.1198158703430007e-06,1.1969087970409957e-06,0.0,0.0,,
ar,normal,0.8,500,0.01,constant,Shift-ERM,500,0.0003952729354451922,1.835472574097426e-05,1.352381227161113e-06,0.00038330204342655,0.00042817501740425,0.0005072785265260119,0.1051960741756151,0.014749179607198114,1.605036275329849e-05,0.0464042654193795,4.004852986992201e-06,1.3523812271611128e-06,1.8850371166491998e-06,4.646767204918277e-07,,
ar,normal,0.8,500,0.01,none,POT80-Shift,500,0.000391532008476706,1.4613798772482959e-05,1.0186406094896576e-06,0.00038218870262764996,0.00041858994117899,0.000481560378953348,0.09373476412418538,0.013606356620066094,1.3303555507896426e-05,0.0432265576655953,1.4613798772506018e-05,1.0186406094896578e-06,-1.855889851837001e-06,5.842201447812831e-07,,
ar,normal,0.8,500,0.01,none,POT90-Shift,500,0.0003921070639169236,1.5188854212706646e-05,1.0820410127539143e-06,0.00038253913344434996,0.000419689596376,0.00048403945792452097,0.09797220985312385,0.01371638982691884,1.3801598184728018e-05,0.0437296632530516,1.5188854212723621e-05,1.0820410127539147e-06,-1.2808344116194e-06,4.95221262037893e-07,,
ar,normal,0.8,500,0.01,none,Raw,500,0.0003769182097042,0.0,8.251044354711411e-20,0.0003769182097042,0.0003769182097042,0.0003769182097042,0.0,0.01,0.0,0.0328995271426637,0.0,0.0,-1.6469688624343018e-05,1.1969087970409957e-06,,
ar,normal,0.8,500,0.01,none,Shift-CP,500,0.00039338789832854304,1.646968862432406e-05,1.1969087970409957e-06,0.00038404966804930004,0.00041976001208907,0.000500986438690423,0.10756228725499087,0.01270001036274408,1.6653179516945388e-05,0.0471208542600569,1.6469688624343018e-05,1.1969087970409957e-06,0.0,0.0,,
ar,normal,0.8,500,0.01,none,Shift-ERM,500,0.0003952729354451922,1.835472574097426e-05,1.352381227161113e-06,0.00038330204342655,0.00042817501740425,0.0005072785265260119,0.1051960741756151,0.014749179607198114,1.605036275329849e-05,0.0464042654193795,1.8354725740992222e-05,1.3523812271611128e-06,1.8850371166491998e-06,4.646767204918277e-07,,
ar,normal,0.8,500,0.05,constant,POT80-Shift,500,0.0014849535371470783,2.63953233182824e-05,1.6844461029705023e-06,0.0014694029894688002,0.00153093406580243,0.001630702685162736,0.07838343568169757,0.05367904844755298,7.021687840064319e-06,0.0305558014454337,-2.582840324202163e-05,1.6844461029705018e-06,-1.0500483981766042e-06,5.736436054686594e-07,,
ar,normal,0.8,500,0.05,constant,POT90-Shift,500,0.0014862460207695435,2.768780694074636e-05,1.7556774220034746e-06,0.00146929168059615,0.0015381442781234299,0.0016352667427111149,0.08015917136382533,0.05358134009165055,7.402543534114367e-06,0.0305082300806409,-2.453591961955643e-05,1.7556774220034752e-06,2.4243522428859686e-07,5.255728412274093e-07,,
ar,normal,0.8,500,0.05,constant,Raw,500,0.0015107819403890996,5.222372656028037e-05,4.1740577323834194e-19,0.0015107819403891,0.0015107819403891,0.0015107819403891,0.01,0.08152999177511819,1.2499999999999982e-05,0.0197262091676007,0.0,0.0,2.4778354843845024e-05,1.7288017013966967e-06,,
ar,normal,0.8,500,0.05,constant,Shift-CP,500,0.0014860035855452551,2.7445371716457195e-05,1.7288017013966956e-06,0.0014707606526212,0.0015334218521183501,0.0016476481015636271,0.07987078311954329,0.05381673337562265,7.316030807166117e-06,0.0304931747243696,-2.4778354843845024e-05,1.7288017013966967e-06,0.0,0.0,,
ar,normal,0.8,500,0.05,constant,Shift-ERM,500,0.0014868800768774303,2.8321863048633887e-05,1.8615362716761642e-06,0.00146963059916635,0.00153213712508898,0.00166632447304954,0.08275147562043761,0.05598406208031305,7.323426169656464e-06,0.0300874378246906,-2.3901863511669423e-05,1.8615362716761642e-06,8.764913321756039e-07,3.4904315558371737e-07,,
ar,normal,0.8,500,0.05,none,POT80-Shift,500,0.0014849535371470783,2.63953233182824e-05,1.6844461029705023e-06,0.0014694029894688002,0.00153093406580243,0.001630702685162736,0.07838343568169757,0.05367904844755298,7.021687840064319e-06,0.0305558014454337,2.6395323318278472e-05,1.6844461029705014e-06,-1.0500483981766042e-06,5.736436054686594e-07,,
ar,normal,0.8,500,0.05,none,POT90-Shift,500,0.0014862460207695435,2.768780694074636e-05,1.7556774220034746e-06,0.00146929168059615,0.0015381442781234299,0.0016352667427111149,0.08015917136382533,0.05358134009165055,7.402543534114367e-06,0.0305082300806409,2.7687806940743674e-05,1.7556774220034746e-06,2.4243522428859686e-07,5.255728412274093e-07,,
ar,normal,0.8,500,0.05,none,Raw,500,0.0014585582138288004,0.0,4.853555502771418e-19,0.0014585582138288,0.0014585582138288,0.0014585582138288,0.0,0.0499999999999999,0.0,0.0232617430735334,0.0,0.0,-2.7445371716455077e-05,1.7288017013966967e-06,,
ar,normal,0.8,500,0.05,none,Shift-CP,500,0.0014860035855452551,2.7445371716457195e-05,1.7288017013966956e-06,0.0014707606526212,0.0015334218521183501,0.0016476481015636271,0.07987078311954329,0.05381673337562265,7.316030807166117e-06,0.0304931747243696,2.7445371716455077e-05,1.7288017013966967e-06,0.0,0.0,,
ar,normal,0.8,500,0.05,none,Shift-ERM,500,0.0014868800768774303,2.8321863048633887e-05,1.8615362716761642e-06,0.00146963059916635,0.00153213712508898,0.00166632447304954,0.08275147562043761,0.05598406208031305,7.323426169656464e-06,0.0300874378246906,2.832186304863068e-05,1.8615362716761642e-06,8.764913321756039e-07,3.4904315558371737e-07,,
ar,normal,0.8,1000,0.01,constant,POT80-Shift,500,0.0003832334519377572,6.315242233538541e-06,4.304759403322025e-07,0.00037968435583770005,0.00039370914945411,0.000421401934485218,0.0984786098967632,0.011374636917109396,6.3663415340415474e-06,0.040272612083734,-8.034630520442799e-06,4.304759403322025e-07,-8.394368216600006e-07,2.2735551046622283e-07,,
ar,normal,0.8,1000,0.01,constant,POT90-Shift,500,0.00038350657406784836,6.5883643636314435e-06,4.4150110906915095e-07,0.00037989997250775,0.00039478922648804,0.000424968063339219,0.09577303570472225,0.011626217040590685,6.528737411473193e-06,0.0399356897827659,-7.761508390351599e-06,4.4150110906915127e-07,-5.66314691568801e-07,2.1649849196370638e-07,,
ar,normal,0.8,1000,0.01,constant,Raw,500,0.0003912680824582001,1.4349872753942718e-05,1.941422201108567e-20,0.0003912680824582,0.0003912680824582,0.0003912680824582,0.01,0.0189308942655463,1.2499999999999982e-05,0.0293639932367309,0.0,0.0,7.195193698782798e-06,4.2800484190716536e-07,,
ar,normal,0.8,1000,0.01,constant,Shift-CP,500,0.00038407288875941725,7.154679055200737e-06,4.280048419071655e-07,0.00038030942784935003,0.00039628450786259004,0.00042158910566194495,0.0722728226421317,0.011189436877254978,7.547093667550881e-06,0.0409782026779101,-7.195193698782798e-06,4.2800484190716536e-07,0.0,0.0,,
ar,normal,0.8,1000,0.01,constant,Shift-ERM,500,0.00038469301505969446,7.774805355476766e-06,4.850049903231257e-07,0.0003803184834749,0.0003984414180662,0.00042829472711804396,0.07687004197131288,0.01219814159529184,7.5816235674518675e-06,0.0403382051945636,-6.575067398505599e-06,4.850049903231257e-07,6.201263002771998e-07,1.6520874795762513e-07,,
ar,normal,0.8,1000,0.01,none,POT80-Shift,500,0.0003832334519377572,6.315242233538541e-06,4.304759403322025e-07,0.00037968435583770005,0.00039370914945411,0.000421401934485218,0.0984786098967632,0.011374636917109396,6.3663415340415474e-06,0.040272612083734,6.315242233557219e-06,4.3047594033220237e-07,-8.394368216600006e-07,2.2735551046622283e-07,,
ar,normal,0.8,1000,0.01,none,POT90-Shift,500,0.00038350657406784836,6.5883643636314435e-06,4.4150110906915095e-07,0.00037989997250775,0.00039478922648804,0.000424968063339219,0.09577303570472225,0.011626217040590685,6.528737411473193e-06,0.0399356897827659,6.588364363648419e-06,4.415011090691513e-07,-5.66314691568801e-07,2.1649849196370638e-07,,
ar,normal,0.8,1000,0.01,none,Raw,500,0.0003769182097042,0.0,8.251044354711411e-20,0.0003769182097042,0.0003769182097042,0.0003769182097042,0.0,0.01,0.0,0.0328995271426637,0.0,0.0,-7.15467905521722e-06,4.2800484190716536e-07,,
ar,normal,0.8,1000,0.01,none,Shift-CP,500,0.00038407288875941725,7.154679055200737e-06,4.280048419071655e-07,0.00038030942784935003,0.00039628450786259004,0.00042158910566194495,0.0722728226421317,0.011189436877254978,7.547093667550881e-06,0.0409782026779101,7.15467905521722e-06,4.2800484190716536e-07,0.0,0.0,,
ar,normal,0.8,1000,0.01,none,Shift-ERM,500,0.00038469301505969446,7.774805355476766e-06,4.850049903231257e-07,0.0003803184834749,0.0003984414180662,0.00042829472711804396,0.07687004197131288,0.01219814159529184,7.5816235674518675e-06,0.0403382051945636,7.77480535549442e-06,4.850049903231258e-07,6.201263002771998e-07,1.6520874795762513e-07,,
ar,normal,0.8,1000,0.05,constant,POT80-Shift,500,0.0014713194155768577,1.2761201748065116e-05,8.274686210133271e-07,0.0014638065175271,0.00149448649286805,0.0015384073711081309,0.08884840279805854,0.051321919345519766,3.5008522774621753e-06,0.0290999662289992,-3.946252481224243e-05,8.27468621013327e-07,-7.709158488340036e-07,2.896134984612724e-07,,
ar,normal,0.8,1000,0.05,constant,POT90-Shift,500,0.001471783276598442,1.3225062769650976e-05,8.423622443667406e-07,0.00146474807892135,0.00149595477675316,0.001537191594729218,0.08249613908934844,0.051822607437402954,3.6073411401335664e-06,0.02852467817651,-3.899866379065803e-05,8.423622443667409e-07,-3.0705482724960756e-07,2.5908321086511515e-07,,
ar,normal,0.8,1000,0.05,constant,Raw,500,0.0015107819403890996,5.222372656028037e-05,4.1740577323834194e-19,0.0015107819403891,0.0015107819403891,0.0015107819403891,0.01,0.08152999177511819,1.2499999999999982e-05,0.0197262091676007,0.0,0.0,3.8691608963408426e-05,8.451827405063784e-07,,
ar,normal,0.8,1000,0.05,constant,Shift-CP,500,0.0014720903314256917,1.3532117596898631e-05,8.451827405063781e-07,0.0014644349886071,0.0014948265596389399,0.0015439570952109451,0.07725037011845863,0.051843727732111745,3.697472857985156e-06,0.0287008520981366,-3.8691608963408426e-05,8.451827405063784e-07,0.0,0.0,,
ar,normal,0.8,1000,0.05,constant,Shift-ERM,500,0.001472214493447844,1.3656279619051174e-05,8.687137308734721e-07,0.0014646193711867,0.00149598626033826,0.001547374845471063,0.08517888016359698,0.05286784460644351,3.669241175774063e-06,0.0285867291043004,-3.856744694125623e-05,8.687137308734725e-07,1.241620221521973e-07,1.369112927202756e-07,,
ar,normal,0.8,1000,0.05,none,POT80-Shift,500,0.0014713194155768577,1.2761201748065116e-05,8.274686210133271e-07,0.0014638065175271,0.00149448649286805,0.0015384073711081309,0.08884840279805854,0.051321919345519766,3.5008522774621753e-06,0.0290999662289992,1.2761201748057676e-05,8.27468621013327e-07,-7.709158488340036e-07,2.896134984612724e-07,,
ar,normal,0.8,1000,0.05,none,POT90-Shift,500,0.001471783276598442,1.3225062769650976e-05,8.423622443667406e-07,0.00146474807892135,0.00149595477675316,0.001537191594729218,0.08249613908934844,0.051822607437402954,3.6073411401335664e-06,0.02852467817651,1.3225062769642072e-05,8.423622443667409e-07,-3.0705482724960756e-07,2.5908321086511515e-07,,
ar,normal,0.8,1000,0.05,none,Raw,500,0.0014585582138288004,0.0,4.853555502771418e-19,0.0014585582138288,0.0014585582138288,0.0014585582138288,0.0,0.0499999999999999,0.0,0.0232617430735334,0.0,0.0,-1.353211759689168e-05,8.451827405063785e-07,,
ar,normal,0.8,1000,0.05,none,Shift-CP,500,0.0014720903314256917,1.3532117596898631e-05,8.451827405063781e-07,0.0014644349886071,0.0014948265596389399,0.0015439570952109451,0.07725037011845863,0.051843727732111745,3.697472857985156e-06,0.0287008520981366,1.353211759689168e-05,8.451827405063785e-07,0.0,0.0,,
ar,normal,0.8,1000,0.05,none,Shift-ERM,500,0.001472214493447844,1.3656279619051174e-05,8.687137308734721e-07,0.0014646193711867,0.00149598626033826,0.001547374845471063,0.08517888016359698,0.05286784460644351,3.669241175774063e-06,0.0285867291043004,1.3656279619043878e-05,8.687137308734726e-07,1.241620221521973e-07,1.369112927202756e-07,,
ar,t5,0.0,125,0.01,constant,POT80-Shift,500,0.0005195906074649838,3.185143541795077e-05,2.1106290155553153e-06,0.0005004698128158499,0.00057465661614346,0.0006821378334064217,0.08985387722228223,0.014051569903931398,6.401972600258857e-05,0.0738760659852903,2.469847824018385e-05,2.1106290155553153e-06,-5.15723337524966e-05,5.42876221615584e-06,,
ar,t5,0.0,125,0.01,constant,POT90-Shift,500,0.0005711629412174803,8.342376917043861e-05,5.757438306380426e-06,0.00052180714962565,0.0007286036917493801,0.001120234908942541,0.0918399253103361,0.007964246829715351,0.0004304748876747659,0.1422492781257554,7.627081199268046e-05,5.7574383063804245e-06,0.0,0.0,,
ar,t5,0.0,125,0.01,constant,Raw,500,0.0004948921292247998,7.1529571777347654e-06,1.795815536025425e-19,0.0004948921292248,0.0004948921292248,0.0004948921292248,0.01,0.014339600148343004,1.2500000000000007e-05,0.0333254273906142,0.0,0.0,-7.627081199268046e-05,5.7574383063804245e-06,,
ar,t5,0.0,125,0.01,constant,Shift-CP,500,0.0005711629412174803,8.342376917043861e-05,5.757438306380426e-06,0.00052180714962565,0.0007286036917493801,0.001120234908942541,0.0918399253103361,0.007964246829715351,0.0004304748876747659,0.1422492781257554,7.627081199268046e-05,5.7574383063804245e-06,0.0,0.0,,
ar,t5,0.0,125,0.01,constant,Shift-ERM,500,0.0005258964806624196,3.815730861538605e-05,2.346578937440717e-06,0.0005045358853425,0.00059142276964518,0.0007253720613504439,0.08146598721551238,0.015584715595613087,7.36533145004596e-05,0.0717859841276054,3.100435143761966e-05,2.346578937440717e-06,-4.52664605550608e-05,5.798954451626199e-06,,
ar,t5,0.0,125,0.01,none,POT80-Shift,500,0.0005195906074649838,3.185143541795077e-05,2.1106290155553153e-06,0.0005004698128158499,0.00057465661614346,0.0006821378334064217,0.08985387722228223,0.014051569903931398,6.401972600258857e-05,0.0738760659852903,3.185143541798378e-05,2.110629015555315e-06,-5.15723337524966e-05,5.42876221615584e-06,,
ar,t5,0.0,125,0.01,none,POT90-Shift,500,0.0005711629412174803,8.342376917043861e-05,5.757438306380426e-06,0.00052180714962565,0.0007286036917493801,0.001120234908942541,0.0918399253103361,0.007964246829715351,0.0004304748876747659,0.1422492781257554,8.342376917048038e-05,5.7574383063804245e-06,0.0,0.0,,
ar,t5,0.0,125,0.01,none,Raw,500,0.000487739172047,0.0,9.707111005542837e-20,0.000487739172047,0.000487739172047,0.000487739172047,0.0,0.0099999999999993,0.0,0.0368609612965469,0.0,0.0,-8.342376917048038e-05,5.7574383063804245e-06,,
ar,t5,0.0,125,0.01,none,Shift-CP,500,0.0005711629412174803,8.342376917043861e-05,5.757438306380426e-06,0.00052180714962565,0.0007286036917493801,0.001120234908942541,0.0918399253103361,0.007964246829715351,0.0004304748876747659,0.1422492781257554,8.342376917048038e-05,5.7574383063804245e-06,0.0,0.0,,
ar,t5,0.0,125,0.01,none,Shift-ERM,500,0.0005258964806624196,3.815730861538605e-05,2.346578937440717e-06,0.0005045358853425,0.00059142276964518,0.0007253720613504439,0.08146598721551238,0.015584715595613087,7.36533145004596e-05,0.0717859841276054,3.8157308615419584e-05,2.346578937440717e-06,-4.52664605550608e-05,5.798954451626199e-06,,
ar,t5,0.0,125,0.05,constant,POT80-Shift,500,0.0016086818234309582,2.5693005458609245e-05,1.5779385293012732e-06,0.0015947156980596002,0.0016522385244536301,0.001755069673695616,0.0841508311617676,0.050858865483260664,9.395869638785953e-06,0.0336360663357037,-1.650757088994171e-05,1.577938529301272e-06,-1.1935275951332197e-05,1.7514422127825124e-06,,
ar,t5,0.0,125,0.05,constant,POT90-Shift,500,0.0016206170993822906,3.7628281409935596e-05,2.436352669983424e-06,0.00159862387290165,0.00169234267727818,0.0018502262075072089,0.07894231633214216,0.04703702823477305,1.5466876688802656e-05,0.0353896051218467,-4.572294938609511e-06,2.436352669983425e-06,0.0,0.0,,
ar,t5,0.0,125,0.05,constant,Raw,500,0.0016251893943209001,4.220057634851562e-05,5.533053273159417e-19,0.0016251893943209,0.0016251893943209,0.0016251893943209,0.01,0.07568601117269612,1.2499999999999982e-05,0.018538215064839,0.0,0.0,4.572294938609511e-06,2.436352669983425e-06,,
ar,t5,0.0,125,0.05,constant,Shift-CP,500,0.0016206170993822906,3.7628281409935596e-05,2.436352669983424e-06,0.00159862387290165,0.00169234267727818,0.0018502262075072089,0.07894231633214216,0.04703702823477305,1.5466876688802656e-05,0.0353896051218467,-4.572294938609511e-06,2.436352669983425e-06,0.0,0.0,,
ar,t5,0.0,125,0.05,constant,Shift-ERM,500,0.0016149707806316605,3.198196265930825e-05,1.997158261042722e-06,0.0015966017718695,0.001672084876185,0.001805566527898167,0.08200507337008213,0.054810023527516946,1.1355296876784331e-05,0.0349857261316457,-1.021861368923951e-05,1.997158261042721e-06,-5.646318750629998e-06,1.5321048933279464e-06,,
ar,t5,0.0,125,0.05,none,POT80-Shift,500,0.0016086818234309582,2.5693005458609245e-05,1.5779385293012732e-06,0.0015947156980596002,0.0016522385244536301,0.001755069673695616,0.0841508311617676,0.050858865483260664,9.395869638785953e-06,0.0336360663357037,2.569300545865826e-05,1.577938529301272e-06,-1.1935275951332197e-05,1.7514422127825124e-06,,
ar,t5,0.0,125,0.05,none,POT90-Shift,500,0.0016206170993822906,3.7628281409935596e-05,2.436352669983424e-06,0.00159862387290165,0.00169234267727818,0.0018502262075072089,0.07894231633214216,0.04703702823477305,1.5466876688802656e-05,0.0353896051218467,3.762828140999046e-05,2.436352669983425e-06,0.0,0.0,,
ar,t5,0.0,125,0.05,none,Raw,500,0.0015829888179723004,0.0,6.115479933491987e-19,0.0015829888179723,0.0015829888179723,0.0015829888179723,0.0,0.05,0.0,0.0220737489707717,0.0,0.0,-3.762828140999046e-05,2.436352669983425e-06,,
ar,t5,0.0,125,0.05,none,Shift-CP,500,0.0016206170993822906,3.7628281409935596e-05,2.436352669983424e-06,0.00159862387290165,0.00169234267727818,0.0018502262075072089,0.07894231633214216,0.04703702823477305,1.5466876688802656e-05,0.0353896051218467,3.762828140999046e-05,2.436352669983425e-06,0.0,0.0,,
ar,t5,0.0,125,0.05,none,Shift-ERM,500,0.0016149707806316605,3.198196265930825e-05,1.997158261042722e-06,0.0015966017718695,0.001672084876185,0.001805566527898167,0.08200507337008213,0.054810023527516946,1.1355296876784331e-05,0.0349857261316457,3.198196265936046e-05,1.997158261042721e-06,-5.646318750629998e-06,1.5321048933279464e-06,,
ar,t5,0.0,250,0.01,constant,POT80-Shift,500,0.0005023360303317476,1.4596858284718845e-05,8.877346489276297e-07,0.0004937819279856,0.00052878279280531,0.0005780056821745079,0.06973232420857535,0.011528763980565782,2.9283853305721307e-05,0.0532976547687765,7.443901106947655e-06,8.877346489276297e-07,-2.3046109427509998e-05,2.3470883836896977e-06,,
ar,t5,0.0,250,0.01,constant,POT90-Shift,500,0.000501993180186084,1.425400813905421e-05,8.797231503096182e-07,0.0004935814573552,0.00052687223590523,0.00057901266140791,0.07565403345173276,0.011610380449011116,2.8282704275909653e-05,0.0544756640899104,7.101050961284056e-06,8.797231503096185e-07,-2.33889595731736e-05,2.3787351371586045e-06,,
ar,t5,0.0,250,0.01,constant,Raw,500,0.0004948921292247998,7.1529571777347654e-06,1.795815536025425e-19,0.0004948921292248,0.0004948921292248,0.0004948921292248,0.01,0.014339600148343004,1.2500000000000007e-05,0.0333254273906142,0.0,0.0,-3.049001053445765e-05,2.468079372379224e-06,,
ar,t5,0.0,250,0.01,constant,Shift-CP,500,0.0005253821397592577,3.764296771222122e-05,2.468079372379224e-06,0.0005042542711179,0.00058855759669405,0.0007253720613504439,0.08492743277043173,0.0076752092284883095,0.0001353165299713576,0.096939357607805,3.049001053445765e-05,2.468079372379224e-06,0.0,0.0,,
ar,t5,0.0,250,0.01,constant,Shift-ERM,500,0.0005088424523287576,2.110328028172726e-05,1.3175301327993729e-06,0.00049618134043235,0.0005455458451124,0.000616523584505484,0.07700656992579115,0.011503627979052427,4.926708350788255e-05,0.0646712701574887,1.3950323103957653e-05,1.3175301327993726e-06,-1.65396874305e-05,2.216990847153787e-06,,
ar,t5,0.0,250,0.01,none,POT80-Shift,500,0.0005023360303317476,1.4596858284718845e-05,8.877346489276297e-07,0.0004937819279856,0.00052878279280531,0.0005780056821745079,0.06973232420857535,0.011528763980565782,2.9283853305721307e-05,0.0532976547687765,1.4596858284747582e-05,8.877346489276297e-07,-2.3046109427509998e-05,2.3470883836896977e-06,,
ar,t5,0.0,250,0.01,none,POT90-Shift,500,0.000501993180186084,1.425400813905421e-05,8.797231503096182e-07,0.0004935814573552,0.00052687223590523,0.00057901266140791,0.07565403345173276,0.011610380449011116,2.8282704275909653e-05,0.0544756640899104,1.4254008139083982e-05,8.797231503096183e-07,-2.33889595731736e-05,2.3787351371586045e-06,,
ar,t5,0.0,250,0.01,none,Raw,500,0.000487739172047,0.0,9.707111005542837e-20,0.000487739172047,0.000487739172047,0.000487739172047,0.0,0.0099999999999993,0.0,0.0368609612965469,0.0,0.0,-3.764296771225758e-05,2.4680793723792233e-06,,
ar,t5,0.0,250,0.01,none,Shift-CP,500,0.0005253821397592577,3.764296771222122e-05,2.468079372379224e-06,0.0005042542711179,0.00058855759669405,0.0007253720613504439,0.08492743277043173,0.0076752092284883095,0.0001353165299713576,0.096939357607805,3.764296771225758e-05,2.4680793723792233e-06,0.0,0.0,,
ar,t5,0.0,250,0.01,none,Shift-ERM,500,0.0005088424523287576,2.110328028172726e-05,1.3175301327993729e-06,0.00049618134043235,0.0005455458451124,0.000616523584505484,0.07700656992579115,0.011503627979052427,4.926708350788255e-05,0.0646712701574887,2.1103280281757582e-05,1.3175301327993726e-06,-1.65396874305e-05,2.216990847153787e-06,,
ar,t5,0.0,250,0.05,constant,POT80-Shift,500,0.001596447331324595,1.345851335224505e-05,8.200129051294051e-07,0.00158915813994585,0.00161897515498599,0.001670883974832302,0.07858906621248805,0.04948907051723708,4.802432932506049e-06,0.0286960874745128,-2.8742062996305106e-05,8.200129051294056e-07,-6.0209884977392e-06,8.338408045899795e-07,,
ar,t5,0.0,250,0.05,constant,POT90-Shift,500,0.0015984210903161285,1.5432272343778643e-05,1.030406138329615e-06,0.0015896770108247,0.0016213008055867,0.001679686180253773,0.0972384014875484,0.04928139992962507,5.703443204040554e-06,0.0319073563679853,-2.6768304004771513e-05,1.0304061383296143e-06,-4.047229506205602e-06,8.68641490156944e-07,,
ar,t5,0.0,250,0.05,constant,Raw,500,0.0016251893943209001,4.220057634851562e-05,5.533053273159417e-19,0.0016251893943209,0.0016251893943209,0.0016251893943209,0.01,0.07568601117269612,1.2499999999999982e-05,0.018538215064839,0.0,0.0,2.2721074498565907e-05,1.1826816281248198e-06,,
ar,t5,0.0,250,0.05,constant,Shift-CP,500,0.0016024683198223339,1.9479501849982744e-05,1.1826816281248198e-06,0.0015926698538698,0.00163217330884477,0.001714273537068114,0.08169426424535645,0.04671995635383515,7.500617148395446e-06,0.0321040078631187,-2.2721074498565907e-05,1.1826816281248198e-06,0.0,0.0,,
ar,t5,0.0,250,0.05,constant,Shift-ERM,500,0.0015993742727863683,1.6385454814019315e-05,1.0269839234914541e-06,0.00159122544325985,0.00162285993932706,0.0016951920200640389,0.0898986683172128,0.05081697675176629,5.8054270956661195e-06,0.0317867816954133,-2.5815121534531915e-05,1.0269839234914537e-06,-3.0940470359660017e-06,6.987561044617375e-07,,
ar,t5,0.0,250,0.05,none,POT80-Shift,500,0.001596447331324595,1.345851335224505e-05,8.200129051294051e-07,0.00158915813994585,0.00161897515498599,0.001670883974832302,0.07858906621248805,0.04948907051723708,4.802432932506049e-06,0.0286960874745128,1.3458513352294862e-05,8.200129051294056e-07,-6.0209884977392e-06,8.338408045899795e-07,,
ar,t5,0.0,250,0.05,none,POT90-Shift,500,0.0015984210903161285,1.5432272343778643e-05,1.030406138329615e-06,0.0015896770108247,0.0016213008055867,0.001679686180253773,0.0972384014875484,0.04928139992962507,5.703443204040554e-06,0.0319073563679853,1.543227234382846e-05,1.0304061383296141e-06,-4.047229506205602e-06,8.68641490156944e-07,,
ar,t5,0.0,250,0.05,none,Raw,500,0.0015829888179723004,0.0,6.115479933491987e-19,0.0015829888179723,0.0015829888179723,0.0015829888179723,0.0,0.05,0.0,0.0220737489707717,0.0,0.0,-1.9479501850034064e-05,1.1826816281248198e-06,,
ar,t5,0.0,250,0.05,none,Shift-CP,500,0.0016024683198223339,1.9479501849982744e-05,1.1826816281248198e-06,0.0015926698538698,0.00163217330884477,0.001714273537068114,0.08169426424535645,0.04671995635383515,7.500617148395446e-06,0.0321040078631187,1.9479501850034064e-05,1.1826816281248198e-06,0.0,0.0,,
ar,t5,0.0,250,0.05,none,Shift-ERM,500,0.0015993742727863683,1.6385454814019315e-05,1.0269839234914541e-06,0.00159122544325985,0.00162285993932706,0.0016951920200640389,0.0898986683172128,0.05081697675176629,5.8054270956661195e-06,0.0317867816954133,1.638545481406806e-05,1.0269839234914535e-06,-3.0940470359660017e-06,6.987561044617375e-07,,
ar,t5,0.0,500,0.01,constant,POT80-Shift,500,0.000494775334811335,7.036162764305736e-06,4.2733884954051017e-07,0.00049130597969165,0.00050543163790882,0.000529849474132684,0.08113127202705633,0.010380609597977614,1.4681788463366493e-05,0.050987296860439,-1.1679441346494547e-07,4.273388495405096e-07,-4.127403876187597e-06,5.603998538904751e-07,,
ar,t5,0.0,500,0.01,constant,POT90-Shift,500,0.0004947151975009026,6.976025453875033e-06,4.360095873294051e-07,0.0004912797377647,0.00050499597352782,0.000534579630567217,0.08617668405706273,0.01056694685651662,1.4310551148863814e-05,0.0515721198025536,-1.7693172389734426e-07,4.3600958732940527e-07,-4.187541186619996e-06,5.564104385310584e-07,,
ar,t5,0.0,500,0.01,constant,Raw,500,0.0004948921292247998,7.1529571777347654e-06,1.795815536025425e-19,0.0004948921292248,0.0004948921292248,0.0004948921292248,0.01,0.014339600148343004,1.2500000000000007e-05,0.0333254273906142,0.0,0.0,-4.010609462722652e-06,6.260981741679532e-07,,
ar,t5,0.0,500,0.01,constant,Shift-CP,500,0.0004989027386875226,1.1163566640494002e-05,6.260981741679528e-07,0.0004936221028862999,0.00051705842320938,0.0005549599332391649,0.06843473330975504,0.009806640883107636,2.6223619884393805e-05,0.0551978905000894,4.010609462722652e-06,6.260981741679532e-07,0.0,0.0,,
ar,t5,0.0,500,0.01,constant,Shift-ERM,500,0.0004978022268846444,1.0063054837612751e-05,6.017440723791151e-07,0.00049262658076445,0.00051713522484263,0.0005414759653699759,0.07110728515731736,0.011913254294492996,1.875323216558878e-05,0.0509879476850868,2.910097659844454e-06,6.017440723791157e-07,-1.1005118028781975e-06,5.545775265046699e-07,,
ar,t5,0.0,500,0.01,none,POT80-Shift,500,0.000494775334811335,7.036162764305736e-06,4.2733884954051017e-07,0.00049130597969165,0.00050543163790882,0.000529849474132684,0.08113127202705633,0.010380609597977614,1.4681788463366493e-05,0.050987296860439,7.036162764334982e-06,4.273388495405096e-07,-4.127403876187597e-06,5.603998538904751e-07,,
ar,t5,0.0,500,0.01,none,POT90-Shift,500,0.0004947151975009026,6.976025453875033e-06,4.360095873294051e-07,0.0004912797377647,0.00050499597352782,0.000534579630567217,0.08617668405706273,0.01056694685651662,1.4310551148863814e-05,0.0515721198025536,6.976025453902583e-06,4.3600958732940527e-07,-4.187541186619996e-06,5.564104385310584e-07,,
ar,t5,0.0,500,0.01,none,Raw,500,0.000487739172047,0.0,9.707111005542837e-20,0.000487739172047,0.000487739172047,0.000487739172047,0.0,0.0099999999999993,0.0,0.0368609612965469,0.0,0.0,-1.1163566640522579e-05,6.260981741679532e-07,,
ar,t5,0.0,500,0.01,none,Shift-CP,500,0.0004989027386875226,1.1163566640494002e-05,6.260981741679528e-07,0.0004936221028862999,0.00051705842320938,0.0005549599332391649,0.06843473330975504,0.009806640883107636,2.6223619884393805e-05,0.0551978905000894,1.1163566640522579e-05,6.260981741679532e-07,0.0,0.0,,
ar,t5,0.0,500,0.01,none,Shift-ERM,500,0.0004978022268846444,1.0063054837612751e-05,6.017440723791151e-07,0.00049262658076445,0.00051713522484263,0.0005414759653699759,0.07110728515731736,0.011913254294492996,1.875323216558878e-05,0.0509879476850868,1.0063054837644381e-05,6.017440723791157e-07,-1.1005118028781975e-06,5.545775265046699e-07,,
ar,t5,0.0,500,0.05,constant,POT80-Shift,500,0.0015896845453809577,6.695727408608643e-06,3.9695756370118687e-07,0.0015863632972227,0.00160075162324153,0.0016267172848435998,0.07405456707519406,0.049237474870178544,2.3738153736995033e-06,0.0270948602018543,-3.550484893994231e-05,3.969575637011868e-07,-1.928503296400596e-06,3.1317447629185407e-07,,
ar,t5,0.0,500,0.05,constant,POT90-Shift,500,0.001590000668175987,7.011850203639107e-06,4.006091775081917e-07,0.00158676113593635,0.00160229221604598,0.001624099359429065,0.06566360666829466,0.04986241661073654,2.4608797444185162e-06,0.0265911977847194,-3.518872614491291e-05,4.006091775081918e-07,-1.6123805013711977e-06,2.8788617990750986e-07,,
ar,t5,0.0,500,0.05,constant,Raw,500,0.0016251893943209001,4.220057634851562e-05,5.533053273159417e-19,0.0016251893943209,0.0016251893943209,0.0016251893943209,0.01,0.07568601117269612,1.2499999999999982e-05,0.018538215064839,0.0,0.0,3.3576345643541714e-05,4.773231585380623e-07,,
ar,t5,0.0,500,0.05,constant,Shift-CP,500,0.0015916130486773583,8.624230705006533e-06,4.773231585380625e-07,0.0015875676900389,0.00160593096980081,0.001627347871978803,0.06674137892353746,0.04942481853507845,3.0521729801662764e-06,0.0272893512364539,-3.3576345643541714e-05,4.773231585380623e-07,0.0,0.0,,
ar,t5,0.0,500,0.05,constant,Shift-ERM,500,0.0015912682433167843,8.279425344434094e-06,4.878286431958483e-07,0.00158687164877035,0.00160517309920604,0.0016318667140261139,0.07594883685034153,0.051373311419078777,2.8152806457481393e-06,0.0269665895200394,-3.392115100411551e-05,4.878286431958485e-07,-3.4480536057379487e-07,2.0813376269579658e-07,,
ar,t5,0.0,500,0.05,none,POT80-Shift,500,0.0015896845453809577,6.695727408608643e-06,3.9695756370118687e-07,0.0015863632972227,0.00160075162324153,0.0016267172848435998,0.07405456707519406,0.049237474870178544,2.3738153736995033e-06,0.0270948602018543,6.695727408657662e-06,3.969575637011868e-07,-1.928503296400596e-06,3.1317447629185407e-07,,
ar,t5,0.0,500,0.05,none,POT90-Shift,500,0.001590000668175987,7.011850203639107e-06,4.006091775081917e-07,0.00158676113593635,0.00160229221604598,0.001624099359429065,0.06566360666829466,0.04986241661073654,2.4608797444185162e-06,0.0265911977847194,7.01185020368706e-06,4.006091775081917e-07,-1.6123805013711977e-06,2.8788617990750986e-07,,
ar,t5,0.0,500,0.05,none,Raw,500,0.0015829888179723004,0.0,6.115479933491987e-19,0.0015829888179723,0.0015829888179723,0.0015829888179723,0.0,0.05,0.0,0.0220737489707717,0.0,0.0,-8.624230705058258e-06,4.773231585380624e-07,,
ar,t5,0.0,500,0.05,none,Shift-CP,500,0.0015916130486773583,8.624230705006533e-06,4.773231585380625e-07,0.0015875676900389,0.00160593096980081,0.001627347871978803,0.06674137892353746,0.04942481853507845,3.0521729801662764e-06,0.0272893512364539,8.624230705058258e-06,4.773231585380624e-07,0.0,0.0,,
ar,t5,0.0,500,0.05,none,Shift-ERM,500,0.0015912682433167843,8.279425344434094e-06,4.878286431958483e-07,0.00158687164877035,0.00160517309920604,0.0016318667140261139,0.07594883685034153,0.051373311419078777,2.8152806457481393e-06,0.0269665895200394,8.279425344484463e-06,4.878286431958485e-07,-3.4480536057379487e-07,2.0813376269579658e-07,,
ar,t5,0.0,1000,0.01,constant,POT80-Shift,500,0.0004912423026719628,3.503130624932943e-06,2.0173559488999095e-07,0.0004895366161320499,0.00049750683220225,0.000508949030994119,0.06381114480395247,0.009866269237118612,7.3564137088281955e-06,0.0448239960820815,-3.6498265528371446e-06,2.0173559488999087e-07,-1.5673668655817973e-06,2.546673264104233e-07,,
ar,t5,0.0,1000,0.01,constant,POT90-Shift,500,0.0004911841259542772,3.4449539072465203e-06,2.033503026483797e-07,0.0004893785584906499,0.00049789900633379,0.000509207602461704,0.06594058909448122,0.01015280086719849,7.041021180897268e-06,0.0447641167877577,-3.7080032705227465e-06,2.0335030264837973e-07,-1.6255435832673996e-06,2.3774143343896495e-07,,
ar,t5,0.0,1000,0.01,constant,Raw,500,0.0004948921292247998,7.1529571777347654e-06,1.795815536025425e-19,0.0004948921292248,0.0004948921292248,0.0004948921292248,0.01,0.014339600148343004,1.2500000000000007e-05,0.0333254273906142,0.0,0.0,2.0824596872553473e-06,3.1728624752406886e-07,,
ar,t5,0.0,1000,0.01,constant,Shift-CP,500,0.0004928096695375446,5.0704974905141625e-06,3.1728624752406897e-07,0.000489956510076,0.00050178036654068,0.0005192370480247181,0.07211295792146954,0.01004575860424817,1.0844945674107127e-05,0.0479923232564479,-2.0824596872553473e-06,3.1728624752406886e-07,0.0,0.0,,
ar,t5,0.0,1000,0.01,constant,Shift-ERM,500,0.000492558577949674,4.819405902645031e-06,3.000411166799359e-07,0.00048986485904125,0.00050159946724448,0.000517640701926245,0.06712025972651699,0.011051972202035196,9.077360249919764e-06,0.0458896322536659,-2.3335512751259482e-06,3.000411166799359e-07,-2.510915878706008e-07,2.0651610139210202e-07,,
ar,t5,0.0,1000,0.01,none,POT80-Shift,500,0.0004912423026719628,3.503130624932943e-06,2.0173559488999095e-07,0.0004895366161320499,0.00049750683220225,0.000508949030994119,0.06381114480395247,0.009866269237118612,7.3564137088281955e-06,0.0448239960820815,3.5031306249627822e-06,2.0173559488999092e-07,-1.5673668655817973e-06,2.546673264104233e-07,,
ar,t5,0.0,1000,0.01,none,POT90-Shift,500,0.0004911841259542772,3.4449539072465203e-06,2.033503026483797e-07,0.0004893785584906499,0.00049789900633379,0.000509207602461704,0.06594058909448122,0.01015280086719849,7.041021180897268e-06,0.0447641167877577,3.4449539072771803e-06,2.0335030264837978e-07,-1.6255435832673996e-06,2.3774143343896495e-07,,
ar,t5,0.0,1000,0.01,none,Raw,500,0.000487739172047,0.0,9.707111005542837e-20,0.000487739172047,0.000487739172047,0.000487739172047,0.0,0.0099999999999993,0.0,0.0368609612965469,0.0,0.0,-5.0704974905445795e-06,3.1728624752406886e-07,,
ar,t5,0.0,1000,0.01,none,Shift-CP,500,0.0004928096695375446,5.0704974905141625e-06,3.1728624752406897e-07,0.000489956510076,0.00050178036654068,0.0005192370480247181,0.07211295792146954,0.01004575860424817,1.0844945674107127e-05,0.0479923232564479,5.0704974905445795e-06,3.1728624752406886e-07,0.0,0.0,,
ar,t5,0.0,1000,0.01,none,Shift-ERM,500,0.000492558577949674,4.819405902645031e-06,3.000411166799359e-07,0.00048986485904125,0.00050159946724448,0.000517640701926245,0.06712025972651699,0.011051972202035196,9.077360249919764e-06,0.0458896322536659,4.819405902673979e-06,3.0004111667993596e-07,-2.510915878706008e-07,2.0651610139210202e-07,,
ar,t5,0.0,1000,0.05,constant,POT80-Shift,500,0.0015863099799015546,3.3211619292038443e-06,2.029471227278678e-07,0.0015845973465207501,0.00159197660649796,0.001605206952959427,0.08761901180047553,0.049199542456930104,1.164842239387189e-06,0.0255753149991704,-3.887941441934531e-05,2.029471227278678e-07,-1.3492418922164015e-06,1.880002592120639e-07,,
ar,t5,0.0,1000,0.05,constant,POT90-Shift,500,0.0015866240742674514,3.635256295103598e-06,2.219229701286414e-07,0.0015849701862567,0.00159182834804647,0.001607034664273699,0.08549021878046516,0.05034971869513675,1.2548650585791015e-06,0.0264026955684841,-3.856532005344851e-05,2.219229701286414e-07,-1.0351475263195979e-06,1.6077213102870923e-07,,
ar,t5,0.0,1000,0.05,constant,Raw,500,0.0016251893943209001,4.220057634851562e-05,5.533053273159417e-19,0.0016251893943209,0.0016251893943209,0.0016251893943209,0.01,0.07568601117269612,1.2499999999999982e-05,0.018538215064839,0.0,0.0,3.753017252712891e-05,2.895897665278005e-07,,
ar,t5,0.0,1000,0.05,constant,Shift-CP,500,0.0015876592217937708,4.670403821420188e-06,2.895897665278006e-07,0.0015851721912029499,0.00159515116059665,0.0016097199165630751,0.08339231656191781,0.04983460186762245,1.6290152484383893e-06,0.0266117510899946,-3.753017252712891e-05,2.895897665278005e-07,0.0,0.0,,
ar,t5,0.0,1000,0.05,constant,Shift-ERM,500,0.0015874961058631788,4.507287890830249e-06,2.850309449230468e-07,0.0015850718464565,0.00159483975907839,0.0016086094156018789,0.08578536189921886,0.05079663600683922,1.5410754864857602e-06,0.0266101397169995,-3.7693288457721115e-05,2.8503094492304673e-07,-1.6311593059219978e-07,7.674539215452175e-08,,
ar,t5,0.0,1000,0.05,none,POT80-Shift,500,0.0015863099799015546,3.3211619292038443e-06,2.029471227278678e-07,0.0015845973465207501,0.00159197660649796,0.001605206952959427,0.08761901180047553,0.049199542456930104,1.164842239387189e-06,0.0255753149991704,3.321161929254661e-06,2.0294712272786784e-07,-1.3492418922164015e-06,1.880002592120639e-07,,
ar,t5,0.0,1000,0.05,none,POT90-Shift,500,0.0015866240742674514,3.635256295103598e-06,2.219229701286414e-07,0.0015849701862567,0.00159182834804647,0.001607034664273699,0.08549021878046516,0.05034971869513675,1.2548650585791015e-06,0.0264026955684841,3.6352562951514644e-06,2.2192297012864132e-07,-1.0351475263195979e-06,1.6077213102870923e-07,,
ar,t5,0.0,1000,0.05,none,Raw,500,0.0015829888179723004,0.0,6.115479933491987e-19,0.0015829888179723,0.0015829888179723,0.0015829888179723,0.0,0.05,0.0,0.0220737489707717,0.0,0.0,-4.6704038214710625e-06,2.895897665278005e-07,,
ar,t5,0.0,1000,0.05,none,Shift-CP,500,0.0015876592217937708,4.670403821420188e-06,2.895897665278006e-07,0.0015851721912029499,0.00159515116059665,0.0016097199165630751,0.08339231656191781,0.04983460186762245,1.6290152484383893e-06,0.0266117510899946,4.6704038214710625e-06,2.895897665278005e-07,0.0,0.0,,
ar,t5,0.0,1000,0.05,none,Shift-ERM,500,0.0015874961058631788,4.507287890830249e-06,2.850309449230468e-07,0.0015850718464565,0.00159483975907839,0.0016086094156018789,0.08578536189921886,0.05079663600683922,1.5410754864857602e-06,0.0266101397169995,4.507287890878863e-06,2.850309449230468e-07,-1.6311593059219978e-07,7.674539215452175e-08,,
ar,t5,0.5,125,0.01,constant,POT80-Shift,500,0.0005308411678770636,4.3101995830028715e-05,2.5806138595626534e-06,0.0005079597519149,0.00060633585748366,0.0007472188066379898,0.07784935229416184,0.016399469895681414,7.54468192139608e-05,0.0640780786700433,3.594903865226366e-05,2.5806138595626542e-06,-3.2764134386767393e-05,4.784014399506104e-06,,
ar,t5,0.5,125,0.01,constant,POT90-Shift,500,0.0005636053022638309,7.586613021679104e-05,5.017902943606158e-06,0.00051819365949065,0.0006857567605279201,0.001048622622597564,0.09392718992527532,0.009529167157068367,0.0003456156254647431,0.1249936029491219,6.871317303903104e-05,5.017902943606157e-06,0.0,0.0,,
ar,t5,0.5,125,0.01,constant,Raw,500,0.0004948921292247998,7.1529571777347654e-06,1.795815536025425e-19,0.0004948921292248,0.0004948921292248,0.0004948921292248,0.01,0.014339600148343004,1.2500000000000007e-05,0.0333254273906142,0.0,0.0,-6.871317303903104e-05,5.017902943606157e-06,,
ar,t5,0.5,125,0.01,constant,Shift-CP,500,0.0005636053022638309,7.586613021679104e-05,5.017902943606158e-06,0.00051819365949065,0.0006857567605279201,0.001048622622597564,0.09392718992527532,0.009529167157068367,0.0003456156254647431,0.1249936029491219,6.871317303903104e-05,5.017902943606157e-06,0.0,0.0,,
ar,t5,0.5,125,0.01,constant,Shift-ERM,500,0.0005383977950790739,5.0658623032036344e-05,3.0464377551085176e-06,0.00051310996834395,0.0006289779285712601,0.0008022755046966819,0.07682521651881853,0.017370560180624377,9.47974933856748e-05,0.082049925024511,4.3505665854273856e-05,3.0464377551085176e-06,-2.52075071847572e-05,5.101694662979871e-06,,
ar,t5,0.5,125,0.01,none,POT80-Shift,500,0.0005308411678770636,4.3101995830028715e-05,2.5806138595626534e-06,0.0005079597519149,0.00060633585748366,0.0007472188066379898,0.07784935229416184,0.016399469895681414,7.54468192139608e-05,0.0640780786700433,4.3101995830063585e-05,2.5806138595626547e-06,-3.2764134386767393e-05,4.784014399506104e-06,,
ar,t5,0.5,125,0.01,none,POT90-Shift,500,0.0005636053022638309,7.586613021679104e-05,5.017902943606158e-06,0.00051819365949065,0.0006857567605279201,0.001048622622597564,0.09392718992527532,0.009529167157068367,0.0003456156254647431,0.1249936029491219,7.586613021683098e-05,5.017902943606157e-06,0.0,0.0,,
ar,t5,0.5,125,0.01,none,Raw,500,0.000487739172047,0.0,9.707111005542837e-20,0.000487739172047,0.000487739172047,0.000487739172047,0.0,0.0099999999999993,0.0,0.0368609612965469,0.0,0.0,-7.586613021683098e-05,5.017902943606157e-06,,
ar,t5,0.5,125,0.01,none,Shift-CP,500,0.0005636053022638309,7.586613021679104e-05,5.017902943606158e-06,0.00051819365949065,0.0006857567605279201,0.001048622622597564,0.09392718992527532,0.009529167157068367,0.0003456156254647431,0.1249936029491219,7.586613021683098e-05,5.017902943606157e-06,0.0,0.0,,
ar,t5,0.5,125,0.01,none,Shift-ERM,500,0.0005383977950790739,5.0658623032036344e-05,3.0464377551085176e-06,0.00051310996834395,0.0006289779285712601,0.0008022755046966819,0.07682521651881853,0.017370560180624377,9.47974933856748e-05,0.082049925024511,5.065862303207378e-05,3.0464377551085176e-06,-2.52075071847572e-05,5.101694662979871e-06,,
ar,t5,0.5,125,0.05,constant,POT80-Shift,500,0.001625794858330512,4.2806040358157676e-05,2.6690964416694293e-06,0.001602830840206,0.0016964684564014102,0.0018732425335431261,0.07209086175395586,0.053627074180411,1.5497564249797162e-05,0.0352775423524444,6.054640096118946e-07,2.669096441669429e-06,-8.952727483698797e-06,2.1643853997876064e-06,,
ar,t5,0.5,125,0.05,constant,POT90-Shift,500,0.0016347475858142107,5.1758767841854804e-05,3.515081026166118e-06,0.00160448567416365,0.0017180880911631,0.001941768931948903,0.09385704964019315,0.05053304622825925,2.1201276590584982e-05,0.046008180665189,9.558191493310692e-06,3.5150810261661205e-06,0.0,0.0,,
ar,t5,0.5,125,0.05,constant,Raw,500,0.0016251893943209001,4.220057634851562e-05,5.533053273159417e-19,0.0016251893943209,0.0016251893943209,0.0016251893943209,0.01,0.07568601117269612,1.2499999999999982e-05,0.018538215064839,0.0,0.0,-9.558191493310692e-06,3.5150810261661205e-06,,
ar,t5,0.5,125,0.05,constant,Shift-CP,500,0.0016347475858142107,5.1758767841854804e-05,3.515081026166118e-06,0.00160448567416365,0.0017180880911631,0.001941768931948903,0.09385704964019315,0.05053304622825925,2.1201276590584982e-05,0.046008180665189,9.558191493310692e-06,3.5150810261661205e-06,0.0,0.0,,
ar,t5,0.5,125,0.05,constant,Shift-ERM,500,0.0016327668858868445,4.9778067914489255e-05,3.360708034053397e-06,0.0016027069684835,0.0017189161022140402,0.0019393373260194109,0.09053981545693832,0.05836124319761669,1.7116599215007227e-05,0.0433050308041949,7.57749156594449e-06,3.3607080340533974e-06,-1.9806999273662026e-06,2.052004359839154e-06,,
ar,t5,0.5,125,0.05,none,POT80-Shift,500,0.001625794858330512,4.2806040358157676e-05,2.6690964416694293e-06,0.001602830840206,0.0016964684564014102,0.0018732425335431261,0.07209086175395586,0.053627074180411,1.5497564249797162e-05,0.0352775423524444,4.2806040358211866e-05,2.669096441669429e-06,-8.952727483698797e-06,2.1643853997876064e-06,,
ar,t5,0.5,125,0.05,none,POT90-Shift,500,0.0016347475858142107,5.1758767841854804e-05,3.515081026166118e-06,0.00160448567416365,0.0017180880911631,0.001941768931948903,0.09385704964019315,0.05053304622825925,2.1201276590584982e-05,0.046008180665189,5.175876784191066e-05,3.5150810261661205e-06,0.0,0.0,,
ar,t5,0.5,125,0.05,none,Raw,500,0.0015829888179723004,0.0,6.115479933491987e-19,0.0015829888179723,0.0015829888179723,0.0015829888179723,0.0,0.05,0.0,0.0220737489707717,0.0,0.0,-5.175876784191066e-05,3.5150810261661205e-06,,
ar,t5,0.5,125,0.05,none,Shift-CP,500,0.0016347475858142107,5.1758767841854804e-05,3.515081026166118e-06,0.00160448567416365,0.0017180880911631,0.001941768931948903,0.09385704964019315,0.05053304622825925,2.1201276590584982e-05,0.046008180665189,5.175876784191066e-05,3.5150810261661205e-06,0.0,0.0,,
ar,t5,0.5,125,0.05,none,Shift-ERM,500,0.0016327668858868445,4.9778067914489255e-05,3.360708034053397e-06,0.0016027069684835,0.0017189161022140402,0.0019393373260194109,0.09053981545693832,0.05836124319761669,1.7116599215007227e-05,0.0433050308041949,4.977806791454446e-05,3.3607080340533974e-06,-1.9806999273662026e-06,2.052004359839154e-06,,
ar,t5,0.5,250,0.01,constant,POT80-Shift,500,0.0005096130561770972,2.1873884130065294e-05,1.4425658942690875e-06,0.00049700490337005,0.00054261684582833,0.0006470758628718639,0.09748906974500986,0.012825652273206742,4.1953342733907054e-05,0.0677779278681291,1.4720926952297253e-05,1.442565894269087e-06,-1.93862469782578e-05,2.457193505034238e-06,,
ar,t5,0.5,250,0.01,constant,POT90-Shift,500,0.0005095897491187889,2.185057707175901e-05,1.4278892752789534e-06,0.0004971367199333001,0.0005437335694312,0.0006474616299505479,0.0913798118796806,0.012913053890140616,4.14919885349266e-05,0.0678652679923918,1.4697619893988856e-05,1.427889275278953e-06,-1.9409554036566198e-05,2.4783839064614243e-06,,
ar,t5,0.5,250,0.01,constant,Raw,500,0.0004948921292247998,7.1529571777347654e-06,1.795815536025425e-19,0.0004948921292248,0.0004948921292248,0.0004948921292248,0.01,0.014339600148343004,1.2500000000000007e-05,0.0333254273906142,0.0,0.0,-3.4107173930555055e-05,2.6906661042575025e-06,,
ar,t5,0.5,250,0.01,constant,Shift-CP,500,0.000528999303155355,4.126013110831886e-05,2.6906661042575025e-06,0.0005076393758713001,0.00059762196863713,0.000736383256981262,0.08682736452481839,0.008668575730221607,0.0001461632134582372,0.1080927546051673,3.4107173930555055e-05,2.6906661042575025e-06,0.0,0.0,,
ar,t5,0.5,250,0.01,constant,Shift-ERM,500,0.0005147672319684434,2.7028059921412087e-05,1.8686352406161402e-06,0.0004988316420545501,0.00056132204745579,0.0006638252368379239,0.09628849204316224,0.012557597915739798,6.34676928737354e-05,0.0961882738941475,1.987510274364345e-05,1.8686352406161414e-06,-1.4232071186911602e-05,2.1969579224944965e-06,,
ar,t5,0.5,250,0.01,none,POT80-Shift,500,0.0005096130561770972,2.1873884130065294e-05,1.4425658942690875e-06,0.00049700490337005,0.00054261684582833,0.0006470758628718639,0.09748906974500986,0.012825652273206742,4.1953342733907054e-05,0.0677779278681291,2.187388413009718e-05,1.442565894269087e-06,-1.93862469782578e-05,2.457193505034238e-06,,
ar,t5,0.5,250,0.01,none,POT90-Shift,500,0.0005095897491187889,2.185057707175901e-05,1.4278892752789534e-06,0.0004971367199333001,0.0005437335694312,0.0006474616299505479,0.0913798118796806,0.012913053890140616,4.14919885349266e-05,0.0678652679923918,2.1850577071788784e-05,1.4278892752789534e-06,-1.9409554036566198e-05,2.4783839064614243e-06,,
ar,t5,0.5,250,0.01,none,Raw,500,0.000487739172047,0.0,9.707111005542837e-20,0.000487739172047,0.000487739172047,0.000487739172047,0.0,0.0099999999999993,0.0,0.0368609612965469,0.0,0.0,-4.126013110835498e-05,2.690666104257502e-06,,
ar,t5,0.5,250,0.01,none,Shift-CP,500,0.000528999303155355,4.126013110831886e-05,2.6906661042575025e-06,0.0005076393758713001,0.00059762196863713,0.000736383256981262,0.08682736452481839,0.008668575730221607,0.0001461632134582372,0.1080927546051673,4.126013110835498e-05,2.690666104257502e-06,0.0,0.0,,
ar,t5,0.5,250,0.01,none,Shift-ERM,500,0.0005147672319684434,2.7028059921412087e-05,1.8686352406161402e-06,0.0004988316420545501,0.00056132204745579,0.0006638252368379239,0.09628849204316224,0.012557597915739798,6.34676928737354e-05,0.0961882738941475,2.702805992144338e-05,1.8686352406161412e-06,-1.4232071186911602e-05,2.1969579224944965e-06,,
ar,t5,0.5,250,0.05,constant,POT80-Shift,500,0.0016066861832445003,2.3697365272149686e-05,1.3886890871523588e-06,0.00159319862889635,0.0016526657222765,0.0017185114268422057,0.07236372278667419,0.051237089007329234,8.348304627022011e-06,0.0306342693506764,-1.850321107639971e-05,1.3886890871523588e-06,-4.4863008594167965e-06,9.307891208870586e-07,,
ar,t5,0.5,250,0.05,constant,POT90-Shift,500,0.0016084871584260217,2.5498340453669402e-05,1.5205862619816387e-06,0.0015936685477773499,0.00165603814497247,0.001738883847755996,0.0693946210741085,0.05147852726064935,9.016086707437498e-06,0.0306754513394874,-1.6702235894878308e-05,1.5205862619816393e-06,-2.6853256778953962e-06,7.129513889559541e-07,,
ar,t5,0.5,250,0.05,constant,Raw,500,0.0016251893943209001,4.220057634851562e-05,5.533053273159417e-19,0.0016251893943209,0.0016251893943209,0.0016251893943209,0.01,0.07568601117269612,1.2499999999999982e-05,0.018538215064839,0.0,0.0,1.4016910216982912e-05,1.64605968135952e-06,,
ar,t5,0.5,250,0.05,constant,Shift-CP,500,0.001611172484103917,2.8183666131566486e-05,1.6460596813595187e-06,0.0015959426379575999,0.00166377592687512,0.0017429905198728638,0.06379486311354009,0.04930182735561579,1.0400205993638622e-05,0.0313379633958541,-1.4016910216982912e-05,1.64605968135952e-06,0.0,0.0,,
ar,t5,0.5,250,0.05,constant,Shift-ERM,500,0.001609980612898426,2.699179492607643e-05,1.601421463949287e-06,0.0015950900786709,0.0016555953282158201,0.0017475190870944208,0.07079619729378901,0.05317239199589814,9.205092934045546e-06,0.0305104182621555,-1.5208781422474107e-05,1.601421463949287e-06,-1.191871205491195e-06,7.014088350569236e-07,,
ar,t5,0.5,250,0.05,none,POT80-Shift,500,0.0016066861832445003,2.3697365272149686e-05,1.3886890871523588e-06,0.00159319862889635,0.0016526657222765,0.0017185114268422057,0.07236372278667419,0.051237089007329234,8.348304627022011e-06,0.0306342693506764,2.369736527220026e-05,1.3886890871523588e-06,-4.4863008594167965e-06,9.307891208870586e-07,,
ar,t5,0.5,250,0.05,none,POT90-Shift,500,0.0016084871584260217,2.5498340453669402e-05,1.5205862619816387e-06,0.0015936685477773499,0.00165603814497247,0.001738883847755996,0.0693946210741085,0.05147852726064935,9.016086707437498e-06,0.0306754513394874,2.5498340453721664e-05,1.5205862619816393e-06,-2.6853256778953962e-06,7.129513889559541e-07,,
ar,t5,0.5,250,0.05,none,Raw,500,0.0015829888179723004,0.0,6.115479933491987e-19,0.0015829888179723,0.0015829888179723,0.0015829888179723,0.0,0.05,0.0,0.0220737489707717,0.0,0.0,-2.818366613161706e-05,1.6460596813595197e-06,,
ar,t5,0.5,250,0.05,none,Shift-CP,500,0.001611172484103917,2.8183666131566486e-05,1.6460596813595187e-06,0.0015959426379575999,0.00166377592687512,0.0017429905198728638,0.06379486311354009,0.04930182735561579,1.0400205993638622e-05,0.0313379633958541,2.818366613161706e-05,1.6460596813595197e-06,0.0,0.0,,
ar,t5,0.5,250,0.05,none,Shift-ERM,500,0.001609980612898426,2.699179492607643e-05,1.601421463949287e-06,0.0015950900786709,0.0016555953282158201,0.0017475190870944208,0.07079619729378901,0.05317239199589814,9.205092934045546e-06,0.0305104182621555,2.6991794926125863e-05,1.601421463949287e-06,-1.191871205491195e-06,7.014088350569236e-07,,
ar,t5,0.5,500,0.01,constant,POT80-Shift,500,0.0004978816236796366,1.0142451632607054e-05,7.015308361111825e-07,0.00049171613523025,0.0005132524892586099,0.000562164012632956,0.09631518829276454,0.011073378928245309,2.1008474567341485e-05,0.0572886352796973,2.9894944548366525e-06,7.015308361111826e-07,-3.321361612975403e-06,6.307771590816531e-07,,
ar,t5,0.5,500,0.01,constant,POT90-Shift,500,0.000498012199944721,1.027302789769223e-05,7.149491605461668e-07,0.0004917937459570001,0.0005127963812305201,0.000574889733390163,0.09510385527079943,0.011274351439520363,2.089568497932965e-05,0.057321880541573,3.1200707199210545e-06,7.149491605461666e-07,-3.1907853478910006e-06,6.008163725223416e-07,,
ar,t5,0.5,500,0.01,constant,Raw,500,0.0004948921292247998,7.1529571777347654e-06,1.795815536025425e-19,0.0004948921292248,0.0004948921292248,0.0004948921292248,0.01,0.014339600148343004,1.2500000000000007e-05,0.0333254273906142,0.0,0.0,-6.310856067812055e-06,9.276075289646724e-07,,
ar,t5,0.5,500,0.01,constant,Shift-CP,500,0.000501202985292612,1.3463813245583968e-05,9.276075289646724e-07,0.00049309847432655,0.00052417872288481,0.000569036302891996,0.10065215024177825,0.010473458117683165,3.0057864016013487e-05,0.0604947668385653,6.310856067812055e-06,9.276075289646724e-07,0.0,0.0,,
ar,t5,0.5,500,0.01,constant,Shift-ERM,500,0.0005014189827800733,1.3679810733043913e-05,9.685648321083229e-07,0.0004936439854893,0.00052408021384047,0.000573914954283274,0.10097478781191319,0.012368788845864278,2.5000673556250706e-05,0.0557785272911854,6.526853555273254e-06,9.685648321083224e-07,2.1599748746119837e-07,5.534317372561171e-07,,
ar,t5,0.5,500,0.01,none,POT80-Shift,500,0.0004978816236796366,1.0142451632607054e-05,7.015308361111825e-07,0.00049171613523025,0.0005132524892586099,0.000562164012632956,0.09631518829276454,0.011073378928245309,2.1008474567341485e-05,0.0572886352796973,1.0142451632636578e-05,7.015308361111825e-07,-3.321361612975403e-06,6.307771590816531e-07,,
ar,t5,0.5,500,0.01,none,POT90-Shift,500,0.000498012199944721,1.027302789769223e-05,7.149491605461668e-07,0.0004917937459570001,0.0005127963812305201,0.000574889733390163,0.09510385527079943,0.011274351439520363,2.089568497932965e-05,0.057321880541573,1.0273027897720981e-05,7.149491605461666e-07,-3.1907853478910006e-06,6.008163725223416e-07,,
ar,t5,0.5,500,0.01,none,Raw,500,0.000487739172047,0.0,9.707111005542837e-20,0.000487739172047,0.000487739172047,0.000487739172047,0.0,0.0099999999999993,0.0,0.0368609612965469,0.0,0.0,-1.346381324561198e-05,9.276075289646727e-07,,
ar,t5,0.5,500,0.01,none,Shift-CP,500,0.000501202985292612,1.3463813245583968e-05,9.276075289646724e-07,0.00049309847432655,0.00052417872288481,0.000569036302891996,0.10065215024177825,0.010473458117683165,3.0057864016013487e-05,0.0604947668385653,1.346381324561198e-05,9.276075289646727e-07,0.0,0.0,,
ar,t5,0.5,500,0.01,none,Shift-ERM,500,0.0005014189827800733,1.3679810733043913e-05,9.685648321083229e-07,0.0004936439854893,0.00052408021384047,0.000573914954283274,0.10097478781191319,0.012368788845864278,2.5000673556250706e-05,0.0557785272911854,1.3679810733073182e-05,9.685648321083224e-07,2.1599748746119837e-07,5.534317372561171e-07,,
ar,t5,0.5,500,0.05,constant,POT80-Shift,500,0.001595290267246647,1.2301449274299724e-05,7.715905064163501e-07,0.0015882711849144,0.0016176023406053702,0.001660226942612535,0.07573984137444127,0.05050223774698364,4.2437690285319644e-06,0.0281503522857094,-2.9899127074252907e-05,7.715905064163502e-07,-1.423042303658197e-06,4.241508648734776e-07,,
ar,t5,0.5,500,0.05,constant,POT90-Shift,500,0.0015961082449764243,1.3119427004075725e-05,8.140874723387284e-07,0.00158909347615645,0.00161702382355426,0.0016619874357793202,0.08240458667859314,0.05149623686387797,4.4349163830756726e-06,0.0289587185861177,-2.9081149344475705e-05,8.140874723387281e-07,-6.050645738809977e-07,3.69801145843317e-07,,
ar,t5,0.5,500,0.05,constant,Raw,500,0.0016251893943209001,4.220057634851562e-05,5.533053273159417e-19,0.0016251893943209,0.0016251893943209,0.0016251893943209,0.01,0.07568601117269612,1.2499999999999982e-05,0.018538215064839,0.0,0.0,2.8476084770594705e-05,8.502026142674243e-07,,
ar,t5,0.5,500,0.05,constant,Shift-CP,500,0.0015967133095503051,1.3724491577957222e-05,8.50202614267424e-07,0.0015898117839699,0.00162016881073973,0.001663127058187288,0.08620072935342692,0.05113053944539698,4.7004668057918436e-06,0.0292620039406099,-2.8476084770594705e-05,8.502026142674243e-07,0.0,0.0,,
ar,t5,0.5,500,0.05,constant,Shift-ERM,500,0.0015968996828640714,1.3910864891720755e-05,8.852955570272785e-07,0.0015894110979195,0.00162252950271473,0.0016723298873225398,0.08795380991935241,0.053112419902671834,4.5846192539586714e-06,0.0288604058365331,-2.8289711456828512e-05,8.852955570272783e-07,1.8637331376619455e-07,2.4635540029925783e-07,,
ar,t5,0.5,500,0.05,none,POT80-Shift,500,0.001595290267246647,1.2301449274299724e-05,7.715905064163501e-07,0.0015882711849144,0.0016176023406053702,0.001660226942612535,0.07573984137444127,0.05050223774698364,4.2437690285319644e-06,0.0281503522857094,1.2301449274347068e-05,7.715905064163498e-07,-1.423042303658197e-06,4.241508648734776e-07,,
ar,t5,0.5,500,0.05,none,POT90-Shift,500,0.0015961082449764243,1.3119427004075725e-05,8.140874723387284e-07,0.00158909347615645,0.00161702382355426,0.0016619874357793202,0.08240458667859314,0.05149623686387797,4.4349163830756726e-06,0.0289587185861177,1.3119427004124267e-05,8.140874723387281e-07,-6.050645738809977e-07,3.69801145843317e-07,,
ar,t5,0.5,500,0.05,none,Raw,500,0.0015829888179723004,0.0,6.115479933491987e-19,0.0015829888179723,0.0015829888179723,0.0015829888179723,0.0,0.05,0.0,0.0220737489707717,0.0,0.0,-1.3724491578005264e-05,8.502026142674243e-07,,
ar,t5,0.5,500,0.05,none,Shift-CP,500,0.0015967133095503051,1.3724491577957222e-05,8.50202614267424e-07,0.0015898117839699,0.00162016881073973,0.001663127058187288,0.08620072935342692,0.05113053944539698,4.7004668057918436e-06,0.0292620039406099,1.3724491578005264e-05,8.502026142674243e-07,0.0,0.0,,
ar,t5,0.5,500,0.05,none,Shift-ERM,500,0.0015968996828640714,1.3910864891720755e-05,8.852955570272785e-07,0.0015894110979195,0.00162252950271473,0.0016723298873225398,0.08795380991935241,0.053112419902671834,4.5846192539586714e-06,0.0288604058365331,1.3910864891771461e-05,8.852955570272782e-07,1.8637331376619455e-07,2.4635540029925783e-07,,
ar,t5,0.5,1000,0.01,constant,POT80-Shift,500,0.0004927838938420997,5.04472179507065e-06,3.290431840933669e-07,0.0004900223088579,0.0005012574050961099,0.0005208879709020879,0.08984110261313322,0.01018779677567505,1.0678577591815534e-05,0.0495571871767631,-2.1082353827001462e-06,3.290431840933668e-07,-1.078972925434401e-06,2.6486185970567175e-07,,
ar,t5,0.5,1000,0.01,constant,POT90-Shift,500,0.0004927642856625355,5.025113615508475e-06,3.2982801267927455e-07,0.0004900670403545501,0.00050028970543889,0.000527095710275064,0.0913727510796582,0.010460118873114724,1.0322212254085161e-05,0.0493628098950069,-2.127843562264344e-06,3.2982801267927466e-07,-1.0985811049985987e-06,2.539739960775606e-07,,
ar,t5,0.5,1000,0.01,constant,Raw,500,0.0004948921292247998,7.1529571777347654e-06,1.795815536025425e-19,0.0004948921292248,0.0004948921292248,0.0004948921292248,0.01,0.014339600148343004,1.2500000000000007e-05,0.0333254273906142,0.0,0.0,1.0292624572657457e-06,4.191886654563936e-07,,
ar,t5,0.5,1000,0.01,constant,Shift-CP,500,0.0004938628667675341,6.123694720507217e-06,4.191886654563936e-07,0.0004904141546135,0.00050407740351693,0.000528915417109633,0.09677714907794262,0.010233208529301254,1.3181147684234892e-05,0.0552132756700891,-1.0292624572657457e-06,4.191886654563936e-07,0.0,0.0,,
ar,t5,0.5,1000,0.01,constant,Shift-ERM,500,0.0004939705232505138,6.231351203484899e-06,4.1543353512983016e-07,0.00049044216905495,0.0005033919263571,0.0005305745191904439,0.0932769675645342,0.011116762661913172,1.2317347623799272e-05,0.0544944066691004,-9.216059742861458e-07,4.1543353512983016e-07,1.076564829795997e-07,1.5723841093438362e-07,,
ar,t5,0.5,1000,0.01,none,POT80-Shift,500,0.0004927838938420997,5.04472179507065e-06,3.290431840933669e-07,0.0004900223088579,0.0005012574050961099,0.0005208879709020879,0.08984110261313322,0.01018779677567505,1.0678577591815534e-05,0.0495571871767631,5.044721795099779e-06,3.290431840933668e-07,-1.078972925434401e-06,2.6486185970567175e-07,,
ar,t5,0.5,1000,0.01,none,POT90-Shift,500,0.0004927642856625355,5.025113615508475e-06,3.2982801267927455e-07,0.0004900670403545501,0.00050028970543889,0.000527095710275064,0.0913727510796582,0.010460118873114724,1.0322212254085161e-05,0.0493628098950069,5.025113615535582e-06,3.2982801267927466e-07,-1.0985811049985987e-06,2.539739960775606e-07,,
ar,t5,0.5,1000,0.01,none,Raw,500,0.000487739172047,0.0,9.707111005542837e-20,0.000487739172047,0.000487739172047,0.000487739172047,0.0,0.0099999999999993,0.0,0.0368609612965469,0.0,0.0,-6.123694720534182e-06,4.191886654563937e-07,,
ar,t5,0.5,1000,0.01,none,Shift-CP,500,0.0004938628667675341,6.123694720507217e-06,4.191886654563936e-07,0.0004904141546135,0.00050407740351693,0.000528915417109633,0.09677714907794262,0.010233208529301254,1.3181147684234892e-05,0.0552132756700891,6.123694720534182e-06,4.191886654563937e-07,0.0,0.0,,
ar,t5,0.5,1000,0.01,none,Shift-ERM,500,0.0004939705232505138,6.231351203484899e-06,4.1543353512983016e-07,0.00049044216905495,0.0005033919263571,0.0005305745191904439,0.0932769675645342,0.011116762661913172,1.2317347623799272e-05,0.0544944066691004,6.231351203513781e-06,4.1543353512983016e-07,1.076564829795997e-07,1.5723841093438362e-07,,
ar,t5,0.5,1000,0.05,constant,POT80-Shift,500,0.0015887772556566482,5.788437684299182e-06,3.7798452770731244e-07,0.0015854854417392998,0.00159843133388789,0.001620855271056229,0.08423892701297112,0.04960843877806181,2.0274059364348136e-06,0.0264271738578983,-3.6412138664251715e-05,3.7798452770731244e-07,-7.863049808274009e-07,1.986662827603893e-07,,
ar,t5,0.5,1000,0.05,constant,POT90-Shift,500,0.0015890401337742622,6.051315801911596e-06,3.99959802258686e-07,0.0015856402439315999,0.00160010346728073,0.001625055913158824,0.08842292178080502,0.05080660846854967,2.0672852487516485e-06,0.0266742227409563,-3.614926054663771e-05,3.99959802258686e-07,-5.234268632134022e-07,1.630511020471509e-07,,
ar,t5,0.5,1000,0.05,constant,Raw,500,0.0016251893943209001,4.220057634851562e-05,5.533053273159417e-19,0.0016251893943209,0.0016251893943209,0.0016251893943209,0.01,0.07568601117269612,1.2499999999999982e-05,0.018538215064839,0.0,0.0,3.5625833683424316e-05,4.185931509149357e-07,,
ar,t5,0.5,1000,0.05,constant,Shift-CP,500,0.0015895635606374757,6.57474266512814e-06,4.185931509149358e-07,0.00158595866790625,0.0016009359204294399,0.001626427574714324,0.08300260344721361,0.050287922957846024,2.276764889842041e-06,0.0264648984294266,-3.5625833683424316e-05,4.185931509149357e-07,0.0,0.0,,
ar,t5,0.5,1000,0.05,constant,Shift-ERM,500,0.0015895869069670074,6.5980889946589815e-06,4.181799901797053e-07,0.0015858360542205501,0.0016012126426743999,0.001622492913707265,0.08370032716778737,0.05127202176886877,2.2395551214279493e-06,0.0263229212476936,-3.5602487353892515e-05,4.181799901797051e-07,2.334632953179946e-08,8.959153390949903e-08,,
ar,t5,0.5,1000,0.05,none,POT80-Shift,500,0.0015887772556566482,5.788437684299182e-06,3.7798452770731244e-07,0.0015854854417392998,0.00159843133388789,0.001620855271056229,0.08423892701297112,0.04960843877806181,2.0274059364348136e-06,0.0264271738578983,5.788437684348263e-06,3.7798452770731244e-07,-7.863049808274009e-07,1.986662827603893e-07,,
ar,t5,0.5,1000,0.05,none,POT90-Shift,500,0.0015890401337742622,6.051315801911596e-06,3.99959802258686e-07,0.0015856402439315999,0.00160010346728073,0.001625055913158824,0.08842292178080502,0.05080660846854967,2.0672852487516485e-06,0.0266742227409563,6.051315801962262e-06,3.9995980225868615e-07,-5.234268632134022e-07,1.630511020471509e-07,,
ar,t5,0.5,1000,0.05,none,Raw,500,0.0015829888179723004,0.0,6.115479933491987e-19,0.0015829888179723,0.0015829888179723,0.0015829888179723,0.0,0.05,0.0,0.0220737489707717,0.0,0.0,-6.5747426651756645e-06,4.1859315091493575e-07,,
ar,t5,0.5,1000,0.05,none,Shift-CP,500,0.0015895635606374757,6.57474266512814e-06,4.185931509149358e-07,0.00158595866790625,0.0016009359204294399,0.001626427574714324,0.08300260344721361,0.050287922957846024,2.276764889842041e-06,0.0264648984294266,6.5747426651756645e-06,4.1859315091493575e-07,0.0,0.0,,
ar,t5,0.5,1000,0.05,none,Shift-ERM,500,0.0015895869069670074,6.5980889946589815e-06,4.181799901797053e-07,0.0015858360542205501,0.0016012126426743999,0.001622492913707265,0.08370032716778737,0.05127202176886877,2.2395551214279493e-06,0.0263229212476936,6.598088994707463e-06,4.1817999017970526e-07,2.334632953179946e-08,8.959153390949903e-08,,
ar,t5,0.8,125,0.01,constant,POT80-Shift,500,0.0005921579821405448,0.00010441881009349516,6.520639096378e-06,0.00053778062431915,0.0007951110468944,0.0011703340829162924,0.07816064104025662,0.02590273256356964,0.00016516056559637241,0.1245416572430339,9.726585291574485e-05,6.520639096378e-06,1.0918218844012002e-05,4.494713370415675e-06,,
ar,t5,0.8,125,0.01,constant,POT90-Shift,500,0.0005812397632965327,9.350059124949095e-05,6.256604020942711e-06,0.00053327320307555,0.0007208425489287202,0.0012237834990394764,0.09424940478469089,0.0174211271676526,0.00031583423896511665,0.1487129711751103,8.634763407173285e-05,6.256604020942711e-06,0.0,0.0,,
ar,t5,0.8,125,0.01,constant,Raw,500,0.0004948921292247998,7.1529571777347654e-06,1.795815536025425e-19,0.0004948921292248,0.0004948921292248,0.0004948921292248,0.01,0.014339600148343004,1.2500000000000007e-05,0.0333254273906142,0.0,0.0,-8.634763407173285e-05,6.256604020942711e-06,,
ar,t5,0.8,125,0.01,constant,Shift-CP,500,0.0005812397632965327,9.350059124949095e-05,6.256604020942711e-06,0.00053327320307555,0.0007208425489287202,0.0012237834990394764,0.09424940478469089,0.0174211271676526,0.00031583423896511665,0.1487129711751103,8.634763407173285e-05,6.256604020942711e-06,0.0,0.0,,
ar,t5,0.8,125,0.01,constant,Shift-ERM,500,0.0006030471866425032,0.00011530801459545503,6.968633066303449e-06,0.0005421419197113001,0.0007994456085867001,0.0011775994243383647,0.07031878901161825,0.02724025469197775,0.00018514595861326874,0.1155894265289296,0.00010815505741770327,6.968633066303451e-06,2.18074233459704e-05,5.227700161441366e-06,,
ar,t5,0.8,125,0.01,none,POT80-Shift,500,0.0005921579821405448,0.00010441881009349516,6.520639096378e-06,0.00053778062431915,0.0007951110468944,0.0011703340829162924,0.07816064104025662,0.02590273256356964,0.00016516056559637241,0.1245416572430339,0.00010441881009354478,6.520639096378e-06,1.0918218844012002e-05,4.494713370415675e-06,,
ar,t5,0.8,125,0.01,none,POT90-Shift,500,0.0005812397632965327,9.350059124949095e-05,6.256604020942711e-06,0.00053327320307555,0.0007208425489287202,0.0012237834990394764,0.09424940478469089,0.0174211271676526,0.00031583423896511665,0.1487129711751103,9.350059124953278e-05,6.256604020942713e-06,0.0,0.0,,
ar,t5,0.8,125,0.01,none,Raw,500,0.000487739172047,0.0,9.707111005542837e-20,0.000487739172047,0.000487739172047,0.000487739172047,0.0,0.0099999999999993,0.0,0.0368609612965469,0.0,0.0,-9.350059124953278e-05,6.256604020942713e-06,,
ar,t5,0.8,125,0.01,none,Shift-CP,500,0.0005812397632965327,9.350059124949095e-05,6.256604020942711e-06,0.00053327320307555,0.0007208425489287202,0.0012237834990394764,0.09424940478469089,0.0174211271676526,0.00031583423896511665,0.1487129711751103,9.350059124953278e-05,6.256604020942713e-06,0.0,0.0,,
ar,t5,0.8,125,0.01,none,Shift-ERM,500,0.0006030471866425032,0.00011530801459545503,6.968633066303449e-06,0.0005421419197113001,0.0007994456085867001,0.0011775994243383647,0.07031878901161825,0.02724025469197775,0.00018514595861326874,0.1155894265289296,0.00011530801459550318,6.968633066303451e-06,2.18074233459704e-05,5.227700161441366e-06,,
ar,t5,0.8,125,0.05,constant,POT80-Shift,500,0.001695988568653702,0.00011299975068133553,7.089673841807068e-06,0.00163551364663425,0.0018792590048061903,0.0023009594431585146,0.07722238920225259,0.06423787025202213,4.0173169463571664e-05,0.0535745732050301,7.079917433280249e-05,7.089673841807063e-06,-7.370745853651193e-06,3.0138371767201064e-06,,
ar,t5,0.8,125,0.05,constant,POT90-Shift,500,0.0017033593145073537,0.00012037049653498533,7.49293977133914e-06,0.00163554162270495,0.00191956199355396,0.00231918035646192,0.07436777009741602,0.06071075755939816,4.7497315205030035e-05,0.0548003382199906,7.816992018645369e-05,7.492939771339142e-06,0.0,0.0,,
ar,t5,0.8,125,0.05,constant,Raw,500,0.0016251893943209001,4.220057634851562e-05,5.533053273159417e-19,0.0016251893943209,0.0016251893943209,0.0016251893943209,0.01,0.07568601117269612,1.2499999999999982e-05,0.018538215064839,0.0,0.0,-7.816992018645369e-05,7.492939771339142e-06,,
ar,t5,0.8,125,0.05,constant,Shift-CP,500,0.0017033593145073537,0.00012037049653498533,7.49293977133914e-06,0.00163554162270495,0.00191956199355396,0.00231918035646192,0.07436777009741602,0.06071075755939816,4.7497315205030035e-05,0.0548003382199906,7.816992018645369e-05,7.492939771339142e-06,0.0,0.0,,
ar,t5,0.8,125,0.05,constant,Shift-ERM,500,0.0017060658369863861,0.00012307701901401963,7.703503529720748e-06,0.00164032791420965,0.00191928257106611,0.0023513405340762354,0.07505268028037133,0.06915579144152523,4.088998677478129e-05,0.0519843802583926,8.087644266548629e-05,7.703503529720751e-06,2.706522479032609e-06,3.2960828758223092e-06,,
ar,t5,0.8,125,0.05,none,POT80-Shift,500,0.001695988568653702,0.00011299975068133553,7.089673841807068e-06,0.00163551364663425,0.0018792590048061903,0.0023009594431585146,0.07722238920225259,0.06423787025202213,4.0173169463571664e-05,0.0535745732050301,0.00011299975068140248,7.089673841807061e-06,-7.370745853651193e-06,3.0138371767201064e-06,,
ar,t5,0.8,125,0.05,none,POT90-Shift,500,0.0017033593145073537,0.00012037049653498533,7.49293977133914e-06,0.00163554162270495,0.00191956199355396,0.00231918035646192,0.07436777009741602,0.06071075755939816,4.7497315205030035e-05,0.0548003382199906,0.00012037049653505366,7.49293977133914e-06,0.0,0.0,,
ar,t5,0.8,125,0.05,none,Raw,500,0.0015829888179723004,0.0,6.115479933491987e-19,0.0015829888179723,0.0015829888179723,0.0015829888179723,0.0,0.05,0.0,0.0220737489707717,0.0,0.0,-0.00012037049653505366,7.49293977133914e-06,,
ar,t5,0.8,125,0.05,none,Shift-CP,500,0.0017033593145073537,0.00012037049653498533,7.49293977133914e-06,0.00163554162270495,0.00191956199355396,0.00231918035646192,0.07436777009741602,0.06071075755939816,4.7497315205030035e-05,0.0548003382199906,0.00012037049653505366,7.49293977133914e-06,0.0,0.0,,
ar,t5,0.8,125,0.05,none,Shift-ERM,500,0.0017060658369863861,0.00012307701901401963,7.703503529720748e-06,0.00164032791420965,0.00191928257106611,0.0023513405340762354,0.07505268028037133,0.06915579144152523,4.088998677478129e-05,0.0519843802583926,0.00012307701901408626,7.70350352972075e-06,2.706522479032609e-06,3.2960828758223092e-06,,
ar,t5,0.8,250,0.01,constant,POT80-Shift,500,0.0005419530545921683,5.421388254513357e-05,3.643942670913191e-06,0.00051327837111015,0.0006216954165415199,0.0008533387209750673,0.09578386558785072,0.01785265658884036,9.605835302517407e-05,0.0920704912116561,4.706092536736846e-05,3.6439426709131925e-06,-1.3078825991659802e-05,4.8752084468093585e-06,,
ar,t5,0.8,250,0.01,constant,POT90-Shift,500,0.0005411754174250358,5.3436245377997904e-05,3.610673674898784e-06,0.0005129271690354001,0.0006310408831870801,0.0008693460810840706,0.09897274494986145,0.017657483345616797,9.685545006390287e-05,0.1015437376202573,4.6283288200235856e-05,3.610673674898784e-06,-1.3856463158792397e-05,4.7120018750921505e-06,,
ar,t5,0.8,250,0.01,constant,Raw,500,0.0004948921292247998,7.1529571777347654e-06,1.795815536025425e-19,0.0004948921292248,0.0004948921292248,0.0004948921292248,0.01,0.014339600148343004,1.2500000000000007e-05,0.0333254273906142,0.0,0.0,-6.013975135902825e-05,6.136823404850977e-06,,
ar,t5,0.8,250,0.01,constant,Shift-CP,500,0.0005550318805838282,6.729270853679048e-05,6.136823404850978e-06,0.0005137960883736001,0.0006355292604707604,0.0010689876931261127,0.1413246977152777,0.013156229978569318,0.0003251523825714697,0.2713560213137371,6.013975135902825e-05,6.136823404850977e-06,0.0,0.0,,
ar,t5,0.8,250,0.01,constant,Shift-ERM,500,0.0005477835010794188,6.004432903237918e-05,4.096490075154277e-06,0.00051326762341205,0.00064446104737675,0.0009183676101959037,0.09319425377909454,0.017349405442503553,0.00012840891733008542,0.1069116790901278,5.289137185461885e-05,4.096490075154276e-06,-7.248379504409401e-06,4.415767911027349e-06,,
ar,t5,0.8,250,0.01,none,POT80-Shift,500,0.0005419530545921683,5.421388254513357e-05,3.643942670913191e-06,0.00051327837111015,0.0006216954165415199,0.0008533387209750673,0.09578386558785072,0.01785265658884036,9.605835302517407e-05,0.0920704912116561,5.421388254516838e-05,3.643942670913193e-06,-1.3078825991659802e-05,4.8752084468093585e-06,,
ar,t5,0.8,250,0.01,none,POT90-Shift,500,0.0005411754174250358,5.3436245377997904e-05,3.610673674898784e-06,0.0005129271690354001,0.0006310408831870801,0.0008693460810840706,0.09897274494986145,0.017657483345616797,9.685545006390287e-05,0.1015437376202573,5.343624537803578e-05,3.610673674898784e-06,-1.3856463158792397e-05,4.7120018750921505e-06,,
ar,t5,0.8,250,0.01,none,Raw,500,0.000487739172047,0.0,9.707111005542837e-20,0.000487739172047,0.000487739172047,0.000487739172047,0.0,0.0099999999999993,0.0,0.0368609612965469,0.0,0.0,-6.729270853682817e-05,6.136823404850978e-06,,
ar,t5,0.8,250,0.01,none,Shift-CP,500,0.0005550318805838282,6.729270853679048e-05,6.136823404850978e-06,0.0005137960883736001,0.0006355292604707604,0.0010689876931261127,0.1413246977152777,0.013156229978569318,0.0003251523825714697,0.2713560213137371,6.729270853682817e-05,6.136823404850978e-06,0.0,0.0,,
ar,t5,0.8,250,0.01,none,Shift-ERM,500,0.0005477835010794188,6.004432903237918e-05,4.096490075154277e-06,0.00051326762341205,0.00064446104737675,0.0009183676101959037,0.09319425377909454,0.017349405442503553,0.00012840891733008542,0.1069116790901278,6.0044329032418786e-05,4.096490075154275e-06,-7.248379504409401e-06,4.415767911027349e-06,,
ar,t5,0.8,250,0.05,constant,POT80-Shift,500,0.001644528244648305,6.153942667594395e-05,3.656070188566126e-06,0.0016134009850138,0.0017500389141395201,0.0020065845329343196,0.07812177035119341,0.05685898383696498,2.128714431909028e-05,0.0363257411902201,1.9338850327405094e-05,3.656070188566128e-06,-7.289323663418195e-06,1.7977853296736078e-06,,
ar,t5,0.8,250,0.05,constant,POT90-Shift,500,0.0016486099798928753,6.562116192051519e-05,3.923755583368105e-06,0.0016133929952757,0.00176801706902066,0.001981864373355814,0.07503908817150583,0.05559651374258718,2.3919654005628586e-05,0.0370668194135819,2.3420585571975494e-05,3.923755583368105e-06,-3.207588418847791e-06,1.4437000336406674e-06,,
ar,t5,0.8,250,0.05,constant,Raw,500,0.0016251893943209001,4.220057634851562e-05,5.533053273159417e-19,0.0016251893943209,0.0016251893943209,0.0016251893943209,0.01,0.07568601117269612,1.2499999999999982e-05,0.018538215064839,0.0,0.0,-2.6628173990823288e-05,4.1034490795007974e-06,,
ar,t5,0.8,250,0.05,constant,Shift-CP,500,0.0016518175683117233,6.882875033936367e-05,4.103449079500796e-06,0.0016161322208016501,0.0017712882246738101,0.002050944290093847,0.07096327705592274,0.05391228754177551,2.6343928181292088e-05,0.0394599389841216,2.6628173990823288e-05,4.1034490795007974e-06,0.0,0.0,,
ar,t5,0.8,250,0.05,constant,Shift-ERM,500,0.0016518453130638432,6.885649509148492e-05,4.062642562838471e-06,0.0016162448245861001,0.00179030162959467,0.0020462250881736867,0.0763024068448863,0.05792883870112848,2.416621363317455e-05,0.0364422612059947,2.6655918742943094e-05,4.062642562838472e-06,2.774475211980709e-08,1.2392671026635436e-06,,
ar,t5,0.8,250,0.05,none,POT80-Shift,500,0.001644528244648305,6.153942667594395e-05,3.656070188566126e-06,0.0016134009850138,0.0017500389141395201,0.0020065845329343196,0.07812177035119341,0.05685898383696498,2.128714431909028e-05,0.0363257411902201,6.153942667600507e-05,3.6560701885661275e-06,-7.289323663418195e-06,1.7977853296736078e-06,,
ar,t5,0.8,250,0.05,none,POT90-Shift,500,0.0016486099798928753,6.562116192051519e-05,3.923755583368105e-06,0.0016133929952757,0.00176801706902066,0.001981864373355814,0.07503908817150583,0.05559651374258718,2.3919654005628586e-05,0.0370668194135819,6.562116192057546e-05,3.923755583368107e-06,-3.207588418847791e-06,1.4437000336406674e-06,,
ar,t5,0.8,250,0.05,none,Raw,500,0.0015829888179723004,0.0,6.115479933491987e-19,0.0015829888179723,0.0015829888179723,0.0015829888179723,0.0,0.05,0.0,0.0220737489707717,0.0,0.0,-6.882875033942326e-05,4.103449079500798e-06,,
ar,t5,0.8,250,0.05,none,Shift-CP,500,0.0016518175683117233,6.882875033936367e-05,4.103449079500796e-06,0.0016161322208016501,0.0017712882246738101,0.002050944290093847,0.07096327705592274,0.05391228754177551,2.6343928181292088e-05,0.0394599389841216,6.882875033942326e-05,4.103449079500798e-06,0.0,0.0,,
ar,t5,0.8,250,0.05,none,Shift-ERM,500,0.0016518453130638432,6.885649509148492e-05,4.062642562838471e-06,0.0016162448245861001,0.00179030162959467,0.0020462250881736867,0.0763024068448863,0.05792883870112848,2.416621363317455e-05,0.0364422612059947,6.885649509154307e-05,4.062642562838472e-06,2.774475211980709e-08,1.2392671026635436e-06,,
ar,t5,0.8,500,0.01,constant,POT80-Shift,500,0.0005137927718400734,2.6053599793043526e-05,1.6573874082757379e-06,0.0004982733399069,0.00056309832034475,0.000663935323466292,0.07861627202447058,0.013619734169500594,4.953118142027366e-05,0.0666478522116455,1.8900642615273452e-05,1.6573874082757379e-06,-4.267120449907e-06,1.0035112210122438e-06,,
ar,t5,0.8,500,0.01,constant,POT90-Shift,500,0.0005142847645290236,2.6545592481993257e-05,1.7166930860480606e-06,0.000498370135951,0.0005627616039933,0.0006557823820789179,0.08188530179848454,0.013773851417599098,4.983039328269601e-05,0.0665658299004241,1.939263530422365e-05,1.716693086048061e-06,-3.7751277609568e-06,9.426121668469336e-07,,
ar,t5,0.8,500,0.01,constant,Raw,500,0.0004948921292247998,7.1529571777347654e-06,1.795815536025425e-19,0.0004948921292248,0.0004948921292248,0.0004948921292248,0.01,0.014339600148343004,1.2500000000000007e-05,0.0333254273906142,0.0,0.0,-2.3167763065180453e-05,2.0274691977570633e-06,,
ar,t5,0.8,500,0.01,constant,Shift-CP,500,0.0005180598922899804,3.032072024294693e-05,2.027469197757065e-06,0.00050127577491955,0.0005657683458037,0.0007012828964238868,0.09682713265229671,0.012700010362737057,6.899111787408672e-05,0.0777050931487797,2.3167763065180453e-05,2.0274691977570633e-06,0.0,0.0,,
ar,t5,0.8,500,0.01,constant,Shift-ERM,500,0.0005187710485841173,3.103187653708334e-05,2.0494919619677076e-06,0.00050001637698315,0.00057224153470253,0.0006835543562115288,0.089197359474844,0.014749179607192492,5.618634706819914e-05,0.0747073076284322,2.3878919359317256e-05,2.0494919619677076e-06,7.11156294136799e-07,8.835046336113423e-07,,
ar,t5,0.8,500,0.01,none,POT80-Shift,500,0.0005137927718400734,2.6053599793043526e-05,1.6573874082757379e-06,0.0004982733399069,0.00056309832034475,0.000663935323466292,0.07861627202447058,0.013619734169500594,4.953118142027366e-05,0.0666478522116455,2.6053599793073382e-05,1.6573874082757379e-06,-4.267120449907e-06,1.0035112210122438e-06,,
ar,t5,0.8,500,0.01,none,POT90-Shift,500,0.0005142847645290236,2.6545592481993257e-05,1.7166930860480606e-06,0.000498370135951,0.0005627616039933,0.0006557823820789179,0.08188530179848454,0.013773851417599098,4.983039328269601e-05,0.0665658299004241,2.654559248202358e-05,1.7166930860480606e-06,-3.7751277609568e-06,9.426121668469336e-07,,
ar,t5,0.8,500,0.01,none,Raw,500,0.000487739172047,0.0,9.707111005542837e-20,0.000487739172047,0.000487739172047,0.000487739172047,0.0,0.0099999999999993,0.0,0.0368609612965469,0.0,0.0,-3.0320720242980383e-05,2.0274691977570633e-06,,
ar,t5,0.8,500,0.01,none,Shift-CP,500,0.0005180598922899804,3.032072024294693e-05,2.027469197757065e-06,0.00050127577491955,0.0005657683458037,0.0007012828964238868,0.09682713265229671,0.012700010362737057,6.899111787408672e-05,0.0777050931487797,3.0320720242980383e-05,2.0274691977570633e-06,0.0,0.0,,
ar,t5,0.8,500,0.01,none,Shift-ERM,500,0.0005187710485841173,3.103187653708334e-05,2.0494919619677076e-06,0.00050001637698315,0.00057224153470253,0.0006835543562115288,0.089197359474844,0.014749179607192492,5.618634706819914e-05,0.0747073076284322,3.103187653711718e-05,2.0494919619677076e-06,7.11156294136799e-07,8.835046336113423e-07,,
ar,t5,0.8,500,0.05,constant,POT80-Shift,500,0.0016151476734764425,3.215885550408878e-05,1.969763298305437e-06,0.0015960856293081001,0.00167355187886452,0.0017717102688716278,0.0708401660440108,0.05367704167728871,1.0969547194195352e-05,0.0327473368212146,-1.0041720844457512e-05,1.9697632983054378e-06,-1.660643302177003e-06,6.94387444046537e-07,,
ar,t5,0.8,500,0.05,constant,POT90-Shift,500,0.0016169770541512958,3.3988236178942086e-05,2.085890969630371e-06,0.0015971337099826,0.0016796781376572601,0.001781632453168331,0.07118710315675197,0.05392422161110613,1.1627438687140581e-05,0.032269745958585,-8.212340169604111e-06,2.0858909696303716e-06,1.6873737267639968e-07,5.883762675109986e-07,,
ar,t5,0.8,500,0.05,constant,Raw,500,0.0016251893943209001,4.220057634851562e-05,5.533053273159417e-19,0.0016251893943209,0.0016251893943209,0.0016251893943209,0.01,0.07568601117269612,1.2499999999999982e-05,0.018538215064839,0.0,0.0,8.381077542280509e-06,2.0502013040684423e-06,,
ar,t5,0.8,500,0.05,constant,Shift-CP,500,0.0016168083167786196,3.381949880626269e-05,2.0502013040684427e-06,0.0015985309172436,0.00167856700469022,0.00178965743766143,0.07044479435195018,0.05381673337552912,1.1605863246682028e-05,0.0325617317246051,-8.381077542280509e-06,2.0502013040684423e-06,0.0,0.0,,
ar,t5,0.8,500,0.05,constant,Shift-ERM,500,0.0016172421065076777,3.425328853532435e-05,2.1432816262850943e-06,0.0015967304321678,0.0016796092921410502,0.001807478316924477,0.07334801167188457,0.055984062080263866,1.127841014031343e-05,0.031883491168404,-7.947287813221905e-06,2.1432816262850943e-06,4.337897290586038e-07,4.1977133787069215e-07,,
ar,t5,0.8,500,0.05,none,POT80-Shift,500,0.0016151476734764425,3.215885550408878e-05,1.969763298305437e-06,0.0015960856293081001,0.00167355187886452,0.0017717102688716278,0.0708401660440108,0.05367704167728871,1.0969547194195352e-05,0.0327473368212146,3.215885550414246e-05,1.9697632983054374e-06,-1.660643302177003e-06,6.94387444046537e-07,,
ar,t5,0.8,500,0.05,none,POT90-Shift,500,0.0016169770541512958,3.3988236178942086e-05,2.085890969630371e-06,0.0015971337099826,0.0016796781376572601,0.001781632453168331,0.07118710315675197,0.05392422161110613,1.1627438687140581e-05,0.032269745958585,3.398823617899586e-05,2.085890969630371e-06,1.6873737267639968e-07,5.883762675109986e-07,,
ar,t5,0.8,500,0.05,none,Raw,500,0.0015829888179723004,0.0,6.115479933491987e-19,0.0015829888179723,0.0015829888179723,0.0015829888179723,0.0,0.05,0.0,0.0220737489707717,0.0,0.0,-3.3819498806319467e-05,2.050201304068442e-06,,
ar,t5,0.8,500,0.05,none,Shift-CP,500,0.0016168083167786196,3.381949880626269e-05,2.0502013040684427e-06,0.0015985309172436,0.00167856700469022,0.00178965743766143,0.07044479435195018,0.05381673337552912,1.1605863246682028e-05,0.0325617317246051,3.3819498806319467e-05,2.050201304068442e-06,0.0,0.0,,
ar,t5,0.8,500,0.05,none,Shift-ERM,500,0.0016172421065076777,3.425328853532435e-05,2.1432816262850943e-06,0.0015967304321678,0.0016796092921410502,0.001807478316924477,0.07334801167188457,0.055984062080263866,1.127841014031343e-05,0.031883491168404,3.425328853537807e-05,2.1432816262850947e-06,4.337897290586038e-07,4.1977133787069215e-07,,
ar,t5,0.8,1000,0.01,constant,POT80-Shift,500,0.0004996176754926612,1.1878503445632117e-05,7.466040957573051e-07,0.0004929642173856,0.00052273411986562,0.0005650140017840519,0.08092810270237413,0.011443373767270632,2.372547369896412e-05,0.053338606925288,4.725546267861256e-06,7.466040957573053e-07,-1.6126385727952006e-06,4.2270098609368467e-07,,
ar,t5,0.8,1000,0.01,constant,POT90-Shift,500,0.0004998603970725905,1.2121225025562982e-05,7.51777844719616e-07,0.0004931042476358,0.00052162672421825,0.000564502873255721,0.07999340842085029,0.011648625262149432,2.3718157817779203e-05,0.0529796464641999,4.968267847790455e-06,7.517778447196164e-07,-1.3699169928660008e-06,4.135267811432315e-07,,
ar,t5,0.8,1000,0.01,constant,Raw,500,0.0004948921292247998,7.1529571777347654e-06,1.795815536025425e-19,0.0004948921292248,0.0004948921292248,0.0004948921292248,0.01,0.014339600148343004,1.2500000000000007e-05,0.0333254273906142,0.0,0.0,-6.338184840656456e-06,7.902073866138401e-07,,
ar,t5,0.8,1000,0.01,constant,Shift-CP,500,0.0005012303140654563,1.3491142018426668e-05,7.902073866138399e-07,0.0004940667381971001,0.0005243648426194499,0.0005626617014568,0.06751671577782747,0.011189436877249758,2.886865499769875e-05,0.0559015491927942,6.338184840656456e-06,7.902073866138401e-07,0.0,0.0,,
ar,t5,0.8,1000,0.01,constant,Shift-ERM,500,0.000501731888071318,1.3992716024288439e-05,8.242164572291821e-07,0.0004940699466968,0.00052471508095499,0.000569231276273014,0.06622970535270235,0.012198141595287775,2.6906949552119384e-05,0.054063002189534,6.839758846518056e-06,8.242164572291818e-07,5.01574005861599e-07,2.98383704008073e-07,,
ar,t5,0.8,1000,0.01,none,POT80-Shift,500,0.0004996176754926612,1.1878503445632117e-05,7.466040957573051e-07,0.0004929642173856,0.00052273411986562,0.0005650140017840519,0.08092810270237413,0.011443373767270632,2.372547369896412e-05,0.053338606925288,1.1878503445661182e-05,7.466040957573051e-07,-1.6126385727952006e-06,4.2270098609368467e-07,,
ar,t5,0.8,1000,0.01,none,POT90-Shift,500,0.0004998603970725905,1.2121225025562982e-05,7.51777844719616e-07,0.0004931042476358,0.00052162672421825,0.000564502873255721,0.07999340842085029,0.011648625262149432,2.3718157817779203e-05,0.0529796464641999,1.2121225025590383e-05,7.517778447196163e-07,-1.3699169928660008e-06,4.135267811432315e-07,,
ar,t5,0.8,1000,0.01,none,Raw,500,0.000487739172047,0.0,9.707111005542837e-20,0.000487739172047,0.000487739172047,0.000487739172047,0.0,0.0099999999999993,0.0,0.0368609612965469,0.0,0.0,-1.3491142018456384e-05,7.902073866138401e-07,,
ar,t5,0.8,1000,0.01,none,Shift-CP,500,0.0005012303140654563,1.3491142018426668e-05,7.902073866138399e-07,0.0004940667381971001,0.0005243648426194499,0.0005626617014568,0.06751671577782747,0.011189436877249758,2.886865499769875e-05,0.0559015491927942,1.3491142018456384e-05,7.902073866138401e-07,0.0,0.0,,
ar,t5,0.8,1000,0.01,none,Shift-ERM,500,0.000501731888071318,1.3992716024288439e-05,8.242164572291821e-07,0.0004940699466968,0.00052471508095499,0.000569231276273014,0.06622970535270235,0.012198141595287775,2.6906949552119384e-05,0.054063002189534,1.3992716024317982e-05,8.242164572291816e-07,5.01574005861599e-07,2.98383704008073e-07,,
ar,t5,0.8,1000,0.05,constant,POT80-Shift,500,0.0015988357831396161,1.5846965167266317e-05,1.016175570081001e-06,0.00158930405206765,0.00163004516639731,0.0016740733444257547,0.0880692077323947,0.05111167625045509,5.568492235403499e-06,0.0304329570416531,-2.635361118128371e-05,1.0161755700810007e-06,-1.0734316092906038e-06,3.7378512512765714e-07,,
ar,t5,0.8,1000,0.05,constant,POT90-Shift,500,0.0015995777487133598,1.6588930741010008e-05,1.0388454852902304e-06,0.00159041558219335,0.00163003805290633,0.0016789930436267757,0.079500179899606,0.05196185107759763,5.753121822966573e-06,0.0293405276400782,-2.5611645607540104e-05,1.03884548529023e-06,-3.3146603554700054e-07,2.971969132873383e-07,,
ar,t5,0.8,1000,0.05,constant,Raw,500,0.0016251893943209001,4.220057634851562e-05,5.533053273159417e-19,0.0016251893943209,0.0016251893943209,0.0016251893943209,0.01,0.07568601117269612,1.2499999999999982e-05,0.018538215064839,0.0,0.0,2.52801795719931e-05,1.0452670564081777e-06,,
ar,t5,0.8,1000,0.05,constant,Shift-CP,500,0.0015999092147489069,1.6920396776557814e-05,1.0452670564081777e-06,0.00159054103512825,0.0016276849903845202,0.0016864203140303708,0.07652724102786795,0.05184372773208222,5.897539595129235e-06,0.0296571715925324,-2.52801795719931e-05,1.0452670564081777e-06,0.0,0.0,,
ar,t5,0.8,1000,0.05,constant,Shift-ERM,500,0.0015998868891008476,1.6898071128498334e-05,1.0511136254265685e-06,0.0015906420894773502,0.00162692329283057,0.001694395934802906,0.0795607475562611,0.05286784460640372,5.758385840743313e-06,0.029479951387393,-2.5302505220052306e-05,1.051113625426569e-06,-2.2325648059200176e-08,1.694745689697473e-07,,
ar,t5,0.8,1000,0.05,none,POT80-Shift,500,0.0015988357831396161,1.5846965167266317e-05,1.016175570081001e-06,0.00158930405206765,0.00163004516639731,0.0016740733444257547,0.0880692077323947,0.05111167625045509,5.568492235403499e-06,0.0304329570416531,1.584696516731626e-05,1.016175570081001e-06,-1.0734316092906038e-06,3.7378512512765714e-07,,
ar,t5,0.8,1000,0.05,none,POT90-Shift,500,0.0015995777487133598,1.6588930741010008e-05,1.0388454852902304e-06,0.00159041558219335,0.00163003805290633,0.0016789930436267757,0.079500179899606,0.05196185107759763,5.753121822966573e-06,0.0293405276400782,1.6588930741059868e-05,1.03884548529023e-06,-3.3146603554700054e-07,2.971969132873383e-07,,
ar,t5,0.8,1000,0.05,none,Raw,500,0.0015829888179723004,0.0,6.115479933491987e-19,0.0015829888179723,0.0015829888179723,0.0015829888179723,0.0,0.05,0.0,0.0220737489707717,0.0,0.0,-1.6920396776606868e-05,1.045267056408178e-06,,
ar,t5,0.8,1000,0.05,none,Shift-CP,500,0.0015999092147489069,1.6920396776557814e-05,1.0452670564081777e-06,0.00159054103512825,0.0016276849903845202,0.0016864203140303708,0.07652724102786795,0.05184372773208222,5.897539595129235e-06,0.0296571715925324,1.6920396776606868e-05,1.045267056408178e-06,0.0,0.0,,
ar,t5,0.8,1000,0.05,none,Shift-ERM,500,0.0015998868891008476,1.6898071128498334e-05,1.0511136254265685e-06,0.0015906420894773502,0.00162692329283057,0.001694395934802906,0.0795607475562611,0.05286784460640372,5.758385840743313e-06,0.029479951387393,1.689807112854767e-05,1.051113625426569e-06,-2.2325648059200176e-08,1.694745689697473e-07,,
garch,normal,0.0,125,0.01,constant,POT80-Shift,500,0.00035327535062284197,1.4596453211339596e-05,9.502961331758473e-07,0.000345367565204,0.00037809126844105996,0.0004474971275065019,0.08658632975842008,0.014116485127620869,1.2043058487839539e-05,0.0630968948150384,-2.4257323335579844e-06,9.502961331758474e-07,-1.3636665210602601e-05,1.7151282892094597e-06,-3.8551966361976e-06,7.953877312817452e-07
garch,normal,0.0,125,0.01,constant,POT80-Vol,500,0.0003524875188743102,1.3808621462807928e-05,9.756885689085314e-07,0.00034419633207495,0.00037273548619144004,0.00044863530655654297,0.10208993071948104,0.014533561695677873,1.1117552917953958e-05,0.0722891817163352,-3.213564082089784e-06,9.756885689085318e-07,-1.44244969591344e-05,1.8526327403805169e-06,-4.6430283847294e-06,7.835544157056162e-07
garch,normal,0.0,125,0.01,constant,POT90-Shift,500,0.0003669120158334446,2.8233118421941773e-05,1.7646429015516328e-06,0.00035184784468589997,0.00041507658117021006,0.000532297288211316,0.07910847436481618,0.007737281288164857,4.9007246426878896e-05,0.0823123276121582,1.1210932877044616e-05,1.7646429015516337e-06,0.0,0.0,9.781468574405e-06,1.9362954847049556e-06
garch,normal,0.0,125,0.01,constant,POT90-Vol,500,0.0003629405039819066,2.4261606570404267e-05,1.4376050531255227e-06,0.00035133040525070003,0.00040616734610355004,0.000493459218513899,0.08073839815695108,0.007979268889804533,4.035139248612872e-05,0.1065942645243,7.2394210255066155e-06,1.4376050531255227e-06,-3.971511851538001e-06,7.732271021653771e-07,5.809956722866999e-06,1.6695540046078104e-06
garch,normal,0.0,125,0.01,constant,Raw,500,0.00035570108295640004,1.7022185544859595e-05,1.4560666508314253e-19,0.0003557010829564,0.0003557010829564,0.0003557010829564,0.01,0.020772008905857,1.2499999999999982e-05,0.0482944120794525,0.0,0.0,-1.1210932877044616e-05,1.7646429015516337e-06,-1.4294643026396165e-06,1.2203811005766762e-06
garch,normal,0.0,125,0.01,constant,Shift-CP,500,0.0003669120158334446,2.8233118421941773e-05,1.7646429015516328e-06,0.00035184784468589997,0.00041507658117021006,0.000532297288211316,0.07910847436481618,0.007737281288164857,4.9007246426878896e-05,0.0823123276121582,1.1210932877044616e-05,1.7646429015516337e-06,0.0,0.0,9.781468574405e-06,1.9362954847049556e-06
garch,normal,0.0,125,0.01,constant,Shift-ERM,500,0.00035731432647538765,1.8635429063882422e-05,1.2482705087602912e-06,0.00034669826840535,0.00038935469638538,0.00046706882992622297,0.08767940400311833,0.015649788805221422,1.4748213312900316e-05,0.0675973322090708,1.613243518987617e-06,1.2482705087602904e-06,-9.597689358057e-06,1.9806789652193737e-06,1.8377921634800085e-07,4.27205427595416e-07
garch,normal,0.0,125,0.01,constant,State-L1,500,0.0008055876276722401,0.0004669087302607232,9.864586879856697e-05,0.00036839027056555,0.0009256840589014409,0.012709074237253275,0.3910857412105721,0.03046332669899062,0.0001820457935810247,1.1417099460560989,0.00044988654471584023,9.864586879856697e-05,0.00043867561183879563,9.87556032536669e-05,0.0004484570804132006,9.870928457605519e-05
garch,normal,0.0,125,0.01,constant,State-L1-clipped,500,0.000430653905820546,9.197500840903077e-05,1.0474113100350049e-05,0.0003669170271039,0.0005528334498889,0.0013252050504383478,0.20431755174010352,0.023976654473983467,5.223397856410121e-05,0.117754153791201,7.495282286414603e-05,1.0474113100350052e-05,6.374188998710142e-05,1.0679821777287861e-05,7.35233585615064e-05,1.0437697044324812e-05
garch,normal,0.0,125,0.01,constant,State2-ERM,500,0.0004133096985514362,7.463080113992882e-05,6.853847443502507e-06,0.00037497381038525,0.00050112792340274,0.0009184474155374586,0.1631386440042765,0.01991551685725646,6.306000179683236e-05,0.135811259776517,5.760861559503622e-05,6.853847443502507e-06,4.63976827179916e-05,6.968845266760702e-06,5.6179151292396605e-05,6.833265216828685e-06
garch,normal,0.0,125,0.01,constant,State4-ERM,500,0.0018986638481717835,0.0015599849507602456,0.00017873517649385609,0.00060168645137065,0.004058233045577251,0.021126373794554443,0.18722437672958134,0.06307176527948596,0.0006156326964240211,1.1417099460560982,0.0015429627652153838,0.00017873517649385609,0.001531751832338339,0.00017892843818201435,0.0015415333009127443,0.00017876730271146538
garch,normal,0.0,125,0.01,constant,Vol-CP,500,0.0003629405039819066,2.426160657040426e-05,1.4376050531255227e-06,0.00035133040525070003,0.00040616734610355004,0.000493459218513899,0.0807383981569511,0.007979268889804537,4.035139248612872e-05,0.1065942645243,7.2394210255066155e-06,1.4376050531255227e-06,-3.971511851538001e-06,7.732271021653771e-07,5.809956722866999e-06,1.6695540046078104e-06
garch,normal,0.0,125,0.01,constant,Vol-ERM,500,0.00035713054725903956,1.845164984753831e-05,1.2203811005766762e-06,0.00034633174002915,0.00039026372530229,0.0004726335218944779,0.09359504833165919,0.015628029864927645,1.532458503111878e-05,0.0755479969084274,1.4294643026396165e-06,1.2203811005766762e-06,-9.781468574405e-06,1.9362954847049556e-06,0.0,0.0
garch,normal,0.0,125,0.01,none,POT80-Shift,500,0.00035327535062284197,1.4596453211339596e-05,9.502961331758473e-07,0.000345367565204,0.00037809126844105996,0.0004474971275065019,0.08658632975842008,0.014116485127620869,1.2043058487839539e-05,0.0630968948150384,1.4596453211341991e-05,9.502961331758474e-07,-1.3636665210602601e-05,1.7151282892094597e-06,-4.0016811578668e-06,8.447858072526539e-07
garch,normal,0.0,125,0.01,none,POT80-Vol,500,0.0003528527749202948,1.4173877508793237e-05,1.040130034630337e-06,0.00034405740813685,0.00037729300157804,0.000456434793269915,0.10954571290812543,0.014222311747241033,1.1634641756658207e-05,0.0702851207913366,1.4173877508794792e-05,1.0401300346303379e-06,-1.4059240913149802e-05,1.865531365733143e-06,-4.424256860413998e-06,7.90595827342115e-07
garch,normal,0.0,125,0.01,none,POT90-Shift,500,0.0003669120158334446,2.8233118421941773e-05,1.7646429015516328e-06,0.00035184784468589997,0.00041507658117021006,0.000532297288211316,0.07910847436481618,0.007737281288164857,4.9007246426878896e-05,0.0823123276121582,2.8233118421944592e-05,1.7646429015516337e-06,0.0,0.0,9.634984052735803e-06,1.9366916306660728e-06
garch,normal,0.0,125,0.01,none,POT90-Vol,500,0.00036344874214441417,2.4769844732910733e-05,1.4873986976985637e-06,0.00035146978258835,0.0004047568756606,0.000505770133272411,0.08067543212445383,0.007852137245817053,4.043526349937205e-05,0.1031055163914674,2.4769844732914192e-05,1.4873986976985633e-06,-3.4632736890303993e-06,7.024402225633778e-07,6.171710363705403e-06,1.6779651414597285e-06
garch,normal,0.0,125,0.01,none,Raw,500,0.00033867889741150006,0.0,1.1405855431512834e-19,0.0003386788974115,0.0003386788974115,0.0003386788974115,0.0,0.01,0.0,0.0518299459853853,0.0,0.0,-2.8233118421944592e-05,1.7646429015516337e-06,-1.859813436920879e-05,1.2704390963112644e-06
garch,normal,0.0,125,0.01,none,Shift-CP,500,0.0003669120158334446,2.8233118421941773e-05,1.7646429015516328e-06,0.00035184784468589997,0.00041507658117021006,0.000532297288211316,0.07910847436481618,0.007737281288164857,4.9007246426878896e-05,0.0823123276121582,2.8233118421944592e-05,1.7646429015516337e-06,0.0,0.0,9.634984052735803e-06,1.9366916306660728e-06
garch,normal,0.0,125,0.01,none,Shift-ERM,500,0.00035731432647538765,1.8635429063882422e-05,1.2482705087602912e-06,0.00034669826840535,0.00038935469638538,0.00046706882992622297,0.08767940400311833,0.015649788805221422,1.4748213312900316e-05,0.0675973322090708,1.8635429063887593e-05,1.2482705087602906e-06,-9.597689358057e-06,1.9806789652193737e-06,3.729469467880222e-08,6.066825164142806e-07
garch,normal,0.0,125,0.01,none,State-L1,500,0.0008055876276722401,0.0004669087302607232,9.864586879856697e-05,0.00036839027056555,0.0009256840589014409,0.012709074237253275,0.3910857412105721,0.03046332669899062,0.0001820457935810247,1.1417099460560989,0.0004669087302607402,9.864586879856694e-05,0.00043867561183879563,9.87556032536669e-05,0.00044831059589153137,9.87049280361542e-05
garch,normal,0.0,125,0.01,none,State-L1-clipped,500,0.000430653905820546,9.197500840903077e-05,1.0474113100350049e-05,0.0003669170271039,0.0005528334498889,0.0013252050504383478,0.20431755174010352,0.023976654473983467,5.223397856410121e-05,0.117754153791201,9.197500840904599e-05,1.047411310035005e-05,6.374188998710142e-05,1.0679821777287861e-05,7.33768740398372e-05,1.0430012194907554e-05
garch,normal,0.0,125,0.01,none,State2-ERM,500,0.0004133096985514362,7.463080113992882e-05,6.853847443502507e-06,0.00037497381038525,0.00050112792340274,0.0009184474155374586,0.1631386440042765,0.01991551685725646,6.306000179683236e-05,0.135811259776517,7.463080113993619e-05,6.853847443502508e-06,4.63976827179916e-05,6.968845266760702e-06,5.6032666770727405e-05,6.807358626801382e-06
garch,normal,0.0,125,0.01,none,State4-ERM,500,0.0018986638481717835,0.0015599849507602456,0.00017873517649385609,0.00060168645137065,0.004058233045577251,0.021126373794554443,0.18722437672958134,0.06307176527948596,0.0006156326964240211,1.1417099460560982,0.0015599849507602836,0.00017873517649385609,0.001531751832338339,0.00017892843818201435,0.0015413868163910748,0.00017873953205113148
garch,normal,0.0,125,0.01,none,Vol-CP,500,0.00036344874214441417,2.4769844732910733e-05,1.4873986976985637e-06,0.00035146978258835,0.0004047568756606,0.000505770133272411,0.08067543212445383,0.007852137245817055,4.043526349937204e-05,0.1031055163914674,2.4769844732914192e-05,1.4873986976985633e-06,-3.4632736890303993e-06,7.024402225633778e-07,6.171710363705403e-06,1.6779651414597285e-06
garch,normal,0.0,125,0.01,none,Vol-ERM,500,0.0003572770317807088,1.8598134369207432e-05,1.2704390963112644e-06,0.0003465900299348,0.00038738724139815,0.00047733696810901697,0.09551462971676024,0.015151297217731941,1.6065014926561146e-05,0.0752294619010692,1.859813436920879e-05,1.2704390963112644e-06,-9.634984052735803e-06,1.9366916306660728e-06,0.0,0.0
garch,normal,0.0,125,0.01,state,POT80-Shift,500,0.00035930096145790104,2.0622064046398803e-05,1.1203759146398595e-06,0.0003496644268208,0.00038920245086265,0.00045233470426081897,0.07550997404137759,0.013384210256706271,2.0547202696731658e-05,0.0612566483044501,1.1757997445900998e-05,1.1203759146398599e-06,-1.646241576101e-05,1.8879480669280343e-06,-2.071287305986601e-06,9.390475680732823e-07
garch,normal,0.0,125,0.01,state,POT80-Vol,500,0.00035707030260169383,1.8391405190190384e-05,1.2218676398811406e-06,0.00034737609325845,0.00038412748587734,0.0004709817755682179,0.10142112300311355,0.013824908642978955,1.5567987217884733e-05,0.0642166533973939,9.527338589693799e-06,1.2218676398811401e-06,-1.86930746172172e-05,2.2053657185721776e-06,-4.301946162193801e-06,8.91103591712856e-07
garch,normal,0.0,125,0.01,state,POT90-Shift,500,0.000375763377218911,3.708447980740618e-05,2.120907377440607e-06,0.00035702012129185004,0.00043545877185742005,0.000562353607126157,0.06944017470165817,0.007513964514767908,6.964297263757513e-05,0.0787036973290105,2.8220413206910997e-05,2.1209073774406078e-06,0.0,0.0,1.4391128455023397e-05,2.2263349088452336e-06
garch,normal,0.0,125,0.01,state,POT90-Vol,500,0.00036727057174247725,2.8591674330973176e-05,1.5759055526497334e-06,0.000354534484349,0.00041205696769121004,0.0005172862585447161,0.07183157518465955,0.007653654835636368,4.5270929433689095e-05,0.096884583306677,1.9727607730477202e-05,1.5759055526497334e-06,-8.492805476433798e-06,9.815446850432654e-07,5.898322978589599e-06,1.7840573511615292e-06
garch,normal,0.0,125,0.01,state,Raw,500,0.000347542964012,8.864066600505117e-06,1.1648533206651403e-19,0.000347542964012,0.000347542964012,0.000347542964012,0.010000000000000002,0.0155550156181406,8.218288269737706e-06,0.0434736076015474,0.0,0.0,-2.8220413206910997e-05,2.1209073774406078e-06,-1.3829284751887598e-05,1.4265368045855606e-06
garch,normal,0.0,125,0.01,state,Shift-CP,500,0.000375763377218911,3.708447980740618e-05,2.120907377440607e-06,0.00035702012129185004,0.00043545877185742005,0.000562353607126157,0.06944017470165817,0.007513964514767908,6.964297263757513e-05,0.0787036973290105,2.8220413206910997e-05,2.1209073774406078e-06,0.0,0.0,1.4391128455023397e-05,2.2263349088452336e-06
garch,normal,0.0,125,0.01,state,Shift-ERM,500,0.00036198254248317877,2.330364507167341e-05,1.3228292710305424e-06,0.00035094300661785,0.00039711542343478005,0.00047870360583782096,0.07757682545176106,0.014579783243092443,2.2159691703620267e-05,0.0629902454500621,1.4439578471178799e-05,1.322829271030542e-06,-1.3780834735732196e-05,2.1667794556403182e-06,6.102937192912001e-07,6.398603025705344e-07
garch,normal,0.0,125,0.01,state,State-L1,500,0.000789439698016012,0.000450760800604496,9.786872031985318e-05,0.000370113933917,0.0009064300696788004,0.012709074237253275,0.40509588812253233,0.029824977692141975,0.00017689876695228547,1.1417099460560989,0.000441896734004012,9.786872031985318e-05,0.000413676320797101,9.799068573146564e-05,0.00042806744925212435,9.793824336233435e-05
garch,normal,0.0,125,0.01,state,State-L1-clipped,500,0.000429626312792316,9.094741538080324e-05,9.890673366643723e-06,0.00036846724662275003,0.0005448207538856002,0.001321495420156622,0.19880705050646497,0.02326191991756433,5.3738416566680184e-05,0.1151734605708231,8.2083348780316e-05,9.890673366643725e-06,5.3862935573405e-05,1.0200253434924653e-05,6.825406402842841e-05,9.863405601928699e-06
garch,normal,0.0,125,0.01,state,State2-ERM,500,0.0004133096985514362,7.463080113992882e-05,6.853847443502507e-06,0.00037497381038525,0.00050112792340274,0.0009184474155374586,0.1631386440042765,0.01991551685725646,6.306000179683236e-05,0.135811259776517,6.57667345394362e-05,6.853847443502507e-06,3.754632133252519e-05,7.128356928605212e-06,5.1937449787548604e-05,6.701175097377335e-06
garch,normal,0.0,125,0.01,state,State4-ERM,500,0.0018986638481717835,0.0015599849507602456,0.00017873517649385609,0.00060168645137065,0.004058233045577251,0.021126373794554443,0.18722437672958134,0.06307176527948596,0.0006156326964240211,1.1417099460560982,0.0015511208841597838,0.00017873517649385609,0.0015229004709528728,0.00017893695785775436,0.001537291599407896,0.0001785645023361743
garch,normal,0.0,125,0.01,state,Vol-CP,500,0.00036727057174247725,2.8591674330973176e-05,1.5759055526497334e-06,0.000354534484349,0.00041205696769121004,0.0005172862585447161,0.07183157518465955,0.007653654835636367,4.52709294336891e-05,0.096884583306677,1.9727607730477202e-05,1.5759055526497334e-06,-8.492805476433798e-06,9.815446850432654e-07,5.898322978589599e-06,1.7840573511615292e-06
garch,normal,0.0,125,0.01,state,Vol-ERM,500,0.00036137224876388763,2.2693351352384213e-05,1.4265368045855614e-06,0.00034824933648254996,0.00039711073412534997,0.000510768485610461,0.08408569204156449,0.014461203880281699,2.070120513985178e-05,0.0749849135086471,1.3829284751887598e-05,1.4265368045855606e-06,-1.4391128455023397e-05,2.2263349088452336e-06,0.0,0.0
garch,normal,0.0,125,0.05,constant,POT80-Shift,500,0.0013339569350773544,2.337316663146413e-05,1.5393354032886466e-06,0.0013222189554710998,0.00136904189828708,0.0014860612855929771,0.09995182689132515,0.04965020744267954,6.079800622871882e-06,0.0467280611233102,-3.783524479644563e-05,1.5393354032886479e-06,-4.7779542141321956e-06,1.1931573423607443e-06,-6.535702064393969e-07,1.4158435691892795e-06
garch,normal,0.0,125,0.05,constant,POT80-Vol,500,0.0013309129105551238,2.0329142109237428e-05,1.3712744250411471e-06,0.00132084603257195,0.0013581657659509,0.001439144021145222,0.11404031042968417,0.05180592165165253,5.395276925791495e-06,0.0577731126643939,-4.087926931867602e-05,1.3712744250411474e-06,-7.821978736362594e-06,1.4953140023094682e-06,-3.6975947286697963e-06,1.1547277714936239e-06
garch,normal,0.0,125,0.05,constant,POT90-Shift,500,0.0013387348892914866,2.8151120845598108e-05,1.8489102968096005e-06,0.00132325864471175,0.0013807090900498,0.001496258258996049,0.08527184607155552,0.045936205752032666,7.862222642313875e-06,0.0480628065620581,-3.305729058231344e-05,1.8489102968096007e-06,0.0,0.0,4.124384007692798e-06,1.747203445760532e-06
garch,normal,0.0,125,0.05,constant,POT90-Vol,500,0.0013335805794115782,2.2996810965690358e-05,1.3678134979302779e-06,0.0013214580859457498,0.00136840373442438,0.00145867652946239,0.07886104445002806,0.04801569546565775,6.58819063883872e-06,0.0530800384471529,-3.8211600462221826e-05,1.3678134979302772e-06,-5.154309879908393e-06,1.0342552184418399e-06,-1.0299258722155942e-06,1.2890523864053645e-06
garch,normal,0.0,125,0.05,constant,Raw,500,0.0013717921798738,6.12084114279439e-05,5.047697722882275e-19,0.0013717921798738,0.0013717921798738,0.0013717921798738,0.010000000000000002,0.08735002364414331,1.249999999999998e-05,0.0331110379976394,0.0,0.0,3.305729058231344e-05,1.8489102968096007e-06,3.718167459000623e-05,1.692490951016752e-06
garch,normal,0.0,125,0.05,constant,Shift-CP,500,0.0013387348892914866,2.8151120845598108e-05,1.8489102968096005e-06,0.00132325864471175,0.0013807090900498,0.001496258258996049,0.08527184607155552,0.045936205752032666,7.862222642313875e-06,0.0480628065620581,-3.305729058231344e-05,1.8489102968096007e-06,0.0,0.0,4.124384007692798e-06,1.747203445760532e-06
garch,normal,0.0,125,0.05,constant,Shift-ERM,500,0.001336787721237462,2.6203952791575258e-05,1.7052389374202472e-06,0.00132194500278415,0.00137602143302619,0.001487956597606571,0.08908256525448702,0.054638247321055274,6.340343909148554e-06,0.0463884443510878,-3.500445863633804e-05,1.7052389374202479e-06,-1.9471680540245997e-06,1.2858326950699797e-06,2.177215953668199e-06,8.98680980508975e-07
garch,normal,0.0,125,0.05,constant,State-L1,500,0.0016046194124192308,0.00029403564397333305,6.181791352421394e-05,0.00134153629963885,0.00162193427627294,0.006681911722266442,0.40815431875037045,0.062350569859400407,7.310053460790334e-05,0.5921150297229103,0.0002328272325454306,6.181791352421394e-05,0.00026588452312774395,6.185292570741262e-05,0.0002700089071354368,6.179174493013088e-05
garch,normal,0.0,125,0.05,constant,State-L1-clipped,500,0.0013947179256226226,8.413415717672683e-05,8.072178638314088e-06,0.00134111779806125,0.0015086728604121,0.002033365942340379,0.15860745203676324,0.058718942590299965,2.1147766855952904e-05,0.0650157764182121,2.292574574882257e-05,8.072178638314092e-06,5.5983036331136e-05,7.96087131044583e-06,6.01074203388288e-05,7.87733623828632e-06
garch,normal,0.0,125,0.05,constant,State2-ERM,500,0.001403177408667538,9.259364022163856e-05,6.665236436080036e-06,0.0013546837164105999,0.00152332218345949,0.00190869523945837,0.11445575591442124,0.056533980005842165,2.584086684218622e-05,0.0645750180091741,3.138522879373797e-05,6.665236436080039e-06,6.444251937605141e-05,6.620066448231706e-06,6.85669033837442e-05,6.473066112669878e-06
garch,normal,0.0,125,0.05,constant,State4-ERM,500,0.00234543914330201,0.0010348553748560866,0.00014255504877631694,0.00153267278301535,0.0032683288552300504,0.01317699429457499,0.26554264515735015,0.08477095797364961,0.00031326706761961964,1.143841508385333,0.0009736469634282097,0.000142555048776317,0.0010067042540105233,0.00014259912854489582,0.0010108286380182158,0.00014254797588074858
garch,normal,0.0,125,0.05,constant,Vol-CP,500,0.0013335805794115782,2.2996810965690354e-05,1.3678134979302779e-06,0.0013214580859457498,0.00136840373442438,0.00145867652946239,0.07886104445002808,0.04801569546565775,6.5881906388387185e-06,0.0530800384471529,-3.8211600462221826e-05,1.3678134979302772e-06,-5.154309879908393e-06,1.0342552184418399e-06,-1.0299258722155942e-06,1.2890523864053645e-06
garch,normal,0.0,125,0.05,constant,Vol-ERM,500,0.0013346105052837937,2.4026736837907648e-05,1.6924909510167518e-06,0.0013229803376752,0.00136938597426121,0.0014730094672383719,0.11179802994504852,0.05620869850044545,5.7843647836729735e-06,0.0500443215478103,-3.718167459000623e-05,1.692490951016752e-06,-4.124384007692798e-06,1.747203445760532e-06,0.0,0.0
garch,normal,0.0,125,0.05,none,POT80-Shift,500,0.0013339569350773544,2.337316663146413e-05,1.5393354032886466e-06,0.0013222189554710998,0.00136904189828708,0.0014860612855929771,0.09995182689132515,0.04965020744267954,6.079800622871882e-06,0.0467280611233102,2.337316663145446e-05,1.5393354032886475e-06,-4.7779542141321956e-06,1.1931573423607443e-06,-2.5084573210281976e-06,1.3855651860538527e-06
garch,normal,0.0,125,0.05,none,POT80-Vol,500,0.001331944517557235,2.1360749111349858e-05,1.438648838716321e-06,0.00132017500154505,0.0013649488782442299,0.0014565312916233139,0.10497014725202702,0.05043566872566236,5.627617235649038e-06,0.0526360028808586,2.1360749111334855e-05,1.4386488387163205e-06,-6.790371734251799e-06,1.4240373314857309e-06,-4.520874841147801e-06,1.2124951633766954e-06
garch,normal,0.0,125,0.05,none,POT90-Shift,500,0.0013387348892914866,2.8151120845598108e-05,1.8489102968096005e-06,0.00132325864471175,0.0013807090900498,0.001496258258996049,0.08527184607155552,0.045936205752032666,7.862222642313875e-06,0.0480628065620581,2.815112084558666e-05,1.8489102968096007e-06,0.0,0.0,2.269496893103998e-06,1.6871778816271074e-06
garch,normal,0.0,125,0.05,none,POT90-Vol,500,0.0013352842362562255,2.4700467810337913e-05,1.530288357027723e-06,0.0013219220389358,0.00137755978235382,0.001451980685185225,0.08242995177102057,0.04684032905289743,6.881158890610867e-06,0.0497642285584235,2.4700467810325255e-05,1.5302883570277221e-06,-3.4506530352614006e-06,8.45674584994105e-07,-1.1811561421574026e-06,1.2639409400274307e-06
garch,normal,0.0,125,0.05,none,Raw,500,0.0013105837684459002,0.0,3.59163107205085e-19,0.0013105837684459,0.0013105837684459,0.0013105837684459,0.0,0.0499999999999999,0.0,0.0366465719035722,0.0,0.0,-2.815112084558666e-05,1.8489102968096007e-06,-2.5881623952482656e-05,1.8275487438206946e-06
garch,normal,0.0,125,0.05,none,Shift-CP,500,0.0013387348892914866,2.8151120845598108e-05,1.8489102968096005e-06,0.00132325864471175,0.0013807090900498,0.001496258258996049,0.08527184607155552,0.045936205752032666,7.862222642313875e-06,0.0480628065620581,2.815112084558666e-05,1.8489102968096007e-06,0.0,0.0,2.269496893103998e-06,1.6871778816271074e-06
garch,normal,0.0,125,0.05,none,Shift-ERM,500,0.001336787721237462,2.6203952791575258e-05,1.7052389374202472e-06,0.00132194500278415,0.00137602143302619,0.001487956597606571,0.08908256525448702,0.054638247321055274,6.340343909148554e-06,0.0463884443510878,2.6203952791562054e-05,1.7052389374202479e-06,-1.9471680540245997e-06,1.2858326950699797e-06,3.223288390793986e-07,8.168022229638437e-07
garch,normal,0.0,125,0.05,none,State-L1,500,0.0016046194124192308,0.00029403564397333305,6.181791352421394e-05,0.00134153629963885,0.00162193427627294,0.006681911722266442,0.40815431875037045,0.062350569859400407,7.310053460790334e-05,0.5921150297229103,0.00029403564397333066,6.181791352421392e-05,0.00026588452312774395,6.185292570741262e-05,0.000268154020020848,6.180152043430711e-05
garch,normal,0.0,125,0.05,none,State-L1-clipped,500,0.0013947179256226226,8.413415717672683e-05,8.072178638314088e-06,0.00134111779806125,0.0015086728604121,0.002033365942340379,0.15860745203676324,0.058718942590299965,2.1147766855952904e-05,0.0650157764182121,8.413415717672265e-05,8.072178638314092e-06,5.5983036331136e-05,7.96087131044583e-06,5.825253322424001e-05,7.880663303090916e-06
garch,normal,0.0,125,0.05,none,State2-ERM,500,0.001403177408667538,9.259364022163856e-05,6.665236436080036e-06,0.0013546837164105999,0.00152332218345949,0.00190869523945837,0.11445575591442124,0.056533980005842165,2.584086684218622e-05,0.0645750180091741,9.259364022163807e-05,6.665236436080039e-06,6.444251937605141e-05,6.620066448231706e-06,6.671201626915541e-05,6.461110450510635e-06
garch,normal,0.0,125,0.05,none,State4-ERM,500,0.00234543914330201,0.0010348553748560866,0.00014255504877631694,0.00153267278301535,0.0032683288552300504,0.01317699429457499,0.26554264515735015,0.08477095797364961,0.00031326706761961964,1.143841508385333,0.0010348553748561098,0.00014255504877631696,0.0010067042540105233,0.00014259912854489582,0.001008973750903627,0.0001425340509380928
garch,normal,0.0,125,0.05,none,Vol-CP,500,0.0013352842362562255,2.470046781033792e-05,1.5302883570277166e-06,0.0013219220389358,0.00137755978235382,0.001451980685185225,0.08242995177102054,0.04684032905289743,6.881158890610866e-06,0.0497642285584235,2.4700467810325455e-05,1.5302883570277153e-06,-3.4506530352612007e-06,8.456745849941066e-07,-1.1811561421572027e-06,1.263940940027424e-06
garch,normal,0.0,125,0.05,none,Vol-ERM,500,0.0013364653923983827,2.588162395249297e-05,1.8275487438206946e-06,0.0013215338057218002,0.00138217441690664,0.001494716597895886,0.10369256842843891,0.05441597914052667,6.380657457933562e-06,0.049498732245192,2.5881623952482656e-05,1.8275487438206946e-06,-2.269496893103998e-06,1.6871778816271074e-06,0.0,0.0
garch,normal,0.0,125,0.05,state,POT80-Shift,500,0.0013607558637659986,5.017209532010787e-05,2.5853039416982277e-06,0.0013412541761802,0.00141693406303221,0.0016292981872337421,0.07973388612894391,0.046532172788759686,1.4366984365617258e-05,0.0471535311539465,1.8072933266398494e-05,2.5853039416982277e-06,-5.661997688248196e-06,1.4254141255974744e-06,9.450749528122801e-06,1.9702935790894243e-06
garch,normal,0.0,125,0.05,state,POT80-Vol,500,0.0013467178145122852,3.613404606639527e-05,1.7645708663364273e-06,0.0013321775557395,0.00139201669379262,0.0014906178678521509,0.06745809702935845,0.048112105819051364,9.457328027310807e-06,0.0462148030746401,4.034884012685095e-06,1.7645708663364277e-06,-1.9700046941961593e-05,2.1896850488546325e-06,-4.587299725590598e-06,1.2849645550973235e-06
garch,normal,0.0,125,0.05,state,POT90-Shift,500,0.0013664178614542469,5.583409300835601e-05,3.0032958053629905e-06,0.0013425445998499,0.0014350030544755701,0.001633779434738684,0.08237882979848607,0.04368004191831615,1.6708185483353554e-05,0.0494937358304107,2.3734930954646688e-05,3.0032958053629905e-06,0.0,0.0,1.5112747216370997e-05,2.3501250990159228e-06
garch,normal,0.0,125,0.05,state,POT90-Vol,500,0.0013502130387280428,3.9629270282153534e-05,1.8678848127470343e-06,0.0013336036683435,0.00139985548989524,0.001483339691768413,0.059421411471834815,0.04500479925392805,1.0817592566721892e-05,0.0471216940043293,7.53010822844229e-06,1.8678848127470343e-06,-1.6204822726204403e-05,1.7544497809281195e-06,-1.0920755098334017e-06,1.2809304017779173e-06
garch,normal,0.0,125,0.05,state,Raw,500,0.0013426829304995999,3.209916205371609e-05,4.1740577323834194e-19,0.0013426829304996,0.0013426829304996,0.0013426829304996,0.009999999999999997,0.06972648999798602,8.218288269737706e-06,0.0282902335197343,0.0,0.0,-2.3734930954646688e-05,3.0032958053629905e-06,-8.622183738275693e-06,2.07091191169141e-06
garch,normal,0.0,125,0.05,state,Shift-CP,500,0.0013664178614542469,5.583409300835601e-05,3.0032958053629905e-06,0.0013425445998499,0.0014350030544755701,0.001633779434738684,0.08237882979848607,0.04368004191831615,1.6708185483353554e-05,0.0494937358304107,2.3734930954646688e-05,3.0032958053629905e-06,0.0,0.0,1.5112747216370997e-05,2.3501250990159228e-06
garch,normal,0.0,125,0.05,state,Shift-ERM,500,0.0013608434028210912,5.02596343751983e-05,2.469825108012071e-06,0.0013392287928386,0.0014300598048027102,0.001578250273998799,0.07387463790243204,0.05161450751032507,1.3653450359120825e-05,0.046615094746034,1.81604723214909e-05,2.46982510801207e-06,-5.5744586331557905e-06,1.686160322470978e-06,9.538288583215207e-06,1.3453691087838934e-06
garch,normal,0.0,125,0.05,state,State-L1,500,0.0015785113732397814,0.00026792760479388034,5.345175285974357e-05,0.0013565957023963,0.0016923017476931405,0.005618780482850542,0.3919844874525883,0.06076545610656113,7.110241115368027e-05,0.4924389677008869,0.0002358284427401813,5.345175285974357e-05,0.00021209351178553458,5.3407552060565514e-05,0.0002272062590019056,5.3370662535743e-05
garch,normal,0.0,125,0.05,state,State-L1-clipped,500,0.001409660571535703,9.907680308980257e-05,7.83427423575618e-06,0.0013538728134459,0.00154171947371074,0.0019996827397618807,0.12440947626150098,0.05756863959533488,2.6553576999106824e-05,0.0673176487422752,6.697764103610291e-05,7.834274235756182e-06,4.32427100814562e-05,7.68201373566541e-06,5.835545729782721e-05,7.538305904847472e-06
garch,normal,0.0,125,0.05,state,State2-ERM,500,0.001403177408667538,9.259364022163856e-05,6.665236436080036e-06,0.0013546837164105999,0.00152332218345949,0.00190869523945837,0.11445575591442124,0.056533980005842165,2.584086684218622e-05,0.0645750180091741,6.0494478167937904e-05,6.6652364360800384e-06,3.6759547213291205e-05,6.932510768784861e-06,5.187229442966221e-05,6.443716555696525e-06
garch,normal,0.0,125,0.05,state,State4-ERM,500,0.00234543914330201,0.0010348553748560866,0.00014255504877631694,0.00153267278301535,0.0032683288552300504,0.01317699429457499,0.26554264515735015,0.08477095797364961,0.00031326706761961964,1.143841508385333,0.0010027562128024096,0.00014255504877631696,0.000979021281847763,0.00014249694167571759,0.0009941340290641342,0.00014239430219066483
garch,normal,0.0,125,0.05,state,Vol-CP,500,0.0013502130387280428,3.9629270282153534e-05,1.8678848127470343e-06,0.0013336036683435,0.00139985548989524,0.001483339691768413,0.059421411471834815,0.04500479925392805,1.0817592566721896e-05,0.0471216940043293,7.53010822844229e-06,1.8678848127470343e-06,-1.6204822726204403e-05,1.7544497809281195e-06,-1.0920755098334017e-06,1.2809304017779173e-06
garch,normal,0.0,125,0.05,state,Vol-ERM,500,0.0013513051142378758,4.072134579198644e-05,2.07091191169141e-06,0.00133345455096815,0.0014122047473727,0.001524487188104888,0.062426359666527945,0.05091497348565976,1.0505725874347007e-05,0.04681775114527,8.622183738275693e-06,2.07091191169141e-06,-1.5112747216370997e-05,2.3501250990159228e-06,0.0,0.0
garch,normal,0.0,250,0.01,constant,POT80-Shift,500,0.0003457686462914644,7.0897488799618136e-06,4.632019801879548e-07,0.00034153197968980005,0.00035922239939300003,0.000382396674018589,0.0891782606126935,0.011659839449933387,6.283428478840627e-06,0.0599155791705995,-9.932436664935585e-06,4.6320198018795487e-07,-6.875990872693199e-06,7.992808115312866e-07,-1.7558342540770007e-06,4.3659499518949523e-07
garch,normal,0.0,250,0.01,constant,POT80-Vol,500,0.0003452760720392594,6.59717462775725e-06,4.415822834437769e-07,0.00034127016204395,0.00035685434825382,0.000381676321222198,0.09488157633154543,0.012229486014199018,5.817187288005855e-06,0.0674047382232448,-1.0425010917140584e-05,4.4158228344377653e-07,-7.368565124898198e-06,8.49123336695525e-07,-2.2484085062820002e-06,4.283396182915632e-07
garch,normal,0.0,250,0.01,constant,POT90-Shift,500,0.00034547111865259505,6.792221241094756e-06,4.268177457382497e-07,0.0003415929969714,0.00035764264157471,0.000378976099088901,0.08482738742466557,0.011585606835116984,6.024193805090392e-06,0.0601121915776717,-1.0229964303804984e-05,4.268177457382497e-07,-7.1735185115626e-06,8.045739746279927e-07,-2.0533618929464004e-06,4.19109105534838e-07
garch,normal,0.0,250,0.01,constant,POT90-Vol,500,0.0003451079823471672,6.429084935666214e-06,4.018143599684662e-07,0.00034145663283690003,0.00035580142916862,0.0003764172583196819,0.08970321028068817,0.012057195100346982,5.766186297402155e-06,0.0665929568621949,-1.0593100609232786e-05,4.018143599684663e-07,-7.536654816990401e-06,8.433739632629414e-07,-2.416498198374202e-06,4.039686015145554e-07
garch,normal,0.0,250,0.01,constant,Raw,500,0.00035570108295640004,1.7022185544859595e-05,1.4560666508314253e-19,0.0003557010829564,0.0003557010829564,0.0003557010829564,0.01,0.020772008905857,1.2499999999999982e-05,0.0482944120794525,0.0,0.0,3.056445792242385e-06,8.217486441127232e-07,8.176602410858584e-06,5.374249268057882e-07
garch,normal,0.0,250,0.01,constant,Shift-CP,500,0.00035264463716415764,1.396573975265666e-05,8.217486441127226e-07,0.00034546257408105,0.00037544147900616,0.000423819112762608,0.06999999754953298,0.007900496377632234,1.8830237913238075e-05,0.0675973322090708,-3.056445792242385e-06,8.217486441127232e-07,0.0,0.0,5.120156618616199e-06,8.325710933311971e-07
garch,normal,0.0,250,0.01,constant,Shift-ERM,500,0.00034804004282232184,9.361145410821753e-06,5.746705316549748e-07,0.0003431874388826,0.00036387184770291,0.000399305472738866,0.08174641834626009,0.011941039427583018,8.658463895420007e-06,0.0619610189320204,-7.661040134078183e-06,5.746705316549747e-07,-4.604594341835798e-06,8.16987738872479e-07,5.155622767804006e-07,2.6376450504678556e-07
garch,normal,0.0,250,0.01,constant,State-L1,500,0.0004003289673121566,6.165006990065192e-05,1.017549691018845e-05,0.00035183006159025,0.00042693919745462013,0.0012733358713404878,0.3020796347776706,0.016517885933061832,4.1930075030997095e-05,0.2779143153367113,4.462788435575662e-05,1.017549691018845e-05,4.7684330147999e-05,1.021851495872653e-05,5.28044867666152e-05,1.0168399745863908e-05
garch,normal,0.0,250,0.01,constant,State-L1-clipped,500,0.0003715137507692114,3.283485335770976e-05,2.646558498680484e-06,0.00035089798402465004,0.00041062436547453004,0.000663436903611307,0.1179901176720902,0.015381384514086917,3.0248351093749877e-05,0.1265533918934232,1.581266781281142e-05,2.646558498680484e-06,1.8869113605053802e-05,2.7107368165695232e-06,2.398927022367e-05,2.6004474900624376e-06
garch,normal,0.0,250,0.01,constant,State2-ERM,500,0.00036678443763256803,2.8105540221064595e-05,1.925218246772797e-06,0.0003549161106733,0.0003995209781071001,0.0005197246280438644,0.12273373943307672,0.01416034086737666,2.6683158654982288e-05,0.0840966182893975,1.1083354676168018e-05,1.925218246772798e-06,1.4139800468410402e-05,1.9849389922807493e-06,1.9259957087026602e-05,1.8549943672270396e-06
garch,normal,0.0,250,0.01,constant,State4-ERM,500,0.0005677849687918448,0.00022910607138032588,2.4776185837205086e-05,0.0004013574736445,0.0008828771379897003,0.0028953605027455193,0.17853915019520342,0.0270541684779797,0.0001212121271297553,0.4479402921686083,0.00021208388583544483,2.477618583720509e-05,0.0002151403316276872,2.4812347702109823e-05,0.0002202604882463034,2.478434409297645e-05
garch,normal,0.0,250,0.01,constant,Vol-CP,500,0.0003507054246721662,1.202652726066632e-05,6.631538571967825e-07,0.00034542186449665,0.00037038690050338996,0.000406681967242543,0.06296233908740677,0.008292302198496412,1.646991430656602e-05,0.0784326106340428,-4.995658284233784e-06,6.631538571967827e-07,-1.9392124919913992e-06,3.7908941296713637e-07,3.1809441266248e-06,7.050477556992722e-07
garch,normal,0.0,250,0.01,constant,Vol-ERM,500,0.0003475244805455414,8.84558313403867e-06,5.374249268057882e-07,0.0003430743478495,0.00036211790222915,0.00039635415117565795,0.08339920156342047,0.012465087331317093,8.179740046110653e-06,0.0720645053106876,-8.176602410858584e-06,5.374249268057882e-07,-5.120156618616199e-06,8.325710933311971e-07,0.0,0.0
garch,normal,0.0,250,0.01,none,POT80-Shift,500,0.0003457686462914644,7.0897488799618136e-06,4.632019801879548e-07,0.00034153197968980005,0.00035922239939300003,0.000382396674018589,0.0891782606126935,0.011659839449933387,6.283428478840627e-06,0.0599155791705995,7.08974887996439e-06,4.6320198018795487e-07,-6.875990872693199e-06,7.992808115312866e-07,-1.6630717198998012e-06,4.328046820496055e-07
garch,normal,0.0,250,0.01,none,POT80-Vol,500,0.0003451636505615594,6.484753150054997e-06,4.466132977244025e-07,0.0003413116903421,0.00035623906779097,0.00037954707130418596,0.09676960587787298,0.011788814700162948,5.8517492248931455e-06,0.0650527126511248,6.484753150059391e-06,4.466132977244027e-07,-7.480986602598199e-06,8.333840235245816e-07,-2.2680674498048006e-06,4.287446043576177e-07
garch,normal,0.0,250,0.01,none,POT90-Shift,500,0.00034547111865259505,6.792221241094756e-06,4.268177457382497e-07,0.0003415929969714,0.00035764264157471,0.000378976099088901,0.08482738742466557,0.011585606835116984,6.024193805090392e-06,0.0601121915776717,6.792221241094991e-06,4.268177457382497e-07,-7.1735185115626e-06,8.045739746279927e-07,-1.960599358769201e-06,4.1576912829322236e-07
garch,normal,0.0,250,0.01,none,POT90-Vol,500,0.00034496344363373635,6.284546222233841e-06,4.18703407759251e-07,0.0003414616781412,0.000355250759459,0.00037609589201634497,0.10027901870739728,0.011588556780219882,5.768178507870689e-06,0.0639120287149316,6.284546222236389e-06,4.187034077592509e-07,-7.681193530421201e-06,8.282932595301581e-07,-2.468274377627802e-06,4.0721850461853336e-07
garch,normal,0.0,250,0.01,none,Raw,500,0.00033867889741150006,0.0,1.1405855431512834e-19,0.0003386788974115,0.0003386788974115,0.0003386788974115,0.0,0.01,0.0,0.0518299459853853,0.0,0.0,-1.3965739752657589e-05,8.217486441127229e-07,-8.752820599864191e-06,5.386703294766645e-07
garch,normal,0.0,250,0.01,none,Shift-CP,500,0.00035264463716415764,1.3965739752656657e-05,8.217486441127226e-07,0.00034546257408105,0.00037544147900616,0.000423819112762608,0.069999997549533,0.007900496377632234,1.883023791323807e-05,0.0675973322090708,1.3965739752657589e-05,8.217486441127229e-07,0.0,0.0,5.2129191527933985e-06,7.945243909618033e-07
garch,normal,0.0,250,0.01,none,Shift-ERM,500,0.00034804004282232184,9.361145410821753e-06,5.746705316549748e-07,0.0003431874388826,0.00036387184770291,0.000399305472738866,0.08174641834626012,0.011941039427583018,8.658463895420005e-06,0.0619610189320204,9.361145410821792e-06,5.746705316549747e-07,-4.604594341835798e-06,8.16987738872479e-07,6.083248109576002e-07,2.963482249717202e-07
garch,normal,0.0,250,0.01,none,State-L1,500,0.0004003289673121566,6.165006990065192e-05,1.017549691018845e-05,0.00035183006159025,0.00042693919745462013,0.0012733358713404878,0.3020796347776706,0.016517885933061832,4.1930075030997095e-05,0.2779143153367113,6.165006990065659e-05,1.017549691018845e-05,4.7684330147999e-05,1.021851495872653e-05,5.28972493007924e-05,1.0159099203098314e-05
garch,normal,0.0,250,0.01,none,State-L1-clipped,500,0.0003715137507692114,3.283485335770976e-05,2.646558498680484e-06,0.00035089798402465004,0.00041062436547453004,0.000663436903611307,0.1179901176720902,0.015381384514086917,3.0248351093749877e-05,0.1265533918934232,3.283485335771139e-05,2.646558498680484e-06,1.8869113605053802e-05,2.7107368165695232e-06,2.4082032757847197e-05,2.5886197682162096e-06
garch,normal,0.0,250,0.01,none,State2-ERM,500,0.00036678443763256803,2.8105540221064595e-05,1.925218246772797e-06,0.0003549161106733,0.0003995209781071001,0.0005197246280438644,0.12273373943307672,0.01416034086737666,2.6683158654982288e-05,0.0840966182893975,2.810554022106799e-05,1.925218246772798e-06,1.4139800468410402e-05,1.9849389922807493e-06,1.93527196212038e-05,1.8380520469107507e-06
garch,normal,0.0,250,0.01,none,State4-ERM,500,0.0005677849687918448,0.00022910607138032588,2.4776185837205086e-05,0.0004013574736445,0.0008828771379897003,0.0028953605027455193,0.17853915019520342,0.0270541684779797,0.0001212121271297553,0.4479402921686083,0.00022910607138034478,2.477618583720509e-05,0.0002151403316276872,2.4812347702109823e-05,0.00022035325078048062,2.4783847215162347e-05
garch,normal,0.0,250,0.01,none,Vol-CP,500,0.000350808795151803,1.2129897740303334e-05,6.830176662882658e-07,0.0003451083427337,0.00037078497798958003,0.000404806415877005,0.0647560493579304,0.007986552355254237,1.6320239624407207e-05,0.0755331346178558,1.212989774030299e-05,6.830176662882659e-07,-1.835842012354599e-06,2.93605461731439e-07,3.3770771404387994e-06,6.987870705536355e-07
garch,normal,0.0,250,0.01,none,Vol-ERM,500,0.00034743171801136417,8.752820599861635e-06,5.386703294766642e-07,0.00034300914691710004,0.00036196635822913,0.000394062806295207,0.08082266961282206,0.011898248045312499,8.474432156700088e-06,0.0722688574496309,8.752820599864191e-06,5.386703294766645e-07,-5.2129191527933985e-06,7.945243909618033e-07,0.0,0.0
garch,normal,0.0,250,0.01,state,POT80-Shift,500,0.0003506798028974522,1.2000905485952222e-05,5.254425522266766e-07,0.00034620575022250005,0.00036621901662806,0.00039363614965946494,0.055851261936633215,0.01059816354861134,1.2719465137850328e-05,0.0555847153926339,3.1368388854521984e-06,5.254425522266767e-07,-9.445921052982198e-06,9.110930857709735e-07,2.0837393696879993e-07,5.011547369548889e-07
garch,normal,0.0,250,0.01,state,POT80-Vol,500,0.000347982114320211,9.303216908710366e-06,4.839844587249335e-07,0.0003441027711279,0.00035932001472706,0.00039184703909364896,0.07325905686895581,0.0110092073805891,8.85991520999395e-06,0.0615329286182607,4.391503082109979e-07,4.839844587249331e-07,-1.21436096302234e-05,1.0586454344954207e-06,-2.4893146402724005e-06,5.017479693930034e-07
garch,normal,0.0,250,0.01,state,POT90-Shift,500,0.00035046366822494003,1.1784770813438942e-05,5.056540250947494e-07,0.00034607608372135,0.00036469320056011,0.000394443287056198,0.05505863733738059,0.010513884698530122,1.2542773901147608e-05,0.0561835363161019,2.9207042129399985e-06,5.056540250947495e-07,-9.6620557254944e-06,9.243446191797294e-07,-7.760735543399727e-09,4.930056110697774e-07
garch,normal,0.0,250,0.01,state,POT90-Vol,500,0.000347817952622358,9.139055210856649e-06,4.752682089570567e-07,0.00034391791639065,0.00035785501714224,0.0003984582365596,0.07851479566168525,0.010875119283749459,8.763888196653432e-06,0.0612483378995201,2.7498861035799884e-07,4.752682089570567e-07,-1.2307771328076398e-05,1.0573304381068336e-06,-2.6534763381253994e-06,4.700697475286676e-07
garch,normal,0.0,250,0.01,state,Raw,500,0.000347542964012,8.864066600505117e-06,1.1648533206651403e-19,0.000347542964012,0.000347542964012,0.000347542964012,0.010000000000000002,0.0155550156181406,8.218288269737706e-06,0.0434736076015474,0.0,0.0,-1.25827599384344e-05,1.045106002548109e-06,-2.9284649484833986e-06,6.166933253399913e-07
garch,normal,0.0,250,0.01,state,Shift-CP,500,0.0003601257239504344,2.144682653893206e-05,1.045106002548109e-06,0.00035082209303745,0.00039111550390533005,0.00044940375933743496,0.057606648424700715,0.007132225680584169,3.1497968915472784e-05,0.0629902454500621,1.25827599384344e-05,1.045106002548109e-06,0.0,0.0,9.654294989950999e-06,9.830274433236833e-07
garch,normal,0.0,250,0.01,state,Shift-ERM,500,0.00035291087210841024,1.42319746969083e-05,6.549906170483606e-07,0.00034794254152489996,0.00036964592968427,0.000408532195240667,0.05988966993596181,0.010678360957885446,1.5879775364662695e-05,0.0588159075711869,5.367908096410199e-06,6.549906170483607e-07,-7.2148518420242e-06,8.958111749666428e-07,2.4394431479268004e-06,4.0661204360965023e-07
garch,normal,0.0,250,0.01,state,State-L1,500,0.00040162297804717203,6.294408063566726e-05,8.487076063088896e-06,0.0003542999216824,0.00043881507490735,0.0012733358713404878,0.2451116676156159,0.016309667193020953,4.843906405799826e-05,0.2779143153367113,5.4080014035171995e-05,8.487076063088896e-06,4.14972540967376e-05,8.562721630830228e-06,5.11515490866886e-05,8.423214561889464e-06
garch,normal,0.0,250,0.01,state,State-L1-clipped,500,0.00037369815767722924,3.501926026572435e-05,2.574499035612173e-06,0.00035338702749015,0.0004155144948726,0.0006450547137953229,0.10424942956484484,0.014958066097057921,3.441509050871082e-05,0.1330595279253442,2.6155193665229198e-05,2.5744990356121737e-06,1.35724337267948e-05,2.71160931157087e-06,2.32267287167458e-05,2.482350444514065e-06
garch,normal,0.0,250,0.01,state,State2-ERM,500,0.00036678443763256803,2.8105540221064595e-05,1.925218246772797e-06,0.0003549161106733,0.0003995209781071001,0.0005197246280438644,0.12273373943307672,0.01416034086737666,2.6683158654982288e-05,0.0840966182893975,1.9241473620567997e-05,1.925218246772798e-06,6.658713682133601e-06,2.1149632467967323e-06,1.63130086720846e-05,1.8037675067193693e-06
garch,normal,0.0,250,0.01,state,State4-ERM,500,0.0005677849687918448,0.00022910607138032588,2.4776185837205086e-05,0.0004013574736445,0.0008828771379897003,0.0028953605027455193,0.17853915019520342,0.0270541684779797,0.0001212121271297553,0.4479402921686083,0.00022024200477984478,2.477618583720509e-05,0.0002076592448414104,2.485369786856134e-05,0.00021731353983136137,2.4752006958122337e-05
garch,normal,0.0,250,0.01,state,Vol-CP,500,0.000354056119163197,1.5377221751695425e-05,7.427243622787448e-07,0.0003480434129422,0.00037581758305582,0.00041633078394858196,0.05714474402803889,0.0073970482223638355,2.0237303053018305e-05,0.0723808528249381,6.513155151196999e-06,7.427243622787447e-07,-6.0696047872374e-06,4.983009218377605e-07,3.5846902027136007e-06,7.34729152113276e-07
garch,normal,0.0,250,0.01,state,Vol-ERM,500,0.0003504714289604834,1.1792531548980162e-05,6.166933253399909e-07,0.0003456726770012,0.00036637811381961,0.0003994966199130379,0.07643194538601576,0.010865020097227653,1.2210239165662298e-05,0.0723808528249381,2.9284649484833986e-06,6.166933253399913e-07,-9.654294989950999e-06,9.830274433236833e-07,0.0,0.0
garch,normal,0.0,250,0.05,constant,POT80-Shift,500,0.0013210844701223312,1.0500701676445476e-05,6.895827606187168e-07,0.0013156429237809499,0.00133698618015437,0.0013720718231437145,0.10591574523111559,0.049052187693351026,2.6675090461432924e-06,0.0434564651026652,-5.0707709751468624e-05,6.895827606187168e-07,-4.976923951117597e-06,6.536306859523499e-07,-1.5505119737773992e-06,5.922846579055067e-07
garch,normal,0.0,250,0.05,constant,POT80-Vol,500,0.0013196635565486785,9.07978810279185e-06,4.6727883637904317e-07,0.0013156517171951,0.00133228173436564,0.001361414412065881,0.0651841033270645,0.05129294905036144,2.3751033966599767e-06,0.0466316179158658,-5.212862332512143e-05,4.6727883637904317e-07,-6.397837524770398e-06,8.697123120105889e-07,-2.9714255474301996e-06,4.6135213727519545e-07
garch,normal,0.0,250,0.05,constant,POT90-Shift,500,0.0013231741179470786,1.2590349501191646e-05,9.527224101721418e-07,0.00131640632471975,0.0013412838519708602,0.0014134387862745027,0.12907406940299707,0.04827406935907114,3.3162278218193084e-06,0.0455210081428161,-4.861806192672123e-05,9.52722410172142e-07,-2.887276126370196e-06,6.619352737182802e-07,5.391358509700024e-07,7.822607458864094e-07
garch,normal,0.0,250,0.05,constant,POT90-Vol,500,0.0013214242721951365,1.084050374925209e-05,6.024102568110552e-07,0.0013163517121603501,0.00133574675822717,0.001372889913635257,0.07587402197834818,0.05017708582815946,2.9556836247147207e-06,0.049231174347836,-5.036790767866343e-05,6.024102568110557e-07,-4.637121878312399e-06,8.56408536756017e-07,-1.2107099009722003e-06,5.339398862800296e-07
garch,normal,0.0,250,0.05,constant,Raw,500,0.0013717921798738,6.12084114279439e-05,5.047697722882275e-19,0.0013717921798738,0.0013717921798738,0.0013717921798738,0.010000000000000002,0.08735002364414331,1.249999999999998e-05,0.0331110379976394,0.0,0.0,4.573078580035103e-05,1.0630271702369896e-06,4.915719777769123e-05,6.466612094382871e-07
garch,normal,0.0,250,0.05,constant,Shift-CP,500,0.0013260613940734491,1.5477625627563418e-05,1.0630271702369896e-06,0.001317387216247,0.00135120294042608,0.0014070429796320329,0.10853141341774693,0.04605113268205756,4.194178122567492e-06,0.0449064290032324,-4.573078580035103e-05,1.0630271702369896e-06,0.0,0.0,3.4264119773401986e-06,8.949144737398889e-07
garch,normal,0.0,250,0.05,constant,Shift-ERM,500,0.0013237135207309065,1.3129752285019466e-05,8.817346169650897e-07,0.00131670234129485,0.00134260059059911,0.001401159228918976,0.1025959652832728,0.05029660090162595,3.32642882449197e-06,0.0448050147817878,-4.8078659142893434e-05,8.817346169650905e-07,-2.347873342542399e-06,5.08831947255714e-07,1.0785386347977999e-06,5.897245303526067e-07
garch,normal,0.0,250,0.05,constant,State-L1,500,0.0013833484639018318,7.276469545593966e-05,9.54953532586137e-06,0.00133102468117635,0.0014404029211747501,0.0024699857789653515,0.2485171013402035,0.054008304293182686,1.6590091810591206e-05,0.1961672440072027,1.1556284028031967e-05,9.54953532586137e-06,5.728706982838301e-05,9.519814952097391e-06,6.07134818057232e-05,9.494752114083826e-06
garch,normal,0.0,250,0.05,constant,State-L1-clipped,500,0.0013492090215322858,3.862525308639607e-05,2.4438788603354737e-06,0.0013302918822022001,0.00140713031216967,0.0015986462146357812,0.08601578045246137,0.0529381499547066,9.794262151294546e-06,0.0714116591337879,-2.2583158341514234e-05,2.443878860335473e-06,2.3147627458836805e-05,2.3013928868419524e-06,2.6574039436177004e-05,2.3253281322983606e-06
garch,normal,0.0,250,0.05,constant,State2-ERM,500,0.0013464828351497618,3.589906670386932e-05,2.0700482661097556e-06,0.00133059326751015,0.00139616084855683,0.0015209323034801026,0.08369106201294567,0.05130091291640115,9.438148088295323e-06,0.0530492551277927,-2.5309344724038422e-05,2.070048266109755e-06,2.0421441076312606e-05,1.9285292305757365e-06,2.3847853053652806e-05,1.9219202760092594e-06
garch,normal,0.0,250,0.05,constant,State4-ERM,500,0.0014819401695270883,0.00017135640108118628,1.7034073446648228e-05,0.0013787368788169,0.0016504520097768204,0.0033412015206581223,0.17740804276590813,0.05906030753991767,4.036475457227536e-05,0.2539975876879801,0.00011014798965328837,1.7034073446648228e-05,0.00015587877545363937,1.7062048640814467e-05,0.0001593051874309796,1.699841146741854e-05
garch,normal,0.0,250,0.05,constant,Vol-CP,500,0.001323346659473019,1.2762891027133587e-05,7.031452313883473e-07,0.0013172410064260002,0.0013416776481025199,0.001381333049247327,0.07767090074832823,0.04827205360027017,3.6327307123226382e-06,0.050983832687029,-4.844552040078102e-05,7.031452313883469e-07,-2.714734600429994e-06,6.255487204824603e-07,7.116773769102049e-07,5.685488549244809e-07
garch,normal,0.0,250,0.05,constant,Vol-ERM,500,0.0013226349820961087,1.2051213650225123e-05,6.466612094382871e-07,0.0013173261994367,0.00133979003594776,0.0013823408629990018,0.06758556419190563,0.05399586575818149,2.9842932022642964e-06,0.0482995906968879,-4.915719777769123e-05,6.466612094382871e-07,-3.4264119773401986e-06,8.949144737398889e-07,0.0,0.0
garch,normal,0.0,250,0.05,none,POT80-Shift,500,0.0013210844701223312,1.0500701676445476e-05,6.895827606187168e-07,0.0013156429237809499,0.00133698618015437,0.0013720718231437145,0.10591574523111559,0.049052187693351026,2.6675090461432924e-06,0.0434564651026652,1.0500701676431457e-05,6.89582760618717e-07,-4.976923951117597e-06,6.536306859523499e-07,-1.0645306228946045e-06,5.010326605740789e-07
garch,normal,0.0,250,0.05,none,POT80-Vol,500,0.0013194723499000086,8.888581454124193e-06,5.325404799798253e-07,0.00131506308967145,0.00133289170616373,0.001369605222775065,0.0768594946583737,0.0496023509579815,2.3080433218478856e-06,0.0445944274498584,8.888581454108655e-06,5.325404799798256e-07,-6.589044173440401e-06,7.927990301468215e-07,-2.676650845217408e-06,4.614804689157676e-07
garch,normal,0.0,250,0.05,none,POT90-Shift,500,0.0013231741179470786,1.2590349501191646e-05,9.527224101721418e-07,0.00131640632471975,0.0013412838519708602,0.0014134387862745027,0.12907406940299707,0.04827406935907114,3.3162278218193084e-06,0.0455210081428161,1.2590349501178859e-05,9.52722410172142e-07,-2.887276126370196e-06,6.619352737182802e-07,1.025117201852797e-06,6.834503711954725e-07
garch,normal,0.0,250,0.05,none,POT90-Vol,500,0.0013216163324066101,1.103256396072186e-05,7.238913025914623e-07,0.0013159330011593001,0.0013377434504609,0.001388823920034418,0.09059374161069311,0.048369887550828265,2.980467417106683e-06,0.0486720089025706,1.1032563960710256e-05,7.238913025914623e-07,-4.445061666838799e-06,8.125512427443487e-07,-5.326683386158056e-07,6.052841602264925e-07
garch,normal,0.0,250,0.05,none,Raw,500,0.0013105837684459002,0.0,3.59163107205085e-19,0.0013105837684459,0.0013105837684459,0.0013105837684459,0.0,0.0499999999999999,0.0,0.0366465719035722,0.0,0.0,-1.5477625627549056e-05,1.0630271702369894e-06,-1.1565232299326061e-05,6.998764082479215e-07
garch,normal,0.0,250,0.05,none,Shift-CP,500,0.0013260613940734491,1.5477625627563415e-05,1.0630271702369896e-06,0.001317387216247,0.00135120294042608,0.0014070429796320329,0.10853141341774694,0.04605113268205756,4.194178122567492e-06,0.0449064290032324,1.5477625627549056e-05,1.0630271702369894e-06,0.0,0.0,3.912393328222993e-06,7.337267867582134e-07
garch,normal,0.0,250,0.05,none,Shift-ERM,500,0.0013237135207309065,1.3129752285019466e-05,8.817346169650897e-07,0.00131670234129485,0.00134260059059911,0.001401159228918976,0.1025959652832728,0.05029660090162595,3.32642882449197e-06,0.0448050147817878,1.3129752285006657e-05,8.817346169650903e-07,-2.347873342542399e-06,5.08831947255714e-07,1.5645199856805943e-06,4.5596858933733017e-07
garch,normal,0.0,250,0.05,none,State-L1,500,0.0013833484639018318,7.276469545593966e-05,9.54953532586137e-06,0.00133102468117635,0.0014404029211747501,0.0024699857789653515,0.2485171013402035,0.054008304293182686,1.6590091810591206e-05,0.1961672440072027,7.276469545593206e-05,9.54953532586137e-06,5.728706982838301e-05,9.519814952097391e-06,6.1199463156606e-05,9.486522617724184e-06
garch,normal,0.0,250,0.05,none,State-L1-clipped,500,0.0013492090215322858,3.862525308639607e-05,2.4438788603354737e-06,0.0013302918822022001,0.00140713031216967,0.0015986462146357812,0.08601578045246137,0.0529381499547066,9.794262151294546e-06,0.0714116591337879,3.862525308638586e-05,2.443878860335473e-06,2.3147627458836805e-05,2.3013928868419524e-06,2.7060020787059796e-05,2.2975341969256825e-06
garch,normal,0.0,250,0.05,none,State2-ERM,500,0.0013464828351497618,3.589906670386932e-05,2.0700482661097556e-06,0.00133059326751015,0.00139616084855683,0.0015209323034801026,0.08369106201294567,0.05130091291640115,9.438148088295323e-06,0.0530492551277927,3.589906670386166e-05,2.070048266109755e-06,2.0421441076312606e-05,1.9285292305757365e-06,2.43338344045356e-05,1.8937773435260054e-06
garch,normal,0.0,250,0.05,none,State4-ERM,500,0.0014819401695270883,0.00017135640108118628,1.7034073446648228e-05,0.0013787368788169,0.0016504520097768204,0.0033412015206581223,0.17740804276590813,0.05906030753991767,4.036475457227536e-05,0.2539975876879801,0.00017135640108118847,1.7034073446648228e-05,0.00015587877545363937,1.7062048640814467e-05,0.0001597911687818624,1.6991131851499073e-05
garch,normal,0.0,250,0.05,none,Vol-CP,500,0.0013235824678892833,1.2998699443396427e-05,7.943214525235081e-07,0.0013167620135969,0.00134631094807531,0.001394086925522499,0.07864022065894913,0.04656109135936048,3.5997967470799993e-06,0.0484491328435917,1.2998699443383254e-05,7.943214525235082e-07,-2.478926184165801e-06,4.20585805841822e-07,1.4334671440571922e-06,5.400431670447137e-07
garch,normal,0.0,250,0.05,none,Vol-ERM,500,0.001322149000745226,1.1565232299339878e-05,6.998764082479218e-07,0.0013161505373342,0.00133826934683411,0.00139084840822837,0.07448037942720453,0.051389804923182125,2.9721061581163976e-06,0.0463076717394961,1.1565232299326061e-05,6.998764082479215e-07,-3.912393328222993e-06,7.337267867582134e-07,0.0,0.0
garch,normal,0.0,250,0.05,state,POT80-Shift,500,0.0013424636174381428,3.187984899225323e-05,1.3628679245689412e-06,0.0013320733295287,0.00137307829851872,0.0014664258966317041,0.07162508094287594,0.04443670680633809,8.785900651406351e-06,0.0408056135109192,-2.1931306145750582e-07,1.3628679245689419e-06,-6.267463374622403e-06,8.756384379646063e-07,8.107754669639e-06,8.452184229615214e-07
garch,normal,0.0,250,0.05,state,POT80-Vol,500,0.0013308539475045422,2.0270179058656524e-05,7.835831578789361e-07,0.001324627375967,0.00135001955664955,0.001404066724420479,0.05518809561667164,0.046103325983451224,5.285586629956932e-06,0.0436096122544436,-1.1828982995057707e-05,7.835831578789356e-07,-1.7877133308222603e-05,1.2838056301012587e-06,-3.5019152639612027e-06,5.948027439921968e-07
garch,normal,0.0,250,0.05,state,POT90-Shift,500,0.0013454717270420958,3.488795859620902e-05,1.6078933718490524e-06,0.0013325893796478,0.00138274922560174,0.001489933136791232,0.0757768937522148,0.04381395251587791,9.780505977784207e-06,0.0430994694568986,2.7887965424956937e-06,1.6078933718490524e-06,-3.2593537706692033e-06,8.342865220901169e-07,1.1115864273592197e-05,1.0156051918148547e-06
garch,normal,0.0,250,0.05,state,POT90-Vol,500,0.0013324507742734429,2.1867005827556353e-05,8.711831914949004e-07,0.001325237462092,0.00135231941934433,0.0014207139787143208,0.05568763642345821,0.04537482627355091,5.744092074404464e-06,0.0438210823407994,-1.02321562261573e-05,8.71183191494901e-07,-1.6280306539322195e-05,1.2278052543692171e-06,-1.9050884950607963e-06,5.670679765570489e-07
garch,normal,0.0,250,0.05,state,Raw,500,0.0013426829304995999,3.209916205371609e-05,4.1740577323834194e-19,0.0013426829304996,0.0013426829304996,0.0013426829304996,0.009999999999999997,0.06972648999798602,8.218288269737706e-06,0.0282902335197343,0.0,0.0,-6.0481503131648974e-06,1.7562684770179585e-06,8.327067731096504e-06,1.029602509856935e-06
garch,normal,0.0,250,0.05,state,Shift-CP,500,0.0013487310808127648,3.8147312366875813e-05,1.7562684770179585e-06,0.0013344550183606,0.00139368932479081,0.0014966313774837407,0.07135606699540417,0.04214908017361043,1.0830560277839585e-05,0.0423808180659787,6.0481503131648974e-06,1.7562684770179585e-06,0.0,0.0,1.43752180442614e-05,1.0814618612753664e-06
garch,normal,0.0,250,0.05,state,Shift-ERM,500,0.0013441922242259767,3.360845578009049e-05,1.4680701132669324e-06,0.0013324584013662,0.0013798968208809102,0.00148525391258061,0.07129629161992841,0.04600704396905017,9.270223398476895e-06,0.0410341666276667,1.509293726376492e-06,1.4680701132669324e-06,-4.538856586788405e-06,5.798823211776573e-07,9.836361457472996e-06,7.437325387944866e-07
garch,normal,0.0,250,0.05,state,State-L1,500,0.001383817476039644,7.32337075937518e-05,8.612136236597538e-06,0.0013384676740661999,0.00144247012354048,0.002050953973920273,0.22610374118475113,0.05232368735374601,1.7578822130468893e-05,0.1961672440072027,4.1134545540043894e-05,8.612136236597538e-06,3.508639522687899e-05,8.635446828958914e-06,4.946161327114039e-05,8.540976586823109e-06
garch,normal,0.0,250,0.05,state,State-L1-clipped,500,0.0013560400608382866,4.545629239239622e-05,2.361644016205207e-06,0.0013374162388261998,0.0014136987151855001,0.001603445107907453,0.07201443203578965,0.0512559969957677,1.1923668534561976e-05,0.0786934288669964,1.335713033868629e-05,2.361644016205207e-06,7.308980025521393e-06,2.3744919423911976e-06,2.1684198069782795e-05,2.141998801485266e-06
garch,normal,0.0,250,0.05,state,State2-ERM,500,0.0013464828351497618,3.589906670386932e-05,2.0700482661097556e-06,0.00133059326751015,0.00139616084855683,0.0015209323034801026,0.08369106201294567,0.05130091291640115,9.438148088295323e-06,0.0530492551277927,3.799904650161501e-06,2.070048266109755e-06,-2.248245663003396e-06,2.3063287675806586e-06,1.2126972381258004e-05,1.8921953721121235e-06
garch,normal,0.0,250,0.05,state,State4-ERM,500,0.0014819401695270883,0.00017135640108118628,1.7034073446648228e-05,0.0013787368788169,0.0016504520097768204,0.0033412015206581223,0.17740804276590813,0.05906030753991767,4.036475457227536e-05,0.2539975876879801,0.00013925723902748828,1.7034073446648228e-05,0.00013320908871432342,1.7139348526397466e-05,0.00014758430675858482,1.69912991053623e-05
garch,normal,0.0,250,0.05,state,Vol-CP,500,0.0013354134439515723,2.482967550568532e-05,1.0757092229790036e-06,0.00132632359068155,0.00136325664608871,0.001429182851034847,0.06490690821293994,0.04359921336694425,6.66297837412782e-06,0.0457234286537727,-7.269486548027705e-06,1.0757092229790044e-06,-1.3317636861192602e-05,9.237519892506555e-07,1.0575811830687976e-06,4.884396068563796e-07
garch,normal,0.0,250,0.05,state,Vol-ERM,500,0.0013343558627685037,2.3772094322616926e-05,1.0296025098569343e-06,0.00132592964830455,0.00135969964235978,0.0014247146511579707,0.06567245011812405,0.04655616310459996,6.283501806238283e-06,0.0462276685348736,-8.327067731096504e-06,1.029602509856935e-06,-1.43752180442614e-05,1.0814618612753664e-06,0.0,0.0
garch,normal,0.0,500,0.01,constant,POT80-Shift,500,0.00034217985343435565,3.500956022855057e-06,2.1998084881704766e-07,0.00034023676701665,0.00034772217220302,0.000362581615475717,0.08462419591761446,0.010408516101538272,3.408753216670329e-06,0.0583496916422237,-1.3521229522044382e-05,2.1998084881704742e-07,-1.9483987787941987e-06,2.8766011339460174e-07,-1.8224619057113994e-06,2.812590336852802e-07
garch,normal,0.0,500,0.01,constant,POT80-Vol,500,0.0003419238556278698,3.2449582163689217e-06,1.7617765368737797e-07,0.00034034006952515,0.00034682764077793003,0.000356076631513787,0.0687191783229984,0.011086288534840474,3.1380686857284533e-06,0.0632878480731545,-1.3777227328530183e-05,1.7617765368737808e-07,-2.204396585279998e-06,3.073227627335092e-07,-2.0784597121971982e-06,2.719097171732114e-07
garch,normal,0.0,500,0.01,constant,POT90-Shift,500,0.00034216113302004556,3.4822356085437395e-06,2.2458097175684426e-07,0.00034027445456995,0.00034761539130114,0.000359626616957122,0.08347663843957163,0.010680333825658458,3.2863547073927545e-06,0.0581859279781836,-1.3539949936354385e-05,2.24580971756844e-07,-1.9671191931042e-06,2.8071447471459067e-07,-1.8411823200214002e-06,2.623212909001854e-07
garch,normal,0.0,500,0.01,constant,POT90-Vol,500,0.000342031539419964,3.352642008460442e-06,1.8802874477861817e-07,0.00034035724132625,0.00034714227617307,0.000356538589596837,0.07038593685173744,0.011241264566204267,3.168216632604962e-06,0.062594216989508,-1.3669543536435985e-05,1.8802874477861822e-07,-2.0967127931857987e-06,2.983697662601047e-07,-1.9707759201029994e-06,2.5498586944946494e-07
garch,normal,0.0,500,0.01,constant,Raw,500,0.00035570108295640004,1.7022185544859595e-05,1.4560666508314253e-19,0.0003557010829564,0.0003557010829564,0.0003557010829564,0.01,0.020772008905857,1.2499999999999982e-05,0.0482944120794525,0.0,0.0,1.1572830743250185e-05,3.677681784436666e-07,1.1698767616332986e-05,3.275264799027032e-07
garch,normal,0.0,500,0.01,constant,Shift-CP,500,0.0003441282522131498,5.449354801647458e-06,3.677681784436668e-07,0.00034092913092655,0.00035286745000087,0.0003760221653018739,0.09736654348313269,0.010178738009976242,5.623615463521757e-06,0.0606690332186244,-1.1572830743250185e-05,3.677681784436666e-07,0.0,0.0,1.2593687308279952e-07,2.51628815592617e-07
garch,normal,0.0,500,0.01,constant,Shift-ERM,500,0.0003440618954014466,5.382997989946084e-06,3.457460517922525e-07,0.0003412169387861,0.00035271083512023,0.000369324706116236,0.08504044175873962,0.012271764349322098,4.634150549779465e-06,0.0595223741228694,-1.1639187554953385e-05,3.457460517922525e-07,-6.635681170319853e-08,2.6301757843671005e-07,5.9580061379600996e-08,1.6266287861325425e-07
garch,normal,0.0,500,0.01,constant,State-L1,500,0.0003559163275679682,1.7237430156462948e-05,4.648779637837138e-06,0.0003449894999799,0.00036839477726491,0.00044183416708459795,0.34157629762065256,0.013020822493588708,1.1749855023850164e-05,0.1681395159116914,2.152446115682163e-07,4.648779637837139e-06,1.1788075354818402e-05,4.658112830833667e-06,1.19140122279012e-05,4.6545919379869545e-06
garch,normal,0.0,500,0.01,constant,State-L1-clipped,500,0.00035105520596630057,1.237630855479635e-05,1.2487360259157514e-06,0.00034490587710985,0.00036640903884471,0.00041407464853336797,0.1522220919693804,0.01287292843014674,1.0361969010980649e-05,0.109650776026205,-4.645876990099383e-06,1.2487360259157514e-06,6.926953753150802e-06,1.2503097047640446e-06,7.0528906262336e-06,1.2457602282679726e-06
garch,normal,0.0,500,0.01,constant,State2-ERM,500,0.000349592191798439,1.0913294386937896e-05,5.089278438262426e-07,0.0003458959376533,0.00036326386061062997,0.00039031741068774596,0.06274073472327245,0.011929505400133688,1.0813919373794584e-05,0.0709619896308866,-6.108891157960983e-06,5.089278438262427e-07,5.463939585289202e-06,4.61380760780018e-07,5.589876458372001e-06,4.855389551136186e-07
garch,normal,0.0,500,0.01,constant,State4-ERM,500,0.00038433224172378024,4.565334431227748e-05,6.85454778675492e-06,0.00035694922705900003,0.00040474495263297,0.000774165995868322,0.29833632946048116,0.015189429194945496,2.8915959978309085e-05,0.1938489301098325,2.8631158767380218e-05,6.85454778675492e-06,4.02039895106304e-05,6.859453383098093e-06,4.03299263837132e-05,6.842834673663778e-06
garch,normal,0.0,500,0.01,constant,Vol-CP,500,0.00034363226137561643,4.9533639641163535e-06,3.160025880322892e-07,0.00034106263707659997,0.00035132551775702,0.000366517031353053,0.08838989669379031,0.01061168817966528,5.1772619411487e-06,0.0666219008748454,-1.2068821580783585e-05,3.1600258803228915e-07,-4.959908375333999e-07,1.6446972880180306e-07,-3.700539644506004e-07,1.8741210461715643e-07
garch,normal,0.0,500,0.01,constant,Vol-ERM,500,0.00034400231534006704,5.323417928566609e-06,3.2752647990270324e-07,0.00034116473620545004,0.00035232933126922,0.000365463868135428,0.08028322305816059,0.012087640106077395,4.831786902001919e-06,0.0650138904340259,-1.1698767616332986e-05,3.275264799027032e-07,-1.2593687308279952e-07,2.51628815592617e-07,0.0,0.0
garch,normal,0.0,500,0.01,none,POT80-Shift,500,0.00034217985343435565,3.500956022855057e-06,2.1998084881704766e-07,0.00034023676701665,0.00034772217220302,0.000362581615475717,0.08462419591761446,0.010408516101538272,3.408753216670329e-06,0.0583496916422237,3.500956022855591e-06,2.199808488170475e-07,-1.948398778794399e-06,2.876601133946025e-07,-1.423329120605199e-06,2.562093171683393e-07
garch,normal,0.0,500,0.01,none,POT80-Vol,500,0.0003416774367634086,2.9985393519067525e-06,1.8533391335303683e-07,0.00034003322085829997,0.00034696612517961,0.000357706443356885,0.07526184214967697,0.010608304335645236,2.955430679689376e-06,0.060790634546429,2.9985393519085897e-06,1.853339133530369e-07,-2.4508154497414e-06,3.033034870470179e-07,-1.9257457915522e-06,2.5805048780596654e-07
garch,normal,0.0,500,0.01,none,POT90-Shift,500,0.00034216113302004556,3.4822356085437395e-06,2.2458097175684426e-07,0.00034027445456995,0.00034761539130114,0.000359626616957122,0.08347663843957163,0.010680333825658458,3.2863547073927545e-06,0.0581859279781836,3.4822356085455895e-06,2.2458097175684402e-07,-1.9671191931044e-06,2.807144747145917e-07,-1.4420495349152003e-06,2.418859994254552e-07
garch,normal,0.0,500,0.01,none,POT90-Vol,500,0.00034180898474713315,3.1300873356339184e-06,1.9669422202470593e-07,0.0003401568131565,0.00034721141647828,0.00035702279598305803,0.07934015851964507,0.010782630540111169,3.0289442361881577e-06,0.0607141277620047,3.1300873356331917e-06,1.9669422202470595e-07,-2.319267466016798e-06,2.9110417018419646e-07,-1.7941978078275987e-06,2.420604845546418e-07
garch,normal,0.0,500,0.01,none,Raw,500,0.00033867889741150006,0.0,1.1405855431512834e-19,0.0003386788974115,0.0003386788974115,0.0003386788974115,0.0,0.01,0.0,0.0518299459853853,0.0,0.0,-5.449354801649989e-06,3.677681784436638e-07,-4.924285143460791e-06,3.091862356512193e-07
garch,normal,0.0,500,0.01,none,Shift-CP,500,0.00034412825221315,5.449354801647457e-06,3.6776817844366365e-07,0.00034092913092655,0.00035286745000087,0.0003760221653018739,0.09736654348313266,0.010178738009976242,5.623615463521755e-06,0.0606690332186244,5.449354801649989e-06,3.677681784436638e-07,0.0,0.0,5.250696581891996e-07,2.204004760788959e-07
garch,normal,0.0,500,0.01,none,Shift-ERM,500,0.0003440618954014466,5.382997989946084e-06,3.457460517922525e-07,0.0003412169387861,0.00035271083512023,0.000369324706116236,0.08504044175873961,0.0122717643493221,4.634150549779465e-06,0.0595223741228694,5.382997989946591e-06,3.457460517922525e-07,-6.635681170339845e-08,2.630175784367118e-07,4.5871284648580115e-07,1.8867982620598967e-07
garch,normal,0.0,500,0.01,none,State-L1,500,0.0003559163275679682,1.7237430156462948e-05,4.648779637837138e-06,0.0003449894999799,0.00036839477726491,0.00044183416708459795,0.34157629762065256,0.013020822493588708,1.1749855023850164e-05,0.1681395159116914,1.7237430156468186e-05,4.648779637837138e-06,1.1788075354818202e-05,4.658112830833668e-06,1.23131450130074e-05,4.650133010141748e-06
garch,normal,0.0,500,0.01,none,State-L1-clipped,500,0.00035105520596630057,1.237630855479635e-05,1.2487360259157514e-06,0.00034490587710985,0.00036640903884471,0.00041407464853336797,0.1522220919693804,0.01287292843014674,1.0361969010980649e-05,0.109650776026205,1.237630855480059e-05,1.2487360259157514e-06,6.926953753150601e-06,1.2503097047640446e-06,7.452023411339801e-06,1.2411345812390577e-06
garch,normal,0.0,500,0.01,none,State2-ERM,500,0.000349592191798439,1.0913294386937896e-05,5.089278438262426e-07,0.0003458959376533,0.00036326386061062997,0.00039031741068774596,0.06274073472327245,0.011929505400133688,1.0813919373794584e-05,0.0709619896308866,1.0913294386938992e-05,5.089278438262427e-07,5.463939585289001e-06,4.6138076078002224e-07,5.989009243478201e-06,4.785233644012649e-07
garch,normal,0.0,500,0.01,none,State4-ERM,500,0.00038433224172378024,4.565334431227748e-05,6.85454778675492e-06,0.00035694922705900003,0.00040474495263297,0.000774165995868322,0.29833632946048116,0.015189429194945496,2.8915959978309085e-05,0.1938489301098325,4.565334431228019e-05,6.85454778675492e-06,4.02039895106302e-05,6.859453383098095e-06,4.0729059168819396e-05,6.8365227261267e-06
garch,normal,0.0,500,0.01,none,Vol-CP,500,0.0003434485804371068,4.7696830256061495e-06,3.069445470347225e-07,0.0003407145643246,0.00035155721446491,0.00037000587421724,0.08660047465680347,0.010155415170507295,5.050572527083239e-06,0.0647818808894804,4.7696830256067915e-06,3.069445470347226e-07,-6.796717760431987e-07,1.2254858912043153e-07,-1.5460211785399913e-07,1.7278361841216751e-07
garch,normal,0.0,500,0.01,none,Vol-ERM,500,0.0003436031825549608,4.924285143461736e-06,3.091862356512193e-07,0.00034078974134155,0.00035177579772092,0.000367984439687147,0.0820049979749458,0.011326871200261091,4.7748049692054e-06,0.0647818808894804,4.924285143460791e-06,3.091862356512193e-07,-5.250696581891996e-07,2.204004760788959e-07,0.0,0.0
garch,normal,0.0,500,0.01,state,POT80-Shift,500,0.00034672726568925924,8.048368277757995e-06,3.1672348923527383e-07,0.00034387799677129997,0.00035498846940017,0.000377786223255535,0.056709940698396306,0.009224461112526458,8.856015387651016e-06,0.0545590958549953,-8.156983227408018e-07,3.167234892352739e-07,-2.3413139574144e-06,3.3895651434949153e-07,8.333946680412e-07,2.8616433038613754e-07
garch,normal,0.0,500,0.01,state,POT80-Vol,500,0.0003441090229992796,5.430125587780693e-06,2.281736696671285e-07,0.0003420378252773,0.00034993625177511,0.000364983959623026,0.05602753645461706,0.009706841065352424,5.515614569728394e-06,0.0589907856686625,-3.4339410127204015e-06,2.2817366966712858e-07,-4.959556647393999e-06,3.892299107387798e-07,-1.7848480219383997e-06,2.6314044029702504e-07
garch,normal,0.0,500,0.01,state,POT90-Shift,500,0.00034656619359071684,7.88729617921688e-06,2.994339741170418e-07,0.00034396520789105,0.00035469339329597,0.000373064347236011,0.05316541582705644,0.009434483975904897,8.568212762758299e-06,0.0540897683586411,-9.767704212832015e-07,2.994339741170418e-07,-2.5023860559568e-06,3.1750097081205737e-07,6.723225694988002e-07,2.6072734232533755e-07
garch,normal,0.0,500,0.01,state,POT90-Vol,500,0.0003441718267401188,5.492929328621106e-06,2.2869820638123455e-07,0.00034213076629995,0.00035032259586357004,0.000362583883475437,0.05640465081018861,0.00990095783644766,5.522361894268236e-06,0.0575782214491125,-3.3711372718812027e-06,2.2869820638123445e-07,-4.896752906554801e-06,3.8456267635142726e-07,-1.722044281099201e-06,2.5692152107619396e-07
garch,normal,0.0,500,0.01,state,Raw,500,0.000347542964012,8.864066600505117e-06,1.1648533206651403e-19,0.000347542964012,0.000347542964012,0.000347542964012,0.010000000000000002,0.0155550156181406,8.218288269737706e-06,0.0434736076015474,0.0,0.0,-1.525615634673598e-06,4.7437174897082196e-07,1.6490929907820018e-06,3.43645758167226e-07
garch,normal,0.0,500,0.01,state,Shift-CP,500,0.0003490685796466736,1.0389682235173625e-05,4.743717489708219e-07,0.00034495212145795,0.00036207983242117,0.000391310101886764,0.05842455530118761,0.008909144571403182,1.224943844925043e-05,0.0573548116096839,1.525615634673598e-06,4.7437174897082196e-07,0.0,0.0,3.1747086254555997e-06,3.1493818067665127e-07
garch,normal,0.0,500,0.01,state,Shift-ERM,500,0.0003476134861655556,8.934588754055641e-06,3.622863823347924e-07,0.0003444065699852,0.00035680923709264996,0.00037924691458687896,0.05665569379805502,0.010728739280315026,9.286670131020996e-06,0.0541813686332438,7.052215355559906e-08,3.622863823347925e-07,-1.455093481117999e-06,3.246517593787949e-07,1.7196151443376008e-06,2.1325463321284641e-07
garch,normal,0.0,500,0.01,state,State-L1,500,0.0003577800383599088,1.910114094840514e-05,4.676302205663392e-06,0.00034595795306205,0.00037055879916834,0.0004713542665828239,0.3291249125255791,0.012505918483157054,1.3634404735533227e-05,0.1681395159116915,1.0237074347908798e-05,4.676302205663391e-06,8.7114587132352e-06,4.6878654113888614e-06,1.1886167338690799e-05,4.675735681657633e-06
garch,normal,0.0,500,0.01,state,State-L1-clipped,500,0.0003528622952546474,1.4183397843145255e-05,1.3253003843377942e-06,0.0003458342236236,0.00036783574669636,0.0004255925138420509,0.1512170332643711,0.012332842215904258,1.2350568231604624e-05,0.109650776026205,5.319331242647399e-06,1.3253003843377942e-06,3.7937156079738005e-06,1.3486003344218038e-06,6.968424233429401e-06,1.3197500757708918e-06
garch,normal,0.0,500,0.01,state,State2-ERM,500,0.000349592191798439,1.0913294386937896e-05,5.089278438262426e-07,0.0003458959376533,0.00036326386061062997,0.00039031741068774596,0.06274073472327245,0.011929505400133688,1.0813919373794584e-05,0.0709619896308866,2.0492277864389994e-06,5.089278438262427e-07,5.236121517654011e-07,5.538811536275673e-07,3.6983207772210007e-06,4.941345241892715e-07
garch,normal,0.0,500,0.01,state,State4-ERM,500,0.00038433224172378024,4.565334431227748e-05,6.85454778675492e-06,0.00035694922705900003,0.00040474495263297,0.000774165995868322,0.29833632946048116,0.015189429194945496,2.8915959978309085e-05,0.1938489301098325,3.67892777117802e-05,6.85454778675492e-06,3.5263662077106604e-05,6.860959721812481e-06,3.8438370702562194e-05,6.831332307887959e-06
garch,normal,0.0,500,0.01,state,Vol-CP,500,0.0003458459277680398,7.1670303565382705e-06,3.375783688276135e-07,0.0003430403198544,0.00035435803726019,0.000377579225720364,0.0647470011082818,0.009282292788823084,7.720423656776131e-06,0.0625207981800236,-1.697036243960202e-06,3.375783688276136e-07,-3.2226518786338002e-06,2.378847946813342e-07,-4.7943253178200134e-08,1.6893228328551282e-07
garch,normal,0.0,500,0.01,state,Vol-ERM,500,0.000345893871021218,7.214973609717016e-06,3.436457581672261e-07,0.0003430719762241,0.00035532682453322,0.000377579225720364,0.06921877843279424,0.009881398566761727,7.5417066697091255e-06,0.0642563449218993,-1.6490929907820018e-06,3.43645758167226e-07,-3.1747086254555997e-06,3.1493818067665127e-07,0.0,0.0
garch,normal,0.0,500,0.05,constant,POT80-Shift,500,0.0013157297079206738,5.145939474788534e-06,3.199143091680738e-07,0.00131290255696025,0.00132366306108758,0.0013417383899674128,0.07897672473666054,0.04937591284629751,1.273700108459684e-06,0.0404582710216507,-5.606247195312623e-05,3.1991430916807386e-07,-9.96232562429801e-07,2.4756458628873536e-07,-1.7952528371321997e-06,3.1608296787613485e-07
garch,normal,0.0,500,0.05,constant,POT80-Vol,500,0.0013158128533304985,5.229084884612772e-06,2.2602427925862207e-07,0.0013137582027157,0.00132225084452713,0.001335508144497834,0.05535867903344992,0.05163918501220795,1.356852408280117e-06,0.0442702127631282,-5.5979326543301636e-05,2.260242792586217e-07,-9.13087152605201e-07,2.88322171848827e-07,-1.7121074273075994e-06,2.590982506380344e-07
garch,normal,0.0,500,0.05,constant,POT90-Shift,500,0.0013161720182807012,5.588249834816079e-06,3.429622462927959e-07,0.0013133622729447,0.0013243305093108,0.001347586162181834,0.08120428907908545,0.04987803572034744,1.3733576380326153e-06,0.0404939730653623,-5.562016159309903e-05,3.4296224629279567e-07,-5.539222024026e-07,2.3019816364948553e-07,-1.3529424771049984e-06,2.8953409733177625e-07
garch,normal,0.0,500,0.05,constant,POT90-Vol,500,0.0013162370718777137,5.653303431828387e-06,2.423059237817169e-07,0.00131399014527585,0.0013235287639678799,0.001338118536141448,0.05701401457842764,0.05178438507746291,1.4568403973903652e-06,0.0440637956062407,-5.5555107996086235e-05,2.423059237817169e-07,-4.888686053898046e-07,2.742225021357557e-07,-1.2878888800922032e-06,2.295643778751147e-07
garch,normal,0.0,500,0.05,constant,Raw,500,0.0013717921798738,6.12084114279439e-05,5.047697722882275e-19,0.0013717921798738,0.0013717921798738,0.0013717921798738,0.010000000000000002,0.08735002364414331,1.249999999999998e-05,0.0331110379976394,0.0,0.0,5.506623939069643e-05,3.7674783349100066e-07,5.4267219115994026e-05,3.281874446386899e-07
garch,normal,0.0,500,0.05,constant,Shift-CP,500,0.0013167259404831039,6.1421720372177446e-06,3.767478334910006e-07,0.00131335427188,0.00132771955122623,0.0013488504978441342,0.07762384702689548,0.04935023347376379,1.520108747049977e-06,0.0409860083856706,-5.506623939069643e-05,3.7674783349100066e-07,0.0,0.0,-7.990202747023985e-07,2.6783399541068755e-07
garch,normal,0.0,500,0.05,constant,Shift-ERM,500,0.0013167353653149765,6.151596869090451e-06,3.595397229724505e-07,0.00131383186237855,0.00132618292149032,0.001350898199166602,0.07227519442503626,0.05149367371049208,1.472303892051146e-06,0.0405591355459663,-5.505681455882343e-05,3.5953972297245036e-07,9.424831873000237e-09,1.514672553730288e-07,-7.895954428293983e-07,1.9873977825385303e-07
garch,normal,0.0,500,0.05,constant,State-L1,500,0.001331382055839633,2.0798287393746377e-05,3.182398451344871e-06,0.00131944154445565,0.00135089931191494,0.001512229377604391,0.22580611542122964,0.0517226627743655,5.097824730295103e-06,0.0872941762362896,-4.041012403416704e-05,3.1823984513448697e-06,1.46561153565294e-05,3.103422755075698e-06,1.3857095081827002e-05,3.1043641111850113e-06
garch,normal,0.0,500,0.05,constant,State-L1-clipped,500,0.00132790209900666,1.7318330560775044e-05,1.6044245500203963e-06,0.0013193956528261002,0.00134909281418418,0.001427787583395588,0.15389584134199158,0.05160267596476293,4.424468411935998e-06,0.0584317000327784,-4.3890080867140026e-05,1.6044245500203967e-06,1.1176158523556401e-05,1.5146327410497434e-06,1.0377138248854004e-05,1.527213260878915e-06
garch,normal,0.0,500,0.05,constant,State2-ERM,500,0.0013255030435683182,1.4919275122434404e-05,7.809710632436265e-07,0.0013206466969499999,0.0013447339350489,0.0013973273927618758,0.07500675291321178,0.050441767730203806,3.874427857023368e-06,0.0502264589488913,-4.6289136305482035e-05,7.809710632436265e-07,8.777103085214399e-06,6.742232630698662e-07,7.978082810512002e-06,7.514043776775301e-07
garch,normal,0.0,500,0.05,constant,State4-ERM,500,0.0013567291380306647,4.614536958477612e-05,4.959446174870709e-06,0.001334651008631,0.00139441883158534,0.001661375331910872,0.19860813691739043,0.052599274208881,1.1486754904942876e-05,0.1162286008597878,-1.5063041843135229e-05,4.959446174870709e-06,4.0003197547561205e-05,4.912769740959217e-06,3.9204177272858806e-05,4.924908061121378e-06
garch,normal,0.0,500,0.05,constant,Vol-CP,500,0.0013169420621837406,6.358293737857004e-06,2.9173454598808146e-07,0.0013145254427156501,0.00132509439159591,0.001345031536420824,0.0637522976924687,0.05133833364801733,1.6683298736272978e-06,0.0458355021966488,-5.4850117690059235e-05,2.917345459880815e-07,2.1612170063719724e-07,1.867797836564013e-07,-5.828985740652013e-07,1.7090806670505552e-07
garch,normal,0.0,500,0.05,constant,Vol-ERM,500,0.001317524960757806,6.941192311919414e-06,3.2818744463869e-07,0.00131466377044325,0.00132614355141971,0.0013479300100788351,0.06160487180216844,0.05365231938556898,1.6937533068695992e-06,0.0451099759948373,-5.4267219115994026e-05,3.281874446386899e-07,7.990202747023985e-07,2.6783399541068755e-07,0.0,0.0
garch,normal,0.0,500,0.05,none,POT80-Shift,500,0.0013157297079206738,5.145939474788534e-06,3.199143091680738e-07,0.00131290255696025,0.00132366306108758,0.0013417383899674128,0.07897672473666054,0.04937591284629751,1.273700108459684e-06,0.0404582710216507,5.1459394747738594e-06,3.199143091680739e-07,-9.96232562429801e-07,2.4756458628873536e-07,-7.15136879845397e-07,2.662924760786319e-07
garch,normal,0.0,500,0.05,none,POT80-Vol,500,0.0013149652147170135,4.381446271127214e-06,2.6382564949993414e-07,0.00131249861998305,0.00132217608916878,0.001337540455933131,0.07676730673186125,0.049761823289805635,1.1313057361512715e-06,0.0426862050726744,4.381446271113461e-06,2.6382564949993403e-07,-1.7607257660901995e-06,2.564208989363625e-07,-1.479630083505795e-06,2.4950311039423694e-07
garch,normal,0.0,500,0.05,none,POT90-Shift,500,0.0013161720182807012,5.588249834816079e-06,3.429622462927959e-07,0.0013133622729447,0.0013243305093108,0.001347586162181834,0.08120428907908545,0.04987803572034744,1.3733576380326153e-06,0.0404939730653623,5.58824983480106e-06,3.4296224629279567e-07,-5.539222024026e-07,2.3019816364948553e-07,-2.728265198181957e-07,2.4036957202893365e-07
garch,normal,0.0,500,0.05,none,POT90-Vol,500,0.0013153590667695798,4.775298323692493e-06,2.764592016859546e-07,0.0013128527351538499,0.00132293526022739,0.001341817274335585,0.07659818700389312,0.04991303747497875,1.2261821459821022e-06,0.042413065624315,4.775298323679856e-06,2.764592016859546e-07,-1.3668737135238046e-06,2.3470023908722584e-07,-1.0857780309394002e-06,2.2351912586353046e-07
garch,normal,0.0,500,0.05,none,Raw,500,0.0013105837684459002,0.0,3.59163107205085e-19,0.0013105837684459,0.0013105837684459,0.0013105837684459,0.0,0.0499999999999999,0.0,0.0366465719035722,0.0,0.0,-6.14217203720366e-06,3.7674783349100066e-07,-5.861076354619256e-06,3.5831639685236025e-07
garch,normal,0.0,500,0.05,none,Shift-CP,500,0.0013167259404831039,6.142172037217744e-06,3.767478334910006e-07,0.00131335427188,0.00132771955122623,0.0013488504978441342,0.0776238470268955,0.04935023347376379,1.520108747049977e-06,0.0409860083856706,6.14217203720366e-06,3.7674783349100066e-07,0.0,0.0,2.8109568258440424e-07,1.9392541452677736e-07
garch,normal,0.0,500,0.05,none,Shift-ERM,500,0.0013167353653149765,6.151596869090451e-06,3.595397229724505e-07,0.00131383186237855,0.00132618292149032,0.001350898199166602,0.07227519442503626,0.05149367371049208,1.472303892051146e-06,0.0405591355459664,6.15159686907666e-06,3.5953972297245015e-07,9.424831873000237e-09,1.514672553730288e-07,2.9052051445740446e-07,1.6182759822937412e-07
garch,normal,0.0,500,0.05,none,State-L1,500,0.001331382055839633,2.0798287393746377e-05,3.182398451344871e-06,0.00131944154445565,0.00135089931191494,0.001512229377604391,0.22580611542122964,0.0517226627743655,5.097824730295103e-06,0.0872941762362896,2.079828739373306e-05,3.1823984513448697e-06,1.46561153565294e-05,3.103422755075698e-06,1.4937211039113803e-05,3.1030285438380604e-06
garch,normal,0.0,500,0.05,none,State-L1-clipped,500,0.00132790209900666,1.7318330560775044e-05,1.6044245500203963e-06,0.0013193956528261002,0.00134909281418418,0.001427787583395588,0.15389584134199158,0.05160267596476293,4.424468411935998e-06,0.0584317000327784,1.7318330560760062e-05,1.6044245500203967e-06,1.1176158523556401e-05,1.5146327410497434e-06,1.1457254206140806e-05,1.5197331925716233e-06
garch,normal,0.0,500,0.05,none,State2-ERM,500,0.0013255030435683182,1.4919275122434404e-05,7.809710632436265e-07,0.0013206466969499999,0.0013447339350489,0.0013973273927618758,0.07500675291321178,0.050441767730203806,3.874427857023368e-06,0.0502264589488913,1.4919275122418061e-05,7.809710632436265e-07,8.777103085214399e-06,6.742232630698662e-07,9.058198767798804e-06,7.16519729534786e-07
garch,normal,0.0,500,0.05,none,State4-ERM,500,0.0013567291380306647,4.614536958477612e-05,4.959446174870709e-06,0.001334651008631,0.00139441883158534,0.001661375331910872,0.19860813691739043,0.052599274208881,1.1486754904942876e-05,0.1162286008597878,4.614536958476486e-05,4.959446174870709e-06,4.0003197547561205e-05,4.912769740959217e-06,4.028429323014561e-05,4.917938615204972e-06
garch,normal,0.0,500,0.05,none,Vol-CP,500,0.0013161054422184354,5.521673772549862e-06,3.378213346076642e-07,0.00131309345180555,0.00132528910407716,0.001350738091319524,0.08066306041839015,0.04955527591562024,1.4307579389475472e-06,0.0436370476095741,5.5216737725356545e-06,3.3782133460766394e-07,-6.20498264668006e-07,1.0479578077722682e-07,-3.3940258208360176e-07,1.480531224907933e-07
garch,normal,0.0,500,0.05,none,Vol-ERM,500,0.0013164448448005192,5.861076354633127e-06,3.583163968523603e-07,0.0013132217736051,0.00132593411173824,0.0013504212940261102,0.08034969187063494,0.05092386110649403,1.4896374109245088e-06,0.0433308662043596,5.861076354619256e-06,3.5831639685236025e-07,-2.8109568258440424e-07,1.9392541452677736e-07,0.0,0.0
garch,normal,0.0,500,0.05,state,POT80-Shift,500,0.001333746850386183,2.3163081940297705e-05,7.274430762074335e-07,0.00132777922167335,0.00135379487694477,0.001391613300818397,0.047852971146450346,0.044302937478630684,6.146973693393262e-06,0.037194220709642,-8.936080113417108e-06,7.274430762074335e-07,-8.253749801485979e-07,3.653804374568263e-07,7.5906544390897995e-06,4.502447065694797e-07
garch,normal,0.0,500,0.05,state,POT80-Vol,500,0.0013245398159178437,1.3956047471957998e-05,4.1305761682099473e-07,0.0013210275705327,0.00133514585181933,0.0013614481260189372,0.044006845690767,0.045990582354394176,3.583086241463116e-06,0.0411909432976146,-1.8143114581756507e-05,4.130576168209942e-07,-1.0032409448488e-05,5.038117948330398e-07,-1.6163800292495998e-06,3.104871641986313e-07
garch,normal,0.0,500,0.05,state,POT90-Shift,500,0.001334023243658252,2.3439475212369937e-05,7.496755074977629e-07,0.0013276423808808498,0.0013521461168425801,0.0013972005605961048,0.04859195838109587,0.04473964873227993,6.225401007555342e-06,0.0366207860978164,-8.659686841347902e-06,7.496755074977629e-07,-5.489817080793921e-07,3.4031744881459696e-07,7.867047711159006e-06,4.342838911020919e-07
garch,normal,0.0,500,0.05,state,POT90-Vol,500,0.001324834040533537,1.4250272087650864e-05,4.201577860802999e-07,0.00132099310399585,0.0013356731294133799,0.001364545557738419,0.04402408663921045,0.046253776271216004,3.6541843427887493e-06,0.0401141864135082,-1.7848889966063104e-05,4.201577860802999e-07,-9.73818483279459e-06,4.968943747292235e-07,-1.322155413556192e-06,2.81268640048922e-07
garch,normal,0.0,500,0.05,state,Raw,500,0.0013426829304995999,3.209916205371609e-05,4.1740577323834194e-19,0.0013426829304996,0.0013426829304996,0.0013426829304996,0.009999999999999997,0.06972648999798602,8.218288269737706e-06,0.0282902335197343,0.0,0.0,8.11070513326851e-06,7.749959206546435e-07,1.6526734552506908e-05,5.055632552815996e-07
garch,normal,0.0,500,0.05,state,Shift-CP,500,0.0013345722253663317,2.3988456920445945e-05,7.749959206546437e-07,0.0013279389557946499,0.0013573938045915,0.0013988194190194098,0.04935779803113455,0.044283516689659484,6.382398856255231e-06,0.0376410695038297,-8.11070513326851e-06,7.749959206546435e-07,0.0,0.0,8.4160294192384e-06,4.299401742979992e-07
garch,normal,0.0,500,0.05,state,Shift-ERM,500,0.0013330290491568764,2.2445280710991174e-05,6.687270284432466e-07,0.0013272041543895999,0.00135183055478012,0.001383938197967631,0.04401804339918422,0.04627330596114932,5.932380331987632e-06,0.0374006646179043,-9.653881342723704e-06,6.687270284432465e-07,-1.5431762094551926e-06,2.239430061150003e-07,6.8728532097832055e-06,3.405880336183013e-07
garch,normal,0.0,500,0.05,state,State-L1,500,0.001337259389516163,2.667562107027461e-05,3.1186744464296424e-06,0.0013259537165338999,0.00135911661309807,0.001512229377604391,0.18137718879873832,0.04998310814716821,6.654350795566543e-06,0.0843040348277131,-5.423540983437303e-06,3.118674446429642e-06,2.687164149831207e-06,3.0761495665231823e-06,1.1103193569069605e-05,3.0310858428875637e-06
garch,normal,0.0,500,0.05,state,State-L1-clipped,500,0.0013340566545758802,2.347288612999444e-05,1.5961090426585504e-06,0.001325929443697,0.00135587595105953,0.0014313046481187837,0.11458375918714676,0.0498591125608486,6.062435504072276e-06,0.0583844058939054,-8.626275923720102e-06,1.596109042658551e-06,-5.155707904515926e-07,1.5657129508718314e-06,7.900458628786804e-06,1.5072768468178036e-06
garch,normal,0.0,500,0.05,state,State2-ERM,500,0.0013255030435683182,1.4919275122434404e-05,7.809710632436265e-07,0.0013206466969499999,0.0013447339350489,0.0013973273927618758,0.07500675291321178,0.050441767730203806,3.874427857023368e-06,0.0502264589488913,-1.7179886931282107e-05,7.809710632436267e-07,-9.069181798013591e-06,8.220622071147621e-07,-6.531523787751945e-07,7.38980189787185e-07
garch,normal,0.0,500,0.05,state,State4-ERM,500,0.0013567291380306647,4.614536958477612e-05,4.959446174870709e-06,0.001334651008631,0.00139441883158534,0.001661375331910872,0.19860813691739043,0.052599274208881,1.1486754904942876e-05,0.1162286008597878,1.40462075310647e-05,4.959446174870709e-06,2.2156912664333213e-05,4.950232067577253e-06,3.057294208357161e-05,4.907913429501913e-06
garch,normal,0.0,500,0.05,state,Vol-CP,500,0.0013255107952957535,1.492702684986952e-05,4.604461151436387e-07,0.0013217270842756498,0.0013385567946455502,0.00136567926962316,0.04428139116799126,0.045871165709582246,3.843554625231298e-06,0.0405578861692784,-1.717213520384671e-05,4.6044611514363854e-07,-9.061430070578195e-06,4.353689605148195e-07,-6.454006513397971e-07,2.1270995123979461e-07
garch,normal,0.0,500,0.05,state,Vol-ERM,500,0.0013261561959470934,1.5572427501208427e-05,5.055632552815998e-07,0.00132171810000395,0.001340821325807,0.00136861776283806,0.04150179265981331,0.04560969196420098,4.0215242044615115e-06,0.0399317874073581,-1.6526734552506908e-05,5.055632552815996e-07,-8.4160294192384e-06,4.299401742979992e-07,0.0,0.0
garch,normal,0.0,1000,0.01,constant,POT80-Shift,500,0.0003407005294888392,2.021632077338068e-06,1.3332003862179607e-07,0.0003395482441826,0.00034420044351527,0.000352521376138458,0.08970943884264064,0.009675074331872398,2.019893886601235e-06,0.0564871317877147,-1.5000553467560784e-05,1.3332003862179604e-07,-6.766696941262008e-07,1.5413994898875072e-07,-8.494252821998002e-07,1.6500525784531844e-07
garch,normal,0.0,1000,0.01,constant,POT80-Vol,500,0.00034047347499503,1.7945775835277138e-06,9.199391706141615e-08,0.0003396629639091,0.00034293181849977,0.000347889561285032,0.0684437538348025,0.010440435334162756,1.8123191242415733e-06,0.0602831082811214,-1.5227607961369987e-05,9.19939170614161e-08,-9.037241879354022e-07,1.4156735597483672e-07,-1.0764797760090015e-06,1.3594137089687306e-07
garch,normal,0.0,1000,0.01,constant,POT90-Shift,500,0.00034053411357205,1.8552161605481017e-06,1.1564405429090125e-07,0.00033954699318005,0.00034363807656289,0.00035122772381559103,0.08433212708791676,0.010138644279300727,1.7705726048386359e-06,0.0560025508735493,-1.5166969384349984e-05,1.1564405429090125e-07,-8.430856109154011e-07,1.321463143840765e-07,-1.0158411989890006e-06,1.3716902114375052e-07
garch,normal,0.0,1000,0.01,constant,POT90-Vol,500,0.000340581940418372,1.9030430068706154e-06,9.881282033816151e-08,0.0003397355275738,0.00034313908604905,0.000348622742009676,0.07138712373604401,0.010808645747352073,1.8255869790618972e-06,0.0601371407969151,-1.5119142538027987e-05,9.881282033816158e-08,-7.952587645934018e-07,1.4001179593686544e-07,-9.680143526670012e-07,1.2677190377365465e-07
garch,normal,0.0,1000,0.01,constant,Raw,500,0.00035570108295640004,1.7022185544859595e-05,1.4560666508314253e-19,0.0003557010829564,0.0003557010829564,0.0003557010829564,0.01,0.020772008905857,1.2499999999999982e-05,0.0482944120794525,0.0,0.0,1.4323883773434583e-05,1.6785770298982624e-07,1.4151128185360983e-05,1.552185049106513e-07
garch,normal,0.0,1000,0.01,constant,Shift-CP,500,0.0003413771991829654,2.6983017714630863e-06,1.678577029898263e-07,0.00033981583512285,0.00034627218457969003,0.000354616630199147,0.07618346720616231,0.010145112611904152,2.6187848827145695e-06,0.0569149172760585,-1.4323883773434583e-05,1.6785770298982624e-07,0.0,0.0,-1.7275558807359938e-07,1.1264492035750181e-07
garch,normal,0.0,1000,0.01,constant,Shift-ERM,500,0.00034133684672991706,2.6579493184164395e-06,1.6777665898789594e-07,0.00033994751457469996,0.00034568893398811,0.00035544164951888194,0.08283478280170552,0.011201979654613769,2.339999462748822e-06,0.0563593025383162,-1.4364236226482984e-05,1.6777665898789607e-07,-4.035245304840154e-08,1.0037960996063227e-07,-2.1310804112200093e-07,7.216888085392097e-08
garch,normal,0.0,1000,0.01,constant,State-L1,500,0.00034557318541694515,6.894288005443318e-06,7.420165196597228e-07,0.00034179671652459997,0.00035395197750156,0.000392448694225233,0.2003994316658958,0.011517621894649381,5.6152893999010605e-06,0.0756110259384037,-1.0127897539454783e-05,7.42016519659723e-07,4.1959862339798e-06,7.291259685444239e-07,4.0232306459062e-06,7.231991678791708e-07
garch,normal,0.0,1000,0.01,constant,State-L1-clipped,500,0.00034514379758021066,6.464900168709636e-06,5.672689113018023e-07,0.0003417811312419,0.00035393886792246,0.000388317645801442,0.15976799773823852,0.01149987978220918,5.475659358822486e-06,0.0756110259384037,-1.0557285376189386e-05,5.672689113018028e-07,3.7665983972451983e-06,5.527968007057778e-07,3.593842809171599e-06,5.466883044519445e-07
garch,normal,0.0,1000,0.01,constant,State2-ERM,500,0.000344004795173431,5.325897761928995e-06,2.428049629245741e-07,0.00034229185233015003,0.00035146298398858005,0.00036264937482083696,0.05147809848036007,0.011011249836738799,5.153910848436259e-06,0.0693003634189189,-1.1696287782968984e-05,2.42804962924574e-07,2.6275959904656e-06,2.142449387881513e-07,2.4548404023920005e-06,2.1440858546743392e-07
garch,normal,0.0,1000,0.01,constant,State4-ERM,500,0.0003509665978925532,1.2287700481052287e-05,9.068165680791536e-07,0.0003467857228186,0.00036132296347169004,0.000429513306541554,0.13877023561902643,0.011947885343638451,1.1098874414953923e-05,0.1330733976113621,-4.734485063846784e-06,9.068165680791536e-07,9.5893987095878e-06,8.989759295681391e-07,9.4166431215142e-06,8.957627117356311e-07
garch,normal,0.0,1000,0.01,constant,Vol-CP,500,0.00034135365344920097,2.6747560376974536e-06,1.4683495445887083e-07,0.0003400378770124,0.00034565476541614,0.000353357812302892,0.06854426765698463,0.010643601875331248,2.687049561977485e-06,0.0618790017729234,-1.4347429507198984e-05,1.4683495445887094e-07,-2.354573376440127e-08,7.557919784577388e-08,-1.9630132183800067e-07,8.43145385564267e-08
garch,normal,0.0,1000,0.01,constant,Vol-ERM,500,0.000341549954771039,2.87105735953874e-06,1.5521850491065127e-07,0.00034018777438644997,0.00034613032768086003,0.000353454659371791,0.06793079582078736,0.011415633008098202,2.62916224928696e-06,0.0618488632389862,-1.4151128185360983e-05,1.552185049106513e-07,1.7275558807359938e-07,1.1264492035750181e-07,0.0,0.0
garch,normal,0.0,1000,0.01,none,POT80-Shift,500,0.0003407005294888392,2.021632077338068e-06,1.3332003862179607e-07,0.0003395482441826,0.00034420044351527,0.000352521376138458,0.08970943884264064,0.009675074331872398,2.019893886601235e-06,0.0564871317877147,2.0216320773391906e-06,1.3332003862179607e-07,-6.766696941262008e-07,1.5413994898875072e-07,-4.114697574416011e-07,1.485143717653242e-07
garch,normal,0.0,1000,0.01,none,POT80-Vol,500,0.0003402444108495828,1.565513438082563e-06,1.0094861122730785e-07,0.0003394303639262,0.0003427618247967,0.000347594134789873,0.08231361296710304,0.009940145611080068,1.5752641530736642e-06,0.0578927377894089,1.5655134380827902e-06,1.009486112273078e-07,-1.1327883333826009e-06,1.3755241486185134e-07,-8.675883966980011e-07,1.2816772914840812e-07
garch,normal,0.0,1000,0.01,none,POT90-Shift,500,0.00034053411357205,1.8552161605481017e-06,1.1564405429090125e-07,0.00033954699318005,0.00034363807656289,0.00035122772381559103,0.08433212708791676,0.010138644279300727,1.7705726048386359e-06,0.0560025508735493,1.8552161605499901e-06,1.1564405429090121e-07,-8.430856109154011e-07,1.321463143840765e-07,-5.778856742308014e-07,1.2235332271524152e-07
garch,normal,0.0,1000,0.01,none,POT90-Vol,500,0.0003403061052048008,1.6272077932980026e-06,1.0648551330139037e-07,0.0003394692812653,0.00034295137765409,0.000348004836648899,0.0866770568626566,0.010277360406292914,1.5901901983554598e-06,0.0577573671635195,1.6272077933007901e-06,1.0648551330139036e-07,-1.071093978164601e-06,1.3357560371964837e-07,-8.058940414800014e-07,1.194670742645306e-07
garch,normal,0.0,1000,0.01,none,Raw,500,0.00033867889741150006,0.0,1.1405855431512834e-19,0.0003386788974115,0.0003386788974115,0.0003386788974115,0.0,0.01,0.0,0.0518299459853853,0.0,0.0,-2.6983017714653915e-06,1.6785770298982624e-07,-2.4331018347807913e-06,1.5176595402856884e-07
garch,normal,0.0,1000,0.01,none,Shift-CP,500,0.0003413771991829654,2.698301771463086e-06,1.678577029898263e-07,0.00033981583512285,0.00034627218457969003,0.000354616630199147,0.07618346720616227,0.010145112611904152,2.6187848827145682e-06,0.0569149172760585,2.6983017714653915e-06,1.6785770298982624e-07,0.0,0.0,2.651999366845997e-07,9.029577945956574e-08
garch,normal,0.0,1000,0.01,none,Shift-ERM,500,0.00034133684672991706,2.6579493184164403e-06,1.6777665898789594e-07,0.00033994751457469996,0.00034568893398811,0.00035544164951888194,0.08283478280170554,0.011201979654613769,2.3399994627488216e-06,0.0563593025383162,2.6579493184169896e-06,1.6777665898789607e-07,-4.035245304840154e-08,1.0037960996063227e-07,2.2484748363619817e-07,8.069230216748477e-08
garch,normal,0.0,1000,0.01,none,State-L1,500,0.00034557318541694515,6.894288005443318e-06,7.420165196597228e-07,0.00034179671652459997,0.00035395197750156,0.000392448694225233,0.2003994316658958,0.011517621894649381,5.6152893999010605e-06,0.0756110259384037,6.89428800544519e-06,7.420165196597231e-07,4.1959862339798e-06,7.291259685444239e-07,4.461186170664399e-06,7.232391479478474e-07
garch,normal,0.0,1000,0.01,none,State-L1-clipped,500,0.00034514379758021066,6.464900168709636e-06,5.672689113018023e-07,0.0003417811312419,0.00035393886792246,0.000388317645801442,0.15976799773823852,0.01149987978220918,5.475659358822486e-06,0.0756110259384037,6.46490016871059e-06,5.672689113018028e-07,3.7665983972451983e-06,5.527968007057778e-07,4.031798333929798e-06,5.472064221689764e-07
garch,normal,0.0,1000,0.01,none,State2-ERM,500,0.000344004795173431,5.325897761928995e-06,2.428049629245741e-07,0.00034229185233015003,0.00035146298398858005,0.00036264937482083696,0.05147809848036007,0.011011249836738799,5.153910848436259e-06,0.0693003634189189,5.325897761930992e-06,2.42804962924574e-07,2.6275959904656e-06,2.142449387881513e-07,2.8927959271501995e-06,2.1298506845102102e-07
garch,normal,0.0,1000,0.01,none,State4-ERM,500,0.0003509665978925532,1.2287700481052287e-05,9.068165680791536e-07,0.0003467857228186,0.00036132296347169004,0.000429513306541554,0.13877023561902643,0.011947885343638451,1.1098874414953923e-05,0.1330733976113621,1.228770048105319e-05,9.068165680791539e-07,9.5893987095878e-06,8.989759295681391e-07,9.854598646272402e-06,8.927066334272322e-07
garch,normal,0.0,1000,0.01,none,Vol-CP,500,0.00034103299991916804,2.354102507667332e-06,1.4684059849438863e-07,0.0003397080759496,0.00034499242008059,0.000352840421545892,0.07530729910124402,0.01015625745050513,2.3816271199314563e-06,0.0591130098230913,2.354102507667991e-06,1.4684059849438858e-07,-3.441992637974006e-07,5.4066783730983885e-08,-7.899932711280089e-08,7.565160165586762e-08
garch,normal,0.0,1000,0.01,none,Vol-ERM,500,0.0003411119992462808,2.433101834779399e-06,1.5176595402856884e-07,0.0003398057159564,0.00034531328732679,0.00035361970293140997,0.08178702380088614,0.010711274768517928,2.3509939222341997e-06,0.0604662612646149,2.4331018347807913e-06,1.5176595402856884e-07,-2.651999366845997e-07,9.029577945956574e-08,0.0,0.0
garch,normal,0.0,1000,0.01,state,POT80-Shift,500,0.00034537945654375125,6.700559132248846e-06,2.234889894063129e-07,0.00034353140740309997,0.00035086909514750003,0.000368387379225486,0.047617124095103394,0.00841127547255958,7.299456296242268e-06,0.0520462695729539,-2.1635074682488012e-06,2.23488989406313e-07,-4.688059138328002e-07,2.1620356090970233e-07,1.8623864925048014e-06,1.9117189405626525e-07
garch,normal,0.0,1000,0.01,state,POT80-Vol,500,0.000342620636909774,3.941739498271998e-06,1.3656383280926857e-07,0.00034155771508505,0.00034573627065965,0.00035323860160954595,0.05298123835511234,0.008976801353349589,3.995346278522011e-06,0.0554495244889989,-4.922327102226001e-06,1.365638328092686e-07,-3.2276255478099992e-06,2.1758649680887806e-07,-8.964331414723982e-07,1.4587797540982405e-07
garch,normal,0.0,1000,0.01,state,POT90-Shift,500,0.0003449490045352754,6.2701071237743135e-06,1.9268203361653783e-07,0.0003433898564771,0.00035000531688574,0.000362428079771585,0.04526482961398896,0.008812685453096861,6.693755913837079e-06,0.0516539984481918,-2.5939594767246016e-06,1.9268203361653786e-07,-8.992579223086006e-07,1.9150476738117173e-07,1.431934484029001e-06,1.560176238173462e-07
garch,normal,0.0,1000,0.01,state,POT90-Vol,500,0.0003425199970698012,3.841099658301645e-06,1.40308209888144e-07,0.00034146137131605,0.00034584593515057997,0.00035232105616836505,0.05708636916837557,0.009277690881727732,3.860440460121458e-06,0.0554560951376737,-5.022966942198803e-06,1.4030820988814383e-07,-3.3282653877828015e-06,2.180043810575277e-07,-9.970729814452e-07,1.383914083981621e-07
garch,normal,0.0,1000,0.01,state,Raw,500,0.000347542964012,8.864066600505117e-06,1.1648533206651403e-19,0.000347542964012,0.000347542964012,0.000347542964012,0.010000000000000002,0.0155550156181406,8.218288269737706e-06,0.0434736076015474,0.0,0.0,1.694701554416001e-06,2.687691064455204e-07,4.025893960753603e-06,1.8775164559698714e-07
garch,normal,0.0,1000,0.01,state,Shift-CP,500,0.00034584826245758404,7.169365046082042e-06,2.687691064455204e-07,0.0003435679201234,0.00035213590981429,0.00037219230919322097,0.05751011247800064,0.008790547930365147,7.891007518159343e-06,0.0539263195610791,-1.694701554416001e-06,2.687691064455204e-07,0.0,0.0,2.331192406337602e-06,1.6325081072464323e-07
garch,normal,0.0,1000,0.01,state,Shift-ERM,500,0.0003450348618819934,6.355964470493565e-06,2.1434445077770457e-07,0.00034326799854334997,0.00035032134991549004,0.000365241297457184,0.05309547323738799,0.00972593422775986,6.663388235067461e-06,0.0529587855583677,-2.508102130006601e-06,2.1434445077770475e-07,-8.134005755906e-07,1.2798429599770248e-07,1.5177918307470016e-06,1.2432851187508133e-07
garch,normal,0.0,1000,0.01,state,State-L1,500,0.00034721210096177703,8.533203550275759e-06,7.429333832026895e-07,0.00034353873772685,0.00035476249852559,0.000392448694225233,0.1619100481890175,0.011033010640594778,7.483840959443284e-06,0.0719439436219324,-3.3086305022300015e-07,7.429333832026897e-07,1.3638385041930008e-06,7.637828390012642e-07,3.6950309105306025e-06,7.387131126036739e-07
garch,normal,0.0,1000,0.01,state,State-L1-clipped,500,0.00034675753447759136,8.078637066091503e-06,5.715395411443279e-07,0.00034354533722955,0.00035459734888019,0.000388476177043791,0.1287480659041374,0.01100783906024882,7.334504948208661e-06,0.0719439436219324,-7.854295344086012e-07,5.71539541144328e-07,9.092720200073998e-07,5.967957385665909e-07,3.2404644263450012e-06,5.668734506533433e-07
garch,normal,0.0,1000,0.01,state,State2-ERM,500,0.000344004795173431,5.325897761928995e-06,2.428049629245741e-07,0.00034229185233015003,0.00035146298398858005,0.00036264937482083696,0.05147809848036007,0.011011249836738799,5.153910848436259e-06,0.0693003634189189,-3.5381688385690013e-06,2.42804962924574e-07,-1.843467284153e-06,3.081104327182681e-07,4.877251221846016e-07,2.3920567671231825e-07
garch,normal,0.0,1000,0.01,state,State4-ERM,500,0.0003509665978925532,1.2287700481052287e-05,9.068165680791536e-07,0.0003467857228186,0.00036132296347169004,0.000429513306541554,0.13877023561902643,0.011947885343638451,1.1098874414953923e-05,0.1330733976113621,3.4236338805531987e-06,9.068165680791539e-07,5.1183354349692e-06,9.335963239921271e-07,7.449527841306802e-06,9.047933954130743e-07
garch,normal,0.0,1000,0.01,state,Vol-CP,500,0.0003433063940313495,4.627496619847491e-06,1.7433922123410635e-07,0.00034173528782185003,0.00034830958599707,0.000358916522477441,0.05356247799458167,0.009208118425627899,4.746294974022165e-06,0.0572170552890295,-4.236569980650402e-06,1.7433922123410653e-07,-2.5418684262344013e-06,1.5513080197098336e-07,-2.106760198967994e-07,7.289570537303825e-08
garch,normal,0.0,1000,0.01,state,Vol-ERM,500,0.0003435170700512464,4.838172639743709e-06,1.8775164559698724e-07,0.00034184302534245,0.00034856937385898003,0.000358916522477441,0.05547725978628343,0.00922077611121752,4.985110276141336e-06,0.0583299024364956,-4.025893960753603e-06,1.8775164559698714e-07,-2.331192406337602e-06,1.6325081072464323e-07,0.0,0.0
garch,normal,0.0,1000,0.05,constant,POT80-Shift,500,0.0013131462446501594,2.5624762042760253e-06,1.534352203645419e-07,0.0013118718553498001,0.00131747702177632,0.001325740650894153,0.07781359325543737,0.0491860025563785,6.265028429869345e-07,0.0392229583019988,-5.8645935223640635e-05,1.5343522036454186e-07,-6.864254094764025e-07,1.3240247057624454e-07,-1.810064269941999e-06,1.7668658289790158e-07
garch,normal,0.0,1000,0.05,constant,POT80-Vol,500,0.001313916984656715,3.3332162108297343e-06,1.1340104229130602e-07,0.0013129780591798,0.00131719479245307,0.001324159872733529,0.049082795901862424,0.05153749341029558,8.675239033488652e-07,0.0430551736983067,-5.787519521708503e-05,1.1340104229130588e-07,8.431459707919972e-08,1.4256300061580775e-07,-1.0393242633863967e-06,1.3787788043307037e-07
garch,normal,0.0,1000,0.05,constant,POT90-Shift,500,0.0013132894119470364,2.7056435011507025e-06,1.5986007975537826e-07,0.0013118323563858498,0.0013182154280149201,0.001326761239814774,0.07054788644511564,0.05016107055826357,6.508190708595634e-07,0.0390116984595473,-5.850276792676364e-05,1.598600797553781e-07,-5.432581125994046e-07,1.1396140462818473e-07,-1.666896973065001e-06,1.4033958502994772e-07
garch,normal,0.0,1000,0.05,constant,POT90-Vol,500,0.0013141885917178746,3.604823271985007e-06,1.317207759653017e-07,0.00131305256777475,0.00131760511341061,0.00132608515394652,0.05064744920021062,0.052199334625491416,9.098915039785548e-07,0.0430773703412423,-5.760358815592564e-05,1.3172077596530172e-07,3.559216582385907e-07,1.3618217149959253e-07,-7.677172022270058e-07,1.1462121252126546e-07
garch,normal,0.0,1000,0.05,constant,Raw,500,0.0013717921798738,6.12084114279439e-05,5.047697722882275e-19,0.0013717921798738,0.0013717921798738,0.0013717921798738,0.010000000000000002,0.08735002364414331,1.249999999999998e-05,0.0331110379976394,0.0,0.0,5.795950981416423e-05,1.913285625131163e-07,5.683587095369863e-05,1.801251627011575e-07
garch,normal,0.0,1000,0.05,constant,Shift-CP,500,0.0013138326700596356,3.2489016137503252e-06,1.9132856251311636e-07,0.0013120610499408,0.0013197582924712001,0.0013295284823880641,0.07222760452528862,0.049673504116057615,7.878460441646444e-07,0.0392966778971766,-5.795950981416423e-05,1.913285625131163e-07,0.0,0.0,-1.1236388604655965e-06,1.417711472169815e-07
garch,normal,0.0,1000,0.05,constant,Shift-ERM,500,0.0013138127649143972,3.2289964685113693e-06,1.945394955700069e-07,0.0013120755411178,0.00131931277719931,0.0013298477672384768,0.0793349156944115,0.05069567351249691,7.715319925046093e-07,0.0392957910851147,-5.797941495940284e-05,1.9453949557000713e-07,-1.990514523860995e-08,5.1695561716596005e-08,-1.1435440057042065e-06,1.1948397619516121e-07
garch,normal,0.0,1000,0.05,constant,State-L1,500,0.0013182075680660869,7.623799620201474e-06,5.219944980715469e-07,0.0013148417634928,0.00132878984090218,0.001362595874923988,0.10545655912866488,0.05053950506813971,1.9013241560443105e-06,0.0516267824784242,-5.358461180771324e-05,5.219944980715463e-07,4.374898006450991e-06,4.916187108231622e-07,3.251259145985394e-06,5.099970179175253e-07
garch,normal,0.0,1000,0.05,constant,State-L1-clipped,500,0.0013180034987961115,7.419730350226708e-06,4.618225013326953e-07,0.00131482430295435,0.00132872132783052,0.00135812279123554,0.09074550150249601,0.05053710952462552,1.8592364645728772e-06,0.0516267824784242,-5.378868107768843e-05,4.618225013326951e-07,4.170828736475798e-06,4.258244033885995e-07,3.047189876010201e-06,4.469994629547547e-07
garch,normal,0.0,1000,0.05,constant,State2-ERM,500,0.0013177613741702171,7.177605724331177e-06,3.5727175954500207e-07,0.0013154114674414998,0.0013274404287157,0.001344047967874191,0.07681818226763636,0.050352452201720396,1.8102189703705702e-06,0.0460645728248759,-5.403080570358284e-05,3.5727175954500217e-07,3.928704110581391e-06,2.9867563485517713e-07,2.8050652501157945e-06,3.327903864993508e-07
garch,normal,0.0,1000,0.05,constant,State4-ERM,500,0.0013249073184930379,1.4323550047152836e-05,6.758793216711492e-07,0.0013203711257016,0.00133856507005171,0.0013761333502174948,0.07700384181197531,0.050782520696802794,3.6967602160504904e-06,0.0527715692261884,-4.688486138076224e-05,6.758793216711495e-07,1.1074648433401994e-05,6.579214848915504e-07,9.951009572936399e-06,6.658671522868505e-07
garch,normal,0.0,1000,0.05,constant,Vol-CP,500,0.001314672507448852,4.088739002969136e-06,1.6247025850654072e-07,0.0013133885331663999,0.001318871009917,0.001328391599500914,0.05690015061167501,0.05180904475970657,1.0508127121395748e-06,0.0428183981166811,-5.7119672424947835e-05,1.624702585065407e-07,8.398373892163934e-07,1.0280726356040263e-07,-2.8380147124920305e-07,8.150215391206987e-08
garch,normal,0.0,1000,0.05,constant,Vol-ERM,500,0.0013149563089201015,4.372540474217709e-06,1.8012516270115753e-07,0.00131337678194375,0.0013197157801351,0.0013294999736528032,0.0567876967733168,0.053393750867880126,1.0562233304581606e-06,0.0428333281521859,-5.683587095369863e-05,1.801251627011575e-07,1.1236388604655965e-06,1.417711472169815e-07,0.0,0.0
garch,normal,0.0,1000,0.05,none,POT80-Shift,500,0.0013131462446501594,2.5624762042760253e-06,1.534352203645419e-07,0.0013118718553498001,0.00131747702177632,0.001325740650894153,0.07781359325543737,0.0491860025563785,6.265028429869345e-07,0.0392229583019988,2.56247620425946e-06,1.534352203645418e-07,-6.864254094764025e-07,1.3240247057624454e-07,-3.8811077211359537e-07,1.408495189902604e-07
garch,normal,0.0,1000,0.05,none,POT80-Vol,500,0.0013127988197889312,2.2150513430453035e-06,1.258659553350979e-07,0.0013116502007197999,0.0013165980596399,0.001322693294881243,0.06580514744371516,0.049461881976715874,5.685307112334265e-07,0.0406828371330922,2.2150513430312597e-06,1.2586595533509795e-07,-1.0338502707046026e-06,1.2947484146656212e-07,-7.355356333417956e-07,1.3588913011880918e-07
garch,normal,0.0,1000,0.05,none,POT90-Shift,500,0.0013132894119470364,2.7056435011507025e-06,1.5986007975537826e-07,0.0013118323563858498,0.0013182154280149201,0.001326761239814774,0.07054788644511564,0.05016107055826357,6.508190708595634e-07,0.0390116984595473,2.7056435011364576e-06,1.5986007975537818e-07,-5.432581125994046e-07,1.1396140462818473e-07,-2.4494347523659756e-07,1.1714949846580752e-07
garch,normal,0.0,1000,0.05,none,POT90-Vol,500,0.0013129935066369062,2.40973819101973e-06,1.4068155128878448e-07,0.0013118040366918,0.00131678160864309,0.0013239750327231192,0.07128703838832252,0.050116544049553374,6.121770476982084e-07,0.0403435745644471,2.409738191006262e-06,1.406815512887845e-07,-8.391634227296004e-07,1.1514926142037582e-07,-5.408487853667933e-07,1.1643960465530081e-07
garch,normal,0.0,1000,0.05,none,Raw,500,0.0013105837684459002,0.0,3.59163107205085e-19,0.0013105837684459,0.0013105837684459,0.0013105837684459,0.0,0.0499999999999999,0.0,0.0366465719035722,0.0,0.0,-3.248901613735862e-06,1.9132856251311636e-07,-2.9505869763730553e-06,1.80891940862704e-07
garch,normal,0.0,1000,0.05,none,Shift-CP,500,0.0013138326700596356,3.2489016137503252e-06,1.9132856251311636e-07,0.0013120610499408,0.0013197582924712001,0.0013295284823880641,0.07222760452528862,0.049673504116057615,7.878460441646444e-07,0.0392966778971766,3.248901613735862e-06,1.9132856251311636e-07,0.0,0.0,2.983146373628071e-07,9.235114971281333e-08
garch,normal,0.0,1000,0.05,none,Shift-ERM,500,0.0013138127649143972,3.2289964685113693e-06,1.945394955700069e-07,0.0013120755411178,0.00131931277719931,0.0013298477672384768,0.0793349156944115,0.05069567351249691,7.715319925046093e-07,0.0392957910851147,3.228996468497252e-06,1.9453949557000713e-07,-1.990514523860995e-08,5.1695561716596005e-08,2.7840949212419713e-07,8.919944895975556e-08
garch,normal,0.0,1000,0.05,none,State-L1,500,0.0013182075680660869,7.623799620201474e-06,5.219944980715469e-07,0.0013148417634928,0.00132878984090218,0.001362595874923988,0.10545655912866488,0.05053950506813971,1.9013241560443105e-06,0.0516267824784242,7.6237996201868526e-06,5.219944980715464e-07,4.374898006450991e-06,4.916187108231622e-07,4.673212643813798e-06,5.050877208649434e-07
garch,normal,0.0,1000,0.05,none,State-L1-clipped,500,0.0013180034987961115,7.419730350226708e-06,4.618225013326953e-07,0.00131482430295435,0.00132872132783052,0.00135812279123554,0.09074550150249601,0.05053710952462552,1.8592364645728772e-06,0.0516267824784242,7.41973035021166e-06,4.618225013326951e-07,4.170828736475798e-06,4.258244033885995e-07,4.469143373838604e-06,4.415218952725792e-07
garch,normal,0.0,1000,0.05,none,State2-ERM,500,0.0013177613741702171,7.177605724331177e-06,3.5727175954500207e-07,0.0013154114674414998,0.0013274404287157,0.001344047967874191,0.07681818226763636,0.050352452201720396,1.8102189703705702e-06,0.0460645728248759,7.177605724317254e-06,3.5727175954500217e-07,3.928704110581391e-06,2.9867563485517713e-07,4.2270187479441985e-06,3.1869317527695323e-07
garch,normal,0.0,1000,0.05,none,State4-ERM,500,0.0013249073184930379,1.4323550047152836e-05,6.758793216711492e-07,0.0013203711257016,0.00133856507005171,0.0013761333502174948,0.07700384181197531,0.050782520696802794,3.6967602160504904e-06,0.0527715692261884,1.4323550047137857e-05,6.758793216711494e-07,1.1074648433401994e-05,6.579214848915504e-07,1.1372963070764802e-05,6.626355781826943e-07
garch,normal,0.0,1000,0.05,none,Vol-CP,500,0.0013134594029140959,2.875634468212068e-06,1.668858231927774e-07,0.00131200049342895,0.00131796708309078,0.00132735989742141,0.06608834875869132,0.04971592156591416,7.372683620773194e-07,0.0405068674674225,2.8756344681958575e-06,1.6688582319277734e-07,-3.73267145540005e-07,5.142961704700713e-08,-7.49525081771979e-08,7.704619363794559e-08
garch,normal,0.0,1000,0.05,none,Vol-ERM,500,0.001313534355422273,2.950586976387456e-06,1.8089194086270403e-07,0.0013119425858455001,0.00131871082453006,0.0013284804500661549,0.07708802888372082,0.05039468361078326,7.502890908510519e-07,0.0409867879670433,2.9505869763730553e-06,1.80891940862704e-07,-2.983146373628071e-07,9.235114971281333e-08,0.0,0.0
garch,normal,0.0,1000,0.05,state,POT80-Shift,500,0.0013301426240510516,1.9558855605167707e-05,4.343924442806618e-07,0.001326741885277,0.0013426515654386898,0.001368501816731283,0.03417110659377901,0.04355077379763654,5.082648081874832e-06,0.0350638696734309,-1.2540306448548307e-05,4.343924442806619e-07,-1.5953221805940213e-07,2.1094047987288662e-07,7.132684177166405e-06,2.6871725822358133e-07
garch,normal,0.0,1000,0.05,state,POT80-Vol,500,0.0013217127969976953,1.1129028551810392e-05,2.1497478457579117e-07,0.00131983319225515,0.00132761180428162,0.00134087790476164,0.028975408965202197,0.0453903858552337,2.808820209748608e-06,0.03738939460276,-2.097013350190471e-05,2.1497478457579125e-07,-8.589359271415805e-06,2.9782251272884814e-07,-1.297142876189999e-06,1.9285307270204482e-07
garch,normal,0.0,1000,0.05,state,POT90-Shift,500,0.0013294900428524978,1.8906274406614078e-05,4.131308340924395e-07,0.00132611286963715,0.00134094297172545,0.00136947166356579,0.03488851286811582,0.04445648738883088,4.917684623379457e-06,0.0347864694259073,-1.3192887647102302e-05,4.131308340924401e-07,-8.121134166134002e-07,1.880964999128064e-07,6.480102978612406e-06,2.2007387640471093e-07
garch,normal,0.0,1000,0.05,state,POT90-Vol,500,0.0013216156909311059,1.10319224852216e-05,2.1553989613203081e-07,0.00131980047955935,0.0013284407238059901,0.001339570997258203,0.028789018852080715,0.04598298359743078,2.7948333677810587e-06,0.0372492188045444,-2.10672395684941e-05,2.155398961320309e-07,-8.686465338005199e-06,3.013439608562904e-07,-1.3942489427793925e-06,1.7394452422407447e-07
garch,normal,0.0,1000,0.05,state,Raw,500,0.0013426829304995999,3.209916205371609e-05,4.1740577323834194e-19,0.0013426829304996,0.0013426829304996,0.0013426829304996,0.009999999999999997,0.06972648999798602,8.218288269737706e-06,0.0282902335197343,0.0,0.0,1.2380774230488902e-05,4.48990117536297e-07,1.967299062571471e-05,3.087138226041494e-07
garch,normal,0.0,1000,0.05,state,Shift-CP,500,0.0013303021562691114,1.9718387823224784e-05,4.48990117536297e-07,0.0013263737226511,0.00134425470024693,0.001368663470707613,0.03128554610142844,0.04402140919650221,5.133834261901549e-06,0.0343907208271295,-1.2380774230488902e-05,4.48990117536297e-07,0.0,0.0,7.292216395225807e-06,2.2330465734366673e-07
garch,normal,0.0,1000,0.05,state,Shift-ERM,500,0.0013295350080279858,1.8951239582102406e-05,4.104719752287612e-07,0.0013258320875924,0.00134227366712661,0.0013642328971816258,0.030975067924661613,0.0450517439389924,4.933911595893382e-06,0.034373326038854,-1.3147922471614501e-05,4.104719752287613e-07,-7.671482411255978e-07,8.572395974385895e-08,6.525068154100208e-06,1.8901662115967678e-07
garch,normal,0.0,1000,0.05,state,State-L1,500,0.001322362807353339,1.1779038907454658e-05,4.701041983847158e-07,0.00132066418847115,0.0013334531178399499,0.001364495290077953,0.054458372235240624,0.04901194032891763,3.0302419623108244e-06,0.05268426484013,-2.0320123146260908e-05,4.701041983847158e-07,-7.939348915772005e-06,5.544123545789075e-07,-6.471325205461981e-07,4.888195067724173e-07
garch,normal,0.0,1000,0.05,state,State-L1-clipped,500,0.0013222403637803324,1.1656595334448375e-05,4.5195091998814326e-07,0.00132054456688305,0.0013334260322386,0.0013608791374937492,0.050487167950267704,0.04900057968184322,3.0025051968702275e-06,0.05268426484013,-2.0442566719267707e-05,4.5195091998814283e-07,-8.0617924887788e-06,5.36811933002442e-07,-7.695760935529945e-07,4.696351479213341e-07
garch,normal,0.0,1000,0.05,state,State2-ERM,500,0.0013177613741702171,7.177605724331177e-06,3.5727175954500207e-07,0.0013154114674414998,0.0013274404287157,0.001344047967874191,0.07681818226763636,0.050352452201720396,1.8102189703705702e-06,0.0460645728248759,-2.492155632938291e-05,3.5727175954500217e-07,-1.2540782098894005e-05,4.851603543729179e-07,-5.248565703668199e-06,3.8454825485809684e-07
garch,normal,0.0,1000,0.05,state,State4-ERM,500,0.0013249073184930379,1.4323550047152836e-05,6.758793216711492e-07,0.0013203711257016,0.00133856507005171,0.0013761333502174948,0.07700384181197531,0.050782520696802794,3.6967602160504904e-06,0.0527715692261884,-1.7775612006562306e-05,6.758793216711494e-07,-5.394837776073402e-06,7.827874315964814e-07,1.8973786191524046e-06,7.106815364112578e-07
garch,normal,0.0,1000,0.05,state,Vol-CP,500,0.0013222834327203642,1.1699664274478935e-05,2.642521997031541e-07,0.0013198950728074,0.00133068566987617,0.00134391073149265,0.03170864780728311,0.045608571016606515,2.9658196643423697e-06,0.0375122992353998,-2.039949777923611e-05,2.642521997031541e-07,-8.018723548747204e-06,2.5176566278717135e-07,-7.265071535213978e-07,1.198894281774852e-07
garch,normal,0.0,1000,0.05,state,Vol-ERM,500,0.0013230099398738853,1.2426171428001044e-05,3.087138226041494e-07,0.00132023130086475,0.0013322900094261802,0.0013471959840735271,0.03485882478508951,0.044573759325605075,3.144672852547299e-06,0.0388460897088236,-1.967299062571471e-05,3.087138226041494e-07,-7.292216395225807e-06,2.2330465734366673e-07,0.0,0.0
garch,t5,0.0,125,0.01,constant,POT80-Shift,500,0.0004943198606731757,2.773701932340889e-05,1.924207615634518e-06,0.00047845627981055,0.00053723253694922,0.0006665029184642659,0.10724320874998111,0.01373365807506933,6.0245419805598124e-05,0.1423133908275777,1.958851665247581e-05,1.9242076156345182e-06,-6.14905549478028e-05,8.716239466323443e-06,-8.120758331049797e-06,1.7812414563708842e-06
garch,t5,0.0,125,0.01,constant,POT80-Vol,500,0.0004952319022598804,2.8649060910112172e-05,1.8450875833429324e-06,0.0004791131963293,0.0005377225791581,0.0006623683623168049,0.08493150554924325,0.014058007707573943,5.966416610495805e-05,0.1863140561229054,2.0500558239180407e-05,1.8450875833429315e-06,-6.057851336109821e-05,9.169708922849096e-06,-7.208716744345199e-06,1.5382238941137159e-06
garch,t5,0.0,125,0.01,constant,POT90-Shift,500,0.0005558104156209785,8.92275742712068e-05,9.574983025861389e-06,0.00049398181328575,0.00069927161883387,0.0013270301548017035,0.17128556667139677,0.00795445133247657,0.0007375804565453461,0.4531982193088149,8.10790716002786e-05,9.574983025861389e-06,0.0,0.0,5.3369796616753e-05,9.560061824191906e-06
garch,t5,0.0,125,0.01,constant,POT90-Vol,500,0.0005516955848081127,8.511274345833673e-05,6.874494844183506e-06,0.0004986504147441,0.0006812642089037601,0.0012025013884998097,0.12573811882146718,0.007893550219048143,0.0005480900485915085,0.5398815406918217,7.69642407874126e-05,6.874494844183506e-06,-4.114830812865997e-06,4.688850251491502e-06,4.9254965803887006e-05,6.901671417506712e-06
garch,t5,0.0,125,0.01,constant,Raw,500,0.00047473134402069994,8.148502670904185e-06,2.232635531274852e-19,0.0004747313440207,0.0004747313440207,0.0004747313440207,0.009999999999999998,0.015008897597624894,1.2499999999999987e-05,0.0918788112947357,0.0,0.0,-8.10790716002786e-05,9.574983025861389e-06,-2.77092749835256e-05,2.213004081273502e-06
garch,t5,0.0,125,0.01,constant,Shift-CP,500,0.0005558104156209785,8.92275742712068e-05,9.574983025861389e-06,0.00049398181328575,0.00069927161883387,0.0013270301548017035,0.17128556667139677,0.007954451332476568,0.0007375804565453461,0.4531982193088149,8.10790716002786e-05,9.574983025861389e-06,0.0,0.0,5.3369796616753e-05,9.560061824191906e-06
garch,t5,0.0,125,0.01,constant,Shift-ERM,500,0.0005001441237297898,3.356128238002328e-05,2.294975502881465e-06,0.00048201904777775,0.0005520028308269,0.000667729582345334,0.10672085545718397,0.015566621980084596,7.08453785137772e-05,0.1558983232259872,2.5412779709089804e-05,2.2949755028814656e-06,-5.5666291891188796e-05,9.48887738700688e-06,-2.296495274435798e-06,1.543595501867772e-06
garch,t5,0.0,125,0.01,constant,State-L1,500,0.004270575677346174,0.003803992835996391,0.0008323692133026831,0.0005406910137264499,0.005323289404880661,0.07717424247398653,0.4366552985481706,0.04658319569881269,0.006642603312113372,8.060463385119672,0.0037958443333254745,0.0008323692133026831,0.003714765261725196,0.000832905055868342,0.003768135058341949,0.0008322965464364778
garch,t5,0.0,125,0.01,constant,State-L1-clipped,500,0.000639300104894197,0.00017271726354441342,1.2698583034736385e-05,0.0005320438663134999,0.0009277939317439701,0.001935544644402941,0.10668568938130568,0.0290742477449899,0.00024435057669348924,0.2516352855346149,0.00016456876087349702,1.2698583034736382e-05,8.34896892732184e-05,1.6020660789593845e-05,0.0001368594858899714,1.2674725926465862e-05
garch,t5,0.0,125,0.01,constant,State2-ERM,500,0.0006749076621770614,0.00020832482082727645,1.8568880820556825e-05,0.00055041965969275,0.0009750394998096701,0.002439847481655338,0.15978521264685533,0.028439035692328172,0.00031773681527623974,0.307277732568875,0.00020017631815636138,1.856888082055682e-05,0.00011909724655608278,2.0578490859643847e-05,0.0001724670431728358,1.8574620363911742e-05
garch,t5,0.0,125,0.01,constant,State4-ERM,500,0.009326529219302998,0.008859946377953187,0.0011955884317210283,0.0015095849011435001,0.01882531205736367,0.12638819061025255,0.23854566666122368,0.08520268609623796,0.019998529508480446,10.29497474795114,0.008851797875282298,0.0011955884317210283,0.008770718803682017,0.0011959342719588886,0.00882408860029877,0.001195423434078878
garch,t5,0.0,125,0.01,constant,Vol-CP,500,0.0005516955848081127,8.511274345833672e-05,6.874494844183506e-06,0.0004986504147441,0.0006812642089037601,0.0012025013884998097,0.1257381188214672,0.007893550219048145,0.0005480900485915086,0.5398815406918216,7.69642407874126e-05,6.874494844183506e-06,-4.114830812865997e-06,4.688850251491502e-06,4.9254965803887006e-05,6.901671417506712e-06
garch,t5,0.0,125,0.01,constant,Vol-ERM,500,0.0005024406190042256,3.5857777654458493e-05,2.2130040812735015e-06,0.00048257058503695,0.0005629436685241699,0.000719520065179103,0.0760700503808284,0.015779294497911194,7.379473176606093e-05,0.204007037867889,2.77092749835256e-05,2.213004081273502e-06,-5.3369796616753e-05,9.560061824191906e-06,0.0,0.0
garch,t5,0.0,125,0.01,none,POT80-Shift,500,0.0004943198606731757,2.773701932340889e-05,1.924207615634518e-06,0.00047845627981055,0.00053723253694922,0.0006665029184642659,0.10724320874998111,0.01373365807506933,6.0245419805598124e-05,0.1423133908275777,2.7737019323375804e-05,1.9242076156345187e-06,-6.14905549478028e-05,8.716239466323443e-06,-1.0477983430212198e-05,1.913554748384351e-06
garch,t5,0.0,125,0.01,none,POT80-Vol,500,0.0004976044509456812,3.102160959591463e-05,2.0351492561138477e-06,0.00047943503000165,0.00054612389222723,0.000688649439162707,0.08786581637438197,0.014381069722703227,6.261670318972632e-05,0.1835090515508599,3.1021609595881206e-05,2.0351492561138477e-06,-5.8205964675297396e-05,9.194121251293272e-06,-7.193393157706798e-06,1.6248130357066648e-06
garch,t5,0.0,125,0.01,none,POT90-Shift,500,0.0005558104156209785,8.92275742712068e-05,9.574983025861389e-06,0.00049398181328575,0.00069927161883387,0.0013270301548017035,0.17128556667139677,0.00795445133247657,0.0007375804565453461,0.4531982193088149,8.922757427117862e-05,9.574983025861389e-06,0.0,0.0,5.1012571517590596e-05,9.632147873202724e-06
garch,t5,0.0,125,0.01,none,POT90-Vol,500,0.000551562039460207,8.49791981104337e-05,6.890392395983726e-06,0.0004977629774846,0.0006825552537450402,0.001211867054159319,0.1262086008277122,0.008118418514315296,0.0005379346077135571,0.5390333387546133,8.4979198110407e-05,6.890392395983726e-06,-4.248376160771595e-06,4.602212732726641e-06,4.6764195356819e-05,6.956158520928031e-06
garch,t5,0.0,125,0.01,none,Raw,500,0.0004665828413497999,0.0,1.9656899786224243e-19,0.0004665828413498,0.0004665828413498,0.0004665828413498,0.0,0.0099999999999993,0.0,0.0954143452006685,0.0,0.0,-8.922757427117862e-05,9.574983025861389e-06,-3.8215002753588e-05,2.388924764422657e-06
garch,t5,0.0,125,0.01,none,Shift-CP,500,0.0005558104156209785,8.92275742712068e-05,9.574983025861389e-06,0.00049398181328575,0.00069927161883387,0.0013270301548017035,0.17128556667139677,0.00795445133247657,0.0007375804565453461,0.4531982193088149,8.922757427117862e-05,9.574983025861389e-06,0.0,0.0,5.1012571517590596e-05,9.632147873202724e-06
garch,t5,0.0,125,0.01,none,Shift-ERM,500,0.0005001441237297898,3.3561282380023274e-05,2.294975502881465e-06,0.00048201904777775,0.0005520028308269,0.000667729582345334,0.106720855457184,0.015566621980084598,7.084537851377718e-05,0.1558983232259872,3.35612823799898e-05,2.2949755028814656e-06,-5.5666291891188796e-05,9.48887738700688e-06,-4.653720373598198e-06,1.665365117410622e-06
garch,t5,0.0,125,0.01,none,State-L1,500,0.004270575677346174,0.003803992835996391,0.0008323692133026831,0.0005406910137264499,0.005323289404880661,0.07717424247398653,0.4366552985481706,0.04658319569881269,0.006642603312113372,8.060463385119672,0.0038039928359963745,0.0008323692133026833,0.003714765261725196,0.000832905055868342,0.0037657778332427856,0.00083223159804331
garch,t5,0.0,125,0.01,none,State-L1-clipped,500,0.000639300104894197,0.00017271726354441342,1.2698583034736385e-05,0.0005320438663134999,0.0009277939317439701,0.001935544644402941,0.10668568938130568,0.0290742477449899,0.00024435057669348924,0.2516352855346149,0.000172717263544397,1.2698583034736385e-05,8.34896892732184e-05,1.6020660789593845e-05,0.00013450226079080903,1.2651651617331941e-05
garch,t5,0.0,125,0.01,none,State2-ERM,500,0.0006749076621770614,0.00020832482082727645,1.8568880820556825e-05,0.00055041965969275,0.0009750394998096701,0.002439847481655338,0.15978521264685533,0.028439035692328172,0.00031773681527623974,0.307277732568875,0.0002083248208272614,1.856888082055682e-05,0.00011909724655608278,2.0578490859643847e-05,0.00017010981807367336,1.852968806734721e-05
garch,t5,0.0,125,0.01,none,State4-ERM,500,0.009326529219302998,0.008859946377953187,0.0011955884317210283,0.0015095849011435001,0.01882531205736367,0.12638819061025255,0.23854566666122368,0.08520268609623796,0.019998529508480446,10.29497474795114,0.008859946377953197,0.0011955884317210283,0.008770718803682017,0.0011959342719588886,0.008821731375199609,0.0011953346421119512
garch,t5,0.0,125,0.01,none,Vol-CP,500,0.000551562039460207,8.49791981104337e-05,6.890392395983726e-06,0.0004977629774846,0.0006825552537450402,0.001211867054159319,0.1262086008277122,0.008118418514315294,0.0005379346077135568,0.5390333387546133,8.4979198110407e-05,6.890392395983726e-06,-4.248376160771595e-06,4.602212732726641e-06,4.6764195356819e-05,6.956158520928031e-06
garch,t5,0.0,125,0.01,none,Vol-ERM,500,0.0005047978441033881,3.8215002753620885e-05,2.388924764422657e-06,0.00048304832934264997,0.00057650673754743,0.0007376520220152129,0.07824768929860339,0.01601050663135075,7.688356805154553e-05,0.1999607251832905,3.8215002753588e-05,2.388924764422657e-06,-5.1012571517590596e-05,9.632147873202724e-06,0.0,0.0
garch,t5,0.0,125,0.01,state,POT80-Shift,500,0.0005036250614679226,3.704222011815593e-05,2.330000402322265e-06,0.0004838233262044,0.00055085043563851,0.0007336544023359059,0.09568543721622513,0.014572408847298218,8.542347963249949e-05,0.1398004753907525,3.0488630206222606e-05,2.3300004023222652e-06,-5.88969065098018e-05,8.808526933559995e-06,-1.1489987361813001e-05,2.344718809430675e-06
garch,t5,0.0,125,0.01,state,POT80-Vol,500,0.0005068873917510017,4.030455040123145e-05,2.5685398055541488e-06,0.00048388593572270004,0.00057393022207484,0.0007268842477898618,0.0949626976170328,0.015375536037744114,7.253214040813435e-05,0.1620301327668742,3.37509604893018e-05,2.56853980555415e-06,-5.56345762267226e-05,9.632532676238475e-06,-8.2276570787338e-06,1.8598685897777294e-06
garch,t5,0.0,125,0.01,state,POT90-Shift,500,0.0005625219679777245,9.593912662795037e-05,9.861151242971419e-06,0.0004970134900372999,0.0007155108388220602,0.001363625328182676,0.1635247585060111,0.008554831323233059,0.0007884355898176775,0.4509174078036837,8.93855367160244e-05,9.861151242971419e-06,0.0,0.0,4.74069191479888e-05,1.0064588248187173e-05
garch,t5,0.0,125,0.01,state,POT90-Vol,500,0.0005546312671835983,8.80484258338232e-05,6.896127309972593e-06,0.000500472981265,0.0006935699422462302,0.0012311412515778669,0.12218788474074702,0.008723591179512848,0.0005300245961930989,0.5394736581348187,8.149483592189822e-05,6.896127309972593e-06,-7.890700794126203e-06,4.889630884482213e-06,3.95162183538626e-05,7.094290362725516e-06
garch,t5,0.0,125,0.01,state,Raw,500,0.0004731364312616999,6.5535899119440815e-06,1.844351091053139e-19,0.0004731364312617,0.0004731364312617,0.0004731364312617,0.009999999999999998,0.012992036710233905,1.420176215975798e-05,0.0817911279716676,0.0,0.0,-8.93855367160244e-05,9.861151242971419e-06,-4.197861756803561e-05,2.924195084672226e-06
garch,t5,0.0,125,0.01,state,Shift-CP,500,0.0005625219679777245,9.593912662795037e-05,9.861151242971419e-06,0.0004970134900372999,0.0007155108388220602,0.001363625328182676,0.1635247585060111,0.008554831323233059,0.0007884355898176775,0.4509174078036837,8.93855367160244e-05,9.861151242971419e-06,0.0,0.0,4.74069191479888e-05,1.0064588248187173e-05
garch,t5,0.0,125,0.01,state,Shift-ERM,500,0.0005096105069575976,4.302766560782982e-05,2.6525180638272463e-06,0.00048729362622125,0.0005799070951416401,0.00072316141038356,0.09183620191976993,0.016315629677633683,9.531963176277355e-05,0.1530101575260456,3.647407569589761e-05,2.652518063827246e-06,-5.2911461020126794e-05,9.57850676606809e-06,-5.504541872137998e-06,1.99117800077041e-06
garch,t5,0.0,125,0.01,state,State-L1,500,0.003960615131990639,0.003494032290640854,0.0007974086416901981,0.00054363835722385,0.004652452390842261,0.07717424247398663,0.4575054936353006,0.045617021593171624,0.006253418405443467,8.060463385119672,0.003487478700728938,0.0007974086416901981,0.0033980931640129135,0.0007978860358050092,0.003445500083160902,0.0007970845783500727
garch,t5,0.0,125,0.01,state,State-L1-clipped,500,0.000647961148988528,0.00018137830763874523,1.3146673817176672e-05,0.00054130162698365,0.0009497302629649202,0.0019186018347152022,0.10447761070210575,0.02949069758432384,0.00026025131005635995,0.2516359919124848,0.000174824717726828,1.314667381717667e-05,8.54391810108036e-05,1.6430754118483558e-05,0.0001328461001587924,1.2981262288358548e-05
garch,t5,0.0,125,0.01,state,State2-ERM,500,0.0006749076621770614,0.00020832482082727645,1.8568880820556825e-05,0.00055041965969275,0.0009750394998096701,0.002439847481655338,0.15978521264685533,0.028439035692328172,0.00031773681527623974,0.307277732568875,0.0002017712309153614,1.856888082055682e-05,0.000112385694199337,2.073122724895925e-05,0.0001597926133473258,1.8382567529814045e-05
garch,t5,0.0,125,0.01,state,State4-ERM,500,0.009326529219302998,0.008859946377953187,0.0011955884317210283,0.0015095849011435001,0.01882531205736367,0.12638819061025255,0.23854566666122368,0.08520268609623796,0.019998529508480446,10.29497474795114,0.008853392788041295,0.0011955884317210283,0.00876400725132527,0.001195892611250375,0.00881141417047326,0.0011950121815665288
garch,t5,0.0,125,0.01,state,Vol-CP,500,0.0005546312671835983,8.80484258338232e-05,6.896127309972593e-06,0.000500472981265,0.0006935699422462302,0.0012311412515778669,0.12218788474074702,0.008723591179512848,0.0005300245961930989,0.5394736581348187,8.149483592189822e-05,6.896127309972593e-06,-7.890700794126203e-06,4.889630884482213e-06,3.95162183538626e-05,7.094290362725516e-06
garch,t5,0.0,125,0.01,state,Vol-ERM,500,0.0005151150488297356,4.8532207479964465e-05,2.924195084672225e-06,0.00048707615932019996,0.0006015053559690201,0.0007565714736200099,0.07495590048346311,0.016913188641863572,9.086184080552936e-05,0.198199688536545,4.197861756803561e-05,2.924195084672226e-06,-4.74069191479888e-05,1.0064588248187173e-05,0.0,0.0
garch,t5,0.0,125,0.05,constant,POT80-Shift,500,0.0015413008241527682,2.6976236659462322e-05,2.04583626862788e-06,0.0015252943068831,0.00158167321109592,0.001701391119191636,0.11984898809720185,0.050369278200746936,9.803421185093093e-06,0.0752841515964833,-2.114558199653186e-05,2.04583626862788e-06,-1.4005231962257805e-05,2.2195055640443137e-06,-4.784651580131002e-06,1.9274340284972894e-06
garch,t5,0.0,125,0.05,constant,POT80-Vol,500,0.0015396133089930861,2.5288721499777165e-05,1.3425511876275275e-06,0.0015269529568594999,0.00158063289851053,0.001654170020226501,0.06081729925721837,0.05089921714123051,1.0095777124565564e-05,0.0848184481314358,-2.283309715621386e-05,1.3425511876275275e-06,-1.5692747121939807e-05,2.945082359818158e-06,-6.472166739813002e-06,1.3479977657426125e-06
garch,t5,0.0,125,0.05,constant,POT90-Shift,500,0.0015553060561150258,4.098146862171436e-05,3.481917701550574e-06,0.0015289911790947498,0.00161338292590893,0.001864702876724065,0.1424992844435526,0.04687595267607938,1.7114944600612494e-05,0.0837092541187842,-7.140350034274256e-06,3.4819177015505755e-06,-1.9949319973733282e-19,1.9949319973733463e-19,9.220580382126601e-06,2.988024389112058e-06
garch,t5,0.0,125,0.05,constant,POT90-Vol,500,0.001553312616955741,3.898802946243185e-05,2.359450384458322e-06,0.0015332355457153,0.00161672308061445,0.0017809585323745958,0.08429424064411305,0.04693601972326182,1.7763337054436776e-05,0.1025946966115285,-9.133789193558864e-06,2.3594503844583207e-06,-1.993439159284806e-06,2.1971429777927835e-06,7.227141222841995e-06,1.8012415763232772e-06
garch,t5,0.0,125,0.05,constant,Raw,500,0.0015624464061493003,4.812181865602364e-05,1.9414222011085674e-19,0.0015624464061493,0.0015624464061493,0.0015624464061493,0.01,0.07967301572799657,1.249999999999998e-05,0.0536022137297323,0.0,0.0,7.140350034274056e-06,3.481917701550675e-06,1.6360930416400858e-05,1.8024032027977622e-06
garch,t5,0.0,125,0.05,constant,Shift-CP,500,0.0015553060561150258,4.098146862171436e-05,3.4819177015506754e-06,0.0015289911790947498,0.00161338292590893,0.001864702876724065,0.1424992844435526,0.04687595267607938,1.7114944600612494e-05,0.0837092541187842,-7.140350034274056e-06,3.481917701550675e-06,0.0,0.0,9.220580382126801e-06,2.9880243891121733e-06
garch,t5,0.0,125,0.05,constant,Shift-ERM,500,0.0015472967375898762,3.297215009656695e-05,2.6227715454158395e-06,0.0015283629925620002,0.0015967566691041202,0.0017248087754870118,0.12676216939700818,0.054051439915297074,1.1773605113381488e-05,0.0823646820099854,-1.514966855942366e-05,2.622771545415837e-06,-8.009318525149603e-06,1.8988200922133375e-06,1.2112618569771974e-06,2.1096714421423827e-06
garch,t5,0.0,125,0.05,constant,State-L1,500,0.0026626935582082065,0.00114836897071488,0.00022964393489580365,0.00157863363889985,0.0033466990923753217,0.02424231280633021,0.3685714501988208,0.07346363003458618,0.0008350821619611104,3.5885852285757855,0.0011002471520589064,0.00022964393489580367,0.0011073875020931802,0.0002298001440823525,0.0011166080824753072,0.00022971380316851402
garch,t5,0.0,125,0.05,constant,State-L1-clipped,500,0.0016387671625724448,0.00012444257507912294,1.013466941948327e-05,0.0015673338665989,0.0018082179077841302,0.002604856206633867,0.1382267656899955,0.0631917523824301,4.162949880712514e-05,0.1233265696788661,7.632075642314473e-05,1.0134669419483272e-05,8.34611064574188e-05,9.84472424020065e-06,9.26816868395456e-05,1.0105552933460131e-05
garch,t5,0.0,125,0.05,constant,State2-ERM,500,0.0016624393543603479,0.00014811476686701924,1.1652822621693289e-05,0.0015847059770140001,0.00184188354305771,0.0027577376770072264,0.13770588753451596,0.06327815253255446,5.178081230747058e-05,0.1009726696465637,9.999294821104775e-05,1.1652822621693298e-05,0.0001071332982453218,1.1426823734314444e-05,0.00011635387862744859,1.1651297968365538e-05
garch,t5,0.0,125,0.05,constant,State4-ERM,500,0.0077814827001995695,0.006267158112706217,0.0010021098134675587,0.0023647495024925,0.013514521864574205,0.09898285140932987,0.30402817752574085,0.1086024617344595,0.010060082098034311,10.932955533936925,0.006219036294050269,0.0010021098134675587,0.0062261766440845434,0.001002244133921368,0.00623539722446667,0.0010020393616623237
garch,t5,0.0,125,0.05,constant,Vol-CP,500,0.001553312616955741,3.898802946243185e-05,2.3594503844583245e-06,0.0015332355457153,0.00161672308061445,0.0017809585323745958,0.08429424064411305,0.04693601972326182,1.7763337054436776e-05,0.1025946966115284,-9.133789193558662e-06,2.3594503844583245e-06,-1.993439159284606e-06,2.197142977792784e-06,7.227141222842195e-06,1.801241576323274e-06
garch,t5,0.0,125,0.05,constant,Vol-ERM,500,0.0015460854757328992,3.1760888239589364e-05,1.802403202797762e-06,0.00153036280936565,0.00159739333686713,0.001691730682179529,0.06823465435990023,0.0552019239618882,1.1790134960177344e-05,0.097541288589761,-1.6360930416400858e-05,1.8024032027977622e-06,-9.220580382126801e-06,2.9880243891121733e-06,0.0,0.0
garch,t5,0.0,125,0.05,none,POT80-Shift,500,0.0015413008241527682,2.6976236659462322e-05,2.04583626862788e-06,0.0015252943068831,0.00158167321109592,0.001701391119191636,0.11984898809720185,0.050369278200746936,9.803421185093093e-06,0.0752841515964833,2.6976236659468265e-05,2.04583626862788e-06,-1.4005231962257603e-05,2.2195055640442473e-06,-7.068303926932003e-06,1.977953520782626e-06
garch,t5,0.0,125,0.05,none,POT80-Vol,500,0.0015407296116055026,2.6405024112194177e-05,1.5945021973480486e-06,0.0015265271830164,0.00158584412953107,0.001667823824790425,0.07311868763497845,0.05153644859779452,9.761408985278243e-06,0.0811296911903011,2.640502411220246e-05,1.5945021973480477e-06,-1.4576444509523403e-05,2.872717325913843e-06,-7.639516474197805e-06,1.5431178347695074e-06
garch,t5,0.0,125,0.05,none,POT90-Shift,500,0.0015553060561150258,4.098146862171436e-05,3.481917701550574e-06,0.0015289911790947498,0.00161338292590893,0.001864702876724065,0.1424992844435526,0.04687595267607938,1.7114944600612494e-05,0.0837092541187842,4.098146862172586e-05,3.4819177015505755e-06,0.0,0.0,6.9369280353256e-06,2.9957321552687054e-06
garch,t5,0.0,125,0.05,none,POT90-Vol,500,0.0015530239982472493,3.869941075393957e-05,2.5315944641305725e-06,0.0015308902038868501,0.0016119443882379,0.0017871093104516328,0.09524886403847273,0.04733050495141616,1.6516444566435743e-05,0.1012672092982845,3.869941075394946e-05,2.5315944641305734e-06,-2.2820578677764098e-06,1.8773688189012481e-06,4.654870167549191e-06,1.9396529492211643e-06
garch,t5,0.0,125,0.05,none,Raw,500,0.0015143245874933002,0.0,3.882844402217135e-19,0.0015143245874933,0.0015143245874933,0.0015143245874933,0.0,0.05,0.0,0.057137747635665,0.0,0.0,-4.098146862172586e-05,3.4819177015505755e-06,-3.404454058640026e-05,2.09415140510524e-06
garch,t5,0.0,125,0.05,none,Shift-CP,500,0.0015553060561150258,4.098146862171436e-05,3.481917701550574e-06,0.0015289911790947498,0.00161338292590893,0.001864702876724065,0.1424992844435526,0.04687595267607938,1.7114944600612494e-05,0.0837092541187842,4.098146862172586e-05,3.4819177015505755e-06,0.0,0.0,6.9369280353256e-06,2.9957321552687054e-06
garch,t5,0.0,125,0.05,none,Shift-ERM,500,0.0015472967375898762,3.297215009656695e-05,2.6227715454158395e-06,0.0015283629925620002,0.0015967566691041202,0.0017248087754870118,0.12676216939700818,0.05405143991529708,1.1773605113381488e-05,0.0823646820099854,3.297215009657646e-05,2.6227715454158366e-06,-8.009318525149405e-06,1.8988200922133259e-06,-1.0723904898238033e-06,2.08605009165114e-06
garch,t5,0.0,125,0.05,none,State-L1,500,0.0026626935582082065,0.00114836897071488,0.00022964393489580365,0.00157863363889985,0.0033466990923753217,0.02424231280633021,0.3685714501988208,0.07346363003458618,0.0008350821619611104,3.5885852285757855,0.0011483689707149065,0.00022964393489580365,0.0011073875020931804,0.00022980014408235247,0.0011143244301285063,0.00022967771608251112
garch,t5,0.0,125,0.05,none,State-L1-clipped,500,0.0016387671625724448,0.00012444257507912294,1.013466941948327e-05,0.0015673338665989,0.0018082179077841302,0.002604856206633867,0.1382267656899955,0.0631917523824301,4.162949880712514e-05,0.1233265696788661,0.00012444257507914487,1.013466941948327e-05,8.3461106457419e-05,9.84472424020065e-06,9.03980344927446e-05,1.0070196068041025e-05
garch,t5,0.0,125,0.05,none,State2-ERM,500,0.0016624393543603479,0.00014811476686701924,1.1652822621693289e-05,0.0015847059770140001,0.00184188354305771,0.0027577376770072264,0.13770588753451596,0.06327815253255446,5.178081230747058e-05,0.1009726696465637,0.00014811476686704786,1.1652822621693298e-05,0.000107133298245322,1.142682373431444e-05,0.00011407022628064762,1.1556921769688045e-05
garch,t5,0.0,125,0.05,none,State4-ERM,500,0.0077814827001995695,0.006267158112706217,0.0010021098134675587,0.0023647495024925,0.013514521864574205,0.09898285140932987,0.30402817752574085,0.1086024617344595,0.010060082098034311,10.932955533936925,0.006267158112706271,0.0010021098134675587,0.0062261766440845434,0.001002244133921368,0.00623311357211987,0.0010018980088912746
garch,t5,0.0,125,0.05,none,Vol-CP,500,0.0015530239982472493,3.869941075393956e-05,2.5315944641305725e-06,0.0015308902038868501,0.0016119443882379,0.0017871093104516328,0.09524886403847276,0.04733050495141616,1.6516444566435743e-05,0.1012672092982845,3.869941075394946e-05,2.5315944641305734e-06,-2.2820578677764098e-06,1.8773688189012481e-06,4.654870167549191e-06,1.9396529492211643e-06
garch,t5,0.0,125,0.05,none,Vol-ERM,500,0.0015483691280797002,3.404454058638912e-05,2.0941514051052413e-06,0.0015307745963406,0.0016095180200329,0.001710788701611258,0.07452802534544387,0.055167243023949944,1.2266829655412445e-05,0.0982529507165898,3.404454058640026e-05,2.09415140510524e-06,-6.9369280353256e-06,2.9957321552687054e-06,0.0,0.0
garch,t5,0.0,125,0.05,state,POT80-Shift,500,0.0015771887930828407,6.286420558952782e-05,3.4238361777314887e-06,0.0015511691503485,0.0016500089999422099,0.0018309151932900368,0.09401905924374848,0.053137262471830156,2.463343245828908e-05,0.0702552982110647,2.4151850561540816e-05,3.4238361777314896e-06,-1.1068587590554803e-05,2.751783895517163e-06,5.754783046384599e-06,2.9552713777506534e-06
garch,t5,0.0,125,0.05,state,POT80-Vol,500,0.0015647433912358167,5.0418803742506284e-05,2.6251205927630575e-06,0.0015420162519266,0.0016317986775857402,0.0018074930184216777,0.0698693398189754,0.053934164964225206,1.7371945956834925e-05,0.0794071135703031,1.1706448714516614e-05,2.6251205927630575e-06,-2.3513989437579008e-05,4.475676786238032e-06,-6.6906188006396034e-06,1.7598065082788322e-06
garch,t5,0.0,125,0.05,state,POT90-Shift,500,0.0015882573806733954,7.393279318008223e-05,5.0488575431056656e-06,0.0015541312000432001,0.00165861962257945,0.0019939348843406074,0.12129439028827486,0.049119847454807575,3.276661162508575e-05,0.0859669158872422,3.522043815209562e-05,5.048857543105671e-06,0.0,0.0,1.68233706369394e-05,4.519868419986359e-06
garch,t5,0.0,125,0.05,state,POT90-Vol,500,0.0015712803809235104,5.695579343019644e-05,2.969470143554501e-06,0.00154646411067455,0.00164555052962975,0.0018609539722318877,0.07116624148121221,0.049566613940389234,2.188050398950923e-05,0.1004625017586938,1.824343840221042e-05,2.9694701435545007e-06,-1.69769997498852e-05,3.433720741822128e-06,-1.536291129458009e-07,2.1019664392669423e-06
garch,t5,0.0,125,0.05,state,Raw,500,0.0015530369425213002,3.8712355027993256e-05,3.3004177418845642e-19,0.0015530369425213,0.0015530369425213,0.0015530369425213,0.01,0.06771520121961729,1.4201762159757984e-05,0.0435145304066641,0.0,0.0,-3.522043815209562e-05,5.048857543105671e-06,-1.839706751515622e-05,2.8380201948479126e-06
garch,t5,0.0,125,0.05,state,Shift-CP,500,0.0015882573806733954,7.393279318008223e-05,5.0488575431056656e-06,0.0015541312000432001,0.00165861962257945,0.0019939348843406074,0.12129439028827486,0.049119847454807575,3.276661162508575e-05,0.0859669158872422,3.522043815209562e-05,5.048857543105671e-06,0.0,0.0,1.68233706369394e-05,4.519868419986359e-06
garch,t5,0.0,125,0.05,state,Shift-ERM,500,0.0015831201472808333,6.879555978751819e-05,4.078168356756925e-06,0.0015553957640903,0.0016680394736791001,0.001821256814558708,0.10108912843024756,0.056752548627909835,2.7052262730754068e-05,0.0818446324313867,3.0083204759533415e-05,4.078168356756925e-06,-5.137233392562204e-06,2.2536235694165066e-06,1.1686137244377199e-05,3.227447955981638e-06
garch,t5,0.0,125,0.05,state,State-L1,500,0.0026428492389468225,0.0011285246514534922,0.00022701187485464906,0.0015908182005414501,0.003289558255560491,0.022352747700268905,0.3733192819484131,0.074215356427013,0.0008317663332872599,3.588585228575791,0.001089812296425522,0.0002270118748546491,0.0010545918582734266,0.00022711371962137378,0.001071415228910366,0.00022683293784485023
garch,t5,0.0,125,0.05,state,State-L1-clipped,500,0.0016666395834693142,0.00015231499597598722,1.0826854487204175e-05,0.0015859118806280498,0.0018566650402363901,0.002525141597284193,0.11725496007427408,0.06536841794668977,5.151471725967443e-05,0.1203451074826234,0.00011360264094801401,1.0826854487204173e-05,7.83822027959184e-05,1.0713245086323898e-05,9.520557343285779e-05,1.0428517773050852e-05
garch,t5,0.0,125,0.05,state,State2-ERM,500,0.0016624393543603479,0.00014811476686701924,1.1652822621693289e-05,0.0015847059770140001,0.00184188354305771,0.0027577376770072264,0.13770588753451596,0.06327815253255446,5.178081230747058e-05,0.1009726696465637,0.00010940241183904782,1.1652822621693298e-05,7.41819736869522e-05,1.1633220622983165e-05,9.100534432389161e-05,1.12544279629991e-05
garch,t5,0.0,125,0.05,state,State4-ERM,500,0.0077814827001995695,0.006267158112706217,0.0010021098134675587,0.0023647495024925,0.013514521864574205,0.09898285140932987,0.30402817752574085,0.1086024617344595,0.010060082098034311,10.932955533936925,0.006228445757678269,0.0010021098134675587,0.006193225319526175,0.0010020675905869551,0.006210048690163113,0.0010013849462940038
garch,t5,0.0,125,0.05,state,Vol-CP,500,0.0015712803809235104,5.695579343019644e-05,2.9694701435545054e-06,0.00154646411067455,0.00164555052962975,0.0018609539722318877,0.07116624148121221,0.049566613940389234,2.188050398950923e-05,0.1004625017586938,1.8243438402210216e-05,2.9694701435545054e-06,-1.6976999749885404e-05,3.4337207418221272e-06,-1.5362911294600082e-07,2.1019664392669474e-06
garch,t5,0.0,125,0.05,state,Vol-ERM,500,0.001571434010036456,5.710942254313991e-05,2.8380201948479117e-06,0.0015464068454396,0.00165319587272683,0.001799868142107583,0.05891565546388049,0.0562980278417045,1.9847039367333183e-05,0.0905027927299581,1.839706751515622e-05,2.8380201948479126e-06,-1.68233706369394e-05,4.519868419986359e-06,0.0,0.0
garch,t5,0.0,250,0.01,constant,POT80-Shift,500,0.00048011670969205225,1.3533868342287847e-05,9.116565069311347e-07,0.0004724299767845,0.0005042434751482,0.000579411782518601,0.09720469988194157,0.011179909743018667,2.9025801921676095e-05,0.1216543013255574,5.3853656713522054e-06,9.11656506931135e-07,-2.41934222177836e-05,2.9824002002108116e-06,-5.1502722930802e-06,1.0076731667355932e-06
garch,t5,0.0,250,0.01,constant,POT80-Vol,500,0.0004802757539419515,1.3692912592188057e-05,8.950846109402652e-07,0.0004729787612127,0.00050227555633383,0.0005628361689604949,0.09201886195681865,0.011374028906111807,3.176302808960246e-05,0.1715686488450465,5.544409921251605e-06,8.95084610940265e-07,-2.40343779678842e-05,3.103113618305752e-06,-4.991228043180802e-06,9.959888626652683e-07
garch,t5,0.0,250,0.01,constant,POT90-Shift,500,0.0004798259332357729,1.3243091886009144e-05,8.817548961429141e-07,0.00047247793158805,0.00050196641204762,0.00057941533432385,0.09347733020341178,0.011334799709438117,2.7917858151819964e-05,0.1184155344762551,5.094589215073005e-06,8.81754896142914e-07,-2.4484198674062802e-05,3.0221434884559888e-06,-5.441048749359399e-06,9.847082436074228e-07
garch,t5,0.0,250,0.01,constant,POT90-Vol,500,0.0004799497897422584,1.3366948392492866e-05,8.337633491107595e-07,0.0004726198413397,0.00050205513274563,0.0005494382448935288,0.08219488200347279,0.011464203619923943,3.026466445586976e-05,0.1613787992296855,5.218445721558404e-06,8.337633491107598e-07,-2.4360342167577404e-05,3.15346327653759e-06,-5.317192242874002e-06,9.615853225125874e-07
garch,t5,0.0,250,0.01,constant,Raw,500,0.00047473134402069994,8.148502670904185e-06,2.232635531274852e-19,0.0004747313440207,0.0004747313440207,0.0004747313440207,0.009999999999999998,0.015008897597624894,1.2499999999999987e-05,0.0918788112947357,0.0,0.0,-2.95787878891358e-05,3.491303731303799e-06,-1.0535637964432406e-05,1.1832469129820677e-06
garch,t5,0.0,250,0.01,constant,Shift-CP,500,0.0005043101319098357,3.772729056007062e-05,3.4913037313038002e-06,0.0004790374808351,0.00056568169115484,0.0007714202610033172,0.16254214023089184,0.007774933064238441,0.00016028612049855297,0.1931569611193235,2.95787878891358e-05,3.491303731303799e-06,0.0,0.0,1.90431499247034e-05,3.2545663575389658e-06
garch,t5,0.0,250,0.01,constant,Shift-ERM,500,0.00048458357249289263,1.8000731143129903e-05,1.1895423377203373e-06,0.000474813523314,0.00051156600738535,0.000588947698429953,0.0928310474660002,0.01141869888892096,4.0737000105743945e-05,0.1253476331601726,9.852228472192606e-06,1.189542337720337e-06,-1.97265594169432e-05,3.049376537506768e-06,-6.834094922397992e-07,7.345003448611179e-07
garch,t5,0.0,250,0.01,constant,State-L1,500,0.0010495608466501096,0.0005829780053003353,0.00016309022626125115,0.0004951968090171,0.0011687356002528402,0.009685117581453743,0.4833453806432761,0.02067995975108145,0.000638203176478011,3.517888615065418,0.0005748295026294096,0.00016309022626125115,0.0005452507147402739,0.0001632809329715695,0.0005642938646649772,0.0001631035552906718
garch,t5,0.0,250,0.01,constant,State-L1-clipped,500,0.0005345017686877156,6.791892733794338e-05,5.150066571820085e-06,0.00049294857955185,0.00064450642710491,0.0010134396325213288,0.11466707912561427,0.016321367087710918,0.00010681921295585165,0.178466608092396,5.9770424667015595e-05,5.150066571820082e-06,3.0191636777879798e-05,6.038638985335999e-06,4.92347867025832e-05,5.058665769644707e-06
garch,t5,0.0,250,0.01,constant,State2-ERM,500,0.0005319376729427148,6.535483159294092e-05,4.112711399387348e-06,0.0005003966995082,0.0006174837636574802,0.0009728780570585287,0.08929421244109416,0.01570396101694755,0.0001376387799507927,0.2485057187624667,5.7206328922014816e-05,4.11271139938735e-06,2.7627541032878998e-05,4.838024576524592e-06,4.66706909575824e-05,4.024978588163096e-06
garch,t5,0.0,250,0.01,constant,State4-ERM,500,0.002714680704473137,0.0022480978631233377,0.0002514476594544327,0.0007947717559604499,0.007307241810047302,0.02512327193278972,0.18479041569781812,0.040690079669850256,0.0021928872725087145,3.640188745076776,0.002239949360452438,0.0002514476594544327,0.002210370572563302,0.00025184055545308655,0.002229413722488005,0.0002514242088818987
garch,t5,0.0,250,0.01,constant,Vol-CP,500,0.0005031919355421394,3.660909419236963e-05,2.590180849168841e-06,0.0004827542409232,0.00056421068978328,0.0007060510891552099,0.10394038947458864,0.007673247191195699,0.00014633386917892202,0.292052981746822,2.8460591521439407e-05,2.590180849168841e-06,-1.1181963676964006e-06,1.7060294976512817e-06,1.7924953557007e-05,2.4981474440808557e-06
garch,t5,0.0,250,0.01,constant,Vol-ERM,500,0.0004852669819851324,1.8684140635369126e-05,1.1832469129820668e-06,0.00047649280046769995,0.00051544254206052,0.0005840240617178779,0.08802371703083192,0.011892442887496822,4.456230201117492e-05,0.1876284964587795,1.0535637964432406e-05,1.1832469129820677e-06,-1.90431499247034e-05,3.2545663575389658e-06,0.0,0.0
garch,t5,0.0,250,0.01,none,POT80-Shift,500,0.00048011670969205225,1.3533868342287847e-05,9.116565069311347e-07,0.0004724299767845,0.0005042434751482,0.000579411782518601,0.09720469988194157,0.011179909743018667,2.9025801921676095e-05,0.1216543013255574,1.3533868342252206e-05,9.11656506931135e-07,-2.41934222177836e-05,2.9824002002108116e-06,-6.041322846277199e-06,1.0724204079326636e-06
garch,t5,0.0,250,0.01,none,POT80-Vol,500,0.00048097697880988735,1.4394137460123396e-05,9.639133030976844e-07,0.00047292555262560003,0.00050689173785089,0.0005666074068360018,0.09326818981808523,0.01154760120866053,3.183726457056299e-05,0.1643117885424806,1.4394137460087404e-05,9.639133030976844e-07,-2.33331530999484e-05,3.126841464081351e-06,-5.181053728441999e-06,1.0440514225227848e-06
garch,t5,0.0,250,0.01,none,POT90-Shift,500,0.0004798259332357729,1.3243091886009144e-05,8.817548961429141e-07,0.00047247793158805,0.00050196641204762,0.00057941533432385,0.09347733020341178,0.011334799709438117,2.7917858151819964e-05,0.1184155344762551,1.3243091885973006e-05,8.81754896142914e-07,-2.4484198674062802e-05,3.0221434884559888e-06,-6.332099302556401e-06,1.0535544162277235e-06
garch,t5,0.0,250,0.01,none,POT90-Vol,500,0.00048072064982267057,1.413780847290956e-05,9.235770061285186e-07,0.0004724917148211,0.00050494427450522,0.0005552859472831398,0.0877113844245903,0.011642932262933144,3.068631092414875e-05,0.1594849522346516,1.4137808472870606e-05,9.235770061285184e-07,-2.3589482087165202e-05,3.1609896256864777e-06,-5.437382715658798e-06,1.0148719006713655e-06
garch,t5,0.0,250,0.01,none,Raw,500,0.0004665828413497999,0.0,1.9656899786224243e-19,0.0004665828413498,0.0004665828413498,0.0004665828413498,0.0,0.0099999999999993,0.0,0.0954143452006685,0.0,0.0,-3.772729056003581e-05,3.491303731303799e-06,-1.9575191188529406e-05,1.2909698799047958e-06
garch,t5,0.0,250,0.01,none,Shift-CP,500,0.0005043101319098357,3.772729056007062e-05,3.4913037313038002e-06,0.0004790374808351,0.00056568169115484,0.0007714202610033172,0.16254214023089184,0.007774933064238441,0.00016028612049855297,0.1931569611193235,3.772729056003581e-05,3.491303731303799e-06,0.0,0.0,1.81520993715064e-05,3.2766179975990675e-06
garch,t5,0.0,250,0.01,none,Shift-ERM,500,0.00048458357249289263,1.8000731143129903e-05,1.1895423377203373e-06,0.000474813523314,0.00051156600738535,0.000588947698429953,0.0928310474660002,0.01141869888892096,4.073700010574394e-05,0.1253476331601726,1.8000731143092606e-05,1.189542337720337e-06,-1.97265594169432e-05,3.049376537506768e-06,-1.574460045436799e-06,8.034456248791826e-07
garch,t5,0.0,250,0.01,none,State-L1,500,0.0010495608466501096,0.0005829780053003353,0.00016309022626125115,0.0004951968090171,0.0011687356002528402,0.009685117581453743,0.4833453806432761,0.02067995975108145,0.000638203176478011,3.517888615065418,0.0005829780053003095,0.00016309022626125115,0.0005452507147402739,0.0001632809329715695,0.0005634028141117801,0.00016308110157447567
garch,t5,0.0,250,0.01,none,State-L1-clipped,500,0.0005345017686877156,6.791892733794338e-05,5.150066571820085e-06,0.00049294857955185,0.00064450642710491,0.0010134396325213288,0.11466707912561427,0.016321367087710918,0.00010681921295585165,0.178466608092396,6.79189273379156e-05,5.150066571820082e-06,3.0191636777879798e-05,6.038638985335999e-06,4.8343736149386194e-05,5.048350070979153e-06
garch,t5,0.0,250,0.01,none,State2-ERM,500,0.0005319376729427148,6.535483159294092e-05,4.112711399387348e-06,0.0005003966995082,0.0006174837636574802,0.0009728780570585287,0.08929421244109416,0.01570396101694755,0.0001376387799507927,0.2485057187624667,6.535483159291481e-05,4.11271139938735e-06,2.7627541032878998e-05,4.838024576524592e-06,4.57796404043854e-05,3.999817041259943e-06
garch,t5,0.0,250,0.01,none,State4-ERM,500,0.002714680704473137,0.0022480978631233377,0.0002514476594544327,0.0007947717559604499,0.007307241810047302,0.02512327193278972,0.18479041569781812,0.040690079669850256,0.0021928872725087145,3.640188745076776,0.0022480978631233377,0.0002514476594544327,0.002210370572563302,0.00025184055545308655,0.0022285226719348083,0.00025138038776928483
garch,t5,0.0,250,0.01,none,Vol-CP,500,0.000502276773645985,3.569393229621681e-05,2.5949397116023993e-06,0.00048212930014255,0.00056265533833516,0.0006977297081777488,0.10776715675239582,0.007775562592084693,0.00013870764418971574,0.2885656599494886,3.569393229618501e-05,2.594939711602399e-06,-2.0333582638508003e-06,1.5980150277612416e-06,1.6118741107655598e-05,2.5206559752008086e-06
garch,t5,0.0,250,0.01,none,Vol-ERM,500,0.0004861580325383294,1.9575191188564913e-05,1.2909698799047956e-06,0.00047592370241505,0.00051559751114552,0.000606276971197817,0.0952641817867278,0.01189149050206301,4.5354138054497175e-05,0.1855952831695285,1.9575191188529406e-05,1.2909698799047958e-06,-1.81520993715064e-05,3.2766179975990675e-06,0.0,0.0
garch,t5,0.0,250,0.01,state,POT80-Shift,500,0.0004861579399871826,1.9575098637418032e-05,1.1273710934884435e-06,0.00047633978711245,0.00051591955617925,0.000608698968262692,0.08452706316696479,0.011748758038658163,4.392388526206613e-05,0.1116353414233533,1.3021508725482605e-05,1.1273710934884435e-06,-2.30154417305932e-05,3.0476455303514234e-06,-4.595369289300799e-06,1.2114474381345896e-06
garch,t5,0.0,250,0.01,state,POT80-Vol,500,0.0004857564140007722,1.9173572651005463e-05,1.1849509722367865e-06,0.0004753265134903,0.0005168985640028501,0.000597080968928287,0.08452063507822147,0.011989430234466095,3.911162952595276e-05,0.1582907683926093,1.2619982739072205e-05,1.1849509722367863e-06,-2.34169677170036e-05,3.3386564777830607e-06,-4.996895275711201e-06,1.1166538544996503e-06
garch,t5,0.0,250,0.01,state,POT90-Shift,500,0.000486369192450123,1.978635110036154e-05,1.145312692199033e-06,0.000476413417525,0.00051622841083036,0.0006118250600425239,0.08516050755496861,0.011842619640325654,4.4586082498274626e-05,0.1119766082813304,1.3232761188423006e-05,1.145312692199033e-06,-2.28041892676528e-05,3.0519335440048222e-06,-4.384116826360401e-06,1.2083956884812407e-06
garch,t5,0.0,250,0.01,state,POT90-Vol,500,0.0004853918229570067,1.8808981607242735e-05,1.1394919024553326e-06,0.00047534243451319996,0.0005182403095434301,0.0005887702109550409,0.08001009037952954,0.012093628399151094,3.816529529882876e-05,0.1522975856947671,1.2255391695306609e-05,1.1394919024553322e-06,-2.37815587607692e-05,3.367331320148085e-06,-5.361486319476798e-06,1.088098180739793e-06
garch,t5,0.0,250,0.01,state,Raw,500,0.0004731364312616999,6.5535899119440815e-06,1.844351091053139e-19,0.0004731364312617,0.0004731364312617,0.0004731364312617,0.009999999999999998,0.012992036710233905,1.420176215975798e-05,0.0817911279716676,0.0,0.0,-3.603695045607581e-05,3.635956025244904e-06,-1.7616878014783405e-05,1.492660769538286e-06
garch,t5,0.0,250,0.01,state,Shift-CP,500,0.0005091733817177758,4.2590540368008495e-05,3.635956025244904e-06,0.00048228830791719997,0.0005756542403735701,0.0008331902834687757,0.15101586421627147,0.008041668407285414,0.00017873556512652296,0.1853736270249151,3.603695045607581e-05,3.635956025244904e-06,0.0,0.0,1.8420072441292402e-05,3.4414569338903027e-06
garch,t5,0.0,250,0.01,state,Shift-ERM,500,0.0004911235945831071,2.4540753233340144e-05,1.4795673375894187e-06,0.00047798873769775,0.0005224653769307701,0.0006164865098281118,0.08762506425531258,0.011792919849401487,5.90869364886467e-05,0.1195449661333636,1.7987163321407206e-05,1.479567337589418e-06,-1.8049787134668602e-05,3.1266290574479764e-06,3.702853066237993e-07,1.042110758100467e-06
garch,t5,0.0,250,0.01,state,State-L1,500,0.0010560186320548147,0.0005894357907050392,0.00016326603008528934,0.0004983906128233,0.0010779230112111322,0.010281990051450281,0.46828087112638367,0.020582615805130905,0.0006641549509522453,3.640188745076728,0.0005828822007931147,0.00016326603008528934,0.0005468452503370388,0.00016344172672140523,0.0005652653227783312,0.0001632016823281129
garch,t5,0.0,250,0.01,state,State-L1-clipped,500,0.0005404905736581133,7.390773230833932e-05,5.352337332631252e-06,0.00049576853671735,0.00065250399486288,0.0010184475079816587,0.10908461998041454,0.016551677339897368,0.00012024882835149507,0.1856533571356933,6.73541423964134e-05,5.352337332631252e-06,3.131719194033759e-05,6.251691995921209e-06,4.973726438163e-05,5.206159931062374e-06
garch,t5,0.0,250,0.01,state,State2-ERM,500,0.0005319376729427148,6.535483159294092e-05,4.112711399387348e-06,0.0005003966995082,0.0006174837636574802,0.0009728780570585287,0.08929421244109416,0.01570396101694755,0.0001376387799507927,0.2485057187624667,5.880124168101481e-05,4.11271139938735e-06,2.2764291224939005e-05,4.965841380581182e-06,4.1184363666231404e-05,3.913154032428465e-06
garch,t5,0.0,250,0.01,state,State4-ERM,500,0.002714680704473137,0.0022480978631233377,0.0002514476594544327,0.0007947717559604499,0.007307241810047302,0.02512327193278972,0.18479041569781812,0.040690079669850256,0.0021928872725087145,3.640188745076776,0.0022415442732114377,0.0002514476594544327,0.0022055073227553617,0.00025183933651762823,0.0022239273951966537,0.0002512748339052219
garch,t5,0.0,250,0.01,state,Vol-CP,500,0.0005037129820239106,3.713014067414168e-05,2.620640983759917e-06,0.00048170789804835004,0.00056138977017961,0.0007203299533413628,0.10587154812738053,0.008093703093082903,0.00013521231802951245,0.2875436291749471,3.0576550762210605e-05,2.620640983759917e-06,-5.460399693865199e-06,1.7276956479199898e-06,1.2959672747427201e-05,2.5522461882958777e-06
garch,t5,0.0,250,0.01,state,Vol-ERM,500,0.0004907533092764835,2.4170467926720016e-05,1.4926607695382865e-06,0.0004785026761575,0.00052517904913837,0.0006040929473711468,0.08944138734682602,0.01203007840547437,5.2807355165608516e-05,0.1858399747419832,1.7616878014783405e-05,1.492660769538286e-06,-1.8420072441292402e-05,3.4414569338903027e-06,0.0,0.0
garch,t5,0.0,250,0.05,constant,POT80-Shift,500,0.0015271996791170342,1.2875091623727392e-05,8.98606930009462e-07,0.001520115859408,0.00154610028751106,0.0016121697484117509,0.11183673490439526,0.04905065566405867,4.359692856316269e-06,0.0661911664949909,-3.524672703226606e-05,8.986069300094626e-07,-7.169649860822002e-06,9.386625951078527e-07,-4.8277568593700035e-06,8.508478268381348e-07
garch,t5,0.0,250,0.05,constant,POT80-Vol,500,0.001528042472038851,1.3717884545544076e-05,6.794556236487643e-07,0.0015227047225600501,0.00154554750426811,0.0015846087135884639,0.07234223367170334,0.04924077264726077,5.715248533463821e-06,0.0830505077977613,-3.440393411044906e-05,6.794556236487641e-07,-6.326856939004999e-06,1.1762381057595062e-06,-3.984963937553001e-06,7.420018100271535e-07
garch,t5,0.0,250,0.05,constant,POT90-Shift,500,0.001529938085378547,1.561349788524045e-05,1.1029343365571502e-06,0.0015202742672356,0.00155827338231645,0.00163776861749191,0.10479509143865375,0.04945917565239214,5.3566071356504246e-06,0.0669895985906027,-3.2508320770752856e-05,1.1029343365571504e-06,-4.4312435993088e-06,8.071328802307437e-07,-2.0893505978568006e-06,8.176995310800073e-07
garch,t5,0.0,250,0.05,constant,POT90-Vol,500,0.001530484536913567,1.6159949420260552e-05,8.467627178888704e-07,0.00152342379817535,0.00155532357976358,0.001604160743915937,0.06872314246809433,0.04952730638412265,6.689541990525682e-06,0.0846925944216364,-3.196186923573326e-05,8.467627178888707e-07,-3.884792064289197e-06,1.0785791338653155e-06,-1.5428990628371985e-06,6.85046641387385e-07
garch,t5,0.0,250,0.05,constant,Raw,500,0.0015624464061493003,4.812181865602364e-05,1.9414222011085674e-19,0.0015624464061493,0.0015624464061493,0.0015624464061493,0.01,0.07967301572799657,1.249999999999998e-05,0.0536022137297323,0.0,0.0,2.807707717144406e-05,1.559020494504047e-06,3.041897017289606e-05,1.028623924840473e-06
garch,t5,0.0,250,0.05,constant,Shift-CP,500,0.0015343693289778559,2.0044741484550456e-05,1.5590204945040471e-06,0.00152177982824535,0.0015642391451711301,0.001676738124922783,0.1255025935788275,0.047232464510268635,7.381534020003446e-06,0.0693705554347875,-2.807707717144406e-05,1.559020494504047e-06,0.0,0.0,2.341893001451999e-06,1.1123234750497607e-06
garch,t5,0.0,250,0.05,constant,Shift-ERM,500,0.0015314285541798748,1.7103966686568815e-05,1.2393829734303115e-06,0.0015212880503949998,0.0015590017266958701,0.001654688983434893,0.10978611137329668,0.05094017375210753,5.74986247673104e-06,0.0676676076568144,-3.101785196942547e-05,1.2393829734303125e-06,-2.9407747979814044e-06,7.470007181691488e-07,-5.988817965294053e-07,7.074549927218127e-07
garch,t5,0.0,250,0.05,constant,State-L1,500,0.0018430302824095825,0.00032870569491626444,6.539375848701239e-05,0.00154241343730525,0.0020380164793595205,0.0060148457964201915,0.3411312597262862,0.05916094988196425,0.00012235552742087812,1.5585673973904612,0.00028058387626028237,6.539375848701242e-05,0.0003086609534317264,6.54225320348779e-05,0.0003110028464331784,6.534382949229019e-05
garch,t5,0.0,250,0.05,constant,State-L1-clipped,500,0.0015747637626339346,6.043917514062277e-05,4.70364016956773e-06,0.0015397452541863498,0.00167569757911208,0.001955949381347174,0.12079965020928922,0.05564280636264546,1.974110154095384e-05,0.1100554665081027,1.2317356484634539e-05,4.703640169567729e-06,4.03944336560786e-05,4.698966135208232e-06,4.27363266575306e-05,4.599519423708955e-06
garch,t5,0.0,250,0.05,constant,State2-ERM,500,0.0015605926505443198,4.626806305100783e-05,2.4329204565276186e-06,0.0015411276469632,0.0016284289497615599,0.0017739081830788548,0.06960192531082957,0.054064518276865155,1.702150602578331e-05,0.0989240345724552,-1.853755604980458e-06,2.4329204565276186e-06,2.6223321566463598e-05,2.4925853238351362e-06,2.85652145679156e-05,2.3032583586924058e-06
garch,t5,0.0,250,0.05,constant,State4-ERM,500,0.0025246842696494795,0.0010103596821561416,0.00010910287568095205,0.0017047690666049,0.004288249233858232,0.014562687801758883,0.18553627918437113,0.07112401184905878,0.0004201846762535454,1.7424400357899146,0.0009622378635001794,0.00010910287568095207,0.0009903149406716234,0.00010922398313525949,0.0009926568336730754,0.00010911414933980503
garch,t5,0.0,250,0.05,constant,Vol-CP,500,0.001534672471530723,2.0347884037417523e-05,1.1148846111038415e-06,0.00152425530649035,0.00156640445158151,0.001632390991808879,0.07352267258725102,0.04730938441181456,8.906905366728984e-06,0.0909577653275399,-2.7773934618577057e-05,1.1148846111038415e-06,3.0314255286700015e-07,8.613626082825779e-07,2.645035554318999e-06,7.483252223606348e-07
garch,t5,0.0,250,0.05,constant,Vol-ERM,500,0.0015320274359764041,1.7702848483097707e-05,1.0286239248404728e-06,0.0015227678755694,0.00155885627167885,0.001626620317007551,0.07975803675368366,0.05301366471529647,6.633008623218447e-06,0.0909577653275399,-3.041897017289606e-05,1.028623924840473e-06,-2.341893001451999e-06,1.1123234750497607e-06,0.0,0.0
garch,t5,0.0,250,0.05,none,POT80-Shift,500,0.0015271996791170342,1.2875091623727392e-05,8.98606930009462e-07,0.001520115859408,0.00154610028751106,0.0016121697484117509,0.11183673490439526,0.04905065566405867,4.359692856316269e-06,0.0661911664949909,1.2875091623734061e-05,8.986069300094622e-07,-7.169649860822002e-06,9.386625951078527e-07,-4.604462801100407e-06,8.553618529705346e-07
garch,t5,0.0,250,0.05,none,POT80-Vol,500,0.0015268445032858753,1.2519915792570436e-05,7.748561965291039e-07,0.0015203194122673,0.0015472901957788799,0.001583561839999052,0.0873888936116077,0.04968899591419265,4.628996539574063e-06,0.0790895670715335,1.2519915792575464e-05,7.748561965291043e-07,-7.5248256919806e-06,1.1479947004399003e-06,-4.959638632259003e-06,8.023548852996837e-07
garch,t5,0.0,250,0.05,none,POT90-Shift,500,0.001529938085378547,1.561349788524045e-05,1.1029343365571502e-06,0.0015202742672356,0.00155827338231645,0.00163776861749191,0.10479509143865375,0.04945917565239214,5.3566071356504246e-06,0.0669895985906027,1.5613497885247263e-05,1.1029343365571504e-06,-4.4312435993088e-06,8.071328802307437e-07,-1.866056539587203e-06,8.0420542390551e-07
garch,t5,0.0,250,0.05,none,POT90-Vol,500,0.001529475003153111,1.5150415659804535e-05,9.275844395122235e-07,0.00152117756223565,0.0015557700978943501,0.001614030259983095,0.07696108753136632,0.049890486988416895,5.636445008510847e-06,0.0797168679135165,1.5150415659811064e-05,9.275844395122232e-07,-4.894325824744999e-06,1.0417204621034198e-06,-2.329138765023402e-06,6.996872739170427e-07
garch,t5,0.0,250,0.05,none,Raw,500,0.0015143245874933002,0.0,3.882844402217135e-19,0.0015143245874933,0.0015143245874933,0.0015143245874933,0.0,0.05,0.0,0.057137747635665,0.0,0.0,-2.0044741484556063e-05,1.559020494504047e-06,-1.747955442483447e-05,1.2141805507062905e-06
garch,t5,0.0,250,0.05,none,Shift-CP,500,0.0015343693289778559,2.0044741484550456e-05,1.5590204945040471e-06,0.00152177982824535,0.0015642391451711301,0.001676738124922783,0.1255025935788275,0.047232464510268635,7.381534020003447e-06,0.0693705554347875,2.0044741484556063e-05,1.559020494504047e-06,0.0,0.0,2.5651870597215965e-06,1.006073930512991e-06
garch,t5,0.0,250,0.05,none,Shift-ERM,500,0.0015314285541798743,1.710396668656881e-05,1.2393829734303102e-06,0.0015212880503949998,0.0015590017266958701,0.001654688983434893,0.1097861113732967,0.050940173752107534,5.74986247673104e-06,0.0676676076568144,1.7103966686574456e-05,1.239382973430311e-06,-2.9407747979816043e-06,7.470007181691363e-07,-3.755877382600075e-07,6.82976648101159e-07
garch,t5,0.0,250,0.05,none,State-L1,500,0.0018430302824095825,0.00032870569491626444,6.539375848701239e-05,0.00154241343730525,0.0020380164793595205,0.0060148457964201915,0.3411312597262862,0.05916094988196425,0.00012235552742087812,1.5585673973904612,0.00032870569491628244,6.53937584870124e-05,0.0003086609534317264,6.54225320348779e-05,0.000311226140491448,6.529161404241423e-05
garch,t5,0.0,250,0.05,none,State-L1-clipped,500,0.0015747637626339346,6.043917514062277e-05,4.70364016956773e-06,0.0015397452541863498,0.00167569757911208,0.001955949381347174,0.12079965020928922,0.05564280636264546,1.974110154095384e-05,0.1100554665081027,6.0439175140634656e-05,4.70364016956773e-06,4.03944336560786e-05,4.698966135208232e-06,4.295962071580019e-05,4.552255447294412e-06
garch,t5,0.0,250,0.05,none,State2-ERM,500,0.0015605926505443198,4.626806305100783e-05,2.4329204565276186e-06,0.0015411276469632,0.0016284289497615599,0.0017739081830788548,0.06960192531082957,0.054064518276865155,1.702150602578331e-05,0.0989240345724552,4.626806305101966e-05,2.4329204565276186e-06,2.6223321566463598e-05,2.4925853238351362e-06,2.87885086261852e-05,2.2752862521205617e-06
garch,t5,0.0,250,0.05,none,State4-ERM,500,0.0025246842696494795,0.0010103596821561416,0.00010910287568095205,0.0017047690666049,0.004288249233858232,0.014562687801758883,0.18553627918437113,0.07112401184905878,0.0004201846762535454,1.7424400357899146,0.0010103596821561794,0.00010910287568095205,0.0009903149406716234,0.00010922398313525949,0.0009928801277313448,0.00010907046361530282
garch,t5,0.0,250,0.05,none,Vol-CP,500,0.001533565906614554,1.9241319121248504e-05,1.2551255698392713e-06,0.0015225850616614502,0.00156644743502757,0.001631462727275388,0.08631823726140826,0.047621461599958205,7.604665308210939e-06,0.0886614453179771,1.9241319121254057e-05,1.2551255698392713e-06,-8.034223633020055e-07,6.871359160432979e-07,1.7617646964195912e-06,6.970760877354709e-07
garch,t5,0.0,250,0.05,none,Vol-ERM,500,0.0015318041419181343,1.7479554424827452e-05,1.2141805507062905e-06,0.0015213153817699,0.00156338836618806,0.0016392187739358059,0.09270223716190612,0.052197758821744177,6.408520917471503e-06,0.0886614453179771,1.747955442483447e-05,1.2141805507062905e-06,-2.5651870597215965e-06,1.006073930512991e-06,0.0,0.0
garch,t5,0.0,250,0.05,state,POT80-Shift,500,0.0015522463686394494,3.792178114614283e-05,1.3995317555960435e-06,0.0015408224371057499,0.00158136691335989,0.0016863502722681467,0.062368187991258546,0.05055784684052546,1.4008355565543035e-05,0.0579437640555572,-7.905738818503784e-07,1.3995317555960435e-06,-7.184262675231197e-06,1.301404919269143e-06,4.686320285526806e-06,1.0995246475957023e-06
garch,t5,0.0,250,0.05,state,POT80-Vol,500,0.0015421901958956772,2.7865608402371084e-05,1.1369531936064398e-06,0.00153346289474825,0.0015711794051026199,0.00164228097167127,0.05776929071611528,0.05097395738305134,9.80921229561346e-06,0.0738526165246929,-1.0846746625622783e-05,1.1369531936064405e-06,-1.72404354190036e-05,1.7811848475318767e-06,-5.369852458245599e-06,1.0185688556454775e-06
garch,t5,0.0,250,0.05,state,POT90-Shift,500,0.0015558280661423906,4.150347864908289e-05,1.7590245796803647e-06,0.0015416412849869,0.00158909246604302,0.0017148877651995214,0.07308644288286972,0.05064492089599194,1.5553671580946075e-05,0.0596415845307335,2.7911236210906205e-06,1.7590245796803652e-06,-3.6025651722901976e-06,9.799616545034488e-07,8.268017788467806e-06,1.1837300873637775e-06
garch,t5,0.0,250,0.05,state,POT90-Vol,500,0.0015447084646826807,3.0383877189372944e-05,1.2796202104166676e-06,0.0015328161540987,0.00158259883259812,0.001649581835596669,0.055798355047800556,0.051123323654950786,1.0754356521349177e-05,0.0756579962477482,-8.328477838619181e-06,1.2796202104166676e-06,-1.4722166632e-05,1.656894154264086e-06,-2.8515836712419974e-06,8.516396905045661e-07
garch,t5,0.0,250,0.05,state,Raw,500,0.0015530369425213002,3.8712355027993256e-05,3.3004177418845642e-19,0.0015530369425213,0.0015530369425213,0.0015530369425213,0.01,0.06771520121961729,1.4201762159757984e-05,0.0435145304066641,0.0,0.0,-6.393688793380818e-06,2.149554686634105e-06,5.476894167377184e-06,1.616806076810726e-06
garch,t5,0.0,250,0.05,state,Shift-CP,500,0.0015594306313146808,4.510604382137098e-05,2.1495546866341074e-06,0.00154332277747855,0.00160032390126919,0.0017432363311274783,0.08398406978616417,0.04833461981532662,1.7318942186060497e-05,0.0634799337149477,6.393688793380818e-06,2.149554686634105e-06,0.0,0.0,1.1870582960758002e-05,1.4786599782181978e-06
garch,t5,0.0,250,0.05,state,Shift-ERM,500,0.0015571656021201798,4.28410146268717e-05,1.7852594168851622e-06,0.00154350582937055,0.00159488075428408,0.0017409332660832545,0.07263911850000543,0.05219620007410511,1.591129143441905e-05,0.0593089826202007,4.128659598879619e-06,1.7852594168851628e-06,-2.2650291945011993e-06,8.485180382043653e-07,9.605553766256804e-06,1.0020256226453524e-06
garch,t5,0.0,250,0.05,state,State-L1,500,0.001832919964381774,0.0003185953768884577,6.894205222982858e-05,0.0015532121808424,0.0019155913398628804,0.0060148457964201915,0.3756745459293555,0.05913990514997978,0.00012797230965876558,1.5585673973904617,0.00027988302186047397,6.894205222982858e-05,0.0002734893330670932,6.89012985190279e-05,0.0002853599160278512,6.872674659185041e-05
garch,t5,0.0,250,0.05,state,State-L1-clipped,500,0.0015853417425849452,7.101715509163245e-05,4.982163418750004e-06,0.00155144564324125,0.00168890415834841,0.001989428388906559,0.11238816018594376,0.05633463107366136,2.3835758126387925e-05,0.1073684284212598,3.2304800063645415e-05,4.982163418750006e-06,2.59111112702646e-05,4.9835442165181556e-06,3.778169423102261e-05,4.696841056859868e-06
garch,t5,0.0,250,0.05,state,State2-ERM,500,0.0015605926505443198,4.626806305100783e-05,2.4329204565276186e-06,0.0015411276469632,0.0016284289497615599,0.0017739081830788548,0.06960192531082957,0.054064518276865155,1.702150602578331e-05,0.0989240345724552,7.5557080230196185e-06,2.4329204565276182e-06,1.162019229638801e-06,2.723542528595802e-06,1.3032602190396803e-05,2.2732460792809368e-06
garch,t5,0.0,250,0.05,state,State4-ERM,500,0.0025246842696494795,0.0010103596821561416,0.00010910287568095205,0.0017047690666049,0.004288249233858232,0.014562687801758883,0.18553627918437113,0.07112401184905878,0.0004201846762535454,1.7424400357899146,0.0009716473271281793,0.00010910287568095203,0.0009652536383347985,0.00010917659358571023,0.0009771242212955568,0.00010892702691983974
garch,t5,0.0,250,0.05,state,Vol-CP,500,0.0015473563373601883,3.303174986688002e-05,1.5859552420988672e-06,0.0015337566131419,0.00158729898450408,0.001681557084320467,0.06673163434023065,0.0485823329399699,1.2080407235570513e-05,0.0880041316210284,-5.68060516111158e-06,1.585955242098867e-06,-1.2074293954492399e-05,1.3035193698691032e-06,-2.037109937343966e-07,6.255044850098112e-07
garch,t5,0.0,250,0.05,state,Vol-ERM,500,0.001547560048353923,3.323546086061245e-05,1.6168060768107255e-06,0.00153404467516725,0.00158912483145877,0.001686171253065317,0.0669946776682479,0.05121461834763925,1.2055708807739e-05,0.0887536745233436,-5.476894167377184e-06,1.616806076810726e-06,-1.1870582960758002e-05,1.4786599782181978e-06,0.0,0.0
garch,t5,0.0,500,0.01,constant,POT80-Shift,500,0.0004731274273631008,6.544586013340023e-06,4.003784235403265e-07,0.00046971252132125,0.00048360979374029,0.0005055711483118079,0.08470622846389843,0.010150265985684654,1.3430712405409546e-05,0.1098817439689485,-1.6039166575991953e-06,4.003784235403263e-07,-4.929508501922801e-06,7.406137554933776e-07,-3.911078119216801e-06,5.537041920386298e-07
garch,t5,0.0,500,0.01,constant,POT80-Vol,500,0.00047320892069924127,6.626079349476413e-06,3.6914668356214017e-07,0.000470184313402,0.00048391598316679,0.0005029476751346469,0.07238802755718964,0.010312711856577025,1.56031179065167e-05,0.1366999088867225,-1.5224233214587925e-06,3.6914668356214006e-07,-4.848015165782399e-06,7.813279744423247e-07,-3.829584783076399e-06,5.793116691652661e-07
garch,t5,0.0,500,0.01,constant,POT90-Shift,500,0.00047293046149337963,6.347620143618537e-06,3.7700532402980904e-07,0.0004698387455249,0.00048346357147011,0.000504654881672431,0.07707009034684464,0.010461954807731818,1.2501983714944127e-05,0.1092401382639305,-1.8008825273203945e-06,3.7700532402980867e-07,-5.126474371644001e-06,7.373602710895943e-07,-4.108043988938001e-06,5.200657291838408e-07
garch,t5,0.0,500,0.01,constant,POT90-Vol,500,0.0004730948961273706,6.51205477760791e-06,3.5582933880107105e-07,0.00046999137268635,0.00048252844754347,0.0005030371199354091,0.06768130113416478,0.0105522852463188,1.4800309838331912e-05,0.1362568768493764,-1.6364478933293945e-06,3.558293388010711e-07,-4.962039737653001e-06,7.742829432847353e-07,-3.943609354947001e-06,5.408660985024434e-07
garch,t5,0.0,500,0.01,constant,Raw,500,0.00047473134402069994,8.148502670904185e-06,2.232635531274852e-19,0.0004747313440207,0.0004747313440207,0.0004747313440207,0.009999999999999998,0.015008897597624894,1.2499999999999987e-05,0.0918788112947357,0.0,0.0,-3.3255918443236064e-06,8.997249507902914e-07,-2.307161461617607e-06,6.495632056070157e-07
garch,t5,0.0,500,0.01,constant,Shift-CP,500,0.00047805693586502364,1.1474094515260882e-05,8.997249507902917e-07,0.00047152322366654997,0.00049609798724056,0.0005587782701200449,0.1271541971597423,0.00981398077772818,2.8252952353375448e-05,0.1250707503268428,3.3255918443236064e-06,8.997249507902914e-07,0.0,0.0,1.0184303827059996e-06,6.556626484525571e-07
garch,t5,0.0,500,0.01,constant,Shift-ERM,500,0.0004759500143837462,9.367173033986035e-06,5.60914388329775e-07,0.00047177590436465,0.00048975030050976,0.0005240719481387569,0.08358754276510803,0.011802396558620828,1.7147983837284197e-05,0.1147554656164342,1.2186703630462061e-06,5.609143883297753e-07,-2.1069214812774003e-06,7.018208717626607e-07,-1.0884910985714007e-06,4.059340924469012e-07
garch,t5,0.0,500,0.01,constant,State-L1,500,0.0006724888309364399,0.0002059059895866692,3.4668423108825605e-05,0.00048077182002334996,0.0006880565263611802,0.005424758386332279,0.28911645232404326,0.01610345117042045,0.00015519395557573738,1.553343822273027,0.00019775748691574002,3.4668423108825605e-05,0.00019443189507141638,3.4698999667770884e-05,0.0001954503254541224,3.466699876987282e-05
garch,t5,0.0,500,0.01,constant,State-L1-clipped,500,0.0005082926646590762,4.1709823309308116e-05,4.156247237297766e-06,0.0004800817489278,0.00057392390714568,0.0009155660200832838,0.17255694708091993,0.01406877447271258,6.427595875924016e-05,0.2576793279218222,3.356132063837621e-05,4.156247237297766e-06,3.0235728794052597e-05,4.173358202571631e-06,3.1254159176758596e-05,4.129955600189995e-06
garch,t5,0.0,500,0.01,constant,State2-ERM,500,0.0004932080138968189,2.6625172547051073e-05,1.5431391333253492e-06,0.0004808426662818,0.00053351628905688,0.0006441580630977181,0.07590058678794272,0.012482030134836635,5.7239276684507024e-05,0.2194401677303217,1.8476669876118802e-05,1.5431391333253488e-06,1.51510780317952e-05,1.5518542732062275e-06,1.6169508414501197e-05,1.438870397526655e-06
garch,t5,0.0,500,0.01,constant,State4-ERM,500,0.0010687334014073525,0.0006021505600575652,6.501379898596778e-05,0.0005661708667566499,0.0021322122188536605,0.006646040914707965,0.18197746734769463,0.02254828643503743,0.00044876788438901193,1.5533438222730291,0.0005940020573866527,6.501379898596778e-05,0.000590676465542329,6.504558756148633e-05,0.000591694895925035,6.496737318424641e-05
garch,t5,0.0,500,0.01,constant,Vol-CP,500,0.00047797114515473203,1.1388303804969348e-05,7.275419618397211e-07,0.00047184408426885,0.0004955581541799801,0.000546931610212963,0.0849149473928111,0.00987101621714039,3.0564812601012684e-05,0.1541986975930235,3.239801134032006e-06,7.275419618397207e-07,-8.579071029159982e-08,5.1141131133989e-07,9.326396724143997e-07,5.015542790789641e-07
garch,t5,0.0,500,0.01,constant,Vol-ERM,500,0.0004770385054823176,1.045566413255439e-05,6.495632056070158e-07,0.00047170332665845004,0.00049374851997155,0.0005418519367972709,0.08280046995771086,0.011332722485659016,2.371884606734558e-05,0.1541986975930235,2.307161461617607e-06,6.495632056070157e-07,-1.0184303827059996e-06,6.556626484525571e-07,0.0,0.0
garch,t5,0.0,500,0.01,none,POT80-Shift,500,0.0004731274273631008,6.544586013340023e-06,4.003784235403265e-07,0.00046971252132125,0.00048360979374029,0.0005055711483118079,0.08470622846389843,0.010150265985684654,1.3430712405409546e-05,0.1098817439689485,6.544586013300803e-06,4.0037842354032633e-07,-4.929508501922801e-06,7.406137554933776e-07,-4.025854399193402e-06,5.79964323763667e-07
garch,t5,0.0,500,0.01,none,POT80-Vol,500,0.0004732753624399876,6.692521090223683e-06,3.9546506515820376e-07,0.0004700867480977,0.00048488055672646997,0.00050741942502642,0.0759614926415304,0.010396941745332424,1.4855935464701025e-05,0.1335961960898294,6.692521090187604e-06,3.9546506515820376e-07,-4.781573425036e-06,7.869319569857308e-07,-3.877919322306601e-06,6.021855792988845e-07
garch,t5,0.0,500,0.01,none,POT90-Shift,500,0.00047293046149337963,6.347620143618537e-06,3.7700532402980904e-07,0.0004698387455249,0.00048346357147011,0.000504654881672431,0.07707009034684464,0.010461954807731818,1.2501983714944127e-05,0.1092401382639305,6.347620143579603e-06,3.7700532402980856e-07,-5.126474371644001e-06,7.373602710895943e-07,-4.222820268914601e-06,5.480554105514406e-07
garch,t5,0.0,500,0.01,none,POT90-Vol,500,0.00047330758578001896,6.724744430256074e-06,3.9377654452939176e-07,0.00047023356731785,0.00048449047358603,0.000505786067478441,0.07160378395491378,0.010648559147011728,1.4524257815748614e-05,0.1300180681571403,6.724744430219004e-06,3.9377654452939176e-07,-4.7493500850046e-06,7.817311232205035e-07,-3.845695982275201e-06,5.618332626082981e-07
garch,t5,0.0,500,0.01,none,Raw,500,0.0004665828413497999,0.0,1.9656899786224243e-19,0.0004665828413498,0.0004665828413498,0.0004665828413498,0.0,0.0099999999999993,0.0,0.0954143452006685,0.0,0.0,-1.1474094515223604e-05,8.997249507902913e-07,-1.0570440412494206e-05,6.863818737429297e-07
garch,t5,0.0,500,0.01,none,Shift-CP,500,0.00047805693586502364,1.147409451526088e-05,8.997249507902917e-07,0.00047152322366654997,0.00049609798724056,0.0005587782701200449,0.12715419715974233,0.00981398077772818,2.8252952353375448e-05,0.1250707503268428,1.1474094515223604e-05,8.997249507902913e-07,0.0,0.0,9.036541027293995e-07,6.374805285081175e-07
garch,t5,0.0,500,0.01,none,Shift-ERM,500,0.0004759500143837462,9.367173033986032e-06,5.60914388329775e-07,0.00047177590436465,0.00048975030050976,0.0005240719481387569,0.08358754276510805,0.011802396558620828,1.7147983837284194e-05,0.1147554656164342,9.367173033946202e-06,5.609143883297753e-07,-2.1069214812774003e-06,7.018208717626607e-07,-1.2032673785480005e-06,4.386749022115367e-07
garch,t5,0.0,500,0.01,none,State-L1,500,0.0006724888309364399,0.0002059059895866692,3.4668423108825605e-05,0.00048077182002334996,0.0006880565263611802,0.005424758386332279,0.28911645232404326,0.01610345117042045,0.00015519395557573738,1.553343822273027,0.00020590598958664,3.4668423108825605e-05,0.00019443189507141638,3.4698999667770884e-05,0.00019533554917414581,3.465556929535681e-05
garch,t5,0.0,500,0.01,none,State-L1-clipped,500,0.0005082926646590762,4.1709823309308116e-05,4.156247237297766e-06,0.0004800817489278,0.00057392390714568,0.0009155660200832838,0.17255694708091993,0.01406877447271258,6.427595875924016e-05,0.2576793279218222,4.1709823309276206e-05,4.156247237297766e-06,3.0235728794052597e-05,4.173358202571631e-06,3.1139382896782004e-05,4.117864873353863e-06
garch,t5,0.0,500,0.01,none,State2-ERM,500,0.0004932080138968189,2.6625172547051073e-05,1.5431391333253492e-06,0.0004808426662818,0.00053351628905688,0.0006441580630977181,0.07590058678794272,0.012482030134836635,5.7239276684507024e-05,0.2194401677303217,2.66251725470188e-05,1.5431391333253488e-06,1.51510780317952e-05,1.5518542732062275e-06,1.60547321345246e-05,1.4248692339665705e-06
garch,t5,0.0,500,0.01,none,State4-ERM,500,0.0010687334014073525,0.0006021505600575652,6.501379898596778e-05,0.0005661708667566499,0.0021322122188536605,0.006646040914707965,0.18197746734769463,0.02254828643503743,0.00044876788438901193,1.5533438222730291,0.0006021505600575526,6.501379898596777e-05,0.000590676465542329,6.504558756148633e-05,0.0005915801196450584,6.494393341540564e-05
garch,t5,0.0,500,0.01,none,Vol-CP,500,0.00047781324424256476,1.1230402892801177e-05,7.443701347248109e-07,0.00047187371196625,0.0004978112676734801,0.0005462833146212881,0.09033012324170249,0.009912747620610583,2.8588418439449734e-05,0.150614727037726,1.1230402892764806e-05,7.443701347248106e-07,-2.4369162245879967e-07,4.6590012028723027e-07,6.599624802705999e-07,4.7099058925996545e-07
garch,t5,0.0,500,0.01,none,Vol-ERM,500,0.00047715328176229423,1.057044041253171e-05,6.863818737429297e-07,0.000471796184615,0.00049505076147362,0.000542406758268866,0.08619360067626458,0.011138532871570607,2.3960410792234272e-05,0.150614727037726,1.0570440412494206e-05,6.863818737429297e-07,-9.036541027293995e-07,6.374805285081175e-07,0.0,0.0
garch,t5,0.0,500,0.01,state,POT80-Shift,500,0.0004778081924190648,1.1225351069301927e-05,5.072921396729145e-07,0.00047365040071690003,0.00049189859546592,0.000519940221998437,0.06487725877252218,0.010523078821765428,2.422527479655504e-05,0.1022829714594235,4.6717611573648056e-06,5.072921396729145e-07,-5.234459569661402e-06,8.076549228086035e-07,-2.6379568758448e-06,6.393629150082931e-07
garch,t5,0.0,500,0.01,state,POT80-Vol,500,0.00047637644844470816,9.793607094946759e-06,4.913084505388737e-07,0.00047281529000975,0.00048849683055702,0.0005182271424963809,0.06597219115771819,0.010601466264023297,2.0362990526134482e-05,0.1294318481637256,3.2400171830082057e-06,4.913084505388735e-07,-6.666203544018002e-06,9.00577314507446e-07,-4.0697008502013995e-06,6.553501307352383e-07
garch,t5,0.0,500,0.01,state,POT90-Shift,500,0.0004778172221420944,1.1234380792330884e-05,4.913829464790973e-07,0.00047382437849865003,0.00049245034430344,0.000517400047982256,0.06078179150335534,0.010761764322458213,2.3797921174728245e-05,0.1004870504773064,4.680790880394406e-06,4.913829464790974e-07,-5.225429846631801e-06,8.051783073644331e-07,-2.6289271528151995e-06,6.031083604768617e-07
garch,t5,0.0,500,0.01,state,POT90-Vol,500,0.00047661413793264126,1.0031296582879325e-05,4.968545152547875e-07,0.0004726903811753,0.00049019194634565,0.000525160872342866,0.06330660278319983,0.01084402387360796,2.0571145005789674e-05,0.1295348773279046,3.477706670941207e-06,4.968545152547874e-07,-6.428514056085e-06,9.004947367799824e-07,-3.832011362268398e-06,6.177985448926064e-07
garch,t5,0.0,500,0.01,state,Raw,500,0.0004731364312616999,6.5535899119440815e-06,1.844351091053139e-19,0.0004731364312617,0.0004731364312617,0.0004731364312617,0.009999999999999998,0.012992036710233905,1.420176215975798e-05,0.0817911279716676,0.0,0.0,-9.906220727026207e-06,1.0113423951526395e-06,-7.309718033209605e-06,7.853009404012187e-07
garch,t5,0.0,500,0.01,state,Shift-CP,500,0.0004830426519887262,1.645981063896233e-05,1.011342395152639e-06,0.0004750952871372,0.00050350456817807,0.0005816025949294359,0.09296446946568677,0.009981036220600488,4.081349594722959e-05,0.1149103238950363,9.906220727026207e-06,1.0113423951526395e-06,0.0,0.0,2.596502693816602e-06,6.979365956888696e-07
garch,t5,0.0,500,0.01,state,Shift-ERM,500,0.00048074609126727417,1.4163249917511915e-05,6.902207197382891e-07,0.00047505535235015,0.00049853629698406,0.000539647871213048,0.06996130635794422,0.011924053195158702,2.9029245848131962e-05,0.1049867443534625,7.609660005574205e-06,6.902207197382891e-07,-2.296560721452002e-06,7.009903025745561e-07,2.999419723645998e-07,4.972229669475458e-07
garch,t5,0.0,500,0.01,state,State-L1,500,0.0006402405866750046,0.00017365774532523037,2.962904814428104e-05,0.0004836217448571,0.0006855978358998,0.003738689906439712,0.3040649360214291,0.015942822493761284,0.00014640545700774738,1.5533438222730274,0.0001671041554133046,2.962904814428104e-05,0.00015719793468627841,2.964611272730571e-05,0.00015979443738009503,2.9605427565671804e-05
garch,t5,0.0,500,0.01,state,State-L1-clipped,500,0.0005094730660793246,4.289022472955646e-05,3.667365046435532e-06,0.00048316917246405,0.0005677026385163802,0.0009286395353332729,0.14061651672201833,0.014203451870253766,6.870910935920788e-05,0.2576793279218221,3.633663481762461e-05,3.667365046435532e-06,2.6430414090598395e-05,3.7023459025886036e-06,2.9026916784415002e-05,3.6240334777947394e-06
garch,t5,0.0,500,0.01,state,State2-ERM,500,0.0004932080138968189,2.6625172547051073e-05,1.5431391333253492e-06,0.0004808426662818,0.00053351628905688,0.0006441580630977181,0.07590058678794272,0.012482030134836635,5.7239276684507024e-05,0.2194401677303217,2.0071582635118806e-05,1.5431391333253486e-06,1.0165361908092599e-05,1.5778380483836448e-06,1.27618646019092e-05,1.4057553456888433e-06
garch,t5,0.0,500,0.01,state,State4-ERM,500,0.0010687334014073525,0.0006021505600575652,6.501379898596778e-05,0.0005661708667566499,0.0021322122188536605,0.006646040914707965,0.18197746734769463,0.02254828643503743,0.00044876788438901193,1.5533438222730291,0.0005955969701456526,6.501379898596777e-05,0.0005856907494186264,6.500571704228494e-05,0.000588287252112443,6.488816950630795e-05
garch,t5,0.0,500,0.01,state,Vol-CP,500,0.00048055458205296665,1.3971740703204137e-05,7.975492280476943e-07,0.0004741316744733,0.0005009399236544501,0.000547980580819864,0.08081140129497412,0.010101601406409587,3.2494258789053545e-05,0.1494741818730908,7.4181507912666065e-06,7.975492280476947e-07,-2.4880699357596003e-06,5.445134500391731e-07,1.0843275805700172e-07,4.322180521282121e-07
garch,t5,0.0,500,0.01,state,Vol-ERM,500,0.0004804461492949096,1.386330794514731e-05,7.853009404012188e-07,0.00047351224292255,0.0005031472159894,0.0005462703435978031,0.07275636909532353,0.010879400257608352,3.0463095821110564e-05,0.1494741818730908,7.309718033209605e-06,7.853009404012187e-07,-2.596502693816602e-06,6.979365956888696e-07,0.0,0.0
garch,t5,0.0,500,0.05,constant,POT80-Shift,500,0.0015211106985573378,6.786111064030428e-06,4.939000558493825e-07,0.00151715516512,0.00153175208268871,0.001570932483683065,0.11027660656668321,0.048753043699799686,2.2556907102007373e-06,0.0645108721136207,-4.1335707591962254e-05,4.939000558493824e-07,-1.8154295405113926e-06,3.482046451211583e-07,-3.385519054776598e-06,4.5573330086496275e-07
garch,t5,0.0,500,0.05,constant,POT80-Vol,500,0.0015226163569129546,8.29176941964941e-06,3.573465647329955e-07,0.00151959652584575,0.00153293571414845,0.001553238908020303,0.05508181863163627,0.049107853175134,3.57981641357506e-06,0.0753497898397248,-3.983004923634545e-05,3.5734656473299567e-07,-3.0977118489459565e-07,4.154555079370088e-07,-1.8798606991598009e-06,3.960235056512031e-07
garch,t5,0.0,500,0.05,constant,POT90-Shift,500,0.0015215902087140868,7.265621220780243e-06,5.384192705678635e-07,0.0015173827142096002,0.00153309660878035,0.0015637587894167819,0.11948572970528033,0.05006239117858928,2.366621185924777e-06,0.0643129119133586,-4.085619743521346e-05,5.384192705678638e-07,-1.3359193837626033e-06,2.815164732065492e-07,-2.9060088980278086e-06,4.327237455225109e-07
garch,t5,0.0,500,0.05,constant,POT90-Vol,500,0.0015233027857143972,8.978198221093591e-06,4.063786296122207e-07,0.0015198644633100502,0.0015340024068734,0.0015572341905013818,0.06260790107522646,0.05012077431700754,3.699575725359333e-06,0.0775434364112519,-3.914362043490266e-05,4.063786296122211e-07,3.7665761654819996e-07,3.6305166572527764e-07,-1.1934318977170054e-06,3.2963948670485896e-07
garch,t5,0.0,500,0.05,constant,Raw,500,0.0015624464061493003,4.812181865602364e-05,1.9414222011085674e-19,0.0015624464061493,0.0015624464061493,0.0015624464061493,0.01,0.07967301572799657,1.249999999999998e-05,0.0536022137297323,0.0,0.0,3.952027805145086e-05,6.104723918229717e-07,3.7950188537185654e-05,5.124402270814579e-07
garch,t5,0.0,500,0.05,constant,Shift-CP,500,0.0015229261280978491,8.601540604544301e-06,6.104723918229716e-07,0.0015178563620096,0.0015368494355300901,0.00157129261062457,0.10449863600350702,0.0495348578353271,2.847482768622047e-06,0.0644867708261481,-3.952027805145086e-05,6.104723918229717e-07,0.0,0.0,-1.5700895142652053e-06,4.2490462513426033e-07
garch,t5,0.0,500,0.05,constant,Shift-ERM,500,0.0015224526047156427,8.128017222334482e-06,5.47185277260623e-07,0.0015178901309983,0.00153449824939485,0.001570933544205867,0.09800955809070815,0.05149633657463437,2.559414148490126e-06,0.0642086301748091,-3.999380143365745e-05,5.471852772606229e-07,-4.7352338220659796e-07,2.3037463279857952e-07,-2.0436128964718033e-06,3.640292363863237e-07
garch,t5,0.0,500,0.05,constant,State-L1,500,0.001600111584045334,8.578699655202044e-05,1.205506977317037e-05,0.0015272843426598001,0.0016614667097680602,0.0030006540996879148,0.21177478120205767,0.05392534751843671,2.619854374545648e-05,0.3373701487304815,3.7665177896033746e-05,1.205506977317037e-05,7.718545594748462e-05,1.2083694219725298e-05,7.56153664332194e-05,1.2077328354085178e-05
garch,t5,0.0,500,0.05,constant,State-L1-clipped,500,0.0015440532211801132,2.972863368680033e-05,2.165988095216706e-06,0.00152679190705535,0.0015900945486166,0.001766815069761632,0.10987352371540351,0.0528008717238337,1.0648655380419494e-05,0.0918346260424375,-1.839318496918686e-05,2.1659880952167047e-06,2.1127093082264003e-05,2.13307238001781e-06,1.9557003567998798e-05,2.12300127045756e-06
garch,t5,0.0,500,0.05,constant,State2-ERM,500,0.0015345669121336997,2.024232464039255e-05,1.0812375886460182e-06,0.001525772502942,0.0015639305351781202,0.001635727968890599,0.06961910766306488,0.05174349413193778,7.68727875094974e-06,0.0905924741664223,-2.7879494015600453e-05,1.0812375886460175e-06,1.1640784035850407e-05,9.908906798000227e-07,1.0070694521585201e-05,9.584823468662493e-07
garch,t5,0.0,500,0.05,constant,State4-ERM,500,0.0017953313391607627,0.0002810067516674396,3.750264042941191e-05,0.00157788649846025,0.002109416513539891,0.006243123326468626,0.2376260183823576,0.058589813225849566,9.429007598022699e-05,0.71044312353652,0.00023288493301146254,3.750264042941191e-05,0.00027240521106291344,3.751833687272613e-05,0.0002708351215486482,3.751778297628476e-05
garch,t5,0.0,500,0.05,constant,Vol-CP,500,0.0015246113429906618,1.0286755497358451e-05,5.114338948298121e-07,0.001520510549464,0.00153675510220578,0.00157128359074407,0.06688609918855232,0.049569438074227576,4.314239655923143e-06,0.0785022637719539,-3.783506315863826e-05,5.114338948298121e-07,1.6852148928126025e-06,3.0141311869189964e-07,1.151253785473972e-07,2.9228741088144166e-07
garch,t5,0.0,500,0.05,constant,Vol-ERM,500,0.0015244962176121145,1.017163011880821e-05,5.124402270814582e-07,0.00152007717946945,0.00153702383930819,0.001570763062420954,0.07001293978820936,0.05218845588065376,3.857298343387912e-06,0.0782548082531683,-3.7950188537185654e-05,5.124402270814579e-07,1.5700895142652053e-06,4.2490462513426033e-07,0.0,0.0
garch,t5,0.0,500,0.05,none,POT80-Shift,500,0.0015211106985573378,6.786111064030428e-06,4.939000558493825e-07,0.00151715516512,0.00153175208268871,0.001570932483683065,0.11027660656668321,0.048753043699799686,2.2556907102007373e-06,0.0645108721136207,6.78611106403787e-06,4.939000558493823e-07,-1.8154295405113926e-06,3.482046451211583e-07,-2.432654896304991e-06,4.6330244770541916e-07
garch,t5,0.0,500,0.05,none,POT80-Vol,500,0.0015208601397561088,6.535552262801551e-06,4.0544832151656253e-07,0.0015176369852598999,0.00153162428842957,0.001557562177632342,0.08219707128009511,0.04939444521532564,2.3989498946010003e-06,0.0717737308618869,6.535552262808862e-06,4.054483215165621e-07,-2.065988341740401e-06,3.8160525700534974e-07,-2.6832136975339997e-06,4.411477651482519e-07
garch,t5,0.0,500,0.05,none,POT90-Shift,500,0.0015215902087140868,7.265621220780243e-06,5.384192705678635e-07,0.0015173827142096002,0.00153309660878035,0.0015637587894167819,0.11948572970528033,0.05006239117858928,2.366621185924777e-06,0.0643129119133586,7.265621220786659e-06,5.384192705678636e-07,-1.3359193837626033e-06,2.815164732065492e-07,-1.953144739556202e-06,4.27554291613979e-07
garch,t5,0.0,500,0.05,none,POT90-Vol,500,0.001521778747437226,7.454159943921712e-06,4.58930428559085e-07,0.0015177193393164,0.00153451044682646,0.0015651166431836219,0.08211237317180363,0.05038956249597413,2.687489279864516e-06,0.0718906981514854,7.454159943926063e-06,4.5893042855908485e-07,-1.1473806606232002e-06,3.4027164380805836e-07,-1.7646060164167987e-06,3.660637477946277e-07
garch,t5,0.0,500,0.05,none,Raw,500,0.0015143245874933002,0.0,3.882844402217135e-19,0.0015143245874933,0.0015143245874933,0.0015143245874933,0.0,0.05,0.0,0.057137747635665,0.0,0.0,-8.601540604549263e-06,6.104723918229716e-07,-9.218765960342862e-06,6.082877503591336e-07
garch,t5,0.0,500,0.05,none,Shift-CP,500,0.0015229261280978491,8.601540604544301e-06,6.104723918229716e-07,0.0015178563620096,0.0015368494355300901,0.00157129261062457,0.10449863600350702,0.0495348578353271,2.8474827686220466e-06,0.0644867708261481,8.601540604549263e-06,6.104723918229716e-07,0.0,0.0,-6.172253557935985e-07,3.849046622226888e-07
garch,t5,0.0,500,0.05,none,Shift-ERM,500,0.0015224526047156427,8.128017222334482e-06,5.47185277260623e-07,0.0015178901309983,0.00153449824939485,0.001570933544205867,0.09800955809070815,0.05149633657463437,2.559414148490126e-06,0.0642086301748091,8.128017222342663e-06,5.47185277260623e-07,-4.7352338220659796e-07,2.3037463279857952e-07,-1.0907487380001965e-06,3.65627223184813e-07
garch,t5,0.0,500,0.05,none,State-L1,500,0.001600111584045334,8.578699655202044e-05,1.205506977317037e-05,0.0015272843426598001,0.0016614667097680602,0.0030006540996879148,0.21177478120205767,0.05392534751843671,2.619854374545648e-05,0.3373701487304815,8.578699655203387e-05,1.205506977317037e-05,7.718545594748462e-05,1.2083694219725298e-05,7.656823059169101e-05,1.2078323263982599e-05
garch,t5,0.0,500,0.05,none,State-L1-clipped,500,0.0015440532211801132,2.972863368680033e-05,2.165988095216706e-06,0.00152679190705535,0.0015900945486166,0.001766815069761632,0.10987352371540351,0.0528008717238337,1.0648655380419494e-05,0.0918346260424375,2.9728633686813262e-05,2.1659880952167047e-06,2.1127093082264003e-05,2.13307238001781e-06,2.0509867726470402e-05,2.1253985061620885e-06
garch,t5,0.0,500,0.05,none,State2-ERM,500,0.0015345669121336997,2.024232464039255e-05,1.0812375886460182e-06,0.001525772502942,0.0015639305351781202,0.001635727968890599,0.06961910766306488,0.05174349413193778,7.68727875094974e-06,0.0905924741664223,2.024232464039967e-05,1.0812375886460175e-06,1.1640784035850407e-05,9.908906798000227e-07,1.102355868005681e-05,9.238394289888132e-07
garch,t5,0.0,500,0.05,none,State4-ERM,500,0.0017953313391607627,0.0002810067516674396,3.750264042941191e-05,0.00157788649846025,0.002109416513539891,0.006243123326468626,0.2376260183823576,0.058589813225849566,9.429007598022699e-05,0.71044312353652,0.0002810067516674627,3.750264042941191e-05,0.00027240521106291344,3.751833687272613e-05,0.00027178798570711983,3.749015461184192e-05
garch,t5,0.0,500,0.05,none,Vol-CP,500,0.0015229406302113139,8.616042718005755e-06,5.500946293016373e-07,0.0015183460019408,0.0015380549350472801,0.001576166173940675,0.08175673492801987,0.04990746721099067,3.165237698041172e-06,0.0733551200624904,8.616042718014066e-06,5.50094629301637e-07,1.4502113464802662e-08,2.3957976110884867e-07,-6.027232423287958e-07,2.97608619445441e-07
garch,t5,0.0,500,0.05,none,Vol-ERM,500,0.001523543353453643,9.218765960336304e-06,6.082877503591336e-07,0.0015179386191554,0.0015394023156297002,0.001580168183191641,0.08675366063698235,0.05134882826573748,3.326320299239156e-06,0.0762160745035561,9.218765960342862e-06,6.082877503591336e-07,6.172253557935985e-07,3.849046622226888e-07,0.0,0.0
garch,t5,0.0,500,0.05,state,POT80-Shift,500,0.001543106808689915,2.8782221196609572e-05,7.918786566423361e-07,0.00153668697244875,0.00156140932361243,0.001617736888264927,0.049151545876398334,0.04999753155838842,1.0601566386734738e-05,0.0559105674120878,-9.93013383138519e-06,7.918786566423356e-07,-2.3096587145618052e-06,4.73016352516111e-07,6.271925465847592e-06,6.24195309800416e-07
garch,t5,0.0,500,0.05,state,POT80-Vol,500,0.0015335317642054085,1.9207176712103322e-05,6.515385280076115e-07,0.00152773118506145,0.0015514917322358502,0.00158579577286133,0.053145347219009334,0.05027848409610558,6.829725086703091e-06,0.0665458437510188,-1.950517831589158e-05,6.515385280076116e-07,-1.1884703199068196e-05,7.161825939311972e-07,-3.3031190186587997e-06,5.328658300426124e-07
garch,t5,0.0,500,0.05,state,POT90-Shift,500,0.001544077901146799,2.975331365349547e-05,9.037401946663587e-07,0.0015370570509571002,0.00156166973347424,0.001609622174116249,0.05709919794579289,0.05083898801130894,1.0978444417991468e-05,0.056427932090304,-8.959041374501185e-06,9.037401946663576e-07,-1.3385662576778003e-06,4.610146900390497e-07,7.243017922731597e-06,6.087965300610315e-07
garch,t5,0.0,500,0.05,state,POT90-Vol,500,0.0015350968820344547,2.07722945411484e-05,7.210630578598983e-07,0.00152876422435435,0.0015552582475396501,0.0016026195060355958,0.048014367823825344,0.05112088229945789,7.396547178687604e-06,0.0669141370795118,-1.794006048684538e-05,7.210630578598983e-07,-1.0319585370021995e-05,7.170998234138877e-07,-1.7380011896125972e-06,4.7380919506204746e-07
garch,t5,0.0,500,0.05,state,Raw,500,0.0015530369425213002,3.8712355027993256e-05,3.3004177418845642e-19,0.0015530369425213,0.0015530369425213,0.0015530369425213,0.01,0.06771520121961729,1.4201762159757984e-05,0.0435145304066641,0.0,0.0,7.620475116823384e-06,9.65484035777845e-07,1.6202059297232782e-05,8.408559039018384e-07
garch,t5,0.0,500,0.05,state,Shift-CP,500,0.0015454164674044769,3.1091879911170006e-05,9.654840357778445e-07,0.00153789507641695,0.00156766150020468,0.001619580964146036,0.049349540583062824,0.05039202436615761,1.1450493094645328e-05,0.0586987750382166,-7.620475116823384e-06,9.65484035777845e-07,0.0,0.0,8.581584180409399e-06,6.40772771600353e-07
garch,t5,0.0,500,0.05,state,Shift-ERM,500,0.0015451952605373509,3.0870673044046406e-05,8.822243039525965e-07,0.0015382526646897,0.0015676213180841401,0.0016074165748728869,0.04387654447654017,0.052312768154288786,1.131537274238658e-05,0.0576763358753666,-7.841681983948984e-06,8.822243039525968e-07,-2.2120686712560032e-07,2.7380007259636824e-07,8.360377313283796e-06,5.417203743580473e-07
garch,t5,0.0,500,0.05,state,State-L1,500,0.0016082171298236068,9.389254233029724e-05,1.3757328499362368e-05,0.0015376139032894998,0.0016479347449367403,0.0029618338173137276,0.23764537885586043,0.054374342720509526,2.9968453085414278e-05,0.4428067248839531,5.518018730230662e-05,1.3757328499362368e-05,6.280066241913e-05,1.381468675822751e-05,7.13822465995394e-05,1.3791653739143012e-05
garch,t5,0.0,500,0.05,state,State-L1-clipped,500,0.001553882680835086,3.9558093341777514e-05,2.4758877770158314e-06,0.0015370909012442,0.0015949808805996101,0.001773363153288488,0.10455837778295071,0.05339701161223071,1.4295449938658025e-05,0.1444388845710918,8.457383137858133e-07,2.4758877770158314e-06,8.466213430609198e-06,2.5379272736301726e-06,1.7047797611018592e-05,2.4724487786726364e-06
garch,t5,0.0,500,0.05,state,State2-ERM,500,0.0015345669121336997,2.024232464039255e-05,1.0812375886460182e-06,0.001525772502942,0.0015639305351781202,0.001635727968890599,0.06961910766306488,0.05174349413193778,7.68727875094974e-06,0.0905924741664223,-1.8470030387600372e-05,1.0812375886460175e-06,-1.0849555270776993e-05,1.1577139633762276e-06,-2.267971090367595e-06,9.580111596189896e-07
garch,t5,0.0,500,0.05,state,State4-ERM,500,0.0017953313391607627,0.0002810067516674396,3.750264042941191e-05,0.00157788649846025,0.002109416513539891,0.006243123326468626,0.2376260183823576,0.058589813225849566,9.429007598022699e-05,0.71044312353652,0.00024229439663946267,3.750264042941191e-05,0.000249914871756286,3.74819643125773e-05,0.0002584964559366954,3.7423072448676904e-05
garch,t5,0.0,500,0.05,state,Vol-CP,500,0.0015365522192296922,2.2227631736386465e-05,7.926911335171981e-07,0.00152985541423765,0.00156018995892154,0.001600204364753001,0.04749491245372474,0.0506053865361293,7.904428971557197e-06,0.0703257864511929,-1.6484723291607986e-05,7.92691133517198e-07,-8.864248174784602e-06,5.711898154681594e-07,-2.826639943752044e-07,3.438176233183608e-07
garch,t5,0.0,500,0.05,state,Vol-ERM,500,0.0015368348832240672,2.2510295730760477e-05,8.408559039018387e-07,0.0015294357808256,0.0015603027129382,0.00160285695293268,0.04859043691248956,0.04987190766348932,8.007466883964888e-06,0.0694947422976729,-1.6202059297232782e-05,8.408559039018384e-07,-8.581584180409399e-06,6.40772771600353e-07,0.0,0.0
garch,t5,0.0,1000,0.01,constant,POT80-Shift,500,0.0004698328429440948,3.2500015943332108e-06,2.1011077241925202e-07,0.00046787812614275,0.00047593409232518,0.000488671191736999,0.07912667485494956,0.009790345492825562,6.363884575173432e-06,0.1042467780298709,-4.898501076605194e-06,2.1011077241925192e-07,-1.475401021501599e-06,2.495214147700197e-07,-2.093181736511999e-06,2.734898289924184e-07
garch,t5,0.0,1000,0.01,constant,POT80-Vol,500,0.00047010681786685223,3.5239765170905473e-06,1.974633406705377e-07,0.00046829765992199997,0.00047523738892946,0.000487331510270325,0.06738986829598674,0.00996447244833956,8.301518737423276e-06,0.1234097313517659,-4.624526153847795e-06,1.9746334067053774e-07,-1.2014260987442005e-06,2.491747370517505e-07,-1.8192068137546004e-06,2.9084720301383237e-07
garch,t5,0.0,1000,0.01,constant,POT90-Shift,500,0.000469630231217107,3.0473898673445226e-06,1.9385816680694143e-07,0.00046796046873860003,0.00047466827443093,0.00048593184655957195,0.08372297618912297,0.010166503341326787,5.6955609223585334e-06,0.1043186115075831,-5.101112803592994e-06,1.9385816680694124e-07,-1.6780127484893997e-06,2.312545029935204e-07,-2.2957934634998e-06,2.455139309582035e-07
garch,t5,0.0,1000,0.01,constant,POT90-Vol,500,0.00046992674439187015,3.34390304210753e-06,1.850367060322427e-07,0.0004682676768789,0.00047487831230219,0.00048633045056188797,0.06617228818253819,0.010225771100897972,7.55197340051389e-06,0.1229927319459827,-4.804599628829795e-06,1.850367060322427e-07,-1.3814995737261995e-06,2.3156386883632554e-07,-1.9992802887366e-06,2.671182192159253e-07
garch,t5,0.0,1000,0.01,constant,Raw,500,0.00047473134402069994,8.148502670904185e-06,2.232635531274852e-19,0.0004747313440207,0.0004747313440207,0.0004747313440207,0.009999999999999998,0.015008897597624894,1.2499999999999987e-05,0.0918788112947357,0.0,0.0,3.4231000551035944e-06,3.041424462224084e-07,2.8053193400931947e-06,3.279828411984322e-07
garch,t5,0.0,1000,0.01,constant,Shift-CP,500,0.00047130824396559646,4.725402615834801e-06,3.0414244622240814e-07,0.00046858181663075003,0.00047963677001924,0.0005001721296100269,0.0778644044741372,0.009940269402365849,9.47288268161189e-06,0.1061121180108826,-3.4231000551035944e-06,3.041424462224084e-07,0.0,0.0,-6.177807150104e-07,2.0778956149847747e-07
garch,t5,0.0,1000,0.01,constant,Shift-ERM,500,0.0004710056621293138,4.4228207795521515e-06,2.626845262313465e-07,0.00046871205274410003,0.00047876309912846997,0.000492510347968082,0.0663461654195105,0.010948178927909318,7.853268810782996e-06,0.1045440851523715,-3.725681891386194e-06,2.6268452623134654e-07,-3.025818362825991e-07,1.7682593762886276e-07,-9.203625512929991e-07,1.8947702961105396e-07
garch,t5,0.0,1000,0.01,constant,State-L1,500,0.0005111202144949345,4.4537373145169424e-05,8.479916505427384e-06,0.00047503208752335,0.0005304154449164,0.0011311350851250024,0.33350829717276753,0.012225110081730191,4.76005815344874e-05,0.5301691282359176,3.638887047423461e-05,8.479916505427387e-06,3.98119705293382e-05,8.484130577429475e-06,3.9194189814327794e-05,8.482381745832229e-06
garch,t5,0.0,1000,0.01,constant,State-L1-clipped,500,0.0004838020544244258,1.7219213074659573e-05,1.2640202320434528e-06,0.00047488404193665,0.0005055694706368201,0.0006036392265653437,0.12137024042721055,0.011736325113334247,3.214992885947403e-05,0.3747137356187939,9.070710403725805e-06,1.264020232043453e-06,1.24938104588294e-05,1.2462958080763446e-06,1.1876029743819e-05,1.2419510592142658e-06
garch,t5,0.0,1000,0.01,constant,State2-ERM,500,0.0004788921383919924,1.2309297042230477e-05,5.866662110892308e-07,0.00047440724667989996,0.000496446854945,0.00053167200040421,0.05877629878680351,0.011230270915567879,2.73791682639217e-05,0.1675482053329724,4.160794371292405e-06,5.866662110892309e-07,7.583894426396e-06,5.185736920150167e-07,6.966113711385601e-06,5.076001174050342e-07
garch,t5,0.0,1000,0.01,constant,State4-ERM,500,0.0006142584376238558,0.00014767559627408078,1.6727070011221122e-05,0.00049882803578335,0.0008455989011010703,0.0025725448240955244,0.19891682695911328,0.014802756027086493,0.00012997637167788006,0.801230615407663,0.0001395270936031558,1.6727070011221126e-05,0.00014295019365825938,1.6721994359729648e-05,0.000142332412943249,1.670894599896422e-05
garch,t5,0.0,1000,0.01,constant,Vol-CP,500,0.0004718580653097832,5.275223960020557e-06,3.2406948388612605e-07,0.00046894730069365004,0.00047987107249324,0.000500130584791069,0.0841993604069083,0.009970467425649592,1.2751602760733956e-05,0.1413949896395233,-2.873278710916796e-06,3.2406948388612616e-07,5.498213441867987e-07,1.388243971863919e-07,-6.795937082360135e-08,2.1098153614099024e-07
garch,t5,0.0,1000,0.01,constant,Vol-ERM,500,0.0004719260246806068,5.343183330844251e-06,3.2798284119843206e-07,0.00046914518484255003,0.00048066627043208,0.000497940530673278,0.08128445920262216,0.010814750711683434,1.1583704116432783e-05,0.1426298744500347,-2.8053193400931947e-06,3.279828411984322e-07,6.177807150104e-07,2.0778956149847747e-07,0.0,0.0
garch,t5,0.0,1000,0.01,none,POT80-Shift,500,0.0004698328429440948,3.2500015943332108e-06,2.1011077241925202e-07,0.00046787812614275,0.00047593409232518,0.000488671191736999,0.07912667485494956,0.009790345492825562,6.363884575173432e-06,0.1042467780298709,3.250001594294805e-06,2.1011077241925194e-07,-1.475401021501599e-06,2.495214147700197e-07,-2.3035153576980002e-06,2.9441986389601675e-07
garch,t5,0.0,1000,0.01,none,POT80-Vol,500,0.0004699181109281178,3.335269578354045e-06,2.157006415444661e-07,0.0004679805282208,0.00047519321944254,0.00049015567684355,0.0768981826347411,0.010043323595744915,7.122995449388419e-06,0.1169227273926632,3.3352695783178055e-06,2.1570064154446616e-07,-1.390133037478598e-06,2.536291990544342e-07,-2.2182473736749993e-06,3.042076848205269e-07
garch,t5,0.0,1000,0.01,none,POT90-Shift,500,0.000469630231217107,3.0473898673445226e-06,1.9385816680694143e-07,0.00046796046873860003,0.00047466827443093,0.00048593184655957195,0.08372297618912297,0.010166503341326787,5.6955609223585334e-06,0.1043186115075831,3.047389867307004e-06,1.938581668069413e-07,-1.6780127484893997e-06,2.312545029935204e-07,-2.5061270846858007e-06,2.6878257892273777e-07
garch,t5,0.0,1000,0.01,none,POT90-Vol,500,0.0004698360448819392,3.2532035321773045e-06,2.0758123145072373e-07,0.00046798066988625,0.00047551610796814,0.000486878035535106,0.07686513465141392,0.01030442889296199,6.784464841838048e-06,0.1161008980618013,3.2532035321392032e-06,2.0758123145072362e-07,-1.4721990836572006e-06,2.3881648420249537e-07,-2.3003134198536016e-06,2.8310098014789793e-07
garch,t5,0.0,1000,0.01,none,Raw,500,0.0004665828413497999,0.0,1.9656899786224243e-19,0.0004665828413498,0.0004665828413498,0.0004665828413498,0.0,0.0099999999999993,0.0,0.0954143452006685,0.0,0.0,-4.725402615796404e-06,3.0414244622240835e-07,-5.553516951992804e-06,3.529356125582829e-07
garch,t5,0.0,1000,0.01,none,Shift-CP,500,0.00047130824396559646,4.725402615834801e-06,3.0414244622240814e-07,0.00046858181663075003,0.00047963677001924,0.0005001721296100269,0.07786440447413723,0.009940269402365849,9.472882681611886e-06,0.1061121180108826,4.725402615796404e-06,3.0414244622240835e-07,0.0,0.0,-8.281143361964011e-07,2.2520728297114858e-07
garch,t5,0.0,1000,0.01,none,Shift-ERM,500,0.0004710056621293138,4.4228207795521515e-06,2.626845262313465e-07,0.00046871205274410003,0.00047876309912846997,0.000492510347968082,0.0663461654195105,0.010948178927909318,7.853268810782994e-06,0.1045440851523715,4.4228207795138054e-06,2.626845262313465e-07,-3.025818362825991e-07,1.7682593762886276e-07,-1.130696172479e-06,2.0488724130469567e-07
garch,t5,0.0,1000,0.01,none,State-L1,500,0.0005111202144949345,4.4537373145169424e-05,8.479916505427384e-06,0.00047503208752335,0.0005304154449164,0.0011311350851250024,0.33350829717276753,0.012225110081730191,4.76005815344874e-05,0.5301691282359176,4.453737314513461e-05,8.479916505427386e-06,3.98119705293382e-05,8.484130577429475e-06,3.89838561931418e-05,8.479392144972808e-06
garch,t5,0.0,1000,0.01,none,State-L1-clipped,500,0.0004838020544244258,1.7219213074659573e-05,1.2640202320434528e-06,0.00047488404193665,0.0005055694706368201,0.0006036392265653437,0.12137024042721055,0.011736325113334247,3.214992885947403e-05,0.3747137356187939,1.7219213074625803e-05,1.264020232043453e-06,1.24938104588294e-05,1.2462958080763446e-06,1.1665696122633001e-05,1.239673904133911e-06
garch,t5,0.0,1000,0.01,none,State2-ERM,500,0.0004788921383919924,1.2309297042230477e-05,5.866662110892308e-07,0.00047440724667989996,0.000496446854945,0.00053167200040421,0.05877629878680351,0.011230270915567879,2.73791682639217e-05,0.1675482053329724,1.2309297042192406e-05,5.866662110892309e-07,7.583894426396e-06,5.185736920150167e-07,6.755780090199599e-06,4.997925142560911e-07
garch,t5,0.0,1000,0.01,none,State4-ERM,500,0.0006142584376238558,0.00014767559627408078,1.6727070011221122e-05,0.00049882803578335,0.0008455989011010703,0.0025725448240955244,0.19891682695911328,0.014802756027086493,0.00012997637167788006,0.801230615407663,0.0001476755962740558,1.6727070011221126e-05,0.00014295019365825938,1.6721994359729648e-05,0.000142122079322063,1.6702643482852655e-05
garch,t5,0.0,1000,0.01,none,Vol-CP,500,0.0004717204648845384,5.137623534777482e-06,3.3310260251912055e-07,0.00046880379809750004,0.00048134846053895,0.000498911697099885,0.08061223253852334,0.010037043240718883,1.140431574732132e-05,0.1326307726216875,5.137623534738406e-06,3.331026025191205e-07,4.122209189420014e-07,1.173744808465852e-07,-4.1589341725439963e-07,2.0340195104142988e-07
garch,t5,0.0,1000,0.01,none,Vol-ERM,500,0.0004721363583017928,5.553516952030385e-06,3.529356125582829e-07,0.0004690432711,0.00048203480354661,0.000499729369005569,0.0794164338480322,0.010674526998789782,1.178183435827531e-05,0.135422013995877,5.553516951992804e-06,3.529356125582829e-07,8.281143361964011e-07,2.2520728297114858e-07,0.0,0.0
garch,t5,0.0,1000,0.01,state,POT80-Shift,500,0.0004737089347338646,7.126093384101013e-06,2.657420992363801e-07,0.0004711336697068,0.00048073235679943,0.000494032839830721,0.051449203044912115,0.010162076765326199,1.4882006829322798e-05,0.0945294008347705,5.725034721646044e-07,2.6574209923638015e-07,-1.5674506949182018e-06,2.633991587830402e-07,-9.227470573368016e-07,3.3753241715639856e-07
garch,t5,0.0,1000,0.01,state,POT80-Vol,500,0.0004722869359656638,5.704094615901118e-06,2.8173628204719037e-07,0.00047001721333025,0.00047893156289257997,0.000497861765668363,0.06765344552685848,0.010195409162407722,1.1562254932470862e-05,0.1104166419883018,-8.494952960361936e-07,2.817362820471904e-07,-2.9894494631189993e-06,2.9244757508797236e-07,-2.3447458255375994e-06,3.4821595330756377e-07
garch,t5,0.0,1000,0.01,state,POT90-Shift,500,0.0004735872432763868,7.0044019266227935e-06,2.595226937109698e-07,0.00047121838706515003,0.00048065116828008,0.000498294982535118,0.0489472116964172,0.010434213564129671,1.4506978040007494e-05,0.0935840327539902,4.5081201468680555e-07,2.595226937109698e-07,-1.6891421523960003e-06,2.484210118050628e-07,-1.0444385148146001e-06,3.179123060650289e-07
garch,t5,0.0,1000,0.01,state,POT90-Vol,500,0.00047246009163483076,5.877250285067501e-06,2.9439683402358674e-07,0.00046996190937935,0.00047930777650751,0.00049924519087889,0.06828704185992793,0.010465373659010535,1.1868243125265809e-05,0.1108466617226457,-6.763396268691943e-07,2.943968340235867e-07,-2.816293793952e-06,2.849653590073306e-07,-2.1715901563706e-06,3.32178172968038e-07
garch,t5,0.0,1000,0.01,state,Raw,500,0.0004731364312616999,6.5535899119440815e-06,1.844351091053139e-19,0.0004731364312617,0.0004731364312617,0.0004731364312617,0.009999999999999998,0.012992036710233905,1.420176215975798e-05,0.0817911279716676,0.0,0.0,-2.139954167082806e-06,3.5030896328475354e-07,-1.495250529501406e-06,4.28260122206192e-07
garch,t5,0.0,1000,0.01,state,Shift-CP,500,0.0004752763854287828,8.693544079018612e-06,3.503089632847537e-07,0.0004719367741059,0.00048535934166326,0.000502957147636074,0.0499774816773263,0.010198064734079009,1.8273406605667924e-05,0.0959080291449403,2.139954167082806e-06,3.5030896328475354e-07,0.0,0.0,6.447036375814e-07,2.553363457147336e-07
garch,t5,0.0,1000,0.01,state,Shift-ERM,500,0.00047502277680384344,8.439935454080595e-06,3.300626964465268e-07,0.00047199467951735,0.0004841672297028,0.000503866158902269,0.04772580391875798,0.011162646762916032,1.7077062248002115e-05,0.0945367281040658,1.8863455421434055e-06,3.3006269644652704e-07,-2.5360862493940056e-07,1.7244105962246408e-07,3.910950126419995e-07,2.3979627893914954e-07
garch,t5,0.0,1000,0.01,state,State-L1,500,0.0005026692636031306,3.608642225336554e-05,7.32323539924659e-06,0.0004753093430134,0.00051986645486792,0.0010160723353476247,0.33727838019004164,0.012105574332816484,4.723605563089532e-05,0.5301691282359173,2.953283234143061e-05,7.32323539924659e-06,2.73928781743478e-05,7.309501969852182e-06,2.8037581811929204e-05,7.309646539923692e-06
garch,t5,0.0,1000,0.01,state,State-L1-clipped,500,0.000484495592938105,1.7912751588338235e-05,1.2348282913012107e-06,0.00047525580841145003,0.00050482783237491,0.0005787529666111158,0.120240279146941,0.011798483230877661,3.546865116181944e-05,0.3734275988183514,1.1359161676405007e-05,1.2348282913012105e-06,9.2192075093222e-06,1.1879586331811724e-06,9.8639111469036e-06,1.1884834088078986e-06
garch,t5,0.0,1000,0.01,state,State2-ERM,500,0.0004788921383919924,1.2309297042230477e-05,5.866662110892308e-07,0.00047440724667989996,0.000496446854945,0.00053167200040421,0.05877629878680351,0.011230270915567879,2.73791682639217e-05,0.1675482053329724,5.755707130292406e-06,5.866662110892309e-07,3.6157529632095995e-06,5.19258621315647e-07,4.260456600790999e-06,4.934890083028747e-07
garch,t5,0.0,1000,0.01,state,State4-ERM,500,0.0006142584376238558,0.00014767559627408078,1.6727070011221122e-05,0.00049882803578335,0.0008455989011010703,0.0025725448240955244,0.19891682695911328,0.014802756027086493,0.00012997637167788006,0.801230615407663,0.0001411220063621558,1.6727070011221126e-05,0.000138982052195073,1.6711341524792228e-05,0.00013962675583265442,1.6683229187931897e-05
garch,t5,0.0,1000,0.01,state,Vol-CP,500,0.0004740920812666618,7.509239916899291e-06,3.805733785531734e-07,0.0004708817226188,0.00048375104173929,0.000506828761088815,0.062200526461463554,0.010213076654490496,1.5566308868627563e-05,0.1203984560465075,9.556500049618058e-07,3.805733785531734e-07,-1.1843041621210002e-06,1.6562395603672322e-07,-5.396005245396001e-07,2.1674574658927953e-07
garch,t5,0.0,1000,0.01,state,Vol-ERM,500,0.0004746316817912014,8.048840441437486e-06,4.2826012220619203e-07,0.0004709527713008,0.00048584467081162,0.000511372065654854,0.07161921297421585,0.010485449574478754,1.6861952163684717e-05,0.1326908820909884,1.495250529501406e-06,4.28260122206192e-07,-6.447036375814e-07,2.553363457147336e-07,0.0,0.0
garch,t5,0.0,1000,0.05,constant,POT80-Shift,500,0.0015175360032479478,3.2114157546419684e-06,1.9794766639286892e-07,0.00151586269331235,0.00152285955511027,0.001533585576628856,0.08250578161781699,0.04920991333148577,1.0193875474631747e-06,0.0611901943329543,-4.491040290135206e-05,1.9794766639286902e-07,-4.242788422378035e-07,1.4677158200458153e-07,-2.7561745470874003e-06,1.8606074856535338e-07
garch,t5,0.0,1000,0.05,constant,POT80-Vol,500,0.0015197139697283688,5.38938223506198e-06,1.6652654253059007e-07,0.00151819498245055,0.0015253377934693801,0.001532098095838006,0.0398794020921678,0.04941153158368348,2.3889382874693297e-06,0.0709622524064559,-4.273243642093126e-05,1.6652654253059012e-07,1.7536876381829958e-06,1.6595271549375242e-07,-5.782080666666008e-07,1.9279888368421112e-07
garch,t5,0.0,1000,0.05,constant,POT90-Shift,500,0.0015174875892364193,3.163001743112662e-06,1.9896214824085444e-07,0.0015158873726531501,0.00152311580901083,0.001534149722169991,0.08969462566681197,0.05059067144965415,9.76969398515442e-07,0.0609477669155628,-4.495881691288086e-05,1.9896214824085447e-07,-4.7269285376660236e-07,1.2228783193163776e-07,-2.804588558616199e-06,1.545969828296238e-07
garch,t5,0.0,1000,0.05,constant,POT90-Vol,500,0.001519628928389638,5.304340896330765e-06,1.7493608231674665e-07,0.0015180053056595,0.0015252687456511701,0.001534808785495902,0.04587777360868546,0.05053553555015887,2.2160480133233278e-06,0.0714309996661723,-4.281747775966186e-05,1.7493608231674657e-07,1.668646299452395e-06,1.3921619603811147e-07,-6.632494053972018e-07,1.5947772575089426e-07
garch,t5,0.0,1000,0.05,constant,Raw,500,0.0015624464061493003,4.812181865602364e-05,1.9414222011085674e-19,0.0015624464061493,0.0015624464061493,0.0015624464061493,0.01,0.07967301572799657,1.249999999999998e-05,0.0536022137297323,0.0,0.0,4.448612405911426e-05,2.2326589819708173e-07,4.215422835426466e-05,2.197532170405648e-07
garch,t5,0.0,1000,0.05,constant,Shift-CP,500,0.001517960282090186,3.635694596880544e-06,2.232658981970816e-07,0.0015161019247242,0.00152425346644831,0.001537807935831359,0.08371879444210951,0.05023389395541082,1.1359517929331966e-06,0.0609004436107276,-4.448612405911426e-05,2.2326589819708173e-07,0.0,0.0,-2.3318957048495966e-06,1.4655042550696966e-07
garch,t5,0.0,1000,0.05,constant,Shift-ERM,500,0.0015179369429701418,3.6123554768373532e-06,2.1953774035997664e-07,0.00151616374492755,0.00152407070955614,0.001535092733972187,0.08509279121258553,0.05122774688568067,1.0995866587973895e-06,0.0599004313877947,-4.4509463179158266e-05,2.1953774035997664e-07,-2.3339120044005377e-08,7.900337891237847e-08,-2.355234824893602e-06,1.3494465104441298e-07
garch,t5,0.0,1000,0.05,constant,State-L1,500,0.0015411772824558106,2.6852694962500053e-05,4.307880862927447e-06,0.00152055404628555,0.00157265273570067,0.0018595554195901223,0.31542470799633365,0.05218138941166286,9.477145589653842e-06,0.3073278259411696,-2.1269123693489458e-05,4.307880862927447e-06,2.3217000365624795e-05,4.30904721435754e-06,2.08851046607752e-05,4.31387635983419e-06
garch,t5,0.0,1000,0.05,constant,State-L1-clipped,500,0.0015290641757357475,1.4739588242440522e-05,1.3111887768019017e-06,0.00152043755005325,0.0015508780570649499,0.001628776627007785,0.13265003640638096,0.05189462769206226,5.445214224663122e-06,0.1052813675272406,-3.3382230413552665e-05,1.3111887768019015e-06,1.1103893645561595e-05,1.3034304534008244e-06,8.771997940712e-06,1.310868315992756e-06
garch,t5,0.0,1000,0.05,constant,State2-ERM,500,0.0015240103439431193,9.68575644981199e-06,4.823622809346624e-07,0.0015206730387694002,0.00153624748340354,0.00156396112369837,0.06737673572724255,0.0512945836778112,3.7070621956452246e-06,0.0804609465551202,-3.843606220618066e-05,4.823622809346624e-07,6.0500618529336006e-06,4.332823407904885e-07,3.7181661480840035e-06,4.227188090204697e-07
garch,t5,0.0,1000,0.05,constant,State4-ERM,500,0.0015858544385554142,7.152985106210119e-05,7.058032317649169e-06,0.0015370317769527,0.00166189845559593,0.002502798223021949,0.15822207931610566,0.05378757981609734,2.5680568241905442e-05,0.3897685644861504,2.3408032406114332e-05,7.058032317649168e-06,6.789415646522859e-05,7.054443192151429e-06,6.5562260760379e-05,7.063752980163851e-06
garch,t5,0.0,1000,0.05,constant,Vol-CP,500,0.0015201428120589326,5.8182245656258215e-06,2.1105681185339865e-07,0.00151835232058775,0.0015259007784479,0.001539927403222127,0.05076079331556558,0.050096498004871565,2.4719617574390543e-06,0.0726639380243646,-4.230359409036746e-05,2.1105681185339865e-07,2.1825299687467973e-06,1.1440705360089721e-07,-1.493657361027992e-07,1.4939043364630284e-07
garch,t5,0.0,1000,0.05,constant,Vol-ERM,500,0.0015202921777950355,5.967590301730765e-06,2.1975321704056503e-07,0.00151821938013225,0.00152639034232481,0.001539786151650945,0.053341436707082954,0.052035410413760134,2.2755599035541427e-06,0.0722326543092594,-4.215422835426466e-05,2.197532170405648e-07,2.3318957048495966e-06,1.4655042550696966e-07,0.0,0.0
garch,t5,0.0,1000,0.05,none,POT80-Shift,500,0.0015175360032479478,3.2114157546419684e-06,1.9794766639286892e-07,0.00151586269331235,0.00152285955511027,0.001533585576628856,0.08250578161781699,0.04920991333148577,1.0193875474631747e-06,0.0611901943329543,3.211415754648062e-06,1.9794766639286892e-07,-4.2427884223800347e-07,1.4677158200458113e-07,-1.254563322177204e-06,1.973918286180356e-07
garch,t5,0.0,1000,0.05,none,POT80-Vol,500,0.0015174760261436654,3.151438650359198e-06,1.8470081963688101e-07,0.0015159318501335498,0.00152310159244663,0.001533474937771061,0.07052166043486013,0.049696916062719,1.1241230891669307e-06,0.0649204611592512,3.151438650365263e-06,1.84700819636881e-07,-4.842559465208026e-07,1.5028401846598714e-07,-1.314540426460003e-06,2.0503892387801373e-07
garch,t5,0.0,1000,0.05,none,POT90-Shift,500,0.0015174875892364193,3.163001743112662e-06,1.9896214824085444e-07,0.0015158873726531501,0.00152311580901083,0.001534149722169991,0.08969462566681197,0.05059067144965415,9.76969398515442e-07,0.0609477669155628,3.163001743119263e-06,1.9896214824085452e-07,-4.726928537668023e-07,1.222878319316347e-07,-1.3029773337060027e-06,1.7745302577135779e-07
garch,t5,0.0,1000,0.05,none,POT90-Vol,500,0.00151769031490945,3.3657274161451257e-06,2.0477054727833918e-07,0.0015158928522121,0.00152380049903269,0.0015337364121289318,0.07674953617372877,0.050768681638122835,1.1789329661078686e-06,0.0648324563413207,3.3657274161502647e-06,2.047705472783391e-07,-2.6996718073580076e-07,1.3659730851129314e-07,-1.1002516606750013e-06,1.8954298117548847e-07
garch,t5,0.0,1000,0.05,none,Raw,500,0.0015143245874933002,0.0,3.882844402217135e-19,0.0015143245874933,0.0015143245874933,0.0015143245874933,0.0,0.05,0.0,0.057137747635665,0.0,0.0,-3.6356945968860656e-06,2.2326589819707578e-07,-4.465979076825266e-06,2.8549995284119117e-07
garch,t5,0.0,1000,0.05,none,Shift-CP,500,0.0015179602820901861,3.635694596880544e-06,2.2326589819707575e-07,0.0015161019247242,0.00152425346644831,0.001537807935831359,0.08371879444210951,0.05023389395541082,1.1359517929331966e-06,0.0609004436107276,3.6356945968860656e-06,2.2326589819707578e-07,0.0,0.0,-8.302844799392006e-07,1.5783741337691653e-07
garch,t5,0.0,1000,0.05,none,Shift-ERM,500,0.0015179369429701418,3.612355476837353e-06,2.1953774035997664e-07,0.00151616374492755,0.00152407070955614,0.001535092733972187,0.08509279121258558,0.05122774688568068,1.0995866587973895e-06,0.0599004313877948,3.61235547684186e-06,2.1953774035997667e-07,-2.3339120044205303e-08,7.900337891237683e-08,-8.536235999834058e-07,1.607418169455991e-07
garch,t5,0.0,1000,0.05,none,State-L1,500,0.0015411772824558106,2.6852694962500053e-05,4.307880862927447e-06,0.00152055404628555,0.00157265273570067,0.0018595554195901223,0.31542470799633365,0.05218138941166286,9.477145589653842e-06,0.3073278259411696,2.6852694962510665e-05,4.307880862927447e-06,2.32170003656246e-05,4.309047214357543e-06,2.2386715885685393e-05,4.312788298269913e-06
garch,t5,0.0,1000,0.05,none,State-L1-clipped,500,0.0015290641757357475,1.4739588242440522e-05,1.3111887768019017e-06,0.00152043755005325,0.0015508780570649499,0.001628776627007785,0.13265003640638096,0.05189462769206226,5.445214224663122e-06,0.1052813675272406,1.4739588242447463e-05,1.3111887768019013e-06,1.1103893645561397e-05,1.3034304534008259e-06,1.0273609165622196e-05,1.310305461389965e-06
garch,t5,0.0,1000,0.05,none,State2-ERM,500,0.0015240103439431193,9.68575644981199e-06,4.823622809346624e-07,0.0015206730387694002,0.00153624748340354,0.00156396112369837,0.06737673572724255,0.0512945836778112,3.7070621956452246e-06,0.0804609465551202,9.685756449819467e-06,4.823622809346625e-07,6.0500618529334e-06,4.33282340790489e-07,5.2197773729942e-06,4.1597118525361484e-07
garch,t5,0.0,1000,0.05,none,State4-ERM,500,0.0015858544385554142,7.152985106210119e-05,7.058032317649169e-06,0.0015370317769527,0.00166189845559593,0.002502798223021949,0.15822207931610566,0.05378757981609734,2.5680568241905442e-05,0.3897685644861504,7.152985106211446e-05,7.058032317649169e-06,6.78941564652284e-05,7.054443192151431e-06,6.70638719852892e-05,7.057702565011381e-06
garch,t5,0.0,1000,0.05,none,Vol-CP,500,0.0015183410742738972,4.01648678059149e-06,2.476675774996118e-07,0.00151621637511325,0.00152466758194062,0.001539433077655351,0.08257537333542071,0.05036736048630222,1.4266303145754592e-06,0.0665754948188283,4.016486780597264e-06,2.4766757749961184e-07,3.807921837111986e-07,7.790776144498855e-08,-4.494922962280019e-07,1.579958471741195e-07
garch,t5,0.0,1000,0.05,none,Vol-ERM,500,0.0015187905665701253,4.4659790768200465e-06,2.8549995284119143e-07,0.0015163888283259,0.00152552763058322,0.00154521507567132,0.08982133233561394,0.05107958262909065,1.5849934334812827e-06,0.0689063192826677,4.465979076825266e-06,2.8549995284119117e-07,8.302844799392006e-07,1.5783741337691653e-07,0.0,0.0
garch,t5,0.0,1000,0.05,state,POT80-Shift,500,0.0015374051477766684,2.308056028336327e-05,3.335236227719726e-07,0.0015345611283541,0.00154604754234125,0.001566854980204857,0.026964668419894172,0.05048183113441635,8.562309788785372e-06,0.0512641342216646,-1.5631794744631785e-05,3.335236227719725e-07,-6.560661336446083e-07,1.8899454444062156e-07,7.2682996998323964e-06,2.501218290036481e-07
garch,t5,0.0,1000,0.05,state,POT80-Vol,500,0.0015289002724985519,1.457568500524267e-05,3.556700021182495e-07,0.00152597124289145,0.00153726927202721,0.0015640979356691938,0.04219192385233989,0.050474430122360796,5.284028709978823e-06,0.0591638362220776,-2.4136670022747985e-05,3.556700021182496e-07,-9.160941411760804e-06,2.6699469364857505e-07,-1.2365755782838004e-06,2.7404362984612585e-07
garch,t5,0.0,1000,0.05,state,POT90-Shift,500,0.0015375773744199148,2.3252786926608386e-05,3.4411614867609195e-07,0.00153451126680805,0.00154734164193097,0.0015666392770462719,0.02720374582453471,0.051487612246028235,8.666102057200496e-06,0.0514403075995605,-1.545956810138518e-05,3.44116148676092e-07,-4.83839490398005e-07,1.591429822659329e-07,7.440526343079001e-06,2.358724070592337e-07
garch,t5,0.0,1000,0.05,state,POT90-Vol,500,0.001529850817404239,1.5526229910932984e-05,4.036404475402776e-07,0.00152644997215145,0.0015395713532898102,0.0015678372589612978,0.0401758106130889,0.051534906030631294,5.671902529631409e-06,0.0592799304215035,-2.318612511706078e-05,4.036404475402776e-07,-8.210396506073603e-06,2.9288811351801063e-07,-2.8603067259659826e-07,2.895314316715476e-07
garch,t5,0.0,1000,0.05,state,Raw,500,0.0015530369425213002,3.8712355027993256e-05,3.3004177418845642e-19,0.0015530369425213,0.0015530369425213,0.0015530369425213,0.01,0.06771520121961729,1.4201762159757984e-05,0.0435145304066641,0.0,0.0,1.4975728610987179e-05,3.8522598281223085e-07,2.2900094444464183e-05,4.2462590064559153e-07
garch,t5,0.0,1000,0.05,state,Shift-CP,500,0.001538061213910313,2.373662641700855e-05,3.852259828122308e-07,0.0015350713623354,0.0015474524150935602,0.001569112648589232,0.031039818392143724,0.05128254407694238,8.821939272394445e-06,0.0522360187822303,-1.4975728610987179e-05,3.8522598281223085e-07,0.0,0.0,7.924365833477006e-06,2.301709052190579e-07
garch,t5,0.0,1000,0.05,state,Shift-ERM,500,0.0015381844405719075,2.3859853078601107e-05,3.8025001085226286e-07,0.0015350347305339,0.00154784746317486,0.001573374154722909,0.02966841648855119,0.052274323342067476,8.896496099806835e-06,0.0515189211406324,-1.485250194939258e-05,3.80250010852263e-07,1.232266615945974e-07,8.874396001172061e-08,8.047592495071602e-06,2.1605245862920352e-07
garch,t5,0.0,1000,0.05,state,State-L1,500,0.0015458351881249461,3.151060063163737e-05,4.294423480059526e-06,0.0015308968112516,0.00156636927513635,0.001850586977296323,0.27042765388549206,0.052478473499757886,1.1249351728667024e-05,0.3073278259411697,-7.2017543963539806e-06,4.294423480059526e-06,7.773974214633198e-06,4.279574385873845e-06,1.5698340048110202e-05,4.268982115046509e-06
garch,t5,0.0,1000,0.05,state,State-L1-clipped,500,0.0015346447731902208,2.0320185696911788e-05,1.3146433211836903e-06,0.0015296597311156498,0.00155289866681182,0.001631434296212065,0.0998489149505634,0.052267383704167336,7.613191530515548e-06,0.1052813675272406,-1.8392169331079177e-05,1.3146433211836903e-06,-3.4164407200920042e-06,1.3005798462077137e-06,4.507925113385001e-06,1.2885305338827393e-06
garch,t5,0.0,1000,0.05,state,State2-ERM,500,0.0015240103439431193,9.68575644981199e-06,4.823622809346624e-07,0.0015206730387694002,0.00153624748340354,0.00156396112369837,0.06737673572724255,0.0512945836778112,3.7070621956452246e-06,0.0804609465551202,-2.9026598578180582e-05,4.823622809346625e-07,-1.4050869967193402e-05,4.629877143411095e-07,-6.126504133716398e-06,4.4343512278105707e-07
garch,t5,0.0,1000,0.05,state,State4-ERM,500,0.0015858544385554142,7.152985106210119e-05,7.058032317649169e-06,0.0015370317769527,0.00166189845559593,0.002502798223021949,0.15822207931610566,0.05378757981609734,2.5680568241905442e-05,0.3897685644861504,3.281749603411441e-05,7.058032317649169e-06,4.7793224645101594e-05,7.0539362295936985e-06,5.57175904785786e-05,7.0379003730143856e-06
garch,t5,0.0,1000,0.05,state,Vol-CP,500,0.001530090295418717,1.5765707925411497e-05,4.186795805321624e-07,0.0015265516607278,0.0015392585582866,0.001568135695210731,0.0429680349201489,0.05120513191194046,5.728199211744561e-06,0.0597602633847314,-2.2946647102583178e-05,4.186795805321627e-07,-7.970918491596004e-06,2.506050973644932e-07,-4.6552658118998153e-08,2.406284122897214e-07
garch,t5,0.0,1000,0.05,state,Vol-ERM,500,0.0015301368480768356,1.5812260583529354e-05,4.2462590064559153e-07,0.00152651252206255,0.0015411751818711701,0.001571786489123548,0.04117133010974466,0.04944772416426517,5.661468695549338e-06,0.0646284811771396,-2.2900094444464183e-05,4.2462590064559153e-07,-7.924365833477006e-06,2.301709052190579e-07,0.0,0.0
