model,asset,method,n_test,viol,pihat,TL,scaled_zone,binomial_zone
PatchTST-FM,ASX200,Raw,1868,40.0,0.0214132762312633,Yellow,Yellow,Red
PatchTST-FM,ASX200,Shift-CP,1868,17.0,0.0091006423982869,Green,Green,Green
PatchTST-FM,ASX200,Shift-ERM,1868,17.0,0.0091006423982869,Green,Green,Green
PatchTST-FM,ASX200,Vol-CP,1868,21.0,0.0112419700214132,Green,Green,Green
PatchTST-FM,ASX200,Vol-ERM,1868,21.0,0.0112419700214132,Green,Green,Green
PatchTST-FM,ASX200,State2-ERM,1868,23.0,0.0123126338329764,Green,Green,Green
PatchTST-FM,ASX200,State4-ERM,1868,22.0,0.0117773019271948,Green,Green,Green
PatchTST-FM,ASX200,State-L1,1868,23.0,0.0123126338329764,Green,Green,Green
PatchTST-FM,ASX200,State-L1-clipped,1868,23.0,0.0123126338329764,Green,Green,Green
PatchTST-FM,ASX200,POT-Shift,1868,17.0,0.0091006423982869,Green,Green,Green
PatchTST-FM,ASX200,POT-Vol,1868,21.0,0.0112419700214132,Green,Green,Green
PatchTST-FM,ASX200,ACI-existing,1868,21.0,0.0112419700214132,Green,Green,Green
PatchTST-FM,ASX200,DtACI-projected-seed,1868,21.0,0.0112419700214132,Green,Green,Green
PatchTST-FM,ASX200,Rolling250,1868,17.0,0.0091006423982869,Green,Green,Green
PatchTST-FM,ASX200,Rolling500,1868,23.0,0.0123126338329764,Green,Green,Green
PatchTST-FM,ASX200,Selected-rolling,1868,17.0,0.0091006423982869,Green,Green,Green
PatchTST-FM,ASX200,Gate-selected-rolling,1868,17.0,0.0091006423982869,Green,Green,Green
PatchTST-FM,ASX200,Loss-gate,1868,40.0,0.0214132762312633,Yellow,Yellow,Red
PatchTST-FM,ASX200,Past-minimum,1868,21.0,0.0112419700214132,Green,Green,Green
PatchTST-FM,ASX200,DtACI-projected-expected,1868,23.79727461275062,0.0127394403708515,,,
PatchTST-FM,AUDUSD,Raw,1430,21.0,0.0146853146853146,Green,Green,Yellow
PatchTST-FM,AUDUSD,Shift-CP,1430,13.0,0.009090909090909,Green,Green,Green
PatchTST-FM,AUDUSD,Shift-ERM,1430,14.0,0.0097902097902097,Green,Green,Green
PatchTST-FM,AUDUSD,Vol-CP,1430,14.0,0.0097902097902097,Green,Green,Green
PatchTST-FM,AUDUSD,Vol-ERM,1430,14.0,0.0097902097902097,Green,Green,Green
PatchTST-FM,AUDUSD,State2-ERM,1430,13.0,0.009090909090909,Green,Green,Green
PatchTST-FM,AUDUSD,State4-ERM,1430,13.0,0.009090909090909,Green,Green,Green
PatchTST-FM,AUDUSD,State-L1,1430,14.0,0.0097902097902097,Green,Green,Green
PatchTST-FM,AUDUSD,State-L1-clipped,1430,14.0,0.0097902097902097,Green,Green,Green
PatchTST-FM,AUDUSD,POT-Shift,1430,13.0,0.009090909090909,Green,Green,Green
PatchTST-FM,AUDUSD,POT-Vol,1430,12.0,0.0083916083916083,Green,Green,Green
PatchTST-FM,AUDUSD,ACI-existing,1430,17.0,0.0118881118881118,Green,Green,Green
PatchTST-FM,AUDUSD,DtACI-projected-seed,1430,18.0,0.0125874125874125,Green,Green,Green
PatchTST-FM,AUDUSD,Rolling250,1430,12.0,0.0083916083916083,Green,Green,Green
PatchTST-FM,AUDUSD,Rolling500,1430,13.0,0.009090909090909,Green,Green,Green
PatchTST-FM,AUDUSD,Selected-rolling,1430,13.0,0.009090909090909,Green,Green,Green
PatchTST-FM,AUDUSD,Gate-selected-rolling,1430,21.0,0.0146853146853146,Green,Green,Yellow
PatchTST-FM,AUDUSD,Loss-gate,1430,21.0,0.0146853146853146,Green,Green,Yellow
PatchTST-FM,AUDUSD,Past-minimum,1430,14.0,0.0097902097902097,Green,Green,Green
PatchTST-FM,AUDUSD,DtACI-projected-expected,1430,17.49515132888564,0.0122343715586612,,,
PatchTST-FM,BOVESPA,Raw,1829,30.0,0.0164024056861673,Yellow,Yellow,Yellow
PatchTST-FM,BOVESPA,Shift-CP,1829,15.0,0.0082012028430836,Green,Green,Green
PatchTST-FM,BOVESPA,Shift-ERM,1829,16.0,0.0087479496992892,Green,Green,Green
PatchTST-FM,BOVESPA,Vol-CP,1829,20.0,0.0109349371241115,Green,Green,Green
PatchTST-FM,BOVESPA,Vol-ERM,1829,15.0,0.0082012028430836,Green,Green,Green
PatchTST-FM,BOVESPA,State2-ERM,1829,29.0,0.0158556588299617,Green,Green,Yellow
PatchTST-FM,BOVESPA,State4-ERM,1829,24.0,0.0131219245489338,Green,Green,Green
PatchTST-FM,BOVESPA,State-L1,1829,25.0,0.0136686714051394,Green,Green,Green
PatchTST-FM,BOVESPA,State-L1-clipped,1829,24.0,0.0131219245489338,Green,Green,Green
PatchTST-FM,BOVESPA,POT-Shift,1829,14.0,0.007654455986878,Green,Green,Green
PatchTST-FM,BOVESPA,POT-Vol,1829,14.0,0.007654455986878,Green,Green,Green
PatchTST-FM,BOVESPA,ACI-existing,1829,24.0,0.0131219245489338,Green,Green,Green
PatchTST-FM,BOVESPA,DtACI-projected-seed,1829,28.0,0.0153089119737561,Green,Green,Yellow
PatchTST-FM,BOVESPA,Rolling250,1829,18.0,0.0098414434117003,Green,Green,Green
PatchTST-FM,BOVESPA,Rolling500,1829,22.0,0.0120284308365226,Green,Green,Green
PatchTST-FM,BOVESPA,Selected-rolling,1829,22.0,0.0120284308365226,Green,Green,Green
PatchTST-FM,BOVESPA,Gate-selected-rolling,1829,22.0,0.0120284308365226,Green,Green,Green
PatchTST-FM,BOVESPA,Loss-gate,1829,30.0,0.0164024056861673,Yellow,Yellow,Yellow
PatchTST-FM,BOVESPA,Past-minimum,1829,15.0,0.0082012028430836,Green,Green,Green
PatchTST-FM,BOVESPA,DtACI-projected-expected,1829,25.005605359707616,0.0136717361179374,,,
PatchTST-FM,BTC,Raw,1157,26.0,0.0224719101123595,Yellow,Yellow,Red
PatchTST-FM,BTC,Shift-CP,1157,7.0,0.0060501296456352,Green,Green,Green
PatchTST-FM,BTC,Shift-ERM,1157,10.0,0.0086430423509075,Green,Green,Green
PatchTST-FM,BTC,Vol-CP,1157,7.0,0.0060501296456352,Green,Green,Green
PatchTST-FM,BTC,Vol-ERM,1157,13.0,0.0112359550561797,Green,Green,Green
PatchTST-FM,BTC,State2-ERM,1157,5.0,0.0043215211754537,Green,Green,Green
PatchTST-FM,BTC,State4-ERM,1157,6.0,0.0051858254105445,Green,Green,Green
PatchTST-FM,BTC,State-L1,1157,6.0,0.0051858254105445,Green,Green,Green
PatchTST-FM,BTC,State-L1-clipped,1157,6.0,0.0051858254105445,Green,Green,Green
PatchTST-FM,BTC,POT-Shift,1157,10.0,0.0086430423509075,Green,Green,Green
PatchTST-FM,BTC,POT-Vol,1157,11.0,0.0095073465859982,Green,Green,Green
PatchTST-FM,BTC,ACI-existing,1157,14.0,0.0121002592912705,Green,Green,Green
PatchTST-FM,BTC,DtACI-projected-seed,1157,14.0,0.0121002592912705,Green,Green,Green
PatchTST-FM,BTC,Rolling250,1157,13.0,0.0112359550561797,Green,Green,Green
PatchTST-FM,BTC,Rolling500,1157,10.0,0.0086430423509075,Green,Green,Green
PatchTST-FM,BTC,Selected-rolling,1157,10.0,0.0086430423509075,Green,Green,Green
PatchTST-FM,BTC,Gate-selected-rolling,1157,10.0,0.0086430423509075,Green,Green,Green
PatchTST-FM,BTC,Loss-gate,1157,26.0,0.0224719101123595,Yellow,Yellow,Red
PatchTST-FM,BTC,Past-minimum,1157,6.0,0.0051858254105445,Green,Green,Green
PatchTST-FM,BTC,DtACI-projected-expected,1157,14.76575612738731,0.012762105555218,,,
PatchTST-FM,CBU0,Raw,1010,15.0,0.0148514851485148,Green,Green,Green
PatchTST-FM,CBU0,Shift-CP,1010,7.0,0.0069306930693069,Green,Green,Green
PatchTST-FM,CBU0,Shift-ERM,1010,8.0,0.0079207920792079,Green,Green,Green
PatchTST-FM,CBU0,Vol-CP,1010,5.0,0.0049504950495049,Green,Green,Green
PatchTST-FM,CBU0,Vol-ERM,1010,7.0,0.0069306930693069,Green,Green,Green
PatchTST-FM,CBU0,State2-ERM,1010,8.0,0.0079207920792079,Green,Green,Green
PatchTST-FM,CBU0,State4-ERM,1010,5.0,0.0049504950495049,Green,Green,Green
PatchTST-FM,CBU0,State-L1,1010,7.0,0.0069306930693069,Green,Green,Green
PatchTST-FM,CBU0,State-L1-clipped,1010,7.0,0.0069306930693069,Green,Green,Green
PatchTST-FM,CBU0,POT-Shift,1010,8.0,0.0079207920792079,Green,Green,Green
PatchTST-FM,CBU0,POT-Vol,1010,0.0,0.0,Green,Green,Green
PatchTST-FM,CBU0,ACI-existing,1010,11.0,0.0108910891089108,Green,Green,Green
PatchTST-FM,CBU0,DtACI-projected-seed,1010,9.0,0.0089108910891089,Green,Green,Green
PatchTST-FM,CBU0,Rolling250,1010,6.0,0.0059405940594059,Green,Green,Green
PatchTST-FM,CBU0,Rolling500,1010,9.0,0.0089108910891089,Green,Green,Green
PatchTST-FM,CBU0,Selected-rolling,1010,9.0,0.0089108910891089,Green,Green,Green
PatchTST-FM,CBU0,Gate-selected-rolling,1010,9.0,0.0089108910891089,Green,Green,Green
PatchTST-FM,CBU0,Loss-gate,1010,15.0,0.0148514851485148,Green,Green,Green
PatchTST-FM,CBU0,Past-minimum,1010,5.0,0.0049504950495049,Green,Green,Green
PatchTST-FM,CBU0,DtACI-projected-expected,1010,10.097281347620328,0.0099973082649706,,,
PatchTST-FM,DJCI,Raw,765,13.0,0.0169934640522875,Yellow,Yellow,Yellow
PatchTST-FM,DJCI,Shift-CP,765,9.0,0.0117647058823529,Green,Green,Green
PatchTST-FM,DJCI,Shift-ERM,765,10.0,0.0130718954248366,Green,Green,Green
PatchTST-FM,DJCI,Vol-CP,765,8.0,0.0104575163398692,Green,Green,Green
PatchTST-FM,DJCI,Vol-ERM,765,8.0,0.0104575163398692,Green,Green,Green
PatchTST-FM,DJCI,State2-ERM,765,8.0,0.0104575163398692,Green,Green,Green
PatchTST-FM,DJCI,State4-ERM,765,8.0,0.0104575163398692,Green,Green,Green
PatchTST-FM,DJCI,State-L1,765,10.0,0.0130718954248366,Green,Green,Green
PatchTST-FM,DJCI,State-L1-clipped,765,10.0,0.0130718954248366,Green,Green,Green
PatchTST-FM,DJCI,POT-Shift,765,9.0,0.0117647058823529,Green,Green,Green
PatchTST-FM,DJCI,POT-Vol,765,9.0,0.0117647058823529,Green,Green,Green
PatchTST-FM,DJCI,ACI-existing,765,13.0,0.0169934640522875,Yellow,Yellow,Yellow
PatchTST-FM,DJCI,DtACI-projected-seed,765,15.0,0.0196078431372549,Yellow,Yellow,Yellow
PatchTST-FM,DJCI,Rolling250,765,10.0,0.0130718954248366,Green,Green,Green
PatchTST-FM,DJCI,Rolling500,765,14.0,0.0183006535947712,Yellow,Yellow,Yellow
PatchTST-FM,DJCI,Selected-rolling,765,14.0,0.0183006535947712,Yellow,Yellow,Yellow
PatchTST-FM,DJCI,Gate-selected-rolling,765,14.0,0.0183006535947712,Yellow,Yellow,Yellow
PatchTST-FM,DJCI,Loss-gate,765,13.0,0.0169934640522875,Yellow,Yellow,Yellow
PatchTST-FM,DJCI,Past-minimum,765,9.0,0.0117647058823529,Green,Green,Green
PatchTST-FM,DJCI,DtACI-projected-expected,765,15.296129306015391,0.0199949402693011,,,
PatchTST-FM,ETH,Raw,812,23.0,0.0283251231527093,Yellow,Yellow,Red
PatchTST-FM,ETH,Shift-CP,812,6.0,0.0073891625615763,Green,Green,Green
PatchTST-FM,ETH,Shift-ERM,812,6.0,0.0073891625615763,Green,Green,Green
PatchTST-FM,ETH,Vol-CP,812,7.0,0.0086206896551724,Green,Green,Green
PatchTST-FM,ETH,Vol-ERM,812,7.0,0.0086206896551724,Green,Green,Green
PatchTST-FM,ETH,State2-ERM,812,9.0,0.0110837438423645,Green,Green,Green
PatchTST-FM,ETH,State4-ERM,812,13.0,0.0160098522167487,Yellow,Yellow,Yellow
PatchTST-FM,ETH,State-L1,812,9.0,0.0110837438423645,Green,Green,Green
PatchTST-FM,ETH,State-L1-clipped,812,9.0,0.0110837438423645,Green,Green,Green
PatchTST-FM,ETH,POT-Shift,812,6.0,0.0073891625615763,Green,Green,Green
PatchTST-FM,ETH,POT-Vol,812,7.0,0.0086206896551724,Green,Green,Green
PatchTST-FM,ETH,ACI-existing,812,9.0,0.0110837438423645,Green,Green,Green
PatchTST-FM,ETH,DtACI-projected-seed,812,11.0,0.0135467980295566,Green,Green,Green
PatchTST-FM,ETH,Rolling250,812,6.0,0.0073891625615763,Green,Green,Green
PatchTST-FM,ETH,Rolling500,812,9.0,0.0110837438423645,Green,Green,Green
PatchTST-FM,ETH,Selected-rolling,812,9.0,0.0110837438423645,Green,Green,Green
PatchTST-FM,ETH,Gate-selected-rolling,812,9.0,0.0110837438423645,Green,Green,Green
PatchTST-FM,ETH,Loss-gate,812,23.0,0.0283251231527093,Yellow,Yellow,Red
PatchTST-FM,ETH,Past-minimum,812,23.0,0.0283251231527093,Yellow,Yellow,Red
PatchTST-FM,ETH,DtACI-projected-expected,812,9.684709112069289,0.0119269816651099,,,
PatchTST-FM,EURUSD,Raw,1617,28.0,0.0173160173160173,Yellow,Yellow,Yellow
PatchTST-FM,EURUSD,Shift-CP,1617,20.0,0.0123685837971552,Green,Green,Green
PatchTST-FM,EURUSD,Shift-ERM,1617,20.0,0.0123685837971552,Green,Green,Green
PatchTST-FM,EURUSD,Vol-CP,1617,22.0,0.0136054421768707,Green,Green,Green
PatchTST-FM,EURUSD,Vol-ERM,1617,10.0,0.0061842918985776,Green,Green,Green
PatchTST-FM,EURUSD,State2-ERM,1617,24.0,0.0148423005565862,Green,Green,Yellow
PatchTST-FM,EURUSD,State4-ERM,1617,29.0,0.017934446505875,Yellow,Yellow,Yellow
PatchTST-FM,EURUSD,State-L1,1617,24.0,0.0148423005565862,Green,Green,Yellow
PatchTST-FM,EURUSD,State-L1-clipped,1617,24.0,0.0148423005565862,Green,Green,Yellow
PatchTST-FM,EURUSD,POT-Shift,1617,16.0,0.0098948670377241,Green,Green,Green
PatchTST-FM,EURUSD,POT-Vol,1617,22.0,0.0136054421768707,Green,Green,Green
PatchTST-FM,EURUSD,ACI-existing,1617,18.0,0.0111317254174397,Green,Green,Green
PatchTST-FM,EURUSD,DtACI-projected-seed,1617,19.0,0.0117501546072974,Green,Green,Green
PatchTST-FM,EURUSD,Rolling250,1617,12.0,0.0074211502782931,Green,Green,Green
PatchTST-FM,EURUSD,Rolling500,1617,17.0,0.0105132962275819,Green,Green,Green
PatchTST-FM,EURUSD,Selected-rolling,1617,17.0,0.0105132962275819,Green,Green,Green
PatchTST-FM,EURUSD,Gate-selected-rolling,1617,28.0,0.0173160173160173,Yellow,Yellow,Yellow
PatchTST-FM,EURUSD,Loss-gate,1617,28.0,0.0173160173160173,Yellow,Yellow,Yellow
PatchTST-FM,EURUSD,Past-minimum,1617,28.0,0.0173160173160173,Yellow,Yellow,Yellow
PatchTST-FM,EURUSD,DtACI-projected-expected,1617,19.061838247932677,0.0117883971848686,,,
PatchTST-FM,FCHI,Raw,1891,35.0,0.0185087255420412,Yellow,Yellow,Yellow
PatchTST-FM,FCHI,Shift-CP,1891,17.0,0.0089899524061343,Green,Green,Green
PatchTST-FM,FCHI,Shift-ERM,1891,17.0,0.0089899524061343,Green,Green,Green
PatchTST-FM,FCHI,Vol-CP,1891,19.0,0.0100475938656795,Green,Green,Green
PatchTST-FM,FCHI,Vol-ERM,1891,19.0,0.0100475938656795,Green,Green,Green
PatchTST-FM,FCHI,State2-ERM,1891,22.0,0.0116340560549973,Green,Green,Green
PatchTST-FM,FCHI,State4-ERM,1891,22.0,0.0116340560549973,Green,Green,Green
PatchTST-FM,FCHI,State-L1,1891,19.0,0.0100475938656795,Green,Green,Green
PatchTST-FM,FCHI,State-L1-clipped,1891,19.0,0.0100475938656795,Green,Green,Green
PatchTST-FM,FCHI,POT-Shift,1891,17.0,0.0089899524061343,Green,Green,Green
PatchTST-FM,FCHI,POT-Vol,1891,19.0,0.0100475938656795,Green,Green,Green
PatchTST-FM,FCHI,ACI-existing,1891,24.0,0.0126916975145425,Green,Green,Green
PatchTST-FM,FCHI,DtACI-projected-seed,1891,26.0,0.0137493389740877,Green,Green,Yellow
PatchTST-FM,FCHI,Rolling250,1891,18.0,0.0095187731359069,Green,Green,Green
PatchTST-FM,FCHI,Rolling500,1891,22.0,0.0116340560549973,Green,Green,Green
PatchTST-FM,FCHI,Selected-rolling,1891,22.0,0.0116340560549973,Green,Green,Green
PatchTST-FM,FCHI,Gate-selected-rolling,1891,22.0,0.0116340560549973,Green,Green,Green
PatchTST-FM,FCHI,Loss-gate,1891,19.0,0.0100475938656795,Green,Green,Green
PatchTST-FM,FCHI,Past-minimum,1891,19.0,0.0100475938656795,Green,Green,Green
PatchTST-FM,FCHI,DtACI-projected-expected,1891,23.012922906535294,0.0121697106856347,,,
PatchTST-FM,FTSE100,Raw,1867,35.0,0.0187466523835029,Yellow,Yellow,Yellow
PatchTST-FM,FTSE100,Shift-CP,1867,16.0,0.0085698982324584,Green,Green,Green
PatchTST-FM,FTSE100,Shift-ERM,1867,16.0,0.0085698982324584,Green,Green,Green
PatchTST-FM,FTSE100,Vol-CP,1867,19.0,0.0101767541510444,Green,Green,Green
PatchTST-FM,FTSE100,Vol-ERM,1867,19.0,0.0101767541510444,Green,Green,Green
PatchTST-FM,FTSE100,State2-ERM,1867,21.0,0.0112479914301017,Green,Green,Green
PatchTST-FM,FTSE100,State4-ERM,1867,21.0,0.0112479914301017,Green,Green,Green
PatchTST-FM,FTSE100,State-L1,1867,16.0,0.0085698982324584,Green,Green,Green
PatchTST-FM,FTSE100,State-L1-clipped,1867,16.0,0.0085698982324584,Green,Green,Green
PatchTST-FM,FTSE100,POT-Shift,1867,20.0,0.0107123727905731,Green,Green,Green
PatchTST-FM,FTSE100,POT-Vol,1867,19.0,0.0101767541510444,Green,Green,Green
PatchTST-FM,FTSE100,ACI-existing,1867,21.0,0.0112479914301017,Green,Green,Green
PatchTST-FM,FTSE100,DtACI-projected-seed,1867,25.0,0.0133904659882163,Green,Green,Green
PatchTST-FM,FTSE100,Rolling250,1867,14.0,0.0074986609534011,Green,Green,Green
PatchTST-FM,FTSE100,Rolling500,1867,20.0,0.0107123727905731,Green,Green,Green
PatchTST-FM,FTSE100,Selected-rolling,1867,14.0,0.0074986609534011,Green,Green,Green
PatchTST-FM,FTSE100,Gate-selected-rolling,1867,14.0,0.0074986609534011,Green,Green,Green
PatchTST-FM,FTSE100,Loss-gate,1867,19.0,0.0101767541510444,Green,Green,Green
PatchTST-FM,FTSE100,Past-minimum,1867,19.0,0.0101767541510444,Green,Green,Green
PatchTST-FM,FTSE100,DtACI-projected-expected,1867,24.586977645320545,0.013169243516508,,,
PatchTST-FM,GBPUSD,Raw,1621,30.0,0.0185070943861813,Yellow,Yellow,Yellow
PatchTST-FM,GBPUSD,Shift-CP,1621,11.0,0.0067859346082665,Green,Green,Green
PatchTST-FM,GBPUSD,Shift-ERM,1621,12.0,0.0074028377544725,Green,Green,Green
PatchTST-FM,GBPUSD,Vol-CP,1621,11.0,0.0067859346082665,Green,Green,Green
PatchTST-FM,GBPUSD,Vol-ERM,1621,12.0,0.0074028377544725,Green,Green,Green
PatchTST-FM,GBPUSD,State2-ERM,1621,11.0,0.0067859346082665,Green,Green,Green
PatchTST-FM,GBPUSD,State4-ERM,1621,12.0,0.0074028377544725,Green,Green,Green
PatchTST-FM,GBPUSD,State-L1,1621,12.0,0.0074028377544725,Green,Green,Green
PatchTST-FM,GBPUSD,State-L1-clipped,1621,12.0,0.0074028377544725,Green,Green,Green
PatchTST-FM,GBPUSD,POT-Shift,1621,11.0,0.0067859346082665,Green,Green,Green
PatchTST-FM,GBPUSD,POT-Vol,1621,11.0,0.0067859346082665,Green,Green,Green
PatchTST-FM,GBPUSD,ACI-existing,1621,19.0,0.0117211597779148,Green,Green,Green
PatchTST-FM,GBPUSD,DtACI-projected-seed,1621,22.0,0.013571869216533,Green,Green,Green
PatchTST-FM,GBPUSD,Rolling250,1621,16.0,0.0098704503392967,Green,Green,Green
PatchTST-FM,GBPUSD,Rolling500,1621,14.0,0.0086366440468846,Green,Green,Green
PatchTST-FM,GBPUSD,Selected-rolling,1621,14.0,0.0086366440468846,Green,Green,Green
PatchTST-FM,GBPUSD,Gate-selected-rolling,1621,14.0,0.0086366440468846,Green,Green,Green
PatchTST-FM,GBPUSD,Loss-gate,1621,30.0,0.0185070943861813,Yellow,Yellow,Yellow
PatchTST-FM,GBPUSD,Past-minimum,1621,15.0,0.0092535471930906,Green,Green,Green
PatchTST-FM,GBPUSD,DtACI-projected-expected,1621,20.753823691951037,0.0128030991313701,,,
PatchTST-FM,GDAXI,Raw,1878,37.0,0.0197018104366347,Yellow,Yellow,Red
PatchTST-FM,GDAXI,Shift-CP,1878,21.0,0.011182108626198,Green,Green,Green
PatchTST-FM,GDAXI,Shift-ERM,1878,21.0,0.011182108626198,Green,Green,Green
PatchTST-FM,GDAXI,Vol-CP,1878,24.0,0.0127795527156549,Green,Green,Green
PatchTST-FM,GDAXI,Vol-ERM,1878,25.0,0.0133120340788072,Green,Green,Green
PatchTST-FM,GDAXI,State2-ERM,1878,28.0,0.0149094781682641,Green,Green,Yellow
PatchTST-FM,GDAXI,State4-ERM,1878,29.0,0.0154419595314164,Green,Green,Yellow
PatchTST-FM,GDAXI,State-L1,1878,28.0,0.0149094781682641,Green,Green,Yellow
PatchTST-FM,GDAXI,State-L1-clipped,1878,28.0,0.0149094781682641,Green,Green,Yellow
PatchTST-FM,GDAXI,POT-Shift,1878,18.0,0.0095846645367412,Green,Green,Green
PatchTST-FM,GDAXI,POT-Vol,1878,21.0,0.011182108626198,Green,Green,Green
PatchTST-FM,GDAXI,ACI-existing,1878,24.0,0.0127795527156549,Green,Green,Green
PatchTST-FM,GDAXI,DtACI-projected-seed,1878,27.0,0.0143769968051118,Green,Green,Yellow
PatchTST-FM,GDAXI,Rolling250,1878,19.0,0.0101171458998935,Green,Green,Green
PatchTST-FM,GDAXI,Rolling500,1878,22.0,0.0117145899893503,Green,Green,Green
PatchTST-FM,GDAXI,Selected-rolling,1878,19.0,0.0101171458998935,Green,Green,Green
PatchTST-FM,GDAXI,Gate-selected-rolling,1878,19.0,0.0101171458998935,Green,Green,Green
PatchTST-FM,GDAXI,Loss-gate,1878,27.0,0.0143769968051118,Green,Green,Yellow
PatchTST-FM,GDAXI,Past-minimum,1878,27.0,0.0143769968051118,Green,Green,Yellow
PatchTST-FM,GDAXI,DtACI-projected-expected,1878,24.775890187179662,0.0131926997801808,,,
PatchTST-FM,GLD,Raw,1490,28.0,0.0187919463087248,Yellow,Yellow,Yellow
PatchTST-FM,GLD,Shift-CP,1490,16.0,0.010738255033557,Green,Green,Green
PatchTST-FM,GLD,Shift-ERM,1490,16.0,0.010738255033557,Green,Green,Green
PatchTST-FM,GLD,Vol-CP,1490,16.0,0.010738255033557,Green,Green,Green
PatchTST-FM,GLD,Vol-ERM,1490,16.0,0.010738255033557,Green,Green,Green
PatchTST-FM,GLD,State2-ERM,1490,16.0,0.010738255033557,Green,Green,Green
PatchTST-FM,GLD,State4-ERM,1490,19.0,0.0127516778523489,Green,Green,Green
PatchTST-FM,GLD,State-L1,1490,16.0,0.010738255033557,Green,Green,Green
PatchTST-FM,GLD,State-L1-clipped,1490,16.0,0.010738255033557,Green,Green,Green
PatchTST-FM,GLD,POT-Shift,1490,16.0,0.010738255033557,Green,Green,Green
PatchTST-FM,GLD,POT-Vol,1490,15.0,0.0100671140939597,Green,Green,Green
PatchTST-FM,GLD,ACI-existing,1490,16.0,0.010738255033557,Green,Green,Green
PatchTST-FM,GLD,DtACI-projected-seed,1490,15.0,0.0100671140939597,Green,Green,Green
PatchTST-FM,GLD,Rolling250,1490,10.0,0.0067114093959731,Green,Green,Green
PatchTST-FM,GLD,Rolling500,1490,15.0,0.0100671140939597,Green,Green,Green
PatchTST-FM,GLD,Selected-rolling,1490,15.0,0.0100671140939597,Green,Green,Green
PatchTST-FM,GLD,Gate-selected-rolling,1490,15.0,0.0100671140939597,Green,Green,Green
PatchTST-FM,GLD,Loss-gate,1490,28.0,0.0187919463087248,Yellow,Yellow,Yellow
PatchTST-FM,GLD,Past-minimum,1490,16.0,0.010738255033557,Green,Green,Green
PatchTST-FM,GLD,DtACI-projected-expected,1490,16.590990006569157,0.0111348926218584,,,
PatchTST-FM,HSI,Raw,1817,31.0,0.0170610897083104,Yellow,Yellow,Yellow
PatchTST-FM,HSI,Shift-CP,1817,19.0,0.0104567969179966,Green,Green,Green
PatchTST-FM,HSI,Shift-ERM,1817,19.0,0.0104567969179966,Green,Green,Green
PatchTST-FM,HSI,Vol-CP,1817,18.0,0.0099064391854705,Green,Green,Green
PatchTST-FM,HSI,Vol-ERM,1817,18.0,0.0099064391854705,Green,Green,Green
PatchTST-FM,HSI,State2-ERM,1817,16.0,0.0088057237204182,Green,Green,Green
PatchTST-FM,HSI,State4-ERM,1817,18.0,0.0099064391854705,Green,Green,Green
PatchTST-FM,HSI,State-L1,1817,18.0,0.0099064391854705,Green,Green,Green
PatchTST-FM,HSI,State-L1-clipped,1817,18.0,0.0099064391854705,Green,Green,Green
PatchTST-FM,HSI,POT-Shift,1817,16.0,0.0088057237204182,Green,Green,Green
PatchTST-FM,HSI,POT-Vol,1817,16.0,0.0088057237204182,Green,Green,Green
PatchTST-FM,HSI,ACI-existing,1817,22.0,0.0121078701155751,Green,Green,Green
PatchTST-FM,HSI,DtACI-projected-seed,1817,26.0,0.0143093010456796,Green,Green,Yellow
PatchTST-FM,HSI,Rolling250,1817,19.0,0.0104567969179966,Green,Green,Green
PatchTST-FM,HSI,Rolling500,1817,15.0,0.0082553659878921,Green,Green,Green
PatchTST-FM,HSI,Selected-rolling,1817,15.0,0.0082553659878921,Green,Green,Green
PatchTST-FM,HSI,Gate-selected-rolling,1817,15.0,0.0082553659878921,Green,Green,Green
PatchTST-FM,HSI,Loss-gate,1817,18.0,0.0099064391854705,Green,Green,Green
PatchTST-FM,HSI,Past-minimum,1817,18.0,0.0099064391854705,Green,Green,Green
PatchTST-FM,HSI,DtACI-projected-expected,1817,23.55813174811865,0.0129653999714466,,,
PatchTST-FM,IBGL,Raw,1260,22.0,0.0174603174603174,Yellow,Yellow,Yellow
PatchTST-FM,IBGL,Shift-CP,1260,9.0,0.0071428571428571,Green,Green,Green
PatchTST-FM,IBGL,Shift-ERM,1260,9.0,0.0071428571428571,Green,Green,Green
PatchTST-FM,IBGL,Vol-CP,1260,6.0,0.0047619047619047,Green,Green,Green
PatchTST-FM,IBGL,Vol-ERM,1260,6.0,0.0047619047619047,Green,Green,Green
PatchTST-FM,IBGL,State2-ERM,1260,6.0,0.0047619047619047,Green,Green,Green
PatchTST-FM,IBGL,State4-ERM,1260,6.0,0.0047619047619047,Green,Green,Green
PatchTST-FM,IBGL,State-L1,1260,5.0,0.0039682539682539,Green,Green,Green
PatchTST-FM,IBGL,State-L1-clipped,1260,5.0,0.0039682539682539,Green,Green,Green
PatchTST-FM,IBGL,POT-Shift,1260,7.0,0.0055555555555555,Green,Green,Green
PatchTST-FM,IBGL,POT-Vol,1260,6.0,0.0047619047619047,Green,Green,Green
PatchTST-FM,IBGL,ACI-existing,1260,17.0,0.0134920634920634,Green,Green,Green
PatchTST-FM,IBGL,DtACI-projected-seed,1260,23.0,0.0182539682539682,Yellow,Yellow,Yellow
PatchTST-FM,IBGL,Rolling250,1260,17.0,0.0134920634920634,Green,Green,Green
PatchTST-FM,IBGL,Rolling500,1260,16.0,0.0126984126984126,Green,Green,Green
PatchTST-FM,IBGL,Selected-rolling,1260,12.0,0.0095238095238095,Green,Green,Green
PatchTST-FM,IBGL,Gate-selected-rolling,1260,12.0,0.0095238095238095,Green,Green,Green
PatchTST-FM,IBGL,Loss-gate,1260,22.0,0.0174603174603174,Yellow,Yellow,Yellow
PatchTST-FM,IBGL,Past-minimum,1260,4.0,0.0031746031746031,Green,Green,Green
PatchTST-FM,IBGL,DtACI-projected-expected,1260,22.046183127164163,0.0174969707358445,,,
PatchTST-FM,ICLN,Raw,1219,27.0,0.0221493027071369,Yellow,Yellow,Red
PatchTST-FM,ICLN,Shift-CP,1219,13.0,0.0106644790812141,Green,Green,Green
PatchTST-FM,ICLN,Shift-ERM,1219,16.0,0.0131255127153404,Green,Green,Green
PatchTST-FM,ICLN,Vol-CP,1219,10.0,0.0082034454470877,Green,Green,Green
PatchTST-FM,ICLN,Vol-ERM,1219,11.0,0.0090237899917965,Green,Green,Green
PatchTST-FM,ICLN,State2-ERM,1219,13.0,0.0106644790812141,Green,Green,Green
PatchTST-FM,ICLN,State4-ERM,1219,10.0,0.0082034454470877,Green,Green,Green
PatchTST-FM,ICLN,State-L1,1219,13.0,0.0106644790812141,Green,Green,Green
PatchTST-FM,ICLN,State-L1-clipped,1219,13.0,0.0106644790812141,Green,Green,Green
PatchTST-FM,ICLN,POT-Shift,1219,12.0,0.0098441345365053,Green,Green,Green
PatchTST-FM,ICLN,POT-Vol,1219,9.0,0.0073831009023789,Green,Green,Green
PatchTST-FM,ICLN,ACI-existing,1219,15.0,0.0123051681706316,Green,Green,Green
PatchTST-FM,ICLN,DtACI-projected-seed,1219,16.0,0.0131255127153404,Green,Green,Green
PatchTST-FM,ICLN,Rolling250,1219,12.0,0.0098441345365053,Green,Green,Green
PatchTST-FM,ICLN,Rolling500,1219,13.0,0.0106644790812141,Green,Green,Green
PatchTST-FM,ICLN,Selected-rolling,1219,13.0,0.0106644790812141,Green,Green,Green
PatchTST-FM,ICLN,Gate-selected-rolling,1219,13.0,0.0106644790812141,Green,Green,Green
PatchTST-FM,ICLN,Loss-gate,1219,16.0,0.0131255127153404,Green,Green,Green
PatchTST-FM,ICLN,Past-minimum,1219,12.0,0.0098441345365053,Green,Green,Green
PatchTST-FM,ICLN,DtACI-projected-expected,1219,16.136523386039126,0.0132375089303028,,,
PatchTST-FM,NIFTY,Raw,1242,13.0,0.0104669887278582,Green,Green,Green
PatchTST-FM,NIFTY,Shift-CP,1242,8.0,0.0064412238325281,Green,Green,Green
PatchTST-FM,NIFTY,Shift-ERM,1242,8.0,0.0064412238325281,Green,Green,Green
PatchTST-FM,NIFTY,Vol-CP,1242,9.0,0.0072463768115942,Green,Green,Green
PatchTST-FM,NIFTY,Vol-ERM,1242,9.0,0.0072463768115942,Green,Green,Green
PatchTST-FM,NIFTY,State2-ERM,1242,13.0,0.0104669887278582,Green,Green,Green
PatchTST-FM,NIFTY,State4-ERM,1242,14.0,0.0112721417069243,Green,Green,Green
PatchTST-FM,NIFTY,State-L1,1242,13.0,0.0104669887278582,Green,Green,Green
PatchTST-FM,NIFTY,State-L1-clipped,1242,13.0,0.0104669887278582,Green,Green,Green
PatchTST-FM,NIFTY,POT-Shift,1242,8.0,0.0064412238325281,Green,Green,Green
PatchTST-FM,NIFTY,POT-Vol,1242,8.0,0.0064412238325281,Green,Green,Green
PatchTST-FM,NIFTY,ACI-existing,1242,17.0,0.0136876006441223,Green,Green,Green
PatchTST-FM,NIFTY,DtACI-projected-seed,1242,18.0,0.0144927536231884,Green,Green,Yellow
PatchTST-FM,NIFTY,Rolling250,1242,11.0,0.0088566827697262,Green,Green,Green
PatchTST-FM,NIFTY,Rolling500,1242,12.0,0.0096618357487922,Green,Green,Green
PatchTST-FM,NIFTY,Selected-rolling,1242,12.0,0.0096618357487922,Green,Green,Green
PatchTST-FM,NIFTY,Gate-selected-rolling,1242,12.0,0.0096618357487922,Green,Green,Green
PatchTST-FM,NIFTY,Loss-gate,1242,10.0,0.0080515297906602,Green,Green,Green
PatchTST-FM,NIFTY,Past-minimum,1242,10.0,0.0080515297906602,Green,Green,Green
PatchTST-FM,NIFTY,DtACI-projected-expected,1242,17.105889569146157,0.0137728579461724,,,
PatchTST-FM,NIKKEI,Raw,1806,34.0,0.0188261351052048,Yellow,Yellow,Yellow
PatchTST-FM,NIKKEI,Shift-CP,1806,13.0,0.0071982281284606,Green,Green,Green
PatchTST-FM,NIKKEI,Shift-ERM,1806,15.0,0.0083056478405315,Green,Green,Green
PatchTST-FM,NIKKEI,Vol-CP,1806,16.0,0.0088593576965669,Green,Green,Green
PatchTST-FM,NIKKEI,Vol-ERM,1806,15.0,0.0083056478405315,Green,Green,Green
PatchTST-FM,NIKKEI,State2-ERM,1806,16.0,0.0088593576965669,Green,Green,Green
PatchTST-FM,NIKKEI,State4-ERM,1806,17.0,0.0094130675526024,Green,Green,Green
PatchTST-FM,NIKKEI,State-L1,1806,14.0,0.0077519379844961,Green,Green,Green
PatchTST-FM,NIKKEI,State-L1-clipped,1806,14.0,0.0077519379844961,Green,Green,Green
PatchTST-FM,NIKKEI,POT-Shift,1806,12.0,0.0066445182724252,Green,Green,Green
PatchTST-FM,NIKKEI,POT-Vol,1806,14.0,0.0077519379844961,Green,Green,Green
PatchTST-FM,NIKKEI,ACI-existing,1806,23.0,0.012735326688815,Green,Green,Green
PatchTST-FM,NIKKEI,DtACI-projected-seed,1806,23.0,0.012735326688815,Green,Green,Green
PatchTST-FM,NIKKEI,Rolling250,1806,16.0,0.0088593576965669,Green,Green,Green
PatchTST-FM,NIKKEI,Rolling500,1806,20.0,0.0110741971207087,Green,Green,Green
PatchTST-FM,NIKKEI,Selected-rolling,1806,20.0,0.0110741971207087,Green,Green,Green
PatchTST-FM,NIKKEI,Gate-selected-rolling,1806,20.0,0.0110741971207087,Green,Green,Green
PatchTST-FM,NIKKEI,Loss-gate,1806,34.0,0.0188261351052048,Yellow,Yellow,Yellow
PatchTST-FM,NIKKEI,Past-minimum,1806,13.0,0.0071982281284606,Green,Green,Green
PatchTST-FM,NIKKEI,DtACI-projected-expected,1806,23.664003159453483,0.0131029917826431,,,
PatchTST-FM,SP500,Raw,1858,36.0,0.0193756727664155,Yellow,Yellow,Red
PatchTST-FM,SP500,Shift-CP,1858,21.0,0.011302475780409,Green,Green,Green
PatchTST-FM,SP500,Shift-ERM,1858,22.0,0.0118406889128094,Green,Green,Green
PatchTST-FM,SP500,Vol-CP,1858,18.0,0.0096878363832077,Green,Green,Green
PatchTST-FM,SP500,Vol-ERM,1858,23.0,0.0123789020452099,Green,Green,Green
PatchTST-FM,SP500,State2-ERM,1858,22.0,0.0118406889128094,Green,Green,Green
PatchTST-FM,SP500,State4-ERM,1858,21.0,0.011302475780409,Green,Green,Green
PatchTST-FM,SP500,State-L1,1858,21.0,0.011302475780409,Green,Green,Green
PatchTST-FM,SP500,State-L1-clipped,1858,21.0,0.011302475780409,Green,Green,Green
PatchTST-FM,SP500,POT-Shift,1858,23.0,0.0123789020452099,Green,Green,Green
PatchTST-FM,SP500,POT-Vol,1858,18.0,0.0096878363832077,Green,Green,Green
PatchTST-FM,SP500,ACI-existing,1858,25.0,0.0134553283100107,Green,Green,Green
PatchTST-FM,SP500,DtACI-projected-seed,1858,24.0,0.0129171151776103,Green,Green,Green
PatchTST-FM,SP500,Rolling250,1858,24.0,0.0129171151776103,Green,Green,Green
PatchTST-FM,SP500,Rolling500,1858,21.0,0.011302475780409,Green,Green,Green
PatchTST-FM,SP500,Selected-rolling,1858,21.0,0.011302475780409,Green,Green,Green
PatchTST-FM,SP500,Gate-selected-rolling,1858,21.0,0.011302475780409,Green,Green,Green
PatchTST-FM,SP500,Loss-gate,1858,24.0,0.0129171151776103,Green,Green,Green
PatchTST-FM,SP500,Past-minimum,1858,21.0,0.011302475780409,Green,Green,Green
PatchTST-FM,SP500,DtACI-projected-expected,1858,26.142147274859077,0.0140700469724752,,,
PatchTST-FM,STOXX,Raw,1532,23.0,0.0150130548302872,Green,Green,Yellow
PatchTST-FM,STOXX,Shift-CP,1532,8.0,0.0052219321148825,Green,Green,Green
PatchTST-FM,STOXX,Shift-ERM,1532,8.0,0.0052219321148825,Green,Green,Green
PatchTST-FM,STOXX,Vol-CP,1532,8.0,0.0052219321148825,Green,Green,Green
PatchTST-FM,STOXX,Vol-ERM,1532,8.0,0.0052219321148825,Green,Green,Green
PatchTST-FM,STOXX,State2-ERM,1532,10.0,0.0065274151436031,Green,Green,Green
PatchTST-FM,STOXX,State4-ERM,1532,10.0,0.0065274151436031,Green,Green,Green
PatchTST-FM,STOXX,State-L1,1532,10.0,0.0065274151436031,Green,Green,Green
PatchTST-FM,STOXX,State-L1-clipped,1532,10.0,0.0065274151436031,Green,Green,Green
PatchTST-FM,STOXX,POT-Shift,1532,8.0,0.0052219321148825,Green,Green,Green
PatchTST-FM,STOXX,POT-Vol,1532,8.0,0.0052219321148825,Green,Green,Green
PatchTST-FM,STOXX,ACI-existing,1532,21.0,0.0137075718015665,Green,Green,Green
PatchTST-FM,STOXX,DtACI-projected-seed,1532,19.0,0.0124020887728459,Green,Green,Green
PatchTST-FM,STOXX,Rolling250,1532,13.0,0.008485639686684,Green,Green,Green
PatchTST-FM,STOXX,Rolling500,1532,15.0,0.0097911227154047,Green,Green,Green
PatchTST-FM,STOXX,Selected-rolling,1532,13.0,0.008485639686684,Green,Green,Green
PatchTST-FM,STOXX,Gate-selected-rolling,1532,13.0,0.008485639686684,Green,Green,Green
PatchTST-FM,STOXX,Loss-gate,1532,23.0,0.0150130548302872,Green,Green,Yellow
PatchTST-FM,STOXX,Past-minimum,1532,8.0,0.0052219321148825,Green,Green,Green
PatchTST-FM,STOXX,DtACI-projected-expected,1532,17.522336622426366,0.0114375565420537,,,
PatchTST-FM,TLT,Raw,1665,21.0,0.0126126126126126,Green,Green,Green
PatchTST-FM,TLT,Shift-CP,1665,13.0,0.0078078078078078,Green,Green,Green
PatchTST-FM,TLT,Shift-ERM,1665,13.0,0.0078078078078078,Green,Green,Green
PatchTST-FM,TLT,Vol-CP,1665,13.0,0.0078078078078078,Green,Green,Green
PatchTST-FM,TLT,Vol-ERM,1665,12.0,0.0072072072072072,Green,Green,Green
PatchTST-FM,TLT,State2-ERM,1665,13.0,0.0078078078078078,Green,Green,Green
PatchTST-FM,TLT,State4-ERM,1665,11.0,0.0066066066066066,Green,Green,Green
PatchTST-FM,TLT,State-L1,1665,13.0,0.0078078078078078,Green,Green,Green
PatchTST-FM,TLT,State-L1-clipped,1665,13.0,0.0078078078078078,Green,Green,Green
PatchTST-FM,TLT,POT-Shift,1665,13.0,0.0078078078078078,Green,Green,Green
PatchTST-FM,TLT,POT-Vol,1665,13.0,0.0078078078078078,Green,Green,Green
PatchTST-FM,TLT,ACI-existing,1665,21.0,0.0126126126126126,Green,Green,Green
PatchTST-FM,TLT,DtACI-projected-seed,1665,20.0,0.012012012012012,Green,Green,Green
PatchTST-FM,TLT,Rolling250,1665,13.0,0.0078078078078078,Green,Green,Green
PatchTST-FM,TLT,Rolling500,1665,15.0,0.009009009009009,Green,Green,Green
PatchTST-FM,TLT,Selected-rolling,1665,13.0,0.0078078078078078,Green,Green,Green
PatchTST-FM,TLT,Gate-selected-rolling,1665,13.0,0.0078078078078078,Green,Green,Green
PatchTST-FM,TLT,Loss-gate,1665,21.0,0.0126126126126126,Green,Green,Green
PatchTST-FM,TLT,Past-minimum,1665,12.0,0.0072072072072072,Green,Green,Green
PatchTST-FM,TLT,DtACI-projected-expected,1665,19.585641344235775,0.0117631479544959,,,
PatchTST-FM,UNG,Raw,1309,24.0,0.0183346065699006,Yellow,Yellow,Yellow
PatchTST-FM,UNG,Shift-CP,1309,19.0,0.014514896867838,Green,Green,Yellow
PatchTST-FM,UNG,Shift-ERM,1309,19.0,0.014514896867838,Green,Green,Yellow
PatchTST-FM,UNG,Vol-CP,1309,13.0,0.0099312452253628,Green,Green,Green
PatchTST-FM,UNG,Vol-ERM,1309,12.0,0.0091673032849503,Green,Green,Green
PatchTST-FM,UNG,State2-ERM,1309,5.0,0.0038197097020626,Green,Green,Green
PatchTST-FM,UNG,State4-ERM,1309,7.0,0.0053475935828877,Green,Green,Green
PatchTST-FM,UNG,State-L1,1309,11.0,0.0084033613445378,Green,Green,Green
PatchTST-FM,UNG,State-L1-clipped,1309,10.0,0.0076394194041252,Green,Green,Green
PatchTST-FM,UNG,POT-Shift,1309,18.0,0.0137509549274255,Green,Green,Green
PatchTST-FM,UNG,POT-Vol,1309,15.0,0.0114591291061879,Green,Green,Green
PatchTST-FM,UNG,ACI-existing,1309,19.0,0.014514896867838,Green,Green,Yellow
PatchTST-FM,UNG,DtACI-projected-seed,1309,19.0,0.014514896867838,Green,Green,Yellow
PatchTST-FM,UNG,Rolling250,1309,15.0,0.0114591291061879,Green,Green,Green
PatchTST-FM,UNG,Rolling500,1309,16.0,0.0122230710466004,Green,Green,Green
PatchTST-FM,UNG,Selected-rolling,1309,15.0,0.0114591291061879,Green,Green,Green
PatchTST-FM,UNG,Gate-selected-rolling,1309,15.0,0.0114591291061879,Green,Green,Green
PatchTST-FM,UNG,Loss-gate,1309,24.0,0.0183346065699006,Yellow,Yellow,Yellow
PatchTST-FM,UNG,Past-minimum,1309,12.0,0.0091673032849503,Green,Green,Green
PatchTST-FM,UNG,DtACI-projected-expected,1309,18.14794109717254,0.0138639733362662,,,
PatchTST-FM,USDJPY,Raw,1923,42.0,0.0218408736349454,Yellow,Yellow,Red
PatchTST-FM,USDJPY,Shift-CP,1923,21.0,0.0109204368174727,Green,Green,Green
PatchTST-FM,USDJPY,Shift-ERM,1923,21.0,0.0109204368174727,Green,Green,Green
PatchTST-FM,USDJPY,Vol-CP,1923,22.0,0.0114404576183047,Green,Green,Green
PatchTST-FM,USDJPY,Vol-ERM,1923,20.0,0.0104004160166406,Green,Green,Green
PatchTST-FM,USDJPY,State2-ERM,1923,29.0,0.0150806032241289,Green,Green,Yellow
PatchTST-FM,USDJPY,State4-ERM,1923,52.0,0.0270410816432657,Yellow,Yellow,Red
PatchTST-FM,USDJPY,State-L1,1923,24.0,0.0124804992199688,Green,Green,Green
PatchTST-FM,USDJPY,State-L1-clipped,1923,23.0,0.0119604784191367,Green,Green,Green
PatchTST-FM,USDJPY,POT-Shift,1923,22.0,0.0114404576183047,Green,Green,Green
PatchTST-FM,USDJPY,POT-Vol,1923,22.0,0.0114404576183047,Green,Green,Green
PatchTST-FM,USDJPY,ACI-existing,1923,25.0,0.0130005200208008,Green,Green,Green
PatchTST-FM,USDJPY,DtACI-projected-seed,1923,26.0,0.0135205408216328,Green,Green,Green
PatchTST-FM,USDJPY,Rolling250,1923,19.0,0.0098803952158086,Green,Green,Green
PatchTST-FM,USDJPY,Rolling500,1923,29.0,0.0150806032241289,Green,Green,Yellow
PatchTST-FM,USDJPY,Selected-rolling,1923,19.0,0.0098803952158086,Green,Green,Green
PatchTST-FM,USDJPY,Gate-selected-rolling,1923,19.0,0.0098803952158086,Green,Green,Green
PatchTST-FM,USDJPY,Loss-gate,1923,42.0,0.0218408736349454,Yellow,Yellow,Red
PatchTST-FM,USDJPY,Past-minimum,1923,42.0,0.0218408736349454,Yellow,Yellow,Red
PatchTST-FM,USDJPY,DtACI-projected-expected,1923,27.672494498210593,0.0143902727499795,,,
PatchTST-FM,USO,Raw,1386,24.0,0.0173160173160173,Yellow,Yellow,Yellow
PatchTST-FM,USO,Shift-CP,1386,15.0,0.0108225108225108,Green,Green,Green
PatchTST-FM,USO,Shift-ERM,1386,15.0,0.0108225108225108,Green,Green,Green
PatchTST-FM,USO,Vol-CP,1386,14.0,0.0101010101010101,Green,Green,Green
PatchTST-FM,USO,Vol-ERM,1386,15.0,0.0108225108225108,Green,Green,Green
PatchTST-FM,USO,State2-ERM,1386,13.0,0.0093795093795093,Green,Green,Green
PatchTST-FM,USO,State4-ERM,1386,13.0,0.0093795093795093,Green,Green,Green
PatchTST-FM,USO,State-L1,1386,13.0,0.0093795093795093,Green,Green,Green
PatchTST-FM,USO,State-L1-clipped,1386,13.0,0.0093795093795093,Green,Green,Green
PatchTST-FM,USO,POT-Shift,1386,14.0,0.0101010101010101,Green,Green,Green
PatchTST-FM,USO,POT-Vol,1386,11.0,0.0079365079365079,Green,Green,Green
PatchTST-FM,USO,ACI-existing,1386,18.0,0.0129870129870129,Green,Green,Green
PatchTST-FM,USO,DtACI-projected-seed,1386,21.0,0.0151515151515151,Green,Green,Yellow
PatchTST-FM,USO,Rolling250,1386,11.0,0.0079365079365079,Green,Green,Green
PatchTST-FM,USO,Rolling500,1386,19.0,0.0137085137085137,Green,Green,Green
PatchTST-FM,USO,Selected-rolling,1386,19.0,0.0137085137085137,Green,Green,Green
PatchTST-FM,USO,Gate-selected-rolling,1386,19.0,0.0137085137085137,Green,Green,Green
PatchTST-FM,USO,Loss-gate,1386,24.0,0.0173160173160173,Yellow,Yellow,Yellow
PatchTST-FM,USO,Past-minimum,1386,16.0,0.0115440115440115,Green,Green,Green
PatchTST-FM,USO,DtACI-projected-expected,1386,21.71131214563966,0.0156647273778063,,,
Chronos-2,ASX200,Raw,1868,33.0,0.0176659528907922,Yellow,Yellow,Yellow
Chronos-2,ASX200,Shift-CP,1868,20.0,0.0107066381156316,Green,Green,Green
Chronos-2,ASX200,Shift-ERM,1868,20.0,0.0107066381156316,Green,Green,Green
Chronos-2,ASX200,Vol-CP,1868,23.0,0.0123126338329764,Green,Green,Green
Chronos-2,ASX200,Vol-ERM,1868,27.0,0.0144539614561027,Green,Green,Yellow
Chronos-2,ASX200,State2-ERM,1868,20.0,0.0107066381156316,Green,Green,Green
Chronos-2,ASX200,State4-ERM,1868,18.0,0.0096359743040685,Green,Green,Green
Chronos-2,ASX200,State-L1,1868,18.0,0.0096359743040685,Green,Green,Green
Chronos-2,ASX200,State-L1-clipped,1868,18.0,0.0096359743040685,Green,Green,Green
Chronos-2,ASX200,POT-Shift,1868,23.0,0.0123126338329764,Green,Green,Green
Chronos-2,ASX200,POT-Vol,1868,23.0,0.0123126338329764,Green,Green,Green
Chronos-2,ASX200,ACI-existing,1868,22.0,0.0117773019271948,Green,Green,Green
Chronos-2,ASX200,DtACI-projected-seed,1868,22.0,0.0117773019271948,Green,Green,Green
Chronos-2,ASX200,Rolling250,1868,14.0,0.0074946466809421,Green,Green,Green
Chronos-2,ASX200,Rolling500,1868,17.0,0.0091006423982869,Green,Green,Green
Chronos-2,ASX200,Selected-rolling,1868,14.0,0.0074946466809421,Green,Green,Green
Chronos-2,ASX200,Gate-selected-rolling,1868,14.0,0.0074946466809421,Green,Green,Green
Chronos-2,ASX200,Loss-gate,1868,33.0,0.0176659528907922,Yellow,Yellow,Yellow
Chronos-2,ASX200,Past-minimum,1868,25.0,0.0133832976445396,Green,Green,Green
Chronos-2,ASX200,DtACI-projected-expected,1868,23.01062988815962,0.0123183243512631,,,
Chronos-2,AUDUSD,Raw,1430,14.0,0.0097902097902097,Green,Green,Green
Chronos-2,AUDUSD,Shift-CP,1430,11.0,0.0076923076923076,Green,Green,Green
Chronos-2,AUDUSD,Shift-ERM,1430,11.0,0.0076923076923076,Green,Green,Green
Chronos-2,AUDUSD,Vol-CP,1430,10.0,0.0069930069930069,Green,Green,Green
Chronos-2,AUDUSD,Vol-ERM,1430,14.0,0.0097902097902097,Green,Green,Green
Chronos-2,AUDUSD,State2-ERM,1430,12.0,0.0083916083916083,Green,Green,Green
Chronos-2,AUDUSD,State4-ERM,1430,11.0,0.0076923076923076,Green,Green,Green
Chronos-2,AUDUSD,State-L1,1430,11.0,0.0076923076923076,Green,Green,Green
Chronos-2,AUDUSD,State-L1-clipped,1430,11.0,0.0076923076923076,Green,Green,Green
Chronos-2,AUDUSD,POT-Shift,1430,10.0,0.0069930069930069,Green,Green,Green
Chronos-2,AUDUSD,POT-Vol,1430,10.0,0.0069930069930069,Green,Green,Green
Chronos-2,AUDUSD,ACI-existing,1430,15.0,0.0104895104895104,Green,Green,Green
Chronos-2,AUDUSD,DtACI-projected-seed,1430,14.0,0.0097902097902097,Green,Green,Green
Chronos-2,AUDUSD,Rolling250,1430,14.0,0.0097902097902097,Green,Green,Green
Chronos-2,AUDUSD,Rolling500,1430,11.0,0.0076923076923076,Green,Green,Green
Chronos-2,AUDUSD,Selected-rolling,1430,11.0,0.0076923076923076,Green,Green,Green
Chronos-2,AUDUSD,Gate-selected-rolling,1430,14.0,0.0097902097902097,Green,Green,Green
Chronos-2,AUDUSD,Loss-gate,1430,14.0,0.0097902097902097,Green,Green,Green
Chronos-2,AUDUSD,Past-minimum,1430,11.0,0.0076923076923076,Green,Green,Green
Chronos-2,AUDUSD,DtACI-projected-expected,1430,14.288558358982542,0.0099919988524353,,,
Chronos-2,BOVESPA,Raw,1829,28.0,0.0153089119737561,Green,Green,Yellow
Chronos-2,BOVESPA,Shift-CP,1829,19.0,0.0103881902679059,Green,Green,Green
Chronos-2,BOVESPA,Shift-ERM,1829,19.0,0.0103881902679059,Green,Green,Green
Chronos-2,BOVESPA,Vol-CP,1829,22.0,0.0120284308365226,Green,Green,Green
Chronos-2,BOVESPA,Vol-ERM,1829,24.0,0.0131219245489338,Green,Green,Green
Chronos-2,BOVESPA,State2-ERM,1829,13.0,0.0071077091306724,Green,Green,Green
Chronos-2,BOVESPA,State4-ERM,1829,13.0,0.0071077091306724,Green,Green,Green
Chronos-2,BOVESPA,State-L1,1829,19.0,0.0103881902679059,Green,Green,Green
Chronos-2,BOVESPA,State-L1-clipped,1829,19.0,0.0103881902679059,Green,Green,Green
Chronos-2,BOVESPA,POT-Shift,1829,16.0,0.0087479496992892,Green,Green,Green
Chronos-2,BOVESPA,POT-Vol,1829,21.0,0.0114816839803171,Green,Green,Green
Chronos-2,BOVESPA,ACI-existing,1829,22.0,0.0120284308365226,Green,Green,Green
Chronos-2,BOVESPA,DtACI-projected-seed,1829,24.0,0.0131219245489338,Green,Green,Green
Chronos-2,BOVESPA,Rolling250,1829,15.0,0.0082012028430836,Green,Green,Green
Chronos-2,BOVESPA,Rolling500,1829,23.0,0.0125751776927282,Green,Green,Green
Chronos-2,BOVESPA,Selected-rolling,1829,23.0,0.0125751776927282,Green,Green,Green
Chronos-2,BOVESPA,Gate-selected-rolling,1829,23.0,0.0125751776927282,Green,Green,Green
Chronos-2,BOVESPA,Loss-gate,1829,28.0,0.0153089119737561,Green,Green,Yellow
Chronos-2,BOVESPA,Past-minimum,1829,16.0,0.0087479496992892,Green,Green,Green
Chronos-2,BOVESPA,DtACI-projected-expected,1829,24.012029641040115,0.0131285017173538,,,
Chronos-2,BTC,Raw,1157,14.0,0.0121002592912705,Green,Green,Green
Chronos-2,BTC,Shift-CP,1157,7.0,0.0060501296456352,Green,Green,Green
Chronos-2,BTC,Shift-ERM,1157,7.0,0.0060501296456352,Green,Green,Green
Chronos-2,BTC,Vol-CP,1157,7.0,0.0060501296456352,Green,Green,Green
Chronos-2,BTC,Vol-ERM,1157,13.0,0.0112359550561797,Green,Green,Green
Chronos-2,BTC,State2-ERM,1157,6.0,0.0051858254105445,Green,Green,Green
Chronos-2,BTC,State4-ERM,1157,7.0,0.0060501296456352,Green,Green,Green
Chronos-2,BTC,State-L1,1157,7.0,0.0060501296456352,Green,Green,Green
Chronos-2,BTC,State-L1-clipped,1157,7.0,0.0060501296456352,Green,Green,Green
Chronos-2,BTC,POT-Shift,1157,13.0,0.0112359550561797,Green,Green,Green
Chronos-2,BTC,POT-Vol,1157,7.0,0.0060501296456352,Green,Green,Green
Chronos-2,BTC,ACI-existing,1157,13.0,0.0112359550561797,Green,Green,Green
Chronos-2,BTC,DtACI-projected-seed,1157,16.0,0.013828867761452,Green,Green,Green
Chronos-2,BTC,Rolling250,1157,10.0,0.0086430423509075,Green,Green,Green
Chronos-2,BTC,Rolling500,1157,13.0,0.0112359550561797,Green,Green,Green
Chronos-2,BTC,Selected-rolling,1157,13.0,0.0112359550561797,Green,Green,Green
Chronos-2,BTC,Gate-selected-rolling,1157,14.0,0.0121002592912705,Green,Green,Green
Chronos-2,BTC,Loss-gate,1157,14.0,0.0121002592912705,Green,Green,Green
Chronos-2,BTC,Past-minimum,1157,7.0,0.0060501296456352,Green,Green,Green
Chronos-2,BTC,DtACI-projected-expected,1157,15.668959852591833,0.013542748360062,,,
Chronos-2,CBU0,Raw,1010,13.0,0.0128712871287128,Green,Green,Green
Chronos-2,CBU0,Shift-CP,1010,13.0,0.0128712871287128,Green,Green,Green
Chronos-2,CBU0,Shift-ERM,1010,13.0,0.0128712871287128,Green,Green,Green
Chronos-2,CBU0,Vol-CP,1010,13.0,0.0128712871287128,Green,Green,Green
Chronos-2,CBU0,Vol-ERM,1010,14.0,0.0138613861386138,Green,Green,Green
Chronos-2,CBU0,State2-ERM,1010,16.0,0.0158415841584158,Green,Green,Yellow
Chronos-2,CBU0,State4-ERM,1010,13.0,0.0128712871287128,Green,Green,Green
Chronos-2,CBU0,State-L1,1010,13.0,0.0128712871287128,Green,Green,Green
Chronos-2,CBU0,State-L1-clipped,1010,13.0,0.0128712871287128,Green,Green,Green
Chronos-2,CBU0,POT-Shift,1010,9.0,0.0089108910891089,Green,Green,Green
Chronos-2,CBU0,POT-Vol,1010,0.0,0.0,Green,Green,Green
Chronos-2,CBU0,ACI-existing,1010,11.0,0.0108910891089108,Green,Green,Green
Chronos-2,CBU0,DtACI-projected-seed,1010,11.0,0.0108910891089108,Green,Green,Green
Chronos-2,CBU0,Rolling250,1010,7.0,0.0069306930693069,Green,Green,Green
Chronos-2,CBU0,Rolling500,1010,8.0,0.0079207920792079,Green,Green,Green
Chronos-2,CBU0,Selected-rolling,1010,8.0,0.0079207920792079,Green,Green,Green
Chronos-2,CBU0,Gate-selected-rolling,1010,13.0,0.0128712871287128,Green,Green,Green
Chronos-2,CBU0,Loss-gate,1010,13.0,0.0128712871287128,Green,Green,Green
Chronos-2,CBU0,Past-minimum,1010,13.0,0.0128712871287128,Green,Green,Green
Chronos-2,CBU0,DtACI-projected-expected,1010,10.202757345425422,0.0101017399459657,,,
Chronos-2,DJCI,Raw,765,14.0,0.0183006535947712,Yellow,Yellow,Yellow
Chronos-2,DJCI,Shift-CP,765,9.0,0.0117647058823529,Green,Green,Green
Chronos-2,DJCI,Shift-ERM,765,9.0,0.0117647058823529,Green,Green,Green
Chronos-2,DJCI,Vol-CP,765,9.0,0.0117647058823529,Green,Green,Green
Chronos-2,DJCI,Vol-ERM,765,11.0,0.0143790849673202,Green,Green,Green
Chronos-2,DJCI,State2-ERM,765,11.0,0.0143790849673202,Green,Green,Green
Chronos-2,DJCI,State4-ERM,765,11.0,0.0143790849673202,Green,Green,Green
Chronos-2,DJCI,State-L1,765,9.0,0.0117647058823529,Green,Green,Green
Chronos-2,DJCI,State-L1-clipped,765,9.0,0.0117647058823529,Green,Green,Green
Chronos-2,DJCI,POT-Shift,765,10.0,0.0130718954248366,Green,Green,Green
Chronos-2,DJCI,POT-Vol,765,9.0,0.0117647058823529,Green,Green,Green
Chronos-2,DJCI,ACI-existing,765,11.0,0.0143790849673202,Green,Green,Green
Chronos-2,DJCI,DtACI-projected-seed,765,15.0,0.0196078431372549,Yellow,Yellow,Yellow
Chronos-2,DJCI,Rolling250,765,10.0,0.0130718954248366,Green,Green,Green
Chronos-2,DJCI,Rolling500,765,15.0,0.0196078431372549,Yellow,Yellow,Yellow
Chronos-2,DJCI,Selected-rolling,765,15.0,0.0196078431372549,Yellow,Yellow,Yellow
Chronos-2,DJCI,Gate-selected-rolling,765,14.0,0.0183006535947712,Yellow,Yellow,Yellow
Chronos-2,DJCI,Loss-gate,765,14.0,0.0183006535947712,Yellow,Yellow,Yellow
Chronos-2,DJCI,Past-minimum,765,14.0,0.0183006535947712,Yellow,Yellow,Yellow
Chronos-2,DJCI,DtACI-projected-expected,765,13.940349077699846,0.0182226785329409,,,
Chronos-2,ETH,Raw,812,13.0,0.0160098522167487,Yellow,Yellow,Yellow
Chronos-2,ETH,Shift-CP,812,13.0,0.0160098522167487,Yellow,Yellow,Yellow
Chronos-2,ETH,Shift-ERM,812,13.0,0.0160098522167487,Yellow,Yellow,Yellow
Chronos-2,ETH,Vol-CP,812,13.0,0.0160098522167487,Yellow,Yellow,Yellow
Chronos-2,ETH,Vol-ERM,812,13.0,0.0160098522167487,Yellow,Yellow,Yellow
Chronos-2,ETH,State2-ERM,812,13.0,0.0160098522167487,Yellow,Yellow,Yellow
Chronos-2,ETH,State4-ERM,812,14.0,0.0172413793103448,Yellow,Yellow,Yellow
Chronos-2,ETH,State-L1,812,13.0,0.0160098522167487,Yellow,Yellow,Yellow
Chronos-2,ETH,State-L1-clipped,812,13.0,0.0160098522167487,Yellow,Yellow,Yellow
Chronos-2,ETH,POT-Shift,812,13.0,0.0160098522167487,Yellow,Yellow,Yellow
Chronos-2,ETH,POT-Vol,812,13.0,0.0160098522167487,Yellow,Yellow,Yellow
Chronos-2,ETH,ACI-existing,812,11.0,0.0135467980295566,Green,Green,Green
Chronos-2,ETH,DtACI-projected-seed,812,10.0,0.0123152709359605,Green,Green,Green
Chronos-2,ETH,Rolling250,812,8.0,0.0098522167487684,Green,Green,Green
Chronos-2,ETH,Rolling500,812,10.0,0.0123152709359605,Green,Green,Green
Chronos-2,ETH,Selected-rolling,812,10.0,0.0123152709359605,Green,Green,Green
Chronos-2,ETH,Gate-selected-rolling,812,13.0,0.0160098522167487,Yellow,Yellow,Yellow
Chronos-2,ETH,Loss-gate,812,13.0,0.0160098522167487,Yellow,Yellow,Yellow
Chronos-2,ETH,Past-minimum,812,13.0,0.0160098522167487,Yellow,Yellow,Yellow
Chronos-2,ETH,DtACI-projected-expected,812,11.485064037395352,0.0141441675337381,,,
Chronos-2,EURUSD,Raw,1617,15.0,0.0092764378478664,Green,Green,Green
Chronos-2,EURUSD,Shift-CP,1617,14.0,0.0086580086580086,Green,Green,Green
Chronos-2,EURUSD,Shift-ERM,1617,14.0,0.0086580086580086,Green,Green,Green
Chronos-2,EURUSD,Vol-CP,1617,14.0,0.0086580086580086,Green,Green,Green
Chronos-2,EURUSD,Vol-ERM,1617,13.0,0.0080395794681508,Green,Green,Green
Chronos-2,EURUSD,State2-ERM,1617,16.0,0.0098948670377241,Green,Green,Green
Chronos-2,EURUSD,State4-ERM,1617,14.0,0.0086580086580086,Green,Green,Green
Chronos-2,EURUSD,State-L1,1617,16.0,0.0098948670377241,Green,Green,Green
Chronos-2,EURUSD,State-L1-clipped,1617,16.0,0.0098948670377241,Green,Green,Green
Chronos-2,EURUSD,POT-Shift,1617,14.0,0.0086580086580086,Green,Green,Green
Chronos-2,EURUSD,POT-Vol,1617,14.0,0.0086580086580086,Green,Green,Green
Chronos-2,EURUSD,ACI-existing,1617,21.0,0.0129870129870129,Green,Green,Green
Chronos-2,EURUSD,DtACI-projected-seed,1617,20.0,0.0123685837971552,Green,Green,Green
Chronos-2,EURUSD,Rolling250,1617,15.0,0.0092764378478664,Green,Green,Green
Chronos-2,EURUSD,Rolling500,1617,17.0,0.0105132962275819,Green,Green,Green
Chronos-2,EURUSD,Selected-rolling,1617,17.0,0.0105132962275819,Green,Green,Green
Chronos-2,EURUSD,Gate-selected-rolling,1617,15.0,0.0092764378478664,Green,Green,Green
Chronos-2,EURUSD,Loss-gate,1617,15.0,0.0092764378478664,Green,Green,Green
Chronos-2,EURUSD,Past-minimum,1617,17.0,0.0105132962275819,Green,Green,Green
Chronos-2,EURUSD,DtACI-projected-expected,1617,19.847878295239248,0.0122745072945202,,,
Chronos-2,FCHI,Raw,1891,32.0,0.0169222633527234,Yellow,Yellow,Yellow
Chronos-2,FCHI,Shift-CP,1891,23.0,0.0121628767847699,Green,Green,Green
Chronos-2,FCHI,Shift-ERM,1891,23.0,0.0121628767847699,Green,Green,Green
Chronos-2,FCHI,Vol-CP,1891,24.0,0.0126916975145425,Green,Green,Green
Chronos-2,FCHI,Vol-ERM,1891,27.0,0.0142781597038603,Green,Green,Yellow
Chronos-2,FCHI,State2-ERM,1891,24.0,0.0126916975145425,Green,Green,Green
Chronos-2,FCHI,State4-ERM,1891,21.0,0.0111052353252247,Green,Green,Green
Chronos-2,FCHI,State-L1,1891,23.0,0.0121628767847699,Green,Green,Green
Chronos-2,FCHI,State-L1-clipped,1891,23.0,0.0121628767847699,Green,Green,Green
Chronos-2,FCHI,POT-Shift,1891,23.0,0.0121628767847699,Green,Green,Green
Chronos-2,FCHI,POT-Vol,1891,24.0,0.0126916975145425,Green,Green,Green
Chronos-2,FCHI,ACI-existing,1891,23.0,0.0121628767847699,Green,Green,Green
Chronos-2,FCHI,DtACI-projected-seed,1891,21.0,0.0111052353252247,Green,Green,Green
Chronos-2,FCHI,Rolling250,1891,17.0,0.0089899524061343,Green,Green,Green
Chronos-2,FCHI,Rolling500,1891,23.0,0.0121628767847699,Green,Green,Green
Chronos-2,FCHI,Selected-rolling,1891,23.0,0.0121628767847699,Green,Green,Green
Chronos-2,FCHI,Gate-selected-rolling,1891,23.0,0.0121628767847699,Green,Green,Green
Chronos-2,FCHI,Loss-gate,1891,32.0,0.0169222633527234,Yellow,Yellow,Yellow
Chronos-2,FCHI,Past-minimum,1891,23.0,0.0121628767847699,Green,Green,Green
Chronos-2,FCHI,DtACI-projected-expected,1891,25.229243049379075,0.0133417467209831,,,
Chronos-2,FTSE100,Raw,1867,23.0,0.012319228709159,Green,Green,Green
Chronos-2,FTSE100,Shift-CP,1867,16.0,0.0085698982324584,Green,Green,Green
Chronos-2,FTSE100,Shift-ERM,1867,16.0,0.0085698982324584,Green,Green,Green
Chronos-2,FTSE100,Vol-CP,1867,15.0,0.0080342795929298,Green,Green,Green
Chronos-2,FTSE100,Vol-ERM,1867,16.0,0.0085698982324584,Green,Green,Green
Chronos-2,FTSE100,State2-ERM,1867,16.0,0.0085698982324584,Green,Green,Green
Chronos-2,FTSE100,State4-ERM,1867,16.0,0.0085698982324584,Green,Green,Green
Chronos-2,FTSE100,State-L1,1867,16.0,0.0085698982324584,Green,Green,Green
Chronos-2,FTSE100,State-L1-clipped,1867,16.0,0.0085698982324584,Green,Green,Green
Chronos-2,FTSE100,POT-Shift,1867,16.0,0.0085698982324584,Green,Green,Green
Chronos-2,FTSE100,POT-Vol,1867,15.0,0.0080342795929298,Green,Green,Green
Chronos-2,FTSE100,ACI-existing,1867,22.0,0.0117836100696304,Green,Green,Green
Chronos-2,FTSE100,DtACI-projected-seed,1867,25.0,0.0133904659882163,Green,Green,Green
Chronos-2,FTSE100,Rolling250,1867,16.0,0.0085698982324584,Green,Green,Green
Chronos-2,FTSE100,Rolling500,1867,18.0,0.0096411355115158,Green,Green,Green
Chronos-2,FTSE100,Selected-rolling,1867,18.0,0.0096411355115158,Green,Green,Green
Chronos-2,FTSE100,Gate-selected-rolling,1867,18.0,0.0096411355115158,Green,Green,Green
Chronos-2,FTSE100,Loss-gate,1867,23.0,0.012319228709159,Green,Green,Green
Chronos-2,FTSE100,Past-minimum,1867,16.0,0.0085698982324584,Green,Green,Green
Chronos-2,FTSE100,DtACI-projected-expected,1867,24.454927885948177,0.0130985152040429,,,
Chronos-2,GBPUSD,Raw,1621,22.0,0.013571869216533,Green,Green,Green
Chronos-2,GBPUSD,Shift-CP,1621,17.0,0.0104873534855027,Green,Green,Green
Chronos-2,GBPUSD,Shift-ERM,1621,18.0,0.0111042566317088,Green,Green,Green
Chronos-2,GBPUSD,Vol-CP,1621,17.0,0.0104873534855027,Green,Green,Green
Chronos-2,GBPUSD,Vol-ERM,1621,20.0,0.0123380629241209,Green,Green,Green
Chronos-2,GBPUSD,State2-ERM,1621,15.0,0.0092535471930906,Green,Green,Green
Chronos-2,GBPUSD,State4-ERM,1621,16.0,0.0098704503392967,Green,Green,Green
Chronos-2,GBPUSD,State-L1,1621,17.0,0.0104873534855027,Green,Green,Green
Chronos-2,GBPUSD,State-L1-clipped,1621,17.0,0.0104873534855027,Green,Green,Green
Chronos-2,GBPUSD,POT-Shift,1621,18.0,0.0111042566317088,Green,Green,Green
Chronos-2,GBPUSD,POT-Vol,1621,18.0,0.0111042566317088,Green,Green,Green
Chronos-2,GBPUSD,ACI-existing,1621,18.0,0.0111042566317088,Green,Green,Green
Chronos-2,GBPUSD,DtACI-projected-seed,1621,19.0,0.0117211597779148,Green,Green,Green
Chronos-2,GBPUSD,Rolling250,1621,14.0,0.0086366440468846,Green,Green,Green
Chronos-2,GBPUSD,Rolling500,1621,14.0,0.0086366440468846,Green,Green,Green
Chronos-2,GBPUSD,Selected-rolling,1621,14.0,0.0086366440468846,Green,Green,Green
Chronos-2,GBPUSD,Gate-selected-rolling,1621,22.0,0.013571869216533,Green,Green,Green
Chronos-2,GBPUSD,Loss-gate,1621,22.0,0.013571869216533,Green,Green,Green
Chronos-2,GBPUSD,Past-minimum,1621,19.0,0.0117211597779148,Green,Green,Green
Chronos-2,GBPUSD,DtACI-projected-expected,1621,17.604177870515855,0.010860072714692,,,
Chronos-2,GDAXI,Raw,1878,33.0,0.0175718849840255,Yellow,Yellow,Yellow
Chronos-2,GDAXI,Shift-CP,1878,25.0,0.0133120340788072,Green,Green,Green
Chronos-2,GDAXI,Shift-ERM,1878,26.0,0.0138445154419595,Green,Green,Yellow
Chronos-2,GDAXI,Vol-CP,1878,26.0,0.0138445154419595,Green,Green,Yellow
Chronos-2,GDAXI,Vol-ERM,1878,31.0,0.0165069222577209,Yellow,Yellow,Yellow
Chronos-2,GDAXI,State2-ERM,1878,23.0,0.0122470713525026,Green,Green,Green
Chronos-2,GDAXI,State4-ERM,1878,22.0,0.0117145899893503,Green,Green,Green
Chronos-2,GDAXI,State-L1,1878,26.0,0.0138445154419595,Green,Green,Yellow
Chronos-2,GDAXI,State-L1-clipped,1878,26.0,0.0138445154419595,Green,Green,Yellow
Chronos-2,GDAXI,POT-Shift,1878,23.0,0.0122470713525026,Green,Green,Green
Chronos-2,GDAXI,POT-Vol,1878,26.0,0.0138445154419595,Green,Green,Yellow
Chronos-2,GDAXI,ACI-existing,1878,23.0,0.0122470713525026,Green,Green,Green
Chronos-2,GDAXI,DtACI-projected-seed,1878,28.0,0.0149094781682641,Green,Green,Yellow
Chronos-2,GDAXI,Rolling250,1878,16.0,0.0085197018104366,Green,Green,Green
Chronos-2,GDAXI,Rolling500,1878,20.0,0.0106496272630457,Green,Green,Green
Chronos-2,GDAXI,Selected-rolling,1878,20.0,0.0106496272630457,Green,Green,Green
Chronos-2,GDAXI,Gate-selected-rolling,1878,20.0,0.0106496272630457,Green,Green,Green
Chronos-2,GDAXI,Loss-gate,1878,33.0,0.0175718849840255,Yellow,Yellow,Yellow
Chronos-2,GDAXI,Past-minimum,1878,33.0,0.0175718849840255,Yellow,Yellow,Yellow
Chronos-2,GDAXI,DtACI-projected-expected,1878,24.123842133309648,0.0128454963436153,,,
Chronos-2,GLD,Raw,1490,16.0,0.010738255033557,Green,Green,Green
Chronos-2,GLD,Shift-CP,1490,16.0,0.010738255033557,Green,Green,Green
Chronos-2,GLD,Shift-ERM,1490,16.0,0.010738255033557,Green,Green,Green
Chronos-2,GLD,Vol-CP,1490,15.0,0.0100671140939597,Green,Green,Green
Chronos-2,GLD,Vol-ERM,1490,16.0,0.010738255033557,Green,Green,Green
Chronos-2,GLD,State2-ERM,1490,17.0,0.0114093959731543,Green,Green,Green
Chronos-2,GLD,State4-ERM,1490,17.0,0.0114093959731543,Green,Green,Green
Chronos-2,GLD,State-L1,1490,16.0,0.010738255033557,Green,Green,Green
Chronos-2,GLD,State-L1-clipped,1490,16.0,0.010738255033557,Green,Green,Green
Chronos-2,GLD,POT-Shift,1490,13.0,0.0087248322147651,Green,Green,Green
Chronos-2,GLD,POT-Vol,1490,14.0,0.0093959731543624,Green,Green,Green
Chronos-2,GLD,ACI-existing,1490,17.0,0.0114093959731543,Green,Green,Green
Chronos-2,GLD,DtACI-projected-seed,1490,19.0,0.0127516778523489,Green,Green,Green
Chronos-2,GLD,Rolling250,1490,10.0,0.0067114093959731,Green,Green,Green
Chronos-2,GLD,Rolling500,1490,14.0,0.0093959731543624,Green,Green,Green
Chronos-2,GLD,Selected-rolling,1490,14.0,0.0093959731543624,Green,Green,Green
Chronos-2,GLD,Gate-selected-rolling,1490,16.0,0.010738255033557,Green,Green,Green
Chronos-2,GLD,Loss-gate,1490,16.0,0.010738255033557,Green,Green,Green
Chronos-2,GLD,Past-minimum,1490,16.0,0.010738255033557,Green,Green,Green
Chronos-2,GLD,DtACI-projected-expected,1490,16.88171055925532,0.0113300070867485,,,
Chronos-2,HSI,Raw,1817,19.0,0.0104567969179966,Green,Green,Green
Chronos-2,HSI,Shift-CP,1817,15.0,0.0082553659878921,Green,Green,Green
Chronos-2,HSI,Shift-ERM,1817,15.0,0.0082553659878921,Green,Green,Green
Chronos-2,HSI,Vol-CP,1817,15.0,0.0082553659878921,Green,Green,Green
Chronos-2,HSI,Vol-ERM,1817,17.0,0.0093560814529444,Green,Green,Green
Chronos-2,HSI,State2-ERM,1817,16.0,0.0088057237204182,Green,Green,Green
Chronos-2,HSI,State4-ERM,1817,17.0,0.0093560814529444,Green,Green,Green
Chronos-2,HSI,State-L1,1817,15.0,0.0082553659878921,Green,Green,Green
Chronos-2,HSI,State-L1-clipped,1817,15.0,0.0082553659878921,Green,Green,Green
Chronos-2,HSI,POT-Shift,1817,14.0,0.0077050082553659,Green,Green,Green
Chronos-2,HSI,POT-Vol,1817,15.0,0.0082553659878921,Green,Green,Green
Chronos-2,HSI,ACI-existing,1817,20.0,0.0110071546505228,Green,Green,Green
Chronos-2,HSI,DtACI-projected-seed,1817,20.0,0.0110071546505228,Green,Green,Green
Chronos-2,HSI,Rolling250,1817,13.0,0.0071546505228398,Green,Green,Green
Chronos-2,HSI,Rolling500,1817,16.0,0.0088057237204182,Green,Green,Green
Chronos-2,HSI,Selected-rolling,1817,16.0,0.0088057237204182,Green,Green,Green
Chronos-2,HSI,Gate-selected-rolling,1817,19.0,0.0104567969179966,Green,Green,Green
Chronos-2,HSI,Loss-gate,1817,19.0,0.0104567969179966,Green,Green,Green
Chronos-2,HSI,Past-minimum,1817,15.0,0.0082553659878921,Green,Green,Green
Chronos-2,HSI,DtACI-projected-expected,1817,21.14646226977063,0.0116381190257405,,,
Chronos-2,IBGL,Raw,1260,18.0,0.0142857142857142,Green,Green,Green
Chronos-2,IBGL,Shift-CP,1260,17.0,0.0134920634920634,Green,Green,Green
Chronos-2,IBGL,Shift-ERM,1260,17.0,0.0134920634920634,Green,Green,Green
Chronos-2,IBGL,Vol-CP,1260,17.0,0.0134920634920634,Green,Green,Green
Chronos-2,IBGL,Vol-ERM,1260,17.0,0.0134920634920634,Green,Green,Green
Chronos-2,IBGL,State2-ERM,1260,17.0,0.0134920634920634,Green,Green,Green
Chronos-2,IBGL,State4-ERM,1260,20.0,0.0158730158730158,Green,Green,Yellow
Chronos-2,IBGL,State-L1,1260,17.0,0.0134920634920634,Green,Green,Green
Chronos-2,IBGL,State-L1-clipped,1260,17.0,0.0134920634920634,Green,Green,Green
Chronos-2,IBGL,POT-Shift,1260,18.0,0.0142857142857142,Green,Green,Green
Chronos-2,IBGL,POT-Vol,1260,17.0,0.0134920634920634,Green,Green,Green
Chronos-2,IBGL,ACI-existing,1260,15.0,0.0119047619047619,Green,Green,Green
Chronos-2,IBGL,DtACI-projected-seed,1260,15.0,0.0119047619047619,Green,Green,Green
Chronos-2,IBGL,Rolling250,1260,12.0,0.0095238095238095,Green,Green,Green
Chronos-2,IBGL,Rolling500,1260,16.0,0.0126984126984126,Green,Green,Green
Chronos-2,IBGL,Selected-rolling,1260,16.0,0.0126984126984126,Green,Green,Green
Chronos-2,IBGL,Gate-selected-rolling,1260,18.0,0.0142857142857142,Green,Green,Green
Chronos-2,IBGL,Loss-gate,1260,18.0,0.0142857142857142,Green,Green,Green
Chronos-2,IBGL,Past-minimum,1260,18.0,0.0142857142857142,Green,Green,Green
Chronos-2,IBGL,DtACI-projected-expected,1260,17.107315092135185,0.0135772342001072,,,
Chronos-2,ICLN,Raw,1219,12.0,0.0098441345365053,Green,Green,Green
Chronos-2,ICLN,Shift-CP,1219,10.0,0.0082034454470877,Green,Green,Green
Chronos-2,ICLN,Shift-ERM,1219,12.0,0.0098441345365053,Green,Green,Green
Chronos-2,ICLN,Vol-CP,1219,10.0,0.0082034454470877,Green,Green,Green
Chronos-2,ICLN,Vol-ERM,1219,12.0,0.0098441345365053,Green,Green,Green
Chronos-2,ICLN,State2-ERM,1219,10.0,0.0082034454470877,Green,Green,Green
Chronos-2,ICLN,State4-ERM,1219,12.0,0.0098441345365053,Green,Green,Green
Chronos-2,ICLN,State-L1,1219,11.0,0.0090237899917965,Green,Green,Green
Chronos-2,ICLN,State-L1-clipped,1219,11.0,0.0090237899917965,Green,Green,Green
Chronos-2,ICLN,POT-Shift,1219,10.0,0.0082034454470877,Green,Green,Green
Chronos-2,ICLN,POT-Vol,1219,9.0,0.0073831009023789,Green,Green,Green
Chronos-2,ICLN,ACI-existing,1219,14.0,0.0114848236259228,Green,Green,Green
Chronos-2,ICLN,DtACI-projected-seed,1219,15.0,0.0123051681706316,Green,Green,Green
Chronos-2,ICLN,Rolling250,1219,9.0,0.0073831009023789,Green,Green,Green
Chronos-2,ICLN,Rolling500,1219,15.0,0.0123051681706316,Green,Green,Green
Chronos-2,ICLN,Selected-rolling,1219,15.0,0.0123051681706316,Green,Green,Green
Chronos-2,ICLN,Gate-selected-rolling,1219,15.0,0.0123051681706316,Green,Green,Green
Chronos-2,ICLN,Loss-gate,1219,12.0,0.0098441345365053,Green,Green,Green
Chronos-2,ICLN,Past-minimum,1219,10.0,0.0082034454470877,Green,Green,Green
Chronos-2,ICLN,DtACI-projected-expected,1219,15.832985896526512,0.0129885036066665,,,
Chronos-2,NIFTY,Raw,1242,15.0,0.0120772946859903,Green,Green,Green
Chronos-2,NIFTY,Shift-CP,1242,8.0,0.0064412238325281,Green,Green,Green
Chronos-2,NIFTY,Shift-ERM,1242,9.0,0.0072463768115942,Green,Green,Green
Chronos-2,NIFTY,Vol-CP,1242,10.0,0.0080515297906602,Green,Green,Green
Chronos-2,NIFTY,Vol-ERM,1242,10.0,0.0080515297906602,Green,Green,Green
Chronos-2,NIFTY,State2-ERM,1242,8.0,0.0064412238325281,Green,Green,Green
Chronos-2,NIFTY,State4-ERM,1242,9.0,0.0072463768115942,Green,Green,Green
Chronos-2,NIFTY,State-L1,1242,9.0,0.0072463768115942,Green,Green,Green
Chronos-2,NIFTY,State-L1-clipped,1242,9.0,0.0072463768115942,Green,Green,Green
Chronos-2,NIFTY,POT-Shift,1242,7.0,0.0056360708534621,Green,Green,Green
Chronos-2,NIFTY,POT-Vol,1242,10.0,0.0080515297906602,Green,Green,Green
Chronos-2,NIFTY,ACI-existing,1242,17.0,0.0136876006441223,Green,Green,Green
Chronos-2,NIFTY,DtACI-projected-seed,1242,17.0,0.0136876006441223,Green,Green,Green
Chronos-2,NIFTY,Rolling250,1242,10.0,0.0080515297906602,Green,Green,Green
Chronos-2,NIFTY,Rolling500,1242,10.0,0.0080515297906602,Green,Green,Green
Chronos-2,NIFTY,Selected-rolling,1242,10.0,0.0080515297906602,Green,Green,Green
Chronos-2,NIFTY,Gate-selected-rolling,1242,10.0,0.0080515297906602,Green,Green,Green
Chronos-2,NIFTY,Loss-gate,1242,14.0,0.0112721417069243,Green,Green,Green
Chronos-2,NIFTY,Past-minimum,1242,10.0,0.0080515297906602,Green,Green,Green
Chronos-2,NIFTY,DtACI-projected-expected,1242,15.300574132252088,0.0123193028440032,,,
Chronos-2,NIKKEI,Raw,1806,20.0,0.0110741971207087,Green,Green,Green
Chronos-2,NIKKEI,Shift-CP,1806,10.0,0.0055370985603543,Green,Green,Green
Chronos-2,NIKKEI,Shift-ERM,1806,10.0,0.0055370985603543,Green,Green,Green
Chronos-2,NIKKEI,Vol-CP,1806,8.0,0.0044296788482834,Green,Green,Green
Chronos-2,NIKKEI,Vol-ERM,1806,10.0,0.0055370985603543,Green,Green,Green
Chronos-2,NIKKEI,State2-ERM,1806,10.0,0.0055370985603543,Green,Green,Green
Chronos-2,NIKKEI,State4-ERM,1806,10.0,0.0055370985603543,Green,Green,Green
Chronos-2,NIKKEI,State-L1,1806,10.0,0.0055370985603543,Green,Green,Green
Chronos-2,NIKKEI,State-L1-clipped,1806,10.0,0.0055370985603543,Green,Green,Green
Chronos-2,NIKKEI,POT-Shift,1806,9.0,0.0049833887043189,Green,Green,Green
Chronos-2,NIKKEI,POT-Vol,1806,8.0,0.0044296788482834,Green,Green,Green
Chronos-2,NIKKEI,ACI-existing,1806,22.0,0.0121816168327796,Green,Green,Green
Chronos-2,NIKKEI,DtACI-projected-seed,1806,24.0,0.0132890365448504,Green,Green,Green
Chronos-2,NIKKEI,Rolling250,1806,12.0,0.0066445182724252,Green,Green,Green
Chronos-2,NIKKEI,Rolling500,1806,17.0,0.0094130675526024,Green,Green,Green
Chronos-2,NIKKEI,Selected-rolling,1806,17.0,0.0094130675526024,Green,Green,Green
Chronos-2,NIKKEI,Gate-selected-rolling,1806,17.0,0.0094130675526024,Green,Green,Green
Chronos-2,NIKKEI,Loss-gate,1806,11.0,0.0060908084163898,Green,Green,Green
Chronos-2,NIKKEI,Past-minimum,1806,17.0,0.0094130675526024,Green,Green,Green
Chronos-2,NIKKEI,DtACI-projected-expected,1806,22.766664717246307,0.0126061266429935,,,
Chronos-2,SP500,Raw,1858,33.0,0.0177610333692142,Yellow,Yellow,Yellow
Chronos-2,SP500,Shift-CP,1858,23.0,0.0123789020452099,Green,Green,Green
Chronos-2,SP500,Shift-ERM,1858,24.0,0.0129171151776103,Green,Green,Green
Chronos-2,SP500,Vol-CP,1858,26.0,0.0139935414424111,Green,Green,Yellow
Chronos-2,SP500,Vol-ERM,1858,30.0,0.0161463939720129,Yellow,Yellow,Yellow
Chronos-2,SP500,State2-ERM,1858,22.0,0.0118406889128094,Green,Green,Green
Chronos-2,SP500,State4-ERM,1858,21.0,0.011302475780409,Green,Green,Green
Chronos-2,SP500,State-L1,1858,22.0,0.0118406889128094,Green,Green,Green
Chronos-2,SP500,State-L1-clipped,1858,22.0,0.0118406889128094,Green,Green,Green
Chronos-2,SP500,POT-Shift,1858,23.0,0.0123789020452099,Green,Green,Green
Chronos-2,SP500,POT-Vol,1858,24.0,0.0129171151776103,Green,Green,Green
Chronos-2,SP500,ACI-existing,1858,21.0,0.011302475780409,Green,Green,Green
Chronos-2,SP500,DtACI-projected-seed,1858,24.0,0.0129171151776103,Green,Green,Green
Chronos-2,SP500,Rolling250,1858,13.0,0.0069967707212055,Green,Green,Green
Chronos-2,SP500,Rolling500,1858,22.0,0.0118406889128094,Green,Green,Green
Chronos-2,SP500,Selected-rolling,1858,22.0,0.0118406889128094,Green,Green,Green
Chronos-2,SP500,Gate-selected-rolling,1858,22.0,0.0118406889128094,Green,Green,Green
Chronos-2,SP500,Loss-gate,1858,33.0,0.0177610333692142,Yellow,Yellow,Yellow
Chronos-2,SP500,Past-minimum,1858,25.0,0.0134553283100107,Green,Green,Green
Chronos-2,SP500,DtACI-projected-expected,1858,22.59078083070847,0.0121586549142672,,,
Chronos-2,STOXX,Raw,1532,20.0,0.0130548302872062,Green,Green,Green
Chronos-2,STOXX,Shift-CP,1532,12.0,0.0078328981723237,Green,Green,Green
Chronos-2,STOXX,Shift-ERM,1532,12.0,0.0078328981723237,Green,Green,Green
Chronos-2,STOXX,Vol-CP,1532,14.0,0.0091383812010443,Green,Green,Green
Chronos-2,STOXX,Vol-ERM,1532,15.0,0.0097911227154047,Green,Green,Green
Chronos-2,STOXX,State2-ERM,1532,13.0,0.008485639686684,Green,Green,Green
Chronos-2,STOXX,State4-ERM,1532,12.0,0.0078328981723237,Green,Green,Green
Chronos-2,STOXX,State-L1,1532,12.0,0.0078328981723237,Green,Green,Green
Chronos-2,STOXX,State-L1-clipped,1532,12.0,0.0078328981723237,Green,Green,Green
Chronos-2,STOXX,POT-Shift,1532,12.0,0.0078328981723237,Green,Green,Green
Chronos-2,STOXX,POT-Vol,1532,15.0,0.0097911227154047,Green,Green,Green
Chronos-2,STOXX,ACI-existing,1532,18.0,0.0117493472584856,Green,Green,Green
Chronos-2,STOXX,DtACI-projected-seed,1532,17.0,0.0110966057441253,Green,Green,Green
Chronos-2,STOXX,Rolling250,1532,13.0,0.008485639686684,Green,Green,Green
Chronos-2,STOXX,Rolling500,1532,13.0,0.008485639686684,Green,Green,Green
Chronos-2,STOXX,Selected-rolling,1532,13.0,0.008485639686684,Green,Green,Green
Chronos-2,STOXX,Gate-selected-rolling,1532,13.0,0.008485639686684,Green,Green,Green
Chronos-2,STOXX,Loss-gate,1532,20.0,0.0130548302872062,Green,Green,Green
Chronos-2,STOXX,Past-minimum,1532,15.0,0.0097911227154047,Green,Green,Green
Chronos-2,STOXX,DtACI-projected-expected,1532,17.497579224218654,0.011421396360456,,,
Chronos-2,TLT,Raw,1665,22.0,0.0132132132132132,Green,Green,Green
Chronos-2,TLT,Shift-CP,1665,22.0,0.0132132132132132,Green,Green,Green
Chronos-2,TLT,Shift-ERM,1665,22.0,0.0132132132132132,Green,Green,Green
Chronos-2,TLT,Vol-CP,1665,22.0,0.0132132132132132,Green,Green,Green
Chronos-2,TLT,Vol-ERM,1665,22.0,0.0132132132132132,Green,Green,Green
Chronos-2,TLT,State2-ERM,1665,22.0,0.0132132132132132,Green,Green,Green
Chronos-2,TLT,State4-ERM,1665,28.0,0.0168168168168168,Yellow,Yellow,Yellow
Chronos-2,TLT,State-L1,1665,22.0,0.0132132132132132,Green,Green,Green
Chronos-2,TLT,State-L1-clipped,1665,22.0,0.0132132132132132,Green,Green,Green
Chronos-2,TLT,POT-Shift,1665,22.0,0.0132132132132132,Green,Green,Green
Chronos-2,TLT,POT-Vol,1665,22.0,0.0132132132132132,Green,Green,Green
Chronos-2,TLT,ACI-existing,1665,23.0,0.0138138138138138,Green,Green,Green
Chronos-2,TLT,DtACI-projected-seed,1665,22.0,0.0132132132132132,Green,Green,Green
Chronos-2,TLT,Rolling250,1665,17.0,0.0102102102102102,Green,Green,Green
Chronos-2,TLT,Rolling500,1665,20.0,0.012012012012012,Green,Green,Green
Chronos-2,TLT,Selected-rolling,1665,20.0,0.012012012012012,Green,Green,Green
Chronos-2,TLT,Gate-selected-rolling,1665,22.0,0.0132132132132132,Green,Green,Green
Chronos-2,TLT,Loss-gate,1665,22.0,0.0132132132132132,Green,Green,Green
Chronos-2,TLT,Past-minimum,1665,22.0,0.0132132132132132,Green,Green,Green
Chronos-2,TLT,DtACI-projected-expected,1665,20.326591116851812,0.012208162832944,,,
Chronos-2,UNG,Raw,1309,15.0,0.0114591291061879,Green,Green,Green
Chronos-2,UNG,Shift-CP,1309,13.0,0.0099312452253628,Green,Green,Green
Chronos-2,UNG,Shift-ERM,1309,13.0,0.0099312452253628,Green,Green,Green
Chronos-2,UNG,Vol-CP,1309,13.0,0.0099312452253628,Green,Green,Green
Chronos-2,UNG,Vol-ERM,1309,13.0,0.0099312452253628,Green,Green,Green
Chronos-2,UNG,State2-ERM,1309,13.0,0.0099312452253628,Green,Green,Green
Chronos-2,UNG,State4-ERM,1309,30.0,0.0229182582123758,Yellow,Yellow,Red
Chronos-2,UNG,State-L1,1309,16.0,0.0122230710466004,Green,Green,Green
Chronos-2,UNG,State-L1-clipped,1309,16.0,0.0122230710466004,Green,Green,Green
Chronos-2,UNG,POT-Shift,1309,13.0,0.0099312452253628,Green,Green,Green
Chronos-2,UNG,POT-Vol,1309,13.0,0.0099312452253628,Green,Green,Green
Chronos-2,UNG,ACI-existing,1309,17.0,0.0129870129870129,Green,Green,Green
Chronos-2,UNG,DtACI-projected-seed,1309,22.0,0.0168067226890756,Yellow,Yellow,Yellow
Chronos-2,UNG,Rolling250,1309,13.0,0.0099312452253628,Green,Green,Green
Chronos-2,UNG,Rolling500,1309,15.0,0.0114591291061879,Green,Green,Green
Chronos-2,UNG,Selected-rolling,1309,15.0,0.0114591291061879,Green,Green,Green
Chronos-2,UNG,Gate-selected-rolling,1309,15.0,0.0114591291061879,Green,Green,Green
Chronos-2,UNG,Loss-gate,1309,15.0,0.0114591291061879,Green,Green,Green
Chronos-2,UNG,Past-minimum,1309,13.0,0.0099312452253628,Green,Green,Green
Chronos-2,UNG,DtACI-projected-expected,1309,18.089985317473108,0.0138196984854645,,,
Chronos-2,USDJPY,Raw,1923,26.0,0.0135205408216328,Green,Green,Green
Chronos-2,USDJPY,Shift-CP,1923,23.0,0.0119604784191367,Green,Green,Green
Chronos-2,USDJPY,Shift-ERM,1923,23.0,0.0119604784191367,Green,Green,Green
Chronos-2,USDJPY,Vol-CP,1923,24.0,0.0124804992199688,Green,Green,Green
Chronos-2,USDJPY,Vol-ERM,1923,23.0,0.0119604784191367,Green,Green,Green
Chronos-2,USDJPY,State2-ERM,1923,23.0,0.0119604784191367,Green,Green,Green
Chronos-2,USDJPY,State4-ERM,1923,42.0,0.0218408736349454,Yellow,Yellow,Red
Chronos-2,USDJPY,State-L1,1923,23.0,0.0119604784191367,Green,Green,Green
Chronos-2,USDJPY,State-L1-clipped,1923,23.0,0.0119604784191367,Green,Green,Green
Chronos-2,USDJPY,POT-Shift,1923,23.0,0.0119604784191367,Green,Green,Green
Chronos-2,USDJPY,POT-Vol,1923,24.0,0.0124804992199688,Green,Green,Green
Chronos-2,USDJPY,ACI-existing,1923,24.0,0.0124804992199688,Green,Green,Green
Chronos-2,USDJPY,DtACI-projected-seed,1923,25.0,0.0130005200208008,Green,Green,Green
Chronos-2,USDJPY,Rolling250,1923,17.0,0.0088403536141445,Green,Green,Green
Chronos-2,USDJPY,Rolling500,1923,21.0,0.0109204368174727,Green,Green,Green
Chronos-2,USDJPY,Selected-rolling,1923,21.0,0.0109204368174727,Green,Green,Green
Chronos-2,USDJPY,Gate-selected-rolling,1923,26.0,0.0135205408216328,Green,Green,Green
Chronos-2,USDJPY,Loss-gate,1923,26.0,0.0135205408216328,Green,Green,Green
Chronos-2,USDJPY,Past-minimum,1923,23.0,0.0119604784191367,Green,Green,Green
Chronos-2,USDJPY,DtACI-projected-expected,1923,23.948259299209525,0.0124535929793081,,,
Chronos-2,USO,Raw,1386,20.0,0.0144300144300144,Green,Green,Yellow
Chronos-2,USO,Shift-CP,1386,11.0,0.0079365079365079,Green,Green,Green
Chronos-2,USO,Shift-ERM,1386,12.0,0.0086580086580086,Green,Green,Green
Chronos-2,USO,Vol-CP,1386,10.0,0.0072150072150072,Green,Green,Green
Chronos-2,USO,Vol-ERM,1386,10.0,0.0072150072150072,Green,Green,Green
Chronos-2,USO,State2-ERM,1386,12.0,0.0086580086580086,Green,Green,Green
Chronos-2,USO,State4-ERM,1386,9.0,0.0064935064935064,Green,Green,Green
Chronos-2,USO,State-L1,1386,12.0,0.0086580086580086,Green,Green,Green
Chronos-2,USO,State-L1-clipped,1386,12.0,0.0086580086580086,Green,Green,Green
Chronos-2,USO,POT-Shift,1386,10.0,0.0072150072150072,Green,Green,Green
Chronos-2,USO,POT-Vol,1386,10.0,0.0072150072150072,Green,Green,Green
Chronos-2,USO,ACI-existing,1386,17.0,0.0122655122655122,Green,Green,Green
Chronos-2,USO,DtACI-projected-seed,1386,18.0,0.0129870129870129,Green,Green,Green
Chronos-2,USO,Rolling250,1386,11.0,0.0079365079365079,Green,Green,Green
Chronos-2,USO,Rolling500,1386,17.0,0.0122655122655122,Green,Green,Green
Chronos-2,USO,Selected-rolling,1386,17.0,0.0122655122655122,Green,Green,Green
Chronos-2,USO,Gate-selected-rolling,1386,17.0,0.0122655122655122,Green,Green,Green
Chronos-2,USO,Loss-gate,1386,12.0,0.0086580086580086,Green,Green,Green
Chronos-2,USO,Past-minimum,1386,17.0,0.0122655122655122,Green,Green,Green
Chronos-2,USO,DtACI-projected-expected,1386,19.61696131867548,0.0141536517450761,,,
TS-ICL,ASX200,Raw,1868,27.0,0.0144539614561027,Green,Green,Yellow
TS-ICL,ASX200,Shift-CP,1868,16.0,0.0085653104925053,Green,Green,Green
TS-ICL,ASX200,Shift-ERM,1868,16.0,0.0085653104925053,Green,Green,Green
TS-ICL,ASX200,Vol-CP,1868,16.0,0.0085653104925053,Green,Green,Green
TS-ICL,ASX200,Vol-ERM,1868,17.0,0.0091006423982869,Green,Green,Green
TS-ICL,ASX200,State2-ERM,1868,16.0,0.0085653104925053,Green,Green,Green
TS-ICL,ASX200,State4-ERM,1868,16.0,0.0085653104925053,Green,Green,Green
TS-ICL,ASX200,State-L1,1868,16.0,0.0085653104925053,Green,Green,Green
TS-ICL,ASX200,State-L1-clipped,1868,16.0,0.0085653104925053,Green,Green,Green
TS-ICL,ASX200,POT-Shift,1868,15.0,0.0080299785867237,Green,Green,Green
TS-ICL,ASX200,POT-Vol,1868,15.0,0.0080299785867237,Green,Green,Green
TS-ICL,ASX200,ACI-existing,1868,22.0,0.0117773019271948,Green,Green,Green
TS-ICL,ASX200,DtACI-projected-seed,1868,29.0,0.0155246252676659,Green,Green,Yellow
TS-ICL,ASX200,Rolling250,1868,15.0,0.0080299785867237,Green,Green,Green
TS-ICL,ASX200,Rolling500,1868,23.0,0.0123126338329764,Green,Green,Green
TS-ICL,ASX200,Selected-rolling,1868,15.0,0.0080299785867237,Green,Green,Green
TS-ICL,ASX200,Gate-selected-rolling,1868,15.0,0.0080299785867237,Green,Green,Green
TS-ICL,ASX200,Loss-gate,1868,27.0,0.0144539614561027,Green,Green,Yellow
TS-ICL,ASX200,Past-minimum,1868,16.0,0.0085653104925053,Green,Green,Green
TS-ICL,ASX200,DtACI-projected-expected,1868,25.028801725284954,0.0133987161270262,,,
TS-ICL,AUDUSD,Raw,1430,13.0,0.009090909090909,Green,Green,Green
TS-ICL,AUDUSD,Shift-CP,1430,13.0,0.009090909090909,Green,Green,Green
TS-ICL,AUDUSD,Shift-ERM,1430,16.0,0.0111888111888111,Green,Green,Green
TS-ICL,AUDUSD,Vol-CP,1430,13.0,0.009090909090909,Green,Green,Green
TS-ICL,AUDUSD,Vol-ERM,1430,16.0,0.0111888111888111,Green,Green,Green
TS-ICL,AUDUSD,State2-ERM,1430,17.0,0.0118881118881118,Green,Green,Green
TS-ICL,AUDUSD,State4-ERM,1430,14.0,0.0097902097902097,Green,Green,Green
TS-ICL,AUDUSD,State-L1,1430,17.0,0.0118881118881118,Green,Green,Green
TS-ICL,AUDUSD,State-L1-clipped,1430,17.0,0.0118881118881118,Green,Green,Green
TS-ICL,AUDUSD,POT-Shift,1430,12.0,0.0083916083916083,Green,Green,Green
TS-ICL,AUDUSD,POT-Vol,1430,12.0,0.0083916083916083,Green,Green,Green
TS-ICL,AUDUSD,ACI-existing,1430,19.0,0.0132867132867132,Green,Green,Green
TS-ICL,AUDUSD,DtACI-projected-seed,1430,20.0,0.0139860139860139,Green,Green,Green
TS-ICL,AUDUSD,Rolling250,1430,15.0,0.0104895104895104,Green,Green,Green
TS-ICL,AUDUSD,Rolling500,1430,16.0,0.0111888111888111,Green,Green,Green
TS-ICL,AUDUSD,Selected-rolling,1430,16.0,0.0111888111888111,Green,Green,Green
TS-ICL,AUDUSD,Gate-selected-rolling,1430,13.0,0.009090909090909,Green,Green,Green
TS-ICL,AUDUSD,Loss-gate,1430,13.0,0.009090909090909,Green,Green,Green
TS-ICL,AUDUSD,Past-minimum,1430,13.0,0.009090909090909,Green,Green,Green
TS-ICL,AUDUSD,DtACI-projected-expected,1430,18.982853275431403,0.0132747225702317,,,
TS-ICL,BOVESPA,Raw,1829,21.0,0.0114816839803171,Green,Green,Green
TS-ICL,BOVESPA,Shift-CP,1829,19.0,0.0103881902679059,Green,Green,Green
TS-ICL,BOVESPA,Shift-ERM,1829,20.0,0.0109349371241115,Green,Green,Green
TS-ICL,BOVESPA,Vol-CP,1829,20.0,0.0109349371241115,Green,Green,Green
TS-ICL,BOVESPA,Vol-ERM,1829,20.0,0.0109349371241115,Green,Green,Green
TS-ICL,BOVESPA,State2-ERM,1829,28.0,0.0153089119737561,Green,Green,Yellow
TS-ICL,BOVESPA,State4-ERM,1829,21.0,0.0114816839803171,Green,Green,Green
TS-ICL,BOVESPA,State-L1,1829,28.0,0.0153089119737561,Green,Green,Yellow
TS-ICL,BOVESPA,State-L1-clipped,1829,27.0,0.0147621651175505,Green,Green,Yellow
TS-ICL,BOVESPA,POT-Shift,1829,19.0,0.0103881902679059,Green,Green,Green
TS-ICL,BOVESPA,POT-Vol,1829,19.0,0.0103881902679059,Green,Green,Green
TS-ICL,BOVESPA,ACI-existing,1829,25.0,0.0136686714051394,Green,Green,Green
TS-ICL,BOVESPA,DtACI-projected-seed,1829,25.0,0.0136686714051394,Green,Green,Green
TS-ICL,BOVESPA,Rolling250,1829,20.0,0.0109349371241115,Green,Green,Green
TS-ICL,BOVESPA,Rolling500,1829,24.0,0.0131219245489338,Green,Green,Green
TS-ICL,BOVESPA,Selected-rolling,1829,24.0,0.0131219245489338,Green,Green,Green
TS-ICL,BOVESPA,Gate-selected-rolling,1829,21.0,0.0114816839803171,Green,Green,Green
TS-ICL,BOVESPA,Loss-gate,1829,21.0,0.0114816839803171,Green,Green,Green
TS-ICL,BOVESPA,Past-minimum,1829,20.0,0.0109349371241115,Green,Green,Green
TS-ICL,BOVESPA,DtACI-projected-expected,1829,25.567136713059256,0.0139787516200433,,,
TS-ICL,BTC,Raw,1157,15.0,0.0129645635263612,Green,Green,Green
TS-ICL,BTC,Shift-CP,1157,16.0,0.013828867761452,Green,Green,Green
TS-ICL,BTC,Shift-ERM,1157,16.0,0.013828867761452,Green,Green,Green
TS-ICL,BTC,Vol-CP,1157,16.0,0.013828867761452,Green,Green,Green
TS-ICL,BTC,Vol-ERM,1157,17.0,0.0146931719965427,Green,Green,Yellow
TS-ICL,BTC,State2-ERM,1157,14.0,0.0121002592912705,Green,Green,Green
TS-ICL,BTC,State4-ERM,1157,13.0,0.0112359550561797,Green,Green,Green
TS-ICL,BTC,State-L1,1157,15.0,0.0129645635263612,Green,Green,Green
TS-ICL,BTC,State-L1-clipped,1157,15.0,0.0129645635263612,Green,Green,Green
TS-ICL,BTC,POT-Shift,1157,15.0,0.0129645635263612,Green,Green,Green
TS-ICL,BTC,POT-Vol,1157,11.0,0.0095073465859982,Green,Green,Green
TS-ICL,BTC,ACI-existing,1157,16.0,0.013828867761452,Green,Green,Green
TS-ICL,BTC,DtACI-projected-seed,1157,18.0,0.0155574762316335,Green,Green,Yellow
TS-ICL,BTC,Rolling250,1157,10.0,0.0086430423509075,Green,Green,Green
TS-ICL,BTC,Rolling500,1157,14.0,0.0121002592912705,Green,Green,Green
TS-ICL,BTC,Selected-rolling,1157,14.0,0.0121002592912705,Green,Green,Green
TS-ICL,BTC,Gate-selected-rolling,1157,15.0,0.0129645635263612,Green,Green,Green
TS-ICL,BTC,Loss-gate,1157,15.0,0.0129645635263612,Green,Green,Green
TS-ICL,BTC,Past-minimum,1157,15.0,0.0129645635263612,Green,Green,Green
TS-ICL,BTC,DtACI-projected-expected,1157,16.044200497111,0.0138670704382981,,,
TS-ICL,CBU0,Raw,1010,12.0,0.0118811881188118,Green,Green,Green
TS-ICL,CBU0,Shift-CP,1010,8.0,0.0079207920792079,Green,Green,Green
TS-ICL,CBU0,Shift-ERM,1010,8.0,0.0079207920792079,Green,Green,Green
TS-ICL,CBU0,Vol-CP,1010,8.0,0.0079207920792079,Green,Green,Green
TS-ICL,CBU0,Vol-ERM,1010,8.0,0.0079207920792079,Green,Green,Green
TS-ICL,CBU0,State2-ERM,1010,9.0,0.0089108910891089,Green,Green,Green
TS-ICL,CBU0,State4-ERM,1010,7.0,0.0069306930693069,Green,Green,Green
TS-ICL,CBU0,State-L1,1010,7.0,0.0069306930693069,Green,Green,Green
TS-ICL,CBU0,State-L1-clipped,1010,7.0,0.0069306930693069,Green,Green,Green
TS-ICL,CBU0,POT-Shift,1010,9.0,0.0089108910891089,Green,Green,Green
TS-ICL,CBU0,POT-Vol,1010,0.0,0.0,Green,Green,Green
TS-ICL,CBU0,ACI-existing,1010,12.0,0.0118811881188118,Green,Green,Green
TS-ICL,CBU0,DtACI-projected-seed,1010,10.0,0.0099009900990099,Green,Green,Green
TS-ICL,CBU0,Rolling250,1010,7.0,0.0069306930693069,Green,Green,Green
TS-ICL,CBU0,Rolling500,1010,12.0,0.0118811881188118,Green,Green,Green
TS-ICL,CBU0,Selected-rolling,1010,12.0,0.0118811881188118,Green,Green,Green
TS-ICL,CBU0,Gate-selected-rolling,1010,12.0,0.0118811881188118,Green,Green,Green
TS-ICL,CBU0,Loss-gate,1010,12.0,0.0118811881188118,Green,Green,Green
TS-ICL,CBU0,Past-minimum,1010,12.0,0.0118811881188118,Green,Green,Green
TS-ICL,CBU0,DtACI-projected-expected,1010,11.933461612638078,0.0118153085273644,,,
TS-ICL,DJCI,Raw,765,8.0,0.0104575163398692,Green,Green,Green
TS-ICL,DJCI,Shift-CP,765,6.0,0.0078431372549019,Green,Green,Green
TS-ICL,DJCI,Shift-ERM,765,6.0,0.0078431372549019,Green,Green,Green
TS-ICL,DJCI,Vol-CP,765,6.0,0.0078431372549019,Green,Green,Green
TS-ICL,DJCI,Vol-ERM,765,7.0,0.0091503267973856,Green,Green,Green
TS-ICL,DJCI,State2-ERM,765,6.0,0.0078431372549019,Green,Green,Green
TS-ICL,DJCI,State4-ERM,765,6.0,0.0078431372549019,Green,Green,Green
TS-ICL,DJCI,State-L1,765,6.0,0.0078431372549019,Green,Green,Green
TS-ICL,DJCI,State-L1-clipped,765,6.0,0.0078431372549019,Green,Green,Green
TS-ICL,DJCI,POT-Shift,765,6.0,0.0078431372549019,Green,Green,Green
TS-ICL,DJCI,POT-Vol,765,7.0,0.0091503267973856,Green,Green,Green
TS-ICL,DJCI,ACI-existing,765,11.0,0.0143790849673202,Green,Green,Green
TS-ICL,DJCI,DtACI-projected-seed,765,14.0,0.0183006535947712,Yellow,Yellow,Yellow
TS-ICL,DJCI,Rolling250,765,8.0,0.0104575163398692,Green,Green,Green
TS-ICL,DJCI,Rolling500,765,13.0,0.0169934640522875,Yellow,Yellow,Yellow
TS-ICL,DJCI,Selected-rolling,765,13.0,0.0169934640522875,Yellow,Yellow,Yellow
TS-ICL,DJCI,Gate-selected-rolling,765,8.0,0.0104575163398692,Green,Green,Green
TS-ICL,DJCI,Loss-gate,765,8.0,0.0104575163398692,Green,Green,Green
TS-ICL,DJCI,Past-minimum,765,8.0,0.0104575163398692,Green,Green,Green
TS-ICL,DJCI,DtACI-projected-expected,765,14.13040524759573,0.0184711179707133,,,
TS-ICL,ETH,Raw,812,15.0,0.0184729064039408,Yellow,Yellow,Yellow
TS-ICL,ETH,Shift-CP,812,14.0,0.0172413793103448,Yellow,Yellow,Yellow
TS-ICL,ETH,Shift-ERM,812,14.0,0.0172413793103448,Yellow,Yellow,Yellow
TS-ICL,ETH,Vol-CP,812,14.0,0.0172413793103448,Yellow,Yellow,Yellow
TS-ICL,ETH,Vol-ERM,812,14.0,0.0172413793103448,Yellow,Yellow,Yellow
TS-ICL,ETH,State2-ERM,812,16.0,0.0197044334975369,Yellow,Yellow,Yellow
TS-ICL,ETH,State4-ERM,812,19.0,0.0233990147783251,Yellow,Yellow,Yellow
TS-ICL,ETH,State-L1,812,19.0,0.0233990147783251,Yellow,Yellow,Yellow
TS-ICL,ETH,State-L1-clipped,812,19.0,0.0233990147783251,Yellow,Yellow,Yellow
TS-ICL,ETH,POT-Shift,812,14.0,0.0172413793103448,Yellow,Yellow,Yellow
TS-ICL,ETH,POT-Vol,812,15.0,0.0184729064039408,Yellow,Yellow,Yellow
TS-ICL,ETH,ACI-existing,812,11.0,0.0135467980295566,Green,Green,Green
TS-ICL,ETH,DtACI-projected-seed,812,9.0,0.0110837438423645,Green,Green,Green
TS-ICL,ETH,Rolling250,812,9.0,0.0110837438423645,Green,Green,Green
TS-ICL,ETH,Rolling500,812,10.0,0.0123152709359605,Green,Green,Green
TS-ICL,ETH,Selected-rolling,812,10.0,0.0123152709359605,Green,Green,Green
TS-ICL,ETH,Gate-selected-rolling,812,15.0,0.0184729064039408,Yellow,Yellow,Yellow
TS-ICL,ETH,Loss-gate,812,15.0,0.0184729064039408,Yellow,Yellow,Yellow
TS-ICL,ETH,Past-minimum,812,15.0,0.0184729064039408,Yellow,Yellow,Yellow
TS-ICL,ETH,DtACI-projected-expected,812,11.110414709554515,0.0136827767359045,,,
TS-ICL,EURUSD,Raw,1617,20.0,0.0123685837971552,Green,Green,Green
TS-ICL,EURUSD,Shift-CP,1617,21.0,0.0129870129870129,Green,Green,Green
TS-ICL,EURUSD,Shift-ERM,1617,21.0,0.0129870129870129,Green,Green,Green
TS-ICL,EURUSD,Vol-CP,1617,21.0,0.0129870129870129,Green,Green,Green
TS-ICL,EURUSD,Vol-ERM,1617,21.0,0.0129870129870129,Green,Green,Green
TS-ICL,EURUSD,State2-ERM,1617,19.0,0.0117501546072974,Green,Green,Green
TS-ICL,EURUSD,State4-ERM,1617,17.0,0.0105132962275819,Green,Green,Green
TS-ICL,EURUSD,State-L1,1617,17.0,0.0105132962275819,Green,Green,Green
TS-ICL,EURUSD,State-L1-clipped,1617,17.0,0.0105132962275819,Green,Green,Green
TS-ICL,EURUSD,POT-Shift,1617,21.0,0.0129870129870129,Green,Green,Green
TS-ICL,EURUSD,POT-Vol,1617,21.0,0.0129870129870129,Green,Green,Green
TS-ICL,EURUSD,ACI-existing,1617,18.0,0.0111317254174397,Green,Green,Green
TS-ICL,EURUSD,DtACI-projected-seed,1617,19.0,0.0117501546072974,Green,Green,Green
TS-ICL,EURUSD,Rolling250,1617,12.0,0.0074211502782931,Green,Green,Green
TS-ICL,EURUSD,Rolling500,1617,14.0,0.0086580086580086,Green,Green,Green
TS-ICL,EURUSD,Selected-rolling,1617,14.0,0.0086580086580086,Green,Green,Green
TS-ICL,EURUSD,Gate-selected-rolling,1617,20.0,0.0123685837971552,Green,Green,Green
TS-ICL,EURUSD,Loss-gate,1617,20.0,0.0123685837971552,Green,Green,Green
TS-ICL,EURUSD,Past-minimum,1617,21.0,0.0129870129870129,Green,Green,Green
TS-ICL,EURUSD,DtACI-projected-expected,1617,18.78889859842888,0.0116196033385459,,,
TS-ICL,FCHI,Raw,1891,23.0,0.0121628767847699,Green,Green,Green
TS-ICL,FCHI,Shift-CP,1891,17.0,0.0089899524061343,Green,Green,Green
TS-ICL,FCHI,Shift-ERM,1891,17.0,0.0089899524061343,Green,Green,Green
TS-ICL,FCHI,Vol-CP,1891,20.0,0.0105764145954521,Green,Green,Green
TS-ICL,FCHI,Vol-ERM,1891,20.0,0.0105764145954521,Green,Green,Green
TS-ICL,FCHI,State2-ERM,1891,19.0,0.0100475938656795,Green,Green,Green
TS-ICL,FCHI,State4-ERM,1891,18.0,0.0095187731359069,Green,Green,Green
TS-ICL,FCHI,State-L1,1891,17.0,0.0089899524061343,Green,Green,Green
TS-ICL,FCHI,State-L1-clipped,1891,17.0,0.0089899524061343,Green,Green,Green
TS-ICL,FCHI,POT-Shift,1891,19.0,0.0100475938656795,Green,Green,Green
TS-ICL,FCHI,POT-Vol,1891,20.0,0.0105764145954521,Green,Green,Green
TS-ICL,FCHI,ACI-existing,1891,25.0,0.0132205182443151,Green,Green,Green
TS-ICL,FCHI,DtACI-projected-seed,1891,25.0,0.0132205182443151,Green,Green,Green
TS-ICL,FCHI,Rolling250,1891,17.0,0.0089899524061343,Green,Green,Green
TS-ICL,FCHI,Rolling500,1891,22.0,0.0116340560549973,Green,Green,Green
TS-ICL,FCHI,Selected-rolling,1891,22.0,0.0116340560549973,Green,Green,Green
TS-ICL,FCHI,Gate-selected-rolling,1891,23.0,0.0121628767847699,Green,Green,Green
TS-ICL,FCHI,Loss-gate,1891,23.0,0.0121628767847699,Green,Green,Green
TS-ICL,FCHI,Past-minimum,1891,17.0,0.0089899524061343,Green,Green,Green
TS-ICL,FCHI,DtACI-projected-expected,1891,26.250613197312944,0.0138818684279814,,,
TS-ICL,FTSE100,Raw,1867,22.0,0.0117836100696304,Green,Green,Green
TS-ICL,FTSE100,Shift-CP,1867,16.0,0.0085698982324584,Green,Green,Green
TS-ICL,FTSE100,Shift-ERM,1867,17.0,0.0091055168719871,Green,Green,Green
TS-ICL,FTSE100,Vol-CP,1867,16.0,0.0085698982324584,Green,Green,Green
TS-ICL,FTSE100,Vol-ERM,1867,16.0,0.0085698982324584,Green,Green,Green
TS-ICL,FTSE100,State2-ERM,1867,16.0,0.0085698982324584,Green,Green,Green
TS-ICL,FTSE100,State4-ERM,1867,17.0,0.0091055168719871,Green,Green,Green
TS-ICL,FTSE100,State-L1,1867,17.0,0.0091055168719871,Green,Green,Green
TS-ICL,FTSE100,State-L1-clipped,1867,17.0,0.0091055168719871,Green,Green,Green
TS-ICL,FTSE100,POT-Shift,1867,18.0,0.0096411355115158,Green,Green,Green
TS-ICL,FTSE100,POT-Vol,1867,16.0,0.0085698982324584,Green,Green,Green
TS-ICL,FTSE100,ACI-existing,1867,22.0,0.0117836100696304,Green,Green,Green
TS-ICL,FTSE100,DtACI-projected-seed,1867,24.0,0.0128548473486877,Green,Green,Green
TS-ICL,FTSE100,Rolling250,1867,14.0,0.0074986609534011,Green,Green,Green
TS-ICL,FTSE100,Rolling500,1867,21.0,0.0112479914301017,Green,Green,Green
TS-ICL,FTSE100,Selected-rolling,1867,21.0,0.0112479914301017,Green,Green,Green
TS-ICL,FTSE100,Gate-selected-rolling,1867,21.0,0.0112479914301017,Green,Green,Green
TS-ICL,FTSE100,Loss-gate,1867,22.0,0.0117836100696304,Green,Green,Green
TS-ICL,FTSE100,Past-minimum,1867,17.0,0.0091055168719871,Green,Green,Green
TS-ICL,FTSE100,DtACI-projected-expected,1867,24.213360305793657,0.0129691271054063,,,
TS-ICL,GBPUSD,Raw,1621,18.0,0.0111042566317088,Green,Green,Green
TS-ICL,GBPUSD,Shift-CP,1621,11.0,0.0067859346082665,Green,Green,Green
TS-ICL,GBPUSD,Shift-ERM,1621,11.0,0.0067859346082665,Green,Green,Green
TS-ICL,GBPUSD,Vol-CP,1621,12.0,0.0074028377544725,Green,Green,Green
TS-ICL,GBPUSD,Vol-ERM,1621,13.0,0.0080197409006785,Green,Green,Green
TS-ICL,GBPUSD,State2-ERM,1621,11.0,0.0067859346082665,Green,Green,Green
TS-ICL,GBPUSD,State4-ERM,1621,13.0,0.0080197409006785,Green,Green,Green
TS-ICL,GBPUSD,State-L1,1621,13.0,0.0080197409006785,Green,Green,Green
TS-ICL,GBPUSD,State-L1-clipped,1621,13.0,0.0080197409006785,Green,Green,Green
TS-ICL,GBPUSD,POT-Shift,1621,10.0,0.0061690314620604,Green,Green,Green
TS-ICL,GBPUSD,POT-Vol,1621,12.0,0.0074028377544725,Green,Green,Green
TS-ICL,GBPUSD,ACI-existing,1621,20.0,0.0123380629241209,Green,Green,Green
TS-ICL,GBPUSD,DtACI-projected-seed,1621,16.0,0.0098704503392967,Green,Green,Green
TS-ICL,GBPUSD,Rolling250,1621,13.0,0.0080197409006785,Green,Green,Green
TS-ICL,GBPUSD,Rolling500,1621,16.0,0.0098704503392967,Green,Green,Green
TS-ICL,GBPUSD,Selected-rolling,1621,16.0,0.0098704503392967,Green,Green,Green
TS-ICL,GBPUSD,Gate-selected-rolling,1621,18.0,0.0111042566317088,Green,Green,Green
TS-ICL,GBPUSD,Loss-gate,1621,18.0,0.0111042566317088,Green,Green,Green
TS-ICL,GBPUSD,Past-minimum,1621,13.0,0.0080197409006785,Green,Green,Green
TS-ICL,GBPUSD,DtACI-projected-expected,1621,19.048327471695895,0.0117509731472522,,,
TS-ICL,GDAXI,Raw,1878,25.0,0.0133120340788072,Green,Green,Green
TS-ICL,GDAXI,Shift-CP,1878,19.0,0.0101171458998935,Green,Green,Green
TS-ICL,GDAXI,Shift-ERM,1878,19.0,0.0101171458998935,Green,Green,Green
TS-ICL,GDAXI,Vol-CP,1878,19.0,0.0101171458998935,Green,Green,Green
TS-ICL,GDAXI,Vol-ERM,1878,20.0,0.0106496272630457,Green,Green,Green
TS-ICL,GDAXI,State2-ERM,1878,19.0,0.0101171458998935,Green,Green,Green
TS-ICL,GDAXI,State4-ERM,1878,18.0,0.0095846645367412,Green,Green,Green
TS-ICL,GDAXI,State-L1,1878,19.0,0.0101171458998935,Green,Green,Green
TS-ICL,GDAXI,State-L1-clipped,1878,19.0,0.0101171458998935,Green,Green,Green
TS-ICL,GDAXI,POT-Shift,1878,19.0,0.0101171458998935,Green,Green,Green
TS-ICL,GDAXI,POT-Vol,1878,19.0,0.0101171458998935,Green,Green,Green
TS-ICL,GDAXI,ACI-existing,1878,22.0,0.0117145899893503,Green,Green,Green
TS-ICL,GDAXI,DtACI-projected-seed,1878,24.0,0.0127795527156549,Green,Green,Green
TS-ICL,GDAXI,Rolling250,1878,18.0,0.0095846645367412,Green,Green,Green
TS-ICL,GDAXI,Rolling500,1878,23.0,0.0122470713525026,Green,Green,Green
TS-ICL,GDAXI,Selected-rolling,1878,23.0,0.0122470713525026,Green,Green,Green
TS-ICL,GDAXI,Gate-selected-rolling,1878,25.0,0.0133120340788072,Green,Green,Green
TS-ICL,GDAXI,Loss-gate,1878,25.0,0.0133120340788072,Green,Green,Green
TS-ICL,GDAXI,Past-minimum,1878,19.0,0.0101171458998935,Green,Green,Green
TS-ICL,GDAXI,DtACI-projected-expected,1878,23.571878536163375,0.0125515860149964,,,
TS-ICL,GLD,Raw,1490,18.0,0.0120805369127516,Green,Green,Green
TS-ICL,GLD,Shift-CP,1490,16.0,0.010738255033557,Green,Green,Green
TS-ICL,GLD,Shift-ERM,1490,16.0,0.010738255033557,Green,Green,Green
TS-ICL,GLD,Vol-CP,1490,14.0,0.0093959731543624,Green,Green,Green
TS-ICL,GLD,Vol-ERM,1490,17.0,0.0114093959731543,Green,Green,Green
TS-ICL,GLD,State2-ERM,1490,16.0,0.010738255033557,Green,Green,Green
TS-ICL,GLD,State4-ERM,1490,17.0,0.0114093959731543,Green,Green,Green
TS-ICL,GLD,State-L1,1490,16.0,0.010738255033557,Green,Green,Green
TS-ICL,GLD,State-L1-clipped,1490,16.0,0.010738255033557,Green,Green,Green
TS-ICL,GLD,POT-Shift,1490,14.0,0.0093959731543624,Green,Green,Green
TS-ICL,GLD,POT-Vol,1490,11.0,0.0073825503355704,Green,Green,Green
TS-ICL,GLD,ACI-existing,1490,17.0,0.0114093959731543,Green,Green,Green
TS-ICL,GLD,DtACI-projected-seed,1490,15.0,0.0100671140939597,Green,Green,Green
TS-ICL,GLD,Rolling250,1490,10.0,0.0067114093959731,Green,Green,Green
TS-ICL,GLD,Rolling500,1490,13.0,0.0087248322147651,Green,Green,Green
TS-ICL,GLD,Selected-rolling,1490,13.0,0.0087248322147651,Green,Green,Green
TS-ICL,GLD,Gate-selected-rolling,1490,18.0,0.0120805369127516,Green,Green,Green
TS-ICL,GLD,Loss-gate,1490,18.0,0.0120805369127516,Green,Green,Green
TS-ICL,GLD,Past-minimum,1490,17.0,0.0114093959731543,Green,Green,Green
TS-ICL,GLD,DtACI-projected-expected,1490,16.533254004033864,0.0110961436268683,,,
TS-ICL,HSI,Raw,1817,20.0,0.0110071546505228,Green,Green,Green
TS-ICL,HSI,Shift-CP,1817,19.0,0.0104567969179966,Green,Green,Green
TS-ICL,HSI,Shift-ERM,1817,19.0,0.0104567969179966,Green,Green,Green
TS-ICL,HSI,Vol-CP,1817,19.0,0.0104567969179966,Green,Green,Green
TS-ICL,HSI,Vol-ERM,1817,18.0,0.0099064391854705,Green,Green,Green
TS-ICL,HSI,State2-ERM,1817,19.0,0.0104567969179966,Green,Green,Green
TS-ICL,HSI,State4-ERM,1817,19.0,0.0104567969179966,Green,Green,Green
TS-ICL,HSI,State-L1,1817,19.0,0.0104567969179966,Green,Green,Green
TS-ICL,HSI,State-L1-clipped,1817,19.0,0.0104567969179966,Green,Green,Green
TS-ICL,HSI,POT-Shift,1817,16.0,0.0088057237204182,Green,Green,Green
TS-ICL,HSI,POT-Vol,1817,18.0,0.0099064391854705,Green,Green,Green
TS-ICL,HSI,ACI-existing,1817,21.0,0.0115575123830489,Green,Green,Green
TS-ICL,HSI,DtACI-projected-seed,1817,25.0,0.0137589433131535,Green,Green,Yellow
TS-ICL,HSI,Rolling250,1817,18.0,0.0099064391854705,Green,Green,Green
TS-ICL,HSI,Rolling500,1817,19.0,0.0104567969179966,Green,Green,Green
TS-ICL,HSI,Selected-rolling,1817,19.0,0.0104567969179966,Green,Green,Green
TS-ICL,HSI,Gate-selected-rolling,1817,20.0,0.0110071546505228,Green,Green,Green
TS-ICL,HSI,Loss-gate,1817,20.0,0.0110071546505228,Green,Green,Green
TS-ICL,HSI,Past-minimum,1817,18.0,0.0099064391854705,Green,Green,Green
TS-ICL,HSI,DtACI-projected-expected,1817,23.579357861044052,0.0129770819268266,,,
TS-ICL,IBGL,Raw,1260,13.0,0.0103174603174603,Green,Green,Green
TS-ICL,IBGL,Shift-CP,1260,12.0,0.0095238095238095,Green,Green,Green
TS-ICL,IBGL,Shift-ERM,1260,13.0,0.0103174603174603,Green,Green,Green
TS-ICL,IBGL,Vol-CP,1260,13.0,0.0103174603174603,Green,Green,Green
TS-ICL,IBGL,Vol-ERM,1260,11.0,0.0087301587301587,Green,Green,Green
TS-ICL,IBGL,State2-ERM,1260,13.0,0.0103174603174603,Green,Green,Green
TS-ICL,IBGL,State4-ERM,1260,13.0,0.0103174603174603,Green,Green,Green
TS-ICL,IBGL,State-L1,1260,12.0,0.0095238095238095,Green,Green,Green
TS-ICL,IBGL,State-L1-clipped,1260,12.0,0.0095238095238095,Green,Green,Green
TS-ICL,IBGL,POT-Shift,1260,11.0,0.0087301587301587,Green,Green,Green
TS-ICL,IBGL,POT-Vol,1260,11.0,0.0087301587301587,Green,Green,Green
TS-ICL,IBGL,ACI-existing,1260,16.0,0.0126984126984126,Green,Green,Green
TS-ICL,IBGL,DtACI-projected-seed,1260,19.0,0.015079365079365,Green,Green,Yellow
TS-ICL,IBGL,Rolling250,1260,14.0,0.0111111111111111,Green,Green,Green
TS-ICL,IBGL,Rolling500,1260,16.0,0.0126984126984126,Green,Green,Green
TS-ICL,IBGL,Selected-rolling,1260,16.0,0.0126984126984126,Green,Green,Green
TS-ICL,IBGL,Gate-selected-rolling,1260,13.0,0.0103174603174603,Green,Green,Green
TS-ICL,IBGL,Loss-gate,1260,13.0,0.0103174603174603,Green,Green,Green
TS-ICL,IBGL,Past-minimum,1260,13.0,0.0103174603174603,Green,Green,Green
TS-ICL,IBGL,DtACI-projected-expected,1260,19.352982067054604,0.0153595095770274,,,
TS-ICL,ICLN,Raw,1219,13.0,0.0106644790812141,Green,Green,Green
TS-ICL,ICLN,Shift-CP,1219,11.0,0.0090237899917965,Green,Green,Green
TS-ICL,ICLN,Shift-ERM,1219,11.0,0.0090237899917965,Green,Green,Green
TS-ICL,ICLN,Vol-CP,1219,11.0,0.0090237899917965,Green,Green,Green
TS-ICL,ICLN,Vol-ERM,1219,14.0,0.0114848236259228,Green,Green,Green
TS-ICL,ICLN,State2-ERM,1219,24.0,0.0196882690730106,Yellow,Yellow,Yellow
TS-ICL,ICLN,State4-ERM,1219,12.0,0.0098441345365053,Green,Green,Green
TS-ICL,ICLN,State-L1,1219,21.0,0.0172272354388843,Yellow,Yellow,Yellow
TS-ICL,ICLN,State-L1-clipped,1219,21.0,0.0172272354388843,Yellow,Yellow,Yellow
TS-ICL,ICLN,POT-Shift,1219,11.0,0.0090237899917965,Green,Green,Green
TS-ICL,ICLN,POT-Vol,1219,10.0,0.0082034454470877,Green,Green,Green
TS-ICL,ICLN,ACI-existing,1219,14.0,0.0114848236259228,Green,Green,Green
TS-ICL,ICLN,DtACI-projected-seed,1219,16.0,0.0131255127153404,Green,Green,Green
TS-ICL,ICLN,Rolling250,1219,10.0,0.0082034454470877,Green,Green,Green
TS-ICL,ICLN,Rolling500,1219,16.0,0.0131255127153404,Green,Green,Green
TS-ICL,ICLN,Selected-rolling,1219,10.0,0.0082034454470877,Green,Green,Green
TS-ICL,ICLN,Gate-selected-rolling,1219,13.0,0.0106644790812141,Green,Green,Green
TS-ICL,ICLN,Loss-gate,1219,13.0,0.0106644790812141,Green,Green,Green
TS-ICL,ICLN,Past-minimum,1219,11.0,0.0090237899917965,Green,Green,Green
TS-ICL,ICLN,DtACI-projected-expected,1219,17.074553250010798,0.0140070166119858,,,
TS-ICL,NIFTY,Raw,1242,9.0,0.0072463768115942,Green,Green,Green
TS-ICL,NIFTY,Shift-CP,1242,8.0,0.0064412238325281,Green,Green,Green
TS-ICL,NIFTY,Shift-ERM,1242,8.0,0.0064412238325281,Green,Green,Green
TS-ICL,NIFTY,Vol-CP,1242,8.0,0.0064412238325281,Green,Green,Green
TS-ICL,NIFTY,Vol-ERM,1242,8.0,0.0064412238325281,Green,Green,Green
TS-ICL,NIFTY,State2-ERM,1242,8.0,0.0064412238325281,Green,Green,Green
TS-ICL,NIFTY,State4-ERM,1242,10.0,0.0080515297906602,Green,Green,Green
TS-ICL,NIFTY,State-L1,1242,9.0,0.0072463768115942,Green,Green,Green
TS-ICL,NIFTY,State-L1-clipped,1242,9.0,0.0072463768115942,Green,Green,Green
TS-ICL,NIFTY,POT-Shift,1242,7.0,0.0056360708534621,Green,Green,Green
TS-ICL,NIFTY,POT-Vol,1242,8.0,0.0064412238325281,Green,Green,Green
TS-ICL,NIFTY,ACI-existing,1242,19.0,0.0152979066022544,Green,Green,Yellow
TS-ICL,NIFTY,DtACI-projected-seed,1242,17.0,0.0136876006441223,Green,Green,Green
TS-ICL,NIFTY,Rolling250,1242,13.0,0.0104669887278582,Green,Green,Green
TS-ICL,NIFTY,Rolling500,1242,15.0,0.0120772946859903,Green,Green,Green
TS-ICL,NIFTY,Selected-rolling,1242,15.0,0.0120772946859903,Green,Green,Green
TS-ICL,NIFTY,Gate-selected-rolling,1242,9.0,0.0072463768115942,Green,Green,Green
TS-ICL,NIFTY,Loss-gate,1242,9.0,0.0072463768115942,Green,Green,Green
TS-ICL,NIFTY,Past-minimum,1242,8.0,0.0064412238325281,Green,Green,Green
TS-ICL,NIFTY,DtACI-projected-expected,1242,17.608421712327548,0.0141774731983313,,,
TS-ICL,NIKKEI,Raw,1806,21.0,0.0116279069767441,Green,Green,Green
TS-ICL,NIKKEI,Shift-CP,1806,17.0,0.0094130675526024,Green,Green,Green
TS-ICL,NIKKEI,Shift-ERM,1806,17.0,0.0094130675526024,Green,Green,Green
TS-ICL,NIKKEI,Vol-CP,1806,15.0,0.0083056478405315,Green,Green,Green
TS-ICL,NIKKEI,Vol-ERM,1806,15.0,0.0083056478405315,Green,Green,Green
TS-ICL,NIKKEI,State2-ERM,1806,16.0,0.0088593576965669,Green,Green,Green
TS-ICL,NIKKEI,State4-ERM,1806,15.0,0.0083056478405315,Green,Green,Green
TS-ICL,NIKKEI,State-L1,1806,17.0,0.0094130675526024,Green,Green,Green
TS-ICL,NIKKEI,State-L1-clipped,1806,17.0,0.0094130675526024,Green,Green,Green
TS-ICL,NIKKEI,POT-Shift,1806,13.0,0.0071982281284606,Green,Green,Green
TS-ICL,NIKKEI,POT-Vol,1806,14.0,0.0077519379844961,Green,Green,Green
TS-ICL,NIKKEI,ACI-existing,1806,21.0,0.0116279069767441,Green,Green,Green
TS-ICL,NIKKEI,DtACI-projected-seed,1806,19.0,0.0105204872646733,Green,Green,Green
TS-ICL,NIKKEI,Rolling250,1806,16.0,0.0088593576965669,Green,Green,Green
TS-ICL,NIKKEI,Rolling500,1806,19.0,0.0105204872646733,Green,Green,Green
TS-ICL,NIKKEI,Selected-rolling,1806,19.0,0.0105204872646733,Green,Green,Green
TS-ICL,NIKKEI,Gate-selected-rolling,1806,21.0,0.0116279069767441,Green,Green,Green
TS-ICL,NIKKEI,Loss-gate,1806,21.0,0.0116279069767441,Green,Green,Green
TS-ICL,NIKKEI,Past-minimum,1806,21.0,0.0116279069767441,Green,Green,Green
TS-ICL,NIKKEI,DtACI-projected-expected,1806,22.205178930475064,0.0122952264288344,,,
TS-ICL,SP500,Raw,1858,24.0,0.0129171151776103,Green,Green,Green
TS-ICL,SP500,Shift-CP,1858,18.0,0.0096878363832077,Green,Green,Green
TS-ICL,SP500,Shift-ERM,1858,20.0,0.0107642626480086,Green,Green,Green
TS-ICL,SP500,Vol-CP,1858,20.0,0.0107642626480086,Green,Green,Green
TS-ICL,SP500,Vol-ERM,1858,23.0,0.0123789020452099,Green,Green,Green
TS-ICL,SP500,State2-ERM,1858,17.0,0.0091496232508073,Green,Green,Green
TS-ICL,SP500,State4-ERM,1858,17.0,0.0091496232508073,Green,Green,Green
TS-ICL,SP500,State-L1,1858,19.0,0.0102260495156081,Green,Green,Green
TS-ICL,SP500,State-L1-clipped,1858,19.0,0.0102260495156081,Green,Green,Green
TS-ICL,SP500,POT-Shift,1858,18.0,0.0096878363832077,Green,Green,Green
TS-ICL,SP500,POT-Vol,1858,17.0,0.0091496232508073,Green,Green,Green
TS-ICL,SP500,ACI-existing,1858,24.0,0.0129171151776103,Green,Green,Green
TS-ICL,SP500,DtACI-projected-seed,1858,29.0,0.0156081808396124,Green,Green,Yellow
TS-ICL,SP500,Rolling250,1858,22.0,0.0118406889128094,Green,Green,Green
TS-ICL,SP500,Rolling500,1858,21.0,0.011302475780409,Green,Green,Green
TS-ICL,SP500,Selected-rolling,1858,21.0,0.011302475780409,Green,Green,Green
TS-ICL,SP500,Gate-selected-rolling,1858,21.0,0.011302475780409,Green,Green,Green
TS-ICL,SP500,Loss-gate,1858,24.0,0.0129171151776103,Green,Green,Green
TS-ICL,SP500,Past-minimum,1858,23.0,0.0123789020452099,Green,Green,Green
TS-ICL,SP500,DtACI-projected-expected,1858,25.878203306072088,0.0139279888622562,,,
TS-ICL,STOXX,Raw,1532,12.0,0.0078328981723237,Green,Green,Green
TS-ICL,STOXX,Shift-CP,1532,6.0,0.0039164490861618,Green,Green,Green
TS-ICL,STOXX,Shift-ERM,1532,6.0,0.0039164490861618,Green,Green,Green
TS-ICL,STOXX,Vol-CP,1532,7.0,0.0045691906005221,Green,Green,Green
TS-ICL,STOXX,Vol-ERM,1532,7.0,0.0045691906005221,Green,Green,Green
TS-ICL,STOXX,State2-ERM,1532,9.0,0.0058746736292428,Green,Green,Green
TS-ICL,STOXX,State4-ERM,1532,8.0,0.0052219321148825,Green,Green,Green
TS-ICL,STOXX,State-L1,1532,8.0,0.0052219321148825,Green,Green,Green
TS-ICL,STOXX,State-L1-clipped,1532,8.0,0.0052219321148825,Green,Green,Green
TS-ICL,STOXX,POT-Shift,1532,6.0,0.0039164490861618,Green,Green,Green
TS-ICL,STOXX,POT-Vol,1532,7.0,0.0045691906005221,Green,Green,Green
TS-ICL,STOXX,ACI-existing,1532,17.0,0.0110966057441253,Green,Green,Green
TS-ICL,STOXX,DtACI-projected-seed,1532,19.0,0.0124020887728459,Green,Green,Green
TS-ICL,STOXX,Rolling250,1532,11.0,0.0071801566579634,Green,Green,Green
TS-ICL,STOXX,Rolling500,1532,10.0,0.0065274151436031,Green,Green,Green
TS-ICL,STOXX,Selected-rolling,1532,10.0,0.0065274151436031,Green,Green,Green
TS-ICL,STOXX,Gate-selected-rolling,1532,10.0,0.0065274151436031,Green,Green,Green
TS-ICL,STOXX,Loss-gate,1532,12.0,0.0078328981723237,Green,Green,Green
TS-ICL,STOXX,Past-minimum,1532,7.0,0.0045691906005221,Green,Green,Green
TS-ICL,STOXX,DtACI-projected-expected,1532,17.909961851809683,0.0116905756212856,,,
TS-ICL,TLT,Raw,1665,14.0,0.0084084084084084,Green,Green,Green
TS-ICL,TLT,Shift-CP,1665,14.0,0.0084084084084084,Green,Green,Green
TS-ICL,TLT,Shift-ERM,1665,14.0,0.0084084084084084,Green,Green,Green
TS-ICL,TLT,Vol-CP,1665,14.0,0.0084084084084084,Green,Green,Green
TS-ICL,TLT,Vol-ERM,1665,14.0,0.0084084084084084,Green,Green,Green
TS-ICL,TLT,State2-ERM,1665,12.0,0.0072072072072072,Green,Green,Green
TS-ICL,TLT,State4-ERM,1665,16.0,0.0096096096096096,Green,Green,Green
TS-ICL,TLT,State-L1,1665,17.0,0.0102102102102102,Green,Green,Green
TS-ICL,TLT,State-L1-clipped,1665,14.0,0.0084084084084084,Green,Green,Green
TS-ICL,TLT,POT-Shift,1665,14.0,0.0084084084084084,Green,Green,Green
TS-ICL,TLT,POT-Vol,1665,14.0,0.0084084084084084,Green,Green,Green
TS-ICL,TLT,ACI-existing,1665,21.0,0.0126126126126126,Green,Green,Green
TS-ICL,TLT,DtACI-projected-seed,1665,19.0,0.0114114114114114,Green,Green,Green
TS-ICL,TLT,Rolling250,1665,13.0,0.0078078078078078,Green,Green,Green
TS-ICL,TLT,Rolling500,1665,16.0,0.0096096096096096,Green,Green,Green
TS-ICL,TLT,Selected-rolling,1665,13.0,0.0078078078078078,Green,Green,Green
TS-ICL,TLT,Gate-selected-rolling,1665,14.0,0.0084084084084084,Green,Green,Green
TS-ICL,TLT,Loss-gate,1665,14.0,0.0084084084084084,Green,Green,Green
TS-ICL,TLT,Past-minimum,1665,16.0,0.0096096096096096,Green,Green,Green
TS-ICL,TLT,DtACI-projected-expected,1665,19.726962915749123,0.0118480257752246,,,
TS-ICL,UNG,Raw,1309,11.0,0.0084033613445378,Green,Green,Green
TS-ICL,UNG,Shift-CP,1309,7.0,0.0053475935828877,Green,Green,Green
TS-ICL,UNG,Shift-ERM,1309,11.0,0.0084033613445378,Green,Green,Green
TS-ICL,UNG,Vol-CP,1309,7.0,0.0053475935828877,Green,Green,Green
TS-ICL,UNG,Vol-ERM,1309,6.0,0.0045836516424751,Green,Green,Green
TS-ICL,UNG,State2-ERM,1309,4.0,0.0030557677616501,Green,Green,Green
TS-ICL,UNG,State4-ERM,1309,4.0,0.0030557677616501,Green,Green,Green
TS-ICL,UNG,State-L1,1309,4.0,0.0030557677616501,Green,Green,Green
TS-ICL,UNG,State-L1-clipped,1309,4.0,0.0030557677616501,Green,Green,Green
TS-ICL,UNG,POT-Shift,1309,11.0,0.0084033613445378,Green,Green,Green
TS-ICL,UNG,POT-Vol,1309,8.0,0.0061115355233002,Green,Green,Green
TS-ICL,UNG,ACI-existing,1309,18.0,0.0137509549274255,Green,Green,Green
TS-ICL,UNG,DtACI-projected-seed,1309,15.0,0.0114591291061879,Green,Green,Green
TS-ICL,UNG,Rolling250,1309,13.0,0.0099312452253628,Green,Green,Green
TS-ICL,UNG,Rolling500,1309,14.0,0.0106951871657754,Green,Green,Green
TS-ICL,UNG,Selected-rolling,1309,14.0,0.0106951871657754,Green,Green,Green
TS-ICL,UNG,Gate-selected-rolling,1309,11.0,0.0084033613445378,Green,Green,Green
TS-ICL,UNG,Loss-gate,1309,11.0,0.0084033613445378,Green,Green,Green
TS-ICL,UNG,Past-minimum,1309,7.0,0.0053475935828877,Green,Green,Green
TS-ICL,UNG,DtACI-projected-expected,1309,17.72456443720799,0.0135405381491275,,,
TS-ICL,USDJPY,Raw,1923,27.0,0.0140405616224648,Green,Green,Yellow
TS-ICL,USDJPY,Shift-CP,1923,22.0,0.0114404576183047,Green,Green,Green
TS-ICL,USDJPY,Shift-ERM,1923,23.0,0.0119604784191367,Green,Green,Green
TS-ICL,USDJPY,Vol-CP,1923,23.0,0.0119604784191367,Green,Green,Green
TS-ICL,USDJPY,Vol-ERM,1923,23.0,0.0119604784191367,Green,Green,Green
TS-ICL,USDJPY,State2-ERM,1923,23.0,0.0119604784191367,Green,Green,Green
TS-ICL,USDJPY,State4-ERM,1923,23.0,0.0119604784191367,Green,Green,Green
TS-ICL,USDJPY,State-L1,1923,23.0,0.0119604784191367,Green,Green,Green
TS-ICL,USDJPY,State-L1-clipped,1923,23.0,0.0119604784191367,Green,Green,Green
TS-ICL,USDJPY,POT-Shift,1923,24.0,0.0124804992199688,Green,Green,Green
TS-ICL,USDJPY,POT-Vol,1923,25.0,0.0130005200208008,Green,Green,Green
TS-ICL,USDJPY,ACI-existing,1923,26.0,0.0135205408216328,Green,Green,Green
TS-ICL,USDJPY,DtACI-projected-seed,1923,32.0,0.016640665626625,Yellow,Yellow,Yellow
TS-ICL,USDJPY,Rolling250,1923,25.0,0.0130005200208008,Green,Green,Green
TS-ICL,USDJPY,Rolling500,1923,25.0,0.0130005200208008,Green,Green,Green
TS-ICL,USDJPY,Selected-rolling,1923,25.0,0.0130005200208008,Green,Green,Green
TS-ICL,USDJPY,Gate-selected-rolling,1923,27.0,0.0140405616224648,Green,Green,Yellow
TS-ICL,USDJPY,Loss-gate,1923,27.0,0.0140405616224648,Green,Green,Yellow
TS-ICL,USDJPY,Past-minimum,1923,27.0,0.0140405616224648,Green,Green,Yellow
TS-ICL,USDJPY,DtACI-projected-expected,1923,29.397252763375484,0.0152871829242722,,,
TS-ICL,USO,Raw,1386,13.0,0.0093795093795093,Green,Green,Green
TS-ICL,USO,Shift-CP,1386,10.0,0.0072150072150072,Green,Green,Green
TS-ICL,USO,Shift-ERM,1386,10.0,0.0072150072150072,Green,Green,Green
TS-ICL,USO,Vol-CP,1386,10.0,0.0072150072150072,Green,Green,Green
TS-ICL,USO,Vol-ERM,1386,10.0,0.0072150072150072,Green,Green,Green
TS-ICL,USO,State2-ERM,1386,10.0,0.0072150072150072,Green,Green,Green
TS-ICL,USO,State4-ERM,1386,11.0,0.0079365079365079,Green,Green,Green
TS-ICL,USO,State-L1,1386,11.0,0.0079365079365079,Green,Green,Green
TS-ICL,USO,State-L1-clipped,1386,11.0,0.0079365079365079,Green,Green,Green
TS-ICL,USO,POT-Shift,1386,10.0,0.0072150072150072,Green,Green,Green
TS-ICL,USO,POT-Vol,1386,10.0,0.0072150072150072,Green,Green,Green
TS-ICL,USO,ACI-existing,1386,18.0,0.0129870129870129,Green,Green,Green
TS-ICL,USO,DtACI-projected-seed,1386,20.0,0.0144300144300144,Green,Green,Yellow
TS-ICL,USO,Rolling250,1386,10.0,0.0072150072150072,Green,Green,Green
TS-ICL,USO,Rolling500,1386,20.0,0.0144300144300144,Green,Green,Yellow
TS-ICL,USO,Selected-rolling,1386,20.0,0.0144300144300144,Green,Green,Yellow
TS-ICL,USO,Gate-selected-rolling,1386,13.0,0.0093795093795093,Green,Green,Green
TS-ICL,USO,Loss-gate,1386,13.0,0.0093795093795093,Green,Green,Green
TS-ICL,USO,Past-minimum,1386,11.0,0.0079365079365079,Green,Green,Green
TS-ICL,USO,DtACI-projected-expected,1386,19.673518522087292,0.0141944578081437,,,
Moirai-1.1,ASX200,Raw,1868,40.0,0.0214132762312633,Yellow,Yellow,Red
Moirai-1.1,ASX200,Shift-CP,1868,26.0,0.0139186295503211,Green,Green,Yellow
Moirai-1.1,ASX200,Shift-ERM,1868,29.0,0.0155246252676659,Green,Green,Yellow
Moirai-1.1,ASX200,Vol-CP,1868,27.0,0.0144539614561027,Green,Green,Yellow
Moirai-1.1,ASX200,Vol-ERM,1868,25.0,0.0133832976445396,Green,Green,Green
Moirai-1.1,ASX200,State2-ERM,1868,26.0,0.0139186295503211,Green,Green,Yellow
Moirai-1.1,ASX200,State4-ERM,1868,27.0,0.0144539614561027,Green,Green,Yellow
Moirai-1.1,ASX200,State-L1,1868,26.0,0.0139186295503211,Green,Green,Yellow
Moirai-1.1,ASX200,State-L1-clipped,1868,26.0,0.0139186295503211,Green,Green,Yellow
Moirai-1.1,ASX200,POT-Shift,1868,26.0,0.0139186295503211,Green,Green,Yellow
Moirai-1.1,ASX200,POT-Vol,1868,27.0,0.0144539614561027,Green,Green,Yellow
Moirai-1.1,ASX200,ACI-existing,1868,21.0,0.0112419700214132,Green,Green,Green
Moirai-1.1,ASX200,DtACI-projected-seed,1868,25.0,0.0133832976445396,Green,Green,Green
Moirai-1.1,ASX200,Rolling250,1868,16.0,0.0085653104925053,Green,Green,Green
Moirai-1.1,ASX200,Rolling500,1868,22.0,0.0117773019271948,Green,Green,Green
Moirai-1.1,ASX200,Selected-rolling,1868,16.0,0.0085653104925053,Green,Green,Green
Moirai-1.1,ASX200,Gate-selected-rolling,1868,16.0,0.0085653104925053,Green,Green,Green
Moirai-1.1,ASX200,Loss-gate,1868,40.0,0.0214132762312633,Yellow,Yellow,Red
Moirai-1.1,ASX200,Past-minimum,1868,26.0,0.0139186295503211,Green,Green,Yellow
Moirai-1.1,ASX200,DtACI-projected-expected,1868,26.504106544500058,0.0141884938675053,,,
Moirai-1.1,AUDUSD,Raw,1430,11.0,0.0076923076923076,Green,Green,Green
Moirai-1.1,AUDUSD,Shift-CP,1430,7.0,0.0048951048951048,Green,Green,Green
Moirai-1.1,AUDUSD,Shift-ERM,1430,7.0,0.0048951048951048,Green,Green,Green
Moirai-1.1,AUDUSD,Vol-CP,1430,10.0,0.0069930069930069,Green,Green,Green
Moirai-1.1,AUDUSD,Vol-ERM,1430,7.0,0.0048951048951048,Green,Green,Green
Moirai-1.1,AUDUSD,State2-ERM,1430,11.0,0.0076923076923076,Green,Green,Green
Moirai-1.1,AUDUSD,State4-ERM,1430,11.0,0.0076923076923076,Green,Green,Green
Moirai-1.1,AUDUSD,State-L1,1430,12.0,0.0083916083916083,Green,Green,Green
Moirai-1.1,AUDUSD,State-L1-clipped,1430,12.0,0.0083916083916083,Green,Green,Green
Moirai-1.1,AUDUSD,POT-Shift,1430,7.0,0.0048951048951048,Green,Green,Green
Moirai-1.1,AUDUSD,POT-Vol,1430,8.0,0.0055944055944055,Green,Green,Green
Moirai-1.1,AUDUSD,ACI-existing,1430,18.0,0.0125874125874125,Green,Green,Green
Moirai-1.1,AUDUSD,DtACI-projected-seed,1430,18.0,0.0125874125874125,Green,Green,Green
Moirai-1.1,AUDUSD,Rolling250,1430,13.0,0.009090909090909,Green,Green,Green
Moirai-1.1,AUDUSD,Rolling500,1430,14.0,0.0097902097902097,Green,Green,Green
Moirai-1.1,AUDUSD,Selected-rolling,1430,14.0,0.0097902097902097,Green,Green,Green
Moirai-1.1,AUDUSD,Gate-selected-rolling,1430,11.0,0.0076923076923076,Green,Green,Green
Moirai-1.1,AUDUSD,Loss-gate,1430,11.0,0.0076923076923076,Green,Green,Green
Moirai-1.1,AUDUSD,Past-minimum,1430,11.0,0.0076923076923076,Green,Green,Green
Moirai-1.1,AUDUSD,DtACI-projected-expected,1430,17.312700245343546,0.0121067833883521,,,
Moirai-1.1,BOVESPA,Raw,1829,26.0,0.0142154182613449,Green,Green,Yellow
Moirai-1.1,BOVESPA,Shift-CP,1829,16.0,0.0087479496992892,Green,Green,Green
Moirai-1.1,BOVESPA,Shift-ERM,1829,16.0,0.0087479496992892,Green,Green,Green
Moirai-1.1,BOVESPA,Vol-CP,1829,17.0,0.0092946965554948,Green,Green,Green
Moirai-1.1,BOVESPA,Vol-ERM,1829,16.0,0.0087479496992892,Green,Green,Green
Moirai-1.1,BOVESPA,State2-ERM,1829,21.0,0.0114816839803171,Green,Green,Green
Moirai-1.1,BOVESPA,State4-ERM,1829,19.0,0.0103881902679059,Green,Green,Green
Moirai-1.1,BOVESPA,State-L1,1829,17.0,0.0092946965554948,Green,Green,Green
Moirai-1.1,BOVESPA,State-L1-clipped,1829,17.0,0.0092946965554948,Green,Green,Green
Moirai-1.1,BOVESPA,POT-Shift,1829,16.0,0.0087479496992892,Green,Green,Green
Moirai-1.1,BOVESPA,POT-Vol,1829,17.0,0.0092946965554948,Green,Green,Green
Moirai-1.1,BOVESPA,ACI-existing,1829,23.0,0.0125751776927282,Green,Green,Green
Moirai-1.1,BOVESPA,DtACI-projected-seed,1829,26.0,0.0142154182613449,Green,Green,Yellow
Moirai-1.1,BOVESPA,Rolling250,1829,15.0,0.0082012028430836,Green,Green,Green
Moirai-1.1,BOVESPA,Rolling500,1829,21.0,0.0114816839803171,Green,Green,Green
Moirai-1.1,BOVESPA,Selected-rolling,1829,21.0,0.0114816839803171,Green,Green,Green
Moirai-1.1,BOVESPA,Gate-selected-rolling,1829,21.0,0.0114816839803171,Green,Green,Green
Moirai-1.1,BOVESPA,Loss-gate,1829,26.0,0.0142154182613449,Green,Green,Yellow
Moirai-1.1,BOVESPA,Past-minimum,1829,16.0,0.0087479496992892,Green,Green,Green
Moirai-1.1,BOVESPA,DtACI-projected-expected,1829,24.79304640615504,0.0135555201783242,,,
Moirai-1.1,BTC,Raw,1157,26.0,0.0224719101123595,Yellow,Yellow,Red
Moirai-1.1,BTC,Shift-CP,1157,5.0,0.0043215211754537,Green,Green,Green
Moirai-1.1,BTC,Shift-ERM,1157,6.0,0.0051858254105445,Green,Green,Green
Moirai-1.1,BTC,Vol-CP,1157,8.0,0.006914433880726,Green,Green,Green
Moirai-1.1,BTC,Vol-ERM,1157,12.0,0.010371650821089,Green,Green,Green
Moirai-1.1,BTC,State2-ERM,1157,8.0,0.006914433880726,Green,Green,Green
Moirai-1.1,BTC,State4-ERM,1157,8.0,0.006914433880726,Green,Green,Green
Moirai-1.1,BTC,State-L1,1157,6.0,0.0051858254105445,Green,Green,Green
Moirai-1.1,BTC,State-L1-clipped,1157,6.0,0.0051858254105445,Green,Green,Green
Moirai-1.1,BTC,POT-Shift,1157,7.0,0.0060501296456352,Green,Green,Green
Moirai-1.1,BTC,POT-Vol,1157,12.0,0.010371650821089,Green,Green,Green
Moirai-1.1,BTC,ACI-existing,1157,15.0,0.0129645635263612,Green,Green,Green
Moirai-1.1,BTC,DtACI-projected-seed,1157,13.0,0.0112359550561797,Green,Green,Green
Moirai-1.1,BTC,Rolling250,1157,12.0,0.010371650821089,Green,Green,Green
Moirai-1.1,BTC,Rolling500,1157,15.0,0.0129645635263612,Green,Green,Green
Moirai-1.1,BTC,Selected-rolling,1157,15.0,0.0129645635263612,Green,Green,Green
Moirai-1.1,BTC,Gate-selected-rolling,1157,15.0,0.0129645635263612,Green,Green,Green
Moirai-1.1,BTC,Loss-gate,1157,26.0,0.0224719101123595,Yellow,Yellow,Red
Moirai-1.1,BTC,Past-minimum,1157,12.0,0.010371650821089,Green,Green,Green
Moirai-1.1,BTC,DtACI-projected-expected,1157,15.523118842114767,0.0134166973570568,,,
Moirai-1.1,CBU0,Raw,1010,7.0,0.0069306930693069,Green,Green,Green
Moirai-1.1,CBU0,Shift-CP,1010,5.0,0.0049504950495049,Green,Green,Green
Moirai-1.1,CBU0,Shift-ERM,1010,5.0,0.0049504950495049,Green,Green,Green
Moirai-1.1,CBU0,Vol-CP,1010,3.0,0.0029702970297029,Green,Green,Green
Moirai-1.1,CBU0,Vol-ERM,1010,4.0,0.0039603960396039,Green,Green,Green
Moirai-1.1,CBU0,State2-ERM,1010,7.0,0.0069306930693069,Green,Green,Green
Moirai-1.1,CBU0,State4-ERM,1010,5.0,0.0049504950495049,Green,Green,Green
Moirai-1.1,CBU0,State-L1,1010,5.0,0.0049504950495049,Green,Green,Green
Moirai-1.1,CBU0,State-L1-clipped,1010,5.0,0.0049504950495049,Green,Green,Green
Moirai-1.1,CBU0,POT-Shift,1010,6.0,0.0059405940594059,Green,Green,Green
Moirai-1.1,CBU0,POT-Vol,1010,3.0,0.0029702970297029,Green,Green,Green
Moirai-1.1,CBU0,ACI-existing,1010,11.0,0.0108910891089108,Green,Green,Green
Moirai-1.1,CBU0,DtACI-projected-seed,1010,10.0,0.0099009900990099,Green,Green,Green
Moirai-1.1,CBU0,Rolling250,1010,5.0,0.0049504950495049,Green,Green,Green
Moirai-1.1,CBU0,Rolling500,1010,9.0,0.0089108910891089,Green,Green,Green
Moirai-1.1,CBU0,Selected-rolling,1010,9.0,0.0089108910891089,Green,Green,Green
Moirai-1.1,CBU0,Gate-selected-rolling,1010,9.0,0.0089108910891089,Green,Green,Green
Moirai-1.1,CBU0,Loss-gate,1010,7.0,0.0069306930693069,Green,Green,Green
Moirai-1.1,CBU0,Past-minimum,1010,7.0,0.0069306930693069,Green,Green,Green
Moirai-1.1,CBU0,DtACI-projected-expected,1010,9.687567773232995,0.0095916512606267,,,
Moirai-1.1,DJCI,Raw,765,11.0,0.0143790849673202,Green,Green,Green
Moirai-1.1,DJCI,Shift-CP,765,9.0,0.0117647058823529,Green,Green,Green
Moirai-1.1,DJCI,Shift-ERM,765,10.0,0.0130718954248366,Green,Green,Green
Moirai-1.1,DJCI,Vol-CP,765,10.0,0.0130718954248366,Green,Green,Green
Moirai-1.1,DJCI,Vol-ERM,765,11.0,0.0143790849673202,Green,Green,Green
Moirai-1.1,DJCI,State2-ERM,765,9.0,0.0117647058823529,Green,Green,Green
Moirai-1.1,DJCI,State4-ERM,765,7.0,0.0091503267973856,Green,Green,Green
Moirai-1.1,DJCI,State-L1,765,10.0,0.0130718954248366,Green,Green,Green
Moirai-1.1,DJCI,State-L1-clipped,765,10.0,0.0130718954248366,Green,Green,Green
Moirai-1.1,DJCI,POT-Shift,765,10.0,0.0130718954248366,Green,Green,Green
Moirai-1.1,DJCI,POT-Vol,765,11.0,0.0143790849673202,Green,Green,Green
Moirai-1.1,DJCI,ACI-existing,765,10.0,0.0130718954248366,Green,Green,Green
Moirai-1.1,DJCI,DtACI-projected-seed,765,12.0,0.0156862745098039,Green,Green,Yellow
Moirai-1.1,DJCI,Rolling250,765,6.0,0.0078431372549019,Green,Green,Green
Moirai-1.1,DJCI,Rolling500,765,11.0,0.0143790849673202,Green,Green,Green
Moirai-1.1,DJCI,Selected-rolling,765,11.0,0.0143790849673202,Green,Green,Green
Moirai-1.1,DJCI,Gate-selected-rolling,765,11.0,0.0143790849673202,Green,Green,Green
Moirai-1.1,DJCI,Loss-gate,765,11.0,0.0143790849673202,Green,Green,Green
Moirai-1.1,DJCI,Past-minimum,765,10.0,0.0130718954248366,Green,Green,Green
Moirai-1.1,DJCI,DtACI-projected-expected,765,11.983589396556788,0.0156648227405971,,,
Moirai-1.1,ETH,Raw,812,18.0,0.022167487684729,Yellow,Yellow,Yellow
Moirai-1.1,ETH,Shift-CP,812,10.0,0.0123152709359605,Green,Green,Green
Moirai-1.1,ETH,Shift-ERM,812,10.0,0.0123152709359605,Green,Green,Green
Moirai-1.1,ETH,Vol-CP,812,10.0,0.0123152709359605,Green,Green,Green
Moirai-1.1,ETH,Vol-ERM,812,10.0,0.0123152709359605,Green,Green,Green
Moirai-1.1,ETH,State2-ERM,812,10.0,0.0123152709359605,Green,Green,Green
Moirai-1.1,ETH,State4-ERM,812,11.0,0.0135467980295566,Green,Green,Green
Moirai-1.1,ETH,State-L1,812,11.0,0.0135467980295566,Green,Green,Green
Moirai-1.1,ETH,State-L1-clipped,812,11.0,0.0135467980295566,Green,Green,Green
Moirai-1.1,ETH,POT-Shift,812,10.0,0.0123152709359605,Green,Green,Green
Moirai-1.1,ETH,POT-Vol,812,10.0,0.0123152709359605,Green,Green,Green
Moirai-1.1,ETH,ACI-existing,812,9.0,0.0110837438423645,Green,Green,Green
Moirai-1.1,ETH,DtACI-projected-seed,812,9.0,0.0110837438423645,Green,Green,Green
Moirai-1.1,ETH,Rolling250,812,5.0,0.0061576354679802,Green,Green,Green
Moirai-1.1,ETH,Rolling500,812,9.0,0.0110837438423645,Green,Green,Green
Moirai-1.1,ETH,Selected-rolling,812,9.0,0.0110837438423645,Green,Green,Green
Moirai-1.1,ETH,Gate-selected-rolling,812,9.0,0.0110837438423645,Green,Green,Green
Moirai-1.1,ETH,Loss-gate,812,18.0,0.022167487684729,Yellow,Yellow,Yellow
Moirai-1.1,ETH,Past-minimum,812,18.0,0.022167487684729,Yellow,Yellow,Yellow
Moirai-1.1,ETH,DtACI-projected-expected,812,9.712945476785594,0.0119617555132827,,,
Moirai-1.1,EURUSD,Raw,1617,21.0,0.0129870129870129,Green,Green,Green
Moirai-1.1,EURUSD,Shift-CP,1617,21.0,0.0129870129870129,Green,Green,Green
Moirai-1.1,EURUSD,Shift-ERM,1617,21.0,0.0129870129870129,Green,Green,Green
Moirai-1.1,EURUSD,Vol-CP,1617,21.0,0.0129870129870129,Green,Green,Green
Moirai-1.1,EURUSD,Vol-ERM,1617,16.0,0.0098948670377241,Green,Green,Green
Moirai-1.1,EURUSD,State2-ERM,1617,29.0,0.017934446505875,Yellow,Yellow,Yellow
Moirai-1.1,EURUSD,State4-ERM,1617,26.0,0.0160791589363017,Yellow,Yellow,Yellow
Moirai-1.1,EURUSD,State-L1,1617,27.0,0.0166975881261595,Yellow,Yellow,Yellow
Moirai-1.1,EURUSD,State-L1-clipped,1617,27.0,0.0166975881261595,Yellow,Yellow,Yellow
Moirai-1.1,EURUSD,POT-Shift,1617,18.0,0.0111317254174397,Green,Green,Green
Moirai-1.1,EURUSD,POT-Vol,1617,18.0,0.0111317254174397,Green,Green,Green
Moirai-1.1,EURUSD,ACI-existing,1617,19.0,0.0117501546072974,Green,Green,Green
Moirai-1.1,EURUSD,DtACI-projected-seed,1617,17.0,0.0105132962275819,Green,Green,Green
Moirai-1.1,EURUSD,Rolling250,1617,9.0,0.0055658627087198,Green,Green,Green
Moirai-1.1,EURUSD,Rolling500,1617,20.0,0.0123685837971552,Green,Green,Green
Moirai-1.1,EURUSD,Selected-rolling,1617,9.0,0.0055658627087198,Green,Green,Green
Moirai-1.1,EURUSD,Gate-selected-rolling,1617,21.0,0.0129870129870129,Green,Green,Green
Moirai-1.1,EURUSD,Loss-gate,1617,21.0,0.0129870129870129,Green,Green,Green
Moirai-1.1,EURUSD,Past-minimum,1617,21.0,0.0129870129870129,Green,Green,Green
Moirai-1.1,EURUSD,DtACI-projected-expected,1617,18.476843811710182,0.0114266195496043,,,
Moirai-1.1,FCHI,Raw,1891,31.0,0.0163934426229508,Yellow,Yellow,Yellow
Moirai-1.1,FCHI,Shift-CP,1891,25.0,0.0132205182443151,Green,Green,Green
Moirai-1.1,FCHI,Shift-ERM,1891,25.0,0.0132205182443151,Green,Green,Green
Moirai-1.1,FCHI,Vol-CP,1891,24.0,0.0126916975145425,Green,Green,Green
Moirai-1.1,FCHI,Vol-ERM,1891,22.0,0.0116340560549973,Green,Green,Green
Moirai-1.1,FCHI,State2-ERM,1891,25.0,0.0132205182443151,Green,Green,Green
Moirai-1.1,FCHI,State4-ERM,1891,26.0,0.0137493389740877,Green,Green,Yellow
Moirai-1.1,FCHI,State-L1,1891,25.0,0.0132205182443151,Green,Green,Green
Moirai-1.1,FCHI,State-L1-clipped,1891,25.0,0.0132205182443151,Green,Green,Green
Moirai-1.1,FCHI,POT-Shift,1891,25.0,0.0132205182443151,Green,Green,Green
Moirai-1.1,FCHI,POT-Vol,1891,22.0,0.0116340560549973,Green,Green,Green
Moirai-1.1,FCHI,ACI-existing,1891,23.0,0.0121628767847699,Green,Green,Green
Moirai-1.1,FCHI,DtACI-projected-seed,1891,25.0,0.0132205182443151,Green,Green,Green
Moirai-1.1,FCHI,Rolling250,1891,18.0,0.0095187731359069,Green,Green,Green
Moirai-1.1,FCHI,Rolling500,1891,25.0,0.0132205182443151,Green,Green,Green
Moirai-1.1,FCHI,Selected-rolling,1891,25.0,0.0132205182443151,Green,Green,Green
Moirai-1.1,FCHI,Gate-selected-rolling,1891,25.0,0.0132205182443151,Green,Green,Green
Moirai-1.1,FCHI,Loss-gate,1891,31.0,0.0163934426229508,Yellow,Yellow,Yellow
Moirai-1.1,FCHI,Past-minimum,1891,24.0,0.0126916975145425,Green,Green,Green
Moirai-1.1,FCHI,DtACI-projected-expected,1891,25.328943805131757,0.0133944705473991,,,
Moirai-1.1,FTSE100,Raw,1867,30.0,0.0160685591858596,Yellow,Yellow,Yellow
Moirai-1.1,FTSE100,Shift-CP,1867,18.0,0.0096411355115158,Green,Green,Green
Moirai-1.1,FTSE100,Shift-ERM,1867,18.0,0.0096411355115158,Green,Green,Green
Moirai-1.1,FTSE100,Vol-CP,1867,18.0,0.0096411355115158,Green,Green,Green
Moirai-1.1,FTSE100,Vol-ERM,1867,17.0,0.0091055168719871,Green,Green,Green
Moirai-1.1,FTSE100,State2-ERM,1867,26.0,0.013926084627745,Green,Green,Yellow
Moirai-1.1,FTSE100,State4-ERM,1867,26.0,0.013926084627745,Green,Green,Yellow
Moirai-1.1,FTSE100,State-L1,1867,26.0,0.013926084627745,Green,Green,Yellow
Moirai-1.1,FTSE100,State-L1-clipped,1867,26.0,0.013926084627745,Green,Green,Yellow
Moirai-1.1,FTSE100,POT-Shift,1867,18.0,0.0096411355115158,Green,Green,Green
Moirai-1.1,FTSE100,POT-Vol,1867,19.0,0.0101767541510444,Green,Green,Green
Moirai-1.1,FTSE100,ACI-existing,1867,23.0,0.012319228709159,Green,Green,Green
Moirai-1.1,FTSE100,DtACI-projected-seed,1867,28.0,0.0149973219068023,Green,Green,Yellow
Moirai-1.1,FTSE100,Rolling250,1867,16.0,0.0085698982324584,Green,Green,Green
Moirai-1.1,FTSE100,Rolling500,1867,20.0,0.0107123727905731,Green,Green,Green
Moirai-1.1,FTSE100,Selected-rolling,1867,17.0,0.0091055168719871,Green,Green,Green
Moirai-1.1,FTSE100,Gate-selected-rolling,1867,17.0,0.0091055168719871,Green,Green,Green
Moirai-1.1,FTSE100,Loss-gate,1867,30.0,0.0160685591858596,Yellow,Yellow,Yellow
Moirai-1.1,FTSE100,Past-minimum,1867,17.0,0.0091055168719871,Green,Green,Green
Moirai-1.1,FTSE100,DtACI-projected-expected,1867,25.725649900856617,0.0137791376008873,,,
Moirai-1.1,GBPUSD,Raw,1621,17.0,0.0104873534855027,Green,Green,Green
Moirai-1.1,GBPUSD,Shift-CP,1621,12.0,0.0074028377544725,Green,Green,Green
Moirai-1.1,GBPUSD,Shift-ERM,1621,13.0,0.0080197409006785,Green,Green,Green
Moirai-1.1,GBPUSD,Vol-CP,1621,15.0,0.0092535471930906,Green,Green,Green
Moirai-1.1,GBPUSD,Vol-ERM,1621,12.0,0.0074028377544725,Green,Green,Green
Moirai-1.1,GBPUSD,State2-ERM,1621,16.0,0.0098704503392967,Green,Green,Green
Moirai-1.1,GBPUSD,State4-ERM,1621,18.0,0.0111042566317088,Green,Green,Green
Moirai-1.1,GBPUSD,State-L1,1621,16.0,0.0098704503392967,Green,Green,Green
Moirai-1.1,GBPUSD,State-L1-clipped,1621,16.0,0.0098704503392967,Green,Green,Green
Moirai-1.1,GBPUSD,POT-Shift,1621,12.0,0.0074028377544725,Green,Green,Green
Moirai-1.1,GBPUSD,POT-Vol,1621,12.0,0.0074028377544725,Green,Green,Green
Moirai-1.1,GBPUSD,ACI-existing,1621,19.0,0.0117211597779148,Green,Green,Green
Moirai-1.1,GBPUSD,DtACI-projected-seed,1621,14.0,0.0086366440468846,Green,Green,Green
Moirai-1.1,GBPUSD,Rolling250,1621,10.0,0.0061690314620604,Green,Green,Green
Moirai-1.1,GBPUSD,Rolling500,1621,13.0,0.0080197409006785,Green,Green,Green
Moirai-1.1,GBPUSD,Selected-rolling,1621,10.0,0.0061690314620604,Green,Green,Green
Moirai-1.1,GBPUSD,Gate-selected-rolling,1621,17.0,0.0104873534855027,Green,Green,Green
Moirai-1.1,GBPUSD,Loss-gate,1621,17.0,0.0104873534855027,Green,Green,Green
Moirai-1.1,GBPUSD,Past-minimum,1621,13.0,0.0080197409006785,Green,Green,Green
Moirai-1.1,GBPUSD,DtACI-projected-expected,1621,16.658289511280756,0.0102765512099202,,,
Moirai-1.1,GDAXI,Raw,1878,29.0,0.0154419595314164,Green,Green,Yellow
Moirai-1.1,GDAXI,Shift-CP,1878,23.0,0.0122470713525026,Green,Green,Green
Moirai-1.1,GDAXI,Shift-ERM,1878,23.0,0.0122470713525026,Green,Green,Green
Moirai-1.1,GDAXI,Vol-CP,1878,23.0,0.0122470713525026,Green,Green,Green
Moirai-1.1,GDAXI,Vol-ERM,1878,23.0,0.0122470713525026,Green,Green,Green
Moirai-1.1,GDAXI,State2-ERM,1878,26.0,0.0138445154419595,Green,Green,Yellow
Moirai-1.1,GDAXI,State4-ERM,1878,22.0,0.0117145899893503,Green,Green,Green
Moirai-1.1,GDAXI,State-L1,1878,23.0,0.0122470713525026,Green,Green,Green
Moirai-1.1,GDAXI,State-L1-clipped,1878,23.0,0.0122470713525026,Green,Green,Green
Moirai-1.1,GDAXI,POT-Shift,1878,20.0,0.0106496272630457,Green,Green,Green
Moirai-1.1,GDAXI,POT-Vol,1878,20.0,0.0106496272630457,Green,Green,Green
Moirai-1.1,GDAXI,ACI-existing,1878,23.0,0.0122470713525026,Green,Green,Green
Moirai-1.1,GDAXI,DtACI-projected-seed,1878,30.0,0.0159744408945686,Green,Green,Yellow
Moirai-1.1,GDAXI,Rolling250,1878,16.0,0.0085197018104366,Green,Green,Green
Moirai-1.1,GDAXI,Rolling500,1878,23.0,0.0122470713525026,Green,Green,Green
Moirai-1.1,GDAXI,Selected-rolling,1878,16.0,0.0085197018104366,Green,Green,Green
Moirai-1.1,GDAXI,Gate-selected-rolling,1878,16.0,0.0085197018104366,Green,Green,Green
Moirai-1.1,GDAXI,Loss-gate,1878,25.0,0.0133120340788072,Green,Green,Green
Moirai-1.1,GDAXI,Past-minimum,1878,23.0,0.0122470713525026,Green,Green,Green
Moirai-1.1,GDAXI,DtACI-projected-expected,1878,24.33020745753279,0.012955382032765,,,
Moirai-1.1,GLD,Raw,1490,24.0,0.0161073825503355,Yellow,Yellow,Yellow
Moirai-1.1,GLD,Shift-CP,1490,16.0,0.010738255033557,Green,Green,Green
Moirai-1.1,GLD,Shift-ERM,1490,16.0,0.010738255033557,Green,Green,Green
Moirai-1.1,GLD,Vol-CP,1490,19.0,0.0127516778523489,Green,Green,Green
Moirai-1.1,GLD,Vol-ERM,1490,17.0,0.0114093959731543,Green,Green,Green
Moirai-1.1,GLD,State2-ERM,1490,18.0,0.0120805369127516,Green,Green,Green
Moirai-1.1,GLD,State4-ERM,1490,18.0,0.0120805369127516,Green,Green,Green
Moirai-1.1,GLD,State-L1,1490,19.0,0.0127516778523489,Green,Green,Green
Moirai-1.1,GLD,State-L1-clipped,1490,19.0,0.0127516778523489,Green,Green,Green
Moirai-1.1,GLD,POT-Shift,1490,16.0,0.010738255033557,Green,Green,Green
Moirai-1.1,GLD,POT-Vol,1490,17.0,0.0114093959731543,Green,Green,Green
Moirai-1.1,GLD,ACI-existing,1490,18.0,0.0120805369127516,Green,Green,Green
Moirai-1.1,GLD,DtACI-projected-seed,1490,17.0,0.0114093959731543,Green,Green,Green
Moirai-1.1,GLD,Rolling250,1490,10.0,0.0067114093959731,Green,Green,Green
Moirai-1.1,GLD,Rolling500,1490,16.0,0.010738255033557,Green,Green,Green
Moirai-1.1,GLD,Selected-rolling,1490,10.0,0.0067114093959731,Green,Green,Green
Moirai-1.1,GLD,Gate-selected-rolling,1490,10.0,0.0067114093959731,Green,Green,Green
Moirai-1.1,GLD,Loss-gate,1490,24.0,0.0161073825503355,Yellow,Yellow,Yellow
Moirai-1.1,GLD,Past-minimum,1490,16.0,0.010738255033557,Green,Green,Green
Moirai-1.1,GLD,DtACI-projected-expected,1490,16.86548964370466,0.0113191205662447,,,
Moirai-1.1,HSI,Raw,1817,20.0,0.0110071546505228,Green,Green,Green
Moirai-1.1,HSI,Shift-CP,1817,11.0,0.0060539350577875,Green,Green,Green
Moirai-1.1,HSI,Shift-ERM,1817,11.0,0.0060539350577875,Green,Green,Green
Moirai-1.1,HSI,Vol-CP,1817,10.0,0.0055035773252614,Green,Green,Green
Moirai-1.1,HSI,Vol-ERM,1817,10.0,0.0055035773252614,Green,Green,Green
Moirai-1.1,HSI,State2-ERM,1817,10.0,0.0055035773252614,Green,Green,Green
Moirai-1.1,HSI,State4-ERM,1817,10.0,0.0055035773252614,Green,Green,Green
Moirai-1.1,HSI,State-L1,1817,10.0,0.0055035773252614,Green,Green,Green
Moirai-1.1,HSI,State-L1-clipped,1817,10.0,0.0055035773252614,Green,Green,Green
Moirai-1.1,HSI,POT-Shift,1817,12.0,0.0066042927903137,Green,Green,Green
Moirai-1.1,HSI,POT-Vol,1817,10.0,0.0055035773252614,Green,Green,Green
Moirai-1.1,HSI,ACI-existing,1817,20.0,0.0110071546505228,Green,Green,Green
Moirai-1.1,HSI,DtACI-projected-seed,1817,15.0,0.0082553659878921,Green,Green,Green
Moirai-1.1,HSI,Rolling250,1817,11.0,0.0060539350577875,Green,Green,Green
Moirai-1.1,HSI,Rolling500,1817,14.0,0.0077050082553659,Green,Green,Green
Moirai-1.1,HSI,Selected-rolling,1817,14.0,0.0077050082553659,Green,Green,Green
Moirai-1.1,HSI,Gate-selected-rolling,1817,14.0,0.0077050082553659,Green,Green,Green
Moirai-1.1,HSI,Loss-gate,1817,20.0,0.0110071546505228,Green,Green,Green
Moirai-1.1,HSI,Past-minimum,1817,11.0,0.0060539350577875,Green,Green,Green
Moirai-1.1,HSI,DtACI-projected-expected,1817,19.410162320593372,0.0106825329227261,,,
Moirai-1.1,IBGL,Raw,1260,14.0,0.0111111111111111,Green,Green,Green
Moirai-1.1,IBGL,Shift-CP,1260,9.0,0.0071428571428571,Green,Green,Green
Moirai-1.1,IBGL,Shift-ERM,1260,10.0,0.0079365079365079,Green,Green,Green
Moirai-1.1,IBGL,Vol-CP,1260,9.0,0.0071428571428571,Green,Green,Green
Moirai-1.1,IBGL,Vol-ERM,1260,9.0,0.0071428571428571,Green,Green,Green
Moirai-1.1,IBGL,State2-ERM,1260,9.0,0.0071428571428571,Green,Green,Green
Moirai-1.1,IBGL,State4-ERM,1260,9.0,0.0071428571428571,Green,Green,Green
Moirai-1.1,IBGL,State-L1,1260,9.0,0.0071428571428571,Green,Green,Green
Moirai-1.1,IBGL,State-L1-clipped,1260,9.0,0.0071428571428571,Green,Green,Green
Moirai-1.1,IBGL,POT-Shift,1260,9.0,0.0071428571428571,Green,Green,Green
Moirai-1.1,IBGL,POT-Vol,1260,9.0,0.0071428571428571,Green,Green,Green
Moirai-1.1,IBGL,ACI-existing,1260,16.0,0.0126984126984126,Green,Green,Green
Moirai-1.1,IBGL,DtACI-projected-seed,1260,17.0,0.0134920634920634,Green,Green,Green
Moirai-1.1,IBGL,Rolling250,1260,11.0,0.0087301587301587,Green,Green,Green
Moirai-1.1,IBGL,Rolling500,1260,13.0,0.0103174603174603,Green,Green,Green
Moirai-1.1,IBGL,Selected-rolling,1260,9.0,0.0071428571428571,Green,Green,Green
Moirai-1.1,IBGL,Gate-selected-rolling,1260,9.0,0.0071428571428571,Green,Green,Green
Moirai-1.1,IBGL,Loss-gate,1260,14.0,0.0111111111111111,Green,Green,Green
Moirai-1.1,IBGL,Past-minimum,1260,14.0,0.0111111111111111,Green,Green,Green
Moirai-1.1,IBGL,DtACI-projected-expected,1260,17.457359529035806,0.0138550472452665,,,
Moirai-1.1,ICLN,Raw,1219,10.0,0.0082034454470877,Green,Green,Green
Moirai-1.1,ICLN,Shift-CP,1219,5.0,0.0041017227235438,Green,Green,Green
Moirai-1.1,ICLN,Shift-ERM,1219,6.0,0.0049220672682526,Green,Green,Green
Moirai-1.1,ICLN,Vol-CP,1219,4.0,0.0032813781788351,Green,Green,Green
Moirai-1.1,ICLN,Vol-ERM,1219,4.0,0.0032813781788351,Green,Green,Green
Moirai-1.1,ICLN,State2-ERM,1219,4.0,0.0032813781788351,Green,Green,Green
Moirai-1.1,ICLN,State4-ERM,1219,6.0,0.0049220672682526,Green,Green,Green
Moirai-1.1,ICLN,State-L1,1219,6.0,0.0049220672682526,Green,Green,Green
Moirai-1.1,ICLN,State-L1-clipped,1219,6.0,0.0049220672682526,Green,Green,Green
Moirai-1.1,ICLN,POT-Shift,1219,5.0,0.0041017227235438,Green,Green,Green
Moirai-1.1,ICLN,POT-Vol,1219,4.0,0.0032813781788351,Green,Green,Green
Moirai-1.1,ICLN,ACI-existing,1219,14.0,0.0114848236259228,Green,Green,Green
Moirai-1.1,ICLN,DtACI-projected-seed,1219,19.0,0.0155865463494667,Green,Green,Yellow
Moirai-1.1,ICLN,Rolling250,1219,9.0,0.0073831009023789,Green,Green,Green
Moirai-1.1,ICLN,Rolling500,1219,11.0,0.0090237899917965,Green,Green,Green
Moirai-1.1,ICLN,Selected-rolling,1219,9.0,0.0073831009023789,Green,Green,Green
Moirai-1.1,ICLN,Gate-selected-rolling,1219,9.0,0.0073831009023789,Green,Green,Green
Moirai-1.1,ICLN,Loss-gate,1219,10.0,0.0082034454470877,Green,Green,Green
Moirai-1.1,ICLN,Past-minimum,1219,5.0,0.0041017227235438,Green,Green,Green
Moirai-1.1,ICLN,DtACI-projected-expected,1219,15.915000865846324,0.0130557841393325,,,
Moirai-1.1,NIFTY,Raw,1242,9.0,0.0072463768115942,Green,Green,Green
Moirai-1.1,NIFTY,Shift-CP,1242,7.0,0.0056360708534621,Green,Green,Green
Moirai-1.1,NIFTY,Shift-ERM,1242,8.0,0.0064412238325281,Green,Green,Green
Moirai-1.1,NIFTY,Vol-CP,1242,9.0,0.0072463768115942,Green,Green,Green
Moirai-1.1,NIFTY,Vol-ERM,1242,6.0,0.0048309178743961,Green,Green,Green
Moirai-1.1,NIFTY,State2-ERM,1242,11.0,0.0088566827697262,Green,Green,Green
Moirai-1.1,NIFTY,State4-ERM,1242,12.0,0.0096618357487922,Green,Green,Green
Moirai-1.1,NIFTY,State-L1,1242,12.0,0.0096618357487922,Green,Green,Green
Moirai-1.1,NIFTY,State-L1-clipped,1242,12.0,0.0096618357487922,Green,Green,Green
Moirai-1.1,NIFTY,POT-Shift,1242,7.0,0.0056360708534621,Green,Green,Green
Moirai-1.1,NIFTY,POT-Vol,1242,8.0,0.0064412238325281,Green,Green,Green
Moirai-1.1,NIFTY,ACI-existing,1242,14.0,0.0112721417069243,Green,Green,Green
Moirai-1.1,NIFTY,DtACI-projected-seed,1242,14.0,0.0112721417069243,Green,Green,Green
Moirai-1.1,NIFTY,Rolling250,1242,10.0,0.0080515297906602,Green,Green,Green
Moirai-1.1,NIFTY,Rolling500,1242,8.0,0.0064412238325281,Green,Green,Green
Moirai-1.1,NIFTY,Selected-rolling,1242,8.0,0.0064412238325281,Green,Green,Green
Moirai-1.1,NIFTY,Gate-selected-rolling,1242,9.0,0.0072463768115942,Green,Green,Green
Moirai-1.1,NIFTY,Loss-gate,1242,9.0,0.0072463768115942,Green,Green,Green
Moirai-1.1,NIFTY,Past-minimum,1242,8.0,0.0064412238325281,Green,Green,Green
Moirai-1.1,NIFTY,DtACI-projected-expected,1242,15.347666214691497,0.0123572191744698,,,
Moirai-1.1,NIKKEI,Raw,1806,27.0,0.0149501661129568,Green,Green,Yellow
Moirai-1.1,NIKKEI,Shift-CP,1806,12.0,0.0066445182724252,Green,Green,Green
Moirai-1.1,NIKKEI,Shift-ERM,1806,12.0,0.0066445182724252,Green,Green,Green
Moirai-1.1,NIKKEI,Vol-CP,1806,16.0,0.0088593576965669,Green,Green,Green
Moirai-1.1,NIKKEI,Vol-ERM,1806,15.0,0.0083056478405315,Green,Green,Green
Moirai-1.1,NIKKEI,State2-ERM,1806,15.0,0.0083056478405315,Green,Green,Green
Moirai-1.1,NIKKEI,State4-ERM,1806,15.0,0.0083056478405315,Green,Green,Green
Moirai-1.1,NIKKEI,State-L1,1806,12.0,0.0066445182724252,Green,Green,Green
Moirai-1.1,NIKKEI,State-L1-clipped,1806,12.0,0.0066445182724252,Green,Green,Green
Moirai-1.1,NIKKEI,POT-Shift,1806,12.0,0.0066445182724252,Green,Green,Green
Moirai-1.1,NIKKEI,POT-Vol,1806,10.0,0.0055370985603543,Green,Green,Green
Moirai-1.1,NIKKEI,ACI-existing,1806,22.0,0.0121816168327796,Green,Green,Green
Moirai-1.1,NIKKEI,DtACI-projected-seed,1806,17.0,0.0094130675526024,Green,Green,Green
Moirai-1.1,NIKKEI,Rolling250,1806,12.0,0.0066445182724252,Green,Green,Green
Moirai-1.1,NIKKEI,Rolling500,1806,15.0,0.0083056478405315,Green,Green,Green
Moirai-1.1,NIKKEI,Selected-rolling,1806,15.0,0.0083056478405315,Green,Green,Green
Moirai-1.1,NIKKEI,Gate-selected-rolling,1806,15.0,0.0083056478405315,Green,Green,Green
Moirai-1.1,NIKKEI,Loss-gate,1806,16.0,0.0088593576965669,Green,Green,Green
Moirai-1.1,NIKKEI,Past-minimum,1806,16.0,0.0088593576965669,Green,Green,Green
Moirai-1.1,NIKKEI,DtACI-projected-expected,1806,21.388571123956652,0.0118430626378497,,,
Moirai-1.1,SP500,Raw,1858,33.0,0.0177610333692142,Yellow,Yellow,Yellow
Moirai-1.1,SP500,Shift-CP,1858,28.0,0.015069967707212,Green,Green,Yellow
Moirai-1.1,SP500,Shift-ERM,1858,28.0,0.015069967707212,Green,Green,Yellow
Moirai-1.1,SP500,Vol-CP,1858,22.0,0.0118406889128094,Green,Green,Green
Moirai-1.1,SP500,Vol-ERM,1858,18.0,0.0096878363832077,Green,Green,Green
Moirai-1.1,SP500,State2-ERM,1858,22.0,0.0118406889128094,Green,Green,Green
Moirai-1.1,SP500,State4-ERM,1858,20.0,0.0107642626480086,Green,Green,Green
Moirai-1.1,SP500,State-L1,1858,28.0,0.015069967707212,Green,Green,Yellow
Moirai-1.1,SP500,State-L1-clipped,1858,28.0,0.015069967707212,Green,Green,Yellow
Moirai-1.1,SP500,POT-Shift,1858,24.0,0.0129171151776103,Green,Green,Green
Moirai-1.1,SP500,POT-Vol,1858,18.0,0.0096878363832077,Green,Green,Green
Moirai-1.1,SP500,ACI-existing,1858,24.0,0.0129171151776103,Green,Green,Green
Moirai-1.1,SP500,DtACI-projected-seed,1858,24.0,0.0129171151776103,Green,Green,Green
Moirai-1.1,SP500,Rolling250,1858,21.0,0.011302475780409,Green,Green,Green
Moirai-1.1,SP500,Rolling500,1858,23.0,0.0123789020452099,Green,Green,Green
Moirai-1.1,SP500,Selected-rolling,1858,21.0,0.011302475780409,Green,Green,Green
Moirai-1.1,SP500,Gate-selected-rolling,1858,21.0,0.011302475780409,Green,Green,Green
Moirai-1.1,SP500,Loss-gate,1858,31.0,0.0166846071044133,Yellow,Yellow,Yellow
Moirai-1.1,SP500,Past-minimum,1858,18.0,0.0096878363832077,Green,Green,Green
Moirai-1.1,SP500,DtACI-projected-expected,1858,23.93293251433711,0.0128810185760694,,,
Moirai-1.1,STOXX,Raw,1532,20.0,0.0130548302872062,Green,Green,Green
Moirai-1.1,STOXX,Shift-CP,1532,8.0,0.0052219321148825,Green,Green,Green
Moirai-1.1,STOXX,Shift-ERM,1532,8.0,0.0052219321148825,Green,Green,Green
Moirai-1.1,STOXX,Vol-CP,1532,12.0,0.0078328981723237,Green,Green,Green
Moirai-1.1,STOXX,Vol-ERM,1532,10.0,0.0065274151436031,Green,Green,Green
Moirai-1.1,STOXX,State2-ERM,1532,14.0,0.0091383812010443,Green,Green,Green
Moirai-1.1,STOXX,State4-ERM,1532,13.0,0.008485639686684,Green,Green,Green
Moirai-1.1,STOXX,State-L1,1532,13.0,0.008485639686684,Green,Green,Green
Moirai-1.1,STOXX,State-L1-clipped,1532,13.0,0.008485639686684,Green,Green,Green
Moirai-1.1,STOXX,POT-Shift,1532,8.0,0.0052219321148825,Green,Green,Green
Moirai-1.1,STOXX,POT-Vol,1532,10.0,0.0065274151436031,Green,Green,Green
Moirai-1.1,STOXX,ACI-existing,1532,18.0,0.0117493472584856,Green,Green,Green
Moirai-1.1,STOXX,DtACI-projected-seed,1532,15.0,0.0097911227154047,Green,Green,Green
Moirai-1.1,STOXX,Rolling250,1532,11.0,0.0071801566579634,Green,Green,Green
Moirai-1.1,STOXX,Rolling500,1532,10.0,0.0065274151436031,Green,Green,Green
Moirai-1.1,STOXX,Selected-rolling,1532,11.0,0.0071801566579634,Green,Green,Green
Moirai-1.1,STOXX,Gate-selected-rolling,1532,11.0,0.0071801566579634,Green,Green,Green
Moirai-1.1,STOXX,Loss-gate,1532,20.0,0.0130548302872062,Green,Green,Green
Moirai-1.1,STOXX,Past-minimum,1532,11.0,0.0071801566579634,Green,Green,Green
Moirai-1.1,STOXX,DtACI-projected-expected,1532,16.120163513559923,0.0105222999435769,,,
Moirai-1.1,TLT,Raw,1665,16.0,0.0096096096096096,Green,Green,Green
Moirai-1.1,TLT,Shift-CP,1665,15.0,0.009009009009009,Green,Green,Green
Moirai-1.1,TLT,Shift-ERM,1665,15.0,0.009009009009009,Green,Green,Green
Moirai-1.1,TLT,Vol-CP,1665,15.0,0.009009009009009,Green,Green,Green
Moirai-1.1,TLT,Vol-ERM,1665,15.0,0.009009009009009,Green,Green,Green
Moirai-1.1,TLT,State2-ERM,1665,13.0,0.0078078078078078,Green,Green,Green
Moirai-1.1,TLT,State4-ERM,1665,26.0,0.0156156156156156,Green,Green,Yellow
Moirai-1.1,TLT,State-L1,1665,20.0,0.012012012012012,Green,Green,Green
Moirai-1.1,TLT,State-L1-clipped,1665,15.0,0.009009009009009,Green,Green,Green
Moirai-1.1,TLT,POT-Shift,1665,15.0,0.009009009009009,Green,Green,Green
Moirai-1.1,TLT,POT-Vol,1665,15.0,0.009009009009009,Green,Green,Green
Moirai-1.1,TLT,ACI-existing,1665,21.0,0.0126126126126126,Green,Green,Green
Moirai-1.1,TLT,DtACI-projected-seed,1665,24.0,0.0144144144144144,Green,Green,Yellow
Moirai-1.1,TLT,Rolling250,1665,12.0,0.0072072072072072,Green,Green,Green
Moirai-1.1,TLT,Rolling500,1665,17.0,0.0102102102102102,Green,Green,Green
Moirai-1.1,TLT,Selected-rolling,1665,17.0,0.0102102102102102,Green,Green,Green
Moirai-1.1,TLT,Gate-selected-rolling,1665,16.0,0.0096096096096096,Green,Green,Green
Moirai-1.1,TLT,Loss-gate,1665,16.0,0.0096096096096096,Green,Green,Green
Moirai-1.1,TLT,Past-minimum,1665,16.0,0.0096096096096096,Green,Green,Green
Moirai-1.1,TLT,DtACI-projected-expected,1665,20.783417752994715,0.0124825331849818,,,
Moirai-1.1,UNG,Raw,1309,17.0,0.0129870129870129,Green,Green,Green
Moirai-1.1,UNG,Shift-CP,1309,15.0,0.0114591291061879,Green,Green,Green
Moirai-1.1,UNG,Shift-ERM,1309,15.0,0.0114591291061879,Green,Green,Green
Moirai-1.1,UNG,Vol-CP,1309,14.0,0.0106951871657754,Green,Green,Green
Moirai-1.1,UNG,Vol-ERM,1309,8.0,0.0061115355233002,Green,Green,Green
Moirai-1.1,UNG,State2-ERM,1309,7.0,0.0053475935828877,Green,Green,Green
Moirai-1.1,UNG,State4-ERM,1309,8.0,0.0061115355233002,Green,Green,Green
Moirai-1.1,UNG,State-L1,1309,7.0,0.0053475935828877,Green,Green,Green
Moirai-1.1,UNG,State-L1-clipped,1309,7.0,0.0053475935828877,Green,Green,Green
Moirai-1.1,UNG,POT-Shift,1309,14.0,0.0106951871657754,Green,Green,Green
Moirai-1.1,UNG,POT-Vol,1309,12.0,0.0091673032849503,Green,Green,Green
Moirai-1.1,UNG,ACI-existing,1309,16.0,0.0122230710466004,Green,Green,Green
Moirai-1.1,UNG,DtACI-projected-seed,1309,15.0,0.0114591291061879,Green,Green,Green
Moirai-1.1,UNG,Rolling250,1309,15.0,0.0114591291061879,Green,Green,Green
Moirai-1.1,UNG,Rolling500,1309,10.0,0.0076394194041252,Green,Green,Green
Moirai-1.1,UNG,Selected-rolling,1309,10.0,0.0076394194041252,Green,Green,Green
Moirai-1.1,UNG,Gate-selected-rolling,1309,17.0,0.0129870129870129,Green,Green,Green
Moirai-1.1,UNG,Loss-gate,1309,17.0,0.0129870129870129,Green,Green,Green
Moirai-1.1,UNG,Past-minimum,1309,10.0,0.0076394194041252,Green,Green,Green
Moirai-1.1,UNG,DtACI-projected-expected,1309,14.707050735641442,0.0112353328767314,,,
Moirai-1.1,USDJPY,Raw,1923,26.0,0.0135205408216328,Green,Green,Green
Moirai-1.1,USDJPY,Shift-CP,1923,20.0,0.0104004160166406,Green,Green,Green
Moirai-1.1,USDJPY,Shift-ERM,1923,20.0,0.0104004160166406,Green,Green,Green
Moirai-1.1,USDJPY,Vol-CP,1923,21.0,0.0109204368174727,Green,Green,Green
Moirai-1.1,USDJPY,Vol-ERM,1923,14.0,0.0072802912116484,Green,Green,Green
Moirai-1.1,USDJPY,State2-ERM,1923,23.0,0.0119604784191367,Green,Green,Green
Moirai-1.1,USDJPY,State4-ERM,1923,43.0,0.0223608944357774,Yellow,Yellow,Red
Moirai-1.1,USDJPY,State-L1,1923,23.0,0.0119604784191367,Green,Green,Green
Moirai-1.1,USDJPY,State-L1-clipped,1923,23.0,0.0119604784191367,Green,Green,Green
Moirai-1.1,USDJPY,POT-Shift,1923,18.0,0.0093603744149766,Green,Green,Green
Moirai-1.1,USDJPY,POT-Vol,1923,17.0,0.0088403536141445,Green,Green,Green
Moirai-1.1,USDJPY,ACI-existing,1923,25.0,0.0130005200208008,Green,Green,Green
Moirai-1.1,USDJPY,DtACI-projected-seed,1923,27.0,0.0140405616224648,Green,Green,Yellow
Moirai-1.1,USDJPY,Rolling250,1923,20.0,0.0104004160166406,Green,Green,Green
Moirai-1.1,USDJPY,Rolling500,1923,25.0,0.0130005200208008,Green,Green,Green
Moirai-1.1,USDJPY,Selected-rolling,1923,16.0,0.0083203328133125,Green,Green,Green
Moirai-1.1,USDJPY,Gate-selected-rolling,1923,26.0,0.0135205408216328,Green,Green,Green
Moirai-1.1,USDJPY,Loss-gate,1923,26.0,0.0135205408216328,Green,Green,Green
Moirai-1.1,USDJPY,Past-minimum,1923,26.0,0.0135205408216328,Green,Green,Green
Moirai-1.1,USDJPY,DtACI-projected-expected,1923,26.415137563846752,0.0137364209900399,,,
Moirai-1.1,USO,Raw,1386,21.0,0.0151515151515151,Green,Green,Yellow
Moirai-1.1,USO,Shift-CP,1386,16.0,0.0115440115440115,Green,Green,Green
Moirai-1.1,USO,Shift-ERM,1386,16.0,0.0115440115440115,Green,Green,Green
Moirai-1.1,USO,Vol-CP,1386,16.0,0.0115440115440115,Green,Green,Green
Moirai-1.1,USO,Vol-ERM,1386,15.0,0.0108225108225108,Green,Green,Green
Moirai-1.1,USO,State2-ERM,1386,15.0,0.0108225108225108,Green,Green,Green
Moirai-1.1,USO,State4-ERM,1386,15.0,0.0108225108225108,Green,Green,Green
Moirai-1.1,USO,State-L1,1386,15.0,0.0108225108225108,Green,Green,Green
Moirai-1.1,USO,State-L1-clipped,1386,15.0,0.0108225108225108,Green,Green,Green
Moirai-1.1,USO,POT-Shift,1386,16.0,0.0115440115440115,Green,Green,Green
Moirai-1.1,USO,POT-Vol,1386,14.0,0.0101010101010101,Green,Green,Green
Moirai-1.1,USO,ACI-existing,1386,17.0,0.0122655122655122,Green,Green,Green
Moirai-1.1,USO,DtACI-projected-seed,1386,17.0,0.0122655122655122,Green,Green,Green
Moirai-1.1,USO,Rolling250,1386,10.0,0.0072150072150072,Green,Green,Green
Moirai-1.1,USO,Rolling500,1386,12.0,0.0086580086580086,Green,Green,Green
Moirai-1.1,USO,Selected-rolling,1386,12.0,0.0086580086580086,Green,Green,Green
Moirai-1.1,USO,Gate-selected-rolling,1386,12.0,0.0086580086580086,Green,Green,Green
Moirai-1.1,USO,Loss-gate,1386,21.0,0.0151515151515151,Green,Green,Yellow
Moirai-1.1,USO,Past-minimum,1386,17.0,0.0122655122655122,Green,Green,Green
Moirai-1.1,USO,DtACI-projected-expected,1386,17.993765637592603,0.0129825148900379,,,
Lag-Llama,ASX200,Raw,1868,77.0,0.041220556745182,Red,Red,Red
Lag-Llama,ASX200,Shift-CP,1868,27.0,0.0144539614561027,Green,Green,Yellow
Lag-Llama,ASX200,Shift-ERM,1868,27.0,0.0144539614561027,Green,Green,Yellow
Lag-Llama,ASX200,Vol-CP,1868,29.0,0.0155246252676659,Green,Green,Yellow
Lag-Llama,ASX200,Vol-ERM,1868,28.0,0.0149892933618843,Green,Green,Yellow
Lag-Llama,ASX200,State2-ERM,1868,30.0,0.0160599571734475,Yellow,Yellow,Yellow
Lag-Llama,ASX200,State4-ERM,1868,29.0,0.0155246252676659,Green,Green,Yellow
Lag-Llama,ASX200,State-L1,1868,27.0,0.0144539614561027,Green,Green,Yellow
Lag-Llama,ASX200,State-L1-clipped,1868,27.0,0.0144539614561027,Green,Green,Yellow
Lag-Llama,ASX200,POT-Shift,1868,27.0,0.0144539614561027,Green,Green,Yellow
Lag-Llama,ASX200,POT-Vol,1868,30.0,0.0160599571734475,Yellow,Yellow,Yellow
Lag-Llama,ASX200,ACI-existing,1868,22.0,0.0117773019271948,Green,Green,Green
Lag-Llama,ASX200,DtACI-projected-seed,1868,21.0,0.0112419700214132,Green,Green,Green
Lag-Llama,ASX200,Rolling250,1868,13.0,0.0069593147751605,Green,Green,Green
Lag-Llama,ASX200,Rolling500,1868,20.0,0.0107066381156316,Green,Green,Green
Lag-Llama,ASX200,Selected-rolling,1868,13.0,0.0069593147751605,Green,Green,Green
Lag-Llama,ASX200,Gate-selected-rolling,1868,13.0,0.0069593147751605,Green,Green,Green
Lag-Llama,ASX200,Loss-gate,1868,27.0,0.0144539614561027,Green,Green,Yellow
Lag-Llama,ASX200,Past-minimum,1868,27.0,0.0144539614561027,Green,Green,Yellow
Lag-Llama,ASX200,DtACI-projected-expected,1868,23.35834655341223,0.0125044681763448,,,
Lag-Llama,AUDUSD,Raw,1430,34.0,0.0237762237762237,Yellow,Yellow,Red
Lag-Llama,AUDUSD,Shift-CP,1430,9.0,0.0062937062937062,Green,Green,Green
Lag-Llama,AUDUSD,Shift-ERM,1430,9.0,0.0062937062937062,Green,Green,Green
Lag-Llama,AUDUSD,Vol-CP,1430,9.0,0.0062937062937062,Green,Green,Green
Lag-Llama,AUDUSD,Vol-ERM,1430,4.0,0.0027972027972027,Green,Green,Green
Lag-Llama,AUDUSD,State2-ERM,1430,10.0,0.0069930069930069,Green,Green,Green
Lag-Llama,AUDUSD,State4-ERM,1430,11.0,0.0076923076923076,Green,Green,Green
Lag-Llama,AUDUSD,State-L1,1430,13.0,0.009090909090909,Green,Green,Green
Lag-Llama,AUDUSD,State-L1-clipped,1430,13.0,0.009090909090909,Green,Green,Green
Lag-Llama,AUDUSD,POT-Shift,1430,7.0,0.0048951048951048,Green,Green,Green
Lag-Llama,AUDUSD,POT-Vol,1430,9.0,0.0062937062937062,Green,Green,Green
Lag-Llama,AUDUSD,ACI-existing,1430,17.0,0.0118881118881118,Green,Green,Green
Lag-Llama,AUDUSD,DtACI-projected-seed,1430,17.0,0.0118881118881118,Green,Green,Green
Lag-Llama,AUDUSD,Rolling250,1430,15.0,0.0104895104895104,Green,Green,Green
Lag-Llama,AUDUSD,Rolling500,1430,17.0,0.0118881118881118,Green,Green,Green
Lag-Llama,AUDUSD,Selected-rolling,1430,17.0,0.0118881118881118,Green,Green,Green
Lag-Llama,AUDUSD,Gate-selected-rolling,1430,17.0,0.0118881118881118,Green,Green,Green
Lag-Llama,AUDUSD,Loss-gate,1430,17.0,0.0118881118881118,Green,Green,Green
Lag-Llama,AUDUSD,Past-minimum,1430,17.0,0.0118881118881118,Green,Green,Green
Lag-Llama,AUDUSD,DtACI-projected-expected,1430,17.902995833317867,0.0125195775058166,,,
Lag-Llama,BOVESPA,Raw,1829,51.0,0.0278840896664844,Yellow,Yellow,Red
Lag-Llama,BOVESPA,Shift-CP,1829,14.0,0.007654455986878,Green,Green,Green
Lag-Llama,BOVESPA,Shift-ERM,1829,15.0,0.0082012028430836,Green,Green,Green
Lag-Llama,BOVESPA,Vol-CP,1829,21.0,0.0114816839803171,Green,Green,Green
Lag-Llama,BOVESPA,Vol-ERM,1829,18.0,0.0098414434117003,Green,Green,Green
Lag-Llama,BOVESPA,State2-ERM,1829,54.0,0.0295243302351011,Yellow,Yellow,Red
Lag-Llama,BOVESPA,State4-ERM,1829,62.0,0.0338983050847457,Yellow,Yellow,Red
Lag-Llama,BOVESPA,State-L1,1829,66.0,0.036085292509568,Red,Red,Red
Lag-Llama,BOVESPA,State-L1-clipped,1829,46.0,0.0251503553854565,Yellow,Yellow,Red
Lag-Llama,BOVESPA,POT-Shift,1829,14.0,0.007654455986878,Green,Green,Green
Lag-Llama,BOVESPA,POT-Vol,1829,21.0,0.0114816839803171,Green,Green,Green
Lag-Llama,BOVESPA,ACI-existing,1829,23.0,0.0125751776927282,Green,Green,Green
Lag-Llama,BOVESPA,DtACI-projected-seed,1829,27.0,0.0147621651175505,Green,Green,Yellow
Lag-Llama,BOVESPA,Rolling250,1829,13.0,0.0071077091306724,Green,Green,Green
Lag-Llama,BOVESPA,Rolling500,1829,20.0,0.0109349371241115,Green,Green,Green
Lag-Llama,BOVESPA,Selected-rolling,1829,20.0,0.0109349371241115,Green,Green,Green
Lag-Llama,BOVESPA,Gate-selected-rolling,1829,20.0,0.0109349371241115,Green,Green,Green
Lag-Llama,BOVESPA,Loss-gate,1829,20.0,0.0109349371241115,Green,Green,Green
Lag-Llama,BOVESPA,Past-minimum,1829,14.0,0.007654455986878,Green,Green,Green
Lag-Llama,BOVESPA,DtACI-projected-expected,1829,23.67262861160184,0.0129429352715154,,,
Lag-Llama,BTC,Raw,1157,27.0,0.0233362143474503,Yellow,Yellow,Red
Lag-Llama,BTC,Shift-CP,1157,5.0,0.0043215211754537,Green,Green,Green
Lag-Llama,BTC,Shift-ERM,1157,5.0,0.0043215211754537,Green,Green,Green
Lag-Llama,BTC,Vol-CP,1157,6.0,0.0051858254105445,Green,Green,Green
Lag-Llama,BTC,Vol-ERM,1157,7.0,0.0060501296456352,Green,Green,Green
Lag-Llama,BTC,State2-ERM,1157,7.0,0.0060501296456352,Green,Green,Green
Lag-Llama,BTC,State4-ERM,1157,8.0,0.006914433880726,Green,Green,Green
Lag-Llama,BTC,State-L1,1157,5.0,0.0043215211754537,Green,Green,Green
Lag-Llama,BTC,State-L1-clipped,1157,5.0,0.0043215211754537,Green,Green,Green
Lag-Llama,BTC,POT-Shift,1157,6.0,0.0051858254105445,Green,Green,Green
Lag-Llama,BTC,POT-Vol,1157,8.0,0.006914433880726,Green,Green,Green
Lag-Llama,BTC,ACI-existing,1157,13.0,0.0112359550561797,Green,Green,Green
Lag-Llama,BTC,DtACI-projected-seed,1157,19.0,0.0164217804667242,Yellow,Yellow,Yellow
Lag-Llama,BTC,Rolling250,1157,8.0,0.006914433880726,Green,Green,Green
Lag-Llama,BTC,Rolling500,1157,11.0,0.0095073465859982,Green,Green,Green
Lag-Llama,BTC,Selected-rolling,1157,11.0,0.0095073465859982,Green,Green,Green
Lag-Llama,BTC,Gate-selected-rolling,1157,11.0,0.0095073465859982,Green,Green,Green
Lag-Llama,BTC,Loss-gate,1157,27.0,0.0233362143474503,Yellow,Yellow,Red
Lag-Llama,BTC,Past-minimum,1157,5.0,0.0043215211754537,Green,Green,Green
Lag-Llama,BTC,DtACI-projected-expected,1157,14.993730198957048,0.0129591445107666,,,
Lag-Llama,CBU0,Raw,1010,24.0,0.0237623762376237,Yellow,Yellow,Red
Lag-Llama,CBU0,Shift-CP,1010,10.0,0.0099009900990099,Green,Green,Green
Lag-Llama,CBU0,Shift-ERM,1010,10.0,0.0099009900990099,Green,Green,Green
Lag-Llama,CBU0,Vol-CP,1010,7.0,0.0069306930693069,Green,Green,Green
Lag-Llama,CBU0,Vol-ERM,1010,7.0,0.0069306930693069,Green,Green,Green
Lag-Llama,CBU0,State2-ERM,1010,10.0,0.0099009900990099,Green,Green,Green
Lag-Llama,CBU0,State4-ERM,1010,7.0,0.0069306930693069,Green,Green,Green
Lag-Llama,CBU0,State-L1,1010,8.0,0.0079207920792079,Green,Green,Green
Lag-Llama,CBU0,State-L1-clipped,1010,8.0,0.0079207920792079,Green,Green,Green
Lag-Llama,CBU0,POT-Shift,1010,10.0,0.0099009900990099,Green,Green,Green
Lag-Llama,CBU0,POT-Vol,1010,4.0,0.0039603960396039,Green,Green,Green
Lag-Llama,CBU0,ACI-existing,1010,11.0,0.0108910891089108,Green,Green,Green
Lag-Llama,CBU0,DtACI-projected-seed,1010,12.0,0.0118811881188118,Green,Green,Green
Lag-Llama,CBU0,Rolling250,1010,6.0,0.0059405940594059,Green,Green,Green
Lag-Llama,CBU0,Rolling500,1010,5.0,0.0049504950495049,Green,Green,Green
Lag-Llama,CBU0,Selected-rolling,1010,6.0,0.0059405940594059,Green,Green,Green
Lag-Llama,CBU0,Gate-selected-rolling,1010,6.0,0.0059405940594059,Green,Green,Green
Lag-Llama,CBU0,Loss-gate,1010,13.0,0.0128712871287128,Green,Green,Green
Lag-Llama,CBU0,Past-minimum,1010,8.0,0.0079207920792079,Green,Green,Green
Lag-Llama,CBU0,DtACI-projected-expected,1010,9.095099678645544,0.0090050491867777,,,
Lag-Llama,DJCI,Raw,765,22.0,0.0287581699346405,Yellow,Yellow,Red
Lag-Llama,DJCI,Shift-CP,765,4.0,0.0052287581699346,Green,Green,Green
Lag-Llama,DJCI,Shift-ERM,765,5.0,0.0065359477124183,Green,Green,Green
Lag-Llama,DJCI,Vol-CP,765,4.0,0.0052287581699346,Green,Green,Green
Lag-Llama,DJCI,Vol-ERM,765,4.0,0.0052287581699346,Green,Green,Green
Lag-Llama,DJCI,State2-ERM,765,4.0,0.0052287581699346,Green,Green,Green
Lag-Llama,DJCI,State4-ERM,765,7.0,0.0091503267973856,Green,Green,Green
Lag-Llama,DJCI,State-L1,765,5.0,0.0065359477124183,Green,Green,Green
Lag-Llama,DJCI,State-L1-clipped,765,6.0,0.0078431372549019,Green,Green,Green
Lag-Llama,DJCI,POT-Shift,765,5.0,0.0065359477124183,Green,Green,Green
Lag-Llama,DJCI,POT-Vol,765,5.0,0.0065359477124183,Green,Green,Green
Lag-Llama,DJCI,ACI-existing,765,11.0,0.0143790849673202,Green,Green,Green
Lag-Llama,DJCI,DtACI-projected-seed,765,12.0,0.0156862745098039,Green,Green,Yellow
Lag-Llama,DJCI,Rolling250,765,8.0,0.0104575163398692,Green,Green,Green
Lag-Llama,DJCI,Rolling500,765,9.0,0.0117647058823529,Green,Green,Green
Lag-Llama,DJCI,Selected-rolling,765,9.0,0.0117647058823529,Green,Green,Green
Lag-Llama,DJCI,Gate-selected-rolling,765,9.0,0.0117647058823529,Green,Green,Green
Lag-Llama,DJCI,Loss-gate,765,5.0,0.0065359477124183,Green,Green,Green
Lag-Llama,DJCI,Past-minimum,765,4.0,0.0052287581699346,Green,Green,Green
Lag-Llama,DJCI,DtACI-projected-expected,765,12.124657754945432,0.015849225823458,,,
Lag-Llama,ETH,Raw,812,28.0,0.0344827586206896,Yellow,Yellow,Red
Lag-Llama,ETH,Shift-CP,812,4.0,0.0049261083743842,Green,Green,Green
Lag-Llama,ETH,Shift-ERM,812,4.0,0.0049261083743842,Green,Green,Green
Lag-Llama,ETH,Vol-CP,812,7.0,0.0086206896551724,Green,Green,Green
Lag-Llama,ETH,Vol-ERM,812,7.0,0.0086206896551724,Green,Green,Green
Lag-Llama,ETH,State2-ERM,812,10.0,0.0123152709359605,Green,Green,Green
Lag-Llama,ETH,State4-ERM,812,17.0,0.020935960591133,Yellow,Yellow,Yellow
Lag-Llama,ETH,State-L1,812,17.0,0.020935960591133,Yellow,Yellow,Yellow
Lag-Llama,ETH,State-L1-clipped,812,17.0,0.020935960591133,Yellow,Yellow,Yellow
Lag-Llama,ETH,POT-Shift,812,5.0,0.0061576354679802,Green,Green,Green
Lag-Llama,ETH,POT-Vol,812,10.0,0.0123152709359605,Green,Green,Green
Lag-Llama,ETH,ACI-existing,812,8.0,0.0098522167487684,Green,Green,Green
Lag-Llama,ETH,DtACI-projected-seed,812,10.0,0.0123152709359605,Green,Green,Green
Lag-Llama,ETH,Rolling250,812,6.0,0.0073891625615763,Green,Green,Green
Lag-Llama,ETH,Rolling500,812,9.0,0.0110837438423645,Green,Green,Green
Lag-Llama,ETH,Selected-rolling,812,6.0,0.0073891625615763,Green,Green,Green
Lag-Llama,ETH,Gate-selected-rolling,812,6.0,0.0073891625615763,Green,Green,Green
Lag-Llama,ETH,Loss-gate,812,28.0,0.0344827586206896,Yellow,Yellow,Red
Lag-Llama,ETH,Past-minimum,812,28.0,0.0344827586206896,Yellow,Yellow,Red
Lag-Llama,ETH,DtACI-projected-expected,812,9.028843674944335,0.0111192656095373,,,
Lag-Llama,EURUSD,Raw,1617,45.0,0.0278293135435992,Yellow,Yellow,Red
Lag-Llama,EURUSD,Shift-CP,1617,12.0,0.0074211502782931,Green,Green,Green
Lag-Llama,EURUSD,Shift-ERM,1617,13.0,0.0080395794681508,Green,Green,Green
Lag-Llama,EURUSD,Vol-CP,1617,21.0,0.0129870129870129,Green,Green,Green
Lag-Llama,EURUSD,Vol-ERM,1617,26.0,0.0160791589363017,Yellow,Yellow,Yellow
Lag-Llama,EURUSD,State2-ERM,1617,23.0,0.0142238713667285,Green,Green,Yellow
Lag-Llama,EURUSD,State4-ERM,1617,24.0,0.0148423005565862,Green,Green,Yellow
Lag-Llama,EURUSD,State-L1,1617,24.0,0.0148423005565862,Green,Green,Yellow
Lag-Llama,EURUSD,State-L1-clipped,1617,24.0,0.0148423005565862,Green,Green,Yellow
Lag-Llama,EURUSD,POT-Shift,1617,13.0,0.0080395794681508,Green,Green,Green
Lag-Llama,EURUSD,POT-Vol,1617,20.0,0.0123685837971552,Green,Green,Green
Lag-Llama,EURUSD,ACI-existing,1617,19.0,0.0117501546072974,Green,Green,Green
Lag-Llama,EURUSD,DtACI-projected-seed,1617,20.0,0.0123685837971552,Green,Green,Green
Lag-Llama,EURUSD,Rolling250,1617,12.0,0.0074211502782931,Green,Green,Green
Lag-Llama,EURUSD,Rolling500,1617,18.0,0.0111317254174397,Green,Green,Green
Lag-Llama,EURUSD,Selected-rolling,1617,18.0,0.0111317254174397,Green,Green,Green
Lag-Llama,EURUSD,Gate-selected-rolling,1617,18.0,0.0111317254174397,Green,Green,Green
Lag-Llama,EURUSD,Loss-gate,1617,45.0,0.0278293135435992,Yellow,Yellow,Red
Lag-Llama,EURUSD,Past-minimum,1617,24.0,0.0148423005565862,Green,Green,Yellow
Lag-Llama,EURUSD,DtACI-projected-expected,1617,19.52208063120688,0.0120730245090951,,,
Lag-Llama,FCHI,Raw,1891,55.0,0.0290851401374933,Yellow,Yellow,Red
Lag-Llama,FCHI,Shift-CP,1891,18.0,0.0095187731359069,Green,Green,Green
Lag-Llama,FCHI,Shift-ERM,1891,18.0,0.0095187731359069,Green,Green,Green
Lag-Llama,FCHI,Vol-CP,1891,22.0,0.0116340560549973,Green,Green,Green
Lag-Llama,FCHI,Vol-ERM,1891,21.0,0.0111052353252247,Green,Green,Green
Lag-Llama,FCHI,State2-ERM,1891,27.0,0.0142781597038603,Green,Green,Yellow
Lag-Llama,FCHI,State4-ERM,1891,22.0,0.0116340560549973,Green,Green,Green
Lag-Llama,FCHI,State-L1,1891,21.0,0.0111052353252247,Green,Green,Green
Lag-Llama,FCHI,State-L1-clipped,1891,21.0,0.0111052353252247,Green,Green,Green
Lag-Llama,FCHI,POT-Shift,1891,19.0,0.0100475938656795,Green,Green,Green
Lag-Llama,FCHI,POT-Vol,1891,22.0,0.0116340560549973,Green,Green,Green
Lag-Llama,FCHI,ACI-existing,1891,24.0,0.0126916975145425,Green,Green,Green
Lag-Llama,FCHI,DtACI-projected-seed,1891,23.0,0.0121628767847699,Green,Green,Green
Lag-Llama,FCHI,Rolling250,1891,21.0,0.0111052353252247,Green,Green,Green
Lag-Llama,FCHI,Rolling500,1891,23.0,0.0121628767847699,Green,Green,Green
Lag-Llama,FCHI,Selected-rolling,1891,21.0,0.0111052353252247,Green,Green,Green
Lag-Llama,FCHI,Gate-selected-rolling,1891,21.0,0.0111052353252247,Green,Green,Green
Lag-Llama,FCHI,Loss-gate,1891,21.0,0.0111052353252247,Green,Green,Green
Lag-Llama,FCHI,Past-minimum,1891,21.0,0.0111052353252247,Green,Green,Green
Lag-Llama,FCHI,DtACI-projected-expected,1891,25.615043543532657,0.013545766019848,,,
Lag-Llama,FTSE100,Raw,1867,55.0,0.029459025174076,Yellow,Yellow,Red
Lag-Llama,FTSE100,Shift-CP,1867,18.0,0.0096411355115158,Green,Green,Green
Lag-Llama,FTSE100,Shift-ERM,1867,18.0,0.0096411355115158,Green,Green,Green
Lag-Llama,FTSE100,Vol-CP,1867,19.0,0.0101767541510444,Green,Green,Green
Lag-Llama,FTSE100,Vol-ERM,1867,18.0,0.0096411355115158,Green,Green,Green
Lag-Llama,FTSE100,State2-ERM,1867,24.0,0.0128548473486877,Green,Green,Green
Lag-Llama,FTSE100,State4-ERM,1867,21.0,0.0112479914301017,Green,Green,Green
Lag-Llama,FTSE100,State-L1,1867,21.0,0.0112479914301017,Green,Green,Green
Lag-Llama,FTSE100,State-L1-clipped,1867,21.0,0.0112479914301017,Green,Green,Green
Lag-Llama,FTSE100,POT-Shift,1867,18.0,0.0096411355115158,Green,Green,Green
Lag-Llama,FTSE100,POT-Vol,1867,18.0,0.0096411355115158,Green,Green,Green
Lag-Llama,FTSE100,ACI-existing,1867,23.0,0.012319228709159,Green,Green,Green
Lag-Llama,FTSE100,DtACI-projected-seed,1867,22.0,0.0117836100696304,Green,Green,Green
Lag-Llama,FTSE100,Rolling250,1867,14.0,0.0074986609534011,Green,Green,Green
Lag-Llama,FTSE100,Rolling500,1867,19.0,0.0101767541510444,Green,Green,Green
Lag-Llama,FTSE100,Selected-rolling,1867,11.0,0.0058918050348152,Green,Green,Green
Lag-Llama,FTSE100,Gate-selected-rolling,1867,11.0,0.0058918050348152,Green,Green,Green
Lag-Llama,FTSE100,Loss-gate,1867,18.0,0.0096411355115158,Green,Green,Green
Lag-Llama,FTSE100,Past-minimum,1867,18.0,0.0096411355115158,Green,Green,Green
Lag-Llama,FTSE100,DtACI-projected-expected,1867,23.615943916006103,0.0126491397514762,,,
Lag-Llama,GBPUSD,Raw,1621,47.0,0.0289944478716841,Yellow,Yellow,Red
Lag-Llama,GBPUSD,Shift-CP,1621,18.0,0.0111042566317088,Green,Green,Green
Lag-Llama,GBPUSD,Shift-ERM,1621,22.0,0.013571869216533,Green,Green,Green
Lag-Llama,GBPUSD,Vol-CP,1621,20.0,0.0123380629241209,Green,Green,Green
Lag-Llama,GBPUSD,Vol-ERM,1621,18.0,0.0111042566317088,Green,Green,Green
Lag-Llama,GBPUSD,State2-ERM,1621,21.0,0.0129549660703269,Green,Green,Green
Lag-Llama,GBPUSD,State4-ERM,1621,21.0,0.0129549660703269,Green,Green,Green
Lag-Llama,GBPUSD,State-L1,1621,21.0,0.0129549660703269,Green,Green,Green
Lag-Llama,GBPUSD,State-L1-clipped,1621,21.0,0.0129549660703269,Green,Green,Green
Lag-Llama,GBPUSD,POT-Shift,1621,18.0,0.0111042566317088,Green,Green,Green
Lag-Llama,GBPUSD,POT-Vol,1621,21.0,0.0129549660703269,Green,Green,Green
Lag-Llama,GBPUSD,ACI-existing,1621,22.0,0.013571869216533,Green,Green,Green
Lag-Llama,GBPUSD,DtACI-projected-seed,1621,19.0,0.0117211597779148,Green,Green,Green
Lag-Llama,GBPUSD,Rolling250,1621,17.0,0.0104873534855027,Green,Green,Green
Lag-Llama,GBPUSD,Rolling500,1621,18.0,0.0111042566317088,Green,Green,Green
Lag-Llama,GBPUSD,Selected-rolling,1621,18.0,0.0111042566317088,Green,Green,Green
Lag-Llama,GBPUSD,Gate-selected-rolling,1621,18.0,0.0111042566317088,Green,Green,Green
Lag-Llama,GBPUSD,Loss-gate,1621,47.0,0.0289944478716841,Yellow,Yellow,Red
Lag-Llama,GBPUSD,Past-minimum,1621,18.0,0.0111042566317088,Green,Green,Green
Lag-Llama,GBPUSD,DtACI-projected-expected,1621,21.24233843174834,0.0131044654113191,,,
Lag-Llama,GDAXI,Raw,1878,60.0,0.0319488817891373,Yellow,Yellow,Red
Lag-Llama,GDAXI,Shift-CP,1878,17.0,0.0090521831735889,Green,Green,Green
Lag-Llama,GDAXI,Shift-ERM,1878,17.0,0.0090521831735889,Green,Green,Green
Lag-Llama,GDAXI,Vol-CP,1878,23.0,0.0122470713525026,Green,Green,Green
Lag-Llama,GDAXI,Vol-ERM,1878,23.0,0.0122470713525026,Green,Green,Green
Lag-Llama,GDAXI,State2-ERM,1878,30.0,0.0159744408945686,Green,Green,Yellow
Lag-Llama,GDAXI,State4-ERM,1878,29.0,0.0154419595314164,Green,Green,Yellow
Lag-Llama,GDAXI,State-L1,1878,30.0,0.0159744408945686,Green,Green,Yellow
Lag-Llama,GDAXI,State-L1-clipped,1878,30.0,0.0159744408945686,Green,Green,Yellow
Lag-Llama,GDAXI,POT-Shift,1878,18.0,0.0095846645367412,Green,Green,Green
Lag-Llama,GDAXI,POT-Vol,1878,22.0,0.0117145899893503,Green,Green,Green
Lag-Llama,GDAXI,ACI-existing,1878,23.0,0.0122470713525026,Green,Green,Green
Lag-Llama,GDAXI,DtACI-projected-seed,1878,21.0,0.011182108626198,Green,Green,Green
Lag-Llama,GDAXI,Rolling250,1878,16.0,0.0085197018104366,Green,Green,Green
Lag-Llama,GDAXI,Rolling500,1878,22.0,0.0117145899893503,Green,Green,Green
Lag-Llama,GDAXI,Selected-rolling,1878,16.0,0.0085197018104366,Green,Green,Green
Lag-Llama,GDAXI,Gate-selected-rolling,1878,16.0,0.0085197018104366,Green,Green,Green
Lag-Llama,GDAXI,Loss-gate,1878,25.0,0.0133120340788072,Green,Green,Green
Lag-Llama,GDAXI,Past-minimum,1878,25.0,0.0133120340788072,Green,Green,Green
Lag-Llama,GDAXI,DtACI-projected-expected,1878,22.221741784046618,0.0118326633567873,,,
Lag-Llama,GLD,Raw,1490,53.0,0.0355704697986577,Yellow,Yellow,Red
Lag-Llama,GLD,Shift-CP,1490,21.0,0.0140939597315436,Green,Green,Yellow
Lag-Llama,GLD,Shift-ERM,1490,21.0,0.0140939597315436,Green,Green,Yellow
Lag-Llama,GLD,Vol-CP,1490,18.0,0.0120805369127516,Green,Green,Green
Lag-Llama,GLD,Vol-ERM,1490,18.0,0.0120805369127516,Green,Green,Green
Lag-Llama,GLD,State2-ERM,1490,18.0,0.0120805369127516,Green,Green,Green
Lag-Llama,GLD,State4-ERM,1490,19.0,0.0127516778523489,Green,Green,Green
Lag-Llama,GLD,State-L1,1490,18.0,0.0120805369127516,Green,Green,Green
Lag-Llama,GLD,State-L1-clipped,1490,18.0,0.0120805369127516,Green,Green,Green
Lag-Llama,GLD,POT-Shift,1490,21.0,0.0140939597315436,Green,Green,Yellow
Lag-Llama,GLD,POT-Vol,1490,15.0,0.0100671140939597,Green,Green,Green
Lag-Llama,GLD,ACI-existing,1490,16.0,0.010738255033557,Green,Green,Green
Lag-Llama,GLD,DtACI-projected-seed,1490,19.0,0.0127516778523489,Green,Green,Green
Lag-Llama,GLD,Rolling250,1490,10.0,0.0067114093959731,Green,Green,Green
Lag-Llama,GLD,Rolling500,1490,15.0,0.0100671140939597,Green,Green,Green
Lag-Llama,GLD,Selected-rolling,1490,9.0,0.0060402684563758,Green,Green,Green
Lag-Llama,GLD,Gate-selected-rolling,1490,9.0,0.0060402684563758,Green,Green,Green
Lag-Llama,GLD,Loss-gate,1490,15.0,0.0100671140939597,Green,Green,Green
Lag-Llama,GLD,Past-minimum,1490,18.0,0.0120805369127516,Green,Green,Green
Lag-Llama,GLD,DtACI-projected-expected,1490,17.597180954891627,0.0118101885603299,,,
Lag-Llama,HSI,Raw,1817,43.0,0.0236653824986241,Yellow,Yellow,Red
Lag-Llama,HSI,Shift-CP,1817,19.0,0.0104567969179966,Green,Green,Green
Lag-Llama,HSI,Shift-ERM,1817,19.0,0.0104567969179966,Green,Green,Green
Lag-Llama,HSI,Vol-CP,1817,18.0,0.0099064391854705,Green,Green,Green
Lag-Llama,HSI,Vol-ERM,1817,18.0,0.0099064391854705,Green,Green,Green
Lag-Llama,HSI,State2-ERM,1817,15.0,0.0082553659878921,Green,Green,Green
Lag-Llama,HSI,State4-ERM,1817,17.0,0.0093560814529444,Green,Green,Green
Lag-Llama,HSI,State-L1,1817,15.0,0.0082553659878921,Green,Green,Green
Lag-Llama,HSI,State-L1-clipped,1817,15.0,0.0082553659878921,Green,Green,Green
Lag-Llama,HSI,POT-Shift,1817,19.0,0.0104567969179966,Green,Green,Green
Lag-Llama,HSI,POT-Vol,1817,18.0,0.0099064391854705,Green,Green,Green
Lag-Llama,HSI,ACI-existing,1817,20.0,0.0110071546505228,Green,Green,Green
Lag-Llama,HSI,DtACI-projected-seed,1817,20.0,0.0110071546505228,Green,Green,Green
Lag-Llama,HSI,Rolling250,1817,16.0,0.0088057237204182,Green,Green,Green
Lag-Llama,HSI,Rolling500,1817,17.0,0.0093560814529444,Green,Green,Green
Lag-Llama,HSI,Selected-rolling,1817,17.0,0.0093560814529444,Green,Green,Green
Lag-Llama,HSI,Gate-selected-rolling,1817,17.0,0.0093560814529444,Green,Green,Green
Lag-Llama,HSI,Loss-gate,1817,18.0,0.0099064391854705,Green,Green,Green
Lag-Llama,HSI,Past-minimum,1817,18.0,0.0099064391854705,Green,Green,Green
Lag-Llama,HSI,DtACI-projected-expected,1817,21.921515181846964,0.0120646753890186,,,
Lag-Llama,IBGL,Raw,1260,28.0,0.0222222222222222,Yellow,Yellow,Red
Lag-Llama,IBGL,Shift-CP,1260,10.0,0.0079365079365079,Green,Green,Green
Lag-Llama,IBGL,Shift-ERM,1260,10.0,0.0079365079365079,Green,Green,Green
Lag-Llama,IBGL,Vol-CP,1260,10.0,0.0079365079365079,Green,Green,Green
Lag-Llama,IBGL,Vol-ERM,1260,10.0,0.0079365079365079,Green,Green,Green
Lag-Llama,IBGL,State2-ERM,1260,9.0,0.0071428571428571,Green,Green,Green
Lag-Llama,IBGL,State4-ERM,1260,7.0,0.0055555555555555,Green,Green,Green
Lag-Llama,IBGL,State-L1,1260,10.0,0.0079365079365079,Green,Green,Green
Lag-Llama,IBGL,State-L1-clipped,1260,10.0,0.0079365079365079,Green,Green,Green
Lag-Llama,IBGL,POT-Shift,1260,10.0,0.0079365079365079,Green,Green,Green
Lag-Llama,IBGL,POT-Vol,1260,10.0,0.0079365079365079,Green,Green,Green
Lag-Llama,IBGL,ACI-existing,1260,18.0,0.0142857142857142,Green,Green,Green
Lag-Llama,IBGL,DtACI-projected-seed,1260,19.0,0.015079365079365,Green,Green,Yellow
Lag-Llama,IBGL,Rolling250,1260,15.0,0.0119047619047619,Green,Green,Green
Lag-Llama,IBGL,Rolling500,1260,12.0,0.0095238095238095,Green,Green,Green
Lag-Llama,IBGL,Selected-rolling,1260,15.0,0.0119047619047619,Green,Green,Green
Lag-Llama,IBGL,Gate-selected-rolling,1260,15.0,0.0119047619047619,Green,Green,Green
Lag-Llama,IBGL,Loss-gate,1260,28.0,0.0222222222222222,Yellow,Yellow,Red
Lag-Llama,IBGL,Past-minimum,1260,7.0,0.0055555555555555,Green,Green,Green
Lag-Llama,IBGL,DtACI-projected-expected,1260,16.93700210420088,0.0134420651620641,,,
Lag-Llama,ICLN,Raw,1219,31.0,0.0254306808859721,Yellow,Yellow,Red
Lag-Llama,ICLN,Shift-CP,1219,10.0,0.0082034454470877,Green,Green,Green
Lag-Llama,ICLN,Shift-ERM,1219,11.0,0.0090237899917965,Green,Green,Green
Lag-Llama,ICLN,Vol-CP,1219,8.0,0.0065627563576702,Green,Green,Green
Lag-Llama,ICLN,Vol-ERM,1219,8.0,0.0065627563576702,Green,Green,Green
Lag-Llama,ICLN,State2-ERM,1219,6.0,0.0049220672682526,Green,Green,Green
Lag-Llama,ICLN,State4-ERM,1219,10.0,0.0082034454470877,Green,Green,Green
Lag-Llama,ICLN,State-L1,1219,8.0,0.0065627563576702,Green,Green,Green
Lag-Llama,ICLN,State-L1-clipped,1219,8.0,0.0065627563576702,Green,Green,Green
Lag-Llama,ICLN,POT-Shift,1219,6.0,0.0049220672682526,Green,Green,Green
Lag-Llama,ICLN,POT-Vol,1219,7.0,0.0057424118129614,Green,Green,Green
Lag-Llama,ICLN,ACI-existing,1219,17.0,0.0139458572600492,Green,Green,Green
Lag-Llama,ICLN,DtACI-projected-seed,1219,16.0,0.0131255127153404,Green,Green,Green
Lag-Llama,ICLN,Rolling250,1219,11.0,0.0090237899917965,Green,Green,Green
Lag-Llama,ICLN,Rolling500,1219,12.0,0.0098441345365053,Green,Green,Green
Lag-Llama,ICLN,Selected-rolling,1219,11.0,0.0090237899917965,Green,Green,Green
Lag-Llama,ICLN,Gate-selected-rolling,1219,11.0,0.0090237899917965,Green,Green,Green
Lag-Llama,ICLN,Loss-gate,1219,16.0,0.0131255127153404,Green,Green,Green
Lag-Llama,ICLN,Past-minimum,1219,11.0,0.0090237899917965,Green,Green,Green
Lag-Llama,ICLN,DtACI-projected-expected,1219,17.054976891543504,0.0139909572531119,,,
Lag-Llama,NIFTY,Raw,1242,38.0,0.0305958132045088,Yellow,Yellow,Red
Lag-Llama,NIFTY,Shift-CP,1242,17.0,0.0136876006441223,Green,Green,Green
Lag-Llama,NIFTY,Shift-ERM,1242,17.0,0.0136876006441223,Green,Green,Green
Lag-Llama,NIFTY,Vol-CP,1242,17.0,0.0136876006441223,Green,Green,Green
Lag-Llama,NIFTY,Vol-ERM,1242,15.0,0.0120772946859903,Green,Green,Green
Lag-Llama,NIFTY,State2-ERM,1242,21.0,0.0169082125603864,Yellow,Yellow,Yellow
Lag-Llama,NIFTY,State4-ERM,1242,19.0,0.0152979066022544,Green,Green,Yellow
Lag-Llama,NIFTY,State-L1,1242,18.0,0.0144927536231884,Green,Green,Yellow
Lag-Llama,NIFTY,State-L1-clipped,1242,18.0,0.0144927536231884,Green,Green,Yellow
Lag-Llama,NIFTY,POT-Shift,1242,13.0,0.0104669887278582,Green,Green,Green
Lag-Llama,NIFTY,POT-Vol,1242,15.0,0.0120772946859903,Green,Green,Green
Lag-Llama,NIFTY,ACI-existing,1242,17.0,0.0136876006441223,Green,Green,Green
Lag-Llama,NIFTY,DtACI-projected-seed,1242,13.0,0.0104669887278582,Green,Green,Green
Lag-Llama,NIFTY,Rolling250,1242,11.0,0.0088566827697262,Green,Green,Green
Lag-Llama,NIFTY,Rolling500,1242,8.0,0.0064412238325281,Green,Green,Green
Lag-Llama,NIFTY,Selected-rolling,1242,12.0,0.0096618357487922,Green,Green,Green
Lag-Llama,NIFTY,Gate-selected-rolling,1242,12.0,0.0096618357487922,Green,Green,Green
Lag-Llama,NIFTY,Loss-gate,1242,18.0,0.0144927536231884,Green,Green,Yellow
Lag-Llama,NIFTY,Past-minimum,1242,18.0,0.0144927536231884,Green,Green,Yellow
Lag-Llama,NIFTY,DtACI-projected-expected,1242,15.681755771897254,0.0126262123767288,,,
Lag-Llama,NIKKEI,Raw,1806,53.0,0.0293466223698781,Yellow,Yellow,Red
Lag-Llama,NIKKEI,Shift-CP,1806,12.0,0.0066445182724252,Green,Green,Green
Lag-Llama,NIKKEI,Shift-ERM,1806,12.0,0.0066445182724252,Green,Green,Green
Lag-Llama,NIKKEI,Vol-CP,1806,12.0,0.0066445182724252,Green,Green,Green
Lag-Llama,NIKKEI,Vol-ERM,1806,11.0,0.0060908084163898,Green,Green,Green
Lag-Llama,NIKKEI,State2-ERM,1806,12.0,0.0066445182724252,Green,Green,Green
Lag-Llama,NIKKEI,State4-ERM,1806,14.0,0.0077519379844961,Green,Green,Green
Lag-Llama,NIKKEI,State-L1,1806,15.0,0.0083056478405315,Green,Green,Green
Lag-Llama,NIKKEI,State-L1-clipped,1806,15.0,0.0083056478405315,Green,Green,Green
Lag-Llama,NIKKEI,POT-Shift,1806,11.0,0.0060908084163898,Green,Green,Green
Lag-Llama,NIKKEI,POT-Vol,1806,12.0,0.0066445182724252,Green,Green,Green
Lag-Llama,NIKKEI,ACI-existing,1806,27.0,0.0149501661129568,Green,Green,Yellow
Lag-Llama,NIKKEI,DtACI-projected-seed,1806,22.0,0.0121816168327796,Green,Green,Green
Lag-Llama,NIKKEI,Rolling250,1806,16.0,0.0088593576965669,Green,Green,Green
Lag-Llama,NIKKEI,Rolling500,1806,14.0,0.0077519379844961,Green,Green,Green
Lag-Llama,NIKKEI,Selected-rolling,1806,14.0,0.0077519379844961,Green,Green,Green
Lag-Llama,NIKKEI,Gate-selected-rolling,1806,14.0,0.0077519379844961,Green,Green,Green
Lag-Llama,NIKKEI,Loss-gate,1806,12.0,0.0066445182724252,Green,Green,Green
Lag-Llama,NIKKEI,Past-minimum,1806,12.0,0.0066445182724252,Green,Green,Green
Lag-Llama,NIKKEI,DtACI-projected-expected,1806,21.573487293534125,0.0119454525434851,,,
Lag-Llama,SP500,Raw,1858,60.0,0.0322927879440258,Yellow,Yellow,Red
Lag-Llama,SP500,Shift-CP,1858,17.0,0.0091496232508073,Green,Green,Green
Lag-Llama,SP500,Shift-ERM,1858,17.0,0.0091496232508073,Green,Green,Green
Lag-Llama,SP500,Vol-CP,1858,17.0,0.0091496232508073,Green,Green,Green
Lag-Llama,SP500,Vol-ERM,1858,14.0,0.007534983853606,Green,Green,Green
Lag-Llama,SP500,State2-ERM,1858,21.0,0.011302475780409,Green,Green,Green
Lag-Llama,SP500,State4-ERM,1858,17.0,0.0091496232508073,Green,Green,Green
Lag-Llama,SP500,State-L1,1858,17.0,0.0091496232508073,Green,Green,Green
Lag-Llama,SP500,State-L1-clipped,1858,17.0,0.0091496232508073,Green,Green,Green
Lag-Llama,SP500,POT-Shift,1858,16.0,0.0086114101184068,Green,Green,Green
Lag-Llama,SP500,POT-Vol,1858,14.0,0.007534983853606,Green,Green,Green
Lag-Llama,SP500,ACI-existing,1858,25.0,0.0134553283100107,Green,Green,Green
Lag-Llama,SP500,DtACI-projected-seed,1858,27.0,0.0145317545748116,Green,Green,Yellow
Lag-Llama,SP500,Rolling250,1858,20.0,0.0107642626480086,Green,Green,Green
Lag-Llama,SP500,Rolling500,1858,17.0,0.0091496232508073,Green,Green,Green
Lag-Llama,SP500,Selected-rolling,1858,20.0,0.0107642626480086,Green,Green,Green
Lag-Llama,SP500,Gate-selected-rolling,1858,20.0,0.0107642626480086,Green,Green,Green
Lag-Llama,SP500,Loss-gate,1858,14.0,0.007534983853606,Green,Green,Green
Lag-Llama,SP500,Past-minimum,1858,14.0,0.007534983853606,Green,Green,Green
Lag-Llama,SP500,DtACI-projected-expected,1858,25.318530697265757,0.0136267657143518,,,
Lag-Llama,STOXX,Raw,1532,33.0,0.0215404699738903,Yellow,Yellow,Red
Lag-Llama,STOXX,Shift-CP,1532,1.0,0.0006527415143603,Green,Green,Green
Lag-Llama,STOXX,Shift-ERM,1532,1.0,0.0006527415143603,Green,Green,Green
Lag-Llama,STOXX,Vol-CP,1532,14.0,0.0091383812010443,Green,Green,Green
Lag-Llama,STOXX,Vol-ERM,1532,9.0,0.0058746736292428,Green,Green,Green
Lag-Llama,STOXX,State2-ERM,1532,11.0,0.0071801566579634,Green,Green,Green
Lag-Llama,STOXX,State4-ERM,1532,16.0,0.010443864229765,Green,Green,Green
Lag-Llama,STOXX,State-L1,1532,16.0,0.010443864229765,Green,Green,Green
Lag-Llama,STOXX,State-L1-clipped,1532,16.0,0.010443864229765,Green,Green,Green
Lag-Llama,STOXX,POT-Shift,1532,3.0,0.0019582245430809,Green,Green,Green
Lag-Llama,STOXX,POT-Vol,1532,9.0,0.0058746736292428,Green,Green,Green
Lag-Llama,STOXX,ACI-existing,1532,19.0,0.0124020887728459,Green,Green,Green
Lag-Llama,STOXX,DtACI-projected-seed,1532,17.0,0.0110966057441253,Green,Green,Green
Lag-Llama,STOXX,Rolling250,1532,15.0,0.0097911227154047,Green,Green,Green
Lag-Llama,STOXX,Rolling500,1532,10.0,0.0065274151436031,Green,Green,Green
Lag-Llama,STOXX,Selected-rolling,1532,15.0,0.0097911227154047,Green,Green,Green
Lag-Llama,STOXX,Gate-selected-rolling,1532,15.0,0.0097911227154047,Green,Green,Green
Lag-Llama,STOXX,Loss-gate,1532,33.0,0.0215404699738903,Yellow,Yellow,Red
Lag-Llama,STOXX,Past-minimum,1532,9.0,0.0058746736292428,Green,Green,Green
Lag-Llama,STOXX,DtACI-projected-expected,1532,17.7451966278294,0.0115830265194708,,,
Lag-Llama,TLT,Raw,1665,42.0,0.0252252252252252,Yellow,Yellow,Red
Lag-Llama,TLT,Shift-CP,1665,21.0,0.0126126126126126,Green,Green,Green
Lag-Llama,TLT,Shift-ERM,1665,21.0,0.0126126126126126,Green,Green,Green
Lag-Llama,TLT,Vol-CP,1665,16.0,0.0096096096096096,Green,Green,Green
Lag-Llama,TLT,Vol-ERM,1665,15.0,0.009009009009009,Green,Green,Green
Lag-Llama,TLT,State2-ERM,1665,11.0,0.0066066066066066,Green,Green,Green
Lag-Llama,TLT,State4-ERM,1665,18.0,0.0108108108108108,Green,Green,Green
Lag-Llama,TLT,State-L1,1665,11.0,0.0066066066066066,Green,Green,Green
Lag-Llama,TLT,State-L1-clipped,1665,11.0,0.0066066066066066,Green,Green,Green
Lag-Llama,TLT,POT-Shift,1665,21.0,0.0126126126126126,Green,Green,Green
Lag-Llama,TLT,POT-Vol,1665,16.0,0.0096096096096096,Green,Green,Green
Lag-Llama,TLT,ACI-existing,1665,19.0,0.0114114114114114,Green,Green,Green
Lag-Llama,TLT,DtACI-projected-seed,1665,22.0,0.0132132132132132,Green,Green,Green
Lag-Llama,TLT,Rolling250,1665,11.0,0.0066066066066066,Green,Green,Green
Lag-Llama,TLT,Rolling500,1665,14.0,0.0084084084084084,Green,Green,Green
Lag-Llama,TLT,Selected-rolling,1665,14.0,0.0084084084084084,Green,Green,Green
Lag-Llama,TLT,Gate-selected-rolling,1665,14.0,0.0084084084084084,Green,Green,Green
Lag-Llama,TLT,Loss-gate,1665,14.0,0.0084084084084084,Green,Green,Green
Lag-Llama,TLT,Past-minimum,1665,11.0,0.0066066066066066,Green,Green,Green
Lag-Llama,TLT,DtACI-projected-expected,1665,18.639591714229255,0.011194949978516,,,
Lag-Llama,UNG,Raw,1309,38.0,0.029029793735676,Yellow,Yellow,Red
Lag-Llama,UNG,Shift-CP,1309,16.0,0.0122230710466004,Green,Green,Green
Lag-Llama,UNG,Shift-ERM,1309,16.0,0.0122230710466004,Green,Green,Green
Lag-Llama,UNG,Vol-CP,1309,11.0,0.0084033613445378,Green,Green,Green
Lag-Llama,UNG,Vol-ERM,1309,10.0,0.0076394194041252,Green,Green,Green
Lag-Llama,UNG,State2-ERM,1309,7.0,0.0053475935828877,Green,Green,Green
Lag-Llama,UNG,State4-ERM,1309,7.0,0.0053475935828877,Green,Green,Green
Lag-Llama,UNG,State-L1,1309,7.0,0.0053475935828877,Green,Green,Green
Lag-Llama,UNG,State-L1-clipped,1309,7.0,0.0053475935828877,Green,Green,Green
Lag-Llama,UNG,POT-Shift,1309,16.0,0.0122230710466004,Green,Green,Green
Lag-Llama,UNG,POT-Vol,1309,11.0,0.0084033613445378,Green,Green,Green
Lag-Llama,UNG,ACI-existing,1309,15.0,0.0114591291061879,Green,Green,Green
Lag-Llama,UNG,DtACI-projected-seed,1309,18.0,0.0137509549274255,Green,Green,Green
Lag-Llama,UNG,Rolling250,1309,15.0,0.0114591291061879,Green,Green,Green
Lag-Llama,UNG,Rolling500,1309,13.0,0.0099312452253628,Green,Green,Green
Lag-Llama,UNG,Selected-rolling,1309,13.0,0.0099312452253628,Green,Green,Green
Lag-Llama,UNG,Gate-selected-rolling,1309,13.0,0.0099312452253628,Green,Green,Green
Lag-Llama,UNG,Loss-gate,1309,11.0,0.0084033613445378,Green,Green,Green
Lag-Llama,UNG,Past-minimum,1309,11.0,0.0084033613445378,Green,Green,Green
Lag-Llama,UNG,DtACI-projected-expected,1309,18.038718826989395,0.0137805338632462,,,
Lag-Llama,USDJPY,Raw,1923,55.0,0.0286011440457618,Yellow,Yellow,Red
Lag-Llama,USDJPY,Shift-CP,1923,20.0,0.0104004160166406,Green,Green,Green
Lag-Llama,USDJPY,Shift-ERM,1923,20.0,0.0104004160166406,Green,Green,Green
Lag-Llama,USDJPY,Vol-CP,1923,19.0,0.0098803952158086,Green,Green,Green
Lag-Llama,USDJPY,Vol-ERM,1923,19.0,0.0098803952158086,Green,Green,Green
Lag-Llama,USDJPY,State2-ERM,1923,21.0,0.0109204368174727,Green,Green,Green
Lag-Llama,USDJPY,State4-ERM,1923,19.0,0.0098803952158086,Green,Green,Green
Lag-Llama,USDJPY,State-L1,1923,19.0,0.0098803952158086,Green,Green,Green
Lag-Llama,USDJPY,State-L1-clipped,1923,19.0,0.0098803952158086,Green,Green,Green
Lag-Llama,USDJPY,POT-Shift,1923,20.0,0.0104004160166406,Green,Green,Green
Lag-Llama,USDJPY,POT-Vol,1923,22.0,0.0114404576183047,Green,Green,Green
Lag-Llama,USDJPY,ACI-existing,1923,26.0,0.0135205408216328,Green,Green,Green
Lag-Llama,USDJPY,DtACI-projected-seed,1923,32.0,0.016640665626625,Yellow,Yellow,Yellow
Lag-Llama,USDJPY,Rolling250,1923,21.0,0.0109204368174727,Green,Green,Green
Lag-Llama,USDJPY,Rolling500,1923,27.0,0.0140405616224648,Green,Green,Yellow
Lag-Llama,USDJPY,Selected-rolling,1923,21.0,0.0109204368174727,Green,Green,Green
Lag-Llama,USDJPY,Gate-selected-rolling,1923,21.0,0.0109204368174727,Green,Green,Green
Lag-Llama,USDJPY,Loss-gate,1923,55.0,0.0286011440457618,Yellow,Yellow,Red
Lag-Llama,USDJPY,Past-minimum,1923,19.0,0.0098803952158086,Green,Green,Green
Lag-Llama,USDJPY,DtACI-projected-expected,1923,28.359357921115507,0.0147474560172207,,,
Lag-Llama,USO,Raw,1386,40.0,0.0288600288600288,Yellow,Yellow,Red
Lag-Llama,USO,Shift-CP,1386,18.0,0.0129870129870129,Green,Green,Green
Lag-Llama,USO,Shift-ERM,1386,18.0,0.0129870129870129,Green,Green,Green
Lag-Llama,USO,Vol-CP,1386,17.0,0.0122655122655122,Green,Green,Green
Lag-Llama,USO,Vol-ERM,1386,14.0,0.0101010101010101,Green,Green,Green
Lag-Llama,USO,State2-ERM,1386,14.0,0.0101010101010101,Green,Green,Green
Lag-Llama,USO,State4-ERM,1386,16.0,0.0115440115440115,Green,Green,Green
Lag-Llama,USO,State-L1,1386,18.0,0.0129870129870129,Green,Green,Green
Lag-Llama,USO,State-L1-clipped,1386,18.0,0.0129870129870129,Green,Green,Green
Lag-Llama,USO,POT-Shift,1386,17.0,0.0122655122655122,Green,Green,Green
Lag-Llama,USO,POT-Vol,1386,14.0,0.0101010101010101,Green,Green,Green
Lag-Llama,USO,ACI-existing,1386,17.0,0.0122655122655122,Green,Green,Green
Lag-Llama,USO,DtACI-projected-seed,1386,20.0,0.0144300144300144,Green,Green,Yellow
Lag-Llama,USO,Rolling250,1386,8.0,0.0057720057720057,Green,Green,Green
Lag-Llama,USO,Rolling500,1386,16.0,0.0115440115440115,Green,Green,Green
Lag-Llama,USO,Selected-rolling,1386,13.0,0.0093795093795093,Green,Green,Green
Lag-Llama,USO,Gate-selected-rolling,1386,13.0,0.0093795093795093,Green,Green,Green
Lag-Llama,USO,Loss-gate,1386,19.0,0.0137085137085137,Green,Green,Green
Lag-Llama,USO,Past-minimum,1386,20.0,0.0144300144300144,Green,Green,Yellow
Lag-Llama,USO,DtACI-projected-expected,1386,20.12199182131322,0.0145180316171091,,,
GJR-GARCH,ASX200,Raw,1868,53.0,0.0283725910064239,Yellow,Yellow,Red
GJR-GARCH,ASX200,Shift-CP,1868,34.0,0.0182012847965738,Yellow,Yellow,Yellow
GJR-GARCH,ASX200,Shift-ERM,1868,34.0,0.0182012847965738,Yellow,Yellow,Yellow
GJR-GARCH,ASX200,Vol-CP,1868,39.0,0.0208779443254818,Yellow,Yellow,Red
GJR-GARCH,ASX200,Vol-ERM,1868,43.0,0.0230192719486081,Yellow,Yellow,Red
GJR-GARCH,ASX200,State2-ERM,1868,35.0,0.0187366167023554,Yellow,Yellow,Yellow
GJR-GARCH,ASX200,State4-ERM,1868,35.0,0.0187366167023554,Yellow,Yellow,Yellow
GJR-GARCH,ASX200,State-L1,1868,35.0,0.0187366167023554,Yellow,Yellow,Yellow
GJR-GARCH,ASX200,State-L1-clipped,1868,35.0,0.0187366167023554,Yellow,Yellow,Yellow
GJR-GARCH,ASX200,POT-Shift,1868,32.0,0.0171306209850107,Yellow,Yellow,Yellow
GJR-GARCH,ASX200,POT-Vol,1868,31.0,0.0165952890792291,Yellow,Yellow,Yellow
GJR-GARCH,ASX200,ACI-existing,1868,22.0,0.0117773019271948,Green,Green,Green
GJR-GARCH,ASX200,DtACI-projected-seed,1868,24.0,0.012847965738758,Green,Green,Green
GJR-GARCH,ASX200,Rolling250,1868,14.0,0.0074946466809421,Green,Green,Green
GJR-GARCH,ASX200,Rolling500,1868,18.0,0.0096359743040685,Green,Green,Green
GJR-GARCH,ASX200,Selected-rolling,1868,14.0,0.0074946466809421,Green,Green,Green
GJR-GARCH,ASX200,Gate-selected-rolling,1868,14.0,0.0074946466809421,Green,Green,Green
GJR-GARCH,ASX200,Loss-gate,1868,53.0,0.0283725910064239,Yellow,Yellow,Red
GJR-GARCH,ASX200,Past-minimum,1868,34.0,0.0182012847965738,Yellow,Yellow,Yellow
GJR-GARCH,ASX200,DtACI-projected-expected,1868,22.00373693270299,0.0117793024265005,,,
GJR-GARCH,AUDUSD,Raw,1430,19.0,0.0132867132867132,Green,Green,Green
GJR-GARCH,AUDUSD,Shift-CP,1430,8.0,0.0055944055944055,Green,Green,Green
GJR-GARCH,AUDUSD,Shift-ERM,1430,8.0,0.0055944055944055,Green,Green,Green
GJR-GARCH,AUDUSD,Vol-CP,1430,8.0,0.0055944055944055,Green,Green,Green
GJR-GARCH,AUDUSD,Vol-ERM,1430,7.0,0.0048951048951048,Green,Green,Green
GJR-GARCH,AUDUSD,State2-ERM,1430,7.0,0.0048951048951048,Green,Green,Green
GJR-GARCH,AUDUSD,State4-ERM,1430,11.0,0.0076923076923076,Green,Green,Green
GJR-GARCH,AUDUSD,State-L1,1430,8.0,0.0055944055944055,Green,Green,Green
GJR-GARCH,AUDUSD,State-L1-clipped,1430,8.0,0.0055944055944055,Green,Green,Green
GJR-GARCH,AUDUSD,POT-Shift,1430,8.0,0.0055944055944055,Green,Green,Green
GJR-GARCH,AUDUSD,POT-Vol,1430,8.0,0.0055944055944055,Green,Green,Green
GJR-GARCH,AUDUSD,ACI-existing,1430,17.0,0.0118881118881118,Green,Green,Green
GJR-GARCH,AUDUSD,DtACI-projected-seed,1430,15.0,0.0104895104895104,Green,Green,Green
GJR-GARCH,AUDUSD,Rolling250,1430,10.0,0.0069930069930069,Green,Green,Green
GJR-GARCH,AUDUSD,Rolling500,1430,14.0,0.0097902097902097,Green,Green,Green
GJR-GARCH,AUDUSD,Selected-rolling,1430,14.0,0.0097902097902097,Green,Green,Green
GJR-GARCH,AUDUSD,Gate-selected-rolling,1430,14.0,0.0097902097902097,Green,Green,Green
GJR-GARCH,AUDUSD,Loss-gate,1430,19.0,0.0132867132867132,Green,Green,Green
GJR-GARCH,AUDUSD,Past-minimum,1430,8.0,0.0055944055944055,Green,Green,Green
GJR-GARCH,AUDUSD,DtACI-projected-expected,1430,16.309118849442633,0.0114049782163934,,,
GJR-GARCH,BOVESPA,Raw,1829,34.0,0.0185893931109896,Yellow,Yellow,Yellow
GJR-GARCH,BOVESPA,Shift-CP,1829,19.0,0.0103881902679059,Green,Green,Green
GJR-GARCH,BOVESPA,Shift-ERM,1829,20.0,0.0109349371241115,Green,Green,Green
GJR-GARCH,BOVESPA,Vol-CP,1829,23.0,0.0125751776927282,Green,Green,Green
GJR-GARCH,BOVESPA,Vol-ERM,1829,23.0,0.0125751776927282,Green,Green,Green
GJR-GARCH,BOVESPA,State2-ERM,1829,22.0,0.0120284308365226,Green,Green,Green
GJR-GARCH,BOVESPA,State4-ERM,1829,18.0,0.0098414434117003,Green,Green,Green
GJR-GARCH,BOVESPA,State-L1,1829,19.0,0.0103881902679059,Green,Green,Green
GJR-GARCH,BOVESPA,State-L1-clipped,1829,19.0,0.0103881902679059,Green,Green,Green
GJR-GARCH,BOVESPA,POT-Shift,1829,20.0,0.0109349371241115,Green,Green,Green
GJR-GARCH,BOVESPA,POT-Vol,1829,23.0,0.0125751776927282,Green,Green,Green
GJR-GARCH,BOVESPA,ACI-existing,1829,23.0,0.0125751776927282,Green,Green,Green
GJR-GARCH,BOVESPA,DtACI-projected-seed,1829,24.0,0.0131219245489338,Green,Green,Green
GJR-GARCH,BOVESPA,Rolling250,1829,16.0,0.0087479496992892,Green,Green,Green
GJR-GARCH,BOVESPA,Rolling500,1829,18.0,0.0098414434117003,Green,Green,Green
GJR-GARCH,BOVESPA,Selected-rolling,1829,18.0,0.0098414434117003,Green,Green,Green
GJR-GARCH,BOVESPA,Gate-selected-rolling,1829,18.0,0.0098414434117003,Green,Green,Green
GJR-GARCH,BOVESPA,Loss-gate,1829,34.0,0.0185893931109896,Yellow,Yellow,Yellow
GJR-GARCH,BOVESPA,Past-minimum,1829,34.0,0.0185893931109896,Yellow,Yellow,Yellow
GJR-GARCH,BOVESPA,DtACI-projected-expected,1829,24.248811021326688,0.0132579611926335,,,
GJR-GARCH,BTC,Raw,1157,27.0,0.0233362143474503,Yellow,Yellow,Red
GJR-GARCH,BTC,Shift-CP,1157,4.0,0.003457216940363,Green,Green,Green
GJR-GARCH,BTC,Shift-ERM,1157,5.0,0.0043215211754537,Green,Green,Green
GJR-GARCH,BTC,Vol-CP,1157,4.0,0.003457216940363,Green,Green,Green
GJR-GARCH,BTC,Vol-ERM,1157,8.0,0.006914433880726,Green,Green,Green
GJR-GARCH,BTC,State2-ERM,1157,3.0,0.0025929127052722,Green,Green,Green
GJR-GARCH,BTC,State4-ERM,1157,4.0,0.003457216940363,Green,Green,Green
GJR-GARCH,BTC,State-L1,1157,3.0,0.0025929127052722,Green,Green,Green
GJR-GARCH,BTC,State-L1-clipped,1157,3.0,0.0025929127052722,Green,Green,Green
GJR-GARCH,BTC,POT-Shift,1157,5.0,0.0043215211754537,Green,Green,Green
GJR-GARCH,BTC,POT-Vol,1157,7.0,0.0060501296456352,Green,Green,Green
GJR-GARCH,BTC,ACI-existing,1157,15.0,0.0129645635263612,Green,Green,Green
GJR-GARCH,BTC,DtACI-projected-seed,1157,14.0,0.0121002592912705,Green,Green,Green
GJR-GARCH,BTC,Rolling250,1157,10.0,0.0086430423509075,Green,Green,Green
GJR-GARCH,BTC,Rolling500,1157,11.0,0.0095073465859982,Green,Green,Green
GJR-GARCH,BTC,Selected-rolling,1157,10.0,0.0086430423509075,Green,Green,Green
GJR-GARCH,BTC,Gate-selected-rolling,1157,10.0,0.0086430423509075,Green,Green,Green
GJR-GARCH,BTC,Loss-gate,1157,27.0,0.0233362143474503,Yellow,Yellow,Red
GJR-GARCH,BTC,Past-minimum,1157,5.0,0.0043215211754537,Green,Green,Green
GJR-GARCH,BTC,DtACI-projected-expected,1157,14.872848949744409,0.0128546663351291,,,
GJR-GARCH,CBU0,Raw,1010,15.0,0.0148514851485148,Green,Green,Green
GJR-GARCH,CBU0,Shift-CP,1010,10.0,0.0099009900990099,Green,Green,Green
GJR-GARCH,CBU0,Shift-ERM,1010,10.0,0.0099009900990099,Green,Green,Green
GJR-GARCH,CBU0,Vol-CP,1010,6.0,0.0059405940594059,Green,Green,Green
GJR-GARCH,CBU0,Vol-ERM,1010,10.0,0.0099009900990099,Green,Green,Green
GJR-GARCH,CBU0,State2-ERM,1010,11.0,0.0108910891089108,Green,Green,Green
GJR-GARCH,CBU0,State4-ERM,1010,10.0,0.0099009900990099,Green,Green,Green
GJR-GARCH,CBU0,State-L1,1010,10.0,0.0099009900990099,Green,Green,Green
GJR-GARCH,CBU0,State-L1-clipped,1010,10.0,0.0099009900990099,Green,Green,Green
GJR-GARCH,CBU0,POT-Shift,1010,7.0,0.0069306930693069,Green,Green,Green
GJR-GARCH,CBU0,POT-Vol,1010,1.0,0.0009900990099009,Green,Green,Green
GJR-GARCH,CBU0,ACI-existing,1010,12.0,0.0118811881188118,Green,Green,Green
GJR-GARCH,CBU0,DtACI-projected-seed,1010,11.0,0.0108910891089108,Green,Green,Green
GJR-GARCH,CBU0,Rolling250,1010,9.0,0.0089108910891089,Green,Green,Green
GJR-GARCH,CBU0,Rolling500,1010,9.0,0.0089108910891089,Green,Green,Green
GJR-GARCH,CBU0,Selected-rolling,1010,9.0,0.0089108910891089,Green,Green,Green
GJR-GARCH,CBU0,Gate-selected-rolling,1010,9.0,0.0089108910891089,Green,Green,Green
GJR-GARCH,CBU0,Loss-gate,1010,15.0,0.0148514851485148,Green,Green,Green
GJR-GARCH,CBU0,Past-minimum,1010,10.0,0.0099009900990099,Green,Green,Green
GJR-GARCH,CBU0,DtACI-projected-expected,1010,11.806205470572358,0.0116893123471013,,,
GJR-GARCH,DJCI,Raw,765,15.0,0.0196078431372549,Yellow,Yellow,Yellow
GJR-GARCH,DJCI,Shift-CP,765,6.0,0.0078431372549019,Green,Green,Green
GJR-GARCH,DJCI,Shift-ERM,765,7.0,0.0091503267973856,Green,Green,Green
GJR-GARCH,DJCI,Vol-CP,765,6.0,0.0078431372549019,Green,Green,Green
GJR-GARCH,DJCI,Vol-ERM,765,8.0,0.0104575163398692,Green,Green,Green
GJR-GARCH,DJCI,State2-ERM,765,6.0,0.0078431372549019,Green,Green,Green
GJR-GARCH,DJCI,State4-ERM,765,5.0,0.0065359477124183,Green,Green,Green
GJR-GARCH,DJCI,State-L1,765,5.0,0.0065359477124183,Green,Green,Green
GJR-GARCH,DJCI,State-L1-clipped,765,6.0,0.0078431372549019,Green,Green,Green
GJR-GARCH,DJCI,POT-Shift,765,5.0,0.0065359477124183,Green,Green,Green
GJR-GARCH,DJCI,POT-Vol,765,8.0,0.0104575163398692,Green,Green,Green
GJR-GARCH,DJCI,ACI-existing,765,9.0,0.0117647058823529,Green,Green,Green
GJR-GARCH,DJCI,DtACI-projected-seed,765,9.0,0.0117647058823529,Green,Green,Green
GJR-GARCH,DJCI,Rolling250,765,8.0,0.0104575163398692,Green,Green,Green
GJR-GARCH,DJCI,Rolling500,765,8.0,0.0104575163398692,Green,Green,Green
GJR-GARCH,DJCI,Selected-rolling,765,8.0,0.0104575163398692,Green,Green,Green
GJR-GARCH,DJCI,Gate-selected-rolling,765,8.0,0.0104575163398692,Green,Green,Green
GJR-GARCH,DJCI,Loss-gate,765,7.0,0.0091503267973856,Green,Green,Green
GJR-GARCH,DJCI,Past-minimum,765,8.0,0.0104575163398692,Green,Green,Green
GJR-GARCH,DJCI,DtACI-projected-expected,765,10.592363469672677,0.013846226757742,,,
GJR-GARCH,ETH,Raw,812,13.0,0.0160098522167487,Yellow,Yellow,Yellow
GJR-GARCH,ETH,Shift-CP,812,5.0,0.0061576354679802,Green,Green,Green
GJR-GARCH,ETH,Shift-ERM,812,7.0,0.0086206896551724,Green,Green,Green
GJR-GARCH,ETH,Vol-CP,812,8.0,0.0098522167487684,Green,Green,Green
GJR-GARCH,ETH,Vol-ERM,812,8.0,0.0098522167487684,Green,Green,Green
GJR-GARCH,ETH,State2-ERM,812,8.0,0.0098522167487684,Green,Green,Green
GJR-GARCH,ETH,State4-ERM,812,7.0,0.0086206896551724,Green,Green,Green
GJR-GARCH,ETH,State-L1,812,7.0,0.0086206896551724,Green,Green,Green
GJR-GARCH,ETH,State-L1-clipped,812,7.0,0.0086206896551724,Green,Green,Green
GJR-GARCH,ETH,POT-Shift,812,7.0,0.0086206896551724,Green,Green,Green
GJR-GARCH,ETH,POT-Vol,812,8.0,0.0098522167487684,Green,Green,Green
GJR-GARCH,ETH,ACI-existing,812,9.0,0.0110837438423645,Green,Green,Green
GJR-GARCH,ETH,DtACI-projected-seed,812,11.0,0.0135467980295566,Green,Green,Green
GJR-GARCH,ETH,Rolling250,812,7.0,0.0086206896551724,Green,Green,Green
GJR-GARCH,ETH,Rolling500,812,7.0,0.0086206896551724,Green,Green,Green
GJR-GARCH,ETH,Selected-rolling,812,7.0,0.0086206896551724,Green,Green,Green
GJR-GARCH,ETH,Gate-selected-rolling,812,7.0,0.0086206896551724,Green,Green,Green
GJR-GARCH,ETH,Loss-gate,812,13.0,0.0160098522167487,Yellow,Yellow,Yellow
GJR-GARCH,ETH,Past-minimum,812,13.0,0.0160098522167487,Yellow,Yellow,Yellow
GJR-GARCH,ETH,DtACI-projected-expected,812,9.767041146536304,0.0120283757962269,,,
GJR-GARCH,EURUSD,Raw,1617,25.0,0.015460729746444,Green,Green,Yellow
GJR-GARCH,EURUSD,Shift-CP,1617,16.0,0.0098948670377241,Green,Green,Green
GJR-GARCH,EURUSD,Shift-ERM,1617,16.0,0.0098948670377241,Green,Green,Green
GJR-GARCH,EURUSD,Vol-CP,1617,16.0,0.0098948670377241,Green,Green,Green
GJR-GARCH,EURUSD,Vol-ERM,1617,17.0,0.0105132962275819,Green,Green,Green
GJR-GARCH,EURUSD,State2-ERM,1617,18.0,0.0111317254174397,Green,Green,Green
GJR-GARCH,EURUSD,State4-ERM,1617,17.0,0.0105132962275819,Green,Green,Green
GJR-GARCH,EURUSD,State-L1,1617,17.0,0.0105132962275819,Green,Green,Green
GJR-GARCH,EURUSD,State-L1-clipped,1617,17.0,0.0105132962275819,Green,Green,Green
GJR-GARCH,EURUSD,POT-Shift,1617,15.0,0.0092764378478664,Green,Green,Green
GJR-GARCH,EURUSD,POT-Vol,1617,17.0,0.0105132962275819,Green,Green,Green
GJR-GARCH,EURUSD,ACI-existing,1617,19.0,0.0117501546072974,Green,Green,Green
GJR-GARCH,EURUSD,DtACI-projected-seed,1617,19.0,0.0117501546072974,Green,Green,Green
GJR-GARCH,EURUSD,Rolling250,1617,11.0,0.0068027210884353,Green,Green,Green
GJR-GARCH,EURUSD,Rolling500,1617,16.0,0.0098948670377241,Green,Green,Green
GJR-GARCH,EURUSD,Selected-rolling,1617,16.0,0.0098948670377241,Green,Green,Green
GJR-GARCH,EURUSD,Gate-selected-rolling,1617,16.0,0.0098948670377241,Green,Green,Green
GJR-GARCH,EURUSD,Loss-gate,1617,25.0,0.015460729746444,Green,Green,Yellow
GJR-GARCH,EURUSD,Past-minimum,1617,25.0,0.015460729746444,Green,Green,Yellow
GJR-GARCH,EURUSD,DtACI-projected-expected,1617,17.529057860219897,0.0108404810514656,,,
GJR-GARCH,FCHI,Raw,1891,45.0,0.0237969328397673,Yellow,Yellow,Red
GJR-GARCH,FCHI,Shift-CP,1891,26.0,0.0137493389740877,Green,Green,Yellow
GJR-GARCH,FCHI,Shift-ERM,1891,27.0,0.0142781597038603,Green,Green,Yellow
GJR-GARCH,FCHI,Vol-CP,1891,25.0,0.0132205182443151,Green,Green,Green
GJR-GARCH,FCHI,Vol-ERM,1891,32.0,0.0169222633527234,Yellow,Yellow,Yellow
GJR-GARCH,FCHI,State2-ERM,1891,26.0,0.0137493389740877,Green,Green,Yellow
GJR-GARCH,FCHI,State4-ERM,1891,26.0,0.0137493389740877,Green,Green,Yellow
GJR-GARCH,FCHI,State-L1,1891,27.0,0.0142781597038603,Green,Green,Yellow
GJR-GARCH,FCHI,State-L1-clipped,1891,27.0,0.0142781597038603,Green,Green,Yellow
GJR-GARCH,FCHI,POT-Shift,1891,26.0,0.0137493389740877,Green,Green,Yellow
GJR-GARCH,FCHI,POT-Vol,1891,22.0,0.0116340560549973,Green,Green,Green
GJR-GARCH,FCHI,ACI-existing,1891,24.0,0.0126916975145425,Green,Green,Green
GJR-GARCH,FCHI,DtACI-projected-seed,1891,25.0,0.0132205182443151,Green,Green,Green
GJR-GARCH,FCHI,Rolling250,1891,17.0,0.0089899524061343,Green,Green,Green
GJR-GARCH,FCHI,Rolling500,1891,24.0,0.0126916975145425,Green,Green,Green
GJR-GARCH,FCHI,Selected-rolling,1891,24.0,0.0126916975145425,Green,Green,Green
GJR-GARCH,FCHI,Gate-selected-rolling,1891,24.0,0.0126916975145425,Green,Green,Green
GJR-GARCH,FCHI,Loss-gate,1891,27.0,0.0142781597038603,Green,Green,Yellow
GJR-GARCH,FCHI,Past-minimum,1891,27.0,0.0142781597038603,Green,Green,Yellow
GJR-GARCH,FCHI,DtACI-projected-expected,1891,22.085701605962768,0.0116793768408052,,,
GJR-GARCH,FTSE100,Raw,1867,44.0,0.0235672201392608,Yellow,Yellow,Red
GJR-GARCH,FTSE100,Shift-CP,1867,20.0,0.0107123727905731,Green,Green,Green
GJR-GARCH,FTSE100,Shift-ERM,1867,20.0,0.0107123727905731,Green,Green,Green
GJR-GARCH,FTSE100,Vol-CP,1867,23.0,0.012319228709159,Green,Green,Green
GJR-GARCH,FTSE100,Vol-ERM,1867,23.0,0.012319228709159,Green,Green,Green
GJR-GARCH,FTSE100,State2-ERM,1867,22.0,0.0117836100696304,Green,Green,Green
GJR-GARCH,FTSE100,State4-ERM,1867,23.0,0.012319228709159,Green,Green,Green
GJR-GARCH,FTSE100,State-L1,1867,22.0,0.0117836100696304,Green,Green,Green
GJR-GARCH,FTSE100,State-L1-clipped,1867,22.0,0.0117836100696304,Green,Green,Green
GJR-GARCH,FTSE100,POT-Shift,1867,22.0,0.0117836100696304,Green,Green,Green
GJR-GARCH,FTSE100,POT-Vol,1867,20.0,0.0107123727905731,Green,Green,Green
GJR-GARCH,FTSE100,ACI-existing,1867,22.0,0.0117836100696304,Green,Green,Green
GJR-GARCH,FTSE100,DtACI-projected-seed,1867,22.0,0.0117836100696304,Green,Green,Green
GJR-GARCH,FTSE100,Rolling250,1867,15.0,0.0080342795929298,Green,Green,Green
GJR-GARCH,FTSE100,Rolling500,1867,19.0,0.0101767541510444,Green,Green,Green
GJR-GARCH,FTSE100,Selected-rolling,1867,19.0,0.0101767541510444,Green,Green,Green
GJR-GARCH,FTSE100,Gate-selected-rolling,1867,19.0,0.0101767541510444,Green,Green,Green
GJR-GARCH,FTSE100,Loss-gate,1867,44.0,0.0235672201392608,Yellow,Yellow,Red
GJR-GARCH,FTSE100,Past-minimum,1867,20.0,0.0107123727905731,Green,Green,Green
GJR-GARCH,FTSE100,DtACI-projected-expected,1867,22.618643732792584,0.0121149671841417,,,
GJR-GARCH,GBPUSD,Raw,1621,33.0,0.0203578038247995,Yellow,Yellow,Red
GJR-GARCH,GBPUSD,Shift-CP,1621,13.0,0.0080197409006785,Green,Green,Green
GJR-GARCH,GBPUSD,Shift-ERM,1621,14.0,0.0086366440468846,Green,Green,Green
GJR-GARCH,GBPUSD,Vol-CP,1621,14.0,0.0086366440468846,Green,Green,Green
GJR-GARCH,GBPUSD,Vol-ERM,1621,16.0,0.0098704503392967,Green,Green,Green
GJR-GARCH,GBPUSD,State2-ERM,1621,17.0,0.0104873534855027,Green,Green,Green
GJR-GARCH,GBPUSD,State4-ERM,1621,21.0,0.0129549660703269,Green,Green,Green
GJR-GARCH,GBPUSD,State-L1,1621,21.0,0.0129549660703269,Green,Green,Green
GJR-GARCH,GBPUSD,State-L1-clipped,1621,21.0,0.0129549660703269,Green,Green,Green
GJR-GARCH,GBPUSD,POT-Shift,1621,13.0,0.0080197409006785,Green,Green,Green
GJR-GARCH,GBPUSD,POT-Vol,1621,16.0,0.0098704503392967,Green,Green,Green
GJR-GARCH,GBPUSD,ACI-existing,1621,21.0,0.0129549660703269,Green,Green,Green
GJR-GARCH,GBPUSD,DtACI-projected-seed,1621,17.0,0.0104873534855027,Green,Green,Green
GJR-GARCH,GBPUSD,Rolling250,1621,14.0,0.0086366440468846,Green,Green,Green
GJR-GARCH,GBPUSD,Rolling500,1621,15.0,0.0092535471930906,Green,Green,Green
GJR-GARCH,GBPUSD,Selected-rolling,1621,15.0,0.0092535471930906,Green,Green,Green
GJR-GARCH,GBPUSD,Gate-selected-rolling,1621,15.0,0.0092535471930906,Green,Green,Green
GJR-GARCH,GBPUSD,Loss-gate,1621,33.0,0.0203578038247995,Yellow,Yellow,Red
GJR-GARCH,GBPUSD,Past-minimum,1621,21.0,0.0129549660703269,Green,Green,Green
GJR-GARCH,GBPUSD,DtACI-projected-expected,1621,19.529564357478165,0.0120478496961617,,,
GJR-GARCH,GDAXI,Raw,1878,51.0,0.0271565495207667,Yellow,Yellow,Red
GJR-GARCH,GDAXI,Shift-CP,1878,29.0,0.0154419595314164,Green,Green,Yellow
GJR-GARCH,GDAXI,Shift-ERM,1878,29.0,0.0154419595314164,Green,Green,Yellow
GJR-GARCH,GDAXI,Vol-CP,1878,31.0,0.0165069222577209,Yellow,Yellow,Yellow
GJR-GARCH,GDAXI,Vol-ERM,1878,36.0,0.0191693290734824,Yellow,Yellow,Yellow
GJR-GARCH,GDAXI,State2-ERM,1878,28.0,0.0149094781682641,Green,Green,Yellow
GJR-GARCH,GDAXI,State4-ERM,1878,28.0,0.0149094781682641,Green,Green,Yellow
GJR-GARCH,GDAXI,State-L1,1878,29.0,0.0154419595314164,Green,Green,Yellow
GJR-GARCH,GDAXI,State-L1-clipped,1878,29.0,0.0154419595314164,Green,Green,Yellow
GJR-GARCH,GDAXI,POT-Shift,1878,28.0,0.0149094781682641,Green,Green,Yellow
GJR-GARCH,GDAXI,POT-Vol,1878,30.0,0.0159744408945686,Green,Green,Yellow
GJR-GARCH,GDAXI,ACI-existing,1878,22.0,0.0117145899893503,Green,Green,Green
GJR-GARCH,GDAXI,DtACI-projected-seed,1878,23.0,0.0122470713525026,Green,Green,Green
GJR-GARCH,GDAXI,Rolling250,1878,16.0,0.0085197018104366,Green,Green,Green
GJR-GARCH,GDAXI,Rolling500,1878,22.0,0.0117145899893503,Green,Green,Green
GJR-GARCH,GDAXI,Selected-rolling,1878,22.0,0.0117145899893503,Green,Green,Green
GJR-GARCH,GDAXI,Gate-selected-rolling,1878,22.0,0.0117145899893503,Green,Green,Green
GJR-GARCH,GDAXI,Loss-gate,1878,36.0,0.0191693290734824,Yellow,Yellow,Yellow
GJR-GARCH,GDAXI,Past-minimum,1878,36.0,0.0191693290734824,Yellow,Yellow,Yellow
GJR-GARCH,GDAXI,DtACI-projected-expected,1878,23.58317677586637,0.0125576021170747,,,
GJR-GARCH,GLD,Raw,1490,35.0,0.023489932885906,Yellow,Yellow,Red
GJR-GARCH,GLD,Shift-CP,1490,17.0,0.0114093959731543,Green,Green,Green
GJR-GARCH,GLD,Shift-ERM,1490,17.0,0.0114093959731543,Green,Green,Green
GJR-GARCH,GLD,Vol-CP,1490,16.0,0.010738255033557,Green,Green,Green
GJR-GARCH,GLD,Vol-ERM,1490,17.0,0.0114093959731543,Green,Green,Green
GJR-GARCH,GLD,State2-ERM,1490,18.0,0.0120805369127516,Green,Green,Green
GJR-GARCH,GLD,State4-ERM,1490,16.0,0.010738255033557,Green,Green,Green
GJR-GARCH,GLD,State-L1,1490,18.0,0.0120805369127516,Green,Green,Green
GJR-GARCH,GLD,State-L1-clipped,1490,18.0,0.0120805369127516,Green,Green,Green
GJR-GARCH,GLD,POT-Shift,1490,17.0,0.0114093959731543,Green,Green,Green
GJR-GARCH,GLD,POT-Vol,1490,15.0,0.0100671140939597,Green,Green,Green
GJR-GARCH,GLD,ACI-existing,1490,18.0,0.0120805369127516,Green,Green,Green
GJR-GARCH,GLD,DtACI-projected-seed,1490,15.0,0.0100671140939597,Green,Green,Green
GJR-GARCH,GLD,Rolling250,1490,10.0,0.0067114093959731,Green,Green,Green
GJR-GARCH,GLD,Rolling500,1490,14.0,0.0093959731543624,Green,Green,Green
GJR-GARCH,GLD,Selected-rolling,1490,14.0,0.0093959731543624,Green,Green,Green
GJR-GARCH,GLD,Gate-selected-rolling,1490,14.0,0.0093959731543624,Green,Green,Green
GJR-GARCH,GLD,Loss-gate,1490,14.0,0.0093959731543624,Green,Green,Green
GJR-GARCH,GLD,Past-minimum,1490,14.0,0.0093959731543624,Green,Green,Green
GJR-GARCH,GLD,DtACI-projected-expected,1490,17.057008053359915,0.0114476564116509,,,
GJR-GARCH,HSI,Raw,1817,28.0,0.0154100165107319,Green,Green,Yellow
GJR-GARCH,HSI,Shift-CP,1817,17.0,0.0093560814529444,Green,Green,Green
GJR-GARCH,HSI,Shift-ERM,1817,19.0,0.0104567969179966,Green,Green,Green
GJR-GARCH,HSI,Vol-CP,1817,14.0,0.0077050082553659,Green,Green,Green
GJR-GARCH,HSI,Vol-ERM,1817,20.0,0.0110071546505228,Green,Green,Green
GJR-GARCH,HSI,State2-ERM,1817,19.0,0.0104567969179966,Green,Green,Green
GJR-GARCH,HSI,State4-ERM,1817,17.0,0.0093560814529444,Green,Green,Green
GJR-GARCH,HSI,State-L1,1817,19.0,0.0104567969179966,Green,Green,Green
GJR-GARCH,HSI,State-L1-clipped,1817,19.0,0.0104567969179966,Green,Green,Green
GJR-GARCH,HSI,POT-Shift,1817,16.0,0.0088057237204182,Green,Green,Green
GJR-GARCH,HSI,POT-Vol,1817,14.0,0.0077050082553659,Green,Green,Green
GJR-GARCH,HSI,ACI-existing,1817,20.0,0.0110071546505228,Green,Green,Green
GJR-GARCH,HSI,DtACI-projected-seed,1817,23.0,0.0126582278481012,Green,Green,Green
GJR-GARCH,HSI,Rolling250,1817,16.0,0.0088057237204182,Green,Green,Green
GJR-GARCH,HSI,Rolling500,1817,18.0,0.0099064391854705,Green,Green,Green
GJR-GARCH,HSI,Selected-rolling,1817,18.0,0.0099064391854705,Green,Green,Green
GJR-GARCH,HSI,Gate-selected-rolling,1817,18.0,0.0099064391854705,Green,Green,Green
GJR-GARCH,HSI,Loss-gate,1817,21.0,0.0115575123830489,Green,Green,Green
GJR-GARCH,HSI,Past-minimum,1817,17.0,0.0093560814529444,Green,Green,Green
GJR-GARCH,HSI,DtACI-projected-expected,1817,22.83286735707272,0.0125662451057087,,,
GJR-GARCH,IBGL,Raw,1260,18.0,0.0142857142857142,Green,Green,Green
GJR-GARCH,IBGL,Shift-CP,1260,6.0,0.0047619047619047,Green,Green,Green
GJR-GARCH,IBGL,Shift-ERM,1260,6.0,0.0047619047619047,Green,Green,Green
GJR-GARCH,IBGL,Vol-CP,1260,6.0,0.0047619047619047,Green,Green,Green
GJR-GARCH,IBGL,Vol-ERM,1260,6.0,0.0047619047619047,Green,Green,Green
GJR-GARCH,IBGL,State2-ERM,1260,8.0,0.0063492063492063,Green,Green,Green
GJR-GARCH,IBGL,State4-ERM,1260,6.0,0.0047619047619047,Green,Green,Green
GJR-GARCH,IBGL,State-L1,1260,8.0,0.0063492063492063,Green,Green,Green
GJR-GARCH,IBGL,State-L1-clipped,1260,8.0,0.0063492063492063,Green,Green,Green
GJR-GARCH,IBGL,POT-Shift,1260,6.0,0.0047619047619047,Green,Green,Green
GJR-GARCH,IBGL,POT-Vol,1260,6.0,0.0047619047619047,Green,Green,Green
GJR-GARCH,IBGL,ACI-existing,1260,14.0,0.0111111111111111,Green,Green,Green
GJR-GARCH,IBGL,DtACI-projected-seed,1260,18.0,0.0142857142857142,Green,Green,Green
GJR-GARCH,IBGL,Rolling250,1260,11.0,0.0087301587301587,Green,Green,Green
GJR-GARCH,IBGL,Rolling500,1260,17.0,0.0134920634920634,Green,Green,Green
GJR-GARCH,IBGL,Selected-rolling,1260,17.0,0.0134920634920634,Green,Green,Green
GJR-GARCH,IBGL,Gate-selected-rolling,1260,17.0,0.0134920634920634,Green,Green,Green
GJR-GARCH,IBGL,Loss-gate,1260,18.0,0.0142857142857142,Green,Green,Green
GJR-GARCH,IBGL,Past-minimum,1260,4.0,0.0031746031746031,Green,Green,Green
GJR-GARCH,IBGL,DtACI-projected-expected,1260,17.62071859322098,0.0139846972962071,,,
GJR-GARCH,ICLN,Raw,1219,17.0,0.0139458572600492,Green,Green,Green
GJR-GARCH,ICLN,Shift-CP,1219,10.0,0.0082034454470877,Green,Green,Green
GJR-GARCH,ICLN,Shift-ERM,1219,10.0,0.0082034454470877,Green,Green,Green
GJR-GARCH,ICLN,Vol-CP,1219,9.0,0.0073831009023789,Green,Green,Green
GJR-GARCH,ICLN,Vol-ERM,1219,10.0,0.0082034454470877,Green,Green,Green
GJR-GARCH,ICLN,State2-ERM,1219,10.0,0.0082034454470877,Green,Green,Green
GJR-GARCH,ICLN,State4-ERM,1219,10.0,0.0082034454470877,Green,Green,Green
GJR-GARCH,ICLN,State-L1,1219,10.0,0.0082034454470877,Green,Green,Green
GJR-GARCH,ICLN,State-L1-clipped,1219,10.0,0.0082034454470877,Green,Green,Green
GJR-GARCH,ICLN,POT-Shift,1219,10.0,0.0082034454470877,Green,Green,Green
GJR-GARCH,ICLN,POT-Vol,1219,9.0,0.0073831009023789,Green,Green,Green
GJR-GARCH,ICLN,ACI-existing,1219,13.0,0.0106644790812141,Green,Green,Green
GJR-GARCH,ICLN,DtACI-projected-seed,1219,17.0,0.0139458572600492,Green,Green,Green
GJR-GARCH,ICLN,Rolling250,1219,7.0,0.0057424118129614,Green,Green,Green
GJR-GARCH,ICLN,Rolling500,1219,14.0,0.0114848236259228,Green,Green,Green
GJR-GARCH,ICLN,Selected-rolling,1219,14.0,0.0114848236259228,Green,Green,Green
GJR-GARCH,ICLN,Gate-selected-rolling,1219,14.0,0.0114848236259228,Green,Green,Green
GJR-GARCH,ICLN,Loss-gate,1219,17.0,0.0139458572600492,Green,Green,Green
GJR-GARCH,ICLN,Past-minimum,1219,10.0,0.0082034454470877,Green,Green,Green
GJR-GARCH,ICLN,DtACI-projected-expected,1219,15.046253980367831,0.0123431123710974,,,
GJR-GARCH,NIFTY,Raw,1242,22.0,0.0177133655394524,Yellow,Yellow,Yellow
GJR-GARCH,NIFTY,Shift-CP,1242,12.0,0.0096618357487922,Green,Green,Green
GJR-GARCH,NIFTY,Shift-ERM,1242,13.0,0.0104669887278582,Green,Green,Green
GJR-GARCH,NIFTY,Vol-CP,1242,12.0,0.0096618357487922,Green,Green,Green
GJR-GARCH,NIFTY,Vol-ERM,1242,14.0,0.0112721417069243,Green,Green,Green
GJR-GARCH,NIFTY,State2-ERM,1242,13.0,0.0104669887278582,Green,Green,Green
GJR-GARCH,NIFTY,State4-ERM,1242,13.0,0.0104669887278582,Green,Green,Green
GJR-GARCH,NIFTY,State-L1,1242,13.0,0.0104669887278582,Green,Green,Green
GJR-GARCH,NIFTY,State-L1-clipped,1242,13.0,0.0104669887278582,Green,Green,Green
GJR-GARCH,NIFTY,POT-Shift,1242,12.0,0.0096618357487922,Green,Green,Green
GJR-GARCH,NIFTY,POT-Vol,1242,12.0,0.0096618357487922,Green,Green,Green
GJR-GARCH,NIFTY,ACI-existing,1242,16.0,0.0128824476650563,Green,Green,Green
GJR-GARCH,NIFTY,DtACI-projected-seed,1242,14.0,0.0112721417069243,Green,Green,Green
GJR-GARCH,NIFTY,Rolling250,1242,11.0,0.0088566827697262,Green,Green,Green
GJR-GARCH,NIFTY,Rolling500,1242,11.0,0.0088566827697262,Green,Green,Green
GJR-GARCH,NIFTY,Selected-rolling,1242,11.0,0.0088566827697262,Green,Green,Green
GJR-GARCH,NIFTY,Gate-selected-rolling,1242,11.0,0.0088566827697262,Green,Green,Green
GJR-GARCH,NIFTY,Loss-gate,1242,16.0,0.0128824476650563,Green,Green,Green
GJR-GARCH,NIFTY,Past-minimum,1242,16.0,0.0128824476650563,Green,Green,Green
GJR-GARCH,NIFTY,DtACI-projected-expected,1242,15.064954554996795,0.0121295930394499,,,
GJR-GARCH,NIKKEI,Raw,1806,39.0,0.021594684385382,Yellow,Yellow,Red
GJR-GARCH,NIKKEI,Shift-CP,1806,16.0,0.0088593576965669,Green,Green,Green
GJR-GARCH,NIKKEI,Shift-ERM,1806,16.0,0.0088593576965669,Green,Green,Green
GJR-GARCH,NIKKEI,Vol-CP,1806,13.0,0.0071982281284606,Green,Green,Green
GJR-GARCH,NIKKEI,Vol-ERM,1806,16.0,0.0088593576965669,Green,Green,Green
GJR-GARCH,NIKKEI,State2-ERM,1806,16.0,0.0088593576965669,Green,Green,Green
GJR-GARCH,NIKKEI,State4-ERM,1806,14.0,0.0077519379844961,Green,Green,Green
GJR-GARCH,NIKKEI,State-L1,1806,16.0,0.0088593576965669,Green,Green,Green
GJR-GARCH,NIKKEI,State-L1-clipped,1806,16.0,0.0088593576965669,Green,Green,Green
GJR-GARCH,NIKKEI,POT-Shift,1806,13.0,0.0071982281284606,Green,Green,Green
GJR-GARCH,NIKKEI,POT-Vol,1806,13.0,0.0071982281284606,Green,Green,Green
GJR-GARCH,NIKKEI,ACI-existing,1806,21.0,0.0116279069767441,Green,Green,Green
GJR-GARCH,NIKKEI,DtACI-projected-seed,1806,21.0,0.0116279069767441,Green,Green,Green
GJR-GARCH,NIKKEI,Rolling250,1806,12.0,0.0066445182724252,Green,Green,Green
GJR-GARCH,NIKKEI,Rolling500,1806,16.0,0.0088593576965669,Green,Green,Green
GJR-GARCH,NIKKEI,Selected-rolling,1806,16.0,0.0088593576965669,Green,Green,Green
GJR-GARCH,NIKKEI,Gate-selected-rolling,1806,16.0,0.0088593576965669,Green,Green,Green
GJR-GARCH,NIKKEI,Loss-gate,1806,16.0,0.0088593576965669,Green,Green,Green
GJR-GARCH,NIKKEI,Past-minimum,1806,16.0,0.0088593576965669,Green,Green,Green
GJR-GARCH,NIKKEI,DtACI-projected-expected,1806,20.443840946066903,0.011319956227058,,,
GJR-GARCH,SP500,Raw,1858,40.0,0.0215285252960172,Yellow,Yellow,Red
GJR-GARCH,SP500,Shift-CP,1858,22.0,0.0118406889128094,Green,Green,Green
GJR-GARCH,SP500,Shift-ERM,1858,22.0,0.0118406889128094,Green,Green,Green
GJR-GARCH,SP500,Vol-CP,1858,25.0,0.0134553283100107,Green,Green,Green
GJR-GARCH,SP500,Vol-ERM,1858,29.0,0.0156081808396124,Green,Green,Yellow
GJR-GARCH,SP500,State2-ERM,1858,23.0,0.0123789020452099,Green,Green,Green
GJR-GARCH,SP500,State4-ERM,1858,25.0,0.0134553283100107,Green,Green,Green
GJR-GARCH,SP500,State-L1,1858,25.0,0.0134553283100107,Green,Green,Green
GJR-GARCH,SP500,State-L1-clipped,1858,25.0,0.0134553283100107,Green,Green,Green
GJR-GARCH,SP500,POT-Shift,1858,22.0,0.0118406889128094,Green,Green,Green
GJR-GARCH,SP500,POT-Vol,1858,21.0,0.011302475780409,Green,Green,Green
GJR-GARCH,SP500,ACI-existing,1858,22.0,0.0118406889128094,Green,Green,Green
GJR-GARCH,SP500,DtACI-projected-seed,1858,20.0,0.0107642626480086,Green,Green,Green
GJR-GARCH,SP500,Rolling250,1858,15.0,0.0080731969860064,Green,Green,Green
GJR-GARCH,SP500,Rolling500,1858,19.0,0.0102260495156081,Green,Green,Green
GJR-GARCH,SP500,Selected-rolling,1858,19.0,0.0102260495156081,Green,Green,Green
GJR-GARCH,SP500,Gate-selected-rolling,1858,19.0,0.0102260495156081,Green,Green,Green
GJR-GARCH,SP500,Loss-gate,1858,26.0,0.0139935414424111,Green,Green,Yellow
GJR-GARCH,SP500,Past-minimum,1858,19.0,0.0102260495156081,Green,Green,Green
GJR-GARCH,SP500,DtACI-projected-expected,1858,21.703332410249253,0.011681018520048,,,
GJR-GARCH,STOXX,Raw,1532,37.0,0.0241514360313315,Yellow,Yellow,Red
GJR-GARCH,STOXX,Shift-CP,1532,18.0,0.0117493472584856,Green,Green,Green
GJR-GARCH,STOXX,Shift-ERM,1532,19.0,0.0124020887728459,Green,Green,Green
GJR-GARCH,STOXX,Vol-CP,1532,19.0,0.0124020887728459,Green,Green,Green
GJR-GARCH,STOXX,Vol-ERM,1532,21.0,0.0137075718015665,Green,Green,Green
GJR-GARCH,STOXX,State2-ERM,1532,19.0,0.0124020887728459,Green,Green,Green
GJR-GARCH,STOXX,State4-ERM,1532,19.0,0.0124020887728459,Green,Green,Green
GJR-GARCH,STOXX,State-L1,1532,19.0,0.0124020887728459,Green,Green,Green
GJR-GARCH,STOXX,State-L1-clipped,1532,19.0,0.0124020887728459,Green,Green,Green
GJR-GARCH,STOXX,POT-Shift,1532,18.0,0.0117493472584856,Green,Green,Green
GJR-GARCH,STOXX,POT-Vol,1532,17.0,0.0110966057441253,Green,Green,Green
GJR-GARCH,STOXX,ACI-existing,1532,17.0,0.0110966057441253,Green,Green,Green
GJR-GARCH,STOXX,DtACI-projected-seed,1532,14.0,0.0091383812010443,Green,Green,Green
GJR-GARCH,STOXX,Rolling250,1532,10.0,0.0065274151436031,Green,Green,Green
GJR-GARCH,STOXX,Rolling500,1532,13.0,0.008485639686684,Green,Green,Green
GJR-GARCH,STOXX,Selected-rolling,1532,10.0,0.0065274151436031,Green,Green,Green
GJR-GARCH,STOXX,Gate-selected-rolling,1532,10.0,0.0065274151436031,Green,Green,Green
GJR-GARCH,STOXX,Loss-gate,1532,24.0,0.0156657963446475,Green,Green,Yellow
GJR-GARCH,STOXX,Past-minimum,1532,24.0,0.0156657963446475,Green,Green,Yellow
GJR-GARCH,STOXX,DtACI-projected-expected,1532,15.66457321133912,0.0102249172397774,,,
GJR-GARCH,TLT,Raw,1665,22.0,0.0132132132132132,Green,Green,Green
GJR-GARCH,TLT,Shift-CP,1665,18.0,0.0108108108108108,Green,Green,Green
GJR-GARCH,TLT,Shift-ERM,1665,18.0,0.0108108108108108,Green,Green,Green
GJR-GARCH,TLT,Vol-CP,1665,16.0,0.0096096096096096,Green,Green,Green
GJR-GARCH,TLT,Vol-ERM,1665,19.0,0.0114114114114114,Green,Green,Green
GJR-GARCH,TLT,State2-ERM,1665,18.0,0.0108108108108108,Green,Green,Green
GJR-GARCH,TLT,State4-ERM,1665,28.0,0.0168168168168168,Yellow,Yellow,Yellow
GJR-GARCH,TLT,State-L1,1665,18.0,0.0108108108108108,Green,Green,Green
GJR-GARCH,TLT,State-L1-clipped,1665,18.0,0.0108108108108108,Green,Green,Green
GJR-GARCH,TLT,POT-Shift,1665,17.0,0.0102102102102102,Green,Green,Green
GJR-GARCH,TLT,POT-Vol,1665,15.0,0.009009009009009,Green,Green,Green
GJR-GARCH,TLT,ACI-existing,1665,21.0,0.0126126126126126,Green,Green,Green
GJR-GARCH,TLT,DtACI-projected-seed,1665,21.0,0.0126126126126126,Green,Green,Green
GJR-GARCH,TLT,Rolling250,1665,16.0,0.0096096096096096,Green,Green,Green
GJR-GARCH,TLT,Rolling500,1665,16.0,0.0096096096096096,Green,Green,Green
GJR-GARCH,TLT,Selected-rolling,1665,16.0,0.0096096096096096,Green,Green,Green
GJR-GARCH,TLT,Gate-selected-rolling,1665,16.0,0.0096096096096096,Green,Green,Green
GJR-GARCH,TLT,Loss-gate,1665,22.0,0.0132132132132132,Green,Green,Green
GJR-GARCH,TLT,Past-minimum,1665,22.0,0.0132132132132132,Green,Green,Green
GJR-GARCH,TLT,DtACI-projected-expected,1665,19.75238148821409,0.0118632921851135,,,
GJR-GARCH,UNG,Raw,1309,16.0,0.0122230710466004,Green,Green,Green
GJR-GARCH,UNG,Shift-CP,1309,13.0,0.0099312452253628,Green,Green,Green
GJR-GARCH,UNG,Shift-ERM,1309,13.0,0.0099312452253628,Green,Green,Green
GJR-GARCH,UNG,Vol-CP,1309,12.0,0.0091673032849503,Green,Green,Green
GJR-GARCH,UNG,Vol-ERM,1309,12.0,0.0091673032849503,Green,Green,Green
GJR-GARCH,UNG,State2-ERM,1309,12.0,0.0091673032849503,Green,Green,Green
GJR-GARCH,UNG,State4-ERM,1309,11.0,0.0084033613445378,Green,Green,Green
GJR-GARCH,UNG,State-L1,1309,13.0,0.0099312452253628,Green,Green,Green
GJR-GARCH,UNG,State-L1-clipped,1309,13.0,0.0099312452253628,Green,Green,Green
GJR-GARCH,UNG,POT-Shift,1309,14.0,0.0106951871657754,Green,Green,Green
GJR-GARCH,UNG,POT-Vol,1309,12.0,0.0091673032849503,Green,Green,Green
GJR-GARCH,UNG,ACI-existing,1309,16.0,0.0122230710466004,Green,Green,Green
GJR-GARCH,UNG,DtACI-projected-seed,1309,16.0,0.0122230710466004,Green,Green,Green
GJR-GARCH,UNG,Rolling250,1309,12.0,0.0091673032849503,Green,Green,Green
GJR-GARCH,UNG,Rolling500,1309,18.0,0.0137509549274255,Green,Green,Green
GJR-GARCH,UNG,Selected-rolling,1309,18.0,0.0137509549274255,Green,Green,Green
GJR-GARCH,UNG,Gate-selected-rolling,1309,18.0,0.0137509549274255,Green,Green,Green
GJR-GARCH,UNG,Loss-gate,1309,16.0,0.0122230710466004,Green,Green,Green
GJR-GARCH,UNG,Past-minimum,1309,14.0,0.0106951871657754,Green,Green,Green
GJR-GARCH,UNG,DtACI-projected-expected,1309,19.00185791602829,0.0145163162078138,,,
GJR-GARCH,USDJPY,Raw,1923,35.0,0.0182007280291211,Yellow,Yellow,Yellow
GJR-GARCH,USDJPY,Shift-CP,1923,18.0,0.0093603744149766,Green,Green,Green
GJR-GARCH,USDJPY,Shift-ERM,1923,18.0,0.0093603744149766,Green,Green,Green
GJR-GARCH,USDJPY,Vol-CP,1923,22.0,0.0114404576183047,Green,Green,Green
GJR-GARCH,USDJPY,Vol-ERM,1923,22.0,0.0114404576183047,Green,Green,Green
GJR-GARCH,USDJPY,State2-ERM,1923,24.0,0.0124804992199688,Green,Green,Green
GJR-GARCH,USDJPY,State4-ERM,1923,23.0,0.0119604784191367,Green,Green,Green
GJR-GARCH,USDJPY,State-L1,1923,24.0,0.0124804992199688,Green,Green,Green
GJR-GARCH,USDJPY,State-L1-clipped,1923,24.0,0.0124804992199688,Green,Green,Green
GJR-GARCH,USDJPY,POT-Shift,1923,20.0,0.0104004160166406,Green,Green,Green
GJR-GARCH,USDJPY,POT-Vol,1923,22.0,0.0114404576183047,Green,Green,Green
GJR-GARCH,USDJPY,ACI-existing,1923,24.0,0.0124804992199688,Green,Green,Green
GJR-GARCH,USDJPY,DtACI-projected-seed,1923,27.0,0.0140405616224648,Green,Green,Yellow
GJR-GARCH,USDJPY,Rolling250,1923,18.0,0.0093603744149766,Green,Green,Green
GJR-GARCH,USDJPY,Rolling500,1923,21.0,0.0109204368174727,Green,Green,Green
GJR-GARCH,USDJPY,Selected-rolling,1923,21.0,0.0109204368174727,Green,Green,Green
GJR-GARCH,USDJPY,Gate-selected-rolling,1923,21.0,0.0109204368174727,Green,Green,Green
GJR-GARCH,USDJPY,Loss-gate,1923,35.0,0.0182007280291211,Yellow,Yellow,Yellow
GJR-GARCH,USDJPY,Past-minimum,1923,35.0,0.0182007280291211,Yellow,Yellow,Yellow
GJR-GARCH,USDJPY,DtACI-projected-expected,1923,22.977410441346393,0.0119487313787552,,,
GJR-GARCH,USO,Raw,1386,29.0,0.0209235209235209,Yellow,Yellow,Yellow
GJR-GARCH,USO,Shift-CP,1386,13.0,0.0093795093795093,Green,Green,Green
GJR-GARCH,USO,Shift-ERM,1386,14.0,0.0101010101010101,Green,Green,Green
GJR-GARCH,USO,Vol-CP,1386,11.0,0.0079365079365079,Green,Green,Green
GJR-GARCH,USO,Vol-ERM,1386,15.0,0.0108225108225108,Green,Green,Green
GJR-GARCH,USO,State2-ERM,1386,19.0,0.0137085137085137,Green,Green,Green
GJR-GARCH,USO,State4-ERM,1386,17.0,0.0122655122655122,Green,Green,Green
GJR-GARCH,USO,State-L1,1386,14.0,0.0101010101010101,Green,Green,Green
GJR-GARCH,USO,State-L1-clipped,1386,14.0,0.0101010101010101,Green,Green,Green
GJR-GARCH,USO,POT-Shift,1386,13.0,0.0093795093795093,Green,Green,Green
GJR-GARCH,USO,POT-Vol,1386,13.0,0.0093795093795093,Green,Green,Green
GJR-GARCH,USO,ACI-existing,1386,16.0,0.0115440115440115,Green,Green,Green
GJR-GARCH,USO,DtACI-projected-seed,1386,19.0,0.0137085137085137,Green,Green,Green
GJR-GARCH,USO,Rolling250,1386,11.0,0.0079365079365079,Green,Green,Green
GJR-GARCH,USO,Rolling500,1386,13.0,0.0093795093795093,Green,Green,Green
GJR-GARCH,USO,Selected-rolling,1386,13.0,0.0093795093795093,Green,Green,Green
GJR-GARCH,USO,Gate-selected-rolling,1386,13.0,0.0093795093795093,Green,Green,Green
GJR-GARCH,USO,Loss-gate,1386,23.0,0.0165945165945165,Yellow,Yellow,Yellow
GJR-GARCH,USO,Past-minimum,1386,16.0,0.0115440115440115,Green,Green,Green
GJR-GARCH,USO,DtACI-projected-expected,1386,17.431241218471538,0.0125766531157803,,,
GJR-GARCH-t,ASX200,Raw,1868,48.0,0.025695931477516,Yellow,Yellow,Red
GJR-GARCH-t,ASX200,Shift-CP,1868,31.0,0.0165952890792291,Yellow,Yellow,Yellow
GJR-GARCH-t,ASX200,Shift-ERM,1868,32.0,0.0171306209850107,Yellow,Yellow,Yellow
GJR-GARCH-t,ASX200,Vol-CP,1868,31.0,0.0165952890792291,Yellow,Yellow,Yellow
GJR-GARCH-t,ASX200,Vol-ERM,1868,36.0,0.019271948608137,Yellow,Yellow,Yellow
GJR-GARCH-t,ASX200,State2-ERM,1868,32.0,0.0171306209850107,Yellow,Yellow,Yellow
GJR-GARCH-t,ASX200,State4-ERM,1868,31.0,0.0165952890792291,Yellow,Yellow,Yellow
GJR-GARCH-t,ASX200,State-L1,1868,31.0,0.0165952890792291,Yellow,Yellow,Yellow
GJR-GARCH-t,ASX200,State-L1-clipped,1868,31.0,0.0165952890792291,Yellow,Yellow,Yellow
GJR-GARCH-t,ASX200,POT-Shift,1868,30.0,0.0160599571734475,Yellow,Yellow,Yellow
GJR-GARCH-t,ASX200,POT-Vol,1868,30.0,0.0160599571734475,Yellow,Yellow,Yellow
GJR-GARCH-t,ASX200,ACI-existing,1868,22.0,0.0117773019271948,Green,Green,Green
GJR-GARCH-t,ASX200,DtACI-projected-seed,1868,22.0,0.0117773019271948,Green,Green,Green
GJR-GARCH-t,ASX200,Rolling250,1868,17.0,0.0091006423982869,Green,Green,Green
GJR-GARCH-t,ASX200,Rolling500,1868,19.0,0.0101713062098501,Green,Green,Green
GJR-GARCH-t,ASX200,Selected-rolling,1868,19.0,0.0101713062098501,Green,Green,Green
GJR-GARCH-t,ASX200,Gate-selected-rolling,1868,19.0,0.0101713062098501,Green,Green,Green
GJR-GARCH-t,ASX200,Loss-gate,1868,48.0,0.025695931477516,Yellow,Yellow,Red
GJR-GARCH-t,ASX200,Past-minimum,1868,33.0,0.0176659528907922,Yellow,Yellow,Yellow
GJR-GARCH-t,ASX200,DtACI-projected-expected,1868,22.58198514183313,0.0120888571423089,,,
GJR-GARCH-t,AUDUSD,Raw,1430,15.0,0.0104895104895104,Green,Green,Green
GJR-GARCH-t,AUDUSD,Shift-CP,1430,7.0,0.0048951048951048,Green,Green,Green
GJR-GARCH-t,AUDUSD,Shift-ERM,1430,8.0,0.0055944055944055,Green,Green,Green
GJR-GARCH-t,AUDUSD,Vol-CP,1430,7.0,0.0048951048951048,Green,Green,Green
GJR-GARCH-t,AUDUSD,Vol-ERM,1430,7.0,0.0048951048951048,Green,Green,Green
GJR-GARCH-t,AUDUSD,State2-ERM,1430,7.0,0.0048951048951048,Green,Green,Green
GJR-GARCH-t,AUDUSD,State4-ERM,1430,10.0,0.0069930069930069,Green,Green,Green
GJR-GARCH-t,AUDUSD,State-L1,1430,8.0,0.0055944055944055,Green,Green,Green
GJR-GARCH-t,AUDUSD,State-L1-clipped,1430,8.0,0.0055944055944055,Green,Green,Green
GJR-GARCH-t,AUDUSD,POT-Shift,1430,7.0,0.0048951048951048,Green,Green,Green
GJR-GARCH-t,AUDUSD,POT-Vol,1430,8.0,0.0055944055944055,Green,Green,Green
GJR-GARCH-t,AUDUSD,ACI-existing,1430,19.0,0.0132867132867132,Green,Green,Green
GJR-GARCH-t,AUDUSD,DtACI-projected-seed,1430,16.0,0.0111888111888111,Green,Green,Green
GJR-GARCH-t,AUDUSD,Rolling250,1430,12.0,0.0083916083916083,Green,Green,Green
GJR-GARCH-t,AUDUSD,Rolling500,1430,14.0,0.0097902097902097,Green,Green,Green
GJR-GARCH-t,AUDUSD,Selected-rolling,1430,14.0,0.0097902097902097,Green,Green,Green
GJR-GARCH-t,AUDUSD,Gate-selected-rolling,1430,14.0,0.0097902097902097,Green,Green,Green
GJR-GARCH-t,AUDUSD,Loss-gate,1430,15.0,0.0104895104895104,Green,Green,Green
GJR-GARCH-t,AUDUSD,Past-minimum,1430,7.0,0.0048951048951048,Green,Green,Green
GJR-GARCH-t,AUDUSD,DtACI-projected-expected,1430,16.7065996584953,0.0116829368241225,,,
GJR-GARCH-t,BOVESPA,Raw,1829,27.0,0.0147621651175505,Green,Green,Yellow
GJR-GARCH-t,BOVESPA,Shift-CP,1829,22.0,0.0120284308365226,Green,Green,Green
GJR-GARCH-t,BOVESPA,Shift-ERM,1829,22.0,0.0120284308365226,Green,Green,Green
GJR-GARCH-t,BOVESPA,Vol-CP,1829,23.0,0.0125751776927282,Green,Green,Green
GJR-GARCH-t,BOVESPA,Vol-ERM,1829,23.0,0.0125751776927282,Green,Green,Green
GJR-GARCH-t,BOVESPA,State2-ERM,1829,23.0,0.0125751776927282,Green,Green,Green
GJR-GARCH-t,BOVESPA,State4-ERM,1829,19.0,0.0103881902679059,Green,Green,Green
GJR-GARCH-t,BOVESPA,State-L1,1829,19.0,0.0103881902679059,Green,Green,Green
GJR-GARCH-t,BOVESPA,State-L1-clipped,1829,19.0,0.0103881902679059,Green,Green,Green
GJR-GARCH-t,BOVESPA,POT-Shift,1829,22.0,0.0120284308365226,Green,Green,Green
GJR-GARCH-t,BOVESPA,POT-Vol,1829,23.0,0.0125751776927282,Green,Green,Green
GJR-GARCH-t,BOVESPA,ACI-existing,1829,23.0,0.0125751776927282,Green,Green,Green
GJR-GARCH-t,BOVESPA,DtACI-projected-seed,1829,24.0,0.0131219245489338,Green,Green,Green
GJR-GARCH-t,BOVESPA,Rolling250,1829,15.0,0.0082012028430836,Green,Green,Green
GJR-GARCH-t,BOVESPA,Rolling500,1829,18.0,0.0098414434117003,Green,Green,Green
GJR-GARCH-t,BOVESPA,Selected-rolling,1829,18.0,0.0098414434117003,Green,Green,Green
GJR-GARCH-t,BOVESPA,Gate-selected-rolling,1829,18.0,0.0098414434117003,Green,Green,Green
GJR-GARCH-t,BOVESPA,Loss-gate,1829,27.0,0.0147621651175505,Green,Green,Yellow
GJR-GARCH-t,BOVESPA,Past-minimum,1829,27.0,0.0147621651175505,Green,Green,Yellow
GJR-GARCH-t,BOVESPA,DtACI-projected-expected,1829,24.17254810782294,0.0132162646844302,,,
GJR-GARCH-t,BTC,Raw,1157,12.0,0.010371650821089,Green,Green,Green
GJR-GARCH-t,BTC,Shift-CP,1157,5.0,0.0043215211754537,Green,Green,Green
GJR-GARCH-t,BTC,Shift-ERM,1157,5.0,0.0043215211754537,Green,Green,Green
GJR-GARCH-t,BTC,Vol-CP,1157,3.0,0.0025929127052722,Green,Green,Green
GJR-GARCH-t,BTC,Vol-ERM,1157,8.0,0.006914433880726,Green,Green,Green
GJR-GARCH-t,BTC,State2-ERM,1157,5.0,0.0043215211754537,Green,Green,Green
GJR-GARCH-t,BTC,State4-ERM,1157,6.0,0.0051858254105445,Green,Green,Green
GJR-GARCH-t,BTC,State-L1,1157,5.0,0.0043215211754537,Green,Green,Green
GJR-GARCH-t,BTC,State-L1-clipped,1157,5.0,0.0043215211754537,Green,Green,Green
GJR-GARCH-t,BTC,POT-Shift,1157,6.0,0.0051858254105445,Green,Green,Green
GJR-GARCH-t,BTC,POT-Vol,1157,5.0,0.0043215211754537,Green,Green,Green
GJR-GARCH-t,BTC,ACI-existing,1157,13.0,0.0112359550561797,Green,Green,Green
GJR-GARCH-t,BTC,DtACI-projected-seed,1157,16.0,0.013828867761452,Green,Green,Green
GJR-GARCH-t,BTC,Rolling250,1157,11.0,0.0095073465859982,Green,Green,Green
GJR-GARCH-t,BTC,Rolling500,1157,13.0,0.0112359550561797,Green,Green,Green
GJR-GARCH-t,BTC,Selected-rolling,1157,13.0,0.0112359550561797,Green,Green,Green
GJR-GARCH-t,BTC,Gate-selected-rolling,1157,13.0,0.0112359550561797,Green,Green,Green
GJR-GARCH-t,BTC,Loss-gate,1157,12.0,0.010371650821089,Green,Green,Green
GJR-GARCH-t,BTC,Past-minimum,1157,5.0,0.0043215211754537,Green,Green,Green
GJR-GARCH-t,BTC,DtACI-projected-expected,1157,15.010025865345298,0.0129732289242396,,,
GJR-GARCH-t,CBU0,Raw,1010,11.0,0.0108910891089108,Green,Green,Green
GJR-GARCH-t,CBU0,Shift-CP,1010,5.0,0.0049504950495049,Green,Green,Green
GJR-GARCH-t,CBU0,Shift-ERM,1010,6.0,0.0059405940594059,Green,Green,Green
GJR-GARCH-t,CBU0,Vol-CP,1010,5.0,0.0049504950495049,Green,Green,Green
GJR-GARCH-t,CBU0,Vol-ERM,1010,9.0,0.0089108910891089,Green,Green,Green
GJR-GARCH-t,CBU0,State2-ERM,1010,9.0,0.0089108910891089,Green,Green,Green
GJR-GARCH-t,CBU0,State4-ERM,1010,9.0,0.0089108910891089,Green,Green,Green
GJR-GARCH-t,CBU0,State-L1,1010,9.0,0.0089108910891089,Green,Green,Green
GJR-GARCH-t,CBU0,State-L1-clipped,1010,9.0,0.0089108910891089,Green,Green,Green
GJR-GARCH-t,CBU0,POT-Shift,1010,5.0,0.0049504950495049,Green,Green,Green
GJR-GARCH-t,CBU0,POT-Vol,1010,0.0,0.0,Green,Green,Green
GJR-GARCH-t,CBU0,ACI-existing,1010,12.0,0.0118811881188118,Green,Green,Green
GJR-GARCH-t,CBU0,DtACI-projected-seed,1010,12.0,0.0118811881188118,Green,Green,Green
GJR-GARCH-t,CBU0,Rolling250,1010,8.0,0.0079207920792079,Green,Green,Green
GJR-GARCH-t,CBU0,Rolling500,1010,10.0,0.0099009900990099,Green,Green,Green
GJR-GARCH-t,CBU0,Selected-rolling,1010,10.0,0.0099009900990099,Green,Green,Green
GJR-GARCH-t,CBU0,Gate-selected-rolling,1010,10.0,0.0099009900990099,Green,Green,Green
GJR-GARCH-t,CBU0,Loss-gate,1010,11.0,0.0108910891089108,Green,Green,Green
GJR-GARCH-t,CBU0,Past-minimum,1010,11.0,0.0108910891089108,Green,Green,Green
GJR-GARCH-t,CBU0,DtACI-projected-expected,1010,13.449222334767756,0.0133160617175918,,,
GJR-GARCH-t,DJCI,Raw,765,14.0,0.0183006535947712,Yellow,Yellow,Yellow
GJR-GARCH-t,DJCI,Shift-CP,765,7.0,0.0091503267973856,Green,Green,Green
GJR-GARCH-t,DJCI,Shift-ERM,765,7.0,0.0091503267973856,Green,Green,Green
GJR-GARCH-t,DJCI,Vol-CP,765,9.0,0.0117647058823529,Green,Green,Green
GJR-GARCH-t,DJCI,Vol-ERM,765,9.0,0.0117647058823529,Green,Green,Green
GJR-GARCH-t,DJCI,State2-ERM,765,9.0,0.0117647058823529,Green,Green,Green
GJR-GARCH-t,DJCI,State4-ERM,765,8.0,0.0104575163398692,Green,Green,Green
GJR-GARCH-t,DJCI,State-L1,765,7.0,0.0091503267973856,Green,Green,Green
GJR-GARCH-t,DJCI,State-L1-clipped,765,7.0,0.0091503267973856,Green,Green,Green
GJR-GARCH-t,DJCI,POT-Shift,765,7.0,0.0091503267973856,Green,Green,Green
GJR-GARCH-t,DJCI,POT-Vol,765,9.0,0.0117647058823529,Green,Green,Green
GJR-GARCH-t,DJCI,ACI-existing,765,10.0,0.0130718954248366,Green,Green,Green
GJR-GARCH-t,DJCI,DtACI-projected-seed,765,11.0,0.0143790849673202,Green,Green,Green
GJR-GARCH-t,DJCI,Rolling250,765,8.0,0.0104575163398692,Green,Green,Green
GJR-GARCH-t,DJCI,Rolling500,765,8.0,0.0104575163398692,Green,Green,Green
GJR-GARCH-t,DJCI,Selected-rolling,765,8.0,0.0104575163398692,Green,Green,Green
GJR-GARCH-t,DJCI,Gate-selected-rolling,765,8.0,0.0104575163398692,Green,Green,Green
GJR-GARCH-t,DJCI,Loss-gate,765,14.0,0.0183006535947712,Yellow,Yellow,Yellow
GJR-GARCH-t,DJCI,Past-minimum,765,7.0,0.0091503267973856,Green,Green,Green
GJR-GARCH-t,DJCI,DtACI-projected-expected,765,10.754456771504048,0.0140581134268026,,,
GJR-GARCH-t,ETH,Raw,812,8.0,0.0098522167487684,Green,Green,Green
GJR-GARCH-t,ETH,Shift-CP,812,8.0,0.0098522167487684,Green,Green,Green
GJR-GARCH-t,ETH,Shift-ERM,812,8.0,0.0098522167487684,Green,Green,Green
GJR-GARCH-t,ETH,Vol-CP,812,8.0,0.0098522167487684,Green,Green,Green
GJR-GARCH-t,ETH,Vol-ERM,812,8.0,0.0098522167487684,Green,Green,Green
GJR-GARCH-t,ETH,State2-ERM,812,8.0,0.0098522167487684,Green,Green,Green
GJR-GARCH-t,ETH,State4-ERM,812,9.0,0.0110837438423645,Green,Green,Green
GJR-GARCH-t,ETH,State-L1,812,8.0,0.0098522167487684,Green,Green,Green
GJR-GARCH-t,ETH,State-L1-clipped,812,8.0,0.0098522167487684,Green,Green,Green
GJR-GARCH-t,ETH,POT-Shift,812,7.0,0.0086206896551724,Green,Green,Green
GJR-GARCH-t,ETH,POT-Vol,812,7.0,0.0086206896551724,Green,Green,Green
GJR-GARCH-t,ETH,ACI-existing,812,10.0,0.0123152709359605,Green,Green,Green
GJR-GARCH-t,ETH,DtACI-projected-seed,812,10.0,0.0123152709359605,Green,Green,Green
GJR-GARCH-t,ETH,Rolling250,812,10.0,0.0123152709359605,Green,Green,Green
GJR-GARCH-t,ETH,Rolling500,812,9.0,0.0110837438423645,Green,Green,Green
GJR-GARCH-t,ETH,Selected-rolling,812,9.0,0.0110837438423645,Green,Green,Green
GJR-GARCH-t,ETH,Gate-selected-rolling,812,8.0,0.0098522167487684,Green,Green,Green
GJR-GARCH-t,ETH,Loss-gate,812,8.0,0.0098522167487684,Green,Green,Green
GJR-GARCH-t,ETH,Past-minimum,812,8.0,0.0098522167487684,Green,Green,Green
GJR-GARCH-t,ETH,DtACI-projected-expected,812,10.564987322892744,0.0130110681316413,,,
GJR-GARCH-t,EURUSD,Raw,1617,21.0,0.0129870129870129,Green,Green,Green
GJR-GARCH-t,EURUSD,Shift-CP,1617,17.0,0.0105132962275819,Green,Green,Green
GJR-GARCH-t,EURUSD,Shift-ERM,1617,17.0,0.0105132962275819,Green,Green,Green
GJR-GARCH-t,EURUSD,Vol-CP,1617,18.0,0.0111317254174397,Green,Green,Green
GJR-GARCH-t,EURUSD,Vol-ERM,1617,19.0,0.0117501546072974,Green,Green,Green
GJR-GARCH-t,EURUSD,State2-ERM,1617,17.0,0.0105132962275819,Green,Green,Green
GJR-GARCH-t,EURUSD,State4-ERM,1617,17.0,0.0105132962275819,Green,Green,Green
GJR-GARCH-t,EURUSD,State-L1,1617,17.0,0.0105132962275819,Green,Green,Green
GJR-GARCH-t,EURUSD,State-L1-clipped,1617,17.0,0.0105132962275819,Green,Green,Green
GJR-GARCH-t,EURUSD,POT-Shift,1617,14.0,0.0086580086580086,Green,Green,Green
GJR-GARCH-t,EURUSD,POT-Vol,1617,16.0,0.0098948670377241,Green,Green,Green
GJR-GARCH-t,EURUSD,ACI-existing,1617,20.0,0.0123685837971552,Green,Green,Green
GJR-GARCH-t,EURUSD,DtACI-projected-seed,1617,19.0,0.0117501546072974,Green,Green,Green
GJR-GARCH-t,EURUSD,Rolling250,1617,12.0,0.0074211502782931,Green,Green,Green
GJR-GARCH-t,EURUSD,Rolling500,1617,16.0,0.0098948670377241,Green,Green,Green
GJR-GARCH-t,EURUSD,Selected-rolling,1617,16.0,0.0098948670377241,Green,Green,Green
GJR-GARCH-t,EURUSD,Gate-selected-rolling,1617,21.0,0.0129870129870129,Green,Green,Green
GJR-GARCH-t,EURUSD,Loss-gate,1617,21.0,0.0129870129870129,Green,Green,Green
GJR-GARCH-t,EURUSD,Past-minimum,1617,21.0,0.0129870129870129,Green,Green,Green
GJR-GARCH-t,EURUSD,DtACI-projected-expected,1617,17.363751956947443,0.0107382510556261,,,
GJR-GARCH-t,FCHI,Raw,1891,31.0,0.0163934426229508,Yellow,Yellow,Yellow
GJR-GARCH-t,FCHI,Shift-CP,1891,19.0,0.0100475938656795,Green,Green,Green
GJR-GARCH-t,FCHI,Shift-ERM,1891,19.0,0.0100475938656795,Green,Green,Green
GJR-GARCH-t,FCHI,Vol-CP,1891,21.0,0.0111052353252247,Green,Green,Green
GJR-GARCH-t,FCHI,Vol-ERM,1891,25.0,0.0132205182443151,Green,Green,Green
GJR-GARCH-t,FCHI,State2-ERM,1891,18.0,0.0095187731359069,Green,Green,Green
GJR-GARCH-t,FCHI,State4-ERM,1891,18.0,0.0095187731359069,Green,Green,Green
GJR-GARCH-t,FCHI,State-L1,1891,19.0,0.0100475938656795,Green,Green,Green
GJR-GARCH-t,FCHI,State-L1-clipped,1891,19.0,0.0100475938656795,Green,Green,Green
GJR-GARCH-t,FCHI,POT-Shift,1891,20.0,0.0105764145954521,Green,Green,Green
GJR-GARCH-t,FCHI,POT-Vol,1891,21.0,0.0111052353252247,Green,Green,Green
GJR-GARCH-t,FCHI,ACI-existing,1891,24.0,0.0126916975145425,Green,Green,Green
GJR-GARCH-t,FCHI,DtACI-projected-seed,1891,22.0,0.0116340560549973,Green,Green,Green
GJR-GARCH-t,FCHI,Rolling250,1891,19.0,0.0100475938656795,Green,Green,Green
GJR-GARCH-t,FCHI,Rolling500,1891,19.0,0.0100475938656795,Green,Green,Green
GJR-GARCH-t,FCHI,Selected-rolling,1891,19.0,0.0100475938656795,Green,Green,Green
GJR-GARCH-t,FCHI,Gate-selected-rolling,1891,19.0,0.0100475938656795,Green,Green,Green
GJR-GARCH-t,FCHI,Loss-gate,1891,31.0,0.0163934426229508,Yellow,Yellow,Yellow
GJR-GARCH-t,FCHI,Past-minimum,1891,19.0,0.0100475938656795,Green,Green,Green
GJR-GARCH-t,FCHI,DtACI-projected-expected,1891,22.350790344061338,0.011819561260741,,,
GJR-GARCH-t,FTSE100,Raw,1867,31.0,0.0166041778253883,Yellow,Yellow,Yellow
GJR-GARCH-t,FTSE100,Shift-CP,1867,16.0,0.0085698982324584,Green,Green,Green
GJR-GARCH-t,FTSE100,Shift-ERM,1867,16.0,0.0085698982324584,Green,Green,Green
GJR-GARCH-t,FTSE100,Vol-CP,1867,19.0,0.0101767541510444,Green,Green,Green
GJR-GARCH-t,FTSE100,Vol-ERM,1867,20.0,0.0107123727905731,Green,Green,Green
GJR-GARCH-t,FTSE100,State2-ERM,1867,16.0,0.0085698982324584,Green,Green,Green
GJR-GARCH-t,FTSE100,State4-ERM,1867,18.0,0.0096411355115158,Green,Green,Green
GJR-GARCH-t,FTSE100,State-L1,1867,16.0,0.0085698982324584,Green,Green,Green
GJR-GARCH-t,FTSE100,State-L1-clipped,1867,16.0,0.0085698982324584,Green,Green,Green
GJR-GARCH-t,FTSE100,POT-Shift,1867,17.0,0.0091055168719871,Green,Green,Green
GJR-GARCH-t,FTSE100,POT-Vol,1867,18.0,0.0096411355115158,Green,Green,Green
GJR-GARCH-t,FTSE100,ACI-existing,1867,22.0,0.0117836100696304,Green,Green,Green
GJR-GARCH-t,FTSE100,DtACI-projected-seed,1867,25.0,0.0133904659882163,Green,Green,Green
GJR-GARCH-t,FTSE100,Rolling250,1867,16.0,0.0085698982324584,Green,Green,Green
GJR-GARCH-t,FTSE100,Rolling500,1867,18.0,0.0096411355115158,Green,Green,Green
GJR-GARCH-t,FTSE100,Selected-rolling,1867,18.0,0.0096411355115158,Green,Green,Green
GJR-GARCH-t,FTSE100,Gate-selected-rolling,1867,18.0,0.0096411355115158,Green,Green,Green
GJR-GARCH-t,FTSE100,Loss-gate,1867,31.0,0.0166041778253883,Yellow,Yellow,Yellow
GJR-GARCH-t,FTSE100,Past-minimum,1867,16.0,0.0085698982324584,Green,Green,Green
GJR-GARCH-t,FTSE100,DtACI-projected-expected,1867,23.23328248327772,0.0124441791554781,,,
GJR-GARCH-t,GBPUSD,Raw,1621,26.0,0.0160394818013571,Yellow,Yellow,Yellow
GJR-GARCH-t,GBPUSD,Shift-CP,1621,15.0,0.0092535471930906,Green,Green,Green
GJR-GARCH-t,GBPUSD,Shift-ERM,1621,17.0,0.0104873534855027,Green,Green,Green
GJR-GARCH-t,GBPUSD,Vol-CP,1621,15.0,0.0092535471930906,Green,Green,Green
GJR-GARCH-t,GBPUSD,Vol-ERM,1621,17.0,0.0104873534855027,Green,Green,Green
GJR-GARCH-t,GBPUSD,State2-ERM,1621,17.0,0.0104873534855027,Green,Green,Green
GJR-GARCH-t,GBPUSD,State4-ERM,1621,20.0,0.0123380629241209,Green,Green,Green
GJR-GARCH-t,GBPUSD,State-L1,1621,17.0,0.0104873534855027,Green,Green,Green
GJR-GARCH-t,GBPUSD,State-L1-clipped,1621,17.0,0.0104873534855027,Green,Green,Green
GJR-GARCH-t,GBPUSD,POT-Shift,1621,17.0,0.0104873534855027,Green,Green,Green
GJR-GARCH-t,GBPUSD,POT-Vol,1621,17.0,0.0104873534855027,Green,Green,Green
GJR-GARCH-t,GBPUSD,ACI-existing,1621,20.0,0.0123380629241209,Green,Green,Green
GJR-GARCH-t,GBPUSD,DtACI-projected-seed,1621,19.0,0.0117211597779148,Green,Green,Green
GJR-GARCH-t,GBPUSD,Rolling250,1621,13.0,0.0080197409006785,Green,Green,Green
GJR-GARCH-t,GBPUSD,Rolling500,1621,15.0,0.0092535471930906,Green,Green,Green
GJR-GARCH-t,GBPUSD,Selected-rolling,1621,15.0,0.0092535471930906,Green,Green,Green
GJR-GARCH-t,GBPUSD,Gate-selected-rolling,1621,15.0,0.0092535471930906,Green,Green,Green
GJR-GARCH-t,GBPUSD,Loss-gate,1621,26.0,0.0160394818013571,Yellow,Yellow,Yellow
GJR-GARCH-t,GBPUSD,Past-minimum,1621,18.0,0.0111042566317088,Green,Green,Green
GJR-GARCH-t,GBPUSD,DtACI-projected-expected,1621,19.486268214510545,0.0120211401693464,,,
GJR-GARCH-t,GDAXI,Raw,1878,35.0,0.0186368477103301,Yellow,Yellow,Yellow
GJR-GARCH-t,GDAXI,Shift-CP,1878,29.0,0.0154419595314164,Green,Green,Yellow
GJR-GARCH-t,GDAXI,Shift-ERM,1878,29.0,0.0154419595314164,Green,Green,Yellow
GJR-GARCH-t,GDAXI,Vol-CP,1878,31.0,0.0165069222577209,Yellow,Yellow,Yellow
GJR-GARCH-t,GDAXI,Vol-ERM,1878,32.0,0.0170394036208732,Yellow,Yellow,Yellow
GJR-GARCH-t,GDAXI,State2-ERM,1878,26.0,0.0138445154419595,Green,Green,Yellow
GJR-GARCH-t,GDAXI,State4-ERM,1878,22.0,0.0117145899893503,Green,Green,Green
GJR-GARCH-t,GDAXI,State-L1,1878,29.0,0.0154419595314164,Green,Green,Yellow
GJR-GARCH-t,GDAXI,State-L1-clipped,1878,29.0,0.0154419595314164,Green,Green,Yellow
GJR-GARCH-t,GDAXI,POT-Shift,1878,26.0,0.0138445154419595,Green,Green,Yellow
GJR-GARCH-t,GDAXI,POT-Vol,1878,27.0,0.0143769968051118,Green,Green,Yellow
GJR-GARCH-t,GDAXI,ACI-existing,1878,23.0,0.0122470713525026,Green,Green,Green
GJR-GARCH-t,GDAXI,DtACI-projected-seed,1878,21.0,0.011182108626198,Green,Green,Green
GJR-GARCH-t,GDAXI,Rolling250,1878,13.0,0.0069222577209797,Green,Green,Green
GJR-GARCH-t,GDAXI,Rolling500,1878,21.0,0.011182108626198,Green,Green,Green
GJR-GARCH-t,GDAXI,Selected-rolling,1878,21.0,0.011182108626198,Green,Green,Green
GJR-GARCH-t,GDAXI,Gate-selected-rolling,1878,21.0,0.011182108626198,Green,Green,Green
GJR-GARCH-t,GDAXI,Loss-gate,1878,35.0,0.0186368477103301,Yellow,Yellow,Yellow
GJR-GARCH-t,GDAXI,Past-minimum,1878,32.0,0.0170394036208732,Yellow,Yellow,Yellow
GJR-GARCH-t,GDAXI,DtACI-projected-expected,1878,24.29979294021836,0.0129391868691258,,,
GJR-GARCH-t,GLD,Raw,1490,26.0,0.0174496644295302,Yellow,Yellow,Yellow
GJR-GARCH-t,GLD,Shift-CP,1490,17.0,0.0114093959731543,Green,Green,Green
GJR-GARCH-t,GLD,Shift-ERM,1490,17.0,0.0114093959731543,Green,Green,Green
GJR-GARCH-t,GLD,Vol-CP,1490,12.0,0.0080536912751677,Green,Green,Green
GJR-GARCH-t,GLD,Vol-ERM,1490,13.0,0.0087248322147651,Green,Green,Green
GJR-GARCH-t,GLD,State2-ERM,1490,19.0,0.0127516778523489,Green,Green,Green
GJR-GARCH-t,GLD,State4-ERM,1490,21.0,0.0140939597315436,Green,Green,Yellow
GJR-GARCH-t,GLD,State-L1,1490,19.0,0.0127516778523489,Green,Green,Green
GJR-GARCH-t,GLD,State-L1-clipped,1490,19.0,0.0127516778523489,Green,Green,Green
GJR-GARCH-t,GLD,POT-Shift,1490,17.0,0.0114093959731543,Green,Green,Green
GJR-GARCH-t,GLD,POT-Vol,1490,13.0,0.0087248322147651,Green,Green,Green
GJR-GARCH-t,GLD,ACI-existing,1490,18.0,0.0120805369127516,Green,Green,Green
GJR-GARCH-t,GLD,DtACI-projected-seed,1490,16.0,0.010738255033557,Green,Green,Green
GJR-GARCH-t,GLD,Rolling250,1490,9.0,0.0060402684563758,Green,Green,Green
GJR-GARCH-t,GLD,Rolling500,1490,13.0,0.0087248322147651,Green,Green,Green
GJR-GARCH-t,GLD,Selected-rolling,1490,13.0,0.0087248322147651,Green,Green,Green
GJR-GARCH-t,GLD,Gate-selected-rolling,1490,13.0,0.0087248322147651,Green,Green,Green
GJR-GARCH-t,GLD,Loss-gate,1490,26.0,0.0174496644295302,Yellow,Yellow,Yellow
GJR-GARCH-t,GLD,Past-minimum,1490,13.0,0.0087248322147651,Green,Green,Green
GJR-GARCH-t,GLD,DtACI-projected-expected,1490,16.070130298788293,0.01078532234818,,,
GJR-GARCH-t,HSI,Raw,1817,22.0,0.0121078701155751,Green,Green,Green
GJR-GARCH-t,HSI,Shift-CP,1817,17.0,0.0093560814529444,Green,Green,Green
GJR-GARCH-t,HSI,Shift-ERM,1817,17.0,0.0093560814529444,Green,Green,Green
GJR-GARCH-t,HSI,Vol-CP,1817,16.0,0.0088057237204182,Green,Green,Green
GJR-GARCH-t,HSI,Vol-ERM,1817,18.0,0.0099064391854705,Green,Green,Green
GJR-GARCH-t,HSI,State2-ERM,1817,16.0,0.0088057237204182,Green,Green,Green
GJR-GARCH-t,HSI,State4-ERM,1817,15.0,0.0082553659878921,Green,Green,Green
GJR-GARCH-t,HSI,State-L1,1817,16.0,0.0088057237204182,Green,Green,Green
GJR-GARCH-t,HSI,State-L1-clipped,1817,16.0,0.0088057237204182,Green,Green,Green
GJR-GARCH-t,HSI,POT-Shift,1817,15.0,0.0082553659878921,Green,Green,Green
GJR-GARCH-t,HSI,POT-Vol,1817,14.0,0.0077050082553659,Green,Green,Green
GJR-GARCH-t,HSI,ACI-existing,1817,20.0,0.0110071546505228,Green,Green,Green
GJR-GARCH-t,HSI,DtACI-projected-seed,1817,26.0,0.0143093010456796,Green,Green,Yellow
GJR-GARCH-t,HSI,Rolling250,1817,16.0,0.0088057237204182,Green,Green,Green
GJR-GARCH-t,HSI,Rolling500,1817,18.0,0.0099064391854705,Green,Green,Green
GJR-GARCH-t,HSI,Selected-rolling,1817,18.0,0.0099064391854705,Green,Green,Green
GJR-GARCH-t,HSI,Gate-selected-rolling,1817,18.0,0.0099064391854705,Green,Green,Green
GJR-GARCH-t,HSI,Loss-gate,1817,22.0,0.0121078701155751,Green,Green,Green
GJR-GARCH-t,HSI,Past-minimum,1817,17.0,0.0093560814529444,Green,Green,Green
GJR-GARCH-t,HSI,DtACI-projected-expected,1817,22.14660383533743,0.012188554669971,,,
GJR-GARCH-t,IBGL,Raw,1260,18.0,0.0142857142857142,Green,Green,Green
GJR-GARCH-t,IBGL,Shift-CP,1260,9.0,0.0071428571428571,Green,Green,Green
GJR-GARCH-t,IBGL,Shift-ERM,1260,9.0,0.0071428571428571,Green,Green,Green
GJR-GARCH-t,IBGL,Vol-CP,1260,11.0,0.0087301587301587,Green,Green,Green
GJR-GARCH-t,IBGL,Vol-ERM,1260,11.0,0.0087301587301587,Green,Green,Green
GJR-GARCH-t,IBGL,State2-ERM,1260,11.0,0.0087301587301587,Green,Green,Green
GJR-GARCH-t,IBGL,State4-ERM,1260,10.0,0.0079365079365079,Green,Green,Green
GJR-GARCH-t,IBGL,State-L1,1260,11.0,0.0087301587301587,Green,Green,Green
GJR-GARCH-t,IBGL,State-L1-clipped,1260,11.0,0.0087301587301587,Green,Green,Green
GJR-GARCH-t,IBGL,POT-Shift,1260,13.0,0.0103174603174603,Green,Green,Green
GJR-GARCH-t,IBGL,POT-Vol,1260,14.0,0.0111111111111111,Green,Green,Green
GJR-GARCH-t,IBGL,ACI-existing,1260,14.0,0.0111111111111111,Green,Green,Green
GJR-GARCH-t,IBGL,DtACI-projected-seed,1260,14.0,0.0111111111111111,Green,Green,Green
GJR-GARCH-t,IBGL,Rolling250,1260,11.0,0.0087301587301587,Green,Green,Green
GJR-GARCH-t,IBGL,Rolling500,1260,17.0,0.0134920634920634,Green,Green,Green
GJR-GARCH-t,IBGL,Selected-rolling,1260,17.0,0.0134920634920634,Green,Green,Green
GJR-GARCH-t,IBGL,Gate-selected-rolling,1260,17.0,0.0134920634920634,Green,Green,Green
GJR-GARCH-t,IBGL,Loss-gate,1260,18.0,0.0142857142857142,Green,Green,Green
GJR-GARCH-t,IBGL,Past-minimum,1260,18.0,0.0142857142857142,Green,Green,Green
GJR-GARCH-t,IBGL,DtACI-projected-expected,1260,17.343772386289174,0.0137648987192771,,,
GJR-GARCH-t,ICLN,Raw,1219,10.0,0.0082034454470877,Green,Green,Green
GJR-GARCH-t,ICLN,Shift-CP,1219,10.0,0.0082034454470877,Green,Green,Green
GJR-GARCH-t,ICLN,Shift-ERM,1219,10.0,0.0082034454470877,Green,Green,Green
GJR-GARCH-t,ICLN,Vol-CP,1219,9.0,0.0073831009023789,Green,Green,Green
GJR-GARCH-t,ICLN,Vol-ERM,1219,10.0,0.0082034454470877,Green,Green,Green
GJR-GARCH-t,ICLN,State2-ERM,1219,10.0,0.0082034454470877,Green,Green,Green
GJR-GARCH-t,ICLN,State4-ERM,1219,10.0,0.0082034454470877,Green,Green,Green
GJR-GARCH-t,ICLN,State-L1,1219,10.0,0.0082034454470877,Green,Green,Green
GJR-GARCH-t,ICLN,State-L1-clipped,1219,10.0,0.0082034454470877,Green,Green,Green
GJR-GARCH-t,ICLN,POT-Shift,1219,10.0,0.0082034454470877,Green,Green,Green
GJR-GARCH-t,ICLN,POT-Vol,1219,9.0,0.0073831009023789,Green,Green,Green
GJR-GARCH-t,ICLN,ACI-existing,1219,15.0,0.0123051681706316,Green,Green,Green
GJR-GARCH-t,ICLN,DtACI-projected-seed,1219,14.0,0.0114848236259228,Green,Green,Green
GJR-GARCH-t,ICLN,Rolling250,1219,11.0,0.0090237899917965,Green,Green,Green
GJR-GARCH-t,ICLN,Rolling500,1219,11.0,0.0090237899917965,Green,Green,Green
GJR-GARCH-t,ICLN,Selected-rolling,1219,11.0,0.0090237899917965,Green,Green,Green
GJR-GARCH-t,ICLN,Gate-selected-rolling,1219,11.0,0.0090237899917965,Green,Green,Green
GJR-GARCH-t,ICLN,Loss-gate,1219,10.0,0.0082034454470877,Green,Green,Green
GJR-GARCH-t,ICLN,Past-minimum,1219,10.0,0.0082034454470877,Green,Green,Green
GJR-GARCH-t,ICLN,DtACI-projected-expected,1219,14.964066747041098,0.0122756905225931,,,
GJR-GARCH-t,NIFTY,Raw,1242,16.0,0.0128824476650563,Green,Green,Green
GJR-GARCH-t,NIFTY,Shift-CP,1242,11.0,0.0088566827697262,Green,Green,Green
GJR-GARCH-t,NIFTY,Shift-ERM,1242,11.0,0.0088566827697262,Green,Green,Green
GJR-GARCH-t,NIFTY,Vol-CP,1242,10.0,0.0080515297906602,Green,Green,Green
GJR-GARCH-t,NIFTY,Vol-ERM,1242,11.0,0.0088566827697262,Green,Green,Green
GJR-GARCH-t,NIFTY,State2-ERM,1242,11.0,0.0088566827697262,Green,Green,Green
GJR-GARCH-t,NIFTY,State4-ERM,1242,13.0,0.0104669887278582,Green,Green,Green
GJR-GARCH-t,NIFTY,State-L1,1242,11.0,0.0088566827697262,Green,Green,Green
GJR-GARCH-t,NIFTY,State-L1-clipped,1242,11.0,0.0088566827697262,Green,Green,Green
GJR-GARCH-t,NIFTY,POT-Shift,1242,11.0,0.0088566827697262,Green,Green,Green
GJR-GARCH-t,NIFTY,POT-Vol,1242,11.0,0.0088566827697262,Green,Green,Green
GJR-GARCH-t,NIFTY,ACI-existing,1242,17.0,0.0136876006441223,Green,Green,Green
GJR-GARCH-t,NIFTY,DtACI-projected-seed,1242,14.0,0.0112721417069243,Green,Green,Green
GJR-GARCH-t,NIFTY,Rolling250,1242,11.0,0.0088566827697262,Green,Green,Green
GJR-GARCH-t,NIFTY,Rolling500,1242,9.0,0.0072463768115942,Green,Green,Green
GJR-GARCH-t,NIFTY,Selected-rolling,1242,11.0,0.0088566827697262,Green,Green,Green
GJR-GARCH-t,NIFTY,Gate-selected-rolling,1242,11.0,0.0088566827697262,Green,Green,Green
GJR-GARCH-t,NIFTY,Loss-gate,1242,16.0,0.0128824476650563,Green,Green,Green
GJR-GARCH-t,NIFTY,Past-minimum,1242,13.0,0.0104669887278582,Green,Green,Green
GJR-GARCH-t,NIFTY,DtACI-projected-expected,1242,14.833351255738805,0.0119431169530908,,,
GJR-GARCH-t,NIKKEI,Raw,1806,28.0,0.0155038759689922,Green,Green,Yellow
GJR-GARCH-t,NIKKEI,Shift-CP,1806,15.0,0.0083056478405315,Green,Green,Green
GJR-GARCH-t,NIKKEI,Shift-ERM,1806,15.0,0.0083056478405315,Green,Green,Green
GJR-GARCH-t,NIKKEI,Vol-CP,1806,16.0,0.0088593576965669,Green,Green,Green
GJR-GARCH-t,NIKKEI,Vol-ERM,1806,17.0,0.0094130675526024,Green,Green,Green
GJR-GARCH-t,NIKKEI,State2-ERM,1806,16.0,0.0088593576965669,Green,Green,Green
GJR-GARCH-t,NIKKEI,State4-ERM,1806,15.0,0.0083056478405315,Green,Green,Green
GJR-GARCH-t,NIKKEI,State-L1,1806,15.0,0.0083056478405315,Green,Green,Green
GJR-GARCH-t,NIKKEI,State-L1-clipped,1806,15.0,0.0083056478405315,Green,Green,Green
GJR-GARCH-t,NIKKEI,POT-Shift,1806,14.0,0.0077519379844961,Green,Green,Green
GJR-GARCH-t,NIKKEI,POT-Vol,1806,13.0,0.0071982281284606,Green,Green,Green
GJR-GARCH-t,NIKKEI,ACI-existing,1806,21.0,0.0116279069767441,Green,Green,Green
GJR-GARCH-t,NIKKEI,DtACI-projected-seed,1806,23.0,0.012735326688815,Green,Green,Green
GJR-GARCH-t,NIKKEI,Rolling250,1806,12.0,0.0066445182724252,Green,Green,Green
GJR-GARCH-t,NIKKEI,Rolling500,1806,15.0,0.0083056478405315,Green,Green,Green
GJR-GARCH-t,NIKKEI,Selected-rolling,1806,15.0,0.0083056478405315,Green,Green,Green
GJR-GARCH-t,NIKKEI,Gate-selected-rolling,1806,15.0,0.0083056478405315,Green,Green,Green
GJR-GARCH-t,NIKKEI,Loss-gate,1806,18.0,0.0099667774086378,Green,Green,Green
GJR-GARCH-t,NIKKEI,Past-minimum,1806,18.0,0.0099667774086378,Green,Green,Green
GJR-GARCH-t,NIKKEI,DtACI-projected-expected,1806,20.0845030369748,0.0111209872851466,,,
GJR-GARCH-t,SP500,Raw,1858,32.0,0.0172228202368137,Yellow,Yellow,Yellow
GJR-GARCH-t,SP500,Shift-CP,1858,24.0,0.0129171151776103,Green,Green,Green
GJR-GARCH-t,SP500,Shift-ERM,1858,24.0,0.0129171151776103,Green,Green,Green
GJR-GARCH-t,SP500,Vol-CP,1858,26.0,0.0139935414424111,Green,Green,Yellow
GJR-GARCH-t,SP500,Vol-ERM,1858,28.0,0.015069967707212,Green,Green,Yellow
GJR-GARCH-t,SP500,State2-ERM,1858,23.0,0.0123789020452099,Green,Green,Green
GJR-GARCH-t,SP500,State4-ERM,1858,24.0,0.0129171151776103,Green,Green,Green
GJR-GARCH-t,SP500,State-L1,1858,24.0,0.0129171151776103,Green,Green,Green
GJR-GARCH-t,SP500,State-L1-clipped,1858,24.0,0.0129171151776103,Green,Green,Green
GJR-GARCH-t,SP500,POT-Shift,1858,23.0,0.0123789020452099,Green,Green,Green
GJR-GARCH-t,SP500,POT-Vol,1858,25.0,0.0134553283100107,Green,Green,Green
GJR-GARCH-t,SP500,ACI-existing,1858,22.0,0.0118406889128094,Green,Green,Green
GJR-GARCH-t,SP500,DtACI-projected-seed,1858,24.0,0.0129171151776103,Green,Green,Green
GJR-GARCH-t,SP500,Rolling250,1858,14.0,0.007534983853606,Green,Green,Green
GJR-GARCH-t,SP500,Rolling500,1858,18.0,0.0096878363832077,Green,Green,Green
GJR-GARCH-t,SP500,Selected-rolling,1858,18.0,0.0096878363832077,Green,Green,Green
GJR-GARCH-t,SP500,Gate-selected-rolling,1858,18.0,0.0096878363832077,Green,Green,Green
GJR-GARCH-t,SP500,Loss-gate,1858,26.0,0.0139935414424111,Green,Green,Yellow
GJR-GARCH-t,SP500,Past-minimum,1858,18.0,0.0096878363832077,Green,Green,Green
GJR-GARCH-t,SP500,DtACI-projected-expected,1858,21.93485083229561,0.011805624775186,,,
GJR-GARCH-t,STOXX,Raw,1532,26.0,0.0169712793733681,Yellow,Yellow,Yellow
GJR-GARCH-t,STOXX,Shift-CP,1532,18.0,0.0117493472584856,Green,Green,Green
GJR-GARCH-t,STOXX,Shift-ERM,1532,19.0,0.0124020887728459,Green,Green,Green
GJR-GARCH-t,STOXX,Vol-CP,1532,19.0,0.0124020887728459,Green,Green,Green
GJR-GARCH-t,STOXX,Vol-ERM,1532,21.0,0.0137075718015665,Green,Green,Green
GJR-GARCH-t,STOXX,State2-ERM,1532,19.0,0.0124020887728459,Green,Green,Green
GJR-GARCH-t,STOXX,State4-ERM,1532,19.0,0.0124020887728459,Green,Green,Green
GJR-GARCH-t,STOXX,State-L1,1532,19.0,0.0124020887728459,Green,Green,Green
GJR-GARCH-t,STOXX,State-L1-clipped,1532,19.0,0.0124020887728459,Green,Green,Green
GJR-GARCH-t,STOXX,POT-Shift,1532,17.0,0.0110966057441253,Green,Green,Green
GJR-GARCH-t,STOXX,POT-Vol,1532,17.0,0.0110966057441253,Green,Green,Green
GJR-GARCH-t,STOXX,ACI-existing,1532,16.0,0.010443864229765,Green,Green,Green
GJR-GARCH-t,STOXX,DtACI-projected-seed,1532,18.0,0.0117493472584856,Green,Green,Green
GJR-GARCH-t,STOXX,Rolling250,1532,10.0,0.0065274151436031,Green,Green,Green
GJR-GARCH-t,STOXX,Rolling500,1532,11.0,0.0071801566579634,Green,Green,Green
GJR-GARCH-t,STOXX,Selected-rolling,1532,11.0,0.0071801566579634,Green,Green,Green
GJR-GARCH-t,STOXX,Gate-selected-rolling,1532,11.0,0.0071801566579634,Green,Green,Green
GJR-GARCH-t,STOXX,Loss-gate,1532,26.0,0.0169712793733681,Yellow,Yellow,Yellow
GJR-GARCH-t,STOXX,Past-minimum,1532,22.0,0.0143603133159268,Green,Green,Yellow
GJR-GARCH-t,STOXX,DtACI-projected-expected,1532,15.682459205047364,0.0102365921703964,,,
GJR-GARCH-t,TLT,Raw,1665,22.0,0.0132132132132132,Green,Green,Green
GJR-GARCH-t,TLT,Shift-CP,1665,16.0,0.0096096096096096,Green,Green,Green
GJR-GARCH-t,TLT,Shift-ERM,1665,18.0,0.0108108108108108,Green,Green,Green
GJR-GARCH-t,TLT,Vol-CP,1665,17.0,0.0102102102102102,Green,Green,Green
GJR-GARCH-t,TLT,Vol-ERM,1665,20.0,0.012012012012012,Green,Green,Green
GJR-GARCH-t,TLT,State2-ERM,1665,19.0,0.0114114114114114,Green,Green,Green
GJR-GARCH-t,TLT,State4-ERM,1665,29.0,0.0174174174174174,Yellow,Yellow,Yellow
GJR-GARCH-t,TLT,State-L1,1665,19.0,0.0114114114114114,Green,Green,Green
GJR-GARCH-t,TLT,State-L1-clipped,1665,19.0,0.0114114114114114,Green,Green,Green
GJR-GARCH-t,TLT,POT-Shift,1665,16.0,0.0096096096096096,Green,Green,Green
GJR-GARCH-t,TLT,POT-Vol,1665,16.0,0.0096096096096096,Green,Green,Green
GJR-GARCH-t,TLT,ACI-existing,1665,22.0,0.0132132132132132,Green,Green,Green
GJR-GARCH-t,TLT,DtACI-projected-seed,1665,15.0,0.009009009009009,Green,Green,Green
GJR-GARCH-t,TLT,Rolling250,1665,15.0,0.009009009009009,Green,Green,Green
GJR-GARCH-t,TLT,Rolling500,1665,17.0,0.0102102102102102,Green,Green,Green
GJR-GARCH-t,TLT,Selected-rolling,1665,17.0,0.0102102102102102,Green,Green,Green
GJR-GARCH-t,TLT,Gate-selected-rolling,1665,22.0,0.0132132132132132,Green,Green,Green
GJR-GARCH-t,TLT,Loss-gate,1665,22.0,0.0132132132132132,Green,Green,Green
GJR-GARCH-t,TLT,Past-minimum,1665,22.0,0.0132132132132132,Green,Green,Green
GJR-GARCH-t,TLT,DtACI-projected-expected,1665,19.09415538482076,0.0114679611920845,,,
GJR-GARCH-t,UNG,Raw,1309,13.0,0.0099312452253628,Green,Green,Green
GJR-GARCH-t,UNG,Shift-CP,1309,10.0,0.0076394194041252,Green,Green,Green
GJR-GARCH-t,UNG,Shift-ERM,1309,10.0,0.0076394194041252,Green,Green,Green
GJR-GARCH-t,UNG,Vol-CP,1309,9.0,0.0068754774637127,Green,Green,Green
GJR-GARCH-t,UNG,Vol-ERM,1309,9.0,0.0068754774637127,Green,Green,Green
GJR-GARCH-t,UNG,State2-ERM,1309,11.0,0.0084033613445378,Green,Green,Green
GJR-GARCH-t,UNG,State4-ERM,1309,10.0,0.0076394194041252,Green,Green,Green
GJR-GARCH-t,UNG,State-L1,1309,11.0,0.0084033613445378,Green,Green,Green
GJR-GARCH-t,UNG,State-L1-clipped,1309,11.0,0.0084033613445378,Green,Green,Green
GJR-GARCH-t,UNG,POT-Shift,1309,11.0,0.0084033613445378,Green,Green,Green
GJR-GARCH-t,UNG,POT-Vol,1309,12.0,0.0091673032849503,Green,Green,Green
GJR-GARCH-t,UNG,ACI-existing,1309,16.0,0.0122230710466004,Green,Green,Green
GJR-GARCH-t,UNG,DtACI-projected-seed,1309,19.0,0.014514896867838,Green,Green,Yellow
GJR-GARCH-t,UNG,Rolling250,1309,10.0,0.0076394194041252,Green,Green,Green
GJR-GARCH-t,UNG,Rolling500,1309,16.0,0.0122230710466004,Green,Green,Green
GJR-GARCH-t,UNG,Selected-rolling,1309,16.0,0.0122230710466004,Green,Green,Green
GJR-GARCH-t,UNG,Gate-selected-rolling,1309,13.0,0.0099312452253628,Green,Green,Green
GJR-GARCH-t,UNG,Loss-gate,1309,13.0,0.0099312452253628,Green,Green,Green
GJR-GARCH-t,UNG,Past-minimum,1309,10.0,0.0076394194041252,Green,Green,Green
GJR-GARCH-t,UNG,DtACI-projected-expected,1309,17.08805713716507,0.013054283527246,,,
GJR-GARCH-t,USDJPY,Raw,1923,25.0,0.0130005200208008,Green,Green,Green
GJR-GARCH-t,USDJPY,Shift-CP,1923,19.0,0.0098803952158086,Green,Green,Green
GJR-GARCH-t,USDJPY,Shift-ERM,1923,21.0,0.0109204368174727,Green,Green,Green
GJR-GARCH-t,USDJPY,Vol-CP,1923,22.0,0.0114404576183047,Green,Green,Green
GJR-GARCH-t,USDJPY,Vol-ERM,1923,23.0,0.0119604784191367,Green,Green,Green
GJR-GARCH-t,USDJPY,State2-ERM,1923,24.0,0.0124804992199688,Green,Green,Green
GJR-GARCH-t,USDJPY,State4-ERM,1923,24.0,0.0124804992199688,Green,Green,Green
GJR-GARCH-t,USDJPY,State-L1,1923,24.0,0.0124804992199688,Green,Green,Green
GJR-GARCH-t,USDJPY,State-L1-clipped,1923,24.0,0.0124804992199688,Green,Green,Green
GJR-GARCH-t,USDJPY,POT-Shift,1923,19.0,0.0098803952158086,Green,Green,Green
GJR-GARCH-t,USDJPY,POT-Vol,1923,20.0,0.0104004160166406,Green,Green,Green
GJR-GARCH-t,USDJPY,ACI-existing,1923,24.0,0.0124804992199688,Green,Green,Green
GJR-GARCH-t,USDJPY,DtACI-projected-seed,1923,25.0,0.0130005200208008,Green,Green,Green
GJR-GARCH-t,USDJPY,Rolling250,1923,16.0,0.0083203328133125,Green,Green,Green
GJR-GARCH-t,USDJPY,Rolling500,1923,22.0,0.0114404576183047,Green,Green,Green
GJR-GARCH-t,USDJPY,Selected-rolling,1923,22.0,0.0114404576183047,Green,Green,Green
GJR-GARCH-t,USDJPY,Gate-selected-rolling,1923,25.0,0.0130005200208008,Green,Green,Green
GJR-GARCH-t,USDJPY,Loss-gate,1923,25.0,0.0130005200208008,Green,Green,Green
GJR-GARCH-t,USDJPY,Past-minimum,1923,25.0,0.0130005200208008,Green,Green,Green
GJR-GARCH-t,USDJPY,DtACI-projected-expected,1923,24.740293550699363,0.0128654672650542,,,
GJR-GARCH-t,USO,Raw,1386,27.0,0.0194805194805194,Yellow,Yellow,Yellow
GJR-GARCH-t,USO,Shift-CP,1386,11.0,0.0079365079365079,Green,Green,Green
GJR-GARCH-t,USO,Shift-ERM,1386,11.0,0.0079365079365079,Green,Green,Green
GJR-GARCH-t,USO,Vol-CP,1386,9.0,0.0064935064935064,Green,Green,Green
GJR-GARCH-t,USO,Vol-ERM,1386,13.0,0.0093795093795093,Green,Green,Green
GJR-GARCH-t,USO,State2-ERM,1386,16.0,0.0115440115440115,Green,Green,Green
GJR-GARCH-t,USO,State4-ERM,1386,16.0,0.0115440115440115,Green,Green,Green
GJR-GARCH-t,USO,State-L1,1386,11.0,0.0079365079365079,Green,Green,Green
GJR-GARCH-t,USO,State-L1-clipped,1386,11.0,0.0079365079365079,Green,Green,Green
GJR-GARCH-t,USO,POT-Shift,1386,11.0,0.0079365079365079,Green,Green,Green
GJR-GARCH-t,USO,POT-Vol,1386,12.0,0.0086580086580086,Green,Green,Green
GJR-GARCH-t,USO,ACI-existing,1386,16.0,0.0115440115440115,Green,Green,Green
GJR-GARCH-t,USO,DtACI-projected-seed,1386,17.0,0.0122655122655122,Green,Green,Green
GJR-GARCH-t,USO,Rolling250,1386,12.0,0.0086580086580086,Green,Green,Green
GJR-GARCH-t,USO,Rolling500,1386,15.0,0.0108225108225108,Green,Green,Green
GJR-GARCH-t,USO,Selected-rolling,1386,15.0,0.0108225108225108,Green,Green,Green
GJR-GARCH-t,USO,Gate-selected-rolling,1386,15.0,0.0108225108225108,Green,Green,Green
GJR-GARCH-t,USO,Loss-gate,1386,27.0,0.0194805194805194,Yellow,Yellow,Yellow
GJR-GARCH-t,USO,Past-minimum,1386,11.0,0.0079365079365079,Green,Green,Green
GJR-GARCH-t,USO,DtACI-projected-expected,1386,17.660849251318197,0.0127423154771415,,,
GARCH-N,ASX200,Raw,1868,53.0,0.0283725910064239,Yellow,Yellow,Red
GARCH-N,ASX200,Shift-CP,1868,31.0,0.0165952890792291,Yellow,Yellow,Yellow
GARCH-N,ASX200,Shift-ERM,1868,32.0,0.0171306209850107,Yellow,Yellow,Yellow
GARCH-N,ASX200,Vol-CP,1868,31.0,0.0165952890792291,Yellow,Yellow,Yellow
GARCH-N,ASX200,Vol-ERM,1868,36.0,0.019271948608137,Yellow,Yellow,Yellow
GARCH-N,ASX200,State2-ERM,1868,32.0,0.0171306209850107,Yellow,Yellow,Yellow
GARCH-N,ASX200,State4-ERM,1868,31.0,0.0165952890792291,Yellow,Yellow,Yellow
GARCH-N,ASX200,State-L1,1868,31.0,0.0165952890792291,Yellow,Yellow,Yellow
GARCH-N,ASX200,State-L1-clipped,1868,31.0,0.0165952890792291,Yellow,Yellow,Yellow
GARCH-N,ASX200,POT-Shift,1868,30.0,0.0160599571734475,Yellow,Yellow,Yellow
GARCH-N,ASX200,POT-Vol,1868,27.0,0.0144539614561027,Green,Green,Yellow
GARCH-N,ASX200,ACI-existing,1868,23.0,0.0123126338329764,Green,Green,Green
GARCH-N,ASX200,DtACI-projected-seed,1868,24.0,0.012847965738758,Green,Green,Green
GARCH-N,ASX200,Rolling250,1868,17.0,0.0091006423982869,Green,Green,Green
GARCH-N,ASX200,Rolling500,1868,23.0,0.0123126338329764,Green,Green,Green
GARCH-N,ASX200,Selected-rolling,1868,23.0,0.0123126338329764,Green,Green,Green
GARCH-N,ASX200,Gate-selected-rolling,1868,23.0,0.0123126338329764,Green,Green,Green
GARCH-N,ASX200,Loss-gate,1868,53.0,0.0283725910064239,Yellow,Yellow,Red
GARCH-N,ASX200,Past-minimum,1868,33.0,0.0176659528907922,Yellow,Yellow,Yellow
GARCH-N,ASX200,DtACI-projected-expected,1868,23.967249984195885,0.0128304336103832,,,
GARCH-N,AUDUSD,Raw,1430,20.0,0.0139860139860139,Green,Green,Green
GARCH-N,AUDUSD,Shift-CP,1430,9.0,0.0062937062937062,Green,Green,Green
GARCH-N,AUDUSD,Shift-ERM,1430,9.0,0.0062937062937062,Green,Green,Green
GARCH-N,AUDUSD,Vol-CP,1430,8.0,0.0055944055944055,Green,Green,Green
GARCH-N,AUDUSD,Vol-ERM,1430,8.0,0.0055944055944055,Green,Green,Green
GARCH-N,AUDUSD,State2-ERM,1430,6.0,0.0041958041958041,Green,Green,Green
GARCH-N,AUDUSD,State4-ERM,1430,10.0,0.0069930069930069,Green,Green,Green
GARCH-N,AUDUSD,State-L1,1430,9.0,0.0062937062937062,Green,Green,Green
GARCH-N,AUDUSD,State-L1-clipped,1430,9.0,0.0062937062937062,Green,Green,Green
GARCH-N,AUDUSD,POT-Shift,1430,9.0,0.0062937062937062,Green,Green,Green
GARCH-N,AUDUSD,POT-Vol,1430,9.0,0.0062937062937062,Green,Green,Green
GARCH-N,AUDUSD,ACI-existing,1430,17.0,0.0118881118881118,Green,Green,Green
GARCH-N,AUDUSD,DtACI-projected-seed,1430,14.0,0.0097902097902097,Green,Green,Green
GARCH-N,AUDUSD,Rolling250,1430,12.0,0.0083916083916083,Green,Green,Green
GARCH-N,AUDUSD,Rolling500,1430,13.0,0.009090909090909,Green,Green,Green
GARCH-N,AUDUSD,Selected-rolling,1430,13.0,0.009090909090909,Green,Green,Green
GARCH-N,AUDUSD,Gate-selected-rolling,1430,13.0,0.009090909090909,Green,Green,Green
GARCH-N,AUDUSD,Loss-gate,1430,20.0,0.0139860139860139,Green,Green,Green
GARCH-N,AUDUSD,Past-minimum,1430,5.0,0.0034965034965034,Green,Green,Green
GARCH-N,AUDUSD,DtACI-projected-expected,1430,16.12921303482564,0.0112791699544235,,,
GARCH-N,BOVESPA,Raw,1829,32.0,0.0174958993985784,Yellow,Yellow,Yellow
GARCH-N,BOVESPA,Shift-CP,1829,18.0,0.0098414434117003,Green,Green,Green
GARCH-N,BOVESPA,Shift-ERM,1829,20.0,0.0109349371241115,Green,Green,Green
GARCH-N,BOVESPA,Vol-CP,1829,21.0,0.0114816839803171,Green,Green,Green
GARCH-N,BOVESPA,Vol-ERM,1829,22.0,0.0120284308365226,Green,Green,Green
GARCH-N,BOVESPA,State2-ERM,1829,19.0,0.0103881902679059,Green,Green,Green
GARCH-N,BOVESPA,State4-ERM,1829,20.0,0.0109349371241115,Green,Green,Green
GARCH-N,BOVESPA,State-L1,1829,20.0,0.0109349371241115,Green,Green,Green
GARCH-N,BOVESPA,State-L1-clipped,1829,20.0,0.0109349371241115,Green,Green,Green
GARCH-N,BOVESPA,POT-Shift,1829,18.0,0.0098414434117003,Green,Green,Green
GARCH-N,BOVESPA,POT-Vol,1829,22.0,0.0120284308365226,Green,Green,Green
GARCH-N,BOVESPA,ACI-existing,1829,23.0,0.0125751776927282,Green,Green,Green
GARCH-N,BOVESPA,DtACI-projected-seed,1829,23.0,0.0125751776927282,Green,Green,Green
GARCH-N,BOVESPA,Rolling250,1829,12.0,0.0065609622744669,Green,Green,Green
GARCH-N,BOVESPA,Rolling500,1829,18.0,0.0098414434117003,Green,Green,Green
GARCH-N,BOVESPA,Selected-rolling,1829,18.0,0.0098414434117003,Green,Green,Green
GARCH-N,BOVESPA,Gate-selected-rolling,1829,18.0,0.0098414434117003,Green,Green,Green
GARCH-N,BOVESPA,Loss-gate,1829,32.0,0.0174958993985784,Yellow,Yellow,Yellow
GARCH-N,BOVESPA,Past-minimum,1829,32.0,0.0174958993985784,Yellow,Yellow,Yellow
GARCH-N,BOVESPA,DtACI-projected-expected,1829,23.603735023258288,0.0129052679186759,,,
GARCH-N,BTC,Raw,1157,31.0,0.0267934312878133,Yellow,Yellow,Red
GARCH-N,BTC,Shift-CP,1157,3.0,0.0025929127052722,Green,Green,Green
GARCH-N,BTC,Shift-ERM,1157,3.0,0.0025929127052722,Green,Green,Green
GARCH-N,BTC,Vol-CP,1157,5.0,0.0043215211754537,Green,Green,Green
GARCH-N,BTC,Vol-ERM,1157,7.0,0.0060501296456352,Green,Green,Green
GARCH-N,BTC,State2-ERM,1157,4.0,0.003457216940363,Green,Green,Green
GARCH-N,BTC,State4-ERM,1157,3.0,0.0025929127052722,Green,Green,Green
GARCH-N,BTC,State-L1,1157,4.0,0.003457216940363,Green,Green,Green
GARCH-N,BTC,State-L1-clipped,1157,4.0,0.003457216940363,Green,Green,Green
GARCH-N,BTC,POT-Shift,1157,5.0,0.0043215211754537,Green,Green,Green
GARCH-N,BTC,POT-Vol,1157,5.0,0.0043215211754537,Green,Green,Green
GARCH-N,BTC,ACI-existing,1157,13.0,0.0112359550561797,Green,Green,Green
GARCH-N,BTC,DtACI-projected-seed,1157,16.0,0.013828867761452,Green,Green,Green
GARCH-N,BTC,Rolling250,1157,9.0,0.0077787381158167,Green,Green,Green
GARCH-N,BTC,Rolling500,1157,14.0,0.0121002592912705,Green,Green,Green
GARCH-N,BTC,Selected-rolling,1157,14.0,0.0121002592912705,Green,Green,Green
GARCH-N,BTC,Gate-selected-rolling,1157,14.0,0.0121002592912705,Green,Green,Green
GARCH-N,BTC,Loss-gate,1157,31.0,0.0267934312878133,Yellow,Yellow,Red
GARCH-N,BTC,Past-minimum,1157,3.0,0.0025929127052722,Green,Green,Green
GARCH-N,BTC,DtACI-projected-expected,1157,16.87792086386485,0.0145876584821649,,,
GARCH-N,CBU0,Raw,1010,14.0,0.0138613861386138,Green,Green,Green
GARCH-N,CBU0,Shift-CP,1010,10.0,0.0099009900990099,Green,Green,Green
GARCH-N,CBU0,Shift-ERM,1010,10.0,0.0099009900990099,Green,Green,Green
GARCH-N,CBU0,Vol-CP,1010,9.0,0.0089108910891089,Green,Green,Green
GARCH-N,CBU0,Vol-ERM,1010,10.0,0.0099009900990099,Green,Green,Green
GARCH-N,CBU0,State2-ERM,1010,12.0,0.0118811881188118,Green,Green,Green
GARCH-N,CBU0,State4-ERM,1010,11.0,0.0108910891089108,Green,Green,Green
GARCH-N,CBU0,State-L1,1010,10.0,0.0099009900990099,Green,Green,Green
GARCH-N,CBU0,State-L1-clipped,1010,10.0,0.0099009900990099,Green,Green,Green
GARCH-N,CBU0,POT-Shift,1010,9.0,0.0089108910891089,Green,Green,Green
GARCH-N,CBU0,POT-Vol,1010,0.0,0.0,Green,Green,Green
GARCH-N,CBU0,ACI-existing,1010,12.0,0.0118811881188118,Green,Green,Green
GARCH-N,CBU0,DtACI-projected-seed,1010,13.0,0.0128712871287128,Green,Green,Green
GARCH-N,CBU0,Rolling250,1010,9.0,0.0089108910891089,Green,Green,Green
GARCH-N,CBU0,Rolling500,1010,10.0,0.0099009900990099,Green,Green,Green
GARCH-N,CBU0,Selected-rolling,1010,10.0,0.0099009900990099,Green,Green,Green
GARCH-N,CBU0,Gate-selected-rolling,1010,10.0,0.0099009900990099,Green,Green,Green
GARCH-N,CBU0,Loss-gate,1010,14.0,0.0138613861386138,Green,Green,Green
GARCH-N,CBU0,Past-minimum,1010,10.0,0.0099009900990099,Green,Green,Green
GARCH-N,CBU0,DtACI-projected-expected,1010,12.45425436235992,0.0123309449132276,,,
GARCH-N,DJCI,Raw,765,14.0,0.0183006535947712,Yellow,Yellow,Yellow
GARCH-N,DJCI,Shift-CP,765,5.0,0.0065359477124183,Green,Green,Green
GARCH-N,DJCI,Shift-ERM,765,5.0,0.0065359477124183,Green,Green,Green
GARCH-N,DJCI,Vol-CP,765,4.0,0.0052287581699346,Green,Green,Green
GARCH-N,DJCI,Vol-ERM,765,4.0,0.0052287581699346,Green,Green,Green
GARCH-N,DJCI,State2-ERM,765,5.0,0.0065359477124183,Green,Green,Green
GARCH-N,DJCI,State4-ERM,765,4.0,0.0052287581699346,Green,Green,Green
GARCH-N,DJCI,State-L1,765,4.0,0.0052287581699346,Green,Green,Green
GARCH-N,DJCI,State-L1-clipped,765,4.0,0.0052287581699346,Green,Green,Green
GARCH-N,DJCI,POT-Shift,765,4.0,0.0052287581699346,Green,Green,Green
GARCH-N,DJCI,POT-Vol,765,4.0,0.0052287581699346,Green,Green,Green
GARCH-N,DJCI,ACI-existing,765,10.0,0.0130718954248366,Green,Green,Green
GARCH-N,DJCI,DtACI-projected-seed,765,14.0,0.0183006535947712,Yellow,Yellow,Yellow
GARCH-N,DJCI,Rolling250,765,7.0,0.0091503267973856,Green,Green,Green
GARCH-N,DJCI,Rolling500,765,9.0,0.0117647058823529,Green,Green,Green
GARCH-N,DJCI,Selected-rolling,765,8.0,0.0104575163398692,Green,Green,Green
GARCH-N,DJCI,Gate-selected-rolling,765,8.0,0.0104575163398692,Green,Green,Green
GARCH-N,DJCI,Loss-gate,765,14.0,0.0183006535947712,Yellow,Yellow,Yellow
GARCH-N,DJCI,Past-minimum,765,4.0,0.0052287581699346,Green,Green,Green
GARCH-N,DJCI,DtACI-projected-expected,765,11.004811371780844,0.0143853743421971,,,
GARCH-N,ETH,Raw,812,18.0,0.022167487684729,Yellow,Yellow,Yellow
GARCH-N,ETH,Shift-CP,812,6.0,0.0073891625615763,Green,Green,Green
GARCH-N,ETH,Shift-ERM,812,7.0,0.0086206896551724,Green,Green,Green
GARCH-N,ETH,Vol-CP,812,7.0,0.0086206896551724,Green,Green,Green
GARCH-N,ETH,Vol-ERM,812,7.0,0.0086206896551724,Green,Green,Green
GARCH-N,ETH,State2-ERM,812,7.0,0.0086206896551724,Green,Green,Green
GARCH-N,ETH,State4-ERM,812,8.0,0.0098522167487684,Green,Green,Green
GARCH-N,ETH,State-L1,812,8.0,0.0098522167487684,Green,Green,Green
GARCH-N,ETH,State-L1-clipped,812,8.0,0.0098522167487684,Green,Green,Green
GARCH-N,ETH,POT-Shift,812,7.0,0.0086206896551724,Green,Green,Green
GARCH-N,ETH,POT-Vol,812,7.0,0.0086206896551724,Green,Green,Green
GARCH-N,ETH,ACI-existing,812,12.0,0.0147783251231527,Green,Green,Green
GARCH-N,ETH,DtACI-projected-seed,812,13.0,0.0160098522167487,Yellow,Yellow,Yellow
GARCH-N,ETH,Rolling250,812,9.0,0.0110837438423645,Green,Green,Green
GARCH-N,ETH,Rolling500,812,10.0,0.0123152709359605,Green,Green,Green
GARCH-N,ETH,Selected-rolling,812,10.0,0.0123152709359605,Green,Green,Green
GARCH-N,ETH,Gate-selected-rolling,812,10.0,0.0123152709359605,Green,Green,Green
GARCH-N,ETH,Loss-gate,812,18.0,0.022167487684729,Yellow,Yellow,Yellow
GARCH-N,ETH,Past-minimum,812,18.0,0.022167487684729,Yellow,Yellow,Yellow
GARCH-N,ETH,DtACI-projected-expected,812,11.948868622803104,0.0147153554468018,,,
GARCH-N,EURUSD,Raw,1617,22.0,0.0136054421768707,Green,Green,Green
GARCH-N,EURUSD,Shift-CP,1617,14.0,0.0086580086580086,Green,Green,Green
GARCH-N,EURUSD,Shift-ERM,1617,14.0,0.0086580086580086,Green,Green,Green
GARCH-N,EURUSD,Vol-CP,1617,14.0,0.0086580086580086,Green,Green,Green
GARCH-N,EURUSD,Vol-ERM,1617,14.0,0.0086580086580086,Green,Green,Green
GARCH-N,EURUSD,State2-ERM,1617,16.0,0.0098948670377241,Green,Green,Green
GARCH-N,EURUSD,State4-ERM,1617,14.0,0.0086580086580086,Green,Green,Green
GARCH-N,EURUSD,State-L1,1617,16.0,0.0098948670377241,Green,Green,Green
GARCH-N,EURUSD,State-L1-clipped,1617,16.0,0.0098948670377241,Green,Green,Green
GARCH-N,EURUSD,POT-Shift,1617,14.0,0.0086580086580086,Green,Green,Green
GARCH-N,EURUSD,POT-Vol,1617,14.0,0.0086580086580086,Green,Green,Green
GARCH-N,EURUSD,ACI-existing,1617,19.0,0.0117501546072974,Green,Green,Green
GARCH-N,EURUSD,DtACI-projected-seed,1617,17.0,0.0105132962275819,Green,Green,Green
GARCH-N,EURUSD,Rolling250,1617,14.0,0.0086580086580086,Green,Green,Green
GARCH-N,EURUSD,Rolling500,1617,15.0,0.0092764378478664,Green,Green,Green
GARCH-N,EURUSD,Selected-rolling,1617,15.0,0.0092764378478664,Green,Green,Green
GARCH-N,EURUSD,Gate-selected-rolling,1617,15.0,0.0092764378478664,Green,Green,Green
GARCH-N,EURUSD,Loss-gate,1617,22.0,0.0136054421768707,Green,Green,Green
GARCH-N,EURUSD,Past-minimum,1617,22.0,0.0136054421768707,Green,Green,Green
GARCH-N,EURUSD,DtACI-projected-expected,1617,18.63708474083988,0.011525717217588,,,
GARCH-N,FCHI,Raw,1891,47.0,0.0248545742993125,Yellow,Yellow,Red
GARCH-N,FCHI,Shift-CP,1891,29.0,0.0153358011634056,Green,Green,Yellow
GARCH-N,FCHI,Shift-ERM,1891,29.0,0.0153358011634056,Green,Green,Yellow
GARCH-N,FCHI,Vol-CP,1891,27.0,0.0142781597038603,Green,Green,Yellow
GARCH-N,FCHI,Vol-ERM,1891,34.0,0.0179799048122686,Yellow,Yellow,Yellow
GARCH-N,FCHI,State2-ERM,1891,26.0,0.0137493389740877,Green,Green,Yellow
GARCH-N,FCHI,State4-ERM,1891,30.0,0.0158646218931782,Green,Green,Yellow
GARCH-N,FCHI,State-L1,1891,29.0,0.0153358011634056,Green,Green,Yellow
GARCH-N,FCHI,State-L1-clipped,1891,29.0,0.0153358011634056,Green,Green,Yellow
GARCH-N,FCHI,POT-Shift,1891,29.0,0.0153358011634056,Green,Green,Yellow
GARCH-N,FCHI,POT-Vol,1891,29.0,0.0153358011634056,Green,Green,Yellow
GARCH-N,FCHI,ACI-existing,1891,23.0,0.0121628767847699,Green,Green,Green
GARCH-N,FCHI,DtACI-projected-seed,1891,24.0,0.0126916975145425,Green,Green,Green
GARCH-N,FCHI,Rolling250,1891,18.0,0.0095187731359069,Green,Green,Green
GARCH-N,FCHI,Rolling500,1891,21.0,0.0111052353252247,Green,Green,Green
GARCH-N,FCHI,Selected-rolling,1891,21.0,0.0111052353252247,Green,Green,Green
GARCH-N,FCHI,Gate-selected-rolling,1891,21.0,0.0111052353252247,Green,Green,Green
GARCH-N,FCHI,Loss-gate,1891,37.0,0.0195663670015864,Yellow,Yellow,Red
GARCH-N,FCHI,Past-minimum,1891,29.0,0.0153358011634056,Green,Green,Yellow
GARCH-N,FCHI,DtACI-projected-expected,1891,22.85591998646991,0.0120866842868693,,,
GARCH-N,FTSE100,Raw,1867,47.0,0.0251740760578468,Yellow,Yellow,Red
GARCH-N,FTSE100,Shift-CP,1867,21.0,0.0112479914301017,Green,Green,Green
GARCH-N,FTSE100,Shift-ERM,1867,22.0,0.0117836100696304,Green,Green,Green
GARCH-N,FTSE100,Vol-CP,1867,22.0,0.0117836100696304,Green,Green,Green
GARCH-N,FTSE100,Vol-ERM,1867,24.0,0.0128548473486877,Green,Green,Green
GARCH-N,FTSE100,State2-ERM,1867,21.0,0.0112479914301017,Green,Green,Green
GARCH-N,FTSE100,State4-ERM,1867,24.0,0.0128548473486877,Green,Green,Green
GARCH-N,FTSE100,State-L1,1867,24.0,0.0128548473486877,Green,Green,Green
GARCH-N,FTSE100,State-L1-clipped,1867,24.0,0.0128548473486877,Green,Green,Green
GARCH-N,FTSE100,POT-Shift,1867,23.0,0.012319228709159,Green,Green,Green
GARCH-N,FTSE100,POT-Vol,1867,24.0,0.0128548473486877,Green,Green,Green
GARCH-N,FTSE100,ACI-existing,1867,23.0,0.012319228709159,Green,Green,Green
GARCH-N,FTSE100,DtACI-projected-seed,1867,21.0,0.0112479914301017,Green,Green,Green
GARCH-N,FTSE100,Rolling250,1867,14.0,0.0074986609534011,Green,Green,Green
GARCH-N,FTSE100,Rolling500,1867,17.0,0.0091055168719871,Green,Green,Green
GARCH-N,FTSE100,Selected-rolling,1867,17.0,0.0091055168719871,Green,Green,Green
GARCH-N,FTSE100,Gate-selected-rolling,1867,17.0,0.0091055168719871,Green,Green,Green
GARCH-N,FTSE100,Loss-gate,1867,47.0,0.0251740760578468,Yellow,Yellow,Red
GARCH-N,FTSE100,Past-minimum,1867,24.0,0.0128548473486877,Green,Green,Green
GARCH-N,FTSE100,DtACI-projected-expected,1867,21.812572814080248,0.0116832205752974,,,
GARCH-N,GBPUSD,Raw,1621,33.0,0.0203578038247995,Yellow,Yellow,Red
GARCH-N,GBPUSD,Shift-CP,1621,10.0,0.0061690314620604,Green,Green,Green
GARCH-N,GBPUSD,Shift-ERM,1621,13.0,0.0080197409006785,Green,Green,Green
GARCH-N,GBPUSD,Vol-CP,1621,13.0,0.0080197409006785,Green,Green,Green
GARCH-N,GBPUSD,Vol-ERM,1621,13.0,0.0080197409006785,Green,Green,Green
GARCH-N,GBPUSD,State2-ERM,1621,11.0,0.0067859346082665,Green,Green,Green
GARCH-N,GBPUSD,State4-ERM,1621,17.0,0.0104873534855027,Green,Green,Green
GARCH-N,GBPUSD,State-L1,1621,17.0,0.0104873534855027,Green,Green,Green
GARCH-N,GBPUSD,State-L1-clipped,1621,17.0,0.0104873534855027,Green,Green,Green
GARCH-N,GBPUSD,POT-Shift,1621,10.0,0.0061690314620604,Green,Green,Green
GARCH-N,GBPUSD,POT-Vol,1621,13.0,0.0080197409006785,Green,Green,Green
GARCH-N,GBPUSD,ACI-existing,1621,19.0,0.0117211597779148,Green,Green,Green
GARCH-N,GBPUSD,DtACI-projected-seed,1621,21.0,0.0129549660703269,Green,Green,Green
GARCH-N,GBPUSD,Rolling250,1621,14.0,0.0086366440468846,Green,Green,Green
GARCH-N,GBPUSD,Rolling500,1621,13.0,0.0080197409006785,Green,Green,Green
GARCH-N,GBPUSD,Selected-rolling,1621,13.0,0.0080197409006785,Green,Green,Green
GARCH-N,GBPUSD,Gate-selected-rolling,1621,13.0,0.0080197409006785,Green,Green,Green
GARCH-N,GBPUSD,Loss-gate,1621,33.0,0.0203578038247995,Yellow,Yellow,Red
GARCH-N,GBPUSD,Past-minimum,1621,15.0,0.0092535471930906,Green,Green,Green
GARCH-N,GBPUSD,DtACI-projected-expected,1621,17.787668167537426,0.0109732684562229,,,
GARCH-N,GDAXI,Raw,1878,47.0,0.0250266240681576,Yellow,Yellow,Red
GARCH-N,GDAXI,Shift-CP,1878,28.0,0.0149094781682641,Green,Green,Yellow
GARCH-N,GDAXI,Shift-ERM,1878,28.0,0.0149094781682641,Green,Green,Yellow
GARCH-N,GDAXI,Vol-CP,1878,30.0,0.0159744408945686,Green,Green,Yellow
GARCH-N,GDAXI,Vol-ERM,1878,34.0,0.0181043663471778,Yellow,Yellow,Yellow
GARCH-N,GDAXI,State2-ERM,1878,28.0,0.0149094781682641,Green,Green,Yellow
GARCH-N,GDAXI,State4-ERM,1878,29.0,0.0154419595314164,Green,Green,Yellow
GARCH-N,GDAXI,State-L1,1878,28.0,0.0149094781682641,Green,Green,Yellow
GARCH-N,GDAXI,State-L1-clipped,1878,28.0,0.0149094781682641,Green,Green,Yellow
GARCH-N,GDAXI,POT-Shift,1878,28.0,0.0149094781682641,Green,Green,Yellow
GARCH-N,GDAXI,POT-Vol,1878,29.0,0.0154419595314164,Green,Green,Yellow
GARCH-N,GDAXI,ACI-existing,1878,23.0,0.0122470713525026,Green,Green,Green
GARCH-N,GDAXI,DtACI-projected-seed,1878,25.0,0.0133120340788072,Green,Green,Green
GARCH-N,GDAXI,Rolling250,1878,16.0,0.0085197018104366,Green,Green,Green
GARCH-N,GDAXI,Rolling500,1878,19.0,0.0101171458998935,Green,Green,Green
GARCH-N,GDAXI,Selected-rolling,1878,16.0,0.0085197018104366,Green,Green,Green
GARCH-N,GDAXI,Gate-selected-rolling,1878,16.0,0.0085197018104366,Green,Green,Green
GARCH-N,GDAXI,Loss-gate,1878,35.0,0.0186368477103301,Yellow,Yellow,Yellow
GARCH-N,GDAXI,Past-minimum,1878,28.0,0.0149094781682641,Green,Green,Yellow
GARCH-N,GDAXI,DtACI-projected-expected,1878,22.643575445129585,0.0120572819196643,,,
GARCH-N,GLD,Raw,1490,30.0,0.0201342281879194,Yellow,Yellow,Yellow
GARCH-N,GLD,Shift-CP,1490,15.0,0.0100671140939597,Green,Green,Green
GARCH-N,GLD,Shift-ERM,1490,15.0,0.0100671140939597,Green,Green,Green
GARCH-N,GLD,Vol-CP,1490,14.0,0.0093959731543624,Green,Green,Green
GARCH-N,GLD,Vol-ERM,1490,16.0,0.010738255033557,Green,Green,Green
GARCH-N,GLD,State2-ERM,1490,15.0,0.0100671140939597,Green,Green,Green
GARCH-N,GLD,State4-ERM,1490,15.0,0.0100671140939597,Green,Green,Green
GARCH-N,GLD,State-L1,1490,15.0,0.0100671140939597,Green,Green,Green
GARCH-N,GLD,State-L1-clipped,1490,15.0,0.0100671140939597,Green,Green,Green
GARCH-N,GLD,POT-Shift,1490,15.0,0.0100671140939597,Green,Green,Green
GARCH-N,GLD,POT-Vol,1490,14.0,0.0093959731543624,Green,Green,Green
GARCH-N,GLD,ACI-existing,1490,16.0,0.010738255033557,Green,Green,Green
GARCH-N,GLD,DtACI-projected-seed,1490,17.0,0.0114093959731543,Green,Green,Green
GARCH-N,GLD,Rolling250,1490,10.0,0.0067114093959731,Green,Green,Green
GARCH-N,GLD,Rolling500,1490,14.0,0.0093959731543624,Green,Green,Green
GARCH-N,GLD,Selected-rolling,1490,14.0,0.0093959731543624,Green,Green,Green
GARCH-N,GLD,Gate-selected-rolling,1490,14.0,0.0093959731543624,Green,Green,Green
GARCH-N,GLD,Loss-gate,1490,30.0,0.0201342281879194,Yellow,Yellow,Yellow
GARCH-N,GLD,Past-minimum,1490,14.0,0.0093959731543624,Green,Green,Green
GARCH-N,GLD,DtACI-projected-expected,1490,16.128414858485765,0.0108244395023394,,,
GARCH-N,HSI,Raw,1817,34.0,0.0187121629058888,Yellow,Yellow,Yellow
GARCH-N,HSI,Shift-CP,1817,18.0,0.0099064391854705,Green,Green,Green
GARCH-N,HSI,Shift-ERM,1817,18.0,0.0099064391854705,Green,Green,Green
GARCH-N,HSI,Vol-CP,1817,20.0,0.0110071546505228,Green,Green,Green
GARCH-N,HSI,Vol-ERM,1817,25.0,0.0137589433131535,Green,Green,Yellow
GARCH-N,HSI,State2-ERM,1817,18.0,0.0099064391854705,Green,Green,Green
GARCH-N,HSI,State4-ERM,1817,20.0,0.0110071546505228,Green,Green,Green
GARCH-N,HSI,State-L1,1817,20.0,0.0110071546505228,Green,Green,Green
GARCH-N,HSI,State-L1-clipped,1817,20.0,0.0110071546505228,Green,Green,Green
GARCH-N,HSI,POT-Shift,1817,18.0,0.0099064391854705,Green,Green,Green
GARCH-N,HSI,POT-Vol,1817,19.0,0.0104567969179966,Green,Green,Green
GARCH-N,HSI,ACI-existing,1817,22.0,0.0121078701155751,Green,Green,Green
GARCH-N,HSI,DtACI-projected-seed,1817,22.0,0.0121078701155751,Green,Green,Green
GARCH-N,HSI,Rolling250,1817,17.0,0.0093560814529444,Green,Green,Green
GARCH-N,HSI,Rolling500,1817,18.0,0.0099064391854705,Green,Green,Green
GARCH-N,HSI,Selected-rolling,1817,18.0,0.0099064391854705,Green,Green,Green
GARCH-N,HSI,Gate-selected-rolling,1817,18.0,0.0099064391854705,Green,Green,Green
GARCH-N,HSI,Loss-gate,1817,34.0,0.0187121629058888,Yellow,Yellow,Yellow
GARCH-N,HSI,Past-minimum,1817,18.0,0.0099064391854705,Green,Green,Green
GARCH-N,HSI,DtACI-projected-expected,1817,23.887351880810776,0.013146588817177,,,
GARCH-N,IBGL,Raw,1260,17.0,0.0134920634920634,Green,Green,Green
GARCH-N,IBGL,Shift-CP,1260,6.0,0.0047619047619047,Green,Green,Green
GARCH-N,IBGL,Shift-ERM,1260,6.0,0.0047619047619047,Green,Green,Green
GARCH-N,IBGL,Vol-CP,1260,8.0,0.0063492063492063,Green,Green,Green
GARCH-N,IBGL,Vol-ERM,1260,8.0,0.0063492063492063,Green,Green,Green
GARCH-N,IBGL,State2-ERM,1260,8.0,0.0063492063492063,Green,Green,Green
GARCH-N,IBGL,State4-ERM,1260,7.0,0.0055555555555555,Green,Green,Green
GARCH-N,IBGL,State-L1,1260,8.0,0.0063492063492063,Green,Green,Green
GARCH-N,IBGL,State-L1-clipped,1260,8.0,0.0063492063492063,Green,Green,Green
GARCH-N,IBGL,POT-Shift,1260,5.0,0.0039682539682539,Green,Green,Green
GARCH-N,IBGL,POT-Vol,1260,8.0,0.0063492063492063,Green,Green,Green
GARCH-N,IBGL,ACI-existing,1260,14.0,0.0111111111111111,Green,Green,Green
GARCH-N,IBGL,DtACI-projected-seed,1260,20.0,0.0158730158730158,Green,Green,Yellow
GARCH-N,IBGL,Rolling250,1260,11.0,0.0087301587301587,Green,Green,Green
GARCH-N,IBGL,Rolling500,1260,14.0,0.0111111111111111,Green,Green,Green
GARCH-N,IBGL,Selected-rolling,1260,14.0,0.0111111111111111,Green,Green,Green
GARCH-N,IBGL,Gate-selected-rolling,1260,14.0,0.0111111111111111,Green,Green,Green
GARCH-N,IBGL,Loss-gate,1260,17.0,0.0134920634920634,Green,Green,Green
GARCH-N,IBGL,Past-minimum,1260,5.0,0.0039682539682539,Green,Green,Green
GARCH-N,IBGL,DtACI-projected-expected,1260,18.909859809939828,0.0150078252459839,,,
GARCH-N,ICLN,Raw,1219,17.0,0.0139458572600492,Green,Green,Green
GARCH-N,ICLN,Shift-CP,1219,11.0,0.0090237899917965,Green,Green,Green
GARCH-N,ICLN,Shift-ERM,1219,11.0,0.0090237899917965,Green,Green,Green
GARCH-N,ICLN,Vol-CP,1219,10.0,0.0082034454470877,Green,Green,Green
GARCH-N,ICLN,Vol-ERM,1219,10.0,0.0082034454470877,Green,Green,Green
GARCH-N,ICLN,State2-ERM,1219,11.0,0.0090237899917965,Green,Green,Green
GARCH-N,ICLN,State4-ERM,1219,10.0,0.0082034454470877,Green,Green,Green
GARCH-N,ICLN,State-L1,1219,11.0,0.0090237899917965,Green,Green,Green
GARCH-N,ICLN,State-L1-clipped,1219,11.0,0.0090237899917965,Green,Green,Green
GARCH-N,ICLN,POT-Shift,1219,10.0,0.0082034454470877,Green,Green,Green
GARCH-N,ICLN,POT-Vol,1219,9.0,0.0073831009023789,Green,Green,Green
GARCH-N,ICLN,ACI-existing,1219,16.0,0.0131255127153404,Green,Green,Green
GARCH-N,ICLN,DtACI-projected-seed,1219,15.0,0.0123051681706316,Green,Green,Green
GARCH-N,ICLN,Rolling250,1219,9.0,0.0073831009023789,Green,Green,Green
GARCH-N,ICLN,Rolling500,1219,15.0,0.0123051681706316,Green,Green,Green
GARCH-N,ICLN,Selected-rolling,1219,15.0,0.0123051681706316,Green,Green,Green
GARCH-N,ICLN,Gate-selected-rolling,1219,15.0,0.0123051681706316,Green,Green,Green
GARCH-N,ICLN,Loss-gate,1219,17.0,0.0139458572600492,Green,Green,Green
GARCH-N,ICLN,Past-minimum,1219,11.0,0.0090237899917965,Green,Green,Green
GARCH-N,ICLN,DtACI-projected-expected,1219,15.279724242415764,0.0125346384269202,,,
GARCH-N,NIFTY,Raw,1242,25.0,0.0201288244766505,Yellow,Yellow,Yellow
GARCH-N,NIFTY,Shift-CP,1242,12.0,0.0096618357487922,Green,Green,Green
GARCH-N,NIFTY,Shift-ERM,1242,12.0,0.0096618357487922,Green,Green,Green
GARCH-N,NIFTY,Vol-CP,1242,13.0,0.0104669887278582,Green,Green,Green
GARCH-N,NIFTY,Vol-ERM,1242,13.0,0.0104669887278582,Green,Green,Green
GARCH-N,NIFTY,State2-ERM,1242,15.0,0.0120772946859903,Green,Green,Green
GARCH-N,NIFTY,State4-ERM,1242,13.0,0.0104669887278582,Green,Green,Green
GARCH-N,NIFTY,State-L1,1242,12.0,0.0096618357487922,Green,Green,Green
GARCH-N,NIFTY,State-L1-clipped,1242,12.0,0.0096618357487922,Green,Green,Green
GARCH-N,NIFTY,POT-Shift,1242,11.0,0.0088566827697262,Green,Green,Green
GARCH-N,NIFTY,POT-Vol,1242,12.0,0.0096618357487922,Green,Green,Green
GARCH-N,NIFTY,ACI-existing,1242,15.0,0.0120772946859903,Green,Green,Green
GARCH-N,NIFTY,DtACI-projected-seed,1242,14.0,0.0112721417069243,Green,Green,Green
GARCH-N,NIFTY,Rolling250,1242,12.0,0.0096618357487922,Green,Green,Green
GARCH-N,NIFTY,Rolling500,1242,11.0,0.0088566827697262,Green,Green,Green
GARCH-N,NIFTY,Selected-rolling,1242,11.0,0.0088566827697262,Green,Green,Green
GARCH-N,NIFTY,Gate-selected-rolling,1242,11.0,0.0088566827697262,Green,Green,Green
GARCH-N,NIFTY,Loss-gate,1242,12.0,0.0096618357487922,Green,Green,Green
GARCH-N,NIFTY,Past-minimum,1242,11.0,0.0088566827697262,Green,Green,Green
GARCH-N,NIFTY,DtACI-projected-expected,1242,15.690041784138064,0.0126328838841691,,,
GARCH-N,NIKKEI,Raw,1806,43.0,0.0238095238095238,Yellow,Yellow,Red
GARCH-N,NIKKEI,Shift-CP,1806,16.0,0.0088593576965669,Green,Green,Green
GARCH-N,NIKKEI,Shift-ERM,1806,16.0,0.0088593576965669,Green,Green,Green
GARCH-N,NIKKEI,Vol-CP,1806,14.0,0.0077519379844961,Green,Green,Green
GARCH-N,NIKKEI,Vol-ERM,1806,18.0,0.0099667774086378,Green,Green,Green
GARCH-N,NIKKEI,State2-ERM,1806,15.0,0.0083056478405315,Green,Green,Green
GARCH-N,NIKKEI,State4-ERM,1806,16.0,0.0088593576965669,Green,Green,Green
GARCH-N,NIKKEI,State-L1,1806,15.0,0.0083056478405315,Green,Green,Green
GARCH-N,NIKKEI,State-L1-clipped,1806,15.0,0.0083056478405315,Green,Green,Green
GARCH-N,NIKKEI,POT-Shift,1806,15.0,0.0083056478405315,Green,Green,Green
GARCH-N,NIKKEI,POT-Vol,1806,13.0,0.0071982281284606,Green,Green,Green
GARCH-N,NIKKEI,ACI-existing,1806,21.0,0.0116279069767441,Green,Green,Green
GARCH-N,NIKKEI,DtACI-projected-seed,1806,21.0,0.0116279069767441,Green,Green,Green
GARCH-N,NIKKEI,Rolling250,1806,16.0,0.0088593576965669,Green,Green,Green
GARCH-N,NIKKEI,Rolling500,1806,17.0,0.0094130675526024,Green,Green,Green
GARCH-N,NIKKEI,Selected-rolling,1806,17.0,0.0094130675526024,Green,Green,Green
GARCH-N,NIKKEI,Gate-selected-rolling,1806,17.0,0.0094130675526024,Green,Green,Green
GARCH-N,NIKKEI,Loss-gate,1806,21.0,0.0116279069767441,Green,Green,Green
GARCH-N,NIKKEI,Past-minimum,1806,17.0,0.0094130675526024,Green,Green,Green
GARCH-N,NIKKEI,DtACI-projected-expected,1806,22.082430957973205,0.0122272596666518,,,
GARCH-N,SP500,Raw,1858,47.0,0.0252960172228202,Yellow,Yellow,Red
GARCH-N,SP500,Shift-CP,1858,20.0,0.0107642626480086,Green,Green,Green
GARCH-N,SP500,Shift-ERM,1858,20.0,0.0107642626480086,Green,Green,Green
GARCH-N,SP500,Vol-CP,1858,17.0,0.0091496232508073,Green,Green,Green
GARCH-N,SP500,Vol-ERM,1858,24.0,0.0129171151776103,Green,Green,Green
GARCH-N,SP500,State2-ERM,1858,22.0,0.0118406889128094,Green,Green,Green
GARCH-N,SP500,State4-ERM,1858,20.0,0.0107642626480086,Green,Green,Green
GARCH-N,SP500,State-L1,1858,21.0,0.011302475780409,Green,Green,Green
GARCH-N,SP500,State-L1-clipped,1858,21.0,0.011302475780409,Green,Green,Green
GARCH-N,SP500,POT-Shift,1858,22.0,0.0118406889128094,Green,Green,Green
GARCH-N,SP500,POT-Vol,1858,17.0,0.0091496232508073,Green,Green,Green
GARCH-N,SP500,ACI-existing,1858,23.0,0.0123789020452099,Green,Green,Green
GARCH-N,SP500,DtACI-projected-seed,1858,23.0,0.0123789020452099,Green,Green,Green
GARCH-N,SP500,Rolling250,1858,13.0,0.0069967707212055,Green,Green,Green
GARCH-N,SP500,Rolling500,1858,19.0,0.0102260495156081,Green,Green,Green
GARCH-N,SP500,Selected-rolling,1858,19.0,0.0102260495156081,Green,Green,Green
GARCH-N,SP500,Gate-selected-rolling,1858,19.0,0.0102260495156081,Green,Green,Green
GARCH-N,SP500,Loss-gate,1858,22.0,0.0118406889128094,Green,Green,Green
GARCH-N,SP500,Past-minimum,1858,22.0,0.0118406889128094,Green,Green,Green
GARCH-N,SP500,DtACI-projected-expected,1858,22.97009938386225,0.0123628091409377,,,
GARCH-N,STOXX,Raw,1532,39.0,0.0254569190600522,Yellow,Yellow,Red
GARCH-N,STOXX,Shift-CP,1532,11.0,0.0071801566579634,Green,Green,Green
GARCH-N,STOXX,Shift-ERM,1532,11.0,0.0071801566579634,Green,Green,Green
GARCH-N,STOXX,Vol-CP,1532,17.0,0.0110966057441253,Green,Green,Green
GARCH-N,STOXX,Vol-ERM,1532,19.0,0.0124020887728459,Green,Green,Green
GARCH-N,STOXX,State2-ERM,1532,17.0,0.0110966057441253,Green,Green,Green
GARCH-N,STOXX,State4-ERM,1532,13.0,0.008485639686684,Green,Green,Green
GARCH-N,STOXX,State-L1,1532,11.0,0.0071801566579634,Green,Green,Green
GARCH-N,STOXX,State-L1-clipped,1532,11.0,0.0071801566579634,Green,Green,Green
GARCH-N,STOXX,POT-Shift,1532,11.0,0.0071801566579634,Green,Green,Green
GARCH-N,STOXX,POT-Vol,1532,15.0,0.0097911227154047,Green,Green,Green
GARCH-N,STOXX,ACI-existing,1532,18.0,0.0117493472584856,Green,Green,Green
GARCH-N,STOXX,DtACI-projected-seed,1532,15.0,0.0097911227154047,Green,Green,Green
GARCH-N,STOXX,Rolling250,1532,8.0,0.0052219321148825,Green,Green,Green
GARCH-N,STOXX,Rolling500,1532,14.0,0.0091383812010443,Green,Green,Green
GARCH-N,STOXX,Selected-rolling,1532,14.0,0.0091383812010443,Green,Green,Green
GARCH-N,STOXX,Gate-selected-rolling,1532,14.0,0.0091383812010443,Green,Green,Green
GARCH-N,STOXX,Loss-gate,1532,14.0,0.0091383812010443,Green,Green,Green
GARCH-N,STOXX,Past-minimum,1532,20.0,0.0130548302872062,Green,Green,Green
GARCH-N,STOXX,DtACI-projected-expected,1532,16.584704916686533,0.0108255254025369,,,
GARCH-N,TLT,Raw,1665,24.0,0.0144144144144144,Green,Green,Yellow
GARCH-N,TLT,Shift-CP,1665,21.0,0.0126126126126126,Green,Green,Green
GARCH-N,TLT,Shift-ERM,1665,21.0,0.0126126126126126,Green,Green,Green
GARCH-N,TLT,Vol-CP,1665,19.0,0.0114114114114114,Green,Green,Green
GARCH-N,TLT,Vol-ERM,1665,22.0,0.0132132132132132,Green,Green,Green
GARCH-N,TLT,State2-ERM,1665,21.0,0.0126126126126126,Green,Green,Green
GARCH-N,TLT,State4-ERM,1665,30.0,0.018018018018018,Yellow,Yellow,Yellow
GARCH-N,TLT,State-L1,1665,21.0,0.0126126126126126,Green,Green,Green
GARCH-N,TLT,State-L1-clipped,1665,21.0,0.0126126126126126,Green,Green,Green
GARCH-N,TLT,POT-Shift,1665,21.0,0.0126126126126126,Green,Green,Green
GARCH-N,TLT,POT-Vol,1665,18.0,0.0108108108108108,Green,Green,Green
GARCH-N,TLT,ACI-existing,1665,19.0,0.0114114114114114,Green,Green,Green
GARCH-N,TLT,DtACI-projected-seed,1665,19.0,0.0114114114114114,Green,Green,Green
GARCH-N,TLT,Rolling250,1665,18.0,0.0108108108108108,Green,Green,Green
GARCH-N,TLT,Rolling500,1665,19.0,0.0114114114114114,Green,Green,Green
GARCH-N,TLT,Selected-rolling,1665,19.0,0.0114114114114114,Green,Green,Green
GARCH-N,TLT,Gate-selected-rolling,1665,24.0,0.0144144144144144,Green,Green,Yellow
GARCH-N,TLT,Loss-gate,1665,24.0,0.0144144144144144,Green,Green,Yellow
GARCH-N,TLT,Past-minimum,1665,24.0,0.0144144144144144,Green,Green,Yellow
GARCH-N,TLT,DtACI-projected-expected,1665,20.864924612437942,0.0125314862537164,,,
GARCH-N,UNG,Raw,1309,18.0,0.0137509549274255,Green,Green,Green
GARCH-N,UNG,Shift-CP,1309,11.0,0.0084033613445378,Green,Green,Green
GARCH-N,UNG,Shift-ERM,1309,13.0,0.0099312452253628,Green,Green,Green
GARCH-N,UNG,Vol-CP,1309,10.0,0.0076394194041252,Green,Green,Green
GARCH-N,UNG,Vol-ERM,1309,11.0,0.0084033613445378,Green,Green,Green
GARCH-N,UNG,State2-ERM,1309,12.0,0.0091673032849503,Green,Green,Green
GARCH-N,UNG,State4-ERM,1309,12.0,0.0091673032849503,Green,Green,Green
GARCH-N,UNG,State-L1,1309,13.0,0.0099312452253628,Green,Green,Green
GARCH-N,UNG,State-L1-clipped,1309,13.0,0.0099312452253628,Green,Green,Green
GARCH-N,UNG,POT-Shift,1309,14.0,0.0106951871657754,Green,Green,Green
GARCH-N,UNG,POT-Vol,1309,11.0,0.0084033613445378,Green,Green,Green
GARCH-N,UNG,ACI-existing,1309,18.0,0.0137509549274255,Green,Green,Green
GARCH-N,UNG,DtACI-projected-seed,1309,17.0,0.0129870129870129,Green,Green,Green
GARCH-N,UNG,Rolling250,1309,12.0,0.0091673032849503,Green,Green,Green
GARCH-N,UNG,Rolling500,1309,18.0,0.0137509549274255,Green,Green,Green
GARCH-N,UNG,Selected-rolling,1309,18.0,0.0137509549274255,Green,Green,Green
GARCH-N,UNG,Gate-selected-rolling,1309,18.0,0.0137509549274255,Green,Green,Green
GARCH-N,UNG,Loss-gate,1309,18.0,0.0137509549274255,Green,Green,Green
GARCH-N,UNG,Past-minimum,1309,13.0,0.0099312452253628,Green,Green,Green
GARCH-N,UNG,DtACI-projected-expected,1309,19.68265879682679,0.0150364085537255,,,
GARCH-N,USDJPY,Raw,1923,31.0,0.016120644825793,Yellow,Yellow,Yellow
GARCH-N,USDJPY,Shift-CP,1923,21.0,0.0109204368174727,Green,Green,Green
GARCH-N,USDJPY,Shift-ERM,1923,21.0,0.0109204368174727,Green,Green,Green
GARCH-N,USDJPY,Vol-CP,1923,22.0,0.0114404576183047,Green,Green,Green
GARCH-N,USDJPY,Vol-ERM,1923,22.0,0.0114404576183047,Green,Green,Green
GARCH-N,USDJPY,State2-ERM,1923,24.0,0.0124804992199688,Green,Green,Green
GARCH-N,USDJPY,State4-ERM,1923,24.0,0.0124804992199688,Green,Green,Green
GARCH-N,USDJPY,State-L1,1923,23.0,0.0119604784191367,Green,Green,Green
GARCH-N,USDJPY,State-L1-clipped,1923,23.0,0.0119604784191367,Green,Green,Green
GARCH-N,USDJPY,POT-Shift,1923,22.0,0.0114404576183047,Green,Green,Green
GARCH-N,USDJPY,POT-Vol,1923,22.0,0.0114404576183047,Green,Green,Green
GARCH-N,USDJPY,ACI-existing,1923,24.0,0.0124804992199688,Green,Green,Green
GARCH-N,USDJPY,DtACI-projected-seed,1923,24.0,0.0124804992199688,Green,Green,Green
GARCH-N,USDJPY,Rolling250,1923,17.0,0.0088403536141445,Green,Green,Green
GARCH-N,USDJPY,Rolling500,1923,24.0,0.0124804992199688,Green,Green,Green
GARCH-N,USDJPY,Selected-rolling,1923,24.0,0.0124804992199688,Green,Green,Green
GARCH-N,USDJPY,Gate-selected-rolling,1923,24.0,0.0124804992199688,Green,Green,Green
GARCH-N,USDJPY,Loss-gate,1923,31.0,0.016120644825793,Yellow,Yellow,Yellow
GARCH-N,USDJPY,Past-minimum,1923,31.0,0.016120644825793,Yellow,Yellow,Yellow
GARCH-N,USDJPY,DtACI-projected-expected,1923,24.253629481320477,0.0126123918259596,,,
GARCH-N,USO,Raw,1386,27.0,0.0194805194805194,Yellow,Yellow,Yellow
GARCH-N,USO,Shift-CP,1386,12.0,0.0086580086580086,Green,Green,Green
GARCH-N,USO,Shift-ERM,1386,12.0,0.0086580086580086,Green,Green,Green
GARCH-N,USO,Vol-CP,1386,10.0,0.0072150072150072,Green,Green,Green
GARCH-N,USO,Vol-ERM,1386,16.0,0.0115440115440115,Green,Green,Green
GARCH-N,USO,State2-ERM,1386,13.0,0.0093795093795093,Green,Green,Green
GARCH-N,USO,State4-ERM,1386,15.0,0.0108225108225108,Green,Green,Green
GARCH-N,USO,State-L1,1386,12.0,0.0086580086580086,Green,Green,Green
GARCH-N,USO,State-L1-clipped,1386,12.0,0.0086580086580086,Green,Green,Green
GARCH-N,USO,POT-Shift,1386,12.0,0.0086580086580086,Green,Green,Green
GARCH-N,USO,POT-Vol,1386,13.0,0.0093795093795093,Green,Green,Green
GARCH-N,USO,ACI-existing,1386,16.0,0.0115440115440115,Green,Green,Green
GARCH-N,USO,DtACI-projected-seed,1386,17.0,0.0122655122655122,Green,Green,Green
GARCH-N,USO,Rolling250,1386,11.0,0.0079365079365079,Green,Green,Green
GARCH-N,USO,Rolling500,1386,14.0,0.0101010101010101,Green,Green,Green
GARCH-N,USO,Selected-rolling,1386,14.0,0.0101010101010101,Green,Green,Green
GARCH-N,USO,Gate-selected-rolling,1386,14.0,0.0101010101010101,Green,Green,Green
GARCH-N,USO,Loss-gate,1386,18.0,0.0129870129870129,Green,Green,Green
GARCH-N,USO,Past-minimum,1386,14.0,0.0101010101010101,Green,Green,Green
GARCH-N,USO,DtACI-projected-expected,1386,17.28299921297965,0.0124696964018612,,,
Hist-Sim,ASX200,Raw,1868,31.0,0.0165952890792291,Yellow,Yellow,Yellow
Hist-Sim,ASX200,Shift-CP,1868,18.0,0.0096359743040685,Green,Green,Green
Hist-Sim,ASX200,Shift-ERM,1868,18.0,0.0096359743040685,Green,Green,Green
Hist-Sim,ASX200,Vol-CP,1868,20.0,0.0107066381156316,Green,Green,Green
Hist-Sim,ASX200,Vol-ERM,1868,15.0,0.0080299785867237,Green,Green,Green
Hist-Sim,ASX200,State2-ERM,1868,23.0,0.0123126338329764,Green,Green,Green
Hist-Sim,ASX200,State4-ERM,1868,23.0,0.0123126338329764,Green,Green,Green
Hist-Sim,ASX200,State-L1,1868,23.0,0.0123126338329764,Green,Green,Green
Hist-Sim,ASX200,State-L1-clipped,1868,23.0,0.0123126338329764,Green,Green,Green
Hist-Sim,ASX200,POT-Shift,1868,18.0,0.0096359743040685,Green,Green,Green
Hist-Sim,ASX200,POT-Vol,1868,19.0,0.0101713062098501,Green,Green,Green
Hist-Sim,ASX200,ACI-existing,1868,28.0,0.0149892933618843,Green,Green,Yellow
Hist-Sim,ASX200,DtACI-projected-seed,1868,26.0,0.0139186295503211,Green,Green,Yellow
Hist-Sim,ASX200,Rolling250,1868,27.0,0.0144539614561027,Green,Green,Yellow
Hist-Sim,ASX200,Rolling500,1868,18.0,0.0096359743040685,Green,Green,Green
Hist-Sim,ASX200,Selected-rolling,1868,18.0,0.0096359743040685,Green,Green,Green
Hist-Sim,ASX200,Gate-selected-rolling,1868,18.0,0.0096359743040685,Green,Green,Green
Hist-Sim,ASX200,Loss-gate,1868,31.0,0.0165952890792291,Yellow,Yellow,Yellow
Hist-Sim,ASX200,Past-minimum,1868,15.0,0.0080299785867237,Green,Green,Green
Hist-Sim,ASX200,DtACI-projected-expected,1868,29.559308091363953,0.0158240407341348,,,
Hist-Sim,AUDUSD,Raw,1430,18.0,0.0125874125874125,Green,Green,Green
Hist-Sim,AUDUSD,Shift-CP,1430,10.0,0.0069930069930069,Green,Green,Green
Hist-Sim,AUDUSD,Shift-ERM,1430,10.0,0.0069930069930069,Green,Green,Green
Hist-Sim,AUDUSD,Vol-CP,1430,9.0,0.0062937062937062,Green,Green,Green
Hist-Sim,AUDUSD,Vol-ERM,1430,8.0,0.0055944055944055,Green,Green,Green
Hist-Sim,AUDUSD,State2-ERM,1430,12.0,0.0083916083916083,Green,Green,Green
Hist-Sim,AUDUSD,State4-ERM,1430,13.0,0.009090909090909,Green,Green,Green
Hist-Sim,AUDUSD,State-L1,1430,10.0,0.0069930069930069,Green,Green,Green
Hist-Sim,AUDUSD,State-L1-clipped,1430,10.0,0.0069930069930069,Green,Green,Green
Hist-Sim,AUDUSD,POT-Shift,1430,10.0,0.0069930069930069,Green,Green,Green
Hist-Sim,AUDUSD,POT-Vol,1430,10.0,0.0069930069930069,Green,Green,Green
Hist-Sim,AUDUSD,ACI-existing,1430,21.0,0.0146853146853146,Green,Green,Yellow
Hist-Sim,AUDUSD,DtACI-projected-seed,1430,28.0,0.0195804195804195,Yellow,Yellow,Yellow
Hist-Sim,AUDUSD,Rolling250,1430,18.0,0.0125874125874125,Green,Green,Green
Hist-Sim,AUDUSD,Rolling500,1430,16.0,0.0111888111888111,Green,Green,Green
Hist-Sim,AUDUSD,Selected-rolling,1430,16.0,0.0111888111888111,Green,Green,Green
Hist-Sim,AUDUSD,Gate-selected-rolling,1430,16.0,0.0111888111888111,Green,Green,Green
Hist-Sim,AUDUSD,Loss-gate,1430,18.0,0.0125874125874125,Green,Green,Green
Hist-Sim,AUDUSD,Past-minimum,1430,8.0,0.0055944055944055,Green,Green,Green
Hist-Sim,AUDUSD,DtACI-projected-expected,1430,22.966942562266183,0.0160607989945917,,,
Hist-Sim,BOVESPA,Raw,1829,20.0,0.0109349371241115,Green,Green,Green
Hist-Sim,BOVESPA,Shift-CP,1829,17.0,0.0092946965554948,Green,Green,Green
Hist-Sim,BOVESPA,Shift-ERM,1829,17.0,0.0092946965554948,Green,Green,Green
Hist-Sim,BOVESPA,Vol-CP,1829,19.0,0.0103881902679059,Green,Green,Green
Hist-Sim,BOVESPA,Vol-ERM,1829,12.0,0.0065609622744669,Green,Green,Green
Hist-Sim,BOVESPA,State2-ERM,1829,50.0,0.0273373428102788,Yellow,Yellow,Red
Hist-Sim,BOVESPA,State4-ERM,1829,21.0,0.0114816839803171,Green,Green,Green
Hist-Sim,BOVESPA,State-L1,1829,44.0,0.0240568616730453,Yellow,Yellow,Red
Hist-Sim,BOVESPA,State-L1-clipped,1829,41.0,0.0224166211044286,Yellow,Yellow,Red
Hist-Sim,BOVESPA,POT-Shift,1829,16.0,0.0087479496992892,Green,Green,Green
Hist-Sim,BOVESPA,POT-Vol,1829,17.0,0.0092946965554948,Green,Green,Green
Hist-Sim,BOVESPA,ACI-existing,1829,30.0,0.0164024056861673,Yellow,Yellow,Yellow
Hist-Sim,BOVESPA,DtACI-projected-seed,1829,29.0,0.0158556588299617,Green,Green,Yellow
Hist-Sim,BOVESPA,Rolling250,1829,34.0,0.0185893931109896,Yellow,Yellow,Yellow
Hist-Sim,BOVESPA,Rolling500,1829,25.0,0.0136686714051394,Green,Green,Green
Hist-Sim,BOVESPA,Selected-rolling,1829,25.0,0.0136686714051394,Green,Green,Green
Hist-Sim,BOVESPA,Gate-selected-rolling,1829,25.0,0.0136686714051394,Green,Green,Green
Hist-Sim,BOVESPA,Loss-gate,1829,20.0,0.0109349371241115,Green,Green,Green
Hist-Sim,BOVESPA,Past-minimum,1829,13.0,0.0071077091306724,Green,Green,Green
Hist-Sim,BOVESPA,DtACI-projected-expected,1829,29.329461072885906,0.0160357906358042,,,
Hist-Sim,BTC,Raw,1157,16.0,0.013828867761452,Green,Green,Green
Hist-Sim,BTC,Shift-CP,1157,8.0,0.006914433880726,Green,Green,Green
Hist-Sim,BTC,Shift-ERM,1157,10.0,0.0086430423509075,Green,Green,Green
Hist-Sim,BTC,Vol-CP,1157,11.0,0.0095073465859982,Green,Green,Green
Hist-Sim,BTC,Vol-ERM,1157,9.0,0.0077787381158167,Green,Green,Green
Hist-Sim,BTC,State2-ERM,1157,22.0,0.0190146931719965,Yellow,Yellow,Yellow
Hist-Sim,BTC,State4-ERM,1157,22.0,0.0190146931719965,Yellow,Yellow,Yellow
Hist-Sim,BTC,State-L1,1157,19.0,0.0164217804667242,Yellow,Yellow,Yellow
Hist-Sim,BTC,State-L1-clipped,1157,19.0,0.0164217804667242,Yellow,Yellow,Yellow
Hist-Sim,BTC,POT-Shift,1157,10.0,0.0086430423509075,Green,Green,Green
Hist-Sim,BTC,POT-Vol,1157,11.0,0.0095073465859982,Green,Green,Green
Hist-Sim,BTC,ACI-existing,1157,15.0,0.0129645635263612,Green,Green,Green
Hist-Sim,BTC,DtACI-projected-seed,1157,16.0,0.013828867761452,Green,Green,Green
Hist-Sim,BTC,Rolling250,1157,11.0,0.0095073465859982,Green,Green,Green
Hist-Sim,BTC,Rolling500,1157,9.0,0.0077787381158167,Green,Green,Green
Hist-Sim,BTC,Selected-rolling,1157,9.0,0.0077787381158167,Green,Green,Green
Hist-Sim,BTC,Gate-selected-rolling,1157,16.0,0.013828867761452,Green,Green,Green
Hist-Sim,BTC,Loss-gate,1157,16.0,0.013828867761452,Green,Green,Green
Hist-Sim,BTC,Past-minimum,1157,16.0,0.013828867761452,Green,Green,Green
Hist-Sim,BTC,DtACI-projected-expected,1157,15.207679618037368,0.013144061899773,,,
Hist-Sim,CBU0,Raw,1010,9.0,0.0089108910891089,Green,Green,Green
Hist-Sim,CBU0,Shift-CP,1010,5.0,0.0049504950495049,Green,Green,Green
Hist-Sim,CBU0,Shift-ERM,1010,5.0,0.0049504950495049,Green,Green,Green
Hist-Sim,CBU0,Vol-CP,1010,5.0,0.0049504950495049,Green,Green,Green
Hist-Sim,CBU0,Vol-ERM,1010,5.0,0.0049504950495049,Green,Green,Green
Hist-Sim,CBU0,State2-ERM,1010,5.0,0.0049504950495049,Green,Green,Green
Hist-Sim,CBU0,State4-ERM,1010,5.0,0.0049504950495049,Green,Green,Green
Hist-Sim,CBU0,State-L1,1010,5.0,0.0049504950495049,Green,Green,Green
Hist-Sim,CBU0,State-L1-clipped,1010,5.0,0.0049504950495049,Green,Green,Green
Hist-Sim,CBU0,POT-Shift,1010,5.0,0.0049504950495049,Green,Green,Green
Hist-Sim,CBU0,POT-Vol,1010,0.0,0.0,Green,Green,Green
Hist-Sim,CBU0,ACI-existing,1010,14.0,0.0138613861386138,Green,Green,Green
Hist-Sim,CBU0,DtACI-projected-seed,1010,11.0,0.0108910891089108,Green,Green,Green
Hist-Sim,CBU0,Rolling250,1010,10.0,0.0099009900990099,Green,Green,Green
Hist-Sim,CBU0,Rolling500,1010,6.0,0.0059405940594059,Green,Green,Green
Hist-Sim,CBU0,Selected-rolling,1010,6.0,0.0059405940594059,Green,Green,Green
Hist-Sim,CBU0,Gate-selected-rolling,1010,6.0,0.0059405940594059,Green,Green,Green
Hist-Sim,CBU0,Loss-gate,1010,9.0,0.0089108910891089,Green,Green,Green
Hist-Sim,CBU0,Past-minimum,1010,5.0,0.0049504950495049,Green,Green,Green
Hist-Sim,CBU0,DtACI-projected-expected,1010,10.549271138622842,0.0104448229095275,,,
Hist-Sim,DJCI,Raw,765,11.0,0.0143790849673202,Green,Green,Green
Hist-Sim,DJCI,Shift-CP,765,9.0,0.0117647058823529,Green,Green,Green
Hist-Sim,DJCI,Shift-ERM,765,9.0,0.0117647058823529,Green,Green,Green
Hist-Sim,DJCI,Vol-CP,765,8.0,0.0104575163398692,Green,Green,Green
Hist-Sim,DJCI,Vol-ERM,765,8.0,0.0104575163398692,Green,Green,Green
Hist-Sim,DJCI,State2-ERM,765,5.0,0.0065359477124183,Green,Green,Green
Hist-Sim,DJCI,State4-ERM,765,5.0,0.0065359477124183,Green,Green,Green
Hist-Sim,DJCI,State-L1,765,9.0,0.0117647058823529,Green,Green,Green
Hist-Sim,DJCI,State-L1-clipped,765,9.0,0.0117647058823529,Green,Green,Green
Hist-Sim,DJCI,POT-Shift,765,8.0,0.0104575163398692,Green,Green,Green
Hist-Sim,DJCI,POT-Vol,765,8.0,0.0104575163398692,Green,Green,Green
Hist-Sim,DJCI,ACI-existing,765,13.0,0.0169934640522875,Yellow,Yellow,Yellow
Hist-Sim,DJCI,DtACI-projected-seed,765,16.0,0.0209150326797385,Yellow,Yellow,Yellow
Hist-Sim,DJCI,Rolling250,765,11.0,0.0143790849673202,Green,Green,Green
Hist-Sim,DJCI,Rolling500,765,13.0,0.0169934640522875,Yellow,Yellow,Yellow
Hist-Sim,DJCI,Selected-rolling,765,13.0,0.0169934640522875,Yellow,Yellow,Yellow
Hist-Sim,DJCI,Gate-selected-rolling,765,13.0,0.0169934640522875,Yellow,Yellow,Yellow
Hist-Sim,DJCI,Loss-gate,765,11.0,0.0143790849673202,Green,Green,Green
Hist-Sim,DJCI,Past-minimum,765,11.0,0.0143790849673202,Green,Green,Green
Hist-Sim,DJCI,DtACI-projected-expected,765,14.550150933942438,0.0190198051424084,,,
Hist-Sim,ETH,Raw,812,13.0,0.0160098522167487,Yellow,Yellow,Yellow
Hist-Sim,ETH,Shift-CP,812,8.0,0.0098522167487684,Green,Green,Green
Hist-Sim,ETH,Shift-ERM,812,8.0,0.0098522167487684,Green,Green,Green
Hist-Sim,ETH,Vol-CP,812,8.0,0.0098522167487684,Green,Green,Green
Hist-Sim,ETH,Vol-ERM,812,8.0,0.0098522167487684,Green,Green,Green
Hist-Sim,ETH,State2-ERM,812,12.0,0.0147783251231527,Green,Green,Green
Hist-Sim,ETH,State4-ERM,812,12.0,0.0147783251231527,Green,Green,Green
Hist-Sim,ETH,State-L1,812,8.0,0.0098522167487684,Green,Green,Green
Hist-Sim,ETH,State-L1-clipped,812,8.0,0.0098522167487684,Green,Green,Green
Hist-Sim,ETH,POT-Shift,812,8.0,0.0098522167487684,Green,Green,Green
Hist-Sim,ETH,POT-Vol,812,9.0,0.0110837438423645,Green,Green,Green
Hist-Sim,ETH,ACI-existing,812,10.0,0.0123152709359605,Green,Green,Green
Hist-Sim,ETH,DtACI-projected-seed,812,8.0,0.0098522167487684,Green,Green,Green
Hist-Sim,ETH,Rolling250,812,8.0,0.0098522167487684,Green,Green,Green
Hist-Sim,ETH,Rolling500,812,9.0,0.0110837438423645,Green,Green,Green
Hist-Sim,ETH,Selected-rolling,812,9.0,0.0110837438423645,Green,Green,Green
Hist-Sim,ETH,Gate-selected-rolling,812,13.0,0.0160098522167487,Yellow,Yellow,Yellow
Hist-Sim,ETH,Loss-gate,812,13.0,0.0160098522167487,Yellow,Yellow,Yellow
Hist-Sim,ETH,Past-minimum,812,13.0,0.0160098522167487,Yellow,Yellow,Yellow
Hist-Sim,ETH,DtACI-projected-expected,812,8.953921541538733,0.0110269969723383,,,
Hist-Sim,EURUSD,Raw,1617,21.0,0.0129870129870129,Green,Green,Green
Hist-Sim,EURUSD,Shift-CP,1617,9.0,0.0055658627087198,Green,Green,Green
Hist-Sim,EURUSD,Shift-ERM,1617,13.0,0.0080395794681508,Green,Green,Green
Hist-Sim,EURUSD,Vol-CP,1617,12.0,0.0074211502782931,Green,Green,Green
Hist-Sim,EURUSD,Vol-ERM,1617,8.0,0.004947433518862,Green,Green,Green
Hist-Sim,EURUSD,State2-ERM,1617,20.0,0.0123685837971552,Green,Green,Green
Hist-Sim,EURUSD,State4-ERM,1617,21.0,0.0129870129870129,Green,Green,Green
Hist-Sim,EURUSD,State-L1,1617,19.0,0.0117501546072974,Green,Green,Green
Hist-Sim,EURUSD,State-L1-clipped,1617,19.0,0.0117501546072974,Green,Green,Green
Hist-Sim,EURUSD,POT-Shift,1617,10.0,0.0061842918985776,Green,Green,Green
Hist-Sim,EURUSD,POT-Vol,1617,11.0,0.0068027210884353,Green,Green,Green
Hist-Sim,EURUSD,ACI-existing,1617,20.0,0.0123685837971552,Green,Green,Green
Hist-Sim,EURUSD,DtACI-projected-seed,1617,17.0,0.0105132962275819,Green,Green,Green
Hist-Sim,EURUSD,Rolling250,1617,14.0,0.0086580086580086,Green,Green,Green
Hist-Sim,EURUSD,Rolling500,1617,15.0,0.0092764378478664,Green,Green,Green
Hist-Sim,EURUSD,Selected-rolling,1617,15.0,0.0092764378478664,Green,Green,Green
Hist-Sim,EURUSD,Gate-selected-rolling,1617,15.0,0.0092764378478664,Green,Green,Green
Hist-Sim,EURUSD,Loss-gate,1617,21.0,0.0129870129870129,Green,Green,Green
Hist-Sim,EURUSD,Past-minimum,1617,8.0,0.004947433518862,Green,Green,Green
Hist-Sim,EURUSD,DtACI-projected-expected,1617,19.46592143360935,0.0120382940220218,,,
Hist-Sim,FCHI,Raw,1891,32.0,0.0169222633527234,Yellow,Yellow,Yellow
Hist-Sim,FCHI,Shift-CP,1891,24.0,0.0126916975145425,Green,Green,Green
Hist-Sim,FCHI,Shift-ERM,1891,25.0,0.0132205182443151,Green,Green,Green
Hist-Sim,FCHI,Vol-CP,1891,26.0,0.0137493389740877,Green,Green,Yellow
Hist-Sim,FCHI,Vol-ERM,1891,23.0,0.0121628767847699,Green,Green,Green
Hist-Sim,FCHI,State2-ERM,1891,31.0,0.0163934426229508,Yellow,Yellow,Yellow
Hist-Sim,FCHI,State4-ERM,1891,30.0,0.0158646218931782,Green,Green,Yellow
Hist-Sim,FCHI,State-L1,1891,30.0,0.0158646218931782,Green,Green,Yellow
Hist-Sim,FCHI,State-L1-clipped,1891,30.0,0.0158646218931782,Green,Green,Yellow
Hist-Sim,FCHI,POT-Shift,1891,25.0,0.0132205182443151,Green,Green,Green
Hist-Sim,FCHI,POT-Vol,1891,24.0,0.0126916975145425,Green,Green,Green
Hist-Sim,FCHI,ACI-existing,1891,27.0,0.0142781597038603,Green,Green,Yellow
Hist-Sim,FCHI,DtACI-projected-seed,1891,29.0,0.0153358011634056,Green,Green,Yellow
Hist-Sim,FCHI,Rolling250,1891,29.0,0.0153358011634056,Green,Green,Yellow
Hist-Sim,FCHI,Rolling500,1891,25.0,0.0132205182443151,Green,Green,Green
Hist-Sim,FCHI,Selected-rolling,1891,25.0,0.0132205182443151,Green,Green,Green
Hist-Sim,FCHI,Gate-selected-rolling,1891,25.0,0.0132205182443151,Green,Green,Green
Hist-Sim,FCHI,Loss-gate,1891,32.0,0.0169222633527234,Yellow,Yellow,Yellow
Hist-Sim,FCHI,Past-minimum,1891,23.0,0.0121628767847699,Green,Green,Green
Hist-Sim,FCHI,DtACI-projected-expected,1891,28.54517179638586,0.0150952785808492,,,
Hist-Sim,FTSE100,Raw,1867,32.0,0.0171397964649169,Yellow,Yellow,Yellow
Hist-Sim,FTSE100,Shift-CP,1867,20.0,0.0107123727905731,Green,Green,Green
Hist-Sim,FTSE100,Shift-ERM,1867,20.0,0.0107123727905731,Green,Green,Green
Hist-Sim,FTSE100,Vol-CP,1867,21.0,0.0112479914301017,Green,Green,Green
Hist-Sim,FTSE100,Vol-ERM,1867,19.0,0.0101767541510444,Green,Green,Green
Hist-Sim,FTSE100,State2-ERM,1867,22.0,0.0117836100696304,Green,Green,Green
Hist-Sim,FTSE100,State4-ERM,1867,23.0,0.012319228709159,Green,Green,Green
Hist-Sim,FTSE100,State-L1,1867,20.0,0.0107123727905731,Green,Green,Green
Hist-Sim,FTSE100,State-L1-clipped,1867,20.0,0.0107123727905731,Green,Green,Green
Hist-Sim,FTSE100,POT-Shift,1867,21.0,0.0112479914301017,Green,Green,Green
Hist-Sim,FTSE100,POT-Vol,1867,22.0,0.0117836100696304,Green,Green,Green
Hist-Sim,FTSE100,ACI-existing,1867,26.0,0.013926084627745,Green,Green,Yellow
Hist-Sim,FTSE100,DtACI-projected-seed,1867,29.0,0.015532940546331,Green,Green,Yellow
Hist-Sim,FTSE100,Rolling250,1867,25.0,0.0133904659882163,Green,Green,Green
Hist-Sim,FTSE100,Rolling500,1867,23.0,0.012319228709159,Green,Green,Green
Hist-Sim,FTSE100,Selected-rolling,1867,23.0,0.012319228709159,Green,Green,Green
Hist-Sim,FTSE100,Gate-selected-rolling,1867,23.0,0.012319228709159,Green,Green,Green
Hist-Sim,FTSE100,Loss-gate,1867,32.0,0.0171397964649169,Yellow,Yellow,Yellow
Hist-Sim,FTSE100,Past-minimum,1867,19.0,0.0101767541510444,Green,Green,Green
Hist-Sim,FTSE100,DtACI-projected-expected,1867,27.469638744570403,0.0147132505327104,,,
Hist-Sim,GBPUSD,Raw,1621,27.0,0.0166563849475632,Yellow,Yellow,Yellow
Hist-Sim,GBPUSD,Shift-CP,1621,10.0,0.0061690314620604,Green,Green,Green
Hist-Sim,GBPUSD,Shift-ERM,1621,10.0,0.0061690314620604,Green,Green,Green
Hist-Sim,GBPUSD,Vol-CP,1621,10.0,0.0061690314620604,Green,Green,Green
Hist-Sim,GBPUSD,Vol-ERM,1621,10.0,0.0061690314620604,Green,Green,Green
Hist-Sim,GBPUSD,State2-ERM,1621,15.0,0.0092535471930906,Green,Green,Green
Hist-Sim,GBPUSD,State4-ERM,1621,15.0,0.0092535471930906,Green,Green,Green
Hist-Sim,GBPUSD,State-L1,1621,15.0,0.0092535471930906,Green,Green,Green
Hist-Sim,GBPUSD,State-L1-clipped,1621,15.0,0.0092535471930906,Green,Green,Green
Hist-Sim,GBPUSD,POT-Shift,1621,9.0,0.0055521283158544,Green,Green,Green
Hist-Sim,GBPUSD,POT-Vol,1621,10.0,0.0061690314620604,Green,Green,Green
Hist-Sim,GBPUSD,ACI-existing,1621,22.0,0.013571869216533,Green,Green,Green
Hist-Sim,GBPUSD,DtACI-projected-seed,1621,20.0,0.0123380629241209,Green,Green,Green
Hist-Sim,GBPUSD,Rolling250,1621,17.0,0.0104873534855027,Green,Green,Green
Hist-Sim,GBPUSD,Rolling500,1621,14.0,0.0086366440468846,Green,Green,Green
Hist-Sim,GBPUSD,Selected-rolling,1621,14.0,0.0086366440468846,Green,Green,Green
Hist-Sim,GBPUSD,Gate-selected-rolling,1621,14.0,0.0086366440468846,Green,Green,Green
Hist-Sim,GBPUSD,Loss-gate,1621,27.0,0.0166563849475632,Yellow,Yellow,Yellow
Hist-Sim,GBPUSD,Past-minimum,1621,10.0,0.0061690314620604,Green,Green,Green
Hist-Sim,GBPUSD,DtACI-projected-expected,1621,20.429707936316163,0.012603151101984,,,
Hist-Sim,GDAXI,Raw,1878,28.0,0.0149094781682641,Green,Green,Yellow
Hist-Sim,GDAXI,Shift-CP,1878,22.0,0.0117145899893503,Green,Green,Green
Hist-Sim,GDAXI,Shift-ERM,1878,22.0,0.0117145899893503,Green,Green,Green
Hist-Sim,GDAXI,Vol-CP,1878,24.0,0.0127795527156549,Green,Green,Green
Hist-Sim,GDAXI,Vol-ERM,1878,24.0,0.0127795527156549,Green,Green,Green
Hist-Sim,GDAXI,State2-ERM,1878,24.0,0.0127795527156549,Green,Green,Green
Hist-Sim,GDAXI,State4-ERM,1878,26.0,0.0138445154419595,Green,Green,Yellow
Hist-Sim,GDAXI,State-L1,1878,22.0,0.0117145899893503,Green,Green,Green
Hist-Sim,GDAXI,State-L1-clipped,1878,22.0,0.0117145899893503,Green,Green,Green
Hist-Sim,GDAXI,POT-Shift,1878,21.0,0.011182108626198,Green,Green,Green
Hist-Sim,GDAXI,POT-Vol,1878,22.0,0.0117145899893503,Green,Green,Green
Hist-Sim,GDAXI,ACI-existing,1878,26.0,0.0138445154419595,Green,Green,Yellow
Hist-Sim,GDAXI,DtACI-projected-seed,1878,28.0,0.0149094781682641,Green,Green,Yellow
Hist-Sim,GDAXI,Rolling250,1878,24.0,0.0127795527156549,Green,Green,Green
Hist-Sim,GDAXI,Rolling500,1878,22.0,0.0117145899893503,Green,Green,Green
Hist-Sim,GDAXI,Selected-rolling,1878,22.0,0.0117145899893503,Green,Green,Green
Hist-Sim,GDAXI,Gate-selected-rolling,1878,22.0,0.0117145899893503,Green,Green,Green
Hist-Sim,GDAXI,Loss-gate,1878,25.0,0.0133120340788072,Green,Green,Green
Hist-Sim,GDAXI,Past-minimum,1878,25.0,0.0133120340788072,Green,Green,Green
Hist-Sim,GDAXI,DtACI-projected-expected,1878,27.057415117358985,0.0144075692850686,,,
Hist-Sim,GLD,Raw,1490,20.0,0.0134228187919463,Green,Green,Green
Hist-Sim,GLD,Shift-CP,1490,12.0,0.0080536912751677,Green,Green,Green
Hist-Sim,GLD,Shift-ERM,1490,13.0,0.0087248322147651,Green,Green,Green
Hist-Sim,GLD,Vol-CP,1490,13.0,0.0087248322147651,Green,Green,Green
Hist-Sim,GLD,Vol-ERM,1490,12.0,0.0080536912751677,Green,Green,Green
Hist-Sim,GLD,State2-ERM,1490,13.0,0.0087248322147651,Green,Green,Green
Hist-Sim,GLD,State4-ERM,1490,14.0,0.0093959731543624,Green,Green,Green
Hist-Sim,GLD,State-L1,1490,13.0,0.0087248322147651,Green,Green,Green
Hist-Sim,GLD,State-L1-clipped,1490,13.0,0.0087248322147651,Green,Green,Green
Hist-Sim,GLD,POT-Shift,1490,12.0,0.0080536912751677,Green,Green,Green
Hist-Sim,GLD,POT-Vol,1490,12.0,0.0080536912751677,Green,Green,Green
Hist-Sim,GLD,ACI-existing,1490,18.0,0.0120805369127516,Green,Green,Green
Hist-Sim,GLD,DtACI-projected-seed,1490,16.0,0.010738255033557,Green,Green,Green
Hist-Sim,GLD,Rolling250,1490,13.0,0.0087248322147651,Green,Green,Green
Hist-Sim,GLD,Rolling500,1490,15.0,0.0100671140939597,Green,Green,Green
Hist-Sim,GLD,Selected-rolling,1490,15.0,0.0100671140939597,Green,Green,Green
Hist-Sim,GLD,Gate-selected-rolling,1490,15.0,0.0100671140939597,Green,Green,Green
Hist-Sim,GLD,Loss-gate,1490,20.0,0.0134228187919463,Green,Green,Green
Hist-Sim,GLD,Past-minimum,1490,12.0,0.0080536912751677,Green,Green,Green
Hist-Sim,GLD,DtACI-projected-expected,1490,16.91622751153679,0.0113531728265347,,,
Hist-Sim,HSI,Raw,1817,24.0,0.0132085855806274,Green,Green,Green
Hist-Sim,HSI,Shift-CP,1817,19.0,0.0104567969179966,Green,Green,Green
Hist-Sim,HSI,Shift-ERM,1817,19.0,0.0104567969179966,Green,Green,Green
Hist-Sim,HSI,Vol-CP,1817,20.0,0.0110071546505228,Green,Green,Green
Hist-Sim,HSI,Vol-ERM,1817,14.0,0.0077050082553659,Green,Green,Green
Hist-Sim,HSI,State2-ERM,1817,17.0,0.0093560814529444,Green,Green,Green
Hist-Sim,HSI,State4-ERM,1817,19.0,0.0104567969179966,Green,Green,Green
Hist-Sim,HSI,State-L1,1817,19.0,0.0104567969179966,Green,Green,Green
Hist-Sim,HSI,State-L1-clipped,1817,19.0,0.0104567969179966,Green,Green,Green
Hist-Sim,HSI,POT-Shift,1817,18.0,0.0099064391854705,Green,Green,Green
Hist-Sim,HSI,POT-Vol,1817,20.0,0.0110071546505228,Green,Green,Green
Hist-Sim,HSI,ACI-existing,1817,22.0,0.0121078701155751,Green,Green,Green
Hist-Sim,HSI,DtACI-projected-seed,1817,27.0,0.0148596587782058,Green,Green,Yellow
Hist-Sim,HSI,Rolling250,1817,19.0,0.0104567969179966,Green,Green,Green
Hist-Sim,HSI,Rolling500,1817,18.0,0.0099064391854705,Green,Green,Green
Hist-Sim,HSI,Selected-rolling,1817,18.0,0.0099064391854705,Green,Green,Green
Hist-Sim,HSI,Gate-selected-rolling,1817,18.0,0.0099064391854705,Green,Green,Green
Hist-Sim,HSI,Loss-gate,1817,24.0,0.0132085855806274,Green,Green,Green
Hist-Sim,HSI,Past-minimum,1817,14.0,0.0077050082553659,Green,Green,Green
Hist-Sim,HSI,DtACI-projected-expected,1817,25.88883479709778,0.0142481204166746,,,
Hist-Sim,IBGL,Raw,1260,20.0,0.0158730158730158,Green,Green,Yellow
Hist-Sim,IBGL,Shift-CP,1260,14.0,0.0111111111111111,Green,Green,Green
Hist-Sim,IBGL,Shift-ERM,1260,14.0,0.0111111111111111,Green,Green,Green
Hist-Sim,IBGL,Vol-CP,1260,13.0,0.0103174603174603,Green,Green,Green
Hist-Sim,IBGL,Vol-ERM,1260,12.0,0.0095238095238095,Green,Green,Green
Hist-Sim,IBGL,State2-ERM,1260,12.0,0.0095238095238095,Green,Green,Green
Hist-Sim,IBGL,State4-ERM,1260,13.0,0.0103174603174603,Green,Green,Green
Hist-Sim,IBGL,State-L1,1260,12.0,0.0095238095238095,Green,Green,Green
Hist-Sim,IBGL,State-L1-clipped,1260,12.0,0.0095238095238095,Green,Green,Green
Hist-Sim,IBGL,POT-Shift,1260,12.0,0.0095238095238095,Green,Green,Green
Hist-Sim,IBGL,POT-Vol,1260,12.0,0.0095238095238095,Green,Green,Green
Hist-Sim,IBGL,ACI-existing,1260,20.0,0.0158730158730158,Green,Green,Yellow
Hist-Sim,IBGL,DtACI-projected-seed,1260,21.0,0.0166666666666666,Yellow,Yellow,Yellow
Hist-Sim,IBGL,Rolling250,1260,20.0,0.0158730158730158,Green,Green,Yellow
Hist-Sim,IBGL,Rolling500,1260,19.0,0.015079365079365,Green,Green,Yellow
Hist-Sim,IBGL,Selected-rolling,1260,15.0,0.0119047619047619,Green,Green,Green
Hist-Sim,IBGL,Gate-selected-rolling,1260,15.0,0.0119047619047619,Green,Green,Green
Hist-Sim,IBGL,Loss-gate,1260,20.0,0.0158730158730158,Green,Green,Yellow
Hist-Sim,IBGL,Past-minimum,1260,12.0,0.0095238095238095,Green,Green,Green
Hist-Sim,IBGL,DtACI-projected-expected,1260,22.01479526715323,0.0174720597358358,,,
Hist-Sim,ICLN,Raw,1219,14.0,0.0114848236259228,Green,Green,Green
Hist-Sim,ICLN,Shift-CP,1219,14.0,0.0114848236259228,Green,Green,Green
Hist-Sim,ICLN,Shift-ERM,1219,14.0,0.0114848236259228,Green,Green,Green
Hist-Sim,ICLN,Vol-CP,1219,13.0,0.0106644790812141,Green,Green,Green
Hist-Sim,ICLN,Vol-ERM,1219,9.0,0.0073831009023789,Green,Green,Green
Hist-Sim,ICLN,State2-ERM,1219,9.0,0.0073831009023789,Green,Green,Green
Hist-Sim,ICLN,State4-ERM,1219,15.0,0.0123051681706316,Green,Green,Green
Hist-Sim,ICLN,State-L1,1219,13.0,0.0106644790812141,Green,Green,Green
Hist-Sim,ICLN,State-L1-clipped,1219,13.0,0.0106644790812141,Green,Green,Green
Hist-Sim,ICLN,POT-Shift,1219,9.0,0.0073831009023789,Green,Green,Green
Hist-Sim,ICLN,POT-Vol,1219,9.0,0.0073831009023789,Green,Green,Green
Hist-Sim,ICLN,ACI-existing,1219,15.0,0.0123051681706316,Green,Green,Green
Hist-Sim,ICLN,DtACI-projected-seed,1219,23.0,0.0188679245283018,Yellow,Yellow,Yellow
Hist-Sim,ICLN,Rolling250,1219,13.0,0.0106644790812141,Green,Green,Green
Hist-Sim,ICLN,Rolling500,1219,17.0,0.0139458572600492,Green,Green,Green
Hist-Sim,ICLN,Selected-rolling,1219,13.0,0.0106644790812141,Green,Green,Green
Hist-Sim,ICLN,Gate-selected-rolling,1219,14.0,0.0114848236259228,Green,Green,Green
Hist-Sim,ICLN,Loss-gate,1219,14.0,0.0114848236259228,Green,Green,Green
Hist-Sim,ICLN,Past-minimum,1219,13.0,0.0106644790812141,Green,Green,Green
Hist-Sim,ICLN,DtACI-projected-expected,1219,24.659256144018457,0.0202290862543219,,,
Hist-Sim,NIFTY,Raw,1242,19.0,0.0152979066022544,Green,Green,Yellow
Hist-Sim,NIFTY,Shift-CP,1242,10.0,0.0080515297906602,Green,Green,Green
Hist-Sim,NIFTY,Shift-ERM,1242,11.0,0.0088566827697262,Green,Green,Green
Hist-Sim,NIFTY,Vol-CP,1242,10.0,0.0080515297906602,Green,Green,Green
Hist-Sim,NIFTY,Vol-ERM,1242,8.0,0.0064412238325281,Green,Green,Green
Hist-Sim,NIFTY,State2-ERM,1242,19.0,0.0152979066022544,Green,Green,Yellow
Hist-Sim,NIFTY,State4-ERM,1242,21.0,0.0169082125603864,Yellow,Yellow,Yellow
Hist-Sim,NIFTY,State-L1,1242,19.0,0.0152979066022544,Green,Green,Yellow
Hist-Sim,NIFTY,State-L1-clipped,1242,19.0,0.0152979066022544,Green,Green,Yellow
Hist-Sim,NIFTY,POT-Shift,1242,8.0,0.0064412238325281,Green,Green,Green
Hist-Sim,NIFTY,POT-Vol,1242,8.0,0.0064412238325281,Green,Green,Green
Hist-Sim,NIFTY,ACI-existing,1242,21.0,0.0169082125603864,Yellow,Yellow,Yellow
Hist-Sim,NIFTY,DtACI-projected-seed,1242,20.0,0.0161030595813204,Yellow,Yellow,Yellow
Hist-Sim,NIFTY,Rolling250,1242,21.0,0.0169082125603864,Yellow,Yellow,Yellow
Hist-Sim,NIFTY,Rolling500,1242,15.0,0.0120772946859903,Green,Green,Green
Hist-Sim,NIFTY,Selected-rolling,1242,20.0,0.0161030595813204,Yellow,Yellow,Yellow
Hist-Sim,NIFTY,Gate-selected-rolling,1242,20.0,0.0161030595813204,Yellow,Yellow,Yellow
Hist-Sim,NIFTY,Loss-gate,1242,19.0,0.0152979066022544,Green,Green,Yellow
Hist-Sim,NIFTY,Past-minimum,1242,13.0,0.0104669887278582,Green,Green,Green
Hist-Sim,NIFTY,DtACI-projected-expected,1242,20.88118131802739,0.0168125453446275,,,
Hist-Sim,NIKKEI,Raw,1806,31.0,0.0171650055370985,Yellow,Yellow,Yellow
Hist-Sim,NIKKEI,Shift-CP,1806,13.0,0.0071982281284606,Green,Green,Green
Hist-Sim,NIKKEI,Shift-ERM,1806,15.0,0.0083056478405315,Green,Green,Green
Hist-Sim,NIKKEI,Vol-CP,1806,14.0,0.0077519379844961,Green,Green,Green
Hist-Sim,NIKKEI,Vol-ERM,1806,14.0,0.0077519379844961,Green,Green,Green
Hist-Sim,NIKKEI,State2-ERM,1806,15.0,0.0083056478405315,Green,Green,Green
Hist-Sim,NIKKEI,State4-ERM,1806,14.0,0.0077519379844961,Green,Green,Green
Hist-Sim,NIKKEI,State-L1,1806,15.0,0.0083056478405315,Green,Green,Green
Hist-Sim,NIKKEI,State-L1-clipped,1806,15.0,0.0083056478405315,Green,Green,Green
Hist-Sim,NIKKEI,POT-Shift,1806,14.0,0.0077519379844961,Green,Green,Green
Hist-Sim,NIKKEI,POT-Vol,1806,14.0,0.0077519379844961,Green,Green,Green
Hist-Sim,NIKKEI,ACI-existing,1806,25.0,0.0138427464008859,Green,Green,Yellow
Hist-Sim,NIKKEI,DtACI-projected-seed,1806,25.0,0.0138427464008859,Green,Green,Yellow
Hist-Sim,NIKKEI,Rolling250,1806,28.0,0.0155038759689922,Green,Green,Yellow
Hist-Sim,NIKKEI,Rolling500,1806,20.0,0.0110741971207087,Green,Green,Green
Hist-Sim,NIKKEI,Selected-rolling,1806,22.0,0.0121816168327796,Green,Green,Green
Hist-Sim,NIKKEI,Gate-selected-rolling,1806,22.0,0.0121816168327796,Green,Green,Green
Hist-Sim,NIKKEI,Loss-gate,1806,31.0,0.0171650055370985,Yellow,Yellow,Yellow
Hist-Sim,NIKKEI,Past-minimum,1806,14.0,0.0077519379844961,Green,Green,Green
Hist-Sim,NIKKEI,DtACI-projected-expected,1806,26.331141441634735,0.0145798125368963,,,
Hist-Sim,SP500,Raw,1858,31.0,0.0166846071044133,Yellow,Yellow,Yellow
Hist-Sim,SP500,Shift-CP,1858,26.0,0.0139935414424111,Green,Green,Yellow
Hist-Sim,SP500,Shift-ERM,1858,26.0,0.0139935414424111,Green,Green,Yellow
Hist-Sim,SP500,Vol-CP,1858,21.0,0.011302475780409,Green,Green,Green
Hist-Sim,SP500,Vol-ERM,1858,20.0,0.0107642626480086,Green,Green,Green
Hist-Sim,SP500,State2-ERM,1858,20.0,0.0107642626480086,Green,Green,Green
Hist-Sim,SP500,State4-ERM,1858,20.0,0.0107642626480086,Green,Green,Green
Hist-Sim,SP500,State-L1,1858,20.0,0.0107642626480086,Green,Green,Green
Hist-Sim,SP500,State-L1-clipped,1858,20.0,0.0107642626480086,Green,Green,Green
Hist-Sim,SP500,POT-Shift,1858,26.0,0.0139935414424111,Green,Green,Yellow
Hist-Sim,SP500,POT-Vol,1858,21.0,0.011302475780409,Green,Green,Green
Hist-Sim,SP500,ACI-existing,1858,36.0,0.0193756727664155,Yellow,Yellow,Red
Hist-Sim,SP500,DtACI-projected-seed,1858,33.0,0.0177610333692142,Yellow,Yellow,Yellow
Hist-Sim,SP500,Rolling250,1858,39.0,0.0209903121636167,Yellow,Yellow,Red
Hist-Sim,SP500,Rolling500,1858,25.0,0.0134553283100107,Green,Green,Green
Hist-Sim,SP500,Selected-rolling,1858,25.0,0.0134553283100107,Green,Green,Green
Hist-Sim,SP500,Gate-selected-rolling,1858,25.0,0.0134553283100107,Green,Green,Green
Hist-Sim,SP500,Loss-gate,1858,31.0,0.0166846071044133,Yellow,Yellow,Yellow
Hist-Sim,SP500,Past-minimum,1858,20.0,0.0107642626480086,Green,Green,Green
Hist-Sim,SP500,DtACI-projected-expected,1858,35.99149333392657,0.0193710943670218,,,
Hist-Sim,STOXX,Raw,1532,15.0,0.0097911227154047,Green,Green,Green
Hist-Sim,STOXX,Shift-CP,1532,8.0,0.0052219321148825,Green,Green,Green
Hist-Sim,STOXX,Shift-ERM,1532,8.0,0.0052219321148825,Green,Green,Green
Hist-Sim,STOXX,Vol-CP,1532,10.0,0.0065274151436031,Green,Green,Green
Hist-Sim,STOXX,Vol-ERM,1532,10.0,0.0065274151436031,Green,Green,Green
Hist-Sim,STOXX,State2-ERM,1532,9.0,0.0058746736292428,Green,Green,Green
Hist-Sim,STOXX,State4-ERM,1532,10.0,0.0065274151436031,Green,Green,Green
Hist-Sim,STOXX,State-L1,1532,9.0,0.0058746736292428,Green,Green,Green
Hist-Sim,STOXX,State-L1-clipped,1532,9.0,0.0058746736292428,Green,Green,Green
Hist-Sim,STOXX,POT-Shift,1532,8.0,0.0052219321148825,Green,Green,Green
Hist-Sim,STOXX,POT-Vol,1532,10.0,0.0065274151436031,Green,Green,Green
Hist-Sim,STOXX,ACI-existing,1532,22.0,0.0143603133159268,Green,Green,Yellow
Hist-Sim,STOXX,DtACI-projected-seed,1532,15.0,0.0097911227154047,Green,Green,Green
Hist-Sim,STOXX,Rolling250,1532,19.0,0.0124020887728459,Green,Green,Green
Hist-Sim,STOXX,Rolling500,1532,14.0,0.0091383812010443,Green,Green,Green
Hist-Sim,STOXX,Selected-rolling,1532,14.0,0.0091383812010443,Green,Green,Green
Hist-Sim,STOXX,Gate-selected-rolling,1532,14.0,0.0091383812010443,Green,Green,Green
Hist-Sim,STOXX,Loss-gate,1532,15.0,0.0097911227154047,Green,Green,Green
Hist-Sim,STOXX,Past-minimum,1532,10.0,0.0065274151436031,Green,Green,Green
Hist-Sim,STOXX,DtACI-projected-expected,1532,20.81460335851324,0.0135865557170451,,,
Hist-Sim,TLT,Raw,1665,20.0,0.012012012012012,Green,Green,Green
Hist-Sim,TLT,Shift-CP,1665,17.0,0.0102102102102102,Green,Green,Green
Hist-Sim,TLT,Shift-ERM,1665,17.0,0.0102102102102102,Green,Green,Green
Hist-Sim,TLT,Vol-CP,1665,16.0,0.0096096096096096,Green,Green,Green
Hist-Sim,TLT,Vol-ERM,1665,15.0,0.009009009009009,Green,Green,Green
Hist-Sim,TLT,State2-ERM,1665,14.0,0.0084084084084084,Green,Green,Green
Hist-Sim,TLT,State4-ERM,1665,16.0,0.0096096096096096,Green,Green,Green
Hist-Sim,TLT,State-L1,1665,14.0,0.0084084084084084,Green,Green,Green
Hist-Sim,TLT,State-L1-clipped,1665,14.0,0.0084084084084084,Green,Green,Green
Hist-Sim,TLT,POT-Shift,1665,17.0,0.0102102102102102,Green,Green,Green
Hist-Sim,TLT,POT-Vol,1665,16.0,0.0096096096096096,Green,Green,Green
Hist-Sim,TLT,ACI-existing,1665,22.0,0.0132132132132132,Green,Green,Green
Hist-Sim,TLT,DtACI-projected-seed,1665,17.0,0.0102102102102102,Green,Green,Green
Hist-Sim,TLT,Rolling250,1665,18.0,0.0108108108108108,Green,Green,Green
Hist-Sim,TLT,Rolling500,1665,16.0,0.0096096096096096,Green,Green,Green
Hist-Sim,TLT,Selected-rolling,1665,18.0,0.0108108108108108,Green,Green,Green
Hist-Sim,TLT,Gate-selected-rolling,1665,18.0,0.0108108108108108,Green,Green,Green
Hist-Sim,TLT,Loss-gate,1665,20.0,0.012012012012012,Green,Green,Green
Hist-Sim,TLT,Past-minimum,1665,20.0,0.012012012012012,Green,Green,Green
Hist-Sim,TLT,DtACI-projected-expected,1665,22.203443546804262,0.0133354015296121,,,
Hist-Sim,UNG,Raw,1309,22.0,0.0168067226890756,Yellow,Yellow,Yellow
Hist-Sim,UNG,Shift-CP,1309,13.0,0.0099312452253628,Green,Green,Green
Hist-Sim,UNG,Shift-ERM,1309,15.0,0.0114591291061879,Green,Green,Green
Hist-Sim,UNG,Vol-CP,1309,11.0,0.0084033613445378,Green,Green,Green
Hist-Sim,UNG,Vol-ERM,1309,11.0,0.0084033613445378,Green,Green,Green
Hist-Sim,UNG,State2-ERM,1309,6.0,0.0045836516424751,Green,Green,Green
Hist-Sim,UNG,State4-ERM,1309,7.0,0.0053475935828877,Green,Green,Green
Hist-Sim,UNG,State-L1,1309,6.0,0.0045836516424751,Green,Green,Green
Hist-Sim,UNG,State-L1-clipped,1309,6.0,0.0045836516424751,Green,Green,Green
Hist-Sim,UNG,POT-Shift,1309,15.0,0.0114591291061879,Green,Green,Green
Hist-Sim,UNG,POT-Vol,1309,12.0,0.0091673032849503,Green,Green,Green
Hist-Sim,UNG,ACI-existing,1309,16.0,0.0122230710466004,Green,Green,Green
Hist-Sim,UNG,DtACI-projected-seed,1309,19.0,0.014514896867838,Green,Green,Yellow
Hist-Sim,UNG,Rolling250,1309,12.0,0.0091673032849503,Green,Green,Green
Hist-Sim,UNG,Rolling500,1309,12.0,0.0091673032849503,Green,Green,Green
Hist-Sim,UNG,Selected-rolling,1309,12.0,0.0091673032849503,Green,Green,Green
Hist-Sim,UNG,Gate-selected-rolling,1309,12.0,0.0091673032849503,Green,Green,Green
Hist-Sim,UNG,Loss-gate,1309,22.0,0.0168067226890756,Yellow,Yellow,Yellow
Hist-Sim,UNG,Past-minimum,1309,12.0,0.0091673032849503,Green,Green,Green
Hist-Sim,UNG,DtACI-projected-expected,1309,17.817449891567193,0.0136114972433668,,,
Hist-Sim,USDJPY,Raw,1923,38.0,0.0197607904316172,Yellow,Yellow,Red
Hist-Sim,USDJPY,Shift-CP,1923,26.0,0.0135205408216328,Green,Green,Green
Hist-Sim,USDJPY,Shift-ERM,1923,29.0,0.0150806032241289,Green,Green,Yellow
Hist-Sim,USDJPY,Vol-CP,1923,26.0,0.0135205408216328,Green,Green,Green
Hist-Sim,USDJPY,Vol-ERM,1923,21.0,0.0109204368174727,Green,Green,Green
Hist-Sim,USDJPY,State2-ERM,1923,33.0,0.0171606864274571,Yellow,Yellow,Yellow
Hist-Sim,USDJPY,State4-ERM,1923,51.0,0.0265210608424337,Yellow,Yellow,Red
Hist-Sim,USDJPY,State-L1,1923,52.0,0.0270410816432657,Yellow,Yellow,Red
Hist-Sim,USDJPY,State-L1-clipped,1923,36.0,0.0187207488299532,Yellow,Yellow,Yellow
Hist-Sim,USDJPY,POT-Shift,1923,24.0,0.0124804992199688,Green,Green,Green
Hist-Sim,USDJPY,POT-Vol,1923,26.0,0.0135205408216328,Green,Green,Green
Hist-Sim,USDJPY,ACI-existing,1923,26.0,0.0135205408216328,Green,Green,Green
Hist-Sim,USDJPY,DtACI-projected-seed,1923,31.0,0.016120644825793,Yellow,Yellow,Yellow
Hist-Sim,USDJPY,Rolling250,1923,25.0,0.0130005200208008,Green,Green,Green
Hist-Sim,USDJPY,Rolling500,1923,25.0,0.0130005200208008,Green,Green,Green
Hist-Sim,USDJPY,Selected-rolling,1923,25.0,0.0130005200208008,Green,Green,Green
Hist-Sim,USDJPY,Gate-selected-rolling,1923,25.0,0.0130005200208008,Green,Green,Green
Hist-Sim,USDJPY,Loss-gate,1923,38.0,0.0197607904316172,Yellow,Yellow,Red
Hist-Sim,USDJPY,Past-minimum,1923,38.0,0.0197607904316172,Yellow,Yellow,Red
Hist-Sim,USDJPY,DtACI-projected-expected,1923,30.63118668496726,0.0159288542303521,,,
Hist-Sim,USO,Raw,1386,17.0,0.0122655122655122,Green,Green,Green
Hist-Sim,USO,Shift-CP,1386,14.0,0.0101010101010101,Green,Green,Green
Hist-Sim,USO,Shift-ERM,1386,14.0,0.0101010101010101,Green,Green,Green
Hist-Sim,USO,Vol-CP,1386,11.0,0.0079365079365079,Green,Green,Green
Hist-Sim,USO,Vol-ERM,1386,9.0,0.0064935064935064,Green,Green,Green
Hist-Sim,USO,State2-ERM,1386,10.0,0.0072150072150072,Green,Green,Green
Hist-Sim,USO,State4-ERM,1386,12.0,0.0086580086580086,Green,Green,Green
Hist-Sim,USO,State-L1,1386,12.0,0.0086580086580086,Green,Green,Green
Hist-Sim,USO,State-L1-clipped,1386,12.0,0.0086580086580086,Green,Green,Green
Hist-Sim,USO,POT-Shift,1386,12.0,0.0086580086580086,Green,Green,Green
Hist-Sim,USO,POT-Vol,1386,9.0,0.0064935064935064,Green,Green,Green
Hist-Sim,USO,ACI-existing,1386,22.0,0.0158730158730158,Green,Green,Yellow
Hist-Sim,USO,DtACI-projected-seed,1386,24.0,0.0173160173160173,Yellow,Yellow,Yellow
Hist-Sim,USO,Rolling250,1386,20.0,0.0144300144300144,Green,Green,Yellow
Hist-Sim,USO,Rolling500,1386,17.0,0.0122655122655122,Green,Green,Green
Hist-Sim,USO,Selected-rolling,1386,18.0,0.0129870129870129,Green,Green,Green
Hist-Sim,USO,Gate-selected-rolling,1386,18.0,0.0129870129870129,Green,Green,Green
Hist-Sim,USO,Loss-gate,1386,17.0,0.0122655122655122,Green,Green,Green
Hist-Sim,USO,Past-minimum,1386,11.0,0.0079365079365079,Green,Green,Green
Hist-Sim,USO,DtACI-projected-expected,1386,23.76098941421859,0.0171435710059297,,,
EWMA,ASX200,Raw,1868,54.0,0.0289079229122055,Yellow,Yellow,Red
EWMA,ASX200,Shift-CP,1868,34.0,0.0182012847965738,Yellow,Yellow,Yellow
EWMA,ASX200,Shift-ERM,1868,35.0,0.0187366167023554,Yellow,Yellow,Yellow
EWMA,ASX200,Vol-CP,1868,32.0,0.0171306209850107,Yellow,Yellow,Yellow
EWMA,ASX200,Vol-ERM,1868,39.0,0.0208779443254818,Yellow,Yellow,Red
EWMA,ASX200,State2-ERM,1868,35.0,0.0187366167023554,Yellow,Yellow,Yellow
EWMA,ASX200,State4-ERM,1868,34.0,0.0182012847965738,Yellow,Yellow,Yellow
EWMA,ASX200,State-L1,1868,34.0,0.0182012847965738,Yellow,Yellow,Yellow
EWMA,ASX200,State-L1-clipped,1868,34.0,0.0182012847965738,Yellow,Yellow,Yellow
EWMA,ASX200,POT-Shift,1868,34.0,0.0182012847965738,Yellow,Yellow,Yellow
EWMA,ASX200,POT-Vol,1868,32.0,0.0171306209850107,Yellow,Yellow,Yellow
EWMA,ASX200,ACI-existing,1868,23.0,0.0123126338329764,Green,Green,Green
EWMA,ASX200,DtACI-projected-seed,1868,24.0,0.012847965738758,Green,Green,Green
EWMA,ASX200,Rolling250,1868,18.0,0.0096359743040685,Green,Green,Green
EWMA,ASX200,Rolling500,1868,21.0,0.0112419700214132,Green,Green,Green
EWMA,ASX200,Selected-rolling,1868,21.0,0.0112419700214132,Green,Green,Green
EWMA,ASX200,Gate-selected-rolling,1868,21.0,0.0112419700214132,Green,Green,Green
EWMA,ASX200,Loss-gate,1868,41.0,0.0219486081370449,Yellow,Yellow,Red
EWMA,ASX200,Past-minimum,1868,35.0,0.0187366167023554,Yellow,Yellow,Yellow
EWMA,ASX200,DtACI-projected-expected,1868,24.114689378984853,0.0129093626225828,,,
EWMA,AUDUSD,Raw,1430,29.0,0.0202797202797202,Yellow,Yellow,Yellow
EWMA,AUDUSD,Shift-CP,1430,8.0,0.0055944055944055,Green,Green,Green
EWMA,AUDUSD,Shift-ERM,1430,10.0,0.0069930069930069,Green,Green,Green
EWMA,AUDUSD,Vol-CP,1430,13.0,0.009090909090909,Green,Green,Green
EWMA,AUDUSD,Vol-ERM,1430,13.0,0.009090909090909,Green,Green,Green
EWMA,AUDUSD,State2-ERM,1430,10.0,0.0069930069930069,Green,Green,Green
EWMA,AUDUSD,State4-ERM,1430,12.0,0.0083916083916083,Green,Green,Green
EWMA,AUDUSD,State-L1,1430,10.0,0.0069930069930069,Green,Green,Green
EWMA,AUDUSD,State-L1-clipped,1430,10.0,0.0069930069930069,Green,Green,Green
EWMA,AUDUSD,POT-Shift,1430,10.0,0.0069930069930069,Green,Green,Green
EWMA,AUDUSD,POT-Vol,1430,13.0,0.009090909090909,Green,Green,Green
EWMA,AUDUSD,ACI-existing,1430,17.0,0.0118881118881118,Green,Green,Green
EWMA,AUDUSD,DtACI-projected-seed,1430,18.0,0.0125874125874125,Green,Green,Green
EWMA,AUDUSD,Rolling250,1430,12.0,0.0083916083916083,Green,Green,Green
EWMA,AUDUSD,Rolling500,1430,12.0,0.0083916083916083,Green,Green,Green
EWMA,AUDUSD,Selected-rolling,1430,12.0,0.0083916083916083,Green,Green,Green
EWMA,AUDUSD,Gate-selected-rolling,1430,12.0,0.0083916083916083,Green,Green,Green
EWMA,AUDUSD,Loss-gate,1430,29.0,0.0202797202797202,Yellow,Yellow,Yellow
EWMA,AUDUSD,Past-minimum,1430,13.0,0.009090909090909,Green,Green,Green
EWMA,AUDUSD,DtACI-projected-expected,1430,15.8535524817799,0.011086400336909,,,
EWMA,BOVESPA,Raw,1829,33.0,0.018042646254784,Yellow,Yellow,Yellow
EWMA,BOVESPA,Shift-CP,1829,18.0,0.0098414434117003,Green,Green,Green
EWMA,BOVESPA,Shift-ERM,1829,18.0,0.0098414434117003,Green,Green,Green
EWMA,BOVESPA,Vol-CP,1829,23.0,0.0125751776927282,Green,Green,Green
EWMA,BOVESPA,Vol-ERM,1829,23.0,0.0125751776927282,Green,Green,Green
EWMA,BOVESPA,State2-ERM,1829,13.0,0.0071077091306724,Green,Green,Green
EWMA,BOVESPA,State4-ERM,1829,14.0,0.007654455986878,Green,Green,Green
EWMA,BOVESPA,State-L1,1829,17.0,0.0092946965554948,Green,Green,Green
EWMA,BOVESPA,State-L1-clipped,1829,17.0,0.0092946965554948,Green,Green,Green
EWMA,BOVESPA,POT-Shift,1829,17.0,0.0092946965554948,Green,Green,Green
EWMA,BOVESPA,POT-Vol,1829,19.0,0.0103881902679059,Green,Green,Green
EWMA,BOVESPA,ACI-existing,1829,22.0,0.0120284308365226,Green,Green,Green
EWMA,BOVESPA,DtACI-projected-seed,1829,23.0,0.0125751776927282,Green,Green,Green
EWMA,BOVESPA,Rolling250,1829,15.0,0.0082012028430836,Green,Green,Green
EWMA,BOVESPA,Rolling500,1829,19.0,0.0103881902679059,Green,Green,Green
EWMA,BOVESPA,Selected-rolling,1829,19.0,0.0103881902679059,Green,Green,Green
EWMA,BOVESPA,Gate-selected-rolling,1829,19.0,0.0103881902679059,Green,Green,Green
EWMA,BOVESPA,Loss-gate,1829,33.0,0.018042646254784,Yellow,Yellow,Yellow
EWMA,BOVESPA,Past-minimum,1829,33.0,0.018042646254784,Yellow,Yellow,Yellow
EWMA,BOVESPA,DtACI-projected-expected,1829,24.6813268090496,0.0134944378398302,,,
EWMA,BTC,Raw,1157,25.0,0.0216076058772687,Yellow,Yellow,Yellow
EWMA,BTC,Shift-CP,1157,3.0,0.0025929127052722,Green,Green,Green
EWMA,BTC,Shift-ERM,1157,4.0,0.003457216940363,Green,Green,Green
EWMA,BTC,Vol-CP,1157,4.0,0.003457216940363,Green,Green,Green
EWMA,BTC,Vol-ERM,1157,9.0,0.0077787381158167,Green,Green,Green
EWMA,BTC,State2-ERM,1157,1.0,0.0008643042350907,Green,Green,Green
EWMA,BTC,State4-ERM,1157,2.0,0.0017286084701815,Green,Green,Green
EWMA,BTC,State-L1,1157,1.0,0.0008643042350907,Green,Green,Green
EWMA,BTC,State-L1-clipped,1157,1.0,0.0008643042350907,Green,Green,Green
EWMA,BTC,POT-Shift,1157,4.0,0.003457216940363,Green,Green,Green
EWMA,BTC,POT-Vol,1157,7.0,0.0060501296456352,Green,Green,Green
EWMA,BTC,ACI-existing,1157,14.0,0.0121002592912705,Green,Green,Green
EWMA,BTC,DtACI-projected-seed,1157,17.0,0.0146931719965427,Green,Green,Yellow
EWMA,BTC,Rolling250,1157,12.0,0.010371650821089,Green,Green,Green
EWMA,BTC,Rolling500,1157,16.0,0.013828867761452,Green,Green,Green
EWMA,BTC,Selected-rolling,1157,16.0,0.013828867761452,Green,Green,Green
EWMA,BTC,Gate-selected-rolling,1157,16.0,0.013828867761452,Green,Green,Green
EWMA,BTC,Loss-gate,1157,15.0,0.0129645635263612,Green,Green,Green
EWMA,BTC,Past-minimum,1157,4.0,0.003457216940363,Green,Green,Green
EWMA,BTC,DtACI-projected-expected,1157,16.403515428656178,0.014177627855364,,,
EWMA,CBU0,Raw,1010,18.0,0.0178217821782178,Yellow,Yellow,Yellow
EWMA,CBU0,Shift-CP,1010,12.0,0.0118811881188118,Green,Green,Green
EWMA,CBU0,Shift-ERM,1010,12.0,0.0118811881188118,Green,Green,Green
EWMA,CBU0,Vol-CP,1010,10.0,0.0099009900990099,Green,Green,Green
EWMA,CBU0,Vol-ERM,1010,13.0,0.0128712871287128,Green,Green,Green
EWMA,CBU0,State2-ERM,1010,16.0,0.0158415841584158,Green,Green,Yellow
EWMA,CBU0,State4-ERM,1010,15.0,0.0148514851485148,Green,Green,Green
EWMA,CBU0,State-L1,1010,16.0,0.0158415841584158,Green,Green,Yellow
EWMA,CBU0,State-L1-clipped,1010,16.0,0.0158415841584158,Green,Green,Yellow
EWMA,CBU0,POT-Shift,1010,11.0,0.0108910891089108,Green,Green,Green
EWMA,CBU0,POT-Vol,1010,0.0,0.0,Green,Green,Green
EWMA,CBU0,ACI-existing,1010,11.0,0.0108910891089108,Green,Green,Green
EWMA,CBU0,DtACI-projected-seed,1010,11.0,0.0108910891089108,Green,Green,Green
EWMA,CBU0,Rolling250,1010,7.0,0.0069306930693069,Green,Green,Green
EWMA,CBU0,Rolling500,1010,9.0,0.0089108910891089,Green,Green,Green
EWMA,CBU0,Selected-rolling,1010,9.0,0.0089108910891089,Green,Green,Green
EWMA,CBU0,Gate-selected-rolling,1010,9.0,0.0089108910891089,Green,Green,Green
EWMA,CBU0,Loss-gate,1010,18.0,0.0178217821782178,Yellow,Yellow,Yellow
EWMA,CBU0,Past-minimum,1010,12.0,0.0118811881188118,Green,Green,Green
EWMA,CBU0,DtACI-projected-expected,1010,10.85086171863414,0.0107434274441922,,,
EWMA,DJCI,Raw,765,15.0,0.0196078431372549,Yellow,Yellow,Yellow
EWMA,DJCI,Shift-CP,765,7.0,0.0091503267973856,Green,Green,Green
EWMA,DJCI,Shift-ERM,765,8.0,0.0104575163398692,Green,Green,Green
EWMA,DJCI,Vol-CP,765,5.0,0.0065359477124183,Green,Green,Green
EWMA,DJCI,Vol-ERM,765,6.0,0.0078431372549019,Green,Green,Green
EWMA,DJCI,State2-ERM,765,6.0,0.0078431372549019,Green,Green,Green
EWMA,DJCI,State4-ERM,765,5.0,0.0065359477124183,Green,Green,Green
EWMA,DJCI,State-L1,765,8.0,0.0104575163398692,Green,Green,Green
EWMA,DJCI,State-L1-clipped,765,8.0,0.0104575163398692,Green,Green,Green
EWMA,DJCI,POT-Shift,765,6.0,0.0078431372549019,Green,Green,Green
EWMA,DJCI,POT-Vol,765,6.0,0.0078431372549019,Green,Green,Green
EWMA,DJCI,ACI-existing,765,10.0,0.0130718954248366,Green,Green,Green
EWMA,DJCI,DtACI-projected-seed,765,11.0,0.0143790849673202,Green,Green,Green
EWMA,DJCI,Rolling250,765,7.0,0.0091503267973856,Green,Green,Green
EWMA,DJCI,Rolling500,765,11.0,0.0143790849673202,Green,Green,Green
EWMA,DJCI,Selected-rolling,765,11.0,0.0143790849673202,Green,Green,Green
EWMA,DJCI,Gate-selected-rolling,765,11.0,0.0143790849673202,Green,Green,Green
EWMA,DJCI,Loss-gate,765,15.0,0.0196078431372549,Yellow,Yellow,Yellow
EWMA,DJCI,Past-minimum,765,7.0,0.0091503267973856,Green,Green,Green
EWMA,DJCI,DtACI-projected-expected,765,11.103621688167197,0.0145145381544669,,,
EWMA,ETH,Raw,812,19.0,0.0233990147783251,Yellow,Yellow,Yellow
EWMA,ETH,Shift-CP,812,8.0,0.0098522167487684,Green,Green,Green
EWMA,ETH,Shift-ERM,812,9.0,0.0110837438423645,Green,Green,Green
EWMA,ETH,Vol-CP,812,8.0,0.0098522167487684,Green,Green,Green
EWMA,ETH,Vol-ERM,812,10.0,0.0123152709359605,Green,Green,Green
EWMA,ETH,State2-ERM,812,9.0,0.0110837438423645,Green,Green,Green
EWMA,ETH,State4-ERM,812,10.0,0.0123152709359605,Green,Green,Green
EWMA,ETH,State-L1,812,8.0,0.0098522167487684,Green,Green,Green
EWMA,ETH,State-L1-clipped,812,8.0,0.0098522167487684,Green,Green,Green
EWMA,ETH,POT-Shift,812,7.0,0.0086206896551724,Green,Green,Green
EWMA,ETH,POT-Vol,812,10.0,0.0123152709359605,Green,Green,Green
EWMA,ETH,ACI-existing,812,11.0,0.0135467980295566,Green,Green,Green
EWMA,ETH,DtACI-projected-seed,812,14.0,0.0172413793103448,Yellow,Yellow,Yellow
EWMA,ETH,Rolling250,812,9.0,0.0110837438423645,Green,Green,Green
EWMA,ETH,Rolling500,812,11.0,0.0135467980295566,Green,Green,Green
EWMA,ETH,Selected-rolling,812,11.0,0.0135467980295566,Green,Green,Green
EWMA,ETH,Gate-selected-rolling,812,11.0,0.0135467980295566,Green,Green,Green
EWMA,ETH,Loss-gate,812,19.0,0.0233990147783251,Yellow,Yellow,Yellow
EWMA,ETH,Past-minimum,812,19.0,0.0233990147783251,Yellow,Yellow,Yellow
EWMA,ETH,DtACI-projected-expected,812,12.716883338116276,0.0156611863769904,,,
EWMA,EURUSD,Raw,1617,30.0,0.0185528756957328,Yellow,Yellow,Yellow
EWMA,EURUSD,Shift-CP,1617,18.0,0.0111317254174397,Green,Green,Green
EWMA,EURUSD,Shift-ERM,1617,19.0,0.0117501546072974,Green,Green,Green
EWMA,EURUSD,Vol-CP,1617,19.0,0.0117501546072974,Green,Green,Green
EWMA,EURUSD,Vol-ERM,1617,15.0,0.0092764378478664,Green,Green,Green
EWMA,EURUSD,State2-ERM,1617,22.0,0.0136054421768707,Green,Green,Green
EWMA,EURUSD,State4-ERM,1617,21.0,0.0129870129870129,Green,Green,Green
EWMA,EURUSD,State-L1,1617,21.0,0.0129870129870129,Green,Green,Green
EWMA,EURUSD,State-L1-clipped,1617,21.0,0.0129870129870129,Green,Green,Green
EWMA,EURUSD,POT-Shift,1617,12.0,0.0074211502782931,Green,Green,Green
EWMA,EURUSD,POT-Vol,1617,16.0,0.0098948670377241,Green,Green,Green
EWMA,EURUSD,ACI-existing,1617,21.0,0.0129870129870129,Green,Green,Green
EWMA,EURUSD,DtACI-projected-seed,1617,18.0,0.0111317254174397,Green,Green,Green
EWMA,EURUSD,Rolling250,1617,14.0,0.0086580086580086,Green,Green,Green
EWMA,EURUSD,Rolling500,1617,17.0,0.0105132962275819,Green,Green,Green
EWMA,EURUSD,Selected-rolling,1617,17.0,0.0105132962275819,Green,Green,Green
EWMA,EURUSD,Gate-selected-rolling,1617,17.0,0.0105132962275819,Green,Green,Green
EWMA,EURUSD,Loss-gate,1617,30.0,0.0185528756957328,Yellow,Yellow,Yellow
EWMA,EURUSD,Past-minimum,1617,30.0,0.0185528756957328,Yellow,Yellow,Yellow
EWMA,EURUSD,DtACI-projected-expected,1617,18.76295448800701,0.0116035587433562,,,
EWMA,FCHI,Raw,1891,51.0,0.0269698572184029,Yellow,Yellow,Red
EWMA,FCHI,Shift-CP,1891,33.0,0.017451084082496,Yellow,Yellow,Yellow
EWMA,FCHI,Shift-ERM,1891,33.0,0.017451084082496,Yellow,Yellow,Yellow
EWMA,FCHI,Vol-CP,1891,35.0,0.0185087255420412,Yellow,Yellow,Yellow
EWMA,FCHI,Vol-ERM,1891,43.0,0.0227392913802221,Yellow,Yellow,Red
EWMA,FCHI,State2-ERM,1891,27.0,0.0142781597038603,Green,Green,Yellow
EWMA,FCHI,State4-ERM,1891,32.0,0.0169222633527234,Yellow,Yellow,Yellow
EWMA,FCHI,State-L1,1891,33.0,0.017451084082496,Yellow,Yellow,Yellow
EWMA,FCHI,State-L1-clipped,1891,33.0,0.017451084082496,Yellow,Yellow,Yellow
EWMA,FCHI,POT-Shift,1891,31.0,0.0163934426229508,Yellow,Yellow,Yellow
EWMA,FCHI,POT-Vol,1891,33.0,0.017451084082496,Yellow,Yellow,Yellow
EWMA,FCHI,ACI-existing,1891,22.0,0.0116340560549973,Green,Green,Green
EWMA,FCHI,DtACI-projected-seed,1891,25.0,0.0132205182443151,Green,Green,Green
EWMA,FCHI,Rolling250,1891,17.0,0.0089899524061343,Green,Green,Green
EWMA,FCHI,Rolling500,1891,22.0,0.0116340560549973,Green,Green,Green
EWMA,FCHI,Selected-rolling,1891,22.0,0.0116340560549973,Green,Green,Green
EWMA,FCHI,Gate-selected-rolling,1891,22.0,0.0116340560549973,Green,Green,Green
EWMA,FCHI,Loss-gate,1891,45.0,0.0237969328397673,Yellow,Yellow,Red
EWMA,FCHI,Past-minimum,1891,33.0,0.017451084082496,Yellow,Yellow,Yellow
EWMA,FCHI,DtACI-projected-expected,1891,23.718126718565593,0.012542637080151,,,
EWMA,FTSE100,Raw,1867,41.0,0.0219603642206748,Yellow,Yellow,Red
EWMA,FTSE100,Shift-CP,1867,27.0,0.0144617032672737,Green,Green,Yellow
EWMA,FTSE100,Shift-ERM,1867,28.0,0.0149973219068023,Green,Green,Yellow
EWMA,FTSE100,Vol-CP,1867,30.0,0.0160685591858596,Yellow,Yellow,Yellow
EWMA,FTSE100,Vol-ERM,1867,32.0,0.0171397964649169,Yellow,Yellow,Yellow
EWMA,FTSE100,State2-ERM,1867,29.0,0.015532940546331,Green,Green,Yellow
EWMA,FTSE100,State4-ERM,1867,28.0,0.0149973219068023,Green,Green,Yellow
EWMA,FTSE100,State-L1,1867,28.0,0.0149973219068023,Green,Green,Yellow
EWMA,FTSE100,State-L1-clipped,1867,28.0,0.0149973219068023,Green,Green,Yellow
EWMA,FTSE100,POT-Shift,1867,29.0,0.015532940546331,Green,Green,Yellow
EWMA,FTSE100,POT-Vol,1867,29.0,0.015532940546331,Green,Green,Yellow
EWMA,FTSE100,ACI-existing,1867,23.0,0.012319228709159,Green,Green,Green
EWMA,FTSE100,DtACI-projected-seed,1867,20.0,0.0107123727905731,Green,Green,Green
EWMA,FTSE100,Rolling250,1867,16.0,0.0085698982324584,Green,Green,Green
EWMA,FTSE100,Rolling500,1867,20.0,0.0107123727905731,Green,Green,Green
EWMA,FTSE100,Selected-rolling,1867,20.0,0.0107123727905731,Green,Green,Green
EWMA,FTSE100,Gate-selected-rolling,1867,20.0,0.0107123727905731,Green,Green,Green
EWMA,FTSE100,Loss-gate,1867,28.0,0.0149973219068023,Green,Green,Yellow
EWMA,FTSE100,Past-minimum,1867,28.0,0.0149973219068023,Green,Green,Yellow
EWMA,FTSE100,DtACI-projected-expected,1867,21.618663171423155,0.0115793589563059,,,
EWMA,GBPUSD,Raw,1621,30.0,0.0185070943861813,Yellow,Yellow,Yellow
EWMA,GBPUSD,Shift-CP,1621,14.0,0.0086366440468846,Green,Green,Green
EWMA,GBPUSD,Shift-ERM,1621,14.0,0.0086366440468846,Green,Green,Green
EWMA,GBPUSD,Vol-CP,1621,18.0,0.0111042566317088,Green,Green,Green
EWMA,GBPUSD,Vol-ERM,1621,21.0,0.0129549660703269,Green,Green,Green
EWMA,GBPUSD,State2-ERM,1621,15.0,0.0092535471930906,Green,Green,Green
EWMA,GBPUSD,State4-ERM,1621,16.0,0.0098704503392967,Green,Green,Green
EWMA,GBPUSD,State-L1,1621,15.0,0.0092535471930906,Green,Green,Green
EWMA,GBPUSD,State-L1-clipped,1621,15.0,0.0092535471930906,Green,Green,Green
EWMA,GBPUSD,POT-Shift,1621,17.0,0.0104873534855027,Green,Green,Green
EWMA,GBPUSD,POT-Vol,1621,18.0,0.0111042566317088,Green,Green,Green
EWMA,GBPUSD,ACI-existing,1621,17.0,0.0104873534855027,Green,Green,Green
EWMA,GBPUSD,DtACI-projected-seed,1621,18.0,0.0111042566317088,Green,Green,Green
EWMA,GBPUSD,Rolling250,1621,12.0,0.0074028377544725,Green,Green,Green
EWMA,GBPUSD,Rolling500,1621,13.0,0.0080197409006785,Green,Green,Green
EWMA,GBPUSD,Selected-rolling,1621,13.0,0.0080197409006785,Green,Green,Green
EWMA,GBPUSD,Gate-selected-rolling,1621,13.0,0.0080197409006785,Green,Green,Green
EWMA,GBPUSD,Loss-gate,1621,30.0,0.0185070943861813,Yellow,Yellow,Yellow
EWMA,GBPUSD,Past-minimum,1621,14.0,0.0086366440468846,Green,Green,Green
EWMA,GBPUSD,DtACI-projected-expected,1621,16.9532769378773,0.0104585298814789,,,
EWMA,GDAXI,Raw,1878,51.0,0.0271565495207667,Yellow,Yellow,Red
EWMA,GDAXI,Shift-CP,1878,30.0,0.0159744408945686,Green,Green,Yellow
EWMA,GDAXI,Shift-ERM,1878,30.0,0.0159744408945686,Green,Green,Yellow
EWMA,GDAXI,Vol-CP,1878,33.0,0.0175718849840255,Yellow,Yellow,Yellow
EWMA,GDAXI,Vol-ERM,1878,41.0,0.0218317358892438,Yellow,Yellow,Red
EWMA,GDAXI,State2-ERM,1878,29.0,0.0154419595314164,Green,Green,Yellow
EWMA,GDAXI,State4-ERM,1878,30.0,0.0159744408945686,Green,Green,Yellow
EWMA,GDAXI,State-L1,1878,30.0,0.0159744408945686,Green,Green,Yellow
EWMA,GDAXI,State-L1-clipped,1878,30.0,0.0159744408945686,Green,Green,Yellow
EWMA,GDAXI,POT-Shift,1878,30.0,0.0159744408945686,Green,Green,Yellow
EWMA,GDAXI,POT-Vol,1878,33.0,0.0175718849840255,Yellow,Yellow,Yellow
EWMA,GDAXI,ACI-existing,1878,22.0,0.0117145899893503,Green,Green,Green
EWMA,GDAXI,DtACI-projected-seed,1878,23.0,0.0122470713525026,Green,Green,Green
EWMA,GDAXI,Rolling250,1878,16.0,0.0085197018104366,Green,Green,Green
EWMA,GDAXI,Rolling500,1878,20.0,0.0106496272630457,Green,Green,Green
EWMA,GDAXI,Selected-rolling,1878,20.0,0.0106496272630457,Green,Green,Green
EWMA,GDAXI,Gate-selected-rolling,1878,20.0,0.0106496272630457,Green,Green,Green
EWMA,GDAXI,Loss-gate,1878,51.0,0.0271565495207667,Yellow,Yellow,Red
EWMA,GDAXI,Past-minimum,1878,30.0,0.0159744408945686,Green,Green,Yellow
EWMA,GDAXI,DtACI-projected-expected,1878,24.36226536786689,0.0129724522725595,,,
EWMA,GLD,Raw,1490,30.0,0.0201342281879194,Yellow,Yellow,Yellow
EWMA,GLD,Shift-CP,1490,17.0,0.0114093959731543,Green,Green,Green
EWMA,GLD,Shift-ERM,1490,17.0,0.0114093959731543,Green,Green,Green
EWMA,GLD,Vol-CP,1490,14.0,0.0093959731543624,Green,Green,Green
EWMA,GLD,Vol-ERM,1490,16.0,0.010738255033557,Green,Green,Green
EWMA,GLD,State2-ERM,1490,18.0,0.0120805369127516,Green,Green,Green
EWMA,GLD,State4-ERM,1490,18.0,0.0120805369127516,Green,Green,Green
EWMA,GLD,State-L1,1490,17.0,0.0114093959731543,Green,Green,Green
EWMA,GLD,State-L1-clipped,1490,17.0,0.0114093959731543,Green,Green,Green
EWMA,GLD,POT-Shift,1490,16.0,0.010738255033557,Green,Green,Green
EWMA,GLD,POT-Vol,1490,16.0,0.010738255033557,Green,Green,Green
EWMA,GLD,ACI-existing,1490,17.0,0.0114093959731543,Green,Green,Green
EWMA,GLD,DtACI-projected-seed,1490,15.0,0.0100671140939597,Green,Green,Green
EWMA,GLD,Rolling250,1490,9.0,0.0060402684563758,Green,Green,Green
EWMA,GLD,Rolling500,1490,12.0,0.0080536912751677,Green,Green,Green
EWMA,GLD,Selected-rolling,1490,12.0,0.0080536912751677,Green,Green,Green
EWMA,GLD,Gate-selected-rolling,1490,12.0,0.0080536912751677,Green,Green,Green
EWMA,GLD,Loss-gate,1490,30.0,0.0201342281879194,Yellow,Yellow,Yellow
EWMA,GLD,Past-minimum,1490,12.0,0.0080536912751677,Green,Green,Green
EWMA,GLD,DtACI-projected-expected,1490,16.827771989226484,0.0112938067041788,,,
EWMA,HSI,Raw,1817,28.0,0.0154100165107319,Green,Green,Yellow
EWMA,HSI,Shift-CP,1817,17.0,0.0093560814529444,Green,Green,Green
EWMA,HSI,Shift-ERM,1817,17.0,0.0093560814529444,Green,Green,Green
EWMA,HSI,Vol-CP,1817,17.0,0.0093560814529444,Green,Green,Green
EWMA,HSI,Vol-ERM,1817,18.0,0.0099064391854705,Green,Green,Green
EWMA,HSI,State2-ERM,1817,16.0,0.0088057237204182,Green,Green,Green
EWMA,HSI,State4-ERM,1817,19.0,0.0104567969179966,Green,Green,Green
EWMA,HSI,State-L1,1817,16.0,0.0088057237204182,Green,Green,Green
EWMA,HSI,State-L1-clipped,1817,16.0,0.0088057237204182,Green,Green,Green
EWMA,HSI,POT-Shift,1817,18.0,0.0099064391854705,Green,Green,Green
EWMA,HSI,POT-Vol,1817,17.0,0.0093560814529444,Green,Green,Green
EWMA,HSI,ACI-existing,1817,21.0,0.0115575123830489,Green,Green,Green
EWMA,HSI,DtACI-projected-seed,1817,20.0,0.0110071546505228,Green,Green,Green
EWMA,HSI,Rolling250,1817,14.0,0.0077050082553659,Green,Green,Green
EWMA,HSI,Rolling500,1817,18.0,0.0099064391854705,Green,Green,Green
EWMA,HSI,Selected-rolling,1817,18.0,0.0099064391854705,Green,Green,Green
EWMA,HSI,Gate-selected-rolling,1817,18.0,0.0099064391854705,Green,Green,Green
EWMA,HSI,Loss-gate,1817,28.0,0.0154100165107319,Green,Green,Yellow
EWMA,HSI,Past-minimum,1817,16.0,0.0088057237204182,Green,Green,Green
EWMA,HSI,DtACI-projected-expected,1817,21.81510669250623,0.0120061126541035,,,
EWMA,IBGL,Raw,1260,18.0,0.0142857142857142,Green,Green,Green
EWMA,IBGL,Shift-CP,1260,7.0,0.0055555555555555,Green,Green,Green
EWMA,IBGL,Shift-ERM,1260,8.0,0.0063492063492063,Green,Green,Green
EWMA,IBGL,Vol-CP,1260,4.0,0.0031746031746031,Green,Green,Green
EWMA,IBGL,Vol-ERM,1260,6.0,0.0047619047619047,Green,Green,Green
EWMA,IBGL,State2-ERM,1260,8.0,0.0063492063492063,Green,Green,Green
EWMA,IBGL,State4-ERM,1260,7.0,0.0055555555555555,Green,Green,Green
EWMA,IBGL,State-L1,1260,8.0,0.0063492063492063,Green,Green,Green
EWMA,IBGL,State-L1-clipped,1260,8.0,0.0063492063492063,Green,Green,Green
EWMA,IBGL,POT-Shift,1260,7.0,0.0055555555555555,Green,Green,Green
EWMA,IBGL,POT-Vol,1260,9.0,0.0071428571428571,Green,Green,Green
EWMA,IBGL,ACI-existing,1260,14.0,0.0111111111111111,Green,Green,Green
EWMA,IBGL,DtACI-projected-seed,1260,19.0,0.015079365079365,Green,Green,Yellow
EWMA,IBGL,Rolling250,1260,9.0,0.0071428571428571,Green,Green,Green
EWMA,IBGL,Rolling500,1260,15.0,0.0119047619047619,Green,Green,Green
EWMA,IBGL,Selected-rolling,1260,15.0,0.0119047619047619,Green,Green,Green
EWMA,IBGL,Gate-selected-rolling,1260,15.0,0.0119047619047619,Green,Green,Green
EWMA,IBGL,Loss-gate,1260,18.0,0.0142857142857142,Green,Green,Green
EWMA,IBGL,Past-minimum,1260,15.0,0.0119047619047619,Green,Green,Green
EWMA,IBGL,DtACI-projected-expected,1260,15.75365693953666,0.0125029023329656,,,
EWMA,ICLN,Raw,1219,18.0,0.0147662018047579,Green,Green,Yellow
EWMA,ICLN,Shift-CP,1219,11.0,0.0090237899917965,Green,Green,Green
EWMA,ICLN,Shift-ERM,1219,11.0,0.0090237899917965,Green,Green,Green
EWMA,ICLN,Vol-CP,1219,9.0,0.0073831009023789,Green,Green,Green
EWMA,ICLN,Vol-ERM,1219,10.0,0.0082034454470877,Green,Green,Green
EWMA,ICLN,State2-ERM,1219,13.0,0.0106644790812141,Green,Green,Green
EWMA,ICLN,State4-ERM,1219,14.0,0.0114848236259228,Green,Green,Green
EWMA,ICLN,State-L1,1219,11.0,0.0090237899917965,Green,Green,Green
EWMA,ICLN,State-L1-clipped,1219,11.0,0.0090237899917965,Green,Green,Green
EWMA,ICLN,POT-Shift,1219,10.0,0.0082034454470877,Green,Green,Green
EWMA,ICLN,POT-Vol,1219,9.0,0.0073831009023789,Green,Green,Green
EWMA,ICLN,ACI-existing,1219,13.0,0.0106644790812141,Green,Green,Green
EWMA,ICLN,DtACI-projected-seed,1219,14.0,0.0114848236259228,Green,Green,Green
EWMA,ICLN,Rolling250,1219,8.0,0.0065627563576702,Green,Green,Green
EWMA,ICLN,Rolling500,1219,12.0,0.0098441345365053,Green,Green,Green
EWMA,ICLN,Selected-rolling,1219,12.0,0.0098441345365053,Green,Green,Green
EWMA,ICLN,Gate-selected-rolling,1219,12.0,0.0098441345365053,Green,Green,Green
EWMA,ICLN,Loss-gate,1219,18.0,0.0147662018047579,Green,Green,Yellow
EWMA,ICLN,Past-minimum,1219,10.0,0.0082034454470877,Green,Green,Green
EWMA,ICLN,DtACI-projected-expected,1219,14.880914668373784,0.0122074771684772,,,
EWMA,NIFTY,Raw,1242,20.0,0.0161030595813204,Yellow,Yellow,Yellow
EWMA,NIFTY,Shift-CP,1242,13.0,0.0104669887278582,Green,Green,Green
EWMA,NIFTY,Shift-ERM,1242,13.0,0.0104669887278582,Green,Green,Green
EWMA,NIFTY,Vol-CP,1242,14.0,0.0112721417069243,Green,Green,Green
EWMA,NIFTY,Vol-ERM,1242,14.0,0.0112721417069243,Green,Green,Green
EWMA,NIFTY,State2-ERM,1242,14.0,0.0112721417069243,Green,Green,Green
EWMA,NIFTY,State4-ERM,1242,13.0,0.0104669887278582,Green,Green,Green
EWMA,NIFTY,State-L1,1242,13.0,0.0104669887278582,Green,Green,Green
EWMA,NIFTY,State-L1-clipped,1242,13.0,0.0104669887278582,Green,Green,Green
EWMA,NIFTY,POT-Shift,1242,10.0,0.0080515297906602,Green,Green,Green
EWMA,NIFTY,POT-Vol,1242,14.0,0.0112721417069243,Green,Green,Green
EWMA,NIFTY,ACI-existing,1242,16.0,0.0128824476650563,Green,Green,Green
EWMA,NIFTY,DtACI-projected-seed,1242,17.0,0.0136876006441223,Green,Green,Green
EWMA,NIFTY,Rolling250,1242,11.0,0.0088566827697262,Green,Green,Green
EWMA,NIFTY,Rolling500,1242,10.0,0.0080515297906602,Green,Green,Green
EWMA,NIFTY,Selected-rolling,1242,13.0,0.0104669887278582,Green,Green,Green
EWMA,NIFTY,Gate-selected-rolling,1242,13.0,0.0104669887278582,Green,Green,Green
EWMA,NIFTY,Loss-gate,1242,20.0,0.0161030595813204,Yellow,Yellow,Yellow
EWMA,NIFTY,Past-minimum,1242,15.0,0.0120772946859903,Green,Green,Green
EWMA,NIFTY,DtACI-projected-expected,1242,14.997142393822385,0.0120749938758634,,,
EWMA,NIKKEI,Raw,1806,37.0,0.0204872646733111,Yellow,Yellow,Red
EWMA,NIKKEI,Shift-CP,1806,14.0,0.0077519379844961,Green,Green,Green
EWMA,NIKKEI,Shift-ERM,1806,14.0,0.0077519379844961,Green,Green,Green
EWMA,NIKKEI,Vol-CP,1806,15.0,0.0083056478405315,Green,Green,Green
EWMA,NIKKEI,Vol-ERM,1806,20.0,0.0110741971207087,Green,Green,Green
EWMA,NIKKEI,State2-ERM,1806,14.0,0.0077519379844961,Green,Green,Green
EWMA,NIKKEI,State4-ERM,1806,14.0,0.0077519379844961,Green,Green,Green
EWMA,NIKKEI,State-L1,1806,14.0,0.0077519379844961,Green,Green,Green
EWMA,NIKKEI,State-L1-clipped,1806,14.0,0.0077519379844961,Green,Green,Green
EWMA,NIKKEI,POT-Shift,1806,13.0,0.0071982281284606,Green,Green,Green
EWMA,NIKKEI,POT-Vol,1806,12.0,0.0066445182724252,Green,Green,Green
EWMA,NIKKEI,ACI-existing,1806,20.0,0.0110741971207087,Green,Green,Green
EWMA,NIKKEI,DtACI-projected-seed,1806,19.0,0.0105204872646733,Green,Green,Green
EWMA,NIKKEI,Rolling250,1806,14.0,0.0077519379844961,Green,Green,Green
EWMA,NIKKEI,Rolling500,1806,16.0,0.0088593576965669,Green,Green,Green
EWMA,NIKKEI,Selected-rolling,1806,16.0,0.0088593576965669,Green,Green,Green
EWMA,NIKKEI,Gate-selected-rolling,1806,16.0,0.0088593576965669,Green,Green,Green
EWMA,NIKKEI,Loss-gate,1806,16.0,0.0088593576965669,Green,Green,Green
EWMA,NIKKEI,Past-minimum,1806,16.0,0.0088593576965669,Green,Green,Green
EWMA,NIKKEI,DtACI-projected-expected,1806,21.405722583270652,0.0118525595699173,,,
EWMA,SP500,Raw,1858,44.0,0.0236813778256189,Yellow,Yellow,Red
EWMA,SP500,Shift-CP,1858,27.0,0.0145317545748116,Green,Green,Yellow
EWMA,SP500,Shift-ERM,1858,27.0,0.0145317545748116,Green,Green,Yellow
EWMA,SP500,Vol-CP,1858,31.0,0.0166846071044133,Yellow,Yellow,Yellow
EWMA,SP500,Vol-ERM,1858,34.0,0.0182992465016146,Yellow,Yellow,Yellow
EWMA,SP500,State2-ERM,1858,27.0,0.0145317545748116,Green,Green,Yellow
EWMA,SP500,State4-ERM,1858,27.0,0.0145317545748116,Green,Green,Yellow
EWMA,SP500,State-L1,1858,27.0,0.0145317545748116,Green,Green,Yellow
EWMA,SP500,State-L1-clipped,1858,27.0,0.0145317545748116,Green,Green,Yellow
EWMA,SP500,POT-Shift,1858,27.0,0.0145317545748116,Green,Green,Yellow
EWMA,SP500,POT-Vol,1858,25.0,0.0134553283100107,Green,Green,Green
EWMA,SP500,ACI-existing,1858,22.0,0.0118406889128094,Green,Green,Green
EWMA,SP500,DtACI-projected-seed,1858,26.0,0.0139935414424111,Green,Green,Yellow
EWMA,SP500,Rolling250,1858,18.0,0.0096878363832077,Green,Green,Green
EWMA,SP500,Rolling500,1858,22.0,0.0118406889128094,Green,Green,Green
EWMA,SP500,Selected-rolling,1858,22.0,0.0118406889128094,Green,Green,Green
EWMA,SP500,Gate-selected-rolling,1858,22.0,0.0118406889128094,Green,Green,Green
EWMA,SP500,Loss-gate,1858,30.0,0.0161463939720129,Yellow,Yellow,Yellow
EWMA,SP500,Past-minimum,1858,30.0,0.0161463939720129,Yellow,Yellow,Yellow
EWMA,SP500,DtACI-projected-expected,1858,25.78164940968228,0.0138760222872348,,,
EWMA,STOXX,Raw,1532,40.0,0.0261096605744125,Yellow,Yellow,Red
EWMA,STOXX,Shift-CP,1532,17.0,0.0110966057441253,Green,Green,Green
EWMA,STOXX,Shift-ERM,1532,17.0,0.0110966057441253,Green,Green,Green
EWMA,STOXX,Vol-CP,1532,17.0,0.0110966057441253,Green,Green,Green
EWMA,STOXX,Vol-ERM,1532,24.0,0.0156657963446475,Green,Green,Yellow
EWMA,STOXX,State2-ERM,1532,17.0,0.0110966057441253,Green,Green,Green
EWMA,STOXX,State4-ERM,1532,16.0,0.010443864229765,Green,Green,Green
EWMA,STOXX,State-L1,1532,17.0,0.0110966057441253,Green,Green,Green
EWMA,STOXX,State-L1-clipped,1532,17.0,0.0110966057441253,Green,Green,Green
EWMA,STOXX,POT-Shift,1532,17.0,0.0110966057441253,Green,Green,Green
EWMA,STOXX,POT-Vol,1532,19.0,0.0124020887728459,Green,Green,Green
EWMA,STOXX,ACI-existing,1532,15.0,0.0097911227154047,Green,Green,Green
EWMA,STOXX,DtACI-projected-seed,1532,17.0,0.0110966057441253,Green,Green,Green
EWMA,STOXX,Rolling250,1532,10.0,0.0065274151436031,Green,Green,Green
EWMA,STOXX,Rolling500,1532,11.0,0.0071801566579634,Green,Green,Green
EWMA,STOXX,Selected-rolling,1532,11.0,0.0071801566579634,Green,Green,Green
EWMA,STOXX,Gate-selected-rolling,1532,11.0,0.0071801566579634,Green,Green,Green
EWMA,STOXX,Loss-gate,1532,40.0,0.0261096605744125,Yellow,Yellow,Red
EWMA,STOXX,Past-minimum,1532,11.0,0.0071801566579634,Green,Green,Green
EWMA,STOXX,DtACI-projected-expected,1532,15.540682270531576,0.0101440484794592,,,
EWMA,TLT,Raw,1665,28.0,0.0168168168168168,Yellow,Yellow,Yellow
EWMA,TLT,Shift-CP,1665,27.0,0.0162162162162162,Yellow,Yellow,Yellow
EWMA,TLT,Shift-ERM,1665,27.0,0.0162162162162162,Yellow,Yellow,Yellow
EWMA,TLT,Vol-CP,1665,26.0,0.0156156156156156,Green,Green,Yellow
EWMA,TLT,Vol-ERM,1665,27.0,0.0162162162162162,Yellow,Yellow,Yellow
EWMA,TLT,State2-ERM,1665,27.0,0.0162162162162162,Yellow,Yellow,Yellow
EWMA,TLT,State4-ERM,1665,30.0,0.018018018018018,Yellow,Yellow,Yellow
EWMA,TLT,State-L1,1665,27.0,0.0162162162162162,Yellow,Yellow,Yellow
EWMA,TLT,State-L1-clipped,1665,27.0,0.0162162162162162,Yellow,Yellow,Yellow
EWMA,TLT,POT-Shift,1665,22.0,0.0132132132132132,Green,Green,Green
EWMA,TLT,POT-Vol,1665,21.0,0.0126126126126126,Green,Green,Green
EWMA,TLT,ACI-existing,1665,20.0,0.012012012012012,Green,Green,Green
EWMA,TLT,DtACI-projected-seed,1665,24.0,0.0144144144144144,Green,Green,Yellow
EWMA,TLT,Rolling250,1665,13.0,0.0078078078078078,Green,Green,Green
EWMA,TLT,Rolling500,1665,19.0,0.0114114114114114,Green,Green,Green
EWMA,TLT,Selected-rolling,1665,19.0,0.0114114114114114,Green,Green,Green
EWMA,TLT,Gate-selected-rolling,1665,28.0,0.0168168168168168,Yellow,Yellow,Yellow
EWMA,TLT,Loss-gate,1665,28.0,0.0168168168168168,Yellow,Yellow,Yellow
EWMA,TLT,Past-minimum,1665,28.0,0.0168168168168168,Yellow,Yellow,Yellow
EWMA,TLT,DtACI-projected-expected,1665,22.79010597724072,0.0136877513376821,,,
EWMA,UNG,Raw,1309,16.0,0.0122230710466004,Green,Green,Green
EWMA,UNG,Shift-CP,1309,11.0,0.0084033613445378,Green,Green,Green
EWMA,UNG,Shift-ERM,1309,11.0,0.0084033613445378,Green,Green,Green
EWMA,UNG,Vol-CP,1309,10.0,0.0076394194041252,Green,Green,Green
EWMA,UNG,Vol-ERM,1309,11.0,0.0084033613445378,Green,Green,Green
EWMA,UNG,State2-ERM,1309,11.0,0.0084033613445378,Green,Green,Green
EWMA,UNG,State4-ERM,1309,13.0,0.0099312452253628,Green,Green,Green
EWMA,UNG,State-L1,1309,11.0,0.0084033613445378,Green,Green,Green
EWMA,UNG,State-L1-clipped,1309,11.0,0.0084033613445378,Green,Green,Green
EWMA,UNG,POT-Shift,1309,11.0,0.0084033613445378,Green,Green,Green
EWMA,UNG,POT-Vol,1309,11.0,0.0084033613445378,Green,Green,Green
EWMA,UNG,ACI-existing,1309,16.0,0.0122230710466004,Green,Green,Green
EWMA,UNG,DtACI-projected-seed,1309,18.0,0.0137509549274255,Green,Green,Green
EWMA,UNG,Rolling250,1309,13.0,0.0099312452253628,Green,Green,Green
EWMA,UNG,Rolling500,1309,13.0,0.0099312452253628,Green,Green,Green
EWMA,UNG,Selected-rolling,1309,13.0,0.0099312452253628,Green,Green,Green
EWMA,UNG,Gate-selected-rolling,1309,13.0,0.0099312452253628,Green,Green,Green
EWMA,UNG,Loss-gate,1309,16.0,0.0122230710466004,Green,Green,Green
EWMA,UNG,Past-minimum,1309,12.0,0.0091673032849503,Green,Green,Green
EWMA,UNG,DtACI-projected-expected,1309,15.909916595537569,0.0121542525557964,,,
EWMA,USDJPY,Raw,1923,37.0,0.0192407696307852,Yellow,Yellow,Red
EWMA,USDJPY,Shift-CP,1923,20.0,0.0104004160166406,Green,Green,Green
EWMA,USDJPY,Shift-ERM,1923,20.0,0.0104004160166406,Green,Green,Green
EWMA,USDJPY,Vol-CP,1923,24.0,0.0124804992199688,Green,Green,Green
EWMA,USDJPY,Vol-ERM,1923,24.0,0.0124804992199688,Green,Green,Green
EWMA,USDJPY,State2-ERM,1923,24.0,0.0124804992199688,Green,Green,Green
EWMA,USDJPY,State4-ERM,1923,38.0,0.0197607904316172,Yellow,Yellow,Red
EWMA,USDJPY,State-L1,1923,34.0,0.0176807072282891,Yellow,Yellow,Yellow
EWMA,USDJPY,State-L1-clipped,1923,24.0,0.0124804992199688,Green,Green,Green
EWMA,USDJPY,POT-Shift,1923,20.0,0.0104004160166406,Green,Green,Green
EWMA,USDJPY,POT-Vol,1923,24.0,0.0124804992199688,Green,Green,Green
EWMA,USDJPY,ACI-existing,1923,24.0,0.0124804992199688,Green,Green,Green
EWMA,USDJPY,DtACI-projected-seed,1923,24.0,0.0124804992199688,Green,Green,Green
EWMA,USDJPY,Rolling250,1923,15.0,0.0078003120124804,Green,Green,Green
EWMA,USDJPY,Rolling500,1923,23.0,0.0119604784191367,Green,Green,Green
EWMA,USDJPY,Selected-rolling,1923,23.0,0.0119604784191367,Green,Green,Green
EWMA,USDJPY,Gate-selected-rolling,1923,23.0,0.0119604784191367,Green,Green,Green
EWMA,USDJPY,Loss-gate,1923,37.0,0.0192407696307852,Yellow,Yellow,Red
EWMA,USDJPY,Past-minimum,1923,18.0,0.0093603744149766,Green,Green,Green
EWMA,USDJPY,DtACI-projected-expected,1923,22.546255085971023,0.0117245216255699,,,
EWMA,USO,Raw,1386,27.0,0.0194805194805194,Yellow,Yellow,Yellow
EWMA,USO,Shift-CP,1386,11.0,0.0079365079365079,Green,Green,Green
EWMA,USO,Shift-ERM,1386,12.0,0.0086580086580086,Green,Green,Green
EWMA,USO,Vol-CP,1386,11.0,0.0079365079365079,Green,Green,Green
EWMA,USO,Vol-ERM,1386,15.0,0.0108225108225108,Green,Green,Green
EWMA,USO,State2-ERM,1386,12.0,0.0086580086580086,Green,Green,Green
EWMA,USO,State4-ERM,1386,14.0,0.0101010101010101,Green,Green,Green
EWMA,USO,State-L1,1386,12.0,0.0086580086580086,Green,Green,Green
EWMA,USO,State-L1-clipped,1386,12.0,0.0086580086580086,Green,Green,Green
EWMA,USO,POT-Shift,1386,12.0,0.0086580086580086,Green,Green,Green
EWMA,USO,POT-Vol,1386,11.0,0.0079365079365079,Green,Green,Green
EWMA,USO,ACI-existing,1386,16.0,0.0115440115440115,Green,Green,Green
EWMA,USO,DtACI-projected-seed,1386,17.0,0.0122655122655122,Green,Green,Green
EWMA,USO,Rolling250,1386,11.0,0.0079365079365079,Green,Green,Green
EWMA,USO,Rolling500,1386,15.0,0.0108225108225108,Green,Green,Green
EWMA,USO,Selected-rolling,1386,15.0,0.0108225108225108,Green,Green,Green
EWMA,USO,Gate-selected-rolling,1386,15.0,0.0108225108225108,Green,Green,Green
EWMA,USO,Loss-gate,1386,13.0,0.0093795093795093,Green,Green,Green
EWMA,USO,Past-minimum,1386,15.0,0.0108225108225108,Green,Green,Green
EWMA,USO,DtACI-projected-expected,1386,16.807002716539056,0.0121262645862475,,,
