model,asset,alpha,n_test,qV,pihat_raw,p_kup_raw,miscal_raw,QS_raw,QS_static,QS_roll,pihat_static,pihat_roll,TL_raw,TL_static,TL_roll,dQS_static,dQS_roll,rel_static,rel_roll
EWMA,BTC,0.01,1185,0.03155091532396696,0.02278481012658228,0.0001504969471975981,0.012784810126582278,0.0008857531603039411,0.0009464412107348626,0.0009262098887481222,0.002531645569620253,0.010126582278481013,Yellow,Green,Green,-6.068805043092152e-05,-4.045672844418108e-05,-0.06851575941326223,-0.04567494676541553
GJR-GARCH,DJCI,0.01,772,-0.004869171136419898,0.0038860103626943004,0.051317603064964135,0.0061139896373057,0.00029262791606873536,0.00033945134767097475,0.00030225941424375007,0.02849740932642487,0.012953367875647668,Green,Yellow,Green,-4.682343160223939e-05,-9.631498175014712e-06,-0.16001013242783385,-0.032913805027242754
Lag-Llama,BTC,0.01,1107,0.03684647219935443,0.01987353206865402,0.0036130258947458804,0.009873532068654019,0.000999164470846819,0.001042227311499624,0.001013574326326686,0.0027100271002710027,0.008130081300813009,Yellow,Green,Green,-4.3062840652804924e-05,-1.4409855479867017e-05,-0.04309885099928343,-0.014421905402275035
GARCH-N,BTC,0.01,1185,0.026398994484491095,0.024472573839662448,2.3775598187447677e-05,0.014472573839662448,0.0008923009576224596,0.0009188358910740888,0.0009165789096080368,0.0033755274261603376,0.007594936708860759,Yellow,Green,Green,-2.6534933451629185e-05,-2.427795198557724e-05,-0.029737649864605826,-0.027208254993097807
Hist-Sim,BTC,0.01,1185,0.014866964861652537,0.012658227848101266,0.37709967670186806,0.0026582278481012654,0.0008978535932375994,0.0009221359918628328,0.0009522359641327686,0.004219409282700422,0.009282700421940928,Green,Green,Green,-2.4282398625233336e-05,-5.438237089516913e-05,-0.027044942302533584,-0.06056930807512834
Moirai-1.1,ICLN,0.01,1185,0.004277296057696868,0.006751054852320675,0.23234634922960384,0.003248945147679325,0.0005550387535819144,0.0005732702587676912,0.000587358027030477,0.005063291139240506,0.00590717299578059,Green,Green,Green,-1.8231505185776738e-05,-3.231927344856257e-05,-0.032847265291154254,-0.05822885922828231
GJR-GARCH,BOVESPA,0.01,1873,-0.012060269601615013,0.0037373198077949813,0.0017883387665802442,0.006262680192205019,0.00047943511843842834,0.0004901340940950936,0.0004765003905379096,0.02189001601708489,0.00800854244527496,Green,Yellow,Green,-1.069897565666528e-05,2.9347279005187323e-06,-0.02231579466166974,0.006121220135223837
GARCH-N,ICLN,0.01,1263,0.005742539727872711,0.010292953285827395,0.9170608870431668,0.00029295328582739505,0.0005366870088411188,0.0005452326784383821,0.0006045187700021534,0.00791765637371338,0.007125890736342043,Green,Green,Green,-8.545669597263264e-06,-6.783176116103456e-05,-0.015923004388938226,-0.12638979525050423
Moirai-1.1,STOXX,0.01,1498,0.005542742937445628,0.012683578104138851,0.3162527863368554,0.002683578104138851,0.00036895017958447316,0.0003770027572816473,0.000416745289324351,0.0053404539385847796,0.00801068090787717,Green,Green,Green,-8.052577697174152e-06,-4.779510973987783e-05,-0.02182565056952485,-0.12954353293365148
Moirai-1.1,NIFTY,0.01,1208,0.0016620239980940192,0.006622516556291391,0.20873921665965145,0.0033774834437086095,0.0003006159318291033,0.0003086527463972572,0.000318412378758208,0.0041390728476821195,0.0074503311258278145,Green,Green,Green,-8.03681456815387e-06,-1.7796446929104718e-05,-0.026734493142973895,-0.05919994599362017
GARCH-N,AUDUSD,0.01,1473,0.003133816041032066,0.014256619144602852,0.12276247263744855,0.004256619144602852,0.00020429812225386968,0.00021200179710744889,0.00022641249360166253,0.0033944331296673455,0.00746775288526816,Green,Green,Green,-7.703674853579205e-06,-2.2114371347792846e-05,-0.037708006165647893,-0.10824559278284786
EWMA,IBGL,0.01,1305,0.004392990445541459,0.013026819923371647,0.29370800207293224,0.0030268199233716465,0.00022796808075843878,0.00023493583967814743,0.00023470220753249484,0.0038314176245210726,0.006130268199233717,Green,Green,Green,-6.967758919708655e-06,-6.734126774056063e-06,-0.03056462508491214,-0.029539779216686605
Moirai-1.1,HSI,0.01,1784,0.004184682313436862,0.01233183856502242,0.3395375912110068,0.0023318385650224205,0.0005431372732660057,0.0005500623864332927,0.0006202166447499077,0.004484304932735426,0.00616591928251121,Green,Green,Green,-6.92511316728703e-06,-7.707937148390199e-05,-0.012750207927444895,-0.14191508349336165
Hist-Sim,AUDUSD,0.01,1473,0.003552092288656933,0.010183299389002037,0.9438021208866881,0.0001832993890020368,0.00022151142781300554,0.0002281941000580951,0.00025167092973914153,0.006109979633401222,0.010862186014935505,Green,Green,Green,-6.682672245089552e-06,-3.0159501926135996e-05,-0.030168521376381985,-0.13615325504377995
Moirai-1.1,CBU0,0.01,976,0.0017071349745451945,0.009221311475409836,0.8043329241492715,0.0007786885245901643,0.00015404954827538024,0.00016045185843156703,0.00016152071788487845,0.0030737704918032786,0.005122950819672131,Green,Green,Green,-6.402310156186782e-06,-7.4711696094982094e-06,-0.04156007095030204,-0.048498484371682055
GARCH-N,IBGL,0.01,1305,0.0031866086808751484,0.012260536398467433,0.4279575501884225,0.002260536398467433,0.00022882559248993742,0.00023420201079138073,0.0002326083059857026,0.004597701149425287,0.009195402298850575,Green,Green,Green,-5.376418301443313e-06,-3.7827134957651813e-06,-0.023495703618378,-0.01653098962665868
Moirai-1.1,IBGL,0.01,1226,0.0021507646889076214,0.011419249592169658,0.625272163187699,0.001419249592169658,0.00028089330264440254,0.00028360843158904773,0.00027756273095212475,0.00734094616639478,0.008156606851549755,Green,Green,Green,-2.715128944645194e-06,3.3305716922777838e-06,-0.009666050842381304,0.011857070499449137
Moirai-1.1,AUDUSD,0.01,1395,0.0006695114135569936,0.0064516129032258064,0.1543087129769588,0.0035483870967741938,0.00022378350232358602,0.00022629405735476272,0.00024107827616942905,0.005734767025089606,0.008602150537634409,Green,Green,Green,-2.5105550311767006e-06,-1.7294773845843037e-05,-0.011218677896757972,-0.07728350689960681
GJR-GARCH,ASX200,0.01,1912,-0.00490538462750153,0.005230125523012552,0.021071440472452796,0.004769874476987448,0.00032555577465253114,0.00032763207466093776,0.00033837172036022337,0.01778242677824268,0.007322175732217573,Green,Yellow,Green,-2.076300008406625e-06,-1.281594570769223e-05,-0.006377709044241897,-0.03936635963951435
GJR-GARCH,CBU0,0.01,1055,0.0001826293563039318,0.0009478672985781991,0.00014204685136276485,0.009052132701421802,0.00016882586888595748,0.0001704790540543959,0.00014559155768860578,0.0009478672985781991,0.007582938388625593,Green,Green,Green,-1.6531851684384227e-06,2.3234311197351703e-05,-0.009792250318907913,0.13762293273341047
Hist-Sim,ICLN,0.01,1263,0.0008834086325304746,0.00870942201108472,0.6373904008233857,0.0012905779889152806,0.0005586609484945143,0.0005598010562308758,0.0006323821245138394,0.00870942201108472,0.011876484560570071,Green,Green,Green,-1.140107736361559e-06,-7.37211760193251e-05,-0.002040786526128118,-0.1319604962866829
Hist-Sim,NIFTY,0.01,1287,0.0030245018021237344,0.01320901320901321,0.2701296444226774,0.0032090132090132097,0.00034017090926417875,0.0003411848658623425,0.0003889733609666721,0.005439005439005439,0.017094017094017096,Green,Green,Yellow,-1.013956598163758e-06,-4.880245170249336e-05,-0.0029807269538628103,-0.14346450673297606
Moirai-1.1,TLT,0.01,1631,0.0003764811378797108,0.00797057020232986,0.3931344806744237,0.002029429797670141,0.0003521166957647764,0.00035304548106714014,0.00041976550114965195,0.007357449417535254,0.007357449417535254,Green,Green,Green,-9.287853023637479e-07,-6.764880538487556e-05,-0.002637720146573799,-0.19212041405178587
EWMA,AUDUSD,0.01,1473,0.003053668090950385,0.019687712152070606,0.0009669242101998377,0.009687712152070605,0.0002102939869447546,0.00021119440167244186,0.0002252313761828251,0.005431093007467753,0.00746775288526816,Yellow,Green,Green,-9.004147276872728e-07,-1.493738923807051e-05,-0.0042816950725453546,-0.0710309859786654
Moirai-1.1,EURUSD,0.01,1582,-0.00016161325282183954,0.01327433628318584,0.21261282507459767,0.0032743362831858403,0.00016497954902776153,0.00016559675444239265,0.00016818005121735342,0.014538558786346398,0.010113780025284451,Green,Green,Green,-6.172054146311168e-07,-3.2005021895918824e-06,-0.0037411025685811397,-0.019399387429852446
GARCH-N,EURUSD,0.01,1660,0.0011837784228271968,0.013855421686746987,0.1357780366637481,0.003855421686746987,0.00014720491628718947,0.0001474983187997091,0.000155168390629357,0.008433734939759036,0.007228915662650603,Green,Green,Green,-2.9340251251963123e-07,-7.963474342167532e-06,-0.0019931570216528472,-0.05409788302607496
GARCH-N,CBU0,0.01,1055,0.0008492526288492244,0.013270142180094787,0.309340451568912,0.0032701421800947865,0.00013354111569858736,0.00013360968101628522,0.00013877824365800018,0.008530805687203791,0.008530805687203791,Green,Green,Green,-6.856531769785937e-08,-5.237127959412818e-06,-0.0005134397547839619,-0.03921734465086709
GJR-GARCH,SP500,0.01,1902,-0.0050303410366928925,0.006834910620399579,0.1411716153729592,0.003165089379600421,0.00042705157296937986,0.0004268703043104462,0.00044590741221835884,0.014195583596214511,0.007360672975814932,Green,Green,Green,1.8126865893367244e-07,-1.8855839248978982e-05,0.0004244654987997659,-0.04415354126404534
GJR-GARCH,STOXX,0.01,1577,-0.004630660156466087,0.0063411540900443885,0.11746405940375548,0.0036588459099556117,0.0003762035488739236,0.0003753901276265422,0.0003922145555779975,0.012048192771084338,0.008243500317057704,Green,Green,Green,8.134212473813853e-07,-1.6011006704073894e-05,0.0021621838757666413,-0.04255942494960257
EWMA,ICLN,0.01,1263,0.006885284683635508,0.014251781472684086,0.15343329232641822,0.004251781472684086,0.0005396999260363123,0.0005386540546452428,0.0005882488711627066,0.00791765637371338,0.0055423594615993665,Green,Green,Green,1.0458713910695182e-06,-4.8548945126394285e-05,0.0019378757354121805,-0.08995544150422542
Hist-Sim,IBGL,0.01,1305,0.001706408970854726,0.013793103448275862,0.19281188847186514,0.0037931034482758617,0.00024134879144129464,0.00024026741243212936,0.00024339527493018749,0.00842911877394636,0.014559386973180077,Green,Green,Green,1.081379009165278e-06,-2.046483488892843e-06,0.004480565254573944,-0.008479360831564914
GARCH-N,TLT,0.01,1709,0.0005017830808760303,0.013458162668227034,0.17231335183525553,0.0034581626682270335,0.00027559091614414284,0.00027447504678530094,0.00028994569627045704,0.011117612638970159,0.008777062609713282,Green,Green,Green,1.1158693588419056e-06,-1.4354780126314194e-05,0.004049006311435426,-0.05208727605087747
Moirai-1.1,GBPUSD,0.01,1585,0.0005476772828920534,0.013249211356466877,0.21555135242363277,0.003249211356466877,0.0002018137005753169,0.00020036086339580156,0.00020804643315739817,0.012618296529968454,0.007570977917981073,Green,Green,Green,1.45283717951534e-06,-6.232732582081265e-06,0.007198902628382958,-0.03088359494084599
GJR-GARCH,GDAXI,0.01,1922,-0.006924100032849892,0.005202913631633715,0.019938424038919544,0.004797086368366285,0.00040566638079143094,0.0004039377975675718,0.0004192428182254234,0.01664932362122789,0.008324661810613945,Green,Yellow,Green,1.7285832238591215e-06,-1.3576437433992464e-05,0.004261095584225536,-0.03346700164678582
GARCH-N,NATGAS,0.01,1850,0.004675567775722506,0.011891891891891892,0.4271175368964937,0.0018918918918918916,0.0013434119622323007,0.0013416018092068216,0.0014717376518513655,0.00972972972972973,0.00972972972972973,Green,Green,Green,1.8101530254790998e-06,-0.00012832568961906486,0.001347429587027967,-0.09552221747812231
Moirai-1.1,USDJPY,0.01,1888,0.0011393032347210598,0.013241525423728813,0.17746885569963744,0.0032415254237288128,0.0002054205091815698,0.00020341660203025162,0.0002192967793246573,0.010063559322033898,0.010063559322033898,Green,Green,Green,2.0039071513181623e-06,-1.387627014308752e-05,0.009755146452036697,-0.06755055859988342
EWMA,TLT,0.01,1709,0.000627982634151739,0.014628437682855471,0.07202950117264795,0.004628437682855471,0.000290811673566273,0.0002881976217109402,0.0003032665924423888,0.014043300175541252,0.005851375073142188,Green,Green,Green,2.6140518553328116e-06,-1.245491887611578e-05,0.008988813355654707,-0.042828125581683134
Hist-Sim,EURUSD,0.01,1660,0.0011022546580559053,0.015060240963855422,0.053871864185412344,0.005060240963855421,0.00015892545010359394,0.00015629455290186548,0.00017116504591430562,0.010843373493975903,0.00963855421686747,Green,Green,Green,2.6308972017284593e-06,-1.2239595810711683e-05,0.016554285043795917,-0.07701469967669387
Hist-Sim,NIKKEI,0.01,1851,0.005297441133603083,0.01620745542949757,0.013785783476467861,0.006207455429497568,0.0005509371564144775,0.0005477867370027074,0.0005923116528485226,0.007563479200432199,0.014046461372231226,Yellow,Green,Green,3.1504194117701204e-06,-4.137449643404508e-05,0.005718291778091686,-0.07509839543826026
Hist-Sim,GBPUSD,0.01,1664,0.0014181250780124811,0.018629807692307692,0.0015820132339755544,0.008629807692307692,0.0001970906582906689,0.0001937531977120994,0.0002111353233349349,0.009014423076923076,0.01201923076923077,Yellow,Green,Green,3.3374605785695176e-06,-1.4044665044265998e-05,0.016933631494839483,-0.07125992254565894
EWMA,CBU0,0.01,1055,0.0009799736807461924,0.017061611374407582,0.03623268947867053,0.007061611374407582,0.00014346219394892326,0.00013970765596483172,0.00014518650384911377,0.011374407582938388,0.006635071090047393,Yellow,Green,Green,3.754537984091539e-06,-1.72430990019051e-06,0.0261709226712946,-0.012019263422141827
Hist-Sim,TLT,0.01,1709,0.001177761413393718,0.014628437682855471,0.07202950117264795,0.004628437682855471,0.00038231705122956363,0.0003785242621447153,0.0004083746338297579,0.011702750146284377,0.00994733762434172,Green,Green,Green,3.792789084848319e-06,-2.6057582600194282e-05,0.00992053342284994,-0.06815699827248331
Hist-Sim,CBU0,0.01,1055,0.0014170611570848562,0.017061611374407582,0.03623268947867053,0.007061611374407582,0.0001510854790883115,0.00014727306477499007,0.00015528908092620155,0.007582938388625593,0.007582938388625593,Yellow,Green,Green,3.812414313321427e-06,-4.203601837890058e-06,0.025233492565443827,-0.027822672723121167
GARCH-N,USDJPY,0.01,1966,0.0022445027532049106,0.014242115971515769,0.07553635414896775,0.004242115971515768,0.0002042796385699066,0.00020022213876300628,0.00022050310857429326,0.010681586978636826,0.008138351983723296,Green,Green,Green,4.057499806900313e-06,-1.622347000438667e-05,0.01986247790188739,-0.07941794942443485
Hist-Sim,BOVESPA,0.01,1873,0.004412965087114463,0.011745862253069941,0.4599274365675694,0.0017458622530699408,0.0006642411218491188,0.0006601334722831371,0.0007262395905843261,0.009076348104644954,0.018152696209289908,Green,Green,Yellow,4.107649565981671e-06,-6.199846873520729e-05,0.006183973606672784,-0.09333729378665317
EWMA,EURUSD,0.01,1660,0.0010678527689856696,0.018072289156626505,0.002983975631077884,0.008072289156626505,0.00015378987609016763,0.00014900889869418264,0.00015478832718150874,0.01144578313253012,0.008433734939759036,Yellow,Green,Green,4.780977395984993e-06,-9.984510913411124e-07,0.031087725132061924,-0.006492307014772003
Hist-Sim,HSI,0.01,1862,0.00345447585696345,0.01342642320085929,0.157914456758373,0.0034264232008592906,0.000549942492090992,0.0005449821420167662,0.0006026393960001449,0.01020408163265306,0.00966702470461869,Green,Green,Green,4.960350074225718e-06,-5.26969039091529e-05,0.00901976142153604,-0.09582257175434594
GJR-GARCH,USDJPY,0.01,1966,-0.003689856738768366,0.006103763987792472,0.061302166389549884,0.0038962360122075284,0.00021470389788969031,0.0002094356106489842,0.00023190027556072457,0.013733468972533061,0.008138351983723296,Green,Green,Green,5.268287240706106e-06,-1.719637767103426e-05,0.0245374550368565,-0.08009345820013637
Moirai-1.1,FTSE100,0.01,1833,0.0034951155195795877,0.014184397163120567,0.09027554520864756,0.004184397163120567,0.00041091147445521174,0.0004053075856697401,0.00041586583268860786,0.009274413529732678,0.007637752318603383,Green,Green,Green,5.603888785471619e-06,-4.95435823339612e-06,0.013637703334766398,-0.012056996558600925
Moirai-1.1,NIKKEI,0.01,1772,0.006097342994932836,0.01636568848758465,0.013644279083900868,0.006365688487584649,0.0004816905951167815,0.00047605154827407497,0.00049429207009417,0.006772009029345372,0.007336343115124154,Yellow,Green,Green,5.639046842706517e-06,-1.2601474977388472e-05,0.011706782112570376,-0.026160932152585123
EWMA,NATGAS,0.01,1850,0.0038817884617187437,0.011891891891891892,0.4271175368964937,0.0018918918918918916,0.0013635889933448365,0.001357618766369434,0.001478876581944347,0.011351351351351352,0.008648648648648649,Green,Green,Green,5.970226975402556e-06,-0.00011528758859951044,0.004378318543594134,-0.08454716865726085
GJR-GARCH,FCHI,0.01,1935,-0.006705544605853778,0.00516795865633075,0.01855034530779376,0.004832041343669251,0.00040600449868728804,0.000399688961311184,0.00041112843390885993,0.016020671834625324,0.009302325581395349,Green,Yellow,Green,6.31553737610402e-06,-5.123935221571895e-06,0.015555338417489704,-0.01262039026202624
Moirai-1.1,NATGAS,0.01,1771,0.0012214511354535773,0.015245623941276116,0.03944703006413963,0.005245623941276116,0.0016047176914908944,0.00159831041817166,0.0016600107400002605,0.015245623941276116,0.009034443817052512,Green,Green,Green,6.407273319234373e-06,-5.529304850936611e-05,0.003992772905296239,-0.034456558186253324
EWMA,USDJPY,0.01,1966,0.0026037473688422155,0.018311291963377416,0.0009048841545150621,0.008311291963377416,0.00020160741517176198,0.00019487864368270688,0.00021359811208904964,0.009664292980671414,0.0076297049847405905,Yellow,Green,Green,6.728771489055102e-06,-1.1990696917287658e-05,0.03337561509492317,-0.059475475676685964
GJR-GARCH,GBPUSD,0.01,1664,-0.0035827736325732083,0.003605769230769231,0.0025449749023558343,0.006394230769230769,0.00019989187894519676,0.00019212258263784043,0.00020364184702172274,0.013221153846153846,0.01141826923076923,Green,Green,Green,7.769296307356336e-06,-3.749968076525973e-06,0.03886749350876031,-0.01875998212790866
Moirai-1.1,WTI,0.01,1772,0.001093754438919091,0.018623024830699775,0.0011228456881323678,0.008623024830699775,0.0012943361240014132,0.0012852006237485953,0.001355410925917445,0.01805869074492099,0.008465011286681716,Yellow,Yellow,Green,9.135500252817862e-06,-6.107480191603178e-05,0.007058058632077464,-0.047186198996919206
EWMA,NIFTY,0.01,1287,0.0035307230418005417,0.01554001554001554,0.06467283633418464,0.00554001554001554,0.00031393093272436836,0.00030445235329400145,0.0003246246443372067,0.010101010101010102,0.006993006993006993,Green,Green,Green,9.478579430366907e-06,-1.0693711612838358e-05,0.030193199975897592,-0.03406389908772528
Hist-Sim,USDJPY,0.01,1966,0.0019057896929830995,0.018819938962360123,0.0004609162085416063,0.008819938962360123,0.00022242834948559353,0.00021167518682898897,0.00024092960242652598,0.01271617497456765,0.013224821973550356,Yellow,Green,Green,1.0753162656604559e-05,-1.8501252940932445e-05,0.0483443890199843,-0.08317848414430982
Hist-Sim,ASX200,0.01,1912,0.0026537138837206507,0.01778242677824268,0.002054918419251206,0.007782426778242679,0.000457880990959116,0.00044677199092275455,0.0005073666657707559,0.010460251046025104,0.014644351464435146,Yellow,Green,Green,1.1109000036361462e-05,-4.948567481163988e-05,0.024261762894090922,-0.10807540777786609
GJR-GARCH,FTSE100,0.01,1911,-0.004592435780081488,0.006802721088435374,0.13597839405767875,0.0031972789115646263,0.00033892456181055944,0.0003271181894589207,0.0003580794028987339,0.010465724751439037,0.007849293563579277,Green,Green,Green,1.1806372351638728e-05,-1.9154841088174436e-05,0.034834808927887186,-0.056516532722939564
Hist-Sim,GDAXI,0.01,1922,0.0027969278978324102,0.015608740894901144,0.022380650679893366,0.005608740894901144,0.000525898723475731,0.0005138539035070688,0.0005759958713211829,0.011966701352757543,0.012486992715920915,Green,Green,Green,1.2044819968662205e-05,-5.009714784545184e-05,0.02290330710266127,-0.09526006740300388
Hist-Sim,WTI,0.01,1850,0.005291519530848131,0.014594594594594595,0.06305764753772947,0.0045945945945945945,0.0014301959372843799,0.001418118572539461,0.0016133894377839172,0.011351351351351352,0.013513513513513514,Green,Green,Green,1.2077364744918825e-05,-0.00018319350049953733,0.008444552547010462,-0.12808979226117825
EWMA,HSI,0.01,1862,0.004970558599874594,0.017185821697099892,0.004694999278372691,0.007185821697099892,0.0005177003524323657,0.0005052635121961965,0.0005498797727351895,0.008592910848549946,0.007518796992481203,Yellow,Green,Green,1.2436840236169163e-05,-3.217942030282381e-05,0.02402324081437429,-0.06215838979369413
Hist-Sim,GOLD,0.01,1848,0.002793970262474313,0.016774891774891776,0.007629850754051981,0.006774891774891776,0.000450379906794771,0.0004377547884236032,0.00045258691618428896,0.011904761904761904,0.010281385281385282,Yellow,Green,Green,1.2625118371167789e-05,-2.207009389517973e-06,0.028032152812982398,-0.004900328270025737
Hist-Sim,STOXX,0.01,1577,0.0047453718086177855,0.014584654407102092,0.08677344817538901,0.004584654407102092,0.0005190351938644422,0.0005057851745350237,0.0005787628997936998,0.01077996195307546,0.012682308180088777,Green,Green,Green,1.3250019329418515e-05,-5.972770592925752e-05,0.025528171280190793,-0.1150744817216706
GJR-GARCH,GOLD,0.01,1848,-0.004206739690607201,0.00487012987012987,0.013838131772671791,0.00512987012987013,0.0004088188639603503,0.0003955682762507412,0.00041384314553967694,0.010281385281385282,0.008116883116883116,Green,Green,Green,1.3250587709609084e-05,-5.024281579326653e-06,0.032411879386500635,-0.012289749867838628
Lag-Llama,ICLN,0.01,1185,0.010926482324309653,0.017721518987341773,0.01599227057791308,0.007721518987341773,0.0005752715645452635,0.0005619693481725191,0.0006114418442080757,0.005063291139240506,0.006751054852320675,Yellow,Green,Green,1.3302216372744458e-05,-3.6170279662812196e-05,0.023123368496858518,-0.0628751391378154
GJR-GARCH,WTI,0.01,1850,-0.011169639065391843,0.0075675675675675675,0.2719127417664027,0.0024324324324324327,0.0010556762637099718,0.0010413963923990121,0.0011013947923369165,0.011351351351351352,0.009189189189189189,Green,Green,Green,1.4279871310959652e-05,-4.5718528626944666e-05,0.013526752283674335,-0.04330733786348067
EWMA,BOVESPA,0.01,1873,0.0037767859375105114,0.01868659903897491,0.0007469269671536161,0.008686599038974908,0.0004977460834383778,0.00048246599916081855,0.0005110486656645912,0.010678056593699947,0.008542445274959957,Yellow,Green,Green,1.5280084277559272e-05,-1.3302582226213397e-05,0.030698552506945007,-0.026725639173934935
Hist-Sim,FTSE100,0.01,1911,0.0036501061976578555,0.01674515960230246,0.006889443396465134,0.00674515960230246,0.0004572788921414387,0.0004419943306006229,0.0005369417188329803,0.010465724751439037,0.01098901098901099,Yellow,Green,Green,1.528456154081581e-05,-7.96628266915416e-05,0.03342503186455459,-0.17421059239905057
Hist-Sim,DJCI,0.01,772,0.0015082053758471367,0.02072538860103627,0.008860117283428615,0.01072538860103627,0.00041584408707468336,0.0004003982080949981,0.0004340151495400981,0.019430051813471502,0.012953367875647668,Yellow,Yellow,Green,1.544587897968526e-05,-1.8171062465414717e-05,0.03714343779261496,-0.04369681577834072
GARCH-N,BOVESPA,0.01,1873,0.0036149733502165646,0.017084890549919914,0.005126700128083583,0.007084890549919913,0.0004801344691426242,0.00046427452951730086,0.000497576748001962,0.012279765082754938,0.0069407367859049655,Yellow,Green,Green,1.585993962532336e-05,-1.7442278859337802e-05,0.03303228708749956,-0.03632790391092826
Hist-Sim,SP500,0.01,1902,0.003282584740003286,0.017350157728706624,0.0035297881228083527,0.007350157728706624,0.0005581691664894074,0.0005402445365878235,0.0006160456295642822,0.013669821240799159,0.01892744479495268,Yellow,Green,Yellow,1.792462990158391e-05,-5.787646307487478e-05,0.032113257015468036,-0.10368982478714743
Hist-Sim,FCHI,0.01,1935,0.0035556210507943636,0.01757105943152455,0.00249841446868293,0.0075710594315245485,0.0005441042599438031,0.0005248388424372307,0.0006036305741273139,0.012919896640826873,0.014470284237726097,Yellow,Green,Green,1.9265417506572472e-05,-5.952631418351076e-05,0.03540758440039096,-0.10940240421874078
GARCH-N,ETH,0.01,841,0.032570986401738736,0.02140309155766944,0.00391010494682853,0.01140309155766944,0.0013007291051956994,0.0012790303548877826,0.0013356767241564816,0.007134363852556481,0.01070154577883472,Yellow,Green,Green,2.1698750307916825e-05,-3.494761896078217e-05,0.01668199029393762,-0.02686771505395366
EWMA,DJCI,0.01,772,0.0034671998769248216,0.022020725388601035,0.003767302131312489,0.012020725388601034,0.0003071782859290014,0.00028515514929814843,0.00030945581769391674,0.012953367875647668,0.011658031088082901,Yellow,Green,Green,2.2023136630852983e-05,-2.2775317649153235e-06,0.07169496556128067,-0.007414364456222446
GARCH-N,HSI,0.01,1862,0.0044859965641476165,0.018796992481203006,0.0006724796726268467,0.008796992481203006,0.0005449275636653919,0.0005224687199830663,0.0005639077578505696,0.01020408163265306,0.008592910848549946,Yellow,Green,Green,2.2458843682325548e-05,-1.8980194185177742e-05,0.041214365320885495,-0.0348306737459006
GARCH-N,DJCI,0.01,772,0.003635312486153683,0.023316062176165803,0.0015193813781387844,0.013316062176165802,0.00031761743145225773,0.00029162879965576575,0.0003387801788341032,0.011658031088082901,0.011658031088082901,Yellow,Green,Green,2.5988631796491977e-05,-2.1162747381845456e-05,0.08182369486984037,-0.06662967862022556
EWMA,NIKKEI,0.01,1851,0.004682958622413108,0.022690437601296597,2.5235073768392624e-06,0.012690437601296596,0.0005061383576115209,0.0004790542181708903,0.0005117514985995644,0.009724473257698542,0.008103727714748784,Yellow,Green,Green,2.7084139440630565e-05,-5.613140988043521e-06,0.05351133545467938,-0.011090131588785464
GJR-GARCH,HSI,0.01,1862,-0.006749505667209471,0.004296455424274973,0.005270072975758433,0.005703544575725027,0.000548313682989723,0.0005199167130383765,0.0005555753706540719,0.008055853920515575,0.008592910848549946,Green,Green,Green,2.839696995134643e-05,-7.261687664348909e-06,0.051789643104490385,-0.013243673994699518
GJR-GARCH,ICLN,0.01,1263,-0.006720677393820866,0.0023752969121140144,0.0010660399804927057,0.007624703087885986,0.0006282865845110205,0.0005951451844786888,0.0006519882110490378,0.006334125098970704,0.011876484560570071,Green,Green,Green,3.314140003233168e-05,-2.3701626538017318e-05,0.052748858322551634,-0.03772422827787051
Hist-Sim,NATGAS,0.01,1850,0.00402343753173303,0.02,0.00014162607791678994,0.01,0.0017675545051768255,0.0017328947856528434,0.0018233458491136163,0.018378378378378378,0.008648648648648649,Yellow,Yellow,Green,3.46597195239821e-05,-5.5791343936790853e-05,0.01960885473260965,-0.03156414343851281
EWMA,FTSE100,0.01,1911,0.00422610796102995,0.02197802197802198,5.5294926354365614e-06,0.01197802197802198,0.00042310267533109407,0.00038844245104114965,0.00044171129169785333,0.015175300889586603,0.009419152276295133,Yellow,Green,Green,3.4660224289944416e-05,-1.8608616366759263e-05,0.08191918016784333,-0.043981325223711495
GARCH-N,WTI,0.01,1850,0.005302661330921259,0.02216216216216216,5.860401623203337e-06,0.012162162162162161,0.0011347460958048077,0.0010929448438953804,0.0011662836302287895,0.013513513513513514,0.009189189189189189,Yellow,Green,Green,4.180125190942729e-05,-3.153753442398173e-05,0.036837537546035935,-0.027792591259469406
EWMA,WTI,0.01,1850,0.006093843303224489,0.023783783783783784,4.1970005892899565e-07,0.013783783783783784,0.0011834812456054727,0.001119840794582698,0.0012014265592089378,0.016756756756756756,0.009189189189189189,Yellow,Yellow,Green,6.364045102277469e-05,-1.794531360346514e-05,0.05377394129318546,-0.015163158410916993
Hist-Sim,ETH,0.01,841,0.006892131648959701,0.023781212841854936,0.0006473892468038533,0.013781212841854936,0.0013314389529404517,0.0012661456650337817,0.0013337327451442944,0.015457788347205707,0.014268727705112961,Yellow,Green,Green,6.529328790666998e-05,-2.293792203842673e-06,0.049039640730407716,-0.0017227918702369994
Moirai-1.1,ETH,0.01,762,0.016029722725735635,0.026246719160104987,0.00017872302309318577,0.016246719160104985,0.0013556595244657945,0.0012305647342215132,0.001356799393317487,0.013123359580052493,0.007874015748031496,Yellow,Green,Green,0.00012509479024428133,-1.13986885169246e-06,0.09227596456682267,-0.0008408223680954346
GJR-GARCH,DJCI,0.025,772,-0.0035573033491751484,0.015544041450777202,0.07073816753043172,0.0094559585492228,0.0006149317009407245,0.0006558572196967704,0.0006365941212532367,0.04792746113989637,0.025906735751295335,Green,Red,Yellow,-4.0925518756045856e-05,-2.166242031251221e-05,-0.06655295001613654,-0.03522735985048903
GARCH-N,ICLN,0.025,1263,0.004734695607721752,0.028503562945368172,0.43518142129987114,0.003503562945368171,0.0010840473879115047,0.001111987504065133,0.001122304791500989,0.011084718923198733,0.022169437846397466,Yellow,Green,Yellow,-2.7940116153628335e-05,-3.8257403589484406e-05,-0.025773888176103613,-0.035291264954007265
Moirai-1.1,ICLN,0.025,1185,0.0037608442334768483,0.024472573839662448,0.9071028373923377,0.0005274261603375532,0.0010846596162471128,0.0011032728784556806,0.001121188440809892,0.015189873417721518,0.024472573839662448,Yellow,Green,Yellow,-1.86132622085678e-05,-3.652882456277925e-05,-0.017160463918596956,-0.03367768469998708
EWMA,ICLN,0.025,1263,0.004139012818707367,0.03167062549485352,0.14454673287914765,0.006670625494853519,0.001083009244111998,0.001096913233655915,0.0011160185212252642,0.0166270783847981,0.022169437846397466,Yellow,Yellow,Yellow,-1.3903989543917082e-05,-3.300927711326622e-05,-0.0128382925810735,-0.03047922009228262
Moirai-1.1,NIFTY,0.025,1208,0.0020088288346148484,0.022350993377483443,0.548276866466425,0.002649006622516558,0.0005677109174697323,0.000580777943879667,0.0005920385367157727,0.014900662251655629,0.024834437086092714,Yellow,Green,Yellow,-1.3067026409934747e-05,-2.432761924604039e-05,-0.0230170426670215,-0.04285212508237069
GARCH-N,IBGL,0.025,1305,0.0014912774071614635,0.024521072796934867,0.911486664054511,0.00047892720306513467,0.00048756617833482774,0.0004969704304555234,0.000501797734245959,0.01532567049808429,0.021455938697318006,Yellow,Green,Yellow,-9.404252120695706e-06,-1.4231555911131222e-05,-0.019288155205543188,-0.029188972786701264
GJR-GARCH,ASX200,0.025,1912,-0.0030882231861491354,0.02092050209205021,0.23994863083433737,0.004079497907949793,0.0006655512813195634,0.0006741804957800111,0.0006809199308805832,0.036610878661087864,0.025627615062761507,Yellow,Red,Yellow,-8.629214460447788e-06,-1.536864956101986e-05,-0.012965514007183595,-0.023091608404012115
Moirai-1.1,AUDUSD,0.025,1395,0.0012935978760572758,0.023655913978494623,0.7456218709819227,0.0013440860215053786,0.00043093200264332905,0.00043917222101171,0.00043987226810616027,0.015053763440860216,0.024372759856630826,Yellow,Green,Yellow,-8.240218368380956e-06,-8.94026546283122e-06,-0.019121852909126283,-0.020746348398336154
EWMA,IBGL,0.025,1305,0.0017529641763674476,0.029118773946360154,0.35281895944398445,0.004118773946360153,0.00048322593589433116,0.0004889125282138398,0.0004956573336139971,0.014559386973180077,0.022222222222222223,Yellow,Green,Yellow,-5.68659231950868e-06,-1.2431397719665988e-05,-0.01176797828325214,-0.025725849537977633
Moirai-1.1,DJCI,0.025,693,-0.00016053067625976247,0.050505050505050504,0.00015256595931156802,0.025505050505050503,0.0007468505200146905,0.0007510774832611457,0.0007203788267317521,0.05194805194805195,0.030303030303030304,Red,Red,Yellow,-4.2269632464552245e-06,2.6471693282938353e-05,-0.0056597178862138045,0.03544443308738361
Hist-Sim,BOVESPA,0.025,1873,0.0016674055245493244,0.026695141484249868,0.6420285062699636,0.0016951414842498666,0.0011266863385734271,0.0011296956693996065,0.0012707670845663753,0.021356113187399894,0.03416978109983983,Yellow,Yellow,Yellow,-3.009330826179383e-06,-0.00014408074599294818,-0.0026709570562377617,-0.12788008610753054
Moirai-1.1,CBU0,0.025,976,0.0009878698229449263,0.02663934426229508,0.7454562511303496,0.001639344262295079,0.00032004969274776945,0.0003228920105193804,0.0003280015305916577,0.018442622950819672,0.0235655737704918,Yellow,Yellow,Yellow,-2.84231777161097e-06,-7.951837843888255e-06,-0.008880863928374384,-0.024845634987548895
GARCH-N,NIFTY,0.025,1287,0.00195254708727724,0.029526029526029528,0.31175904751984485,0.004526029526029526,0.0006090665833851377,0.0006114411108927224,0.0006331183332045355,0.019425019425019424,0.022533022533022532,Yellow,Yellow,Yellow,-2.3745275075846796e-06,-2.4051749819397738e-05,-0.0038986337000911585,-0.039489524586491444
Hist-Sim,AUDUSD,0.025,1473,0.0011361512132066764,0.028513238289205704,0.3981016799078819,0.003513238289205703,0.0004228050366427871,0.00042513602005529705,0.0004477083580582906,0.017651052274270197,0.026476578411405296,Yellow,Yellow,Yellow,-2.33098341250994e-06,-2.490332141550348e-05,-0.005513140124863991,-0.05890024776725498
Hist-Sim,ICLN,0.025,1263,0.0017296557314770422,0.025336500395882817,0.9390761509898736,0.0003365003958828161,0.0011164182310258513,0.0011185239912685583,0.0011404245829504227,0.021377672209026127,0.026128266033254157,Yellow,Yellow,Yellow,-2.1057602427069708e-06,-2.4006351924571326e-05,-0.0018861750768545185,-0.02150300958674997
Hist-Sim,HSI,0.025,1862,0.0017774959739264608,0.02685284640171858,0.6127702621998603,0.0018528464017185803,0.0010112406978927274,0.001013086373673843,0.0010505482841942741,0.020945220193340493,0.02900107411385607,Yellow,Yellow,Yellow,-1.8456757811156303e-06,-3.9307586301546736e-05,-0.0018251597121849816,-0.038870653033899645
Moirai-1.1,EURUSD,0.025,1582,-0.0001952740629611125,0.029077117572692796,0.311106142288321,0.004077117572692794,0.00033092657587582966,0.00033191149657281596,0.0003424343951993565,0.030973451327433628,0.02654867256637168,Yellow,Yellow,Yellow,-9.849206969863048e-07,-1.150781932352684e-05,-0.0029762514369830093,-0.034774539618252984
GARCH-N,NATGAS,0.025,1850,0.00037836072439848684,0.023243243243243242,0.6243676634598636,0.0017567567567567596,0.002764613694338361,0.002765457853709414,0.0028015501669651946,0.022702702702702703,0.028648648648648647,Yellow,Yellow,Yellow,-8.441593710530916e-07,-3.69364726268335e-05,-0.00030534442218160227,-0.01336044623611448
Moirai-1.1,TLT,0.025,1631,0.0005995728074511854,0.026364193746167996,0.7264697563849589,0.001364193746167995,0.0006771999509859346,0.0006779821555447933,0.0006846015543748737,0.022072348252605765,0.023911710606989576,Yellow,Yellow,Yellow,-7.82204558858737e-07,-7.4016033889390525e-06,-0.0011550570222574976,-0.010929716368353345
GJR-GARCH,GDAXI,0.025,1922,-0.00488465972428128,0.01716961498439126,0.019883831277447195,0.007830385015608742,0.0008494138721465535,0.0008498743696023649,0.0008589970091344332,0.03590010405827263,0.027575442247658687,Yellow,Yellow,Yellow,-4.604974558114396e-07,-9.583136987879773e-06,-0.0005421355488905741,-0.011282058490123585
EWMA,EURUSD,0.025,1660,0.0005844979268432356,0.027710843373493974,0.4867347522638755,0.002710843373493973,0.00030077805570845963,0.0003010241955059759,0.0003017874393505835,0.022289156626506025,0.023493975903614458,Yellow,Yellow,Yellow,-2.461397975162525e-07,-1.0093836421238775e-06,-0.0008183436020174048,-0.0033559085277892094
Hist-Sim,IBGL,0.025,1305,0.0013544546098226886,0.028352490421455937,0.44743161269569853,0.0033524904214559358,0.0005105107564839998,0.0005105871923470739,0.0005180482116436103,0.021455938697318006,0.029118773946360154,Yellow,Yellow,Yellow,-7.643586307404422e-08,-7.537455159610474e-06,-0.00014972429494037475,-0.0147645374047015
EWMA,CBU0,0.025,1055,0.00043279669511225947,0.027488151658767772,0.6103260652065576,0.0024881516587677704,0.0002968206096987635,0.00029684071197186166,0.00030298988022824206,0.021800947867298578,0.022748815165876776,Yellow,Yellow,Yellow,-2.0102273098183097e-08,-6.169270529478581e-06,-6.772532782876647e-05,-0.020784508648977018
GARCH-N,CBU0,0.025,1055,0.00046154491450773466,0.025592417061611375,0.9022822463430356,0.0005924170616113736,0.00029429777297322986,0.00029428567024610317,0.000301493895891979,0.021800947867298578,0.022748815165876776,Yellow,Yellow,Yellow,1.2102727126690402e-08,-7.19612291874913e-06,4.1124086684105824e-05,-0.024451842927821644
Hist-Sim,NIFTY,0.025,1287,0.0007145741355250208,0.02641802641802642,0.7467667903848478,0.0014180264180264184,0.0006493726113511167,0.000649135232764431,0.0006982457342169103,0.024864024864024864,0.03807303807303807,Yellow,Yellow,Red,2.3737858668570078e-07,-4.887312286579355e-05,0.00036555066003137886,-0.0752620637388844
Moirai-1.1,USDJPY,0.025,1888,0.0008526433756681981,0.02913135593220339,0.26232985948806475,0.004131355932203387,0.0003944798040166453,0.00039422446930887435,0.0004047520373805183,0.02065677966101695,0.02489406779661017,Yellow,Yellow,Yellow,2.5533470777094284e-07,-1.0272233363873011e-05,0.0006472694043423548,-0.02603994744288498
GARCH-N,EURUSD,0.025,1660,0.00013981479624210723,0.02891566265060241,0.3185556261127662,0.003915662650602409,0.0002971131728663713,0.00029673058834820483,0.00029817653147769116,0.02650602409638554,0.024096385542168676,Yellow,Yellow,Yellow,3.8258451816645077e-07,-1.0633586113198792e-06,0.0012876726887451767,-0.003578968246548032
EWMA,NIFTY,0.025,1287,0.0015179543262865205,0.03108003108003108,0.17802029366238736,0.006080031080031079,0.0006002370973230005,0.0005997270673244294,0.0006220745846496065,0.022533022533022532,0.021756021756021756,Yellow,Yellow,Yellow,5.100299985710171e-07,-2.1837487326606072e-05,0.00084971422267251,-0.03638143564268047
GARCH-N,USDJPY,0.025,1966,0.0003025489460406726,0.027466937945066123,0.4903038512152894,0.0024669379450661215,0.00038180564576477486,0.0003812470146344814,0.000385692254724554,0.0254323499491353,0.023906408952187184,Yellow,Yellow,Yellow,5.586311302934843e-07,-3.886608959779124e-06,0.0014631295699531095,-0.01017954816250572
Hist-Sim,TLT,0.025,1709,0.00016585512786629689,0.0310122878876536,0.1246974112833108,0.006012287887653598,0.0006832026781083741,0.0006823338236618074,0.0006933990300202974,0.029256875365710942,0.024575775307197192,Yellow,Yellow,Yellow,8.688544465666748e-07,-1.019635191192329e-05,0.0012717374717738613,-0.014924344178735607
GARCH-N,BOVESPA,0.025,1873,0.0015981810185236901,0.030432461292044848,0.14509483899472286,0.005432461292044846,0.0009220918316609986,0.0009211612186636154,0.0009430379245923435,0.022957821676454885,0.026695141484249868,Yellow,Yellow,Yellow,9.306129973832202e-07,-2.0946092931344897e-05,0.0010092411248312134,-0.022715842622327446
GARCH-N,TLT,0.025,1709,0.00023336452270425467,0.029256875365710942,0.2721880237825044,0.004256875365710941,0.0005887933492092957,0.0005878305891000473,0.0006000472870684152,0.028086600351082503,0.02516091281451141,Yellow,Yellow,Yellow,9.627601092484063e-07,-1.125393785911949e-05,0.001635140937888173,-0.019113561446019497
Hist-Sim,GBPUSD,0.025,1664,0.00040736862735419113,0.028245192307692308,0.4060106185784814,0.0032451923076923066,0.0003919998529730434,0.0003910240388303868,0.00040042326513136615,0.026442307692307692,0.027043269230769232,Yellow,Yellow,Yellow,9.758141426566215e-07,-8.42341215832274e-06,0.0024893227261585864,-0.021488304381843716
Hist-Sim,FTSE100,0.025,1911,0.00142401237132413,0.027210884353741496,0.5415494868883726,0.002210884353741494,0.0008039722218331902,0.0008027227549274337,0.0008418883885073159,0.024071166928309785,0.03087388801674516,Yellow,Yellow,Yellow,1.249466905756504e-06,-3.791616667412571e-05,0.001554117010296092,-0.047161040698235256
Hist-Sim,USDJPY,0.025,1966,0.0005680267388332438,0.030518819938962362,0.12956934800502684,0.0055188199389623604,0.00041957357913873644,0.0004180305527875617,0.0004286450370932356,0.026449643947100712,0.031027466937945065,Yellow,Yellow,Yellow,1.5430263511747233e-06,-9.071457954499173e-06,0.00367760609317229,-0.02162066060765852
Hist-Sim,CBU0,0.025,1055,0.0008585748887813,0.03317535545023697,0.10501199495285451,0.008175355450236968,0.00031483921084503563,0.00031319399715939273,0.00031964725056461506,0.022748815165876776,0.025592417061611375,Yellow,Yellow,Yellow,1.6452136856428992e-06,-4.808039719579431e-06,0.00522556793744689,-0.015271413324517433
Hist-Sim,EURUSD,0.025,1660,0.00038390909301051854,0.031927710843373494,0.082785725721086,0.006927710843373493,0.00031085252368418084,0.00030915264075111274,0.0003193462309578452,0.02710843373493976,0.028313253012048192,Yellow,Yellow,Yellow,1.6998829330681009e-06,-8.493707273664374e-06,0.005468454664357635,-0.02732391287353288
EWMA,TLT,0.025,1709,0.0002622280451722442,0.032767700409596257,0.04946218027880667,0.007767700409596255,0.0006149282415339408,0.0006131899211162725,0.0006220304082340103,0.0310122878876536,0.021064950263311878,Yellow,Yellow,Yellow,1.7383204176682444e-06,-7.10216670006948e-06,0.002826867104577922,-0.011549586147406563
GARCH-N,AUDUSD,0.025,1473,0.0012460938167194978,0.031228784792939578,0.14022688689539964,0.006228784792939576,0.00041755752459401573,0.00041569856507055696,0.0004246745675055163,0.02172437202987101,0.02376103190767142,Yellow,Yellow,Yellow,1.8589595234587701e-06,-7.117042911500586e-06,0.004451984251190793,-0.017044460924085535
EWMA,NATGAS,0.025,1850,0.0009939634631119174,0.02810810810810811,0.4010072395684863,0.0031081081081081076,0.0027907518507878522,0.002788163600768704,0.002838991921496456,0.02702702702702703,0.025405405405405406,Yellow,Yellow,Yellow,2.5882500191481625e-06,-4.8240070708603644e-05,0.0009274382523180906,-0.017285689766714685
Hist-Sim,GOLD,0.025,1848,0.0015653674335723497,0.02976190476190476,0.20282400435384462,0.004761904761904759,0.0008230344853858572,0.0008195628337294558,0.0008302746915481554,0.024350649350649352,0.024891774891774892,Yellow,Yellow,Yellow,3.4716516564013743e-06,-7.2402061622982164e-06,0.004218112020875754,-0.008796965729697029
GARCH-N,GBPUSD,0.025,1664,0.000794332905809908,0.03485576923076923,0.01498602278537764,0.00985576923076923,0.00037854209317518805,0.00037477807408488697,0.00038431005528701776,0.026442307692307692,0.025240384615384616,Yellow,Yellow,Yellow,3.7640190903010765e-06,-5.767962111829714e-06,0.009943462452824502,-0.015237307067883517
Moirai-1.1,GBPUSD,0.025,1585,0.0005710491583889483,0.03470031545741325,0.019351148022219822,0.009700315457413247,0.00039617851657901477,0.0003915575889552836,0.00040032143523204423,0.03028391167192429,0.024605678233438486,Yellow,Yellow,Yellow,4.620927623731185e-06,-4.142918653029463e-06,0.011663751138332047,-0.010457201689792257
Hist-Sim,FCHI,0.025,1935,0.0022497202982783536,0.02945736434108527,0.22171195403550836,0.0044573643410852695,0.0009508517511469473,0.000946193305522216,0.001002480576136467,0.023772609819121448,0.03255813953488372,Yellow,Yellow,Yellow,4.658445624731284e-06,-5.1628824989519585e-05,0.004899234417049893,-0.054297449552197036
Hist-Sim,ASX200,0.025,1912,0.0009876970529559288,0.03190376569037657,0.063513676073219,0.006903765690376568,0.0008525095342747913,0.0008478257898991693,0.00090032410834356,0.027719665271966527,0.038179916317991634,Yellow,Yellow,Red,4.683744375622023e-06,-4.781457406876873e-05,0.0054940668547553174,-0.056086849643791264
EWMA,AUDUSD,0.025,1473,0.0016143074942359635,0.03598099117447386,0.011226896328287106,0.010980991174473861,0.00042354183671057316,0.00041885213587238284,0.0004281897056585233,0.02172437202987101,0.02240325865580448,Yellow,Yellow,Yellow,4.68970083819032e-06,-4.647868947950146e-06,0.011072579924129246,-0.010973813080775446
Hist-Sim,STOXX,0.025,1577,0.0023781116395808106,0.031071655041217502,0.1365045136660208,0.0060716550412175,0.0009167454434653418,0.0009117677856998195,0.000988049011479264,0.024096385542168676,0.03614457831325301,Yellow,Yellow,Red,4.977657765522256e-06,-7.130356801392213e-05,0.0054297054880430825,-0.07777902636133235
EWMA,GBPUSD,0.025,1664,0.0007346422133178137,0.034254807692307696,0.0219332962750588,0.009254807692307694,0.0003803412157298756,0.00037501609711540826,0.00038654740552572167,0.028846153846153848,0.021033653846153848,Yellow,Yellow,Yellow,5.32511861446735e-06,-6.20618979584606e-06,0.014000898125774866,-0.01631742640338457
Moirai-1.1,STOXX,0.025,1498,0.003914464404850049,0.036715620827770364,0.006567348498782821,0.011715620827770362,0.0007069839642513462,0.0007015684815101748,0.0007500408646385876,0.018691588785046728,0.019359145527369826,Red,Yellow,Yellow,5.4154827411714065e-06,-4.305690038724141e-05,0.007659979596434099,-0.06090223055177227
GJR-GARCH,GBPUSD,0.025,1664,-0.0023686992909555966,0.014423076923076924,0.0027175586350426384,0.010576923076923078,0.0003898865532997046,0.0003837506101299295,0.0003905901716644892,0.03125,0.025841346153846152,Green,Yellow,Yellow,6.135943169775077e-06,-7.036183647846257e-07,0.015737765557301477,-0.0018046746132425768
EWMA,BOVESPA,0.025,1873,0.0018719269413040515,0.03203416978109984,0.06149649722041517,0.007034169781099837,0.0009521859013098694,0.0009458521372725704,0.0009646880582647544,0.02562733582487987,0.02189001601708489,Yellow,Yellow,Yellow,6.333764037298999e-06,-1.2502156954884917e-05,0.006651814554895206,-0.013129953864771986
EWMA,FTSE100,0.025,1911,0.0023661996420485457,0.03506017791732077,0.007853725085698926,0.010060177917320771,0.0007345055555795769,0.0007276748111137292,0.0007446669328799116,0.023547880690737835,0.02197802197802198,Yellow,Yellow,Yellow,6.83074446584768e-06,-1.0161377300334706e-05,0.009299785977054643,-0.013834309656537125
Hist-Sim,BTC,0.025,1185,0.004948029988475974,0.029535864978902954,0.3307123079377321,0.004535864978902952,0.001771337223957652,0.0017637231044778051,0.0018532624895557536,0.024472573839662448,0.027848101265822784,Yellow,Yellow,Yellow,7.614119479846778e-06,-8.192526559810172e-05,0.0042985149167896735,-0.04625051881146509
Hist-Sim,SP500,0.025,1902,0.002089796077581729,0.033123028391167195,0.03052378181640114,0.008123028391167193,0.0010147181156766264,0.0010070711691910043,0.0010662012058409338,0.025236593059936908,0.04100946372239748,Yellow,Yellow,Red,7.646946485622124e-06,-5.14830901643074e-05,0.00753603031963517,-0.05073634674392094
GARCH-N,DJCI,0.025,772,0.0008481448600978075,0.03756476683937824,0.037169981573717314,0.012564766839378239,0.0006273817352838178,0.0006193660015024052,0.0006392143576588383,0.03238341968911917,0.02461139896373057,Red,Yellow,Yellow,8.015733781412582e-06,-1.1832622375020584e-05,0.012776485719314714,-0.01886032332399299
Hist-Sim,GDAXI,0.025,1922,0.002283031211514727,0.032778355879292405,0.036964360576290156,0.0077783558792924035,0.0009624042980480913,0.0009543184300812771,0.0009995615088171231,0.026014568158168574,0.030176899063475548,Yellow,Yellow,Yellow,8.085867966814214e-06,-3.7157210769031795e-05,0.008401737173466118,-0.03860873319497068
Hist-Sim,DJCI,0.025,772,0.0007664514776053732,0.03756476683937824,0.037169981573717314,0.012564766839378239,0.0007814318735592741,0.0007729142232707567,0.0008189897996869513,0.034974093264248704,0.034974093264248704,Red,Yellow,Yellow,8.517650288517465e-06,-3.755792612767717e-05,0.010900054856632839,-0.04806295647579351
Hist-Sim,WTI,0.025,1850,0.0028469587808052435,0.02972972972972973,0.20556279979037106,0.00472972972972973,0.002363705475992946,0.0023546978963220437,0.0025333166084203,0.02702702702702703,0.03513513513513514,Yellow,Yellow,Yellow,9.007579670902103e-06,-0.0001696111324273543,0.0038107876647018374,-0.07175645787938281
Moirai-1.1,BOVESPA,0.025,1794,0.003812931073293429,0.03567447045707915,0.006442964639564175,0.01067447045707915,0.001113279406981984,0.001103436369520012,0.0011921156893952372,0.021181716833890748,0.024526198439241916,Yellow,Yellow,Yellow,9.84303746197194e-06,-7.883628241325325e-05,0.008841479865917639,-0.07081446213666383
Hist-Sim,NIKKEI,0.025,1851,0.002538164361412463,0.03457590491626148,0.012541558926234542,0.00957590491626148,0.0010233554806251734,0.001013201707983303,0.0010782931862802151,0.022690437601296597,0.030253916801728797,Yellow,Yellow,Yellow,1.0153772641870347e-05,-5.493770565504169e-05,0.009922038660180285,-0.05368389254287273
EWMA,BTC,0.025,1185,0.0059834710870737134,0.032067510548523206,0.1351446658839197,0.007067510548523205,0.0017196085735286812,0.0017091017051196471,0.0017408098169733944,0.024472573839662448,0.024472573839662448,Yellow,Yellow,Yellow,1.0506868409034106e-05,-2.1201243444713162e-05,0.006110034906068037,-0.012329110107428496
GARCH-N,FTSE100,0.025,1911,0.0020669652858625945,0.03663003663003663,0.0022976121761131285,0.01163003663003663,0.0007014280046479501,0.0006897636677747583,0.0007047289848055099,0.024594453165881738,0.023024594453165882,Red,Yellow,Yellow,1.1664336873191874e-05,-3.3009801575597424e-06,0.016629414274735518,-0.004706085493715808
Hist-Sim,NATGAS,0.025,1850,0.0012551946497320332,0.03513513513513514,0.008438623804391532,0.010135135135135136,0.0032952420073365887,0.0032834024557810357,0.0035101152222416225,0.03405405405405405,0.03513513513513514,Yellow,Yellow,Yellow,1.1839551555553e-05,-0.00021487321490503385,0.003592923229672722,-0.06520711208058046
GARCH-N,SP500,0.025,1902,0.0027639801885312176,0.03732912723449001,0.0013121767193893241,0.012329127234490006,0.0008032701804616497,0.0007890498485451773,0.0008097602229009959,0.024185068349106203,0.025236593059936908,Red,Yellow,Yellow,1.4220331916472398e-05,-6.490042439346254e-06,0.017703049686594603,-0.008079526163434006
EWMA,WTI,0.025,1850,0.0014554292323181763,0.036756756756756756,0.0024413781918055655,0.011756756756756755,0.0020989981354509585,0.0020845658397044965,0.0021243858356629138,0.03351351351351351,0.025405405405405406,Red,Yellow,Yellow,1.4432295746462029e-05,-2.5387700211955237e-05,0.00687580208038695,-0.012095151388260202
GJR-GARCH,FCHI,0.025,1935,-0.004659049479720182,0.014470284237726097,0.0012949907754224999,0.010529715762273904,0.0008083622441189338,0.0007917447411767681,0.0008191425230595761,0.029974160206718347,0.024806201550387597,Green,Yellow,Yellow,1.661750294216569e-05,-1.0780278940642342e-05,0.020557000358518436,-0.013335950582887746
GJR-GARCH,GOLD,0.025,1848,-0.004306722435698723,0.01406926406926407,0.0010531614202907713,0.010930735930735931,0.000816904269013716,0.000799403406884611,0.0008171421274659876,0.02922077922077922,0.020562770562770564,Green,Yellow,Yellow,1.7500862129104914e-05,-2.378584522716616e-07,0.021423394139235514,-0.0002911705340441402
GARCH-N,WTI,0.025,1850,0.002049832290687798,0.0372972972972973,0.001570198321507621,0.012297297297297297,0.0020338592191647175,0.002016306118031045,0.002054970220696914,0.02972972972972973,0.024864864864864864,Red,Yellow,Yellow,1.755310113367263e-05,-2.111100153219655e-05,0.008630440577338232,-0.010379775224003261
GJR-GARCH,FTSE100,0.025,1911,-0.0024789711770362086,0.0141287284144427,0.0009285687203315351,0.0108712715855573,0.0006720511600762398,0.0006540386345481406,0.0006766591013861019,0.021454735740450027,0.023024594453165882,Green,Yellow,Yellow,1.8012525528099204e-05,-4.607941309862093e-06,0.026802312975779702,-0.0068565335254229046
Moirai-1.1,NATGAS,0.025,1771,0.002834479657851781,0.03613777526821005,0.004836880471017491,0.011137775268210047,0.003056428603606864,0.003032552382377642,0.003079855008947166,0.030491247882552232,0.021456804065499716,Red,Yellow,Yellow,2.387622122922194e-05,-2.3426405340302124e-05,0.007811804012384201,-0.007664633589888811
Moirai-1.1,WTI,0.025,1772,0.003715961967566378,0.035553047404063204,0.007396591505100969,0.010553047404063202,0.002238738017818118,0.002214730185854473,0.002278493717959883,0.02878103837471783,0.024266365688487584,Yellow,Yellow,Yellow,2.4007831963645046e-05,-3.97557001417647e-05,0.01072382376703602,-0.017758085057451585
Moirai-1.1,ASX200,0.025,1833,0.0023516052717047937,0.042007637752318604,2.0749368122574552e-05,0.017007637752318602,0.0008030057252677334,0.0007781806011970872,0.0008128371394048298,0.03055100927441353,0.02673213311511184,Red,Yellow,Yellow,2.4825124070646247e-05,-9.831414137096328e-06,0.030915251647015595,-0.012243267797148514
Moirai-1.1,GDAXI,0.025,1843,0.0038074556799923692,0.041779706999457406,2.4932565732327383e-05,0.016779706999457404,0.0009169617501300071,0.0008918012771474944,0.0009170105167132036,0.024416711882799782,0.02387411828540423,Red,Yellow,Yellow,2.516047298251273e-05,-4.876658319644036e-08,0.02743895585496938,-5.3182788910798315e-05
Moirai-1.1,NIKKEI,0.025,1772,0.004313192137445167,0.03781038374717833,0.0013042995304640703,0.012810383747178328,0.0009557717477736301,0.0009304067742224009,0.0009617085989293217,0.02144469525959368,0.024266365688487584,Red,Yellow,Yellow,2.5364973551229267e-05,-5.936851155691615e-06,0.02653873543585517,-0.006211578412440927
Hist-Sim,ETH,0.025,841,0.003029443169266552,0.034482758620689655,0.09546801674213767,0.009482758620689653,0.00260553793382865,0.002576810455499398,0.00261328946838149,0.034482758620689655,0.026159334126040427,Yellow,Yellow,Yellow,2.8727478329252168e-05,-7.751534552839778e-06,0.011025545994273517,-0.0029750227207206528
GJR-GARCH,WTI,0.025,1850,-0.008742057647557118,0.016216216216216217,0.00978231383756234,0.008783783783783784,0.0020533315922720364,0.0020152036972217284,0.002063117384913828,0.02702702702702703,0.023243243243243242,Yellow,Yellow,Yellow,3.8127895050307954e-05,-9.785792641791614e-06,0.018568795801811522,-0.004765812145793518
Moirai-1.1,ICLN,0.05,1185,0.0038102201362904195,0.05147679324894515,0.8163973174945344,0.0014767932489451463,0.0018089081750186393,0.0018430540179357488,0.0018283844613421465,0.03375527426160337,0.046413502109704644,Red,Yellow,Red,-3.414584291710956e-05,-1.9476286323507263e-05,-0.01887649322871666,-0.010766873958821362
GJR-GARCH,DJCI,0.05,772,-0.0026710956078411265,0.034974093264248704,0.04334021649261188,0.015025906735751299,0.001041092233574456,0.0010646034189926152,0.001049999003146299,0.07642487046632124,0.046632124352331605,Yellow,Red,Red,-2.3511185418159273e-05,-8.906769571843031e-06,-0.022583191632730416,-0.008555216612521243
Hist-Sim,BTC,0.05,1185,0.0039019214282030174,0.048945147679324896,0.8672353877567234,0.0010548523206751065,0.002847838929770699,0.0028640261775177865,0.002926102920633228,0.043037974683544304,0.05569620253164557,Red,Red,Red,-1.6187247747087574e-05,-7.826399086252904e-05,-0.00568404609469642,-0.027481888123788892
GARCH-N,ICLN,0.05,1263,0.0015863289808159542,0.04829770387965162,0.7801717513555574,0.001702296120348383,0.0018444031549277535,0.0018530757730827183,0.0018713443838513071,0.0395882818685669,0.05146476642913698,Red,Red,Red,-8.672618154964866e-06,-2.694122892355367e-05,-0.004702127152512151,-0.014607017371215121
EWMA,ICLN,0.05,1263,0.0018012135467413114,0.04908946951702296,0.881629483570977,0.00091053048297704,0.0018322457685000714,0.0018399551834501655,0.0018668610782136379,0.043547110055423596,0.0498812351543943,Red,Red,Red,-7.709414950094091e-06,-3.461530971356642e-05,-0.004207631466604635,-0.018892285253797308
Moirai-1.1,CBU0,0.05,976,0.0009000196836089804,0.05122950819672131,0.8606358776903356,0.00122950819672131,0.0005457724563119333,0.0005515704343279701,0.000547630289350941,0.03790983606557377,0.04610655737704918,Red,Red,Red,-5.7979780160368486e-06,-1.857833039007749e-06,-0.010623434636509114,-0.003404043237289928
GARCH-N,AUDUSD,0.05,1473,0.0010346844595922524,0.05363204344874406,0.5270756404906403,0.0036320434487440573,0.0007008633408593511,0.0007066149317402795,0.0007135057613756191,0.034623217922606926,0.04955872369314324,Red,Yellow,Red,-5.7515908809284075e-06,-1.2642420516268066e-05,-0.008206437040744915,-0.018038353241256404
GARCH-N,BTC,0.05,1185,-0.0034777972301769516,0.04472573839662447,0.396667528791082,0.005274261603375532,0.0028977830263219803,0.002902512761427158,0.0029585359324859075,0.05822784810126582,0.053164556962025315,Red,Red,Red,-4.729735105177876e-06,-6.075290616392717e-05,-0.001632190906708811,-0.020965305411785082
Hist-Sim,ICLN,0.05,1263,0.0010238053722010816,0.047505938242280284,0.6818344263034881,0.002494061757719719,0.0018412638753663264,0.001845844007904168,0.0018758696482061347,0.04275534441805225,0.04829770387965162,Red,Red,Red,-4.580132537841501e-06,-3.460577283980826e-05,-0.0024874938345978608,-0.018794575455907053
GARCH-N,BOVESPA,0.05,1873,0.001039957361761417,0.04965296316070475,0.9449990204705291,0.0003470368392952533,0.001513519590264631,0.0015169189136843054,0.0015307264694426664,0.04378003203416978,0.04644954618259477,Red,Red,Red,-3.3993234196743553e-06,-1.7206879178035357e-05,-0.002245972527570655,-0.011368785239857267
EWMA,HSI,0.05,1862,0.0010655598916992411,0.04940923737916219,0.9067139810566368,0.0005907626208378133,0.0016175272202070144,0.0016207281536436832,0.001618776784066447,0.045112781954887216,0.04887218045112782,Red,Red,Red,-3.2009334366687493e-06,-1.2495638594324943e-06,-0.001978905453139198,-0.0007725148880478021
EWMA,AUDUSD,0.05,1473,0.0010290607773025887,0.05431093007467753,0.45375400721922965,0.004310930074677526,0.0007069202699854415,0.0007098067736207172,0.0007173556362058229,0.04073319755600815,0.04548540393754243,Red,Red,Red,-2.8865036352756406e-06,-1.0435366220381322e-05,-0.004083209603446632,-0.014761730089584544
Hist-Sim,BOVESPA,0.05,1873,0.0008175028723665934,0.04965296316070475,0.9449990204705291,0.0003470368392952533,0.001721120123378696,0.0017237304162748424,0.0018005426302718545,0.04378003203416978,0.05392418579818473,Red,Red,Red,-2.610292896146468e-06,-7.942250689315852e-05,-0.0015166244707093745,-0.04614582434678982
GARCH-N,DJCI,0.05,772,-0.00022540618040629325,0.05699481865284974,0.38259552410480935,0.006994818652849739,0.0010333940053983501,0.0010358343996333325,0.00105549796492136,0.06217616580310881,0.04792746113989637,Red,Red,Red,-2.4403942349823706e-06,-2.2103959523009755e-05,-0.0023615331831169793,-0.021389672678127424
EWMA,NATGAS,0.05,1850,-0.0008149302263283156,0.051351351351351354,0.7905741690987177,0.0013513513513513514,0.004743678380484794,0.0047460847073561895,0.00476814967002277,0.05405405405405406,0.05027027027027027,Red,Red,Red,-2.406326871395338e-06,-2.4471289537975928e-05,-0.0005072702401779221,-0.005158715995302154
EWMA,FTSE100,0.05,1911,0.001203229300284001,0.05389848246991104,0.43974272074785625,0.0038984824699110354,0.0011402171602985084,0.001142558562470676,0.0011635353514204531,0.042909471480900054,0.04814233385661957,Red,Red,Red,-2.3414021721676354e-06,-2.3318191121944696e-05,-0.0020534703858996976,-0.02045065793944024
GARCH-N,HSI,0.05,1862,0.0008177360785314516,0.050483351235230935,0.9238754489221352,0.0004833512352309319,0.0016558947294737336,0.0016581042066628575,0.0016635774325316367,0.04457572502685284,0.04779806659505908,Red,Red,Red,-2.209477189123914e-06,-7.682703057903086e-06,-0.0013343101767260995,-0.004639608376762426
EWMA,BTC,0.05,1185,-0.0009610760634693044,0.05147679324894515,0.8163973174945344,0.0014767932489451463,0.0028334542799012485,0.0028356253652199294,0.0028790695969668546,0.05232067510548523,0.05147679324894515,Red,Red,Red,-2.17108531868097e-06,-4.561531706560613e-05,-0.0007662326983997204,-0.01609883645879612
Hist-Sim,STOXX,0.05,1577,0.0009650065662966199,0.05136334812935954,0.804632342963072,0.0013633481293595373,0.0014213721579413915,0.0014232774927020238,0.0015066661858366833,0.04438807863031072,0.060240963855421686,Red,Red,Red,-1.9053347606323712e-06,-8.529402789529184e-05,-0.0013404897162133207,-0.060008230370028705
EWMA,IBGL,0.05,1305,-0.0001482770347260732,0.05747126436781609,0.22594768271404697,0.007471264367816088,0.0008465639975672145,0.000847860710318109,0.0008536314530412176,0.059770114942528735,0.05057471264367816,Red,Red,Red,-1.2967127508944605e-06,-7.067455474003056e-06,-0.0015317362356783966,-0.008348400704864516
EWMA,BOVESPA,0.05,1873,0.0011037614658868933,0.05178857447944474,0.7239476076261033,0.001788574479444735,0.0015568907208665273,0.0015577065622892022,0.001564935606687007,0.04644954618259477,0.04644954618259477,Red,Red,Red,-8.158414226749552e-07,-8.044885820479705e-06,-0.0005240197091166925,-0.005167277132978298
EWMA,EURUSD,0.05,1660,0.00035321449347411153,0.053614457831325305,0.5040004214201685,0.0036144578313253017,0.0004976483436807032,0.0004983303363875768,0.000501514689494539,0.0427710843373494,0.04819277108433735,Red,Red,Red,-6.819927068736154e-07,-3.866345813835839e-06,-0.001370430979091512,-0.007769232758295947
Hist-Sim,HSI,0.05,1862,0.00016394891021210417,0.04672395273899033,0.5121282797255826,0.0032760472610096694,0.0016122587422760788,0.001612822968807935,0.001654046388774042,0.04618689581095596,0.04994629430719656,Red,Red,Red,-5.642265318561972e-07,-4.178764649796318e-05,-0.00034996028680834445,-0.025918697416377586
Moirai-1.1,AUDUSD,0.05,1395,0.0010730947684541303,0.056630824372759854,0.26537042751973117,0.006630824372759851,0.0007232836157109923,0.0007237909542136577,0.0007243124964418159,0.04157706093189964,0.04229390681003584,Red,Red,Red,-5.073385026654192e-07,-1.0288807308235894e-06,-0.0007014378476784689,-0.0014225135320011268
EWMA,USDJPY,0.05,1966,0.00014630342949327468,0.049338758901322485,0.8927636468852951,0.0006612410986775175,0.0006238195924785918,0.0006243253139474934,0.0006310051890243899,0.044760935910478125,0.04781281790437437,Red,Red,Red,-5.057214689016933e-07,-7.185596545798158e-06,-0.0008106854529726054,-0.011518709307041769
Hist-Sim,GBPUSD,0.05,1664,0.0003386708097105253,0.05348557692307692,0.5186623933592354,0.0034855769230769176,0.0006408406282704526,0.0006410151354771948,0.000657911715555499,0.047475961538461536,0.051682692307692304,Red,Red,Red,-1.7450720674213032e-07,-1.707108728504639e-05,-0.0002723098365549998,-0.02663858459024217
Hist-Sim,NIFTY,0.05,1287,0.0004104295507759651,0.05128205128205128,0.8335220931237166,0.0012820512820512775,0.001055423497345926,0.0010555961594380713,0.0011009914081385474,0.048174048174048176,0.06060606060606061,Red,Red,Red,-1.726620921453214e-07,-4.556791079262149e-05,-0.00016359508062831164,-0.04317500122672192
Hist-Sim,AUDUSD,0.05,1473,0.0005316765174223402,0.05431093007467753,0.45375400721922965,0.004310930074677526,0.0007004445081381781,0.0007005797786289388,0.000716430918893492,0.04412763068567549,0.04955872369314324,Red,Red,Red,-1.352704907607149e-07,-1.5986410755313937e-05,-0.00019312092419750948,-0.022823236629846293
GARCH-N,TLT,0.05,1709,-5.16113317923679e-06,0.05675833820947923,0.2091068655444419,0.006758338209479228,0.0010344792364039498,0.0010345141170875196,0.0010527622209387238,0.05675833820947923,0.0526623756582797,Red,Red,Red,-3.488068356979207e-08,-1.828298453477391e-05,-3.371810892120375e-05,-0.01767361189223005
Hist-Sim,IBGL,0.05,1305,0.0004129947700191351,0.052873563218390804,0.6368710490297353,0.002873563218390801,0.0008742962367277098,0.0008743242560858026,0.0008708482535725511,0.0475095785440613,0.04674329501915709,Red,Red,Red,-2.801935809282688e-08,3.447983155158694e-06,-3.204789968866492e-05,0.00394372411811322
Hist-Sim,EURUSD,0.05,1660,4.666449459466565e-07,0.05783132530120482,0.15271528682052582,0.007831325301204818,0.0005106718244856667,0.0005106681700372948,0.0005216715765530558,0.05783132530120482,0.053614457831325305,Red,Red,Red,3.6544483718444973e-09,-1.0999752067389085e-05,7.156158214769628e-06,-0.02153976691090742
GARCH-N,EURUSD,0.05,1660,-2.2698989951350744e-05,0.04759036144578313,0.6498558290047496,0.0024096385542168725,0.0004975325158965395,0.0004975207406022342,0.0005054982038831822,0.051807228915662654,0.05421686746987952,Red,Red,Red,1.1775294305382475e-08,-7.965687986642668e-06,2.36673864102404e-05,-0.01601038672274258
GARCH-N,NATGAS,0.05,1850,-0.001497618296253271,0.04864864864864865,0.78882121035554,0.0013513513513513514,0.004708515563634523,0.004708455369423279,0.004755085166677283,0.05189189189189189,0.05297297297297297,Red,Red,Red,6.019421124395241e-08,-4.656960304276047e-05,1.2784116444013249e-05,-0.00989050634183594
GARCH-N,FTSE100,0.05,1911,0.0010695250670964898,0.05389848246991104,0.43974272074785625,0.0038984824699110354,0.0011160754512021952,0.001115970464727891,0.001136390252991906,0.044479330193615906,0.046049188906331764,Red,Red,Red,1.0498647430427256e-07,-2.0314801789710806e-05,9.406754193113468e-05,-0.01820199679853943
EWMA,CBU0,0.05,1055,7.931446655640335e-05,0.05308056872037915,0.6492895057992485,0.003080568720379144,0.0005085662551792918,0.0005083759235411852,0.0005145306497448888,0.05118483412322275,0.05023696682464455,Red,Red,Red,1.9033163810658078e-07,-5.964394565597005e-06,0.000374251410053702,-0.0117278614238656
GARCH-N,ETH,0.05,841,0.0002068294146701649,0.05112960760998811,0.8809415476698536,0.0011296076099881064,0.004217249595149594,0.004217015959068813,0.004279322899977332,0.05112960760998811,0.04637336504161712,Red,Red,Red,2.3363608078058595e-07,-6.207330482773787e-05,5.540010746560957e-05,-0.014718907057132816
GARCH-N,GBPUSD,0.05,1664,0.00020760496755401966,0.05228365384615385,0.6712735128864419,0.002283653846153845,0.0006202572169136493,0.0006198927539676798,0.0006326138054888181,0.05048076923076923,0.04807692307692308,Red,Red,Red,3.6446294596952176e-07,-1.2356588575168788e-05,0.0005875996861158028,-0.019921716730123985
Hist-Sim,USDJPY,0.05,1966,0.00022440276270538524,0.05391658189216684,0.4311279963426531,0.003916581892166836,0.0006643492581727702,0.0006638785949438532,0.000675732581996346,0.049338758901322485,0.054933875890132246,Red,Red,Red,4.706632289170178e-07,-1.138332382357582e-05,0.0007084575215926823,-0.017134547353728633
GARCH-N,NIFTY,0.05,1287,0.00011732951674958692,0.05439005439005439,0.4758701876820297,0.004390054390054389,0.0010062269235621237,0.0010057118406020342,0.0010358796853197334,0.05439005439005439,0.0473970473970474,Red,Red,Red,5.150829600895131e-07,-2.9652761757609702e-05,0.000511895426397535,-0.02946925893479033
Hist-Sim,FTSE100,0.05,1911,0.00040641847931509496,0.05337519623233909,0.5028748773667495,0.0033751962323390894,0.0012747096074308523,0.0012741918817045454,0.001352412187963745,0.04866562009419152,0.061224489795918366,Red,Red,Red,5.177257263069661e-07,-7.770258053289261e-05,0.00040615189788239717,-0.060957083934983725
GARCH-N,IBGL,0.05,1305,-0.00034847847940874463,0.044444444444444446,0.3483432880213063,0.005555555555555557,0.0008535156473682768,0.0008529964565290914,0.0008575661438584892,0.05057471264367816,0.05057471264367816,Red,Red,Red,5.191908391854235e-07,-4.05049649021235e-06,0.0006082968025088847,-0.004745661667365581
GARCH-N,CBU0,0.05,1055,-0.00012667702182839365,0.04549763033175355,0.49592247316331484,0.00450236966824645,0.0005124481376700264,0.0005118777908892824,0.0005142112925528827,0.04549763033175355,0.04928909952606635,Red,Red,Red,5.703467807439619e-07,-1.7631548828563265e-06,0.0011129843955276844,-0.0034406503863453402
GARCH-N,GOLD,0.05,1848,0.00026349476133217045,0.05303030303030303,0.5537624481708079,0.003030303030303029,0.0012964517189799287,0.0012958304111121753,0.0013139417200627394,0.05194805194805195,0.047619047619047616,Red,Red,Red,6.213078677533377e-07,-1.7490001082810704e-05,0.0004792371814988944,-0.013490669052120314
Moirai-1.1,EURUSD,0.05,1582,0.00011196771250686181,0.05625790139064475,0.2624590524320568,0.006257901390644749,0.0005444608078148373,0.000543777196798103,0.0005473385520854628,0.05562579013906448,0.05246523388116309,Red,Red,Red,6.836110167342995e-07,-2.8777442706254697e-06,0.0012555743350525699,-0.005285493885547306
GARCH-N,USDJPY,0.05,1966,-0.0002238771715750952,0.04628687690742624,0.4445333739087466,0.00371312309257376,0.0006251365532503291,0.0006243740877602467,0.0006304859669603972,0.04679552390640895,0.04730417090539166,Red,Red,Red,7.624654900824238e-07,-5.349413710068135e-06,0.0012196783024733843,-0.00855719231622986
Hist-Sim,SP500,0.05,1902,0.0005191208773900474,0.05310199789695058,0.538687048393127,0.0031019978969505785,0.001583890689248629,0.0015828807765741787,0.001686058905831526,0.050473186119873815,0.06203995793901157,Red,Red,Red,1.0099126744502872e-06,-0.00010216821658289694,0.0006376151342422328,-0.06450458814892321
EWMA,GOLD,0.05,1848,0.0004694045157784023,0.05303030303030303,0.5537624481708079,0.003030303030303029,0.001304297721976063,0.001303272430089837,0.0013141382546223309,0.049783549783549784,0.044372294372294376,Red,Red,Red,1.0252918862258941e-06,-9.840532646267913e-06,0.0007860873088642186,-0.007544698177774254
Hist-Sim,DJCI,0.05,772,7.170749737502036e-05,0.06606217616580311,0.05048347596345426,0.016062176165803105,0.0011927022826695754,0.001191563039914096,0.0012264993480244877,0.06476683937823834,0.06217616580310881,Red,Red,Red,1.1392427554793912e-06,-3.379706535491236e-05,0.0009551778109533521,-0.0283365478929627
EWMA,GBPUSD,0.05,1664,0.00034910789086869433,0.05709134615384615,0.19387600829520235,0.0070913461538461495,0.0006192383099781785,0.0006178894721016062,0.0006282303304444228,0.049879807692307696,0.048677884615384616,Red,Red,Red,1.348837876572243e-06,-8.992020466244352e-06,0.0021782209770254287,-0.014521098454908619
GARCH-N,STOXX,0.05,1577,0.001353111466944808,0.05643627140139505,0.25009475144499027,0.0064362714013950495,0.0012332183250336878,0.0012318438994177834,0.0012334897425736206,0.045656309448319596,0.045656309448319596,Red,Red,Red,1.3744256159044493e-06,-2.7141753993278894e-07,0.0011145030754119746,-0.00022008879889566564
Hist-Sim,TLT,0.05,1709,0.00026825432887874964,0.05734347571679345,0.173048777001243,0.007343475716793446,0.0011326045824623238,0.0011309740982421873,0.0011459099479869579,0.05441778818022235,0.05441778818022235,Red,Red,Red,1.6304842201365043e-06,-1.3305365524634129e-05,0.0014395882246845337,-0.011747582281282826
Moirai-1.1,IBGL,0.05,1226,0.0009269705541082463,0.06199021207177814,0.0628988438374406,0.011990212071778139,0.0009662620904583671,0.0009643171781711787,0.0009683725785107765,0.044861337683523655,0.05138662316476346,Red,Red,Red,1.9449122871884267e-06,-2.1104880524094047e-06,0.0020128206481388666,-0.002184177640052348
Hist-Sim,FCHI,0.05,1935,0.0011816445724792748,0.05581395348837209,0.2489504905607457,0.0058139534883720895,0.0015027770101317867,0.0015008320942422717,0.0015778707037174186,0.04806201550387597,0.05581395348837209,Red,Red,Red,1.9449158895150885e-06,-7.509369358563189e-05,0.0012942145617096765,-0.04996995101691535
EWMA,TLT,0.05,1709,0.00024077724690631241,0.05968402574605032,0.07428388056838442,0.009684025746050318,0.0010700993851356006,0.001068071529084847,0.0010803528219631442,0.05675833820947923,0.049151550614394385,Red,Red,Red,2.0278560507536528e-06,-1.0253436827543537e-05,0.0018950165553984384,-0.009581761255048515
Hist-Sim,NIKKEI,0.05,1851,0.000426590926410916,0.05726634251755808,0.16050826127027285,0.007266342517558075,0.0016140272265817359,0.0016118293941194586,0.001655693393776554,0.05456509994597515,0.05564559697460832,Red,Red,Red,2.197832462277286e-06,-4.16661671948182e-05,0.0013617071794581562,-0.025815033667716255
GARCH-N,NIKKEI,0.05,1851,0.0005965587020783335,0.05564559697460832,0.2733027938975614,0.00564559697460832,0.001566320838596096,0.001563920731251507,0.0015989254828884703,0.05240410588870881,0.05402485143165856,Red,Red,Red,2.400107344589005e-06,-3.260464429237432e-05,0.001532321658147789,-0.020816070047052486
Moirai-1.1,TLT,0.05,1631,0.0008145260138268436,0.055793991416309016,0.29147175983080187,0.005793991416309013,0.0011407970442744116,0.0011382035771642775,0.0011412156108169514,0.050889025137952175,0.04598405885959534,Red,Red,Red,2.5934671101341625e-06,-4.185665425397375e-07,0.002273381687961597,-0.00036690710643097875
GJR-GARCH,ASX200,0.05,1912,-0.002149752098857349,0.04236401673640167,0.11605224419187532,0.00763598326359833,0.0011277590488599954,0.001124934791184696,0.00113328498743587,0.05596234309623431,0.05387029288702929,Red,Red,Red,2.824257675299296e-06,-5.5259385758747205e-06,0.002504309478300547,-0.004899928385820235
GARCH-N,GDAXI,0.05,1922,0.001551846897458107,0.05723204994797086,0.15461522016746132,0.007232049947970859,0.001404604661100964,0.0014016624262137632,0.0014194629326231944,0.047866805411030174,0.04630593132154006,Red,Red,Red,2.942234887200754e-06,-1.4858271522230453e-05,0.0020947067660266466,-0.010578258732663019
EWMA,NIFTY,0.05,1287,0.0004215875143796857,0.05982905982905983,0.11607613280930995,0.009829059829059829,0.0010003354941016823,0.0009972682747931012,0.0010139036769114794,0.05439005439005439,0.048174048174048176,Red,Red,Red,3.0672193085811046e-06,-1.3568182809797075e-05,0.0030661906197135573,-0.013563632291166002
GARCH-N,WTI,0.05,1850,0.0011686370454783261,0.05459459459459459,0.37128054685201894,0.004594594594594589,0.003236353167774261,0.0032329534202086346,0.003270735405043453,0.05081081081081081,0.04594594594594595,Red,Red,Red,3.3997475656264396e-06,-3.438223726919204e-05,0.0010504871963539597,-0.010623759363332328
Hist-Sim,GDAXI,0.05,1922,0.0010270502825633354,0.058792924037460975,0.08489697687958486,0.008792924037460972,0.001525975540167837,0.0015224701734366072,0.0015901756466593878,0.04890738813735692,0.05619146722164412,Red,Red,Red,3.5053667312298035e-06,-6.420010649155075e-05,0.002297131663620414,-0.042071517400920855
Hist-Sim,GOLD,0.05,1848,0.0007978871788910328,0.05735930735930736,0.15566962344301838,0.007359307359307357,0.0013208883870869028,0.0013171365589582157,0.0013228790016456468,0.05303030303030303,0.049783549783549784,Red,Red,Red,3.751828128687124e-06,-1.990614558744063e-06,0.0028403824012424197,-0.0015070270722374807
Moirai-1.1,USDJPY,0.05,1888,0.0008878164564808111,0.06302966101694915,0.012380349086573816,0.013029661016949148,0.000644260767511233,0.0006404692286780423,0.0006455900469558251,0.046610169491525424,0.048728813559322036,Red,Red,Red,3.7915388331906906e-06,-1.329279444592141e-06,0.005885099674526718,-0.0020632630630716847
Hist-Sim,ASX200,0.05,1912,0.0005654901584816168,0.05910041841004184,0.07556468251178461,0.00910041841004184,0.001283924836644437,0.001279978031265909,0.0013271847756846959,0.05439330543933055,0.06014644351464435,Red,Red,Red,3.946805378527872e-06,-4.325993904025888e-05,0.0030740159126782887,-0.033693513674304794
EWMA,STOXX,0.05,1577,0.0010913174496375994,0.05770450221940393,0.1701497823091418,0.0077045022194039275,0.0012836629341179996,0.0012796480145064125,0.0013088795202504703,0.04819277108433735,0.045656309448319596,Red,Red,Red,4.014919611587068e-06,-2.521658613247068e-05,0.0031277054940794915,-0.019644242629625285
Moirai-1.1,GBPUSD,0.05,1585,0.0007199595343374736,0.061829652996845424,0.03685654953140416,0.011829652996845422,0.0006468928525408676,0.0006428155804013335,0.0006559129937331201,0.049842271293375394,0.04605678233438486,Red,Red,Red,4.077272139534115e-06,-9.020141192252543e-06,0.0063028554474197605,-0.01394379479820067
GARCH-N,ASX200,0.05,1912,0.000401479839347952,0.06276150627615062,0.013627355211845216,0.012761506276150622,0.001150692455397232,0.0011465669217855926,0.0011592251734545674,0.05910041841004184,0.04864016736401674,Red,Red,Red,4.1255336116392555e-06,-8.532718057335494e-06,0.003585261719835536,-0.007415289825976919
GARCH-N,FCHI,0.05,1935,0.0009798042322776215,0.05891472868217054,0.07975378955234147,0.008914728682170539,0.00135666402450419,0.0013521776274452008,0.0013742178271412373,0.050129198966408266,0.047545219638242896,Red,Red,Red,4.4863970589891465e-06,-1.7553802637047334e-05,0.0033069330194915115,-0.012938946061802289
GARCH-N,SP500,0.05,1902,0.0006759518570794536,0.05993690851735016,0.053512992649844326,0.009936908517350157,0.0013193602887782519,0.0013147957539246106,0.0013431198197625764,0.05362776025236593,0.05310199789695058,Red,Red,Red,4.564534853641281e-06,-2.3759530984324585e-05,0.0034596576026008114,-0.018008372077293822
Hist-Sim,WTI,0.05,1850,0.0018729828989053586,0.05459459459459459,0.37128054685201894,0.004594594594594589,0.0036718538438254514,0.0036671704258302113,0.0038136719114002485,0.04972972972972973,0.05891891891891892,Red,Red,Red,4.683417995240101e-06,-0.00014181806757479704,0.0012754913987428134,-0.03862301540495048
Moirai-1.1,FTSE100,0.05,1833,0.002517458526850671,0.06492089470812876,0.004985466587829834,0.014920894708128754,0.0011979198117549837,0.001192755760270538,0.001205343217562864,0.042007637752318604,0.048554282596835786,Red,Red,Red,5.164051484445823e-06,-7.423405807880246e-06,0.004310849051640905,-0.006196913795928263
EWMA,SP500,0.05,1902,0.000670798805515526,0.05993690851735016,0.053512992649844326,0.009936908517350157,0.0013980095910242228,0.001392414737121106,0.0014198400335330786,0.05625657202944269,0.049947423764458466,Red,Red,Red,5.594853903116877e-06,-2.1830442508855756e-05,0.00400201396259229,-0.015615373920905746
EWMA,NIKKEI,0.05,1851,0.0010376053252108691,0.059967585089141004,0.05607999782398054,0.009967585089141001,0.001561279686550959,0.0015548216044857972,0.0015798846925627913,0.05186385737439222,0.04754186925985954,Red,Red,Red,6.458082065161725e-06,-1.8605006011832405e-05,0.004136403055001855,-0.011916510649628023
EWMA,FCHI,0.05,1935,0.0012899826612664117,0.06046511627906977,0.04056490498689569,0.010465116279069764,0.001390901360466107,0.001383611045479407,0.0014028974426445076,0.05167958656330749,0.04909560723514212,Red,Red,Red,7.290314986699992e-06,-1.1996082178400598e-05,0.005241432062628024,-0.008624682180467904
EWMA,ETH,0.05,841,0.0017388527853072905,0.057074910820451845,0.3567737563299451,0.007074910820451842,0.004285118706343844,0.004277819199345469,0.004314911534121314,0.0535077288941736,0.052318668252080855,Red,Red,Red,7.2995069983743804e-06,-2.979282777747054e-05,0.0017034550262441804,-0.006952626010888372
Hist-Sim,ETH,0.05,841,0.0006968789648722773,0.06183115338882283,0.1283454200635914,0.011831153388822825,0.004239501559987233,0.004231256678060386,0.004296230238720688,0.06183115338882283,0.0535077288941736,Red,Red,Red,8.244881926847657e-06,-5.672867873345467e-05,0.0019447762455529053,-0.013380978384078127
EWMA,ASX200,0.05,1912,0.0006582716967574063,0.06851464435146444,0.0004222973804234309,0.018514644351464438,0.0011672636999699997,0.0011588596876184031,0.001178539324767422,0.058577405857740586,0.051255230125523014,Red,Red,Red,8.404012351596575e-06,-1.1275624797422393e-05,0.007199754735637346,-0.00965987788167506
EWMA,WTI,0.05,1850,0.0016817581311946578,0.05945945945945946,0.06950747945691538,0.00945945945945946,0.0032873514616942115,0.0032782938418780562,0.0033026313358500187,0.051351351351351354,0.04756756756756757,Red,Red,Red,9.057619816155247e-06,-1.527987415580719e-05,0.0027552940176001736,-0.004648080478724462
EWMA,GDAXI,0.05,1922,0.0017193303358184822,0.06295525494276795,0.012085955830497874,0.012955254942767946,0.0014310527242518839,0.0014218399750886394,0.0014421538386116364,0.047866805411030174,0.049427679500520294,Red,Red,Red,9.21274916324444e-06,-1.1101114359752477e-05,0.006437742654143382,-0.00775730633234065
Hist-Sim,NATGAS,0.05,1850,0.0006729993254515829,0.06432432432432432,0.0066789870247029315,0.014324324324324317,0.005129775617115013,0.005120512343576975,0.005211133400948831,0.06324324324324325,0.055675675675675676,Red,Red,Red,9.26327353803838e-06,-8.135778383381795e-05,0.0018057853265808237,-0.01585991082385268
Moirai-1.1,NIFTY,0.05,1208,0.0015086092308785395,0.06788079470198675,0.006710487914412533,0.017880794701986752,0.000950761140876262,0.0009390842171875059,0.0009629509488029114,0.048013245033112585,0.04552980132450331,Red,Red,Red,1.1676923688756086e-05,-1.2189807926649425e-05,0.012281658543589756,-0.012821104484155483
GJR-GARCH,FTSE100,0.05,1911,-0.0018088630190897393,0.032443746729461015,0.0001747936572933373,0.017556253270538988,0.00109718866421793,0.0010742760516949629,0.001097435747086328,0.042909471480900054,0.044479330193615906,Yellow,Red,Red,2.2912612522967175e-05,-2.47082868398002e-07,0.020883019730521146,-0.00022519633719887295
Moirai-1.1,ASX200,0.05,1833,0.0018625935094909573,0.07310420076377523,2.050665397612672e-05,0.02310420076377523,0.0012596184824015405,0.0012343354687113252,0.0012644880016044035,0.05564648117839607,0.046917621385706494,Red,Red,Red,2.528301369021527e-05,-4.869519202863005e-06,0.020071961505369183,-0.0038658683330677762
Moirai-1.1,NIKKEI,0.05,1772,0.0029728821747691675,0.06941309255079006,0.0003839532812366375,0.01941309255079006,0.0015607107610367853,0.0015328640742848587,0.001561021950587029,0.04909706546275395,0.04909706546275395,Red,Red,Red,2.7846686751926584e-05,-3.1118955024357457e-07,0.017842310982355204,-0.00019938963580724614
GARCH-N,ETH,0.1,841,-0.008177500650559603,0.08442330558858502,0.12281570892753102,0.015576694411414987,0.0066919420705481136,0.006708846526217606,0.006737730243951443,0.11652794292508918,0.10344827586206896,Red,Red,Red,-1.6904455669492467e-05,-4.578817340332962e-05,-0.0025260911542989315,-0.00684228478379211
GARCH-N,IBGL,0.1,1305,-0.000932827198465977,0.10038314176245211,0.9632223897503018,0.00038314176245210496,0.0014371091462266471,0.001449280488354705,0.0014373338359869462,0.12490421455938697,0.1049808429118774,Red,Red,Red,-1.2171342128057929e-05,-2.2468976029906516e-07,-0.00846932340526513,-0.00015634843107708484
EWMA,IBGL,0.1,1305,-0.0006408915341168542,0.10804597701149425,0.3382139068026281,0.008045977011494246,0.0014242712634301145,0.0014361296326794676,0.0014314577925153412,0.12720306513409962,0.10651340996168582,Red,Red,Red,-1.1858369249353106e-05,-7.186529085226757e-06,-0.008325920457591937,-0.0050457586765594266
Hist-Sim,NATGAS,0.1,1850,-0.0004679563393453143,0.11783783783783784,0.012609228492518665,0.017837837837837836,0.008143797728701746,0.008152454478327482,0.008286875231957095,0.12108108108108108,0.10756756756756757,Red,Red,Red,-8.656749625735732e-06,-0.000143077503255349,-0.001062986816976821,-0.017568892060161455
GJR-GARCH,DJCI,0.1,772,-0.002071718339008863,0.07772020725388601,0.03242785951939742,0.022279792746113997,0.0016822032342000556,0.001689069585885371,0.0016848657112380058,0.12176165803108809,0.10621761658031088,Red,Red,Red,-6.866351685315538e-06,-2.662477037950221e-06,-0.004081761077210579,-0.0015827320883830774
EWMA,ETH,0.1,841,-0.007907631601196285,0.08680142687277051,0.1927972187550293,0.013198573127229496,0.006767201395605167,0.006773926672840417,0.00676964121814851,0.12128418549346016,0.09988109393579073,Red,Red,Red,-6.725277235249474e-06,-2.4398225433432466e-06,-0.0009938048008467843,-0.0003605364168602613
EWMA,GDAXI,0.1,1922,0.00061015802322739,0.09365244536940687,0.3489777962699935,0.0063475546305931385,0.002213781943733268,0.0022199509118523875,0.0022296495600141685,0.08480749219562955,0.10197710718002082,Red,Red,Red,-6.168968119119565e-06,-1.586761628090058e-05,-0.0027866195840030965,-0.007167650963013015
Hist-Sim,BOVESPA,0.1,1873,0.0004722763211321805,0.09343299519487454,0.3386437065831578,0.006567004805125468,0.002610451944782406,0.0026146063852975476,0.00264895013265536,0.08969567538707955,0.10411105178857448,Red,Red,Red,-4.154440515141428e-06,-3.849818787295383e-05,-0.001591464084770854,-0.014747709855338034
GARCH-N,GDAXI,0.1,1922,0.00030977827793885956,0.09157127991675339,0.21213951323135793,0.008428720083246619,0.002202269323338572,0.0022052923516183145,0.002219037690368651,0.08844953173777315,0.10093652445369407,Red,Red,Red,-3.0230282797426983e-06,-1.6768367030078977e-05,-0.0013726878214694838,-0.007614130956816242
GARCH-N,DJCI,0.1,772,-0.0006895467732724982,0.09585492227979274,0.699272637542535,0.004145077720207266,0.0016695566338602594,0.0016724246295533,0.0016872908016343322,0.11010362694300518,0.09974093264248704,Red,Red,Red,-2.8679956930405346e-06,-1.7734167774072782e-05,-0.0017178187519217654,-0.010622082183021722
Hist-Sim,AUDUSD,0.1,1473,0.00039628428498627005,0.10047522063815342,0.9515556490855647,0.0004752206381534174,0.0011518080508198054,0.0011545822474314225,0.0011714401228004629,0.0855397148676171,0.1011541072640869,Red,Red,Red,-2.7741966116170535e-06,-1.963207198065744e-05,-0.0024085581010156202,-0.017044569159491645
GARCH-N,AUDUSD,0.1,1473,0.0003107752943257965,0.0943652410047522,0.4672034686380192,0.0056347589952478044,0.0011549990569053447,0.0011577182999723374,0.0011694662400098751,0.08825526137135098,0.10251188051595383,Red,Red,Red,-2.719243066992734e-06,-1.4467183104530448e-05,-0.002354324924107348,-0.012525709885247182
GARCH-N,FTSE100,0.1,1911,0.00020567404892673623,0.08791208791208792,0.0726977971641507,0.012087912087912087,0.0017329624515276555,0.0017356692660241853,0.0017504086472651967,0.08529565672422815,0.09785452642595499,Red,Red,Red,-2.7068144965297896e-06,-1.7446195737541147e-05,-0.001561957960568422,-0.010067267021372466
EWMA,FTSE100,0.1,1911,0.00020284173784514484,0.08948194662480377,0.11930610656523044,0.010518053375196235,0.0017588620580055827,0.0017613595835666038,0.0017744868607602906,0.08686551543694401,0.10047095761381476,Red,Red,Red,-2.4975255610210946e-06,-1.5624802754707866e-05,-0.0014199667049803217,-0.00888347251769432
Hist-Sim,FTSE100,0.1,1911,0.0003542735683712602,0.09576138147566719,0.5342125156808414,0.004238618524332813,0.0018734279727577908,0.00187575813060153,0.001950145433705609,0.09157509157509157,0.1119832548403977,Red,Red,Red,-2.3301578437392046e-06,-7.671746094781834e-05,-0.001243793664674005,-0.04095031250915185
EWMA,AUDUSD,0.1,1473,0.000577591766881767,0.10183299389002037,0.8150880117987663,0.001832993890020368,0.0011566232364750796,0.0011588815862753547,0.001167261848403962,0.08825526137135098,0.10183299389002037,Red,Red,Red,-2.258349800275108e-06,-1.0638611928882446e-05,-0.001952537117581734,-0.009197992564376138
EWMA,NIKKEI,0.1,1851,0.0003349126404345419,0.09616423554835224,0.5800791202633977,0.0038357644516477662,0.00247044616746237,0.0024725952435643577,0.002476952291744504,0.09130199891950297,0.09994597514856834,Red,Red,Red,-2.14907610198746e-06,-6.506124282133936e-06,-0.0008699141597547863,-0.002633582697661854
Moirai-1.1,AUDUSD,0.1,1395,0.0010682281724708389,0.11397849462365592,0.08795326866844677,0.013978494623655913,0.001193805587501864,0.0011958989620476906,0.0011901351840363015,0.08530465949820788,0.09247311827956989,Red,Red,Red,-2.093374545826532e-06,3.6704034655624974e-06,-0.0017535305310532928,0.003074540364016152
Moirai-1.1,STOXX,0.1,1498,0.002395497432768517,0.11949265687583445,0.014375956472890583,0.019492656875834444,0.0017994271292769081,0.0018010985475502281,0.0018162016225617542,0.08544726301735647,0.09612817089452604,Red,Red,Red,-1.6714182733200238e-06,-1.677449328484613e-05,-0.000928861328211538,-0.009322129811162115
Hist-Sim,EURUSD,0.1,1660,-8.693488999386972e-05,0.11144578313253012,0.12618367457083823,0.011445783132530113,0.0008268192576935535,0.0008279591700010776,0.0008358450362295234,0.11506024096385542,0.11204819277108434,Red,Red,Red,-1.1399123075241666e-06,-9.02577853596992e-06,-0.0013786716950739623,-0.010916265498154581
Moirai-1.1,CBU0,0.1,976,0.0003666607315797651,0.10655737704918032,0.49877952436111284,0.006557377049180316,0.0008964652323151125,0.0008975033913535403,0.0008873006083381299,0.09016393442622951,0.09221311475409837,Red,Red,Red,-1.0381590384277986e-06,9.164623976982587e-06,-0.0011580583395819637,0.01022306682582105
Hist-Sim,FCHI,0.1,1935,0.0003373338484355705,0.09974160206718347,0.969764945493785,0.0002583979328165398,0.0022344245346756554,0.002235228063056998,0.0022885865938314103,0.09560723514211886,0.10439276485788114,Red,Red,Red,-8.035283813427607e-07,-5.416205915575491e-05,-0.0003596131213531449,-0.024239824758108004
Hist-Sim,GDAXI,0.1,1922,0.0005535108457569403,0.10093652445369407,0.8912914394538523,0.0009365244536940626,0.0022938601313362084,0.0022946097433160775,0.002351884207476621,0.09469302809573361,0.10301768990634755,Red,Red,Red,-7.496119798690998e-07,-5.802407614041239e-05,-0.0003267906223351288,-0.02529538542814835
EWMA,WTI,0.1,1850,0.00012362450072422523,0.09621621621621622,0.5853540999008717,0.0037837837837837868,0.005099158297306484,0.005099690741587641,0.0051453112889344715,0.09567567567567567,0.10270270270270271,Red,Red,Red,-5.324442811571392e-07,-4.615299162798788e-05,-0.0001044180725745249,-0.009051099992790412
EWMA,FCHI,0.1,1935,9.471204258109517e-05,0.09457364341085271,0.4224307232925343,0.005426356589147294,0.0021415743379394753,0.0021421066872096915,0.0021535146300357706,0.09405684754521963,0.09974160206718347,Red,Red,Red,-5.323492702161842e-07,-1.1940292096295282e-05,-0.0002485784690193786,-0.005575474026170712
EWMA,ASX200,0.1,1912,-0.0001538567677032924,0.10146443514644352,0.8313361715103403,0.0014644351464435101,0.0018255764486640924,0.001826022437713968,0.0018403249487012948,0.10355648535564854,0.10355648535564854,Red,Red,Red,-4.459890498755958e-07,-1.4748500037202374e-05,-0.00024430039629507627,-0.008078818089483422
EWMA,HSI,0.1,1862,-0.00011689704686089486,0.10311493018259936,0.6555972843417839,0.003114930182599354,0.002609016219657181,0.002609440391707405,0.0026234159348608953,0.10472610096670247,0.10257787325456498,Red,Red,Red,-4.2417205022406493e-07,-1.4399715203714403e-05,-0.0001625793074907753,-0.005519212604054449
EWMA,DJCI,0.1,772,-0.0001707783528353997,0.10233160621761658,0.8296065300551223,0.0023316062176165775,0.0017054680923106434,0.0017058662801799486,0.0017185080109124512,0.10233160621761658,0.10103626943005181,Red,Red,Red,-3.9818786930516034e-07,-1.3039918601807747e-05,-0.00023347717327603463,-0.0076459469752616065
Hist-Sim,ICLN,0.1,1263,-0.00040753524651163803,0.09897070467141726,0.9028043539125707,0.0010292953285827439,0.0030055595783140205,0.0030059462667117514,0.003044859433115792,0.1021377672209026,0.09897070467141726,Red,Red,Red,-3.866883977309693e-07,-3.9299854801771485e-05,-0.00012865770504801757,-0.013075719771230381
EWMA,NIFTY,0.1,1287,-0.0002877243024147595,0.09867909867909867,0.8742458520546205,0.0013209013209013326,0.0016258159541043637,0.0016261391625893864,0.0016446686175905264,0.10256410256410256,0.10955710955710955,Red,Red,Red,-3.2320848502263855e-07,-1.8852663486162687e-05,-0.00019879770782584613,-0.011595816512053063
Hist-Sim,HSI,0.1,1862,-9.691579992900795e-05,0.10257787325456498,0.7118360673973657,0.0025778732545649746,0.002594240412776783,0.0025945291050253946,0.0026212028497395986,0.10311493018259936,0.09881847475832438,Red,Red,Red,-2.886922486114961e-07,-2.696243696281549e-05,-0.0001112819949876928,-0.010393191328769662
EWMA,SP500,0.1,1902,4.456838216734815e-05,0.09516298633017876,0.4787472429301892,0.004837013669821241,0.0021887867921687064,0.002189025770108801,0.0022102503645026394,0.0946372239747634,0.10988433228180862,Red,Red,Red,-2.389779400948505e-07,-2.1463572333933062e-05,-0.00010918283176319106,-0.009806150334389765
EWMA,EURUSD,0.1,1660,-7.542202393154111e-05,0.10180722891566266,0.8066203531346373,0.0018072289156626509,0.0008164223882287079,0.0008166576710002698,0.0008282084025785099,0.10481927710843374,0.10421686746987951,Red,Red,Red,-2.3528277156193052e-07,-1.1786014349802012e-05,-0.00028818755457257224,-0.014436172402587698
Hist-Sim,IBGL,0.1,1305,0.0001353084332719398,0.09961685823754789,0.9631806443555564,0.00038314176245211884,0.0014695221146708234,0.001469739690879558,0.0014694498964181008,0.09731800766283524,0.10804597701149425,Red,Red,Red,-2.1757620873464473e-07,7.221825272258481e-08,-0.00014805915920726537,4.914403941363065e-05
Hist-Sim,GBPUSD,0.1,1664,0.00012081386689427077,0.1015625,0.8321299391819257,0.0015624999999999944,0.0010194408951941986,0.0010196150027906923,0.0010366058828274512,0.0967548076923077,0.11057692307692307,Red,Red,Red,-1.741075964937014e-07,-1.7164987633252592e-05,-0.00017078733775981658,-0.01683764867013967
GARCH-N,TLT,0.1,1709,-6.388114551073194e-05,0.10181392627267408,0.8031342471536284,0.0018139262726740712,0.001748162359801466,0.0017483211819669785,0.0017650406388204283,0.10298420128730251,0.10356933879461673,Red,Red,Red,-1.588221655126395e-07,-1.687827901896235e-05,-9.085092389855396e-05,-0.009654869254180241
Hist-Sim,NIFTY,0.1,1287,-5.226738819997384e-05,0.10101010101010101,0.9039995184655618,0.0010101010101010027,0.0016582277278575483,0.0016583313899837476,0.0017041173492531921,0.10256410256410256,0.11344211344211344,Red,Red,Red,-1.0366212619935047e-07,-4.588962139564384e-05,-6.25138058288793e-05,-0.027673895825474963
Hist-Sim,USDJPY,0.1,1966,0.00022316423263513043,0.10274669379450661,0.6859736693723528,0.0027466937945066078,0.0010289703230904061,0.0010290223116920065,0.0010455237214729556,0.09562563580874874,0.10478128179043744,Red,Red,Red,-5.1988601600366086e-08,-1.6553398382549486e-05,-5.0524879516664474e-05,-0.016087342862166388
EWMA,STOXX,0.1,1577,1.5799611667154795e-06,0.0932149651236525,0.3641693574044752,0.006785034876347504,0.001955689210256371,0.0019556999303479905,0.0019721640560684656,0.0932149651236525,0.10209258084971465,Red,Red,Red,-1.0720091619519784e-08,-1.647484581209467e-05,-5.481490393923321e-06,-0.008424061310812768
GARCH-N,STOXX,0.1,1577,-5.982295579942329e-06,0.09131261889663919,0.24387853037213714,0.008687381103360814,0.0019220997027160635,0.0019220477322344875,0.0019382388513805682,0.09131261889663919,0.1046290424857324,Red,Red,Red,5.197048157600491e-08,-1.613914866450462e-05,2.7038390101495216e-05,-0.008396624088593768
GARCH-N,GBPUSD,0.1,1664,-0.0002505071698758474,0.0967548076923077,0.657466962060985,0.00324519230769231,0.0009933955560867838,0.0009933341538625729,0.0010069766658240597,0.10336538461538461,0.10576923076923077,Red,Red,Red,6.140222421095395e-08,-1.358110973727583e-05,6.181044784701031e-05,-0.01367140174330453
Moirai-1.1,ICLN,0.1,1185,0.0021326591543453233,0.11392405063291139,0.11720401766000343,0.013924050632911383,0.0029909578794892677,0.0029908947657452307,0.0030124917732027158,0.09029535864978903,0.09789029535864979,Red,Red,Red,6.31137440369918e-08,-2.1533893713448094e-05,2.1101515494350267e-05,-0.007199664649615593
EWMA,GBPUSD,0.1,1664,-4.254970880794573e-05,0.09735576923076923,0.7181210602331467,0.0026442307692307737,0.000992242466748941,0.000992163459351426,0.0009995017193221297,0.0985576923076923,0.10276442307692307,Red,Red,Red,7.900739751516041e-08,-7.259252573188621e-06,7.96250918125146e-05,-0.007316006738729284
GARCH-N,NIKKEI,0.1,1851,-1.3343890380174833e-05,0.09130199891950297,0.20619508139158038,0.008698001080497036,0.002453110510483402,0.002452994445310458,0.002464591112347471,0.09130199891950297,0.10210696920583469,Red,Red,Red,1.1606517294438998e-07,-1.148060186406891e-05,4.731347097832887e-05,-0.004680018211575221
EWMA,TLT,0.1,1709,5.80807970967075e-05,0.10298420128730251,0.6822252016405945,0.002984201287302507,0.0017869950225706931,0.0017868529731004327,0.001802154142069235,0.10122878876535986,0.10356933879461673,Red,Red,Red,1.4204947026042088e-07,-1.515911949854197e-05,7.949069161707832e-05,-0.008483022788018022
Hist-Sim,TLT,0.1,1709,2.623431429444982e-05,0.10942071386775892,0.20027783590021764,0.009420713867758918,0.0018312136993214546,0.0018309816580780727,0.001843226021650106,0.10825043885313049,0.10298420128730251,Red,Red,Red,2.3204124338194014e-07,-1.2012322328651447e-05,0.00012671445362598676,-0.0065597599740011454
Hist-Sim,STOXX,0.1,1577,0.000552736778695051,0.1046290424857324,0.542767472605543,0.004629042485732399,0.0020735793376513816,0.002073265152839849,0.002140129391795018,0.09701965757767914,0.11160431198478123,Red,Red,Red,3.141848115323538e-07,-6.655005414363648e-05,0.00015151810486702284,-0.03209428881511412
EWMA,BOVESPA,0.1,1873,-7.50154275209712e-05,0.09396689802455953,0.3797657746398595,0.0060331019754404774,0.0024912303255661987,0.002490852993468359,0.0024945752852145006,0.09503470368392952,0.09610250934329952,Red,Red,Red,3.773320978398692e-07,-3.3449596483019726e-06,0.00015146415566939214,-0.00134269385450811
GARCH-N,FCHI,0.1,1935,-8.834402553624734e-05,0.09457364341085271,0.4224307232925343,0.005426356589147294,0.002126274025912091,0.002125871616172097,0.0021384710861484216,0.09612403100775194,0.10077519379844961,Red,Red,Red,4.0240973999414523e-07,-1.2197060236330496e-05,0.00018925582266920025,-0.005736353869581047
GARCH-N,EURUSD,0.1,1660,-0.0002892002392332828,0.09397590361445783,0.4090123075829677,0.006024096385542174,0.0008172409938311184,0.0008168129282137409,0.0008280459090468006,0.10421686746987951,0.10361445783132531,Red,Red,Red,4.2806561737754236e-07,-1.0804915215682212e-05,0.0005237936185394066,-0.013221210508579835
GARCH-N,WTI,0.1,1850,-9.931044377614606e-05,0.09567567567567567,0.5326042866040971,0.004324324324324336,0.005054493590819863,0.005054064140252181,0.005098858358053564,0.09567567567567567,0.09675675675675675,Red,Red,Red,4.2945056768183e-07,-4.436476723370091e-05,8.496411360809958e-05,-0.008777292212671445
GARCH-N,SP500,0.1,1902,-5.6480902517415214e-05,0.08885383806519453,0.09925312829694588,0.01114616193480547,0.0021208621703207808,0.0021202718920928683,0.0021498987577424763,0.0904311251314406,0.10672975814931651,Red,Red,Red,5.902782279124628e-07,-2.9036587421695566e-05,0.0002783199380764961,-0.013690935614785273
GARCH-N,ASX200,0.1,1912,-0.00033237462969596624,0.09675732217573221,0.6348307046758406,0.0032426778242677923,0.0017830977062698865,0.0017824816329649416,0.00179573971961826,0.09989539748953975,0.10303347280334728,Red,Red,Red,6.160733049449547e-07,-1.2642013348373397e-05,0.00034550731728197673,-0.007089916219352662
GARCH-N,HSI,0.1,1862,-0.0002630431720960936,0.09613319011815252,0.5758693753392481,0.0038668098818474828,0.0026480822219554687,0.0026474202164038572,0.002654677923421131,0.09881847475832438,0.10204081632653061,Red,Red,Red,6.620055516114859e-07,-6.5957014656623306e-06,0.00024999433405909497,-0.002490746477196525
Hist-Sim,WTI,0.1,1850,0.0003550259507568605,0.10324324324324324,0.6435169210582126,0.003243243243243238,0.005341962504247475,0.005341186880955479,0.005453299201700029,0.10108108108108108,0.10810810810810811,Red,Red,Red,7.75623291995875e-07,-0.00011133669745255412,0.000145194447055584,-0.020841909197982695
Hist-Sim,GOLD,0.1,1848,0.00016479759482994003,0.10606060606060606,0.38931937369206104,0.006060606060606058,0.002074752648592417,0.002073903771372667,0.0020928252047725435,0.10497835497835498,0.1066017316017316,Red,Red,Red,8.488772197503061e-07,-1.8072556180126313e-05,0.00040914622778103854,-0.008710703992780705
Hist-Sim,ASX200,0.1,1912,0.00014214559197152192,0.10721757322175732,0.29783616667899304,0.007217573221757312,0.001936038146198288,0.001935047922455194,0.0019905002263010613,0.10617154811715482,0.11506276150627615,Red,Red,Red,9.902237430941228e-07,-5.4462080102773286e-05,0.000511469128352962,-0.028130685446316257
Hist-Sim,SP500,0.1,1902,0.00018158594540239065,0.10672975814931651,0.33262214771979004,0.006729758149316506,0.0023739435176611096,0.0023728434786333087,0.0024307739599635824,0.1046267087276551,0.11146161934805468,Red,Red,Red,1.1000390278009288e-06,-5.683044230247276e-05,0.0004633804551865349,-0.02393925629640256
EWMA,CBU0,0.1,1055,-0.00020664389308373558,0.08909952606635071,0.2300609030508436,0.01090047393364929,0.0008441683282820944,0.0008428432041484165,0.0008518131729402381,0.0966824644549763,0.09289099526066351,Red,Red,Red,1.3251241336778834e-06,-7.644844658143677e-06,0.0015697392205824012,-0.009056066665875922
Hist-Sim,NIKKEI,0.1,1851,0.00024809873100094595,0.10750945434900054,0.2867265975349811,0.0075094543490005355,0.002502751399370705,0.0025012270509391053,0.0025650115154249808,0.10480821177741761,0.10588870880605078,Red,Red,Red,1.5243484315996883e-06,-6.226011605427574e-05,0.0006090690557531892,-0.024876668162059766
GARCH-N,NIFTY,0.1,1287,-0.00040116632350301745,0.09246309246309246,0.36193229462278853,0.007536907536907542,0.001630309149936107,0.0016285137672064963,0.0016505017524868339,0.09867909867909867,0.10955710955710955,Red,Red,Red,1.7953827296107727e-06,-2.01926025507268e-05,0.0011012529308819343,-0.012385750611482591
EWMA,USDJPY,0.1,1966,-0.00029326617366300795,0.09053916581892167,0.1559734806286478,0.009460834181078334,0.0009972987244932037,0.0009955028944943608,0.0010030584302632788,0.09613428280773144,0.09918616480162767,Red,Red,Red,1.7958299988428406e-06,-5.759705770075124e-06,0.0018006941698992202,-0.00577530646397049
Hist-Sim,DJCI,0.1,772,0.00018587277824040974,0.11269430051813471,0.2482033008772675,0.012694300518134707,0.0018329142710679868,0.001830554746162862,0.001867604733442409,0.11269430051813471,0.10362694300518134,Red,Red,Red,2.359524905124746e-06,-3.469046237442215e-05,0.001287307836688902,-0.01892639657075124
GARCH-N,BOVESPA,0.1,1873,-0.0002842453164036869,0.08702616123865456,0.05616344736922707,0.012973838761345446,0.0024194445153309465,0.002416378316892031,0.0024279510984754134,0.09183128670581954,0.09717031500266951,Red,Red,Red,3.0661984389153928e-06,-8.506583144466881e-06,0.001267315046692021,-0.0035159240439548984
EWMA,GOLD,0.1,1848,-0.000703848086778475,0.09036796536796536,0.16127946294572093,0.009632034632034644,0.002035773768862882,0.0020323849463486014,0.0020422678806091715,0.09902597402597403,0.09523809523809523,Red,Red,Red,3.3888225142806455e-06,-6.494111746289423e-06,0.0016646361035359705,-0.003189996769590378
Moirai-1.1,GBPUSD,0.1,1585,0.00044224721822488716,0.11861198738170348,0.016092306136545553,0.01861198738170347,0.0010354891169669117,0.001031779486074766,0.001045683458444568,0.09842271293375394,0.1053627760252366,Red,Red,Red,3.7096308921457776e-06,-1.019434147765631e-05,0.0035824914345906314,-0.009844952796333505
EWMA,ICLN,0.1,1263,-0.00033788852343652476,0.08867775138558986,0.1722733295090918,0.01132224861441014,0.0029945550399796254,0.0029907788495854752,0.003018552155279579,0.09026128266033254,0.10292953285827396,Red,Red,Red,3.7761903941501383e-06,-2.3997115299953607e-05,0.0012610188638161853,-0.008013582979632554
Hist-Sim,BTC,0.1,1185,0.0005766926459315411,0.10717299578059072,0.41530817420887234,0.0071729957805907185,0.004492901506720589,0.004489036763595645,0.004591952889804267,0.10632911392405063,0.11392405063291139,Red,Red,Red,3.8647431249436495e-06,-9.905138308367867e-05,0.0008601887041509089,-0.022046195078061527
Moirai-1.1,BOVESPA,0.1,1794,0.002389752091642874,0.11705685618729098,0.018701056555427198,0.01705685618729097,0.002658003164627416,0.002653008577076129,0.0026587661525090765,0.08695652173913043,0.09921962095875139,Red,Red,Red,4.994587551286622e-06,-7.629878816606608e-07,0.0018790750958292165,-0.0002870530373381298
GARCH-N,USDJPY,0.1,1966,-0.0005276707804033479,0.07934893184130214,0.0016048237890643469,0.02065106815869787,0.0009984676015928602,0.0009931843891946067,0.0010002882564292847,0.09715157680569685,0.09867751780264497,Red,Red,Red,5.283212398253523e-06,-1.820654836424485e-06,0.005291320809834178,-0.001823449086900752
GARCH-N,NATGAS,0.1,1850,-0.002332123174776886,0.09351351351351352,0.3476392639611724,0.00648648648648649,0.007752093538707358,0.007746329312202434,0.007794238899109937,0.10054054054054054,0.10432432432432433,Red,Red,Red,5.764226504924308e-06,-4.214536040257882e-05,0.0007435702982868649,-0.005436642397584698
EWMA,NATGAS,0.1,1850,-0.0018830595316091936,0.09351351351351352,0.3476392639611724,0.00648648648648649,0.007759786025512667,0.007753543952271752,0.007800238057991126,0.10108108108108108,0.09837837837837837,Red,Red,Red,6.242073240915122e-06,-4.045203247845901e-05,0.0008044130624726506,-0.005213034527686794
GARCH-N,ICLN,0.1,1263,-0.0004965413460758725,0.08392715756136183,0.05083945236291176,0.01607284243863817,0.0030283521766532456,0.003021245091210699,0.003046982765663326,0.08867775138558986,0.10451306413301663,Red,Red,Red,7.107085442546821e-06,-1.863058901008024e-05,0.0023468490545248103,-0.006152054953750346
GARCH-N,GOLD,0.1,1848,-0.0007540293402045345,0.0854978354978355,0.033521645552782364,0.014502164502164502,0.002042421003848444,0.002034765305319195,0.0020519842440069654,0.09361471861471861,0.0946969696969697,Red,Red,Red,7.655698529249275e-06,-9.563240158521301e-06,0.0037483449860846413,-0.004682306018446592
Moirai-1.1,NIFTY,0.1,1208,0.0012729802707853368,0.11920529801324503,0.030274986423950878,0.019205298013245026,0.0015609239982354458,0.001551754754384658,0.0015774847679796476,0.09271523178807947,0.10678807947019868,Red,Red,Red,9.169243850787713e-06,-1.6560769744201854e-05,0.005874241065646457,-0.010609593909071202
Moirai-1.1,FTSE100,0.1,1833,0.001577284081888378,0.1260229132569558,0.0003374205029770261,0.0260229132569558,0.001826127033922801,0.0018158615347606,0.001842824244876619,0.09056192034915439,0.09710856519367157,Red,Red,Red,1.0265499162201127e-05,-1.6697210953817978e-05,0.005621459499533972,-0.00914351008645319
Hist-Sim,ETH,0.1,841,0.00045895493859234027,0.1248513674197384,0.020220176322688133,0.024851367419738396,0.006703887194805761,0.0066926761546963935,0.006757312199752338,0.12366230677764566,0.1117717003567182,Red,Red,Red,1.121104010936777e-05,-5.342500494657631e-05,0.0016723193251303805,-0.007969257744666487
GJR-GARCH,ASX200,0.1,1912,-0.0015622960127343564,0.08106694560669456,0.00445388810657299,0.01893305439330545,0.0017863323466549006,0.0017722385502730775,0.0017870557238113837,0.10303347280334728,0.10564853556485355,Red,Red,Red,1.4093796381823079e-05,-7.233771564831275e-07,0.007889795204243615,-0.00040495104835207687
