asset,alpha,interface,method,n_test,viol,pihat,p_kup,p_ind,p_cc,lr_uc,lr_ind,QS,width,TL
ASX200,0.01,Legacy-sampled,Raw,1868,73,0.03907922912205567,8.798839613108422e-22,0.19096685545315317,4.545236224583953e-21,91.97027179242644,1.710142711553999,0.0004844354657213351,0.01971876536818058,Red
ASX200,0.01,Legacy-sampled,Static,1868,30,0.016059957173447537,0.015541064821407857,0.3222229959650399,0.03281117232579997,5.854070379438792,0.9799020243626728,0.0003850569111733989,0.0262624670004478,Yellow
ASX200,0.01,Actual-sampled,Raw,1868,77,0.04122055674518201,2.8272007188222758e-24,0.4624664599063223,2.7759286064282366e-23,103.33702502143355,0.5399186079557694,0.0004768263912883422,0.01957418406962535,Red
ASX200,0.01,Actual-sampled,Static,1868,27,0.014453961456102784,0.06969483266736515,0.40612830763013097,0.1366749919014859,3.290192925464062,0.6901060614457037,0.00036822803370916844,0.02680526672170838,Green
ASX200,0.01,Legacy-law,Raw,1868,67,0.03586723768736617,3.1649930624493694e-18,0.2907909933589571,2.0019209554613608e-17,75.78372319398768,1.1159555731558157,0.00046807394270145726,0.01992986529475996,Yellow
ASX200,0.01,Legacy-law,Static,1868,27,0.014453961456102784,0.06969483266736515,0.3733694496683968,0.1298589607844437,3.290192925464062,0.7924197435715428,0.0003752620395174154,0.026613204085757416,Green
ASX200,0.01,Actual-law,Raw,1868,68,0.03640256959314775,8.387315609501796e-19,0.2719526223003486,5.154219767171152e-18,78.40656045934625,1.2068713855600208,0.00047189981323413646,0.01986957867961803,Red
ASX200,0.01,Actual-law,Static,1868,27,0.014453961456102784,0.06969483266736515,0.3733694496683968,0.1298589607844437,3.290192925464062,0.7924197435715428,0.0003777000300370222,0.026432995434680806,Green
ASX200,0.025,Legacy-sampled,Raw,1868,145,0.07762312633832977,1.0005636497580169e-31,0.270098082084092,8.058465723046917e-31,137.37058058920474,1.2162488135135163,0.0009111484398518076,0.013824642483052514,Red
ASX200,0.025,Legacy-sampled,Static,1868,56,0.029978586723768737,0.18121738637011287,0.5601918954545511,0.3452480811508276,1.7876120122513441,0.3393720768734738,0.0007552372326537578,0.020302100296336553,Yellow
ASX200,0.025,Actual-sampled,Raw,1868,140,0.07494646680942184,3.622395144347734e-29,0.3871603824121024,3.5292103483435648e-28,125.67477508328872,0.7478418272415865,0.000906718530184798,0.013730357436904345,Red
ASX200,0.025,Actual-sampled,Static,1868,56,0.029978586723768737,0.18121738637011287,0.5601918954545511,0.3452480811508276,1.7876120122513441,0.3393720768734738,0.0007533940064529264,0.019930345954377773,Yellow
ASX200,0.025,Legacy-law,Raw,1868,137,0.07334047109207709,1.1342279453732906e-27,0.47091953291060507,1.2048931275115658e-26,118.84182557086118,0.5198175205340476,0.0008990203395324093,0.013891787797633098,Red
ASX200,0.025,Legacy-law,Static,1868,52,0.027837259100642397,0.4403417466236539,0.6856189639986554,0.6841142088313463,0.5953916379655055,0.16386916867890022,0.0007521160612090985,0.020338959242122402,Yellow
ASX200,0.025,Actual-law,Raw,1868,138,0.07387580299785867,3.6264093986809177e-28,0.4418939516004893,3.751618495339043e-27,121.10386099127959,0.5913593391439917,0.0009031007363963113,0.013847088905697118,Red
ASX200,0.025,Actual-law,Static,1868,52,0.027837259100642397,0.4403417466236539,0.6856189639986554,0.6841142088313463,0.5953916379655055,0.16386916867890022,0.000753307565798858,0.02041739661880798,Yellow
ASX200,0.05,Legacy-sampled,Raw,1868,215,0.11509635974304068,9.12937916803621e-29,0.06517543610439132,2.343988189142376e-28,123.84052656974748,3.4005309720384957,0.0013723195033186614,0.01022367916405585,Red
ASX200,0.05,Legacy-sampled,Static,1868,103,0.05513918629550321,0.31572327610419165,0.757589155395427,0.5764178496785108,1.0065811874810748,0.09526370815149221,0.001209895892169939,0.015477531011350866,Red
ASX200,0.05,Actual-sampled,Raw,1868,217,0.11616702355460386,1.4583296381116786e-29,0.05210939139590945,3.153881592641197e-29,127.48041425603458,3.7722532458785736,0.001375112604058009,0.01018169388615993,Red
ASX200,0.05,Actual-sampled,Static,1868,104,0.055674518201284794,0.2687043443285272,0.7214544365330321,0.5090411762265449,1.223349332449228,0.12710340631917916,0.0012151179419752774,0.015442180967695387,Red
ASX200,0.05,Legacy-law,Raw,1868,210,0.11241970021413276,8.170913006877873e-27,0.06399177055563851,1.9918372156014366e-26,114.92552735363614,3.430782608558957,0.0013681077985951981,0.01026936984070055,Red
ASX200,0.05,Legacy-law,Static,1868,102,0.05460385438972163,0.36801266537649713,0.7943603432398691,0.6445828603040555,0.8103639678359862,0.06793983139607462,0.0012130099965308495,0.01553963085055539,Red
ASX200,0.05,Actual-law,Raw,1868,210,0.11241970021413276,8.170913006877873e-27,0.06399177055563851,1.9918372156014366e-26,114.92552735363614,3.430782608558957,0.0013720515957984752,0.010234011728002706,Red
ASX200,0.05,Actual-law,Static,1868,103,0.05513918629550321,0.31572327610419165,0.757589155395427,0.5764178496785108,1.0065811874810748,0.09526370815149221,0.0012148531144904368,0.015509830643434756,Red
ASX200,0.1,Legacy-sampled,Raw,1868,351,0.1879014989293362,2.5122148530468138e-30,0.16684720068545228,1.3963085225557066e-29,130.97122620923813,1.9110452151799109,0.0019999555115373193,0.007153687848627508,Red
ASX200,0.1,Legacy-sampled,Static,1868,174,0.09314775160599571,0.318512460189794,0.13336436070121965,0.19711422057936637,0.9950449606427973,2.2528988760930133,0.001870510332275051,0.011148292932428782,Red
ASX200,0.1,Actual-sampled,Raw,1868,346,0.18522483940042828,9.68135059948585e-29,0.26935668057873485,7.391640711090015e-28,123.72404551478132,1.2200202367719157,0.0020005303278429515,0.007116548084331467,Red
ASX200,0.1,Actual-sampled,Static,1868,175,0.0936830835117773,0.3581882054051312,0.12142661566230069,0.1975963354318294,0.8442355464303191,2.3988225320213132,0.0018690800914652136,0.01113126726640328,Red
ASX200,0.1,Legacy-law,Raw,1868,345,0.1846895074946467,1.988615755630355e-28,0.29421676644486733,1.6028290480343199e-27,122.29582973501982,1.100224840816054,0.00199654521659205,0.007170715900429129,Red
ASX200,0.1,Legacy-law,Static,1868,174,0.09314775160599571,0.318512460189794,0.22998466024806485,0.2958210382742179,0.9950449606427973,1.4409562552123134,0.0018706241589882646,0.011121019268458383,Red
ASX200,0.1,Actual-law,Raw,1868,351,0.1879014989293362,2.5122148530468138e-30,0.35944009196904714,2.3855514703484673e-29,130.97122620923813,0.8398485402628921,0.0020005902489566075,0.0071433737166447155,Red
ASX200,0.1,Actual-law,Static,1868,174,0.09314775160599571,0.318512460189794,0.22998466024806485,0.2958210382742179,0.9950449606427973,1.4409562552123134,0.001872125116628408,0.011080987586893964,Red
AUDUSD,0.01,Legacy-sampled,Raw,1430,31,0.021678321678321677,0.00012152377230521997,0.24096598307605607,0.00031218543628133336,14.76889253514878,1.3749338641582085,0.00024412162116631451,0.014407381630662202,Yellow
AUDUSD,0.01,Legacy-sampled,Static,1430,9,0.006293706293706294,0.13061433271927603,0.7355402029202034,0.3013037080747289,2.2851877811432733,0.11408527086172171,0.00023466070088397687,0.01936785808005536,Green
AUDUSD,0.01,Actual-sampled,Raw,1430,34,0.023776223776223775,8.73300781186755e-06,0.1979396113774661,2.2233816228782936e-05,19.7702805536709,1.657511795351411,0.00023377788604850525,0.01432978661511406,Yellow
AUDUSD,0.01,Actual-sampled,Static,1430,9,0.006293706293706294,0.13061433271927603,0.7355402029202034,0.3013037080747289,2.2851877811432733,0.11408527086172171,0.00022455631318324057,0.019206147150135106,Green
AUDUSD,0.01,Legacy-law,Raw,1430,30,0.02097902097902098,0.00027535251318673587,0.25665108795431424,0.0007038954061895075,13.231029631893467,1.2867319353015318,0.00024159273848119425,0.014585533283479798,Yellow
AUDUSD,0.01,Legacy-law,Static,1430,10,0.006993006993006993,0.22700036707481575,0.7073428671199954,0.4492157291581639,1.4595585879513298,0.14094549363973385,0.0002328313852721029,0.019126979295905098,Green
AUDUSD,0.01,Actual-law,Raw,1430,29,0.02027972027972028,0.0006047580887940436,0.2730191876127863,0.0015316734067760066,11.761274318024114,1.2015145046671591,0.00024168476447562659,0.01454376399695193,Yellow
AUDUSD,0.01,Actual-law,Static,1430,10,0.006993006993006993,0.22700036707481575,0.7073428671199954,0.4492157291581639,1.4595585879513298,0.14094549363973385,0.00023305297529569024,0.019191560620211445,Green
AUDUSD,0.025,Legacy-sampled,Raw,1430,101,0.07062937062937064,1.1151252849176158e-19,0.06327753325649295,2.2879075200251063e-19,82.393631308693,3.449326918818315,0.0004965908528653937,0.010209099772171331,Red
AUDUSD,0.025,Legacy-sampled,Static,1430,22,0.015384615384615385,0.012260427124677118,0.4068398067407789,0.030794616765290612,6.272814104087438,0.6880166651649233,0.00044909561157169107,0.01463647808684497,Green
AUDUSD,0.025,Actual-sampled,Raw,1430,102,0.07132867132867132,3.694919140397445e-20,0.05648478519554809,6.988204301560067e-20,84.57725262582568,3.637703838135053,0.0004949980097139032,0.010147380613940899,Red
AUDUSD,0.025,Actual-sampled,Static,1430,24,0.016783216783216783,0.03447648974674028,0.3651893159909455,0.07097392625118394,4.470916705843798,0.8199687047307123,0.000440796039375508,0.01467922748832002,Yellow
AUDUSD,0.025,Legacy-law,Raw,1430,94,0.06573426573426573,1.8880614159326245e-16,0.03905961825030646,2.3493216517293774e-16,67.716197013989,4.258272706525418,0.0004983580561722903,0.01026418715454747,Red
AUDUSD,0.025,Legacy-law,Static,1430,20,0.013986013986013986,0.0036614260368524523,0.45113540747163816,0.011040721025780995,8.444532225752816,0.5677976341663111,0.00044886461442298454,0.014719516176940494,Green
AUDUSD,0.025,Actual-law,Raw,1430,95,0.06643356643356643,6.74412197208638e-17,0.034696638414975535,7.696234019878768e-17,69.7463886252132,4.460042294805362,0.000499717532375027,0.01023219987840002,Red
AUDUSD,0.025,Actual-law,Static,1430,20,0.013986013986013986,0.0036614260368524523,0.45113540747163816,0.011040721025780995,8.444532225752816,0.5677976341663111,0.00044812645663081256,0.014683990140871694,Green
AUDUSD,0.05,Legacy-sampled,Raw,1430,172,0.12027972027972028,1.998339418016177e-25,0.0004260700585118709,5.306525071493933e-27,108.58747044630312,12.41425015760592,0.0008247134571943614,0.007613682388678075,Red
AUDUSD,0.05,Legacy-sampled,Static,1430,52,0.03636363636363636,0.013071653492049548,0.04747956986558109,0.006448875900517084,6.1593865447194815,3.9283123399853253,0.0007302139328111126,0.011838004719413861,Red
AUDUSD,0.05,Actual-sampled,Raw,1430,167,0.11678321678321678,2.2737913636125584e-23,0.0032434718392280516,3.76473547510686e-24,99.20754488821697,8.665184375801573,0.0008271944855137956,0.0075741895583581985,Red
AUDUSD,0.05,Actual-sampled,Static,1430,53,0.03706293706293706,0.018866909184920514,0.043294673517501915,0.008239346249825374,5.513809568972032,4.083858984671281,0.0007276051834457996,0.011804492271264688,Red
AUDUSD,0.05,Legacy-law,Raw,1430,164,0.11468531468531469,3.594961545137426e-22,0.00015816937227679877,3.507757638989179e-24,93.74175698185428,14.272373513788352,0.0008285548025940562,0.0076421066064664605,Red
AUDUSD,0.05,Legacy-law,Static,1430,58,0.04055944055944056,0.09079631111902678,0.026719707664469194,0.02055779782037393,2.8601981850998826,4.908831722971797,0.000734479804984201,0.011759305242411285,Red
AUDUSD,0.05,Actual-law,Raw,1430,165,0.11538461538461539,1.4420227327479138e-22,0.0004897797833346688,4.095744085264687e-24,95.55000789310611,12.154179757404336,0.0008303642953188415,0.0076159062549120814,Red
AUDUSD,0.05,Actual-law,Static,1430,56,0.039160839160839164,0.050964010029062395,0.03254860086336772,0.015155207795155941,3.809455676812835,4.569366437666531,0.000734709315528093,0.011813344129539936,Red
AUDUSD,0.1,Legacy-sampled,Raw,1430,284,0.1986013986013986,9.476913720739628e-29,0.1544642655159313,4.832602354518901e-28,123.76639403119322,2.027600951823615,0.0013026595287070823,0.005361570051600147,Red
AUDUSD,0.1,Legacy-sampled,Static,1430,125,0.08741258741258741,0.10566689329062406,0.00969224602436899,0.009521233717039402,2.6178594999395557,6.690602192958863,0.0011824227881360849,0.008581600597802394,Red
AUDUSD,0.1,Actual-sampled,Raw,1430,284,0.1986013986013986,9.476913720739628e-29,0.21025895843107537,6.0761082782979e-28,123.76639403119322,1.5696423660144774,0.0013085513989124294,0.0053396020208361684,Red
AUDUSD,0.1,Actual-sampled,Static,1430,127,0.08881118881118881,0.15130180652107642,0.007213689498959969,0.00966711030695215,2.0590768663062526,7.218974823482199,0.001184643243541761,0.008567629005253452,Red
AUDUSD,0.1,Legacy-law,Raw,1430,280,0.1958041958041958,2.3232767918535745e-27,0.13019181306317307,1.0123721438242154e-26,117.41961647992031,2.290215887129307,0.0013050272808476778,0.005378162331588055,Red
AUDUSD,0.1,Legacy-law,Static,1430,126,0.08811188811188811,0.12692105948523733,0.026765493718249093,0.026841135126759726,2.329764720625814,4.905874630213702,0.00118863099129082,0.008585761769299345,Red
AUDUSD,0.1,Actual-law,Raw,1430,281,0.1965034965034965,1.0509722870557288e-27,0.11477073094927535,4.177192459664491e-27,118.9930474000385,2.4872689006310793,0.001307391497296049,0.005356897013897742,Red
AUDUSD,0.1,Actual-law,Static,1430,127,0.08881118881118881,0.15130180652107642,0.023431103406634277,0.027387534214609703,2.0590768663062526,5.1362577832597935,0.0011882442102077652,0.008564269956975746,Red
BOVESPA,0.01,Legacy-sampled,Raw,1829,50,0.02733734281027884,8.227458628979471e-10,0.09353139060162108,1.5908742501387128e-09,37.705445009636634,2.8125192482992247,0.0005758393375556425,0.029038265124482737,Yellow
BOVESPA,0.01,Legacy-sampled,Static,1829,16,0.008747949699289229,0.5823871900016334,0.5950253372998969,0.7464118040913654,0.30239125139103873,0.28256437835898396,0.0005076166190483454,0.03916600737115734,Green
BOVESPA,0.01,Actual-sampled,Raw,1829,51,0.027884089666484417,2.8532753774510445e-10,0.08706564520876944,5.342390858438784e-10,39.77254754854148,2.9278077531954523,0.0005765951791170803,0.028970320844445365,Yellow
BOVESPA,0.01,Actual-sampled,Static,1829,14,0.007654455986878075,0.29298884122381047,0.642028367091741,0.5163514046700102,1.1058362885098543,0.2160991684600333,0.0005128812027508068,0.040514545640066145,Green
BOVESPA,0.01,Legacy-law,Raw,1829,49,0.026790595954073265,2.3260247128081383e-09,0.1003727553151327,4.6354154437378895e-09,35.67946936497866,2.6996106551630987,0.0005574728080447558,0.029406382661647176,Yellow
BOVESPA,0.01,Legacy-law,Static,1829,17,0.009294696555494806,0.7590023696208437,0.572109657930582,0.8133098839650174,0.09412078980825589,0.3191653721301009,0.0005082028992836657,0.03919534808596925,Green
BOVESPA,0.01,Actual-law,Raw,1829,48,0.026243849097867686,6.4451710961545274e-09,0.10760296423740835,1.3210456244575357e-08,33.6954364761743,2.589077886206951,0.0005588619038072258,0.029329722129404455,Yellow
BOVESPA,0.01,Actual-law,Static,1829,16,0.008747949699289229,0.5823871900016334,0.5950253372998969,0.7464118040913654,0.30239125139103873,0.28256437835898396,0.0005089077675331942,0.039149852442299085,Green
BOVESPA,0.025,Legacy-sampled,Raw,1829,122,0.06670311645708037,2.1355961945166718e-21,0.02899310604406614,2.3688878998490592e-21,90.21570998351424,4.7680227133372455,0.0011244610204263988,0.020507809384645786,Red
BOVESPA,0.025,Legacy-sampled,Static,1829,37,0.020229633679606344,0.17674293635280294,0.21628307127864,0.18696534339286672,1.8248003710064697,1.5288636464997012,0.001024174533157888,0.03029777517092885,Yellow
BOVESPA,0.025,Actual-sampled,Raw,1829,119,0.06506287588846364,4.598266630203597e-20,0.04006772044833637,6.499878165266877e-20,84.14482221087866,4.215014643041513,0.001126487666077269,0.02046102230514625,Red
BOVESPA,0.025,Actual-sampled,Static,1829,34,0.018589393110989613,0.06600944628429482,0.25626600230548197,0.09688877965822398,3.3795657148022613,1.288817404779195,0.0010226203093747304,0.03066435769150449,Yellow
BOVESPA,0.025,Legacy-law,Raw,1829,115,0.06287588846364134,2.43355152970367e-18,0.06036117714834164,4.6250274721293525e-18,76.30266583879353,3.5274328872588967,0.001114163127083681,0.020592785068946098,Red
BOVESPA,0.025,Legacy-law,Static,1829,37,0.020229633679606344,0.17674293635280294,0.21628307127864,0.18696534339286672,1.8248003710064697,1.5288636464997012,0.0010179605552567731,0.030185140556504203,Yellow
BOVESPA,0.025,Actual-law,Raw,1829,117,0.06396938217605248,3.405631549530631e-19,0.04933020359805905,5.603925584501362e-19,80.18721787633527,3.8640809586590876,0.0011163776813685378,0.020531151344412784,Red
BOVESPA,0.025,Actual-law,Static,1829,37,0.020229633679606344,0.17674293635280294,0.21628307127864,0.18696534339286672,1.8248003710064697,1.5288636464997012,0.0010187052695818722,0.03014092228553414,Yellow
BOVESPA,0.05,Legacy-sampled,Raw,1829,208,0.11372334609075997,3.2645932598198466e-27,0.03372908747835191,4.679165861060391e-27,116.74497101192287,4.508384291300217,0.001803103513371911,0.015245935648433788,Red
BOVESPA,0.05,Legacy-sampled,Static,1829,67,0.036632039365773646,0.0059841163043290796,0.7556075006112852,0.021797080994633115,7.555079354909687,0.0968790800526449,0.001657561257090167,0.024164292723467932,Red
BOVESPA,0.05,Actual-sampled,Raw,1829,206,0.11262985237834883,1.94873279587826e-26,0.010506036947154145,9.927242524635465e-27,113.20201616611703,6.547013359326229,0.001803618839468502,0.015197545313874657,Red
BOVESPA,0.05,Actual-sampled,Static,1829,70,0.03827227993439038,0.016562808288050228,0.6518508242593377,0.05115749147472471,5.7421180128145295,0.2035746600153061,0.001649201049172132,0.02376252008119031,Red
BOVESPA,0.05,Legacy-law,Raw,1829,201,0.10989611809732094,1.5429138050937534e-24,0.020454511890364048,1.3596685198197648e-24,104.53692132798412,5.37268126650406,0.001807210970219063,0.015260550481247062,Red
BOVESPA,0.05,Legacy-law,Static,1829,66,0.03608529250956807,0.00414130904443233,0.29646640938675245,0.009510036874759351,8.220793388222503,1.0900216616980742,0.0016588629634641577,0.023762648717299252,Red
BOVESPA,0.05,Actual-law,Raw,1829,204,0.11153635866593767,1.138394359059811e-25,0.013797185990715723,7.270639678190351e-26,109.70282602669405,6.063910256153122,0.0018104454066394631,0.015209789964489734,Red
BOVESPA,0.05,Actual-law,Static,1829,66,0.03608529250956807,0.00414130904443233,0.29646640938675245,0.009510036874759351,8.220793388222503,1.0900216616980742,0.0016603935310246707,0.023864027083079945,Red
BOVESPA,0.1,Legacy-sampled,Raw,1829,335,0.18316019682886822,5.294344804268435e-27,0.13566593538421465,2.3654167887539383e-26,115.78607429057803,2.2264420682161017,0.0027509995525886012,0.010667093381118396,Red
BOVESPA,0.1,Legacy-sampled,Static,1829,153,0.08365226899945326,0.016788508522773735,0.37651899054848703,0.03876672996349962,5.718349126389022,0.782036624336115,0.002579906644533592,0.016977734738207875,Red
BOVESPA,0.1,Actual-sampled,Raw,1829,342,0.18698742482230726,3.410859387109512e-29,0.08529056292522395,1.0993815079402647e-28,125.79418228383906,2.9610874114976014,0.0027591720156124435,0.010612251401938468,Red
BOVESPA,0.1,Actual-sampled,Static,1829,152,0.08310552214324768,0.013377415803399961,0.4035280545660265,0.03310256228486756,6.11850146506314,0.6977877132892445,0.002581451643391232,0.016958500526247137,Red
BOVESPA,0.1,Legacy-law,Raw,1829,331,0.18097320940404593,8.73624157330042e-26,0.20424265508915226,5.180741086257409e-25,110.22758473392025,1.6117736900152977,0.002752331777549919,0.010665550942971594,Red
BOVESPA,0.1,Legacy-law,Static,1829,156,0.08529250956806998,0.03191329895287621,0.17390440807957466,0.039713895215563365,4.603148355210422,1.848959938983171,0.0025851392305106685,0.0168759031184988,Red
BOVESPA,0.1,Actual-law,Raw,1829,334,0.18261344997266266,1.0728858288164545e-26,0.15085617961004558,5.169124752425573e-26,114.3854460476851,2.063572026697557,0.002756300284510198,0.010625574469846685,Red
BOVESPA,0.1,Actual-law,Static,1829,155,0.0847457627118644,0.025928866267442015,0.1895947983487414,0.03541004166560536,4.96075619519646,1.7207634771973517,0.002585391348672843,0.01690949838794998,Red
BTC,0.01,Legacy-sampled,Raw,1157,27,0.023336214347450302,0.00010144890619510667,0.2557659152169789,0.0002745054317033362,15.109547566769475,1.2915314523994539,0.0009857050675677478,0.05734184134503635,Yellow
BTC,0.01,Legacy-sampled,Static,1157,5,0.00432152117545376,0.028661408519726355,0.834897807269137,0.08931029871759874,4.787836317968869,0.043440623160321934,0.0010086504822327572,0.09420779321988565,Green
BTC,0.01,Actual-sampled,Raw,1157,27,0.023336214347450302,0.00010144890619510667,0.2557659152169789,0.0002745054317033362,15.109547566769475,1.2915314523994539,0.0009857050675677478,0.05734184134503635,Yellow
BTC,0.01,Actual-sampled,Static,1157,5,0.00432152117545376,0.028661408519726355,0.834897807269137,0.08931029871759874,4.787836317968869,0.043440623160321934,0.0010086504822327572,0.09420779321988565,Green
BTC,0.01,Legacy-law,Raw,1157,24,0.020743301642178046,0.001331732707466722,0.3130547135972635,0.0034899064615261863,10.298016591458673,1.0177440985052044,0.0009762377345896662,0.05786395900525825,Yellow
BTC,0.01,Legacy-law,Static,1157,4,0.003457216940363008,0.009679491128237516,0.8676322030151046,0.034722622769126084,6.6929498693206835,0.027777833594527124,0.0009919208146737012,0.09021827990949863,Green
BTC,0.01,Actual-law,Raw,1157,24,0.020743301642178046,0.001331732707466722,0.3130547135972635,0.0034899064615261863,10.298016591458673,1.0177440985052044,0.0009762377345896662,0.05786395900525825,Yellow
BTC,0.01,Actual-law,Static,1157,4,0.003457216940363008,0.009679491128237516,0.8676322030151046,0.034722622769126084,6.6929498693206835,0.027777833594527124,0.0009919208146737012,0.09021827990949863,Green
BTC,0.025,Legacy-sampled,Raw,1157,65,0.056179775280898875,4.78567899379782e-09,0.708889139734333,3.36573552256352e-08,34.2746794025593,0.13938904640917826,0.001926474808544789,0.03996927617097639,Red
BTC,0.025,Legacy-sampled,Static,1157,16,0.013828867761452032,0.007927564572304903,0.502744801379747,0.02353065269326135,7.04976512255778,0.4491375531571009,0.0018241355125796308,0.06304855949311593,Green
BTC,0.025,Actual-sampled,Raw,1157,65,0.056179775280898875,4.78567899379782e-09,0.708889139734333,3.36573552256352e-08,34.2746794025593,0.13938904640917826,0.001926474808544789,0.03996927617097639,Red
BTC,0.025,Actual-sampled,Static,1157,16,0.013828867761452032,0.007927564572304903,0.502744801379747,0.02353065269326135,7.04976512255778,0.4491375531571009,0.0018241355125796308,0.06304855949311593,Green
BTC,0.025,Legacy-law,Raw,1157,57,0.049265341400172864,2.893497243366244e-06,0.9063077427639536,1.7560042879383652e-05,21.885916471613648,0.01385258415024282,0.0019189432730433147,0.040006197584105216,Red
BTC,0.025,Legacy-law,Static,1157,17,0.014693171996542784,0.015099174436939504,0.47623111986812705,0.040511465124246686,5.9048589816726285,0.5074815292160508,0.0018323599206150672,0.06255287953060043,Green
BTC,0.025,Actual-law,Raw,1157,57,0.049265341400172864,2.893497243366244e-06,0.9063077427639536,1.7560042879383652e-05,21.885916471613648,0.01385258415024282,0.0019189432730433147,0.040006197584105216,Red
BTC,0.025,Actual-law,Static,1157,17,0.014693171996542784,0.015099174436939504,0.47623111986812705,0.040511465124246686,5.9048589816726285,0.5074815292160508,0.0018323599206150672,0.06255287953060043,Green
BTC,0.05,Legacy-sampled,Raw,1157,108,0.09334485738980121,1.2641875000705138e-09,0.7547815685351424,9.399004056615019e-09,36.86776746083832,0.09755674857694885,0.0030625332175699504,0.029401603185385785,Red
BTC,0.05,Legacy-sampled,Static,1157,32,0.027657735522904063,0.00014719833825183957,0.17703852428376415,0.00029901686775987517,14.407710869130241,1.8223102753740932,0.0030018822299755976,0.0485384133165329,Yellow
BTC,0.05,Actual-sampled,Raw,1157,108,0.09334485738980121,1.2641875000705138e-09,0.7547815685351424,9.399004056615019e-09,36.86776746083832,0.09755674857694885,0.0030625332175699504,0.029401603185385785,Red
BTC,0.05,Actual-sampled,Static,1157,32,0.027657735522904063,0.00014719833825183957,0.17703852428376415,0.00029901686775987517,14.407710869130241,1.8223102753740932,0.0030018822299755976,0.0485384133165329,Yellow
BTC,0.05,Legacy-law,Raw,1157,108,0.09334485738980121,1.2641875000705138e-09,0.7547815685351424,9.399004056615019e-09,36.86776746083832,0.09755674857694885,0.003058436430400561,0.02945207476893425,Red
BTC,0.05,Legacy-law,Static,1157,32,0.027657735522904063,0.00014719833825183957,0.17703852428376415,0.00029901686775987517,14.407710869130241,1.8223102753740932,0.002987814418419978,0.04790629158802255,Yellow
BTC,0.05,Actual-law,Raw,1157,108,0.09334485738980121,1.2641875000705138e-09,0.7547815685351424,9.399004056615019e-09,36.86776746083832,0.09755674857694885,0.003058436430400561,0.02945207476893425,Red
BTC,0.05,Actual-law,Static,1157,32,0.027657735522904063,0.00014719833825183957,0.17703852428376415,0.00029901686775987517,14.407710869130241,1.8223102753740932,0.002987814418419978,0.04790629158802255,Yellow
BTC,0.1,Legacy-sampled,Raw,1157,186,0.16076058772687987,1.6335304234855307e-10,0.3816319908786675,9.134406057159419e-10,40.862167318179985,0.7654382030152647,0.004697184655866902,0.02052794812354215,Red
BTC,0.1,Legacy-sampled,Static,1157,105,0.09075194468452895,0.2875376796163026,0.5752474718539184,0.4855136336912381,1.131114777994874,0.31398104178856556,0.004539142651611016,0.029679090114431147,Red
BTC,0.1,Actual-sampled,Raw,1157,186,0.16076058772687987,1.6335304234855307e-10,0.3816319908786675,9.134406057159419e-10,40.862167318179985,0.7654382030152647,0.004697184655866902,0.02052794812354215,Red
BTC,0.1,Actual-sampled,Static,1157,105,0.09075194468452895,0.2875376796163026,0.5752474718539184,0.4855136336912381,1.131114777994874,0.31398104178856556,0.004539142651611016,0.029679090114431147,Red
BTC,0.1,Legacy-law,Raw,1157,186,0.16076058772687987,1.6335304234855307e-10,0.5078129210274529,1.0756193298881869e-09,40.862167318179985,0.43857112268892706,0.004703702803529194,0.020540564577618565,Red
BTC,0.1,Legacy-law,Static,1157,101,0.08729472774416594,0.141758488437906,0.7579854094241638,0.32405103161971344,2.158766060121714,0.09494248106489067,0.004541402145656943,0.029637555938171856,Red
BTC,0.1,Actual-law,Raw,1157,186,0.16076058772687987,1.6335304234855307e-10,0.5078129210274529,1.0756193298881869e-09,40.862167318179985,0.43857112268892706,0.004703702803529194,0.020540564577618565,Red
BTC,0.1,Actual-law,Static,1157,101,0.08729472774416594,0.141758488437906,0.7579854094241638,0.32405103161971344,2.158766060121714,0.09494248106489067,0.004541402145656943,0.029637555938171856,Red
CBU0,0.01,Legacy-sampled,Raw,1010,23,0.02277227722772277,0.00047197606517812243,0.3002418538368835,0.0012963721873546763,12.223251437381276,1.0731196439786572,0.00016850748028241275,0.010683134836651903,Yellow
CBU0,0.01,Legacy-sampled,Static,1010,9,0.00891089108910891,0.723023192731904,0.6873198020679092,0.8660537427982913,0.12561444030266866,0.16200218707078307,0.0001545883432029137,0.0132911257381126,Green
CBU0,0.01,Actual-sampled,Raw,1010,24,0.023762376237623763,0.00018883797274677863,0.27947133918097844,0.0005238334873454245,13.939014496315238,1.1696588964549335,0.00016965100539318554,0.010721894046047351,Yellow
CBU0,0.01,Actual-sampled,Static,1010,10,0.009900990099009901,0.9747302503771117,0.6545566015677375,0.9042915462726526,0.0010033836031890508,0.20020354368755022,0.0001553079526828479,0.013070609150500104,Green
CBU0,0.01,Legacy-law,Raw,1010,21,0.020792079207920793,0.002608749609794575,0.3447251238267949,0.006889579759729354,9.062710596517729,0.8927797806804563,0.00016640787027214624,0.010826550339668553,Yellow
CBU0,0.01,Legacy-law,Static,1010,11,0.01089108910891089,0.77903000878741,0.6224135477798778,0.8516254678716687,0.07872700109153397,0.2424898799114601,0.00015271278685742017,0.013331756066696366,Green
CBU0,0.01,Actual-law,Raw,1010,20,0.019801980198019802,0.00575257776519758,0.3684299722430594,0.01473417050288027,7.626218898998264,0.808953018438558,0.00016675775467374758,0.01080398362922896,Yellow
CBU0,0.01,Actual-law,Static,1010,11,0.01089108910891089,0.77903000878741,0.6224135477798778,0.8516254678716687,0.07872700109153397,0.2424898799114601,0.00015293952669952364,0.013209845286551655,Green
CBU0,0.025,Legacy-sampled,Raw,1010,57,0.05643564356435644,3.594967919994419e-08,0.009607294268730348,8.951822739207639e-09,30.35651881777683,6.706298516989364,0.00034938549986585494,0.007522874469223368,Red
CBU0,0.025,Legacy-sampled,Static,1010,27,0.026732673267326732,0.7272085925293857,0.2230075455999939,0.44784810720471513,0.12169012551329361,1.4849121754355679,0.0003151167668891017,0.009709625560675977,Yellow
CBU0,0.025,Actual-sampled,Raw,1010,60,0.0594059405940594,2.41895323674485e-09,0.005862799314770789,4.171496258726989e-10,35.603155992873056,7.591996294018998,0.00035074226128223096,0.007517553417088168,Red
CBU0,0.025,Actual-sampled,Static,1010,28,0.027722772277227723,0.585848418540206,0.20610369553655747,0.38761978200642805,0.2968746221917433,1.5985861040074383,0.000316117463700729,0.00963923323968366,Yellow
CBU0,0.025,Legacy-law,Raw,1010,57,0.05643564356435644,3.594967919994419e-08,0.13782279011332713,8.511097618797566e-08,30.35651881777683,2.2021008418273027,0.0003461268809383491,0.007562613267526204,Red
CBU0,0.025,Legacy-law,Static,1010,29,0.028712871287128714,0.46014598387654926,0.19013424298493337,0.32269156268440985,0.5455395429264192,1.7165771096142635,0.0003157473754937605,0.00962273103740096,Yellow
CBU0,0.025,Actual-law,Raw,1010,58,0.05742574257425743,1.4879222161082535e-08,0.12338687490953443,3.317729105984206e-08,32.069006678132325,2.3737937204340938,0.00034605954635661063,0.007544368399100199,Red
CBU0,0.025,Actual-law,Static,1010,28,0.027722772277227723,0.585848418540206,0.20610369553655747,0.38761978200642805,0.2968746221917433,1.5985861040074383,0.0003155058088243067,0.009613088856018923,Yellow
CBU0,0.05,Legacy-sampled,Raw,1010,113,0.11188118811881188,5.1924325536756195e-15,0.0021050448403321723,4.574326950431299e-16,61.18619564962047,9.455608179698515,0.0005857410875281157,0.0055823292376849295,Red
CBU0,0.05,Legacy-sampled,Static,1010,54,0.053465346534653464,0.6171178011917017,0.013441421218003975,0.04158557244584766,0.2499393287321654,6.110064647418142,0.0005273992562826143,0.007589692848861621,Red
CBU0,0.05,Actual-sampled,Raw,1010,116,0.11485148514851486,3.478024377806555e-16,0.0044470787760989595,6.310635860210645e-17,66.51181630906979,8.09160396929667,0.0005841731215612741,0.005575547493731437,Red
CBU0,0.05,Actual-sampled,Static,1010,54,0.053465346534653464,0.6171178011917017,0.013441421218003975,0.04158557244584766,0.2499393287321654,6.110064647418142,0.0005239452098481806,0.00754589360512504,Red
CBU0,0.05,Legacy-law,Raw,1010,113,0.11188118811881188,5.1924325536756195e-15,0.0021050448403321723,4.574326950431299e-16,61.18619564962047,9.455608179698515,0.0005820547128671906,0.005601766121120963,Red
CBU0,0.05,Legacy-law,Static,1010,54,0.053465346534653464,0.6171178011917017,0.013441421218003975,0.04158557244584766,0.2499393287321654,6.110064647418142,0.0005266921514131958,0.0075855663957782905,Red
CBU0,0.05,Actual-law,Raw,1010,113,0.11188118811881188,5.1924325536756195e-15,0.0021050448403321723,4.574326950431299e-16,61.18619564962047,9.455608179698515,0.0005823449932856682,0.005586377539979041,Red
CBU0,0.05,Actual-law,Static,1010,54,0.053465346534653464,0.6171178011917017,0.013441421218003975,0.04158557244584766,0.2499393287321654,6.110064647418142,0.0005261414910522061,0.007542957572718386,Red
CBU0,0.1,Legacy-sampled,Raw,1010,184,0.18217821782178217,2.5943854527765537e-15,0.012187078228672165,1.1284140453665521e-15,62.55247887798407,6.283447617396405,0.0009223993380856815,0.00392364878093335,Red
CBU0,0.1,Legacy-sampled,Static,1010,118,0.11683168316831684,0.08158392352909766,0.0029986798368400068,0.0026834105763638328,3.033061909474057,8.80827147134903,0.0008541194020525127,0.005382334780472874,Red
CBU0,0.1,Actual-sampled,Raw,1010,188,0.18613861386138614,1.4603206419260572e-16,0.01931264126045972,9.935221804519121e-17,68.22273833633199,5.472982422820223,0.000922986264035158,0.003911721789961598,Red
CBU0,0.1,Actual-sampled,Static,1010,120,0.1188118811881188,0.05220989434908583,0.006807270684231137,0.0039027230374121306,3.7690302424866715,7.323131267041276,0.0008537794374481958,0.00536782429718838,Red
CBU0,0.1,Legacy-law,Raw,1010,186,0.18415841584158416,6.235300830475508e-16,0.015474352696361169,3.4209433113169415e-16,65.36124844268659,5.861641862992656,0.0009216570634505213,0.003923136538959144,Red
CBU0,0.1,Legacy-law,Static,1010,118,0.11683168316831684,0.08158392352909766,0.0029986798368400068,0.0026834105763638328,3.033061909474057,8.80827147134903,0.0008523052264785075,0.005353289733213281,Red
CBU0,0.1,Actual-law,Raw,1010,185,0.18316831683168316,1.2760136893444749e-15,0.00992383150309268,4.673831875396335e-16,63.95024610709771,6.648518338124745,0.0009220041372337477,0.003910399518562267,Red
CBU0,0.1,Actual-law,Static,1010,121,0.1198019801980198,0.041256348750377876,0.0056243309430209654,0.0026954982376327192,4.165454254991573,7.666890178790595,0.0008518039562653031,0.005342941271807919,Red
DJCI,0.01,Legacy-sampled,Raw,765,24,0.03137254901960784,2.062150933863044e-06,0.2121006469722231,5.864222678397687e-06,22.53625145321989,1.557029787370169,0.0003997909749970137,0.02014429791871872,Yellow
DJCI,0.01,Legacy-sampled,Static,765,3,0.00392156862745098,0.05402483011803411,0.8777707424515446,0.15446426947646943,3.711931800522481,0.02365314930712259,0.0003727406342049593,0.03224979625523776,Green
DJCI,0.01,Actual-sampled,Raw,765,22,0.02875816993464052,2.1490170322014294e-05,0.25334314093573523,6.260830237400311e-05,18.05245190553536,1.3047734202035315,0.0004128496854752386,0.020194303551786186,Yellow
DJCI,0.01,Actual-sampled,Static,765,4,0.00522875816993464,0.1444150844647419,0.8374188819161931,0.33750027388273285,2.1302724567792346,0.042105457551741665,0.00037828454716234706,0.03168387904324032,Green
DJCI,0.01,Legacy-law,Raw,765,24,0.03137254901960784,2.062150933863044e-06,0.2121006469722231,5.864222678397687e-06,22.53625145321989,1.557029787370169,0.0004010776176013133,0.02037828007932789,Yellow
DJCI,0.01,Legacy-law,Static,765,3,0.00392156862745098,0.05402483011803411,0.8777707424515446,0.15446426947646943,3.711931800522481,0.02365314930712259,0.0003668475973580355,0.030236163657598198,Green
DJCI,0.01,Actual-law,Raw,765,24,0.03137254901960784,2.062150933863044e-06,0.2121006469722231,5.864222678397687e-06,22.53625145321989,1.557029787370169,0.0004021164518482464,0.020343200757627872,Yellow
DJCI,0.01,Actual-law,Static,765,3,0.00392156862745098,0.05402483011803411,0.8777707424515446,0.15446426947646943,3.711931800522481,0.02365314930712259,0.0003670962408408927,0.03023927369364306,Green
DJCI,0.025,Legacy-sampled,Raw,765,45,0.058823529411764705,3.1294372504943666e-07,0.6586920356903636,1.8849162829270654e-06,26.16813798690606,0.19511631367561222,0.0007611697040599453,0.01451135261562574,Red
DJCI,0.025,Legacy-sampled,Static,765,13,0.01699346405228758,0.13250248936276504,0.5022926655156457,0.25755720807129534,2.262937775293377,0.4500890572799676,0.0007034380519666262,0.02258478837540652,Yellow
DJCI,0.025,Actual-sampled,Raw,765,48,0.06274509803921569,1.7787808043731307e-08,0.5091907090647236,1.0399111200936413e-07,31.722190956822892,0.4357298489881032,0.0007662522999023584,0.014498955682041792,Red
DJCI,0.025,Actual-sampled,Static,765,12,0.01568627450980392,0.07678398013125934,0.536004716909646,0.17250245609925088,3.1316926300272065,0.38299497868391086,0.0007049167560661674,0.023073165452838464,Green
DJCI,0.025,Legacy-law,Raw,765,40,0.05228758169934641,2.3646964710119433e-05,0.37885252121789914,8.939775058074556e-05,17.870408020128764,0.7744220546523479,0.0007493931421236637,0.014596602117408075,Red
DJCI,0.025,Legacy-law,Static,765,14,0.018300653594771243,0.2130113689854047,0.46969347024734076,0.3545985841651372,1.550840731951478,0.5226970242807454,0.0006952536503537389,0.02227443840057721,Yellow
DJCI,0.025,Actual-law,Raw,765,40,0.05228758169934641,2.3646964710119433e-05,0.37885252121789914,8.939775058074556e-05,17.870408020128764,0.7744220546523479,0.0007495509281307064,0.014566674752011354,Red
DJCI,0.025,Actual-law,Static,765,14,0.018300653594771243,0.2130113689854047,0.46969347024734076,0.3545985841651372,1.550840731951478,0.5226970242807454,0.0006963364598288195,0.022438195981135202,Yellow
DJCI,0.05,Legacy-sampled,Raw,765,78,0.10196078431372549,5.87663215292291e-09,0.9561830177002631,4.4000960733318e-08,33.87508988540161,0.0030188514351721096,0.001195699758925763,0.010913093636722418,Red
DJCI,0.05,Legacy-sampled,Static,765,24,0.03137254901960784,0.01137804430545546,0.2121006469722231,0.018663920653082804,6.405296203844003,1.557029787370169,0.0011306243647036538,0.01720292766388348,Yellow
DJCI,0.05,Actual-sampled,Raw,765,79,0.10326797385620914,2.6479899087900927e-09,0.6702515130493356,1.8525388766170593e-08,35.42693929635416,0.18130806355856066,0.0011969810050922907,0.01090598012591572,Red
DJCI,0.05,Actual-sampled,Static,765,26,0.03398692810457516,0.031401294230097264,0.17584934573467925,0.039493345286241946,4.630888713566705,1.832357476502068,0.0011208606603782757,0.01683386518265399,Yellow
DJCI,0.05,Legacy-law,Raw,765,76,0.09934640522875816,2.77704234191748e-08,0.8502919371408497,1.9573544644110178e-07,30.857378671995377,0.03562503304897291,0.0011754586926497235,0.010962793485768257,Red
DJCI,0.05,Legacy-law,Static,765,25,0.032679738562091505,0.019271272297247732,0.1933641563366482,0.02775708686242823,5.476730433443521,1.6917977444852568,0.001117816581666417,0.01671512570511419,Yellow
DJCI,0.05,Actual-law,Raw,765,76,0.09934640522875816,2.77704234191748e-08,0.8281671038558696,1.946144683106518e-07,30.857378671995377,0.04711196996993294,0.0011771668307695158,0.010936682178177538,Red
DJCI,0.05,Actual-law,Static,765,25,0.032679738562091505,0.019271272297247732,0.1933641563366482,0.02775708686242823,5.476730433443521,1.6917977444852568,0.0011173625483037548,0.016726147319142987,Yellow
DJCI,0.1,Legacy-sampled,Raw,765,121,0.15816993464052287,6.04707481352402e-07,0.11333109286290836,1.1200205603303699e-06,24.897182174058315,2.5071448567175594,0.001824069652548599,0.00770756161453665,Red
DJCI,0.1,Legacy-sampled,Static,765,67,0.08758169934640522,0.24313321193958468,0.16986245991989585,0.19725738650640298,1.3623350195890076,1.8841567254571032,0.0017353205879859141,0.011697376907570547,Red
DJCI,0.1,Actual-sampled,Raw,765,122,0.15947712418300652,3.4899690328548865e-07,0.04537703501803833,3.1174171202078304e-07,25.957610356405056,4.00457131975088,0.0018230497689165268,0.007680960058332025,Red
DJCI,0.1,Actual-sampled,Static,765,63,0.08235294117647059,0.09430342863775336,0.6760189347126804,0.22605243153459173,2.799334723809885,0.17464189354319615,0.0017383834739865122,0.011757603435811146,Red
DJCI,0.1,Legacy-law,Raw,765,121,0.15816993464052287,6.04707481352402e-07,0.18505751535099396,1.6301187188925243e-06,24.897182174058315,1.7565332501845887,0.0018115411350178574,0.007724699078078436,Red
DJCI,0.1,Legacy-law,Static,765,62,0.08104575163398693,0.071691354095299,0.34063779213972256,0.1254375868271943,3.243864422951752,0.9080294975101424,0.0017286246187300251,0.011785285542858015,Red
DJCI,0.1,Actual-law,Raw,765,122,0.15947712418300652,3.4899690328548865e-07,0.21666961114471112,1.0763317591715941e-06,25.957610356405056,1.5262932783546148,0.001813707524590797,0.0077025792070911855,Red
DJCI,0.1,Actual-law,Static,765,62,0.08104575163398693,0.071691354095299,0.34063779213972256,0.1254375868271943,3.243864422951752,0.9080294975101424,0.001729161005619137,0.0117948636823296,Red
ETH,0.01,Legacy-sampled,Raw,812,28,0.034482758620689655,4.1959606279499326e-08,0.16473670473567198,1.132747097252876e-07,30.056701090309375,1.930198727616471,0.0015738317580450188,0.08136083768371015,Yellow
ETH,0.01,Legacy-sampled,Static,812,4,0.0049261083743842365,0.10708017917415602,0.842160187565031,0.2676103616063074,2.5967932636474513,0.03965319830412284,0.0013891117877843676,0.1259007941574529,Green
ETH,0.01,Actual-sampled,Raw,812,28,0.034482758620689655,4.1959606279499326e-08,0.16473670473567198,1.132747097252876e-07,30.056701090309375,1.930198727616471,0.0015738317580450188,0.08136083768371015,Yellow
ETH,0.01,Actual-sampled,Static,812,4,0.0049261083743842365,0.10708017917415602,0.842160187565031,0.2676103616063074,2.5967932636474513,0.03965319830412284,0.0013891117877843676,0.1259007941574529,Green
ETH,0.01,Legacy-law,Raw,812,28,0.034482758620689655,4.1959606279499326e-08,0.16473670473567198,1.132747097252876e-07,30.056701090309375,1.930198727616471,0.0015035689394392391,0.0825555571465308,Yellow
ETH,0.01,Legacy-law,Static,812,4,0.0049261083743842365,0.10708017917415602,0.842160187565031,0.2676103616063074,2.5967932636474513,0.03965319830412284,0.001359445883094637,0.12274223364979156,Green
ETH,0.01,Actual-law,Raw,812,28,0.034482758620689655,4.1959606279499326e-08,0.16473670473567198,1.132747097252876e-07,30.056701090309375,1.930198727616471,0.0015035689394392391,0.0825555571465308,Yellow
ETH,0.01,Actual-law,Static,812,4,0.0049261083743842365,0.10708017917415602,0.842160187565031,0.2676103616063074,2.5967932636474513,0.03965319830412284,0.001359445883094637,0.12274223364979156,Green
ETH,0.025,Legacy-sampled,Raw,812,49,0.0603448275862069,4.296568605984175e-08,0.17589166701341735,1.2174023381446887e-07,30.010754019550113,1.8319985670045753,0.003107539903782172,0.05810337109964919,Red
ETH,0.025,Legacy-sampled,Static,812,29,0.03571428571428571,0.06586792455386939,0.14964570893760054,0.06525315127821507,3.38310328025446,2.0758585967334398,0.0026910148741527908,0.0752535803245459,Yellow
ETH,0.025,Actual-sampled,Raw,812,49,0.0603448275862069,4.296568605984175e-08,0.17589166701341735,1.2174023381446887e-07,30.010754019550113,1.8319985670045753,0.003107539903782172,0.05810337109964919,Red
ETH,0.025,Actual-sampled,Static,812,29,0.03571428571428571,0.06586792455386939,0.14964570893760054,0.06525315127821507,3.38310328025446,2.0758585967334398,0.0026910148741527908,0.0752535803245459,Yellow
ETH,0.025,Legacy-law,Raw,812,46,0.05665024630541872,6.693790611334642e-07,0.020005444488510927,2.891340284736157e-07,24.701331707431883,5.411419272559442,0.003037934280048216,0.058334175744046764,Red
ETH,0.025,Legacy-law,Static,812,27,0.0332512315270936,0.1513566860878753,0.18092426452576013,0.1459822924269946,2.058524317537586,1.7900155812144192,0.0026386556201762152,0.0770789895958814,Yellow
ETH,0.025,Actual-law,Raw,812,46,0.05665024630541872,6.693790611334642e-07,0.020005444488510927,2.891340284736157e-07,24.701331707431883,5.411419272559442,0.003037934280048216,0.058334175744046764,Red
ETH,0.025,Actual-law,Static,812,27,0.0332512315270936,0.1513566860878753,0.18092426452576013,0.1459822924269946,2.058524317537586,1.7900155812144192,0.0026386556201762152,0.0770789895958814,Yellow
ETH,0.05,Legacy-sampled,Raw,812,86,0.10591133004926108,1.5024682654739506e-10,0.23808299535528468,6.153907194072441e-10,41.025618560652035,1.3919089068290305,0.004708760857899609,0.04365510284875432,Red
ETH,0.05,Legacy-sampled,Static,812,39,0.0480295566502463,0.7954349307849298,0.0500888078740322,0.14186924017118482,0.06721555206606844,3.8384834268998134,0.00438330017433145,0.061571152905147135,Red
ETH,0.05,Actual-sampled,Raw,812,86,0.10591133004926108,1.5024682654739506e-10,0.23808299535528468,6.153907194072441e-10,41.025618560652035,1.3919089068290305,0.004708760857899609,0.04365510284875432,Red
ETH,0.05,Actual-sampled,Static,812,39,0.0480295566502463,0.7954349307849298,0.0500888078740322,0.14186924017118482,0.06721555206606844,3.8384834268998134,0.00438330017433145,0.061571152905147135,Red
ETH,0.05,Legacy-law,Raw,812,81,0.09975369458128079,8.128544261704322e-09,0.41755702363180114,4.34938143147774e-08,33.24411349889179,0.6571807183549936,0.004664712700741233,0.043755177332495655,Red
ETH,0.05,Legacy-law,Static,812,41,0.050492610837438424,0.9487253549596714,0.03904430678186815,0.11865477043862091,0.004135458872621567,4.258938722999858,0.004350574513049833,0.060889543449028194,Red
ETH,0.05,Actual-law,Raw,812,81,0.09975369458128079,8.128544261704322e-09,0.41755702363180114,4.34938143147774e-08,33.24411349889179,0.6571807183549936,0.004664712700741233,0.043755177332495655,Red
ETH,0.05,Actual-law,Static,812,41,0.050492610837438424,0.9487253549596714,0.03904430678186815,0.11865477043862091,0.004135458872621567,4.258938722999858,0.004350574513049833,0.060889543449028194,Red
ETH,0.1,Legacy-sampled,Raw,812,140,0.1724137931034483,2.832392623362076e-10,0.31550149503792324,1.385507366852189e-09,39.786894653604534,1.0075042154601306,0.007094027661206874,0.03127041583688095,Red
ETH,0.1,Legacy-sampled,Static,812,89,0.10960591133004927,0.368147207836776,0.3179355309556559,0.4050824905010597,0.809908825486545,0.9974202792456026,0.006723081972815425,0.04128876772756353,Red
ETH,0.1,Actual-sampled,Raw,812,140,0.1724137931034483,2.832392623362076e-10,0.31550149503792324,1.385507366852189e-09,39.786894653604534,1.0075042154601306,0.007094027661206874,0.03127041583688095,Red
ETH,0.1,Actual-sampled,Static,812,89,0.10960591133004927,0.368147207836776,0.3179355309556559,0.4050824905010597,0.809908825486545,0.9974202792456026,0.006723081972815425,0.04128876772756353,Red
ETH,0.1,Legacy-law,Raw,812,137,0.1687192118226601,1.880861181523691e-09,0.30917667972168633,8.666701464367159e-09,36.09336555069038,1.0341895942732435,0.007039357843662077,0.03124210404288601,Red
ETH,0.1,Legacy-law,Static,812,89,0.10960591133004927,0.368147207836776,0.16171970535670682,0.2505766986146209,0.809908825486545,1.9580716209676439,0.006703528861423014,0.04080333892324146,Red
ETH,0.1,Actual-law,Raw,812,137,0.1687192118226601,1.880861181523691e-09,0.30917667972168633,8.666701464367159e-09,36.09336555069038,1.0341895942732435,0.007039357843662077,0.03124210404288601,Red
ETH,0.1,Actual-law,Static,812,89,0.10960591133004927,0.368147207836776,0.16171970535670682,0.2505766986146209,0.809908825486545,1.9580716209676439,0.006703528861423014,0.04080333892324146,Red
EURUSD,0.01,Legacy-sampled,Raw,1617,43,0.026592455163883734,2.7113256647797267e-08,0.1251854281187877,6.008322065474751e-08,30.903855759774224,2.3512146898717106,0.00017489619865943798,0.010440034037923884,Yellow
EURUSD,0.01,Legacy-sampled,Static,1617,10,0.006184291898577613,0.09711472217279571,0.7241683013804108,0.23730329900424976,2.7522986207985554,0.12453380597281694,0.00016083402528710425,0.014104749395436097,Green
EURUSD,0.01,Actual-sampled,Raw,1617,45,0.027829313543599257,3.334876175632937e-09,0.10833601011711722,6.995077119415134e-09,34.97778994719517,2.5783284607157952,0.00018014371867562103,0.010374339054044607,Yellow
EURUSD,0.01,Actual-sampled,Static,1617,12,0.0074211502782931356,0.27475976865141044,0.6717578415746367,0.5034904083390469,1.192828436815267,0.17955279713888217,0.0001601971625950704,0.013688099450687717,Green
EURUSD,0.01,Legacy-law,Raw,1617,41,0.025355596784168214,2.012447803143334e-07,0.14398507848196676,4.665124770426549e-07,27.021117815632252,2.1348443262568253,0.00017341783880707394,0.01047038665111805,Yellow
EURUSD,0.01,Legacy-law,Static,1617,13,0.008039579468150896,0.4120573149279385,0.646096556077655,0.6428415853383005,0.6728569474421136,0.2108569588713749,0.00015940462741290324,0.01345438740782615,Green
EURUSD,0.01,Actual-law,Raw,1617,41,0.025355596784168214,2.012447803143334e-07,0.14398507848196676,4.665124770426549e-07,27.021117815632252,2.1348443262568253,0.00017400434034444534,0.01044527973503769,Yellow
EURUSD,0.01,Actual-law,Static,1617,13,0.008039579468150896,0.4120573149279385,0.646096556077655,0.6428415853383005,0.6728569474421136,0.2108569588713749,0.0001598381357078465,0.013559583905363827,Green
EURUSD,0.025,Legacy-sampled,Raw,1617,94,0.05813234384662956,2.812966321639276e-13,0.502123441509353,2.0927082346693723e-12,53.33467860662705,0.4504455588170231,0.000347269797995627,0.00729088507580151,Red
EURUSD,0.025,Legacy-sampled,Static,1617,32,0.019789734075448363,0.1639574386890181,0.25549265313359193,0.19885495884195162,1.9373418873877384,1.2930172526890829,0.0003117741136009658,0.01023042643447046,Yellow
EURUSD,0.025,Actual-sampled,Raw,1617,102,0.06307977736549165,1.5590022794722754e-16,0.285044441645009,9.23519764918409e-16,68.09379823798189,1.1428807066120044,0.00035518431901116864,0.0072657070777126425,Red
EURUSD,0.025,Actual-sampled,Static,1617,35,0.021645021645021644,0.37664553600733863,0.21316811063451285,0.31170428167269015,0.7816219906881461,1.5497787208820455,0.0003150265523057672,0.010162116726319056,Yellow
EURUSD,0.025,Legacy-law,Raw,1617,101,0.06246134817563389,4.1291303730680356e-16,0.30785583088514323,2.5397530687688506e-15,66.17356679437823,1.039852276874285,0.000346674890741936,0.007296611867531011,Red
EURUSD,0.025,Legacy-law,Static,1617,28,0.017316017316017316,0.03632020356606386,0.32036477189636337,0.06823948426755637,4.382007155584898,0.9874567113229773,0.0003140896052859446,0.010427476040574441,Yellow
EURUSD,0.025,Actual-law,Raw,1617,103,0.06369820655534941,5.826272565473409e-17,0.2634511385955234,3.3155288621250495e-16,70.0349579709514,1.2505307108594934,0.00034773364986822827,0.0072764684137010625,Red
EURUSD,0.025,Actual-law,Static,1617,30,0.01855287569573284,0.08205495657642663,0.28671169140589414,0.12501018693627952,3.023721767160861,1.1349983318594923,0.00031385248505654147,0.010394860669516047,Yellow
EURUSD,0.05,Legacy-sampled,Raw,1617,190,0.11750154607297464,1.103918551442105e-26,0.1262729544711916,4.6361877658396235e-26,114.32890396009807,2.3377360228955695,0.0005772468656437124,0.005388821414501931,Red
EURUSD,0.05,Legacy-sampled,Static,1617,63,0.03896103896103896,0.03440327694801685,0.023749958751052465,0.008281967855450465,4.474549200237895,5.112800150003636,0.0005167714865069422,0.008283721695917857,Red
EURUSD,0.05,Actual-sampled,Raw,1617,189,0.11688311688311688,2.8067671528025375e-26,0.1400524015721839,1.2669730244753153e-25,112.47861011549111,2.177383313714472,0.0005787176685304428,0.005376592442459105,Red
EURUSD,0.05,Actual-sampled,Static,1617,65,0.04019789734075448,0.061520972476408864,0.01957175580069907,0.011415345013087986,3.4958996618261935,5.449693888014394,0.0005189099592016047,0.008321391741745125,Red
EURUSD,0.05,Legacy-law,Raw,1617,192,0.11873840445269017,1.6777931397721195e-27,0.1684876175819929,8.926395585942803e-27,118.06522123839645,1.8963484160533426,0.0005783448412308262,0.00539418184552706,Red
EURUSD,0.05,Legacy-law,Static,1617,64,0.039579468150896725,0.04634652973599251,0.021573637365543893,0.009809527290201823,3.9689548801393713,5.279847506039914,0.0005163615103702291,0.008231130940323747,Red
EURUSD,0.05,Actual-law,Raw,1617,192,0.11873840445269017,1.6777931397721195e-27,0.1684876175819929,8.926395585942803e-27,118.06522123839645,1.8963484160533426,0.000580365781483467,0.005377313860385152,Red
EURUSD,0.05,Actual-law,Static,1617,63,0.03896103896103896,0.03440327694801685,0.023749958751052465,0.008281967855450465,4.474549200237895,5.112800150003636,0.0005167627046588809,0.008268609225723653,Red
EURUSD,0.1,Legacy-sampled,Raw,1617,317,0.19604205318491033,7.47171364897898e-31,0.057092861910015016,1.7830871306535544e-30,133.37852940343862,3.61988376594104,0.000910810027062249,0.0037633321267397457,Red
EURUSD,0.1,Legacy-sampled,Static,1617,143,0.08843537414965986,0.11454278432554763,0.0638797674541191,0.051713479754760344,2.490397602422135,3.4336759999495143,0.0008323103288290121,0.0060911953413413334,Red
EURUSD,0.1,Actual-sampled,Raw,1617,317,0.19604205318491033,7.47171364897898e-31,0.038652975782421994,1.284360456665883e-30,133.37852940343862,4.276054385481757,0.0009125398221616843,0.0037503646343762724,Red
EURUSD,0.1,Actual-sampled,Static,1617,143,0.08843537414965986,0.11454278432554763,0.13452049545160547,0.09395196252915623,2.490397602422135,2.2395457260976173,0.0008324127152325939,0.006030479991491222,Red
EURUSD,0.1,Legacy-law,Raw,1617,312,0.19294990723562153,3.729501905465513e-29,0.035259725969482854,5.755847083227522e-29,125.6169497811963,4.4325531681133725,0.0009096651801278118,0.0037682422488352287,Red
EURUSD,0.1,Legacy-law,Static,1617,141,0.08719851576994433,0.08005046201240199,0.29431165056278336,0.12470121443202457,3.063876894057117,1.0997924809712458,0.0008328080041925429,0.006044430719909227,Red
EURUSD,0.1,Actual-law,Raw,1617,315,0.19480519480519481,3.612449453020104e-30,0.022460435466577226,3.848031009160827e-30,130.25022243622573,5.2097599608475775,0.0009117472915323288,0.0037544283807265585,Red
EURUSD,0.1,Actual-law,Static,1617,143,0.08843537414965986,0.11454278432554763,0.24928527898029243,0.14825060548232177,2.490397602422135,1.327304711407578,0.0008332393995946917,0.006043438260988804,Red
FCHI,0.01,Legacy-sampled,Raw,1891,54,0.028556319407720784,3.626791103873376e-11,0.6316687458592805,2.740620618117671e-10,43.805528455505566,0.22980460894592625,0.0005701063055289622,0.024740055137476926,Yellow
FCHI,0.01,Legacy-sampled,Static,1891,19,0.010047593865679535,0.9834175969200868,0.5344642845551735,0.8243465538839846,0.0004319936350174469,0.385896531140304,0.0004969231551616167,0.03577699761338889,Green
FCHI,0.01,Actual-sampled,Raw,1891,55,0.02908514013749339,1.2063636198230642e-11,0.7537689602933605,9.962086760034905e-11,45.96090779659279,0.09839112185375143,0.0005769433514549662,0.024632858860078412,Yellow
FCHI,0.01,Actual-sampled,Static,1891,18,0.009518773135906928,0.8320890470446012,0.5562954191699159,0.8223768957835178,0.044953776319367256,0.3461591803292663,0.0005044311809277501,0.03610661341100565,Green
FCHI,0.01,Legacy-law,Raw,1891,52,0.02749867794817557,3.1011492407343337e-10,0.6433469874987638,2.250481569134852e-09,39.60985177281496,0.2143914529946187,0.0005440875185946167,0.025066624566981506,Yellow
FCHI,0.01,Legacy-law,Static,1891,18,0.009518773135906928,0.8320890470446012,0.5562954191699159,0.8223768957835178,0.044953776319367256,0.3461591803292663,0.0004864561724825207,0.034833440651864986,Green
FCHI,0.01,Actual-law,Raw,1891,52,0.02749867794817557,3.1011492407343337e-10,0.6433469874987638,2.250481569134852e-09,39.60985177281496,0.2143914529946187,0.0005468302327216729,0.02500685123117138,Yellow
FCHI,0.01,Actual-law,Static,1891,17,0.008989952406134321,0.6533427422360061,0.5785405097612965,0.7747957075232518,0.2017117024248094,0.3086000727232374,0.00048788177504231506,0.03510245775537109,Green
FCHI,0.025,Legacy-sampled,Raw,1891,107,0.05658381808566896,3.720207459490348e-14,0.4227441197608194,2.6029437732262385e-13,57.311252260248835,0.6426741075546261,0.0010182780690858493,0.017308391426888895,Red
FCHI,0.025,Legacy-sampled,Static,1891,42,0.0222104706504495,0.42850574428851584,0.16704600536054637,0.28137621776006944,0.626870010579216,1.9092552931698492,0.0009185016616171987,0.02567540083170706,Yellow
FCHI,0.025,Actual-sampled,Raw,1891,108,0.05711263881544157,1.5602323221120756e-14,0.7284888352819253,1.4376535942319218e-13,59.020684053091614,0.12050369246787795,0.0010251719335788861,0.017264224926900218,Red
FCHI,0.025,Actual-sampled,Static,1891,44,0.023268112109994712,0.6255675274204142,0.9802824702283088,0.8874836101002079,0.2381196305065174,0.0006108200851144829,0.0009263930119814528,0.025540801976102333,Yellow
FCHI,0.025,Legacy-law,Raw,1891,108,0.05711263881544157,1.5602323221120756e-14,0.4530159424463205,1.1522502089549596e-13,59.020684053091614,0.5630948968263283,0.001009552693215019,0.017425689887899665,Red
FCHI,0.025,Legacy-law,Static,1891,40,0.021152829190904283,0.2712340517978842,0.8683246488424274,0.5384878754808328,1.21049529687272,0.02748529911747255,0.0009120185711851682,0.025787348376547597,Yellow
FCHI,0.025,Actual-law,Raw,1891,107,0.05658381808566896,3.720207459490348e-14,0.4227441197608194,2.6029437732262385e-13,57.311252260248835,0.6426741075546261,0.0010119056834158803,0.017376331382122436,Red
FCHI,0.025,Actual-law,Static,1891,42,0.0222104706504495,0.42850574428851584,0.9443562870026796,0.7291537064085206,0.626870010579216,0.00487143671028889,0.0009130485472302114,0.025692063740323443,Yellow
FCHI,0.05,Legacy-sampled,Raw,1891,208,0.10999471179270227,2.198056635009475e-25,0.013312886717768544,1.3522497493964653e-25,108.39866584267054,6.127049434139735,0.001557357046646183,0.01281582972456887,Red
FCHI,0.05,Legacy-sampled,Static,1891,75,0.03966155473294553,0.03261482866266473,0.9885475090533984,0.10197319822007471,4.565884486460931,0.00020603908762950596,0.0014517530885156873,0.019682276935894326,Red
FCHI,0.05,Actual-sampled,Raw,1891,208,0.10999471179270227,2.198056635009475e-25,0.013312886717768544,1.3522497493964653e-25,108.39866584267054,6.127049434139735,0.0015574314779762673,0.012763078983754682,Red
FCHI,0.05,Actual-sampled,Static,1891,76,0.04019037546271814,0.043015807891208735,0.9732593547740181,0.12899879579849094,4.094780781444086,0.0011236376748229304,0.0014523854497992942,0.019584163569084906,Red
FCHI,0.05,Legacy-law,Raw,1891,211,0.1115811739820201,1.619512949881096e-26,0.02101464386027484,1.5218891455273802e-26,113.56894249751153,5.325577494082836,0.0015560462855219476,0.012864403914910274,Red
FCHI,0.05,Legacy-law,Static,1891,77,0.040719196192490745,0.05603234270622354,0.6250229412785573,0.14298963543266907,3.651095553726055,0.2388707079555843,0.0014459769605870048,0.019478650597098527,Red
FCHI,0.05,Actual-law,Raw,1891,211,0.1115811739820201,1.619512949881096e-26,0.02101464386027484,1.5218891455273802e-26,113.56894249751153,5.325577494082836,0.0015598417375216574,0.012822983062716342,Red
FCHI,0.05,Actual-law,Static,1891,76,0.04019037546271814,0.043015807891208735,0.5899038760772751,0.11162194654394414,4.094780781444086,0.2904944080542009,0.0014476395918691857,0.019583962169947223,Red
FCHI,0.1,Legacy-sampled,Raw,1891,335,0.17715494447382338,1.8070675740337018e-24,0.0014530723263476313,1.4683365936053831e-25,104.2238008353786,10.13719343210937,0.0023433116898897597,0.008949837678615426,Red
FCHI,0.1,Legacy-sampled,Static,1891,174,0.09201480698043363,0.24133414423802102,0.11535154439601165,0.14572181569307635,1.3727839132039072,2.4793277803346427,0.002198061056204827,0.013594577032611386,Red
FCHI,0.1,Actual-sampled,Raw,1891,341,0.18032786885245902,3.084442968881909e-26,0.007369764080905839,1.1401347041666254e-26,112.29157053347899,7.180561468260294,0.0023441394457548474,0.008912112132840927,Red
FCHI,0.1,Actual-sampled,Static,1891,173,0.09148598625066102,0.211192569295343,0.03319959767407517,0.047389978112393746,1.5632323480494534,4.535456661678609,0.002197312017120009,0.01367470951990661,Red
FCHI,0.1,Legacy-law,Raw,1891,335,0.17715494447382338,1.8070675740337018e-24,0.014904909604248229,1.2047899269003698e-24,104.2238008353786,5.927673193891451,0.0023430707492199093,0.008978504654062336,Red
FCHI,0.1,Legacy-law,Static,1891,177,0.09360126916975145,0.3489878096516138,0.09624920424439223,0.16172189945168505,0.8771341724513064,2.766620005483901,0.0021984496014338826,0.013596555522867154,Red
FCHI,0.1,Actual-law,Raw,1891,334,0.17662612374405076,3.517054254431756e-24,0.01265528704361803,2.016720317468946e-24,102.90446861171392,6.216670678551509,0.0023461518467328174,0.008945154856576718,Red
FCHI,0.1,Actual-law,Static,1891,179,0.09465891062929667,0.4351118460965745,0.11987510750928468,0.2200180014666214,0.6091398755470578,2.4189519467108767,0.0021987943766601037,0.013546642781674683,Red
FTSE100,0.01,Legacy-sampled,Raw,1867,52,0.02785216925549009,1.9919402771324847e-10,0.24323307218085186,8.229276933212089e-10,40.47454775584089,1.3617577972752315,0.0004585839694639411,0.02056667829978459,Yellow
FTSE100,0.01,Legacy-sampled,Static,1867,18,0.0096411355115158,0.8754190337003582,0.16507776159314624,0.37687861975273124,0.02457965087716074,1.92708456291507,0.00040137002991856075,0.028066302239143723,Green
FTSE100,0.01,Actual-sampled,Raw,1867,55,0.02945902517407606,7.453186018811197e-12,0.1012242776287994,1.7042387181751712e-11,46.90448743155784,2.686147591469478,0.00045495683696227576,0.02042112222991646,Yellow
FTSE100,0.01,Actual-sampled,Static,1867,18,0.0096411355115158,0.8754190337003582,0.16507776159314624,0.37687861975273124,0.02457965087716074,1.92708456291507,0.0003995347306693643,0.027756657190918545,Green
FTSE100,0.01,Legacy-law,Raw,1867,51,0.027316550615961437,5.735522382009484e-10,0.6191566142226725,4.0351132405296935e-09,38.409408217410345,0.24705472469133838,0.0004477848138162393,0.020843733935800433,Yellow
FTSE100,0.01,Legacy-law,Static,1867,19,0.010176754151044456,0.9389927596055142,0.1867822055506571,0.4171381970631388,0.005857742843658809,1.742817665679354,0.0003971715092059742,0.02801707123242493,Green
FTSE100,0.01,Actual-law,Raw,1867,52,0.02785216925549009,1.9919402771324847e-10,0.6553267577948336,1.4716244622918285e-09,40.47454775584089,0.19925018398754446,0.00044987865313303644,0.020788800886537066,Yellow
FTSE100,0.01,Actual-law,Static,1867,19,0.010176754151044456,0.9389927596055142,0.1867822055506571,0.4171381970631388,0.005857742843658809,1.742817665679354,0.00039780196583291184,0.028022769587290365,Green
FTSE100,0.025,Legacy-sampled,Raw,1867,123,0.06588109266202463,4.020712656713576e-21,0.29888480808748086,2.801458906988156e-20,88.96395978566443,1.079163294701516,0.0008592726254655549,0.014396440556191055,Red
FTSE100,0.025,Legacy-sampled,Static,1867,44,0.023567220139260846,0.688924473432275,0.388293478022117,0.6361850700766457,0.16025215116753078,0.7442793834025565,0.0007645906279447669,0.021255283202473385,Yellow
FTSE100,0.025,Actual-sampled,Raw,1867,128,0.06855918585966791,2.173419765437885e-23,0.26546801987368424,1.4745999194098625e-22,99.29695492535413,1.240015742541459,0.0008595505091350204,0.014312334844799402,Red
FTSE100,0.025,Actual-sampled,Static,1867,43,0.023031601499732192,0.5809650978010787,0.35927632398144704,0.5640856771281465,0.30467701918380197,0.8404212392552495,0.0007604655881136929,0.02086161873119815,Yellow
FTSE100,0.025,Legacy-law,Raw,1867,119,0.06373861810391002,2.245594268188785e-19,0.21130265741761023,1.1737561221841653e-18,81.01016669726678,1.5624787156286857,0.0008543303825042464,0.014460886103011194,Red
FTSE100,0.025,Legacy-law,Static,1867,45,0.024102838778789503,0.8027686544127574,0.4184135983663033,0.6986713867191614,0.06238283527180499,0.6547666975918105,0.0007615346811269298,0.020889751027348778,Yellow
FTSE100,0.025,Actual-law,Raw,1867,120,0.06427423674343867,8.322250320713392e-20,0.2313140721128776,4.696034196932524e-19,82.97203397574611,1.432762828747741,0.0008580613869500981,0.014416994514249956,Red
FTSE100,0.025,Actual-law,Static,1867,45,0.024102838778789503,0.8027686544127574,0.4184135983663033,0.6986713867191614,0.06238283527180499,0.6547666975918105,0.000762718247531898,0.020906759521523762,Yellow
FTSE100,0.05,Legacy-sampled,Raw,1867,198,0.10605249062667381,2.1529464822179786e-22,0.1573348867312785,9.76441599121489e-22,94.75659834647374,1.9996562328383334,0.0013248370567748862,0.010637065462194919,Red
FTSE100,0.05,Legacy-sampled,Static,1867,90,0.048205677557579006,0.7205070165375118,0.03732262638954643,0.10733310571842425,0.12800742935922127,4.335628856128551,0.0012202294991231135,0.015807189976104353,Red
FTSE100,0.05,Actual-sampled,Raw,1867,198,0.10605249062667381,2.1529464822179786e-22,0.23638159991191746,1.316485473282453e-21,94.75659834647374,1.4020442281830583,0.0013246640577789807,0.010604316208286616,Red
FTSE100,0.05,Actual-sampled,Static,1867,88,0.04713444027852169,0.566385640152874,0.028130875062994002,0.0761996634424355,0.3287676548207319,4.820028811309726,0.0012171226200482135,0.015957291587469277,Red
FTSE100,0.05,Legacy-law,Raw,1867,196,0.1049812533476165,1.1000427378090596e-21,0.12776132993064446,4.1801970705974124e-21,91.52836007573475,2.3194970470126464,0.001319736651625551,0.010657009813550309,Red
FTSE100,0.05,Legacy-law,Static,1867,86,0.046063202999464384,0.4292168221121534,0.05857131318850983,0.12231410058755442,0.624941708327384,3.5773841873945003,0.0012193870127943985,0.01581601104389907,Red
FTSE100,0.05,Actual-law,Raw,1867,196,0.1049812533476165,1.1000427378090596e-21,0.07982498598113669,2.8744926360961613e-21,91.52836007573475,3.068461461466086,0.0013237214286591036,0.010620756375122685,Red
FTSE100,0.05,Actual-law,Static,1867,87,0.04659882163899304,0.49538994173042805,0.06640742315673062,0.1470136804105629,0.4647983778058329,3.3696608872264733,0.0012204419125569621,0.015770245138236896,Red
FTSE100,0.1,Legacy-sampled,Raw,1867,318,0.17032672737011248,1.302646505682779e-20,0.011769878977261092,6.438341353503353e-21,86.63882372701835,6.345208272452055,0.0019381785876622626,0.0074130592474744616,Red
FTSE100,0.1,Legacy-sampled,Static,1867,161,0.08623460096411355,0.04279926921232258,0.0027534177772723894,0.001453634460099261,4.10331302093315,8.964063647938247,0.0018509905777202007,0.011202268054159407,Red
FTSE100,0.1,Actual-sampled,Raw,1867,316,0.16925549009105517,4.475404965386606e-20,0.030237388704919925,4.9761008839576553e-20,84.19836551857355,4.695744942511055,0.0019420491047947462,0.007389804186216138,Red
FTSE100,0.1,Actual-sampled,Static,1867,156,0.08355650776647028,0.015075328157667175,0.048114686113815,0.007396049055795317,5.907643131373348,3.905975534091567,0.001853902697671349,0.011305360021724031,Red
FTSE100,0.1,Legacy-law,Raw,1867,321,0.17193358328869845,1.9890948390602734e-21,0.008002663068050222,7.115489913966179e-22,90.3563177045138,7.032878215890378,0.0019398933303850297,0.007423214011635959,Red
FTSE100,0.1,Legacy-law,Static,1867,159,0.08516336368505624,0.02873005689738438,0.06999458037389245,0.01771343715537935,4.783716155009806,3.283147377187561,0.001852093258458672,0.011202549109292402,Red
FTSE100,0.1,Actual-law,Raw,1867,324,0.1735404392072844,2.9375090452426523e-22,0.002025711842749171,3.08220972636496e-23,94.14153022154505,9.526090489439412,0.0019434434650352178,0.007394269811605455,Red
FTSE100,0.1,Actual-law,Static,1867,156,0.08355650776647028,0.015075328157667175,0.048114686113815,0.007396049055795317,5.907643131373348,3.905975534091567,0.0018541002635326625,0.011256508419082609,Red
GBPUSD,0.01,Legacy-sampled,Raw,1621,49,0.030228254164096236,4.2365468049135756e-11,0.08038266262570526,7.761368949078473e-11,43.50140697591432,3.057147610754157,0.00023187639038909456,0.012030521295625742,Yellow
GBPUSD,0.01,Legacy-sampled,Static,1621,15,0.009253547193090685,0.7596891835304604,0.5964536258569261,0.8294661416036914,0.09356806263684536,0.28037791340781837,0.00019533321803022756,0.016394373694822658,Green
GBPUSD,0.01,Actual-sampled,Raw,1621,47,0.028994447871684145,4.0692075660710417e-10,0.09373305279878612,8.017549430310646e-10,39.07937226407988,2.809063960064236,0.00023769621291274583,0.01205561885187077,Yellow
GBPUSD,0.01,Actual-sampled,Static,1621,18,0.011104256631708822,0.6606289192092782,0.5247728897698722,0.7418325690970367,0.19276052532403964,0.40450289346460977,0.0001984448653723776,0.0158878512840366,Green
GBPUSD,0.01,Legacy-law,Raw,1621,45,0.027760641579272053,3.5929084510206942e-09,0.10878536312596195,7.546126669918053e-09,34.83268431841427,2.5717785399440345,0.00022495231230623455,0.012198587001624005,Yellow
GBPUSD,0.01,Legacy-law,Static,1621,16,0.00987045033929673,0.9581030103021213,0.5720844252259261,0.8513060598497685,0.002759846783170705,0.31920728875547866,0.00019514102627609065,0.016317863920157265,Green
GBPUSD,0.01,Actual-law,Raw,1621,45,0.027760641579272053,3.5929084510206942e-09,0.10878536312596195,7.546126669918053e-09,34.83268431841427,2.5717785399440345,0.00022492944831566764,0.012164815234575988,Yellow
GBPUSD,0.01,Actual-law,Static,1621,16,0.00987045033929673,0.9581030103021213,0.5720844252259261,0.8513060598497685,0.002759846783170705,0.31920728875547866,0.00019510099145342787,0.01627040208834757,Green
GBPUSD,0.025,Legacy-sampled,Raw,1621,98,0.06045650832819247,8.382294438960966e-15,0.008950227566563166,2.7201983845367113e-15,60.24341139751161,6.832731766030406,0.00043046066661689344,0.008458466545808231,Red
GBPUSD,0.025,Legacy-sampled,Static,1621,39,0.024059222702035782,0.8071417722127235,0.16538407995050905,0.3708554221881519,0.05959212275447312,1.9242938571107402,0.0003816408058878919,0.011707467320399461,Yellow
GBPUSD,0.025,Actual-sampled,Raw,1621,108,0.06662553979025293,4.3614917178486415e-19,0.01581828220326917,2.6870000034716973e-19,79.69842056440612,5.822962307516832,0.00043812519046667464,0.008463978550170205,Red
GBPUSD,0.025,Actual-sampled,Static,1621,40,0.024676125848241828,0.9332968387873807,0.15467466118322026,0.36194280562227055,0.007005293843169502,2.025532856471955,0.00038468085818305515,0.011805912060989307,Yellow
GBPUSD,0.025,Legacy-law,Raw,1621,98,0.06045650832819247,8.382294438960966e-15,0.008950227566563166,2.7201983845367113e-15,60.24341139751161,6.832731766030406,0.0004307156703959429,0.008496651667111738,Red
GBPUSD,0.025,Legacy-law,Static,1621,41,0.025293028994447873,0.9398778020520983,0.14449400627490336,0.3438458416568397,0.005688696789604264,2.1294350167495963,0.000380953208874878,0.01175347001853167,Yellow
GBPUSD,0.025,Actual-law,Raw,1621,99,0.06107341147439852,3.2737754905035628e-15,0.007896393318274056,9.638250630878586e-16,62.09442123377018,7.056822497381404,0.00043135829619855544,0.008470928639170684,Red
GBPUSD,0.025,Actual-law,Static,1621,40,0.024676125848241828,0.9332968387873807,0.15467466118322026,0.36194280562227055,0.007005293843169502,2.025532856471955,0.00038039347639414096,0.011743954955371895,Yellow
GBPUSD,0.05,Legacy-sampled,Raw,1621,183,0.11289327575570636,8.828857078251588e-24,0.082852967482401,2.496372888813163e-23,101.08120734838712,3.0080292615280086,0.0006877772386798221,0.006268090866720833,Red
GBPUSD,0.05,Legacy-sampled,Static,1621,78,0.048118445404071564,0.7265757083579647,0.004958755896163199,0.01816335617341919,0.12227904363231357,7.89441917951342,0.0006202193786160412,0.009259794000149207,Red
GBPUSD,0.05,Actual-sampled,Raw,1621,177,0.10919185687847008,1.6634067953553447e-21,0.00996984881602764,7.254894289227819e-22,90.71011547303652,6.640275987736231,0.0006911630960627233,0.006251658162875285,Red
GBPUSD,0.05,Actual-sampled,Static,1621,76,0.04688463911165947,0.5610204063085501,0.006221888722896754,0.020012163523727006,0.33794052960212007,7.484889498609846,0.0006225487441593881,0.009311237757923769,Red
GBPUSD,0.05,Legacy-law,Raw,1621,170,0.10487353485502776,5.645134824524717e-19,0.05495250239052739,1.0104605290107274e-18,79.18872432096876,3.6835266343202875,0.0006830863822673091,0.00627831057016629,Red
GBPUSD,0.05,Legacy-law,Static,1621,71,0.04380012338062924,0.24240014178825559,0.010720942507774542,0.019471785289207694,1.3665812500843266,6.510996288797173,0.0006182733144947416,0.009317600077804553,Red
GBPUSD,0.05,Actual-law,Raw,1621,173,0.1067242442936459,4.8267745181720354e-20,0.038173004909665756,6.544232835361503e-20,84.04893867583297,4.297296686642312,0.0006844269382696294,0.006257546612766747,Red
GBPUSD,0.05,Actual-law,Static,1621,71,0.04380012338062924,0.24240014178825559,0.010720942507774542,0.019471785289207694,1.3665812500843266,6.510996288797173,0.000617782761090104,0.009320313992931546,Red
GBPUSD,0.1,Legacy-sampled,Raw,1621,299,0.18445404071560764,9.105855886240147e-25,0.6178683367950386,1.0450883598400166e-23,105.58183639865433,0.24887500564568654,0.0010536834479390478,0.004376667131509524,Red
GBPUSD,0.1,Legacy-sampled,Static,1621,145,0.08945095619987661,0.15016792336648732,0.01945823156111291,0.02316295671161289,2.070544258634172,5.4598576810625445,0.0009825843410314887,0.0067124013770137655,Red
GBPUSD,0.1,Actual-sampled,Raw,1621,303,0.18692165330043184,5.0012417375138893e-26,0.8075214124748409,6.477076160806779e-25,111.33336320466242,0.05935304746708425,0.0010546491153421358,0.0043621563843477575,Red
GBPUSD,0.1,Actual-sampled,Static,1621,146,0.09006785934608266,0.1759106868814279,0.04362635784330015,0.052266435084837255,1.8318372996861214,4.070964481350984,0.00098313921912461,0.00671237559301473,Red
GBPUSD,0.1,Legacy-law,Raw,1621,298,0.1838371375694016,1.8620579846713686e-24,0.6609720156571002,2.183832454882625e-23,104.16440659339167,0.19234500404922983,0.0010501693131653176,0.004383520181027689,Red
GBPUSD,0.1,Legacy-law,Static,1621,147,0.09068476249228871,0.20474712148081833,0.014948531316488246,0.023159403371707733,1.6081850102905975,5.922523765232768,0.0009822657705558712,0.0066549319573901405,Red
GBPUSD,0.1,Actual-law,Raw,1621,300,0.1850709438618137,4.434950174709362e-25,0.6946855183472735,5.372419349517694e-24,107.00746803904678,0.15405974926989074,0.0010517214887596797,0.0043671127257345985,Red
GBPUSD,0.1,Actual-law,Static,1621,148,0.09130166563849476,0.23680812224537398,0.013063176896265804,0.02282235964042028,1.3994951202189334,6.1605339549745395,0.000982116307012879,0.006636754607847923,Red
GDAXI,0.01,Legacy-sampled,Raw,1878,62,0.03301384451544196,2.4428885017647817e-15,0.40302898448546787,1.7351024030644395e-14,62.67097941226055,0.6992703243802225,0.0005903904828150418,0.025394833515689805,Yellow
GDAXI,0.01,Legacy-sampled,Static,1878,17,0.009052183173588925,0.6748220592484246,0.5772160219516096,0.7839695426431239,0.17601320130608356,0.3107570148056027,0.0004963146646320155,0.03667992842341595,Green
GDAXI,0.01,Actual-sampled,Raw,1878,60,0.03194888178913738,2.8045961514969698e-14,0.45316109400435256,2.0518949178334423e-13,57.866951804438614,0.5627331806776965,0.0005922492922634274,0.025474469223219894,Yellow
GDAXI,0.01,Actual-sampled,Static,1878,17,0.009052183173588925,0.6748220592484246,0.5772160219516096,0.7839695426431239,0.17601320130608356,0.3107570148056027,0.00049848033937966,0.03659411655683721,Green
GDAXI,0.01,Legacy-law,Raw,1878,53,0.028221512247071354,8.373034398333447e-11,0.6576024771348109,6.317267560695636e-10,42.16867928771299,0.19644903881146547,0.0005710100061296964,0.025872283462770273,Yellow
GDAXI,0.01,Legacy-law,Static,1878,19,0.010117145899893504,0.9593862035027538,0.5330379835083885,0.8223452612113138,0.0025932381292465556,0.38859665448592295,0.0004939256464438165,0.03670441935631799,Green
GDAXI,0.01,Actual-law,Raw,1878,54,0.02875399361022364,2.8169741413072417e-11,0.6257803465626122,2.1315988371417526e-10,44.30013069367985,0.23782651438648372,0.0005740289693490989,0.02579894690280055,Yellow
GDAXI,0.01,Actual-law,Static,1878,19,0.010117145899893504,0.9593862035027538,0.5330379835083885,0.8223452612113138,0.0025932381292465556,0.38859665448592295,0.0004949470895319704,0.036647321781173,Green
GDAXI,0.025,Legacy-sampled,Raw,1878,121,0.06443024494142705,4.8509557250386095e-20,0.9392731072157591,5.621987844749977e-19,84.03905898684826,0.005803926134376525,0.0010725523029720572,0.01775675865963371,Red
GDAXI,0.025,Legacy-sampled,Static,1878,42,0.022364217252396165,0.4564327218305405,0.9498528902699618,0.7563191665970416,0.5546282848561965,0.00395534285632948,0.0009503727308527816,0.027409241985513616,Yellow
GDAXI,0.025,Actual-sampled,Raw,1878,122,0.06496272630457935,1.777787009452225e-20,0.9787184301484799,2.0893162304401924e-19,86.02384824320885,0.0007115906076933243,0.0010698283588272113,0.0177196025238603,Red
GDAXI,0.025,Actual-sampled,Static,1878,42,0.022364217252396165,0.4564327218305405,0.9498528902699618,0.7563191665970416,0.5546282848561965,0.00395534285632948,0.0009479946177904233,0.026843365682836927,Yellow
GDAXI,0.025,Legacy-law,Raw,1878,115,0.061235356762513314,1.665063356881716e-17,0.9853156541757124,1.8005319147376227e-16,72.50621996785944,0.0003387490785371483,0.0010589319665286492,0.017921811890273535,Red
GDAXI,0.025,Legacy-law,Static,1878,43,0.022896698615548456,0.553791090946669,0.987756503828121,0.8391193349809345,0.35056920982033724,0.00023548587711275104,0.0009480159817601807,0.02681340169286052,Yellow
GDAXI,0.025,Actual-law,Raw,1878,115,0.061235356762513314,1.665063356881716e-17,0.9853156541757124,1.8005319147376227e-16,72.50621996785944,0.0003387490785371483,0.0010622748285201964,0.017866258952188876,Red
GDAXI,0.025,Actual-law,Static,1878,43,0.022896698615548456,0.553791090946669,0.987756503828121,0.8391193349809345,0.35056920982033724,0.00023548587711275104,0.0009489126452067483,0.026703008129105733,Yellow
GDAXI,0.05,Legacy-sampled,Raw,1878,205,0.10915867944621938,1.2298073305732092e-24,0.5825782610445103,1.3705945507498833e-23,104.98634003715077,0.3020849918791555,0.0016465559141098593,0.013109702150741814,Red
GDAXI,0.05,Legacy-sampled,Static,1878,76,0.04046858359957402,0.05029960068727653,0.9632513816735367,0.14707934542827863,3.8314433455634145,0.002122800448205453,0.001505115270505127,0.020417620483114064,Red
GDAXI,0.05,Actual-sampled,Raw,1878,205,0.10915867944621938,1.2298073305732092e-24,0.7590760380888188,1.5208302625542283e-23,104.98634003715077,0.09406141838326221,0.001628077696585439,0.013088398501257132,Red
GDAXI,0.05,Actual-sampled,Static,1878,71,0.03780617678381257,0.011434470873054808,0.6497654759764329,0.03683323668214845,6.396513412064699,0.2061959293552036,0.0014965009455044347,0.020533221730894353,Red
GDAXI,0.05,Legacy-law,Raw,1878,199,0.10596379126730564,1.8617412345426647e-22,0.9984438147300115,2.298245551719505e-21,95.04427804522348,3.8040220715629403e-06,0.0016277370778373878,0.013193036498991152,Red
GDAXI,0.05,Legacy-law,Static,1878,69,0.036741214057507986,0.005757046158283901,0.2572903230773846,0.011631380971069513,7.62481854981818,1.2832786049067408,0.0014970456936957322,0.020600764497833452,Red
GDAXI,0.05,Actual-law,Raw,1878,200,0.10649627263045794,8.175742688197343e-23,0.960405824169603,1.0164531706406293e-21,96.6734707791613,0.00246455897308806,0.0016305534963529094,0.013148515588531286,Red
GDAXI,0.05,Actual-law,Static,1878,70,0.03727369542066028,0.008169996812166062,0.24012780864118743,0.015179110794341042,6.995826683334485,1.3798434890220506,0.0014979475639257968,0.020587935239015344,Red
GDAXI,0.1,Legacy-sampled,Raw,1878,315,0.16773162939297126,1.9836914037931192e-19,0.5376824297232465,1.8757090551626767e-18,81.25523780090825,0.3798520454968184,0.0024183693789273293,0.009134777667182764,Red
GDAXI,0.1,Legacy-sampled,Static,1878,167,0.08892438764643237,0.10363121539065667,0.7475746412705968,0.2525448907405099,2.648752157985207,0.10358036393017755,0.002288813217255545,0.014051164283291291,Red
GDAXI,0.1,Actual-sampled,Raw,1878,315,0.16773162939297126,1.9836914037931192e-19,0.9082032927685064,2.2530055839755186e-18,81.25523780090825,0.013295267058765603,0.002418273538569123,0.009114426968107074,Red
GDAXI,0.1,Actual-sampled,Static,1878,166,0.08839190628328009,0.08778301101423382,0.9274114837726368,0.23190373401020992,2.9145662779803274,0.008299588096178923,0.0022862170689217707,0.014162284066419955,Red
GDAXI,0.1,Legacy-law,Raw,1878,317,0.16879659211927583,5.899428779473666e-20,0.9172444140128607,6.80470292554744e-19,83.65220923994363,0.010796334169071997,0.002419102801487466,0.009178504067213728,Red
GDAXI,0.1,Legacy-law,Static,1878,161,0.08572949946751864,0.03503754580186343,0.5276634982629405,0.08882236379587882,4.443344470596436,0.39888916169024924,0.002290608661546934,0.014240817569687383,Red
GDAXI,0.1,Actual-law,Raw,1878,319,0.1698615548455804,1.728416702442277e-20,0.8758719224463773,2.0080130121101832e-19,86.07954236079149,0.02439980909616679,0.0024207956278078234,0.00914374040955509,Red
GDAXI,0.1,Actual-law,Static,1878,161,0.08572949946751864,0.03503754580186343,0.5276634982629405,0.08882236379587882,4.443344470596436,0.39888916169024924,0.0022910142449534122,0.014244337852953069,Red
GOLD,0.01,Legacy-sampled,Raw,1804,80,0.04434589800443459,3.575621102203829e-27,0.363235049749668,3.2272521759379727e-26,116.56448530166533,0.8266774227380438,0.0006613203277569309,0.023451929483859553,Red
GOLD,0.01,Legacy-sampled,Static,1804,27,0.014966740576496674,0.048278180233916494,0.3648945017388652,0.09436106771511867,3.900275846336747,0.820977572004324,0.0005188350433426226,0.03242435894849701,Green
GOLD,0.01,Actual-sampled,Raw,1804,83,0.046008869179600884,3.35104345457214e-29,0.29643347044826884,2.7528897816306597e-28,125.8292924899003,1.090170338511598,0.0006503694909063812,0.023332222852762482,Red
GOLD,0.01,Actual-sampled,Static,1804,25,0.01385809312638581,0.11968987910394342,0.4017572998955238,0.20967064572955424,2.4213743783852415,0.7030602877897536,0.0005207220012626886,0.03257950209144393,Green
GOLD,0.01,Legacy-law,Raw,1804,76,0.04212860310421286,1.5103204386640019e-24,0.46692716429329906,1.4996397814853792e-23,104.5792258591718,0.5292385513699855,0.0006230107650532435,0.02371894649544141,Red
GOLD,0.01,Legacy-law,Static,1804,26,0.014412416851441241,0.07725180078363465,0.3830595177504039,0.14351354837989397,3.121791655930414,0.7608600129535716,0.0005088102754078551,0.032132321293570854,Green
GOLD,0.01,Actual-law,Raw,1804,77,0.042682926829268296,3.3982096716598284e-25,0.4394434642204763,3.3055034198895955e-24,107.53517171802648,0.5977351808941194,0.000625925218546514,0.02364784530000913,Red
GOLD,0.01,Actual-law,Static,1804,25,0.01385809312638581,0.11968987910394342,0.4017572998955238,0.20967064572955424,2.4213743783852415,0.7030602877897536,0.0005097477046886662,0.03205301415969449,Green
GOLD,0.025,Legacy-sampled,Raw,1804,151,0.0837028824833703,1.3533670029913818e-36,0.02684683832023499,1.8602522122497526e-36,159.6440686066553,4.900633935883434,0.0011758443834407738,0.016298709823899672,Red
GOLD,0.025,Legacy-sampled,Static,1804,61,0.033813747228381374,0.022754576918074428,0.4093855740075475,0.05319109248671933,5.187144300842796,0.6805843613840352,0.0009533815210768436,0.02391606651162165,Yellow
GOLD,0.025,Actual-sampled,Raw,1804,148,0.082039911308204,6.06611926607189e-35,0.037916310199462545,1.0944307798023234e-34,152.08654498816134,4.308772550813728,0.0011691252935836533,0.016273547035999217,Red
GOLD,0.025,Actual-sampled,Static,1804,61,0.033813747228381374,0.022754576918074428,0.4093855740075475,0.05319109248671933,5.187144300842796,0.6805843613840352,0.0009456986845050703,0.024113933631011542,Yellow
GOLD,0.025,Legacy-law,Raw,1804,140,0.07760532150776053,1.1127748989149256e-30,0.035368813234877595,1.7683291332553716e-30,132.58775456447543,4.4272807987010765,0.0011583159822683344,0.016414321879923362,Red
GOLD,0.025,Legacy-law,Static,1804,58,0.03215077605321508,0.06226917772278672,0.4884659859358075,0.13835985810718082,3.4758910427328793,0.47990359816157024,0.0009435924617544129,0.023972677926406005,Yellow
GOLD,0.025,Actual-law,Raw,1804,140,0.07760532150776053,1.1127748989149256e-30,0.035368813234877595,1.7683291332553716e-30,132.58775456447543,4.4272807987010765,0.0011612744572709148,0.016363191319053394,Red
GOLD,0.025,Actual-law,Static,1804,57,0.03159645232815964,0.0845099146676985,0.5167806189161231,0.1830241134764321,2.9759611614010844,0.4203135729799783,0.0009437282211367216,0.024032363042608366,Yellow
GOLD,0.05,Legacy-sampled,Raw,1804,223,0.12361419068736142,3.4020003496372303e-34,0.05446867277201662,8.23560037040196e-34,148.66057633984948,3.6982774523532953,0.001755028529767058,0.012003839780229862,Red
GOLD,0.05,Legacy-sampled,Static,1804,112,0.06208425720620843,0.02301144771666154,0.07861900248404652,0.01607594423688399,5.167640729751675,3.0932218124874,0.0015197761941377274,0.01824886329999701,Red
GOLD,0.05,Actual-sampled,Raw,1804,231,0.12804878048780488,1.0334282142901011e-37,0.23666399830710758,8.303794121992682e-37,164.75751596135984,1.40035585322903,0.001755201227012093,0.011977916507213275,Red
GOLD,0.05,Actual-sampled,Static,1804,109,0.06042128603104213,0.04891076199496834,0.10409737534315597,0.038387767935841394,3.8784132596176306,2.6416195673256198,0.0015157208409450004,0.018161814177667,Red
GOLD,0.05,Legacy-law,Raw,1804,228,0.12638580931263857,2.2364648737641995e-36,0.007920977847325001,1.0456140803208306e-36,158.64566396415802,7.051254032420047,0.001746981241069432,0.01206719686847973,Red
GOLD,0.05,Legacy-law,Static,1804,109,0.06042128603104213,0.04891076199496834,0.10409737534315597,0.038387767935841394,3.8784132596176306,2.6416195673256198,0.0015148782935935788,0.01841716612066181,Red
GOLD,0.05,Actual-law,Raw,1804,229,0.12694013303769403,8.06523896076949e-37,0.013757722552907407,6.200843911328797e-37,160.67295685828566,6.068969228236256,0.0017508022390687313,0.012027317980103008,Red
GOLD,0.05,Actual-law,Static,1804,106,0.058758314855875834,0.09634887041991155,0.0405514789711153,0.030813204175966342,2.76496373400726,4.194660213711359,0.0015145333460956625,0.01847408376076982,Red
GOLD,0.1,Legacy-sampled,Raw,1804,334,0.18514412416851442,9.10934810931522e-28,0.16831735232015632,4.867168399382843e-27,119.27670414821756,1.8978662124693528,0.002515905810346402,0.008347209329471833,Red
GOLD,0.1,Legacy-sampled,Static,1804,185,0.10254988913525499,0.7191011658915183,0.06213550578082081,0.16457297198546958,0.1293555487721676,3.479446868111154,0.0023317630941044774,0.012783254567936218,Red
GOLD,0.1,Actual-sampled,Raw,1804,336,0.18625277161862527,2.137302599628731e-28,0.312242340333993,1.791098034859812e-27,122.1527702486382,1.0211670548821985,0.0025188802101609267,0.008308793719745453,Red
GOLD,0.1,Actual-sampled,Static,1804,191,0.10587583148558759,0.4094694178225108,0.1101646590885525,0.19867217373597398,0.6803407353806286,2.5518576262625174,0.002329412118039722,0.012824468252647358,Red
GOLD,0.1,Legacy-law,Raw,1804,335,0.18569844789356985,4.420427168942171e-28,0.11068181511576204,1.7194978613570186e-27,120.71107138412162,2.5444590232953033,0.0025184999364520175,0.008375140711214177,Red
GOLD,0.1,Legacy-law,Static,1804,188,0.10421286031042129,0.5533191742933681,0.08416375208900517,0.18881183474986862,0.3514044596111958,2.982604226746389,0.002330761218793242,0.012905862479902799,Red
GOLD,0.1,Actual-law,Raw,1804,333,0.184589800443459,1.8703880853626226e-27,0.13806982033493587,8.544473014893931e-27,117.84968548953526,2.199340246312204,0.002521665103503496,0.00834448382385683,Red
GOLD,0.1,Actual-law,Static,1804,188,0.10421286031042129,0.5533191742933681,0.08416375208900517,0.18881183474986862,0.3514044596111958,2.982604226746389,0.0023313311723886006,0.012831689839402121,Red
HSI,0.01,Legacy-sampled,Raw,1817,42,0.023115024766097964,1.5862428430747734e-06,0.15845469927405867,3.6722482965243194e-06,23.04050106582914,1.988911871396681,0.0006070015100119598,0.03294788766850194,Yellow
HSI,0.01,Legacy-sampled,Static,1817,18,0.009906439185470555,0.9679779028240122,0.5482805817569016,0.8344278286646372,0.0016115830639318873,0.36040646522477005,0.0005691395962746496,0.04217088613974962,Green
HSI,0.01,Actual-sampled,Raw,1817,43,0.023665382498624106,6.46904664538586e-07,0.14866118338242543,1.4754538956569023e-06,24.767154862232942,2.0859349170496557,0.0006311899258650699,0.03284376500311257,Yellow
HSI,0.01,Actual-sampled,Static,1817,19,0.010456796917996699,0.8459808507562696,0.526167181553971,0.8027110487581546,0.03773270688726971,0.4017882320063393,0.0005772215717590751,0.04198779812377038,Green
HSI,0.01,Legacy-law,Raw,1817,42,0.023115024766097964,1.5862428430747734e-06,0.15845469927405867,3.6722482965243194e-06,23.04050106582914,1.988911871396681,0.0006011736394401163,0.03327768023128007,Yellow
HSI,0.01,Legacy-law,Static,1817,17,0.009356081452944413,0.7803417728789721,0.5708308021016859,0.8191136348445447,0.07777052574746923,0.321294387192097,0.0005676918289055362,0.04278754238926346,Green
HSI,0.01,Actual-law,Raw,1817,44,0.024215740231150248,2.579435323135789e-07,0.13933154375013102,5.781751266885369e-07,26.541451875730345,2.1853261778996966,0.0006030998519495994,0.03318316972438461,Yellow
HSI,0.01,Actual-law,Static,1817,17,0.009356081452944413,0.7803417728789721,0.5708308021016859,0.8191136348445447,0.07777052574746923,0.321294387192097,0.0005677850340647063,0.04277294525352154,Green
HSI,0.025,Legacy-sampled,Raw,1817,112,0.061640066042927905,2.7314060504140232e-17,0.02103879018208736,2.0490928959971582e-17,71.52952250343961,5.323576247427241,0.0011397648798326856,0.023395539966889083,Red
HSI,0.025,Legacy-sampled,Static,1817,32,0.017611447440836543,0.03329454317974646,0.2839590610960959,0.05846620500414418,4.530569137753417,1.1480436300658425,0.0010501070669594608,0.03234421748867574,Yellow
HSI,0.025,Actual-sampled,Raw,1817,116,0.06384149697303247,5.595927058763249e-19,0.14665934981656073,2.203820188572777e-18,79.2060212326997,2.1066575074252114,0.0011450229966669468,0.02335919960906568,Red
HSI,0.025,Actual-sampled,Static,1817,34,0.018712162905888827,0.07257583155341578,0.2546708661217964,0.10428382955602623,3.223780573897283,1.2974973597202393,0.0010558294502524038,0.03189144047256612,Yellow
HSI,0.025,Legacy-law,Raw,1817,106,0.058337919647771054,7.0323827467712716e-15,0.006987203252454437,1.8333037156311808e-15,60.58905785355307,7.2762556396091895,0.0011248358827199263,0.02352842236949296,Red
HSI,0.025,Legacy-law,Static,1817,30,0.01651073197578426,0.013579509541707321,0.31540978641340245,0.028726238867730118,6.092002510527692,1.0078861447178156,0.0010475986423382035,0.03189838906789756,Yellow
HSI,0.025,Actual-law,Raw,1817,108,0.05943863511282334,1.1485600519591446e-15,0.0054812741272249905,2.4741161330824693e-16,64.15756717514837,7.713389372076335,0.0011285983211942454,0.02345768559258202,Red
HSI,0.025,Actual-law,Static,1817,34,0.018712162905888827,0.07257583155341578,0.2546708661217964,0.10428382955602623,3.223780573897283,1.2974973597202393,0.001046755066100252,0.0317428072913863,Yellow
HSI,0.05,Legacy-sampled,Raw,1817,215,0.11832691249312052,2.1660766153508695e-30,0.00038934646390012225,5.804587528713275e-32,131.26550931022484,12.582639525113791,0.0018521503919690307,0.017592635233661013,Red
HSI,0.05,Legacy-sampled,Static,1817,72,0.03962575674188222,0.03554476973682712,0.5791857625209023,0.0941202036061376,4.418812272433513,0.30755283129485633,0.0016606234655335574,0.024507485624182982,Red
HSI,0.05,Actual-sampled,Raw,1817,223,0.12272977435332967,9.711190713352631e-34,0.0041514249338742565,2.4384711700105067e-34,146.5766776404293,8.216366136644865,0.0018505860754290647,0.01753049678381647,Red
HSI,0.05,Actual-sampled,Static,1817,76,0.041827187671986794,0.10041321891062052,0.46060038821862404,0.19756222385316,2.6989680823281326,0.5444352912254544,0.0016578934537648823,0.024483689282357137,Red
HSI,0.05,Legacy-law,Raw,1817,214,0.11777655476059438,5.5477990658625156e-30,0.0012656802140799512,4.414309504409867e-31,129.39865403148846,10.391918885777613,0.0018398452855530993,0.01760449509033512,Red
HSI,0.05,Legacy-law,Static,1817,76,0.041827187671986794,0.10041321891062052,0.13988245453087597,0.08723846619251835,2.6989680823281326,2.179251756219287,0.0016569230447544153,0.024310062062045137,Red
HSI,0.05,Actual-law,Raw,1817,215,0.11832691249312052,2.1660766153508695e-30,0.0010712358511134805,1.487772516922072e-31,131.26550931022484,10.700206362783547,0.0018454697092280925,0.017548393621195185,Red
HSI,0.05,Actual-law,Static,1817,76,0.041827187671986794,0.10041321891062052,0.13988245453087597,0.08723846619251835,2.6989680823281326,2.179251756219287,0.0016572737109865642,0.02430671034511449,Red
HSI,0.1,Legacy-sampled,Raw,1817,363,0.19977985690698954,7.907034186515101e-37,0.013853889314731227,6.117459339904223e-37,160.71233590702684,6.05666723495051,0.0029075537107054942,0.012467959296444188,Red
HSI,0.1,Legacy-sampled,Static,1817,204,0.11227297743533296,0.08658208207697039,0.0008337534408884669,0.0008668249575225322,2.9368004223963524,11.164546569613321,0.0026480501528795314,0.017397785021973443,Red
HSI,0.1,Actual-sampled,Raw,1817,360,0.19812878370941112,8.965318851245945e-36,0.021864424315811662,1.0193620508051221e-35,155.8860609278716,5.256541599232378,0.0029138086641185474,0.012427724163759405,Red
HSI,0.1,Actual-sampled,Static,1817,202,0.11117226197028068,0.11820254574309993,0.01643539376247594,0.016600360585478553,2.4409775140990817,5.755684209578476,0.002649604453152307,0.017470263169238536,Red
HSI,0.1,Legacy-law,Raw,1817,357,0.1964777105118327,9.855811219129603e-35,0.009506379896149521,5.295423118543393e-35,151.12214068853325,6.7251300511816225,0.002901589299171588,0.012478777624853693,Red
HSI,0.1,Legacy-law,Static,1817,198,0.10897083104017612,0.20827218478498963,0.0022073679269423003,0.004186096240113826,1.583396137215793,9.368577191330814,0.0026435587783231094,0.0174496093374834,Red
HSI,0.1,Actual-law,Raw,1817,357,0.1964777105118327,9.855811219129603e-35,0.014835935279725439,7.857624375766991e-35,151.12214068853325,5.935847184074191,0.0029061315407276993,0.012435617913973495,Red
HSI,0.1,Actual-law,Static,1817,200,0.1100715465052284,0.1583709144987457,0.0016080616232959106,0.0025539762122758357,1.9897127749202568,9.950494895728525,0.0026452392574923917,0.017418514481675102,Red
IBGL,0.01,Legacy-sampled,Raw,1260,35,0.027777777777777776,1.9118361580089457e-07,0.1571014612782326,4.7446203804935704e-07,27.120261599911153,2.0019068525045896,0.00031219044592246416,0.019567738290828106,Yellow
IBGL,0.01,Legacy-sampled,Static,1260,11,0.00873015873015873,0.6433268379420354,0.659679813293416,0.8153277276230316,0.21441748632242064,0.1939127672513905,0.0002767316287405578,0.024840386583732506,Green
IBGL,0.01,Actual-sampled,Raw,1260,28,0.022222222222222223,0.00017266852627342348,0.25904173220039833,0.00045710091580265333,14.107341711750252,1.2738710264946462,0.0003009615493002153,0.019525597097810415,Yellow
IBGL,0.01,Actual-sampled,Static,1260,10,0.007936507936507936,0.44506812897138226,0.6890370289878021,0.6895917987830247,0.5831810915436222,0.16012981329518539,0.000278820551431293,0.024687179075208354,Green
IBGL,0.01,Legacy-law,Raw,1260,28,0.022222222222222223,0.00017266852627342348,0.25904173220039833,0.00045710091580265333,14.107341711750252,1.2738710264946462,0.0003010709966806048,0.019813206202585858,Yellow
IBGL,0.01,Legacy-law,Static,1260,11,0.00873015873015873,0.6433268379420354,0.659679813293416,0.8153277276230316,0.21441748632242064,0.1939127672513905,0.00027966703830017547,0.02466152158033601,Green
IBGL,0.01,Actual-law,Raw,1260,29,0.023015873015873017,7.170526387407677e-05,0.2422235639107471,0.00019038570846274355,15.765310601250171,1.3676063967878918,0.0003001213832843579,0.019776180052953177,Yellow
IBGL,0.01,Actual-law,Static,1260,11,0.00873015873015873,0.6433268379420354,0.659679813293416,0.8153277276230316,0.21441748632242064,0.1939127672513905,0.00027847844712852407,0.02467777189065089,Green
IBGL,0.025,Legacy-sampled,Raw,1260,81,0.06428571428571428,7.156888512964251e-14,0.0008412171117815828,2.592067879290251e-15,56.02462745474932,11.148013402782226,0.0006351989267876012,0.014109592354904476,Red
IBGL,0.025,Legacy-sampled,Static,1260,27,0.02142857142857143,0.40537410404713337,0.2766372473056047,0.39143668022577127,0.6923267161984903,1.1835363097308118,0.0005639286061614596,0.019064224676434562,Yellow
IBGL,0.025,Actual-sampled,Raw,1260,81,0.06428571428571428,7.156888512964251e-14,0.0008412171117815828,2.592067879290251e-15,56.02462745474932,11.148013402782226,0.0006253962488881557,0.014051245577903168,Red
IBGL,0.025,Actual-sampled,Static,1260,24,0.01904761904761905,0.15804046071219485,0.334122866750031,0.2315720378134472,1.9928763082115708,0.9328522425924461,0.0005573194620883742,0.019478143181095784,Yellow
IBGL,0.025,Legacy-law,Raw,1260,76,0.06031746031746032,9.137987990706794e-12,0.0017721539294318286,6.020591012850014e-13,46.50510916419529,9.771732394862056,0.0006218783120709964,0.014150151302360851,Red
IBGL,0.025,Legacy-law,Static,1260,26,0.020634920634920634,0.30637129951902564,0.2950148296286589,0.34252036942442843,1.0462544539914127,1.0965938465610634,0.0005603950753225927,0.019187823422726544,Yellow
IBGL,0.025,Actual-law,Raw,1260,77,0.06111111111111111,3.5575654497336773e-12,0.0015323903529363698,2.0892590300204948e-13,48.35433689998692,10.039256573808188,0.0006232119066321497,0.014118057316830265,Red
IBGL,0.025,Actual-law,Static,1260,28,0.022222222222222223,0.5198897318960674,0.25904173220039833,0.4299907673613984,0.41411205706055654,1.2738710264946462,0.0005589711997347905,0.0190526066925567,Yellow
IBGL,0.05,Legacy-sampled,Raw,1260,150,0.11904761904761904,5.986250010562382e-22,0.003706672271318126,1.082771431019892e-22,92.73249733287983,8.422198970749264,0.0010782957209852983,0.010665782356139507,Red
IBGL,0.05,Legacy-sampled,Static,1260,69,0.05476190476190476,0.4446586828181157,0.004661822194473738,0.013633835476438974,0.5842309576230811,8.006170388911187,0.0009483137702460427,0.014458703189139128,Red
IBGL,0.05,Actual-sampled,Raw,1260,151,0.11984126984126985,2.2998140364238586e-22,0.0030890489437983863,3.558778565333458e-23,94.62596836339395,8.754111141599424,0.0010750806406144592,0.010632886591659384,Red
IBGL,0.05,Actual-sampled,Static,1260,72,0.05714285714285714,0.2548791929341076,0.00311306363286665,0.006616593790114154,1.296359948261589,8.739989201070898,0.0009451074011725658,0.014351674016983763,Red
IBGL,0.05,Legacy-law,Raw,1260,149,0.11825396825396825,1.5466139289885109e-21,0.0014620608868710673,1.181610173127436e-22,90.85416153651155,10.125826431589758,0.001064287685193484,0.010665619033761356,Red
IBGL,0.05,Legacy-law,Static,1260,68,0.05396825396825397,0.5231698853694566,0.005314670923941177,0.01676631054922893,0.40763980319765203,7.769127657559807,0.0009426629921125987,0.014515479573977289,Red
IBGL,0.05,Actual-law,Raw,1260,147,0.11666666666666667,1.0093901115164186e-20,0.0006219185225416874,3.4234468764374577e-22,87.14324832115238,11.709199966318693,0.001066542749139954,0.010637610091868642,Red
IBGL,0.05,Actual-law,Static,1260,69,0.05476190476190476,0.4446586828181157,0.004661822194473738,0.013633835476438974,0.5842309576230811,8.006170388911187,0.0009429820557035903,0.014438585321245727,Red
IBGL,0.1,Legacy-sampled,Raw,1260,229,0.18174603174603174,1.4837583404195984e-18,0.022616375141801863,1.2309247334105063e-18,77.27979968580411,5.197732256594918,0.0017024771657280805,0.0076394049309578445,Red
IBGL,0.1,Legacy-sampled,Static,1260,147,0.11666666666666667,0.054035188468738095,0.006296239628823562,0.0037441637933269428,3.7116117841621374,7.463502162049963,0.0015692313481135407,0.01027666008015034,Red
IBGL,0.1,Actual-sampled,Raw,1260,235,0.1865079365079365,2.0084768808775706e-20,0.09250156661563401,5.727424421420904e-20,85.78258031442277,2.830291526294559,0.0017037989813106578,0.00760801396617252,Red
IBGL,0.1,Actual-sampled,Static,1260,144,0.11428571428571428,0.09760308168333323,0.003700044460599111,0.0037542523949117665,2.7442791906057664,8.425453028362085,0.0015689397192692408,0.010309242943023692,Red
IBGL,0.1,Legacy-law,Raw,1260,239,0.18968253968253967,1.0288235823878377e-21,0.051344712265077364,1.8689661035690035e-21,91.66081007722471,3.796993044171586,0.0016968974342160814,0.00761729138371614,Red
IBGL,0.1,Legacy-law,Static,1260,144,0.11428571428571428,0.09760308168333323,0.003700044460599111,0.0037542523949117665,2.7442791906057664,8.425453028362085,0.001563913647795943,0.010326093531535527,Red
IBGL,0.1,Actual-law,Raw,1260,238,0.18888888888888888,2.179245761517387e-21,0.059827107536209186,4.46095205717703e-21,90.1756785155651,3.5421709722124888,0.0016994027141229101,0.007593701383706347,Red
IBGL,0.1,Actual-law,Static,1260,145,0.11507936507936507,0.08067913119664336,0.0030900361754486534,0.0027330204086772262,3.051167408581378,8.753528400546998,0.0015644191612632977,0.010323479340227622,Red
ICLN,0.01,Legacy-sampled,Raw,1219,31,0.02543068088597211,5.828419260798132e-06,0.20317655691107747,1.539351454206501e-05,20.54373633799461,1.619392203762402,0.0006556599345069468,0.04047834613341365,Yellow
ICLN,0.01,Legacy-sampled,Static,1219,7,0.005742411812961444,0.10443949968593523,0.7760473590450382,0.25700334726001334,2.636407033481012,0.0809253061463977,0.0005907095626252636,0.05128176549495387,Green
ICLN,0.01,Actual-sampled,Raw,1219,31,0.02543068088597211,5.828419260798132e-06,0.20317655691107747,1.539351454206501e-05,20.54373633799461,1.619392203762402,0.0006591114775234996,0.04040949174076918,Yellow
ICLN,0.01,Actual-sampled,Static,1219,10,0.008203445447087777,0.5152678010408984,0.6840839677220079,0.7449338959788387,0.4233547846381813,0.16556480489998648,0.000588240335840164,0.05082743418228296,Green
ICLN,0.01,Legacy-law,Raw,1219,28,0.022969647251845776,9.893129616709862e-05,0.25099289794188645,0.0002645765081937346,15.156991517169782,1.3177686679530325,0.0006393477996718191,0.04097004794808263,Yellow
ICLN,0.01,Legacy-law,Static,1219,8,0.006562756357670222,0.19817944415439545,0.744993809786727,0.41446651473105023,1.6557402901168023,0.10578589467540667,0.0005962981176718271,0.05139077844837671,Green
ICLN,0.01,Actual-law,Raw,1219,29,0.02378999179655455,3.976276947028598e-05,0.23426542370943848,0.00010635510927879976,16.88267951378696,1.4147744369295197,0.0006411948892138284,0.040885351557659204,Yellow
ICLN,0.01,Actual-law,Static,1219,9,0.007383100902378999,0.33554459988411617,0.7143240232817398,0.5882000033029533,0.9273802196749568,0.13399627481881282,0.0005969872244354153,0.05143572538847108,Green
ICLN,0.025,Legacy-sampled,Raw,1219,74,0.06070549630844955,1.2680597421995325e-11,0.03716651167261925,1.2528923430650132e-11,45.863197225062095,4.342765315044744,0.0013355121402166931,0.02895988359397172,Red
ICLN,0.025,Legacy-sampled,Static,1219,31,0.02543068088597211,0.923484409005375,0.20317655691107747,0.44294552975684975,0.009224744550389019,1.619392203762402,0.001190704067527715,0.039088024010501723,Yellow
ICLN,0.025,Actual-sampled,Raw,1219,79,0.06480721903199343,9.537019007661856e-14,0.019588911940826077,5.941763836416261e-14,55.46020733450605,5.448163206420077,0.0013539614640355499,0.02901875845793027,Red
ICLN,0.025,Actual-sampled,Static,1219,29,0.02378999179655455,0.7850338781119255,0.23426542370943848,0.4749301270828875,0.07440073636252498,1.4147744369295197,0.0011881009644312583,0.03950862574561172,Yellow
ICLN,0.025,Legacy-law,Raw,1219,76,0.062346185397867106,1.8677933438068333e-12,0.028945693191773408,1.547335083618241e-12,49.618133560524626,4.770840370641167,0.0013392819156890952,0.029204883265085635,Red
ICLN,0.025,Legacy-law,Static,1219,31,0.02543068088597211,0.923484409005375,0.20317655691107747,0.44294552975684975,0.009224744550389019,1.619392203762402,0.0011953985272993301,0.039494496552080934,Yellow
ICLN,0.025,Actual-law,Raw,1219,76,0.062346185397867106,1.8677933438068333e-12,0.028945693191773408,1.547335083618241e-12,49.618133560524626,4.770840370641167,0.0013420825002817803,0.0291345383966761,Red
ICLN,0.025,Actual-law,Static,1219,30,0.02461033634126333,0.9303834572877787,0.21833021868918367,0.46697834688024786,0.007632188546027208,1.5153125890772685,0.0011966404995416584,0.039598731346246356,Yellow
ICLN,0.05,Legacy-sampled,Raw,1219,123,0.10090237899917966,5.522272021092925e-13,0.00925297155371745,1.7194588634678566e-13,52.00985711551753,6.773336048205579,0.0022105023802759436,0.021859729916378367,Red
ICLN,0.05,Legacy-sampled,Static,1219,62,0.05086136177194422,0.8905445803468337,0.00989495196974771,0.03556744539399296,0.018937929905988415,6.653711099530653,0.0020132718426620687,0.029565240771735543,Red
ICLN,0.05,Actual-sampled,Raw,1219,122,0.10008203445447088,1.1889067464581158e-12,0.003052403918402221,1.3409897191921672e-13,50.50451971688963,8.775876825461978,0.0021958758740700454,0.021850202736766418,Red
ICLN,0.05,Actual-sampled,Static,1219,71,0.05824446267432322,0.19755389584651029,0.0030197304279783654,0.005364578967257961,1.6603661383684454,8.795508628945413,0.0020106061564855405,0.029031308304024978,Red
ICLN,0.05,Legacy-law,Raw,1219,121,0.0992616899097621,2.537020438798816e-12,0.0036376252433761662,3.309212106147251e-13,49.01739909876727,8.45639306576254,0.0022017650821494106,0.02193008023324012,Red
ICLN,0.05,Legacy-law,Static,1219,66,0.054142739950779326,0.5122977605493608,0.005945844138669452,0.01835218266408457,0.42937097941660873,7.5666425511503235,0.002012895306378155,0.029359680952176236,Red
ICLN,0.05,Actual-law,Raw,1219,120,0.09844134536505332,5.3656268715557135e-12,0.004323828066483027,8.0688697694451e-13,47.54862908830471,8.142556491298592,0.0022005520116870018,0.021870355959832607,Red
ICLN,0.05,Actual-law,Static,1219,65,0.05332239540607055,0.5983285195574259,0.006771523727741453,0.022257874852832576,0.27752425262589675,7.332594561407916,0.002012838992372139,0.029321777421280136,Red
ICLN,0.1,Legacy-sampled,Raw,1219,221,0.18129614438063987,7.783773860939805e-18,0.008596819855260836,2.692939972139534e-18,74.00707026957812,6.904726031706787,0.0034603430755735147,0.015524480406212498,Red
ICLN,0.1,Legacy-sampled,Static,1219,129,0.10582444626743231,0.501490509293085,0.0008313083390669064,0.002994769309727223,0.4517807630494364,11.169995387978815,0.003254551878695277,0.020843039595991753,Red
ICLN,0.1,Actual-sampled,Raw,1219,218,0.17883511074651354,6.178460606412282e-17,0.026359975448189535,5.574648253046031e-17,69.91918478214635,4.932249936187873,0.0034468608834045734,0.015492425312920699,Red
ICLN,0.1,Actual-sampled,Static,1219,131,0.10746513535684987,0.39007201976356654,0.0023134036053646346,0.006666497996421916,0.7387174962038792,9.282603693702185,0.0032348124442529336,0.020760530173086968,Red
ICLN,0.1,Legacy-law,Raw,1219,216,0.17719442165709598,2.392043288155933e-16,0.006394572217962562,6.057397554722391e-17,67.2497236788893,7.435608960053742,0.0034541129745448225,0.01553549772710707,Red
ICLN,0.1,Legacy-law,Static,1219,129,0.10582444626743231,0.501490509293085,0.00015926492241000447,0.0006390158622994519,0.4517807630494364,14.259381797480614,0.003249267284293041,0.020698866543037455,Red
ICLN,0.1,Actual-law,Raw,1219,218,0.17883511074651354,6.178460606412282e-17,0.008220605277319744,1.9976418406084185e-17,69.91918478214635,6.98477356924559,0.0034527434911531896,0.01548669704250554,Red
ICLN,0.1,Actual-law,Static,1219,128,0.10500410172272355,0.5631602105024753,0.0010089311885046418,0.003800270690815403,0.33426194769520023,10.811104013028284,0.003245709041259836,0.02066830302990957,Red
NATGAS,0.01,Legacy-sampled,Raw,1806,50,0.02768549280177187,5.401928337363745e-10,0.7238932334579856,4.045851882012852e-09,38.52635450750438,0.12479290723564418,0.001937456787527412,0.09729445951550389,Yellow
NATGAS,0.01,Legacy-sampled,Static,1806,23,0.01273532668881506,0.26236850713278476,0.4409798213607041,0.3965417826824478,1.2562163170643785,0.5937314123132751,0.001789080991400121,0.11329628338895369,Green
NATGAS,0.01,Actual-sampled,Raw,1806,49,0.027131782945736434,1.546877059863199e-09,0.09817278306106668,3.0605543744023875e-09,36.474360395663844,2.734979142907605,0.0018879170152035427,0.09736467228574287,Yellow
NATGAS,0.01,Actual-sampled,Static,1806,22,0.012181616832779624,0.3675955146687643,0.46122551262492095,0.5079624233763,0.8117766152197721,0.5429189925227149,0.0017488954136351338,0.11378306388090226,Green
NATGAS,0.01,Legacy-law,Raw,1806,43,0.023809523809523808,5.515556774359289e-07,0.1473993873412955,1.257024695312929e-06,25.074566174284982,2.0989597903504205,0.0018702384966192143,0.09887802610652927,Yellow
NATGAS,0.01,Legacy-law,Static,1806,21,0.011627906976744186,0.4979052607227683,0.4819684278759351,0.6207032161308609,0.4593984112599072,0.4944060369763861,0.001764214512241916,0.11410765960514747,Green
NATGAS,0.01,Actual-law,Raw,1806,44,0.024363233665559248,2.1859173531322828e-07,0.13810213426196377,4.893718997646345e-07,26.8613066671683,2.1989795434573693,0.0018732738326250398,0.09864893648133556,Yellow
NATGAS,0.01,Actual-law,Static,1806,22,0.012181616832779624,0.3675955146687643,0.46122551262492095,0.5079624233763,0.8117766152197721,0.5429189925227149,0.0017609302300598739,0.11424754240687689,Green
NATGAS,0.025,Legacy-sampled,Raw,1806,118,0.06533776301218161,4.750891993931068e-20,0.11900707782676179,1.6385529039667418e-19,84.08026650140124,2.4303400790054184,0.0036720491743495493,0.07036418545344517,Red
NATGAS,0.025,Legacy-sampled,Static,1806,67,0.03709856035437431,0.0020972948184142417,0.26913092264441557,0.004787377473779811,9.462373818539895,1.2211712169541897,0.0033415811069798635,0.08416635762497512,Red
NATGAS,0.025,Actual-sampled,Raw,1806,122,0.06755260243632337,7.6490110235256865e-22,0.38093131830002036,6.339081385794468e-21,92.24741197918198,0.7676941943263955,0.003756358503423463,0.07008673559770127,Red
NATGAS,0.025,Actual-sampled,Static,1806,69,0.03820598006644518,0.0008391642228934453,0.2338433368860063,0.0018641723105875415,11.152546036492858,1.417330214884828,0.0034009409842312073,0.08365203999715472,Red
NATGAS,0.025,Legacy-law,Raw,1806,114,0.06312292358803986,2.5591153471096287e-18,0.16874603677500474,1.0999493290623699e-17,76.20331678840034,1.8940481448880746,0.0036819422639876166,0.07068005224150603,Red
NATGAS,0.025,Legacy-law,Static,1806,66,0.036544850498338874,0.0032463440315324524,0.2881676394106988,0.007477424051935977,8.66357143702259,1.1281624117592628,0.003373694127326146,0.08358207123648773,Red
NATGAS,0.025,Actual-law,Raw,1806,115,0.0636766334440753,9.57553681471053e-19,0.15501357450406467,3.907926263658702e-18,78.14484142294614,2.022208192935409,0.0036914858601656297,0.07050159826077874,Red
NATGAS,0.025,Actual-law,Static,1806,68,0.03765227021040975,0.0013359529813226426,0.2510290058607701,0.0030128373175680383,10.292178141036409,1.3175678865578675,0.0033775300503652143,0.08338212366904948,Red
NATGAS,0.05,Legacy-sampled,Raw,1806,209,0.11572535991140642,2.56263589997562e-28,0.025169025720701114,2.915166655391593e-28,121.79269221477153,5.012219013236745,0.005957997711029703,0.053147746930115446,Red
NATGAS,0.05,Legacy-sampled,Static,1806,131,0.0725359911406423,3.6352822228803896e-05,0.08683711177024336,4.574283796485383e-05,17.052899691677155,2.9320509597505406,0.005428394162887118,0.06555231185253917,Red
NATGAS,0.05,Actual-sampled,Raw,1806,209,0.11572535991140642,2.56263589997562e-28,0.08409365929417004,8.037033315169942e-28,121.79269221477153,2.983952944001885,0.005987649347383702,0.0530605400705675,Red
NATGAS,0.05,Actual-sampled,Static,1806,128,0.07087486157253599,0.0001226762414235733,0.24525223794087597,0.000318903608641231,14.75109529631007,1.350148039909982,0.005456829768073651,0.06549411321180099,Red
NATGAS,0.05,Legacy-law,Raw,1806,209,0.11572535991140642,2.56263589997562e-28,0.04758819622343635,5.021866280292807e-28,121.79269221477153,3.924469725700419,0.005939352173276809,0.05329688822187367,Red
NATGAS,0.05,Legacy-law,Static,1806,121,0.06699889258028793,0.0015870711174252416,0.2115833812649974,0.003127184420809676,9.974685386226348,1.5605590644369158,0.005432253911103971,0.0659765672590414,Red
NATGAS,0.05,Actual-law,Raw,1806,208,0.11517165005537099,6.402008454202334e-28,0.05344697880661398,1.372576069946867e-27,119.97632843074527,3.7298879564632443,0.005951211198122091,0.05315242187303642,Red
NATGAS,0.05,Actual-law,Static,1806,122,0.06755260243632337,0.0011278603167656784,0.19501558908466207,0.0021503466421757293,10.604938128737388,1.6793143131018269,0.0054332911092008565,0.0659556822197388,Red
NATGAS,0.1,Legacy-sampled,Raw,1806,333,0.18438538205980065,2.281767836537923e-27,0.23877236470344868,1.561445822764057e-26,117.45537316320087,1.3878272694837506,0.009175608975436265,0.03796504863062389,Red
NATGAS,0.1,Legacy-sampled,Static,1806,238,0.13178294573643412,1.594803910716167e-05,0.11733070982271336,2.6545713358061235e-05,18.620688965924614,2.452595591579211,0.008613640912866715,0.04779141316048435,Red
NATGAS,0.1,Actual-sampled,Raw,1806,334,0.1849390919158361,1.1127913503478294e-27,0.21703574799073114,7.156556643135117e-27,118.87967350671568,1.5238636158983354,0.009173826931057678,0.03784897800355506,Red
NATGAS,0.1,Actual-sampled,Static,1806,237,0.13122923588039867,2.2071287741490766e-05,0.08268277142302079,2.735779090828254e-05,18.001656063070826,3.0113623571812695,0.008600858084178462,0.04791061522554849,Red
NATGAS,0.1,Legacy-law,Raw,1806,333,0.18438538205980065,2.281767836537923e-27,0.18057496085203453,1.2751744244141253e-26,117.45537316320087,1.792885727058092,0.009162957666941826,0.038062587066334974,Red
NATGAS,0.1,Legacy-law,Static,1806,237,0.13122923588039867,2.2071287741490766e-05,0.1299548417313683,3.917977164647477e-05,18.001656063070826,2.293043884496228,0.008608519496650832,0.04797708205925836,Red
NATGAS,0.1,Actual-law,Raw,1806,335,0.18549280177187155,5.407267350833623e-28,0.1466738335946491,2.614006250528825e-27,120.31132057888522,2.1065064300469203,0.009176395840196973,0.037950269386927395,Red
NATGAS,0.1,Actual-law,Static,1806,239,0.13233665559246954,1.147063760523918e-05,0.10569801239684141,1.785197263215735e-05,19.249400765139143,2.617392323339118,0.008612744819826587,0.0479139143567997,Red
NIFTY,0.01,Legacy-sampled,Raw,1242,37,0.029790660225442835,1.454005712909411e-08,0.13152224646879665,3.4094699633659923e-08,32.11380335072482,2.274444450678004,0.0003877693821567384,0.019900155676241617,Yellow
NIFTY,0.01,Legacy-sampled,Static,1242,14,0.011272141706924315,0.6587789429293679,0.5719171040504072,0.7731766049893706,0.19501024403550726,0.319485334947359,0.00033110737481437835,0.026021782340891038,Green
NIFTY,0.01,Actual-sampled,Raw,1242,38,0.030595813204508857,4.568595238527878e-09,0.12125272507631672,1.0383527013846e-08,34.36502606785559,2.4010643872167066,0.0003909470199923559,0.019748089888171352,Yellow
NIFTY,0.01,Actual-sampled,Static,1242,17,0.013687600644122383,0.21613343838954754,0.49195965423191157,0.367493823879254,1.5298601270467405,0.4722374054356635,0.0003250293212054665,0.025832075441953494,Green
NIFTY,0.01,Legacy-law,Raw,1242,36,0.028985507246376812,4.506392164283548e-08,0.14244390142546365,1.0868313225949172e-07,29.918301021521927,2.1513574422101556,0.0003729631931814703,0.02009606887854467,Yellow
NIFTY,0.01,Legacy-law,Static,1242,14,0.011272141706924315,0.6587789429293679,0.5719171040504072,0.7731766049893706,0.19501024403550726,0.319485334947359,0.0003212374040092988,0.02565741304337407,Green
NIFTY,0.01,Actual-law,Raw,1242,35,0.02818035426731079,1.3592262216256513e-07,0.1540386458765673,3.360832028655238e-07,27.780019769553512,2.031794390570269,0.00037398041811655916,0.020058580628315198,Yellow
NIFTY,0.01,Actual-law,Static,1242,13,0.010466988727858293,0.8696089497019038,0.5998319428936905,0.8597632751058791,0.026946937244842095,0.27524944101671167,0.0003212518117675354,0.025678703029589998,Green
NIFTY,0.025,Legacy-sampled,Raw,1242,85,0.06843800322061191,5.147715133499979e-16,0.6099263446520304,4.6605651078198235e-15,65.73899717087195,0.2602822018340021,0.0007609354180699595,0.01389882621371664,Red
NIFTY,0.025,Legacy-sampled,Static,1242,25,0.020128824476650563,0.2553071719450768,0.31062111808778164,0.3131634820283379,1.294026880844319,1.0280329551494845,0.0006651475869010418,0.019898199262500374,Yellow
NIFTY,0.025,Actual-sampled,Raw,1242,87,0.07004830917874397,5.931470838300026e-17,0.7005927671986456,5.856803417624764e-16,69.99965909988177,0.14785595016530806,0.0007643480661526573,0.013864629120032052,Red
NIFTY,0.025,Actual-sampled,Static,1242,30,0.024154589371980676,0.8478226475350972,0.22275610368863774,0.4668833816999256,0.03682457614467438,1.4865269648258845,0.0006630568919005816,0.01933181784268271,Yellow
NIFTY,0.025,Legacy-law,Raw,1242,82,0.06602254428341385,1.1994581459583442e-14,0.4836808278348047,9.22425658842699e-14,59.53815662886221,0.4905527748531995,0.0007513664998240917,0.01397242680497522,Red
NIFTY,0.025,Legacy-law,Static,1242,28,0.02254428341384863,0.5730566530997687,0.2555366972634124,0.44700466759014434,0.3175948443911576,1.2927776403827806,0.0006577970403900931,0.019441676333555476,Yellow
NIFTY,0.025,Actual-law,Raw,1242,82,0.06602254428341385,1.1994581459583442e-14,0.4836808278348047,9.22425658842699e-14,59.53815662886221,0.4905527748531995,0.0007519312963690063,0.013941628784025089,Red
NIFTY,0.025,Actual-law,Static,1242,28,0.02254428341384863,0.5730566530997687,0.2555366972634124,0.44700466759014434,0.3175948443911576,1.2927776403827806,0.0006580597939460385,0.019498160240222776,Yellow
NIFTY,0.05,Legacy-sampled,Raw,1242,134,0.10789049919484701,3.01972736039892e-16,0.03588891116171061,3.4729307892442317e-16,66.79034998128006,4.402375303870144,0.0012038733161073467,0.010253604407088182,Red
NIFTY,0.05,Legacy-sampled,Static,1242,63,0.050724637681159424,0.9069325790527608,0.906161597130833,0.986312720899509,0.013667592435400389,0.013896034582160155,0.0010813626785290366,0.014884167707482293,Red
NIFTY,0.05,Actual-sampled,Raw,1242,136,0.10950080515297907,5.491933749828878e-17,0.013051923951418179,2.683577461939708e-17,70.15153324449162,6.1620583608482775,0.0012011645150580587,0.010224591065173812,Red
NIFTY,0.05,Actual-sampled,Static,1242,61,0.04911433172302738,0.885802564019234,0.9992190755021206,0.9897395371221723,0.02062597062991456,9.579395623404707e-07,0.0010797528292848082,0.014995240521266141,Red
NIFTY,0.05,Legacy-law,Raw,1242,132,0.10628019323671498,1.6068539565585453e-15,0.012334383953625164,7.115225726548457e-16,63.49609064791548,6.262158414924784,0.0011952333288964806,0.010268203739674164,Red
NIFTY,0.05,Legacy-law,Static,1242,63,0.050724637681159424,0.9069325790527608,0.4511980995000623,0.7477743796483383,0.013667592435400389,0.5676403635521297,0.001077303836822953,0.014884831339643807,Red
NIFTY,0.05,Actual-law,Raw,1242,133,0.107085346215781,6.994589735970168e-16,0.015007773042495306,3.7291638609381083e-16,65.13479973338383,5.915555157308745,0.0011958797651618726,0.010242272727285506,Red
NIFTY,0.05,Actual-law,Static,1242,64,0.05152979066022544,0.8055354790985417,0.8595856474702712,0.9550880429888948,0.06060931072190101,0.03129419155686719,0.0010768743308836358,0.014872046982506937,Red
NIFTY,0.1,Legacy-sampled,Raw,1242,225,0.18115942028985507,4.320172668743726e-18,0.00149684075030147,3.0746188790453656e-19,75.16937121643366,10.08250041373367,0.0018267242826076637,0.007076014862163369,Red
NIFTY,0.1,Legacy-sampled,Static,1242,113,0.09098228663446055,0.28278883644230673,0.06579209164608146,0.10338243530185255,1.1536382172867654,3.385002188099179,0.0017027819428083381,0.010958978326686446,Red
NIFTY,0.1,Actual-sampled,Raw,1242,226,0.1819645732689211,2.1446648062465222e-18,0.0019308125960301094,1.94628164063652e-19,76.55221786470344,9.614174266539749,0.001835274106801662,0.007059234863020789,Red
NIFTY,0.1,Actual-sampled,Static,1242,112,0.09017713365539452,0.24140856377717626,0.10970754221105566,0.14010130862735182,1.3723498102222962,2.5584291598106574,0.0017048114224380191,0.01101836416943623,Red
NIFTY,0.1,Legacy-law,Raw,1242,223,0.17954911433172302,1.7251295235085142e-17,0.0053795027560984456,3.875893544627784e-18,72.43628213145499,7.747228759560585,0.0018195451311785623,0.0070757340131036815,Red
NIFTY,0.1,Legacy-law,Static,1242,113,0.09098228663446055,0.28278883644230673,0.06579209164608146,0.10338243530185255,1.1536382172867654,3.385002188099179,0.001697411681429192,0.010907924440250594,Red
NIFTY,0.1,Actual-law,Raw,1242,225,0.18115942028985507,4.320172668743726e-18,0.00839556834710741,1.4744735108727793e-18,75.16937121643366,6.947090162768518,0.0018204837915163318,0.007054680752157056,Red
NIFTY,0.1,Actual-law,Static,1242,114,0.09178743961352658,0.3286024844771196,0.0764419639858705,0.12916238952752235,0.9543974498356889,3.13897221564514,0.0016965859637016283,0.010889398750633566,Red
NIKKEI,0.01,Legacy-sampled,Raw,1806,50,0.02768549280177187,5.401928337363745e-10,0.059721599699191254,7.316441877308554e-10,38.52635450750438,3.545099097452521,0.0005228135983683744,0.029463072614919632,Yellow
NIKKEI,0.01,Legacy-sampled,Static,1806,12,0.006644518272425249,0.12694371487797707,0.688580963986158,0.28792467693834034,2.329486892359302,0.16062585056442913,0.00046468598885141384,0.041545298347939484,Green
NIKKEI,0.01,Actual-sampled,Raw,1806,53,0.029346622369878183,2.046143075211078e-11,0.7249743608771696,1.650242190825638e-10,44.926081462812945,0.12377627814879588,0.000525097270282151,0.029254923439790945,Yellow
NIKKEI,0.01,Actual-sampled,Static,1806,12,0.006644518272425249,0.12694371487797707,0.688580963986158,0.28792467693834034,2.329486892359302,0.16062585056442913,0.0004629676927874139,0.040315267211512816,Green
NIKKEI,0.01,Legacy-law,Raw,1806,51,0.02823920265780731,1.8495262100791508e-10,0.23972488563625086,7.576113147479147e-10,40.61949023866396,1.3822110396938,0.0004864309758808701,0.029843773208656513,Yellow
NIKKEI,0.01,Legacy-law,Static,1806,11,0.006090808416389812,0.07185419120103767,0.7134098274450614,0.18497752174694593,3.2401469940402485,0.13489493667293573,0.0004486226621466134,0.03983356207232218,Green
NIKKEI,0.01,Actual-law,Raw,1806,51,0.02823920265780731,1.8495262100791508e-10,0.23972488563625086,7.576113147479147e-10,40.61949023866396,1.3822110396938,0.0004892635360803847,0.02974514514404674,Yellow
NIKKEI,0.01,Actual-law,Static,1806,11,0.006090808416389812,0.07185419120103767,0.7134098274450614,0.18497752174694593,3.2401469940402485,0.13489493667293573,0.00044962569970739347,0.03995151989605792,Green
NIKKEI,0.025,Legacy-sampled,Raw,1806,124,0.06866002214839424,9.21283442284386e-23,0.8605113135056524,1.1278779214169374e-21,96.43701937743609,0.030878685264156047,0.001066362172016155,0.020666879790013602,Red
NIKKEI,0.025,Legacy-sampled,Static,1806,36,0.019933554817275746,0.15305584256761823,0.20184514369223738,0.15957352331558033,2.041527915032564,1.6289730884494702,0.0009285844353377779,0.02997712577067871,Yellow
NIKKEI,0.025,Actual-sampled,Raw,1806,119,0.06589147286821706,1.7147829781100086e-20,0.427004834202532,1.471139462056116e-19,86.09520296407814,0.6309560801408907,0.001071244136218956,0.020550475430964662,Red
NIKKEI,0.025,Actual-sampled,Static,1806,37,0.020487264673311186,0.20501147625657676,0.22340720636855044,0.2134549885160883,1.6063086011683065,1.4823499891577967,0.0009251744194134809,0.03022443982391687,Yellow
NIKKEI,0.025,Legacy-law,Raw,1806,123,0.0681063122923588,2.6660112945380886e-22,0.8867390555817555,3.2459169995669744e-21,94.33349133034179,0.020286778008426154,0.001059838605177574,0.02074234227589566,Red
NIKKEI,0.025,Legacy-law,Static,1806,38,0.021040974529346623,0.26813161237834404,0.05128829009576654,0.08106068552814821,1.2262805063133513,3.798833895230132,0.0009130991127722953,0.030001714295254615,Yellow
NIKKEI,0.025,Actual-law,Raw,1806,124,0.06866002214839424,9.21283442284386e-23,0.8473642216663972,1.1244032997794197e-21,96.43701937743609,0.037049538817086614,0.0010655428033423473,0.0206738709721082,Red
NIKKEI,0.025,Actual-law,Static,1806,38,0.021040974529346623,0.26813161237834404,0.05128829009576654,0.08106068552814821,1.2262805063133513,3.798833895230132,0.0009137371964924372,0.029951989833324786,Yellow
NIKKEI,0.05,Legacy-sampled,Raw,1806,197,0.10908084163898117,1.0574597157790865e-23,0.9032088680383857,1.3331780857310568e-22,100.7238241389932,0.014788692802994774,0.001755300026990896,0.015265346663410477,Red
NIKKEI,0.05,Legacy-sampled,Static,1806,85,0.04706533776301218,0.5634879914733737,0.1511551672335023,0.30206060196024476,0.33370082492666775,2.0605544010653603,0.0015584709388221547,0.02302587921950678,Red
NIKKEI,0.05,Actual-sampled,Raw,1806,195,0.1079734219269103,5.752287865988753e-23,0.444827266271279,5.366524723945513e-22,97.36958451414353,0.583798509557937,0.0017547928339941546,0.015198356813982187,Red
NIKKEI,0.05,Actual-sampled,Static,1806,91,0.050387596899224806,0.9398286186799467,0.12508375373132338,0.30755856609397597,0.005698025655857641,2.3524814764008397,0.001560110595061947,0.022943857685527057,Red
NIKKEI,0.05,Legacy-law,Raw,1806,193,0.10686600221483943,3.0589631054020204e-22,0.6835101748194271,3.457403134805304e-21,94.06133711061437,0.16620125873441793,0.0017460286474206255,0.01530776483073342,Red
NIKKEI,0.05,Legacy-law,Static,1806,90,0.04983388704318937,0.9741471931058219,0.2448343657259612,0.5082429599171008,0.0010502369850382554,1.352541119382522,0.0015567898770892721,0.022908520144083414,Red
NIKKEI,0.05,Actual-law,Raw,1806,195,0.1079734219269103,5.752287865988753e-23,0.7931376006069807,6.942731484556387e-22,97.36958451414353,0.0687690120842035,0.0017509951560845253,0.015255974864302193,Red
NIKKEI,0.05,Actual-law,Static,1806,90,0.04983388704318937,0.9741471931058219,0.2448343657259612,0.5082429599171008,0.0010502369850382554,1.352541119382522,0.0015584117855214955,0.02297931023799235,Red
NIKKEI,0.1,Legacy-sampled,Raw,1806,312,0.17275747508305647,3.438554638112344e-21,0.8780725740813043,4.0683816672705394e-20,89.27337757228716,0.023535556211527364,0.0026950071748804024,0.010656455183791817,Red
NIKKEI,0.1,Legacy-sampled,Static,1806,172,0.09523809523809523,0.49687430074962713,0.7009966267926099,0.7374760636598714,0.4616061312729727,0.1474371634255931,0.002528001776404559,0.016392315666497473,Red
NIKKEI,0.1,Actual-sampled,Raw,1806,319,0.17663344407530454,3.602325719395466e-23,0.9512980890162929,4.512452516230886e-22,98.2963321211347,0.0037303688338852226,0.0026956347667116,0.010633163853571156,Red
NIKKEI,0.1,Actual-sampled,Static,1806,169,0.09357696566998892,0.35821354824246376,0.818112810202079,0.6385744322401113,0.8441465281309846,0.05288754528737627,0.002526588862722207,0.016436727509980913,Red
NIKKEI,0.1,Legacy-law,Raw,1806,313,0.17331118493909192,1.8134090794616776e-21,0.7778631330742314,2.100699756329204e-20,90.53927957402658,0.0795831326863663,0.0026903755917429143,0.010676258072933091,Red
NIKKEI,0.1,Legacy-law,Static,1806,172,0.09523809523809523,0.49687430074962713,0.7009966267926099,0.7374760636598714,0.4616061312729727,0.1474371634255931,0.002526277322173414,0.016335015971976105,Red
NIKKEI,0.1,Actual-law,Raw,1806,314,0.17386489479512734,9.527085129450736e-22,0.8221094732823044,1.127464749993315e-20,91.81291094782279,0.050549715855140676,0.002696102732611903,0.010637692337823405,Red
NIKKEI,0.1,Actual-law,Static,1806,173,0.09579180509413067,0.548569261971173,0.8739841062925573,0.8248776322872009,0.35988652749692385,0.025153928801046277,0.002528241006982915,0.016348785461792918,Red
SP500,0.01,Legacy-sampled,Raw,1858,60,0.03229278794402583,1.7714778043190604e-14,0.04530035162772631,2.3327849743669357e-14,58.77083437494355,4.007422585325344,0.0005222099629503144,0.025029719211424294,Yellow
SP500,0.01,Legacy-sampled,Static,1858,17,0.00914962325080732,0.7085838731700612,0.5751538579340749,0.796988345964424,0.13969554131034245,0.3141349040440957,0.00045369924305238704,0.033728435017162404,Green
SP500,0.01,Actual-sampled,Raw,1858,60,0.03229278794402583,1.7714778043190604e-14,0.04530035162772631,2.3327849743669357e-14,58.77083437494355,4.007422585325344,0.0005217649452346072,0.024938607132375598,Yellow
SP500,0.01,Actual-sampled,Static,1858,17,0.00914962325080732,0.7085838731700612,0.5751538579340749,0.796988345964424,0.13969554131034245,0.3141349040440957,0.0004516756339906483,0.03369429976223784,Green
SP500,0.01,Legacy-law,Raw,1858,52,0.02798708288482239,1.6834495666200094e-10,0.08344272558534394,3.0830265017523033e-10,40.803341909770026,2.996536460192317,0.0004872295963104504,0.02534255931744594,Yellow
SP500,0.01,Legacy-law,Static,1858,16,0.008611410118406888,0.5377570334765231,0.5979405514033791,0.7197056549976732,0.37971270199969176,0.2781132241240698,0.00043544935558478555,0.03399584540174565,Green
SP500,0.01,Actual-law,Raw,1858,54,0.02906350914962325,1.899712207210923e-11,0.07207622264720441,3.2386140968832726e-11,45.0714883283366,3.235092736695435,0.0004900348106829073,0.025270261542127734,Yellow
SP500,0.01,Actual-law,Static,1858,16,0.008611410118406888,0.5377570334765231,0.5979405514033791,0.7197056549976732,0.37971270199969176,0.2781132241240698,0.00043591325732999104,0.033999081229769954,Green
SP500,0.025,Legacy-sampled,Raw,1858,128,0.0688912809472551,1.4323180264719067e-23,0.9490663944155086,1.8101484937949639e-22,100.12284577096551,0.004080555405948871,0.0010578392579793773,0.017404935116913725,Red
SP500,0.025,Legacy-sampled,Static,1858,53,0.02852529601722282,0.3409785128296622,0.6484165620149123,0.5727387619087976,0.9067488717102226,0.20790228654260545,0.0008997112643678916,0.024507155196168456,Yellow
SP500,0.025,Actual-sampled,Raw,1858,130,0.06996770721205597,1.6573925558259885e-24,0.43760483809646145,1.5850652085603774e-23,104.39510819078757,0.6025549918774686,0.0010640222711354235,0.01731039878676808,Red
SP500,0.025,Actual-sampled,Static,1858,53,0.02852529601722282,0.3409785128296622,0.6484165620149123,0.5727387619087976,0.9067488717102226,0.20790228654260545,0.0009026967753000345,0.024448567550872765,Yellow
SP500,0.025,Legacy-law,Raw,1858,128,0.0688912809472551,1.4323180264719067e-23,0.7629109863676068,1.733165790252858e-22,100.12284577096551,0.09099897521662115,0.0010349357984490845,0.0175008431815202,Red
SP500,0.025,Legacy-law,Static,1858,54,0.02906350914962325,0.2738963079982452,0.07207622264720441,0.10903234090029063,1.197128733812793,3.235092736695435,0.0008904452255153986,0.024430430126305545,Yellow
SP500,0.025,Actual-law,Raw,1858,130,0.06996770721205597,1.6573925558259885e-24,0.6895440047861088,1.9780535780473037e-23,104.39510819078757,0.15957944731030693,0.0010384988394606485,0.017446342420089314,Red
SP500,0.025,Actual-law,Static,1858,55,0.029601722282023683,0.2167655143807535,0.06688322043098263,0.08700590609377255,1.525656397635327,3.357902155357465,0.000891058769791555,0.024459732294868322,Yellow
SP500,0.05,Legacy-sampled,Raw,1858,207,0.11141011840688912,5.814280413543502e-26,0.4633566076447623,5.920196309734978e-25,111.03474116218933,0.5377742699643022,0.0016539318689972006,0.012801830348194314,Red
SP500,0.05,Legacy-sampled,Static,1858,99,0.053283100107642624,0.5203731165228045,0.5410574126249075,0.6747799699847741,0.4131537394909266,0.37358348379393647,0.001478316945537381,0.018787047821202753,Red
SP500,0.05,Actual-sampled,Raw,1858,208,0.11194833153928956,2.4155652142687542e-26,0.5870283771645445,2.798312131816839e-25,112.77621279241151,0.2950090065853601,0.001663851811338856,0.012750736595575313,Red
SP500,0.05,Actual-sampled,Static,1858,100,0.05382131324004306,0.4551053039624312,0.5105502222577805,0.6093134394094958,0.5579056919137457,0.43293923776752763,0.0014877301830637881,0.018729620427508743,Red
SP500,0.05,Legacy-law,Raw,1858,205,0.11033369214208827,3.3147347172136986e-25,0.2602429813550213,2.3073007436874186e-24,107.58446385245088,1.267463947126771,0.0016453088045732562,0.012841383244187477,Red
SP500,0.05,Legacy-law,Static,1858,101,0.05435952637244349,0.3949016876246526,0.48104137320237184,0.5432701471766668,0.7237956341723439,0.49650151413152344,0.0014703533266900652,0.018661692772114713,Red
SP500,0.05,Actual-law,Raw,1858,208,0.11194833153928956,2.4155652142687542e-26,0.30373109676638893,1.911045915255967e-25,112.77621279241151,1.0577404737086908,0.0016477976793670601,0.012797810248005363,Red
SP500,0.05,Actual-law,Static,1858,101,0.05435952637244349,0.3949016876246526,0.48104137320237184,0.5432701471766668,0.7237956341723439,0.49650151413152344,0.0014707170901973455,0.01865364147762715,Red
SP500,0.1,Legacy-sampled,Raw,1858,313,0.16846071044133476,1.3538909000920998e-19,0.9678660939476589,1.5537035744214077e-18,82.01015751751481,0.0016228628712724458,0.0024448801585256644,0.008861117414346056,Red
SP500,0.1,Legacy-sampled,Static,1858,201,0.10818083961248655,0.24536787753214698,0.7665296181901065,0.4873253597573498,1.349486672039884,0.08815990620291814,0.0023060708509018645,0.012809622131210625,Red
SP500,0.1,Actual-sampled,Raw,1858,316,0.17007534983853606,2.1493407353567442e-20,0.5786242933603232,2.161093839952388e-19,85.64854057109994,0.3084639608728139,0.0024472242252177616,0.008835442666627832,Red
SP500,0.1,Actual-sampled,Static,1858,197,0.10602798708288483,0.39057648549820967,0.9802478971153137,0.6915085646953905,0.7371465201051883,0.0006129644496013498,0.0023060500513581964,0.012947420986302492,Red
SP500,0.1,Legacy-law,Raw,1858,313,0.16846071044133476,1.3538909000920998e-19,0.7115019664183446,1.4521747057193394e-18,82.01015751751481,0.13678137045485528,0.0024362826374174796,0.00888850480021591,Red
SP500,0.1,Legacy-law,Static,1858,200,0.10764262648008611,0.27744915097094436,0.9118181255360487,0.551064430130535,1.1795425106206672,0.012264576537518224,0.002302447414643618,0.012779578000123705,Red
SP500,0.1,Actual-law,Raw,1858,312,0.16792249730893433,2.4815725142075744e-19,0.6700226580326898,2.584135389469511e-18,80.81270576607918,0.18157562199985477,0.002437707795471201,0.008854573556232974,Red
SP500,0.1,Actual-law,Static,1858,199,0.10710441334768568,0.3123282167148324,0.9369981539396649,0.5983818065708812,1.0208046635596553,0.006247848923976562,0.002302406802366758,0.012764178214865328,Red
STOXX,0.01,Legacy-sampled,Raw,1532,34,0.022193211488250653,3.582428278223332e-05,0.22036106161005187,9.221704375217905e-05,17.08071279252109,1.5020183838213939,0.00032718013293962843,0.02047545458637263,Yellow
STOXX,0.01,Legacy-sampled,Static,1532,2,0.0013054830287206266,1.6015918258250076e-05,0.9423362624251663,9.06130759164515e-05,18.612591879695042,0.005232179386272406,0.0003404569849997667,0.03288232055158997,Green
STOXX,0.01,Actual-sampled,Raw,1532,33,0.02154046997389034,8.285973006439812e-05,0.19716759230311928,0.00018828311432127158,15.491896211542766,1.6632313897869153,0.0003299988985311157,0.02047111447779863,Yellow
STOXX,0.01,Actual-sampled,Static,1532,1,0.0006527415143603133,1.3741874398163123e-06,0.9711587054410925,8.641926166925812e-06,23.316462938380678,0.0013071896354439616,0.00035290557730910626,0.03465496292978436,Green
STOXX,0.01,Legacy-law,Raw,1532,34,0.022193211488250653,3.582428278223332e-05,0.7832199853499979,0.00018816273500791412,17.08071279252109,0.07569392311069123,0.00033000546864486073,0.020806200109987388,Yellow
STOXX,0.01,Legacy-law,Static,1532,4,0.0026109660574412533,0.000537353261126582,0.8848984845432674,0.00247588213633707,11.981360908399402,0.020956147083595056,0.00033627176694261577,0.03254933584153727,Green
STOXX,0.01,Actual-law,Raw,1532,35,0.022845953002610966,1.5061847906204882e-05,0.24511202727453657,4.360566550926895e-05,18.72969650033192,1.3509504460240578,0.00033132972986504687,0.02074285681593962,Yellow
STOXX,0.01,Actual-law,Static,1532,4,0.0026109660574412533,0.000537353261126582,0.8848984845432674,0.00247588213633707,11.981360908399402,0.020956147083595056,0.0003369368074858401,0.032612164406414006,Green
STOXX,0.025,Legacy-sampled,Raw,1532,94,0.06135770234986945,1.2240609480162333e-14,0.1812506374416212,4.9205582633327946e-14,59.498198978287306,1.7873396410974465,0.0007012271222128378,0.014339165992279659,Red
STOXX,0.025,Legacy-sampled,Static,1532,20,0.013054830287206266,0.0009962155160248138,0.26102324345344535,0.0023603289487751228,10.834586710547956,1.263321858619264,0.0006582387908147502,0.023060260015076828,Green
STOXX,0.025,Actual-sampled,Raw,1532,101,0.06592689295039164,1.2058859492187264e-17,0.5699088985189846,1.114543419007352e-16,73.14299835370556,0.32283495936633244,0.000713155783186113,0.014306211164307036,Red
STOXX,0.025,Actual-sampled,Static,1532,18,0.01174934725848564,0.00021538935766441221,0.20583650158355693,0.00047787998924373604,13.691831032058452,1.60047081898864,0.0006599680863599032,0.022937377224420522,Green
STOXX,0.025,Legacy-law,Raw,1532,91,0.05939947780678851,2.01908262836579e-13,0.12207613647849615,5.727581052599016e-13,53.98614579530491,2.3904800490904563,0.0007056679694071257,0.014426165054376845,Red
STOXX,0.025,Legacy-law,Static,1532,17,0.011096605744125326,9.23861003073386e-05,0.18067615010899693,0.0001956552261009585,15.286259378052204,1.7920536183180502,0.0006575468977474243,0.022804884524428276,Green
STOXX,0.025,Actual-law,Raw,1532,92,0.06005221932114883,8.021334237099877e-14,0.13725912029351575,2.5324135765092505e-13,55.80044600963204,2.20842074661914,0.0007076017634696166,0.0143769770103694,Red
STOXX,0.025,Actual-law,Static,1532,17,0.011096605744125326,9.23861003073386e-05,0.18067615010899693,0.0001956552261009585,15.286259378052204,1.7920536183180502,0.0006579586379627655,0.022794966751906492,Green
STOXX,0.05,Legacy-sampled,Raw,1532,154,0.10052219321148825,9.72846452803882e-16,0.12761692937573016,3.1136514163858375e-15,64.48470434612443,2.3212561909812166,0.0011614298064643346,0.010576180042220249,Red
STOXX,0.05,Legacy-sampled,Static,1532,50,0.03263707571801567,0.0008985153861959314,0.10208203966976953,0.0010602345974247045,11.025819699348702,2.67271045469181,0.0010951310303083015,0.01753708792110084,Yellow
STOXX,0.05,Actual-sampled,Raw,1532,160,0.10443864229765012,8.742906622661129e-18,0.1556701879026687,3.480600999035231e-17,73.77769282701544,2.0157903752871107,0.0011727833675766453,0.010533492038305788,Red
STOXX,0.05,Actual-sampled,Static,1532,52,0.033942558746736295,0.0022558854346587214,0.13127408414042685,0.0030183293860335256,9.328730852544766,2.277372715635977,0.0010921875752430707,0.01754404574342417,Yellow
STOXX,0.05,Legacy-law,Raw,1532,155,0.10117493472584857,4.514000196313672e-16,0.08497558581414238,1.0578969801851581e-15,65.99791596788913,2.9670709089934917,0.001165471497710527,0.010603944115868237,Red
STOXX,0.05,Legacy-law,Static,1532,51,0.03328981723237598,0.0014375506274619978,0.11601848172212807,0.0018114508662878536,10.156990956688787,2.470263385744204,0.0010921354401065573,0.017318254129865616,Yellow
STOXX,0.05,Actual-law,Raw,1532,155,0.10117493472584857,4.514000196313672e-16,0.08497558581414238,1.0578969801851581e-15,65.99791596788913,2.9670709089934917,0.0011690565405724177,0.010563940411656182,Red
STOXX,0.05,Actual-law,Static,1532,51,0.03328981723237598,0.0014375506274619978,0.11601848172212807,0.0018114508662878536,10.156990956688787,2.470263385744204,0.0010941967474749445,0.017404529952523874,Yellow
STOXX,0.1,Legacy-sampled,Raw,1532,257,0.16775456919060053,3.8203907584627973e-16,0.09842902944821962,1.0100449370005103e-15,66.32674790263809,2.730815243297002,0.001795658813776512,0.007331859541937008,Red
STOXX,0.1,Legacy-sampled,Static,1532,121,0.07898172323759792,0.0045619280695508154,0.13268412005164465,0.00578140047613594,8.045402533152902,2.260816124322446,0.0017209114871117343,0.011709019292700705,Red
STOXX,0.1,Actual-sampled,Raw,1532,257,0.16775456919060053,3.8203907584627973e-16,0.06747583069633781,7.435732397318884e-16,66.32674790263809,3.343380909648886,0.0017936182076527668,0.007295640533725857,Red
STOXX,0.1,Actual-sampled,Static,1532,120,0.0783289817232376,0.0034128271581333977,0.11792564696364728,0.004051911157714236,8.572476065320444,2.444657171430549,0.0017204851348965417,0.011803665248558895,Red
STOXX,0.1,Legacy-law,Raw,1532,261,0.17036553524804177,3.2839210959516425e-17,0.05476617138578654,5.56407661249654e-17,71.16604001028006,3.68919106494468,0.0017890673555399114,0.007338849454418017,Red
STOXX,0.1,Legacy-law,Static,1532,119,0.07767624020887728,0.0025315732840167442,0.0524955766504495,0.0015983735544992826,9.117632887773922,3.75990450260565,0.0017175135100978057,0.011723776027522182,Red
STOXX,0.1,Actual-law,Raw,1532,263,0.1716710182767624,9.368773088688131e-18,0.020993930793561384,7.115492647398583e-18,73.64121831820665,5.327296089940546,0.0017929088784160315,0.0073072783335215346,Red
STOXX,0.1,Actual-law,Static,1532,119,0.07767624020887728,0.0025315732840167442,0.10445099216894276,0.002803371232251845,9.117632887773922,2.6362322612721982,0.0017192376897596905,0.011753167782238299,Red
TLT,0.01,Legacy-sampled,Raw,1665,40,0.024024024024024024,1.0970217660154546e-06,0.16037966685107619,2.599317486854788e-06,23.74988067408281,1.9706426308235336,0.00034478537158468236,0.02235558987143743,Yellow
TLT,0.01,Legacy-sampled,Static,1665,19,0.011411411411411412,0.5713404005137559,0.5076463456561633,0.6840801321893805,0.3204448974204155,0.4389155343750417,0.00031190463057673325,0.027254664204344498,Green
TLT,0.01,Actual-sampled,Raw,1665,42,0.025225225225225224,1.6426664672119997e-07,0.14023891995665905,3.756910412356462e-07,27.41366185119938,2.175335609155468,0.00034406709912057745,0.02211377990507037,Yellow
TLT,0.01,Actual-sampled,Static,1665,21,0.012612612612612612,0.30316887452313357,0.46374633121570963,0.4499943350836195,1.060203067583922,0.5368375024162333,0.0003122132865982571,0.02680123200122052,Green
TLT,0.01,Legacy-law,Raw,1665,37,0.022222222222222223,1.577205031218884e-05,0.1945267030287941,3.859373190353817e-05,18.64184440481283,1.6829969563835903,0.00032688444236588654,0.02260911052020806,Yellow
TLT,0.01,Legacy-law,Static,1665,14,0.008408408408408409,0.5021558782526264,0.6259604673881235,0.7089445894330867,0.45037720898590106,0.23757860827598165,0.0003068295565308949,0.026790458410284306,Green
TLT,0.01,Actual-law,Raw,1665,37,0.022222222222222223,1.577205031218884e-05,0.1945267030287941,3.859373190353817e-05,18.64184440481283,1.6829969563835903,0.0003291961826924812,0.022541347261309963,Yellow
TLT,0.01,Actual-law,Static,1665,15,0.009009009009009009,0.6793569199612256,0.6013954100496643,0.8010166597605751,0.17085064109866988,0.27289642575678386,0.00030715565118612757,0.026752142073484843,Green
TLT,0.025,Legacy-sampled,Raw,1665,115,0.06906906906906907,1.994670414865992e-21,0.007926359896890518,7.07426583529829e-22,90.35077941182556,7.0500373413474335,0.0007326298680598645,0.016033346617214003,Red
TLT,0.025,Legacy-sampled,Static,1665,43,0.025825825825825825,0.830006196297969,0.13091882578004957,0.31228644949582196,0.04609335091114497,2.281575459122905,0.0006443579319158405,0.020524455443944215,Yellow
TLT,0.025,Actual-sampled,Raw,1665,109,0.06546546546546547,1.0606765085452437e-18,0.01678982617094027,6.811468006279863e-19,77.9428068751738,5.71821133220476,0.0007313609942535798,0.01595890830113628,Red
TLT,0.025,Actual-sampled,Static,1665,43,0.025825825825825825,0.830006196297969,0.13091882578004957,0.31228644949582196,0.04609335091114497,2.281575459122905,0.0006445126100144172,0.02037647973262097,Yellow
TLT,0.025,Legacy-law,Raw,1665,110,0.06606606606606606,3.815510959699238e-19,0.15987956773813986,1.6120641081183692e-18,79.9626677175774,1.975364805012532,0.0007167793952329315,0.016112464629894123,Red
TLT,0.025,Legacy-law,Static,1665,42,0.025225225225225224,0.9531285452372128,0.14023891995665905,0.3364198788504755,0.003454910309500514,2.175335609155468,0.0006345304462643888,0.020593312756380815,Yellow
TLT,0.025,Actual-law,Raw,1665,110,0.06606606606606606,3.815510959699238e-19,0.15987956773813986,1.6120641081183692e-18,79.9626677175774,1.975364805012532,0.0007197940662401411,0.016060884802550027,Red
TLT,0.025,Actual-law,Static,1665,42,0.025225225225225224,0.9531285452372128,0.14023891995665905,0.3364198788504755,0.003454910309500514,2.175335609155468,0.0006350354319356969,0.020648852241880157,Yellow
TLT,0.05,Legacy-sampled,Raw,1665,190,0.11411411411411411,3.567116297381422e-25,0.24099669471370425,2.3517241049157597e-24,107.43903265740806,1.374754364657747,0.001253039923828611,0.01203819685903666,Red
TLT,0.05,Legacy-sampled,Static,1665,91,0.054654654654654654,0.39026856383772834,0.11266956989416066,0.1964714210488642,0.7381050851632232,2.51637151124703,0.0011009130096782678,0.016740132587205695,Red
TLT,0.05,Actual-sampled,Raw,1665,195,0.11711711711711711,3.62563163567547e-27,0.3505154228137818,3.19935110732642e-26,116.53693851686316,0.8715902982617081,0.0012494533157607168,0.012020153841982644,Red
TLT,0.05,Actual-sampled,Static,1665,97,0.058258258258258255,0.13145239050547886,0.19713250333993496,0.13954334020542536,2.275268112924433,1.663491974068279,0.0010968551812447211,0.016716235044114104,Red
TLT,0.05,Legacy-law,Raw,1665,190,0.11411411411411411,3.567116297381422e-25,0.15200274769542815,1.6761636554985545e-24,107.43903265740806,2.0520365187628613,0.0012395822299010944,0.012103508957672406,Red
TLT,0.05,Legacy-law,Static,1665,96,0.05765765765765766,0.16118610309326042,0.46779452728103965,0.2879057947546002,1.9630631081486705,0.5271807996555253,0.001092528114264855,0.01664626918425715,Red
TLT,0.05,Actual-law,Raw,1665,189,0.11351351351351352,8.776298200453043e-25,0.1676156749262162,4.404076864256093e-24,105.65488332112409,1.9041397986088668,0.0012437205656726338,0.0120616517770983,Red
TLT,0.05,Actual-law,Static,1665,95,0.057057057057057055,0.19586166549464265,0.4986050264023435,0.34457778849096926,1.6729665108281253,0.4579043149374229,0.0010932359882751099,0.01666505637308511,Red
TLT,0.1,Legacy-sampled,Raw,1665,326,0.19579579579579579,1.4068259631793436e-31,0.11870044592770898,6.147180075390839e-31,136.69390393539788,2.4343849255583336,0.0019969462867935684,0.008566353918464333,Red
TLT,0.1,Legacy-sampled,Static,1665,176,0.1057057057057057,0.44150337922227423,0.4895246786131695,0.5856860472333032,0.592371908886868,0.47757086820911354,0.0018171524702832416,0.012350387717115649,Red
TLT,0.1,Actual-sampled,Raw,1665,324,0.1945945945945946,6.7799639164463665e-31,0.3366202743207946,6.2352410427528545e-30,133.57141040889064,0.923260694735518,0.001997528896891262,0.00854876561269343,Red
TLT,0.1,Actual-sampled,Static,1665,181,0.1087087087087087,0.24208955060683435,0.22008519376657495,0.23785349927652102,1.368385036772203,1.503815651422201,0.0018173105208766332,0.012279243501458299,Red
TLT,0.1,Legacy-law,Raw,1665,327,0.1963963963963964,6.372121269179005e-32,0.1938433623108846,4.066388841730374e-31,138.26660252637345,1.6881625529972553,0.001994218314829557,0.00858868410819055,Red
TLT,0.1,Legacy-law,Static,1665,182,0.10930930930930931,0.21151533129504868,0.4556303652605056,0.34686631908970544,1.5610241275733898,0.5566075141111924,0.0018148207839267802,0.012264149019334123,Red
TLT,0.1,Actual-law,Raw,1665,327,0.1963963963963964,6.372121269179005e-32,0.1938433623108846,4.066388841730374e-31,138.26660252637345,1.6881625529972553,0.0019975981770271383,0.008555267425493156,Red
TLT,0.1,Actual-law,Static,1665,180,0.10810810810810811,0.2757043675617431,0.5229287058927861,0.45017074336478236,1.188143434940045,0.40811324202695687,0.0018154593428626558,0.01225925861460178,Red
USDJPY,0.01,Legacy-sampled,Raw,1923,57,0.029641185647425898,2.45178283853188e-12,0.5550652999837773,1.8442250789511893e-11,49.084433018604784,0.3483206715553706,0.0002576701825869663,0.012267077831397423,Yellow
USDJPY,0.01,Legacy-sampled,Static,1923,20,0.010400416016640665,0.8608216266295228,0.5166290167964686,0.7979743416853198,0.030740034807883232,0.4206176358437119,0.0002270729949076481,0.017110781046604552,Green
USDJPY,0.01,Actual-sampled,Raw,1923,55,0.02860114404576183,2.2603695991024702e-11,0.6148729515244544,1.7052729126502874e-10,44.73111184340816,0.2531396884791093,0.00026373324188741775,0.012183877986811491,Yellow
USDJPY,0.01,Actual-sampled,Static,1923,20,0.010400416016640665,0.8608216266295228,0.5166290167964686,0.7979743416853198,0.030740034807883232,0.4206176358437119,0.00023052964909516492,0.016915732090866824,Green
USDJPY,0.01,Legacy-law,Raw,1923,50,0.026001040041601663,4.229419694207119e-09,0.7781610468530098,3.0753329418543033e-08,34.51517106994909,0.07936407961352643,0.0002466547216301846,0.012419726570700477,Yellow
USDJPY,0.01,Legacy-law,Static,1923,20,0.010400416016640665,0.8608216266295228,0.5166290167964686,0.7979743416853198,0.030740034807883232,0.4206176358437119,0.0002225364845036148,0.016773908863202354,Green
USDJPY,0.01,Actual-law,Raw,1923,50,0.026001040041601663,4.229419694207119e-09,0.7781610468530098,3.0753329418543033e-08,34.51517106994909,0.07936407961352643,0.00024803244405252573,0.012387769498554631,Yellow
USDJPY,0.01,Actual-law,Static,1923,20,0.010400416016640665,0.8608216266295228,0.5166290167964686,0.7979743416853198,0.030740034807883232,0.4206176358437119,0.00022296313722652822,0.01679159535715125,Green
USDJPY,0.025,Legacy-sampled,Raw,1923,129,0.06708268330733229,9.611446069261251e-23,0.5337932218367478,9.842506880511842e-22,96.35315791593669,0.3871652900074878,0.00048179707158865277,0.008564046325007802,Red
USDJPY,0.025,Legacy-sampled,Static,1923,42,0.0218408736349454,0.36463165021048505,0.17070377793201053,0.25941791533263925,0.821878014301813,1.8767518756571349,0.00042467066079234476,0.012516407701391624,Yellow
USDJPY,0.025,Actual-sampled,Raw,1923,128,0.06656266250650027,2.712674105317383e-22,0.5814189535036817,2.8654951764564493e-21,94.2991452570852,0.30394630528132893,0.0004863738451638334,0.00851397051163443,Red
USDJPY,0.025,Actual-sampled,Static,1923,44,0.022880915236609463,0.5460416143864895,0.1510161627596262,0.29724265320409865,0.364456413150835,2.0619565060463856,0.000427600657596275,0.012348612261351508,Yellow
USDJPY,0.025,Legacy-law,Raw,1923,130,0.06760270410816432,3.3777697436302083e-23,0.6682994050343172,3.869705585571502e-22,98.42378943329791,0.18359780230400702,0.0004703387896257899,0.008596490352683128,Red
USDJPY,0.025,Legacy-law,Static,1923,42,0.0218408736349454,0.36463165021048505,0.17070377793201053,0.25941791533263925,0.821878014301813,1.8767518756571349,0.0004227212870599329,0.01247358876900226,Yellow
USDJPY,0.025,Actual-law,Raw,1923,131,0.06812272490899636,1.1774592651053652e-23,0.7050943364727937,1.3906875221862626e-22,100.51092116679578,0.14322643466982754,0.00047221175820688264,0.00857365460685188,Red
USDJPY,0.025,Actual-law,Static,1923,42,0.0218408736349454,0.36463165021048505,0.17070377793201053,0.25941791533263925,0.821878014301813,1.8767518756571349,0.00042328289939830397,0.01244301083070885,Yellow
USDJPY,0.05,Legacy-sampled,Raw,1923,220,0.11440457618304732,4.866928654656961e-29,0.38416848543017446,4.708462481505189e-28,125.08872224546187,0.7573201268278353,0.0007666706751291179,0.006310734903385152,Red
USDJPY,0.05,Legacy-sampled,Static,1923,82,0.042641705668226726,0.12919745956301287,0.3656723132877282,0.2100899073428087,2.302121114899087,0.8183183044657198,0.0006838604315022529,0.009775857201889582,Red
USDJPY,0.05,Actual-sampled,Raw,1923,219,0.11388455538221529,1.2000051661983717e-28,0.6284894718684803,1.4973983282319704e-27,123.29802199720257,0.23411471574263487,0.0007708335276623862,0.006293212874349738,Red
USDJPY,0.05,Actual-sampled,Static,1923,79,0.041081643265730626,0.0644280871496385,0.13159334600630732,0.05804222341550952,3.419562459955859,2.27360662678268,0.0006861177715972529,0.009740414067611726,Red
USDJPY,0.05,Legacy-law,Raw,1923,220,0.11440457618304732,4.866928654656961e-29,0.9878277432089696,6.875092544427164e-28,125.08872224546187,0.00023275326543625852,0.0007579729917067912,0.006322796622900976,Red
USDJPY,0.05,Legacy-law,Static,1923,78,0.0405616224648986,0.049911549847621396,0.14228285594193357,0.049848783872468244,3.844427784989236,2.153094572230202,0.0006787024046700991,0.009679600160596958,Red
USDJPY,0.05,Actual-law,Raw,1923,220,0.11440457618304732,4.866928654656961e-29,0.9878277432089696,6.875092544427164e-28,125.08872224546187,0.00023275326543625852,0.0007599671662912351,0.006304993269568984,Red
USDJPY,0.05,Actual-law,Static,1923,80,0.04160166406656266,0.08218775941698513,0.12155807472166479,0.06659575302329,3.0210988654927426,2.397130078283567,0.0006794212919585841,0.009662173277718832,Red
USDJPY,0.1,Legacy-sampled,Raw,1923,348,0.1809672386895476,5.0574481617275735e-27,0.12288358750055288,2.093201558075093e-26,115.87685790275629,2.380177453201213,0.0011591294310458516,0.004379652803549744,Red
USDJPY,0.1,Legacy-sampled,Static,1923,156,0.0811232449297972,0.0044620984675747925,0.2034166301356488,0.00781599599956492,8.085493254115846,1.6176724980205108,0.001080452487014061,0.007180283599451746,Red
USDJPY,0.1,Actual-sampled,Raw,1923,348,0.1809672386895476,5.0574481617275735e-27,0.213888112432044,3.178239306886669e-26,115.87685790275629,1.544912200180761,0.0011612320656692043,0.004371524643726796,Red
USDJPY,0.1,Actual-sampled,Static,1923,156,0.0811232449297972,0.0044620984675747925,0.2034166301356488,0.00781599599956492,8.085493254115846,1.6176724980205108,0.0010811470177856826,0.007194536567880026,Red
USDJPY,0.1,Legacy-law,Raw,1923,352,0.1830473218928757,3.0733303620139295e-28,0.10726369087135768,1.1696187100222937e-27,121.43215915047375,2.5940802575516955,0.001154055126516297,0.004393165284452912,Red
USDJPY,0.1,Legacy-law,Static,1923,158,0.08216328653146125,0.007316982197160754,0.24319530139169124,0.013874297398949562,7.193458427231981,1.361976089858672,0.0010760669506666757,0.007178358749195011,Red
USDJPY,0.1,Actual-law,Raw,1923,353,0.18356734269370775,1.5128115120572126e-28,0.12040348581735157,6.341689573752378e-28,122.83841027482197,2.4120644783874923,0.0011556086643143679,0.004379348882747716,Red
USDJPY,0.1,Actual-law,Static,1923,157,0.08164326573062923,0.00573245128097746,0.222690443245432,0.010464731699111468,7.632540119408631,1.4869490032676822,0.0010771546377969768,0.007192034156127279,Red
WTI,0.01,Legacy-sampled,Raw,1806,53,0.029346622369878183,2.046143075211078e-11,0.624136234723301,1.5570014373898928e-10,44.926081462812945,0.24009676500685373,0.0015914255969107084,0.059608488679313794,Yellow
WTI,0.01,Legacy-sampled,Static,1806,29,0.016057585825027684,0.01739911861555195,0.4886099263532214,0.04653161448727507,5.655660686825829,0.4795859450876492,0.0014195537082373206,0.0735821933972035,Yellow
WTI,0.01,Actual-sampled,Raw,1806,52,0.028792912513842746,6.210707971017306e-11,0.6565705304379763,4.71383071989756e-10,42.75298377054534,0.19771630175102928,0.0015791020709946002,0.05923028301105217,Yellow
WTI,0.01,Actual-sampled,Static,1806,29,0.016057585825027684,0.01739911861555195,0.4886099263532214,0.04653161448727507,5.655660686825829,0.4795859450876492,0.0014020369320845833,0.07468688404807568,Yellow
WTI,0.01,Legacy-law,Raw,1806,48,0.026578073089700997,4.341361434750142e-09,0.7942033457549788,3.172423706730785e-08,34.464323748101606,0.06804599579226078,0.0015241087275701369,0.060325872481966906,Yellow
WTI,0.01,Legacy-law,Static,1806,28,0.015503875968992248,0.029612606883660075,0.4542322228494341,0.07094462541383911,4.7316417141318645,0.5600695458447831,0.0013623217563909341,0.07509355204334191,Green
WTI,0.01,Actual-law,Raw,1806,47,0.02602436323366556,1.1937086631861122e-08,0.8303554449598459,8.577846666328046e-08,32.497094438300365,0.045901228182628984,0.0015311196082511379,0.06016513575859597,Yellow
WTI,0.01,Actual-law,Static,1806,28,0.015503875968992248,0.029612606883660075,0.4542322228494341,0.07094462541383911,4.7316417141318645,0.5600695458447831,0.0013646650927312022,0.07489025013675137,Green
WTI,0.025,Legacy-sampled,Raw,1806,114,0.06312292358803986,2.5591153471096287e-18,0.016102055439846084,1.5667849439789924e-18,76.20331678840034,5.791695132675272,0.0026781432115267514,0.04274405682828702,Red
WTI,0.025,Legacy-sampled,Static,1806,55,0.03045404208194906,0.1509204854117853,0.5618963536236717,0.30129153632022665,2.062922429467406,0.3364314180939232,0.0024273953810437492,0.05622216248565272,Yellow
WTI,0.025,Actual-sampled,Raw,1806,123,0.0681063122923588,2.6660112945380886e-22,0.17944643804466437,1.3316782420059514e-21,94.33349133034179,1.8022026096435866,0.0026705826598274174,0.04244209268602985,Red
WTI,0.025,Actual-sampled,Static,1806,57,0.03156146179401993,0.08593714295410076,0.5033424829421501,0.1829796094314837,2.948879121569643,0.4478819908713376,0.0024154712834223973,0.0559120528626446,Yellow
WTI,0.025,Legacy-law,Raw,1806,116,0.06423034330011074,3.550435963547976e-19,0.050598468493112315,5.964881060739535e-19,80.10494031319831,3.8215149889211943,0.002639280813537474,0.04292494042563076,Red
WTI,0.025,Legacy-law,Static,1806,56,0.031007751937984496,0.11475597297737083,0.5321472762538101,0.23719317887031344,2.4874712548974642,0.3902894833876758,0.002406175940580663,0.05543522919668784,Yellow
WTI,0.025,Actual-law,Raw,1806,117,0.06478405315614617,1.3045951758878812e-19,0.1301788242509912,4.769298741668898e-19,82.08346422834214,2.29037074589678,0.0026475838224942327,0.04280003486305697,Red
WTI,0.025,Actual-law,Static,1806,55,0.03045404208194906,0.1509204854117853,0.5618963536236717,0.30129153632022665,2.062922429467406,0.3364314180939232,0.0024110388786283262,0.05519986748284795,Yellow
WTI,0.05,Legacy-sampled,Raw,1806,203,0.1124031007751938,5.745204575980701e-26,0.49739074185326815,6.08094706063622e-25,111.05843450192609,0.46049924697672395,0.004007482061736042,0.03218382758360174,Red
WTI,0.05,Legacy-sampled,Static,1806,91,0.050387596899224806,0.9398286186799467,0.15604017503818576,0.36460423068955755,0.005698025655857641,2.0121876006606954,0.0036713765684081717,0.04412455853072166,Red
WTI,0.05,Actual-sampled,Raw,1806,206,0.11406423034330011,3.931624028330395e-27,0.5533748653486554,4.497113569318918e-26,116.376247490232,0.3513058215935416,0.004016005064382359,0.032029607894150734,Red
WTI,0.05,Actual-sampled,Static,1806,93,0.05149501661129568,0.7716984661615798,0.13206084268083496,0.30846410412535996,0.08418931305742827,2.268110284071099,0.003666457422281229,0.04381416268547587,Red
WTI,0.05,Legacy-law,Raw,1806,200,0.11074197120708748,7.991453474015156e-25,0.3076918363043038,6.181133292326467e-24,105.84052364449252,1.0405575486361158,0.003995191054022098,0.0322538267768621,Red
WTI,0.05,Legacy-law,Static,1806,93,0.05149501661129568,0.7716984661615798,0.13206084268083496,0.30846410412535996,0.08418931305742827,2.268110284071099,0.0036622853174791826,0.04396268757668022,Red
WTI,0.05,Actual-law,Raw,1806,199,0.11018826135105204,1.9007620899633783e-24,0.47261025937080414,1.895914049738563e-23,104.12364563211531,0.5158665048329567,0.00400538009997117,0.03215196404168171,Red
WTI,0.05,Actual-law,Static,1806,94,0.05204872646733112,0.6914115799085363,0.12122703443061972,0.2781822788933281,0.1575614997879473,2.4013959015779847,0.003665842554095283,0.04379758217710551,Red
WTI,0.1,Legacy-sampled,Raw,1806,314,0.17386489479512734,9.527085129450736e-22,0.27153644458108706,6.317648580559299e-21,91.81291094782279,1.2089688001487957,0.005897883039681412,0.022854407082179277,Red
WTI,0.1,Legacy-sampled,Static,1806,187,0.1035437430786268,0.6174978258603244,0.5407224541438265,0.7321270296117706,0.24940006693856276,0.37420241777294905,0.005564071963565275,0.03164266876001352,Red
WTI,0.1,Actual-sampled,Raw,1806,319,0.17663344407530454,3.602325719395466e-23,0.4752198857303832,3.5036299630017617e-22,98.2963321211347,0.5098128439403808,0.005894257469117081,0.022807703384482906,Red
WTI,0.1,Actual-sampled,Static,1806,188,0.10409745293466224,0.5639596945673404,0.3539972794405126,0.5510193122715833,0.33289442713632234,0.859076414761148,0.005566769064885278,0.0316411120757618,Red
WTI,0.1,Legacy-law,Raw,1806,312,0.17275747508305647,3.438554638112344e-21,0.7497491318121483,3.912365148872654e-20,89.27337757228716,0.101741970413741,0.005893963416522927,0.022937797874323176,Red
WTI,0.1,Legacy-law,Static,1806,190,0.10520487264673312,0.4643241390324815,0.19517249607507034,0.33061761676832996,0.5354509500660924,1.6781346654427125,0.005570400595157032,0.03173780436139705,Red
WTI,0.1,Actual-law,Raw,1806,315,0.1744186046511628,4.986233414021235e-22,0.7463395685953862,5.782548578619725e-21,93.09425224181183,0.10463263181804905,0.005903864511759461,0.022857105134334577,Red
WTI,0.1,Actual-law,Static,1806,189,0.10465116279069768,0.5128423879085697,0.21302274603776916,0.37175753600086237,0.4282632293943287,1.5507636149197879,0.005574006468169074,0.03171515922721442,Red
