model,asset,method,calibration_scale,n_test,viol,pihat,p_kup,p_ind,p_cc,lr_uc,lr_ind,QS,width,TL,normalised_QS,raw_QS,worse
HS,SMALL_LoBM,State-L1,0.0094427479813171,3022,47.0,0.015552614162806,0.0045533979728568,7.86152157868274e-10,1.1099945504896096e-10,8.048793070606663,37.79419857758751,0.0003912974244927,0.0259452411011134,Green,0.04143893549493214,0.0004174980104309,False
HS,SMALL_LoBM,State-L1-clipped,0.0094427479813171,3022,47.0,0.015552614162806,0.0045533979728568,7.86152157868274e-10,1.1099945504896096e-10,8.048793070606663,37.79419857758751,0.0003912762074067,0.0259431193925147,Green,0.04143668857634002,0.0004174980104309,False
HS,SMALL_LoBM,POT-Shift,0.0094427479813171,3022,35.0,0.0115817339510258,0.3939456834907922,5.898055155192301e-08,2.876066490812234e-07,0.7267284545357224,29.396615729802647,0.0004027749697588,0.0272920618837725,Green,0.04265442332631437,0.0004174980104309,False
HS,SMALL_LoBM,POT-Vol,0.0094427479813171,3022,32.0,0.0105890138980807,0.7471942982036877,4.832654141967159e-07,3.0006152629107516e-06,0.1039037863093597,25.32948261906432,0.0003925855921036,0.0267614942842486,Green,0.04157535421683902,0.0004174980104309,False
HS,SMALL_LoBM,Loss-gate,0.0094427479813171,3022,52.0,0.0172071475843812,0.0003042772885574,6.968614308723034e-09,7.650129701240846e-11,13.04387863694818,33.54354820471025,0.0004174980104309,0.0236312434963272,Yellow,0.0442136135854667,0.0004174980104309,False
HS,SMALL_LoBM,Past-minimum,0.0094427479813171,3022,18.0,0.0059563203176704,0.0156917945472028,1.8916781160107372e-08,7.4140745231809285e-09,5.837085914146023,31.6026854470239,0.0003946216053252,0.0297321750309035,Green,0.04179097081760273,0.0004174980104309,False
HS,SMALL_LoBM,DtACI-projected-seed,0.0094427479813171,3022,52.0,0.0172071475843812,0.0003042772885574,2.076275431597917e-05,1.7111196073301772e-07,13.04387863694818,18.118016870180725,0.0004050037020066,0.0260741470731463,Yellow,0.04289044913704337,0.0004174980104309,False
HS,SMALL_LoBM,Raw,0.0094427479813171,3022,52.0,0.0172071475843812,0.0003042772885574,6.968614308723034e-09,7.650129701240846e-11,13.04387863694818,33.54354820471025,0.0004174980104309,0.0236312434963272,Yellow,0.0442136135854667,0.0004174980104309,False
HS,SMALL_LoBM,Shift-CP,0.0094427479813171,3022,27.0,0.0089344804765056,0.5488165862937472,4.95732518053361e-08,2.920263436196625e-07,0.3594414811203243,29.7334021606236,0.0004024271503211,0.028204761364273,Green,0.042617588769426035,0.0004174980104309,False
HS,SMALL_LoBM,Vol-ERM,0.0094427479813171,3022,20.0,0.0066181336863004,0.0464829918008776,6.54846493581338e-08,6.30739316435811e-08,3.9640047745756775,29.193911786298315,0.0003931619103952,0.0290010803954394,Green,0.041636387116662274,0.0004174980104309,False
HS,SMALL_LoBM,Rolling500,0.0094427479813171,3022,40.0,0.0132362673726009,0.0884672487506781,1.9498536737979264e-08,3.3125734566767946e-08,2.902045074110614,31.5438656804601,0.0004266313428298,0.0280331120290524,Green,0.045180846049678466,0.0004174980104309,True
HS,SMALL_LoBM,Selected-rolling,0.0094427479813171,3022,40.0,0.0132362673726009,0.0884672487506781,1.9498536737979264e-08,3.3125734566767946e-08,2.902045074110614,31.5438656804601,0.0004266313428298,0.0280331120290524,Green,0.045180846049678466,0.0004174980104309,True
HS,SMALL_LoBM,Gate-selected-rolling,0.0094427479813171,3022,40.0,0.0132362673726009,0.0884672487506781,1.9498536737979264e-08,3.3125734566767946e-08,2.902045074110614,31.5438656804601,0.0004266313428298,0.0280331120290524,Green,0.045180846049678466,0.0004174980104309,True
HS,SMALL_LoBM,DtACI-projected-expected,0.0094427479813171,3022,54.496343070511074,0.0180332041927568,,,,,,0.0004049927377554,0.0261187822428795,,0.04288928800775964,0.0004174980104309,False
HS,ME1_BM2,State-L1,0.0087065846712843,3022,62.0,0.0205162144275314,3.616322577943711e-07,2.714961131563354e-07,4.3287432531602704e-12,25.888955903283396,26.44253181233023,0.0003598764082649,0.0227771966309253,Yellow,0.041333820533765615,0.000364903269696,False
HS,ME1_BM2,State-L1-clipped,0.0087065846712843,3022,62.0,0.0205162144275314,3.616322577943711e-07,2.714961131563354e-07,4.3287432531602704e-12,25.888955903283396,26.44253181233023,0.0003597147518893,0.02276103099337,Yellow,0.04131525339387055,0.000364903269696,False
HS,ME1_BM2,POT-Shift,0.0087065846712843,3022,28.0,0.0092653871608206,0.6811109911530853,2.9765906434194067e-06,1.669780522653042e-05,0.1688778928511407,21.83158864862776,0.0003552708682936,0.0236175336614609,Green,0.040804848480408135,0.000364903269696,False
HS,ME1_BM2,POT-Vol,0.0087065846712843,3022,33.0,0.0109199205823957,0.616496934256846,2.3653272358327462e-08,1.5042064540347173e-07,0.2508219168666166,31.168838412896264,0.0003501864119116,0.0226990640603408,Green,0.04022087019570032,0.000364903269696,False
HS,ME1_BM2,Loss-gate,0.0087065846712843,3022,52.0,0.0172071475843812,0.0003042772885574,2.332689482694131e-14,3.3358619525964283e-16,13.04387863694818,58.22938213381309,0.000364903269696,0.0204676488913085,Yellow,0.04191118371587299,0.000364903269696,False
HS,ME1_BM2,Past-minimum,0.0087065846712843,3022,20.0,0.0066181336863004,0.0464829918008776,0.0001968116298343,0.0001346753844337,3.9640047745756775,13.861281695169623,0.0003507030404882,0.0255059819975625,Green,0.04028020788046481,0.000364903269696,False
HS,ME1_BM2,DtACI-projected-seed,0.0087065846712843,3022,45.0,0.014890800794176,0.0117553149005344,1.4917835735697172e-07,4.2502412387862e-08,6.347404697189777,27.600005303929436,0.0003475619334148,0.0227853318840878,Green,0.03991943414518376,0.000364903269696,False
HS,ME1_BM2,Raw,0.0087065846712843,3022,52.0,0.0172071475843812,0.0003042772885574,2.332689482694131e-14,3.3358619525964283e-16,13.04387863694818,58.22938213381309,0.000364903269696,0.0204676488913085,Yellow,0.04191118371587299,0.000364903269696,False
HS,ME1_BM2,Shift-CP,0.0087065846712843,3022,26.0,0.0086035737921906,0.4292824922055034,1.3076920273489369e-06,6.032696669646647e-06,0.6247638674956022,23.4118690090977,0.0003556532936235,0.0239958977059595,Green,0.04084877217084916,0.000364903269696,False
HS,ME1_BM2,Vol-ERM,0.0087065846712843,3022,22.0,0.0072799470549305,0.114262225911664,0.0003705518990239,0.0005081708723769,2.494257872984294,12.67512773500826,0.0003498102638402,0.0250528078725261,Green,0.040177667483546085,0.000364903269696,False
HS,ME1_BM2,Rolling500,0.0087065846712843,3022,35.0,0.0115817339510258,0.3939456834907922,1.8239029418220427e-09,9.808571075196552e-09,0.7267284545357224,36.153290013462936,0.0003717421110877,0.0241668389590881,Green,0.04269666294221712,0.000364903269696,True
HS,ME1_BM2,Selected-rolling,0.0087065846712843,3022,38.0,0.0125744540039708,0.171418220226424,4.50504468401868e-06,1.060975454931219e-05,1.870496546801455,21.036976932212156,0.0004062909896667,0.0302957558848496,Green,0.0466647950954537,0.000364903269696,True
HS,ME1_BM2,Gate-selected-rolling,0.0087065846712843,3022,38.0,0.0125744540039708,0.171418220226424,4.50504468401868e-06,1.060975454931219e-05,1.870496546801455,21.036976932212156,0.0004062909896667,0.0302957558848496,Green,0.0466647950954537,0.000364903269696,True
HS,ME1_BM2,DtACI-projected-expected,0.0087065846712843,3022,46.3541504476955,0.0153388982288866,,,,,,0.0003545349520329,0.022647328340278,,0.0407203243772742,0.000364903269696,False
HS,ME1_BM3,State-L1,0.0081032285808888,3022,59.0,0.0195234943745863,3.2488163501033985e-06,1.2981207653243111e-05,1.4692886552153462e-09,21.66369823551937,19.01327668706824,0.0003272889395037,0.0206117000571187,Yellow,0.04038994287728725,0.0003380857130376,False
HS,ME1_BM3,State-L1-clipped,0.0081032285808888,3022,59.0,0.0195234943745863,3.2488163501033985e-06,1.2981207653243111e-05,1.4692886552153462e-09,21.66369823551937,19.01327668706824,0.0003270965452887,0.0205924606356151,Yellow,0.040366199968756476,0.0003380857130376,False
HS,ME1_BM3,POT-Shift,0.0081032285808888,3022,24.0,0.0079417604235605,0.238182893076649,2.181201149882907e-05,6.081135553561105e-05,1.391316541585013,18.024151493921863,0.0003306430463505,0.0223355189183021,Green,0.04080386515694631,0.0003380857130376,False
HS,ME1_BM3,POT-Vol,0.0081032285808888,3022,31.0,0.0102581072137657,0.8870779793048909,8.856411441529604e-09,6.500764902633243e-08,0.0201647285880723,33.07735706470396,0.0003261960539085,0.0213807041304095,Green,0.0402550724877517,0.0003380857130376,False
HS,ME1_BM3,Loss-gate,0.0081032285808888,3022,52.0,0.0172071475843812,0.0003042772885574,2.332689482694131e-14,3.3358619525964283e-16,13.04387863694818,58.22938213381309,0.0003380857130376,0.0190084045978353,Yellow,0.041722346798282864,0.0003380857130376,False
HS,ME1_BM3,Past-minimum,0.0081032285808888,3022,21.0,0.0069490403706154,0.0744917817473285,0.0002723421112321,0.0002701864147465,3.1811610409348994,13.251635783489746,0.0003283154097247,0.0244489018690613,Green,0.04051661710481933,0.0003380857130376,False
HS,ME1_BM3,DtACI-projected-seed,0.0081032285808888,3022,52.0,0.0172071475843812,0.0003042772885574,0.0018662033929015,1.1649057732477652e-05,13.04387863694818,9.676691888163871,0.0003284804474384,0.0208301540401214,Yellow,0.040536984013151305,0.0003380857130376,False
HS,ME1_BM3,Raw,0.0081032285808888,3022,52.0,0.0172071475843812,0.0003042772885574,2.332689482694131e-14,3.3358619525964283e-16,13.04387863694818,58.22938213381309,0.0003380857130376,0.0190084045978353,Yellow,0.041722346798282864,0.0003380857130376,False
HS,ME1_BM3,Shift-CP,0.0081032285808888,3022,22.0,0.0072799470549305,0.114262225911664,1.004467689634128e-05,1.67254038730116e-05,2.494257872984294,19.50290573577243,0.0003319627574045,0.0229217737453007,Green,0.040966727532211464,0.0003380857130376,False
HS,ME1_BM3,Vol-ERM,0.0081032285808888,3022,21.0,0.0069490403706154,0.0744917817473285,0.0002723421112321,0.0002701864147465,3.1811610409348994,13.251635783489746,0.000327925995188,0.0242401636734247,Green,0.04046856039102769,0.0003380857130376,False
HS,ME1_BM3,Rolling500,0.0081032285808888,3022,36.0,0.0119126406353408,0.3049888617044544,3.0232385198015792e-09,1.3636148068279044e-08,1.0522526043840212,35.16883064381534,0.0003468560942233,0.022360103100417,Green,0.04280467850078286,0.0003380857130376,True
HS,ME1_BM3,Selected-rolling,0.0081032285808888,3022,36.0,0.0119126406353408,0.3049888617044544,3.0232385198015792e-09,1.3636148068279044e-08,1.0522526043840212,35.16883064381534,0.0003468560942233,0.022360103100417,Green,0.04280467850078286,0.0003380857130376,True
HS,ME1_BM3,Gate-selected-rolling,0.0081032285808888,3022,36.0,0.0119126406353408,0.3049888617044544,3.0232385198015792e-09,1.3636148068279044e-08,1.0522526043840212,35.16883064381534,0.0003468560942233,0.022360103100417,Green,0.04280467850078286,0.0003380857130376,True
HS,ME1_BM3,DtACI-projected-expected,0.0081032285808888,3022,51.5795361169873,0.0170680132749792,,,,,,0.0003278300722249,0.0207602767617783,,0.04045672276826505,0.0003380857130376,False
HS,ME1_BM4,State-L1,0.0076430047111398,3022,55.0,0.0181998676373262,4.821508717000442e-05,3.332076487185613e-07,5.719266049885375e-10,16.51702931392836,26.046991577548965,0.0003095187915004,0.019502631991435,Yellow,0.04049700388765579,0.000319588437817,False
HS,ME1_BM4,State-L1-clipped,0.0076430047111398,3022,55.0,0.0181998676373262,4.821508717000442e-05,3.332076487185613e-07,5.719266049885375e-10,16.51702931392836,26.046991577548965,0.000309468972219,0.0194976500632907,Yellow,0.040490485602860365,0.000319588437817,False
HS,ME1_BM4,POT-Shift,0.0076430047111398,3022,26.0,0.0086035737921906,0.4292824922055034,7.302785856722641e-12,4.682508297246539e-11,0.6247638674956022,46.944440323765605,0.0003131440838914,0.0210456174539144,Green,0.04097133205151471,0.000319588437817,False
HS,ME1_BM4,POT-Vol,0.0076430047111398,3022,29.0,0.0095962938451356,0.8223235300395308,3.064761292147673e-09,2.2803628879796503e-08,0.0504260710928057,35.14226623341972,0.0003064323734922,0.0204183206246767,Green,0.04009318129106606,0.000319588437817,False
HS,ME1_BM4,Loss-gate,0.0076430047111398,3022,49.0,0.0162144275314361,0.0016321417097115,1.945175727225854e-09,1.0516490851833984e-10,9.92313469253552,36.027848188442135,0.000319588437817,0.0181113834389612,Yellow,0.04181450226652285,0.000319588437817,False
HS,ME1_BM4,Past-minimum,0.0076430047111398,3022,17.0,0.0056254136333553,0.0084362208777515,6.579987244996221e-05,1.0829905719291392e-05,6.938449505842968,15.92794889916209,0.0003125467921189,0.0233176851377661,Green,0.0408931832350382,0.000319588437817,False
HS,ME1_BM4,DtACI-projected-seed,0.0076430047111398,3022,49.0,0.0162144275314361,0.0016321417097115,0.0001061935264695,3.82786471840331e-06,9.92313469253552,15.023272157500628,0.0003065029722852,0.0194749991877751,Yellow,0.0401024183379695,0.000319588437817,False
HS,ME1_BM4,Raw,0.0076430047111398,3022,49.0,0.0162144275314361,0.0016321417097115,1.945175727225854e-09,1.0516490851833984e-10,9.92313469253552,36.027848188442135,0.000319588437817,0.0181113834389612,Yellow,0.04181450226652285,0.000319588437817,False
HS,ME1_BM4,Shift-CP,0.0076430047111398,3022,25.0,0.0082726671078755,0.325255496757399,2.7440440758673257e-10,1.3702920285111206e-09,0.9676958640339244,39.84878805661501,0.0003135938278543,0.021346989271311,Green,0.041030175919848914,0.000319588437817,False
HS,ME1_BM4,Vol-ERM,0.0076430047111398,3022,17.0,0.0056254136333553,0.0084362208777515,6.579987244996221e-05,1.0829905719291392e-05,6.938449505842968,15.92794889916209,0.0003111780365443,0.0228915347614557,Green,0.04071409717839806,0.000319588437817,False
HS,ME1_BM4,Rolling500,0.0076430047111398,3022,40.0,0.0132362673726009,0.0884672487506781,2.1686339434829892e-11,4.354875701066176e-11,2.902045074110614,44.812234835286176,0.0003307320855964,0.0211310457902232,Green,0.043272521488093914,0.000319588437817,True
HS,ME1_BM4,Selected-rolling,0.0076430047111398,3022,38.0,0.0125744540039708,0.171418220226424,7.908949305482479e-09,2.3088441529935363e-08,1.870496546801455,33.29737087582515,0.0003599608975204,0.0255070438802902,Green,0.04709677818145935,0.000319588437817,True
HS,ME1_BM4,Gate-selected-rolling,0.0076430047111398,3022,38.0,0.0125744540039708,0.171418220226424,7.908949305482479e-09,2.3088441529935363e-08,1.870496546801455,33.29737087582515,0.0003599608975204,0.0255070438802902,Green,0.04709677818145935,0.000319588437817,True
HS,ME1_BM4,DtACI-projected-expected,0.0076430047111398,3022,50.156679036828294,0.0165971803563296,,,,,,0.0003109594539104,0.0195414900671751,,0.040685498133629525,0.000319588437817,False
HS,SMALL_HiBM,State-L1,0.0073015158722018,3022,29.0,0.0095962938451356,0.8223235300395308,0.0001139139646566,0.0005695637645328,0.0504260710928057,14.890853559962409,0.0002931537774085,0.0198067438204366,Green,0.040149714461977654,0.0003098924255904,False
HS,SMALL_HiBM,State-L1-clipped,0.0073015158722018,3022,29.0,0.0095962938451356,0.8223235300395308,0.0001139139646566,0.0005695637645328,0.0504260710928057,14.890853559962409,0.00029315916584,0.0198072826635889,Green,0.040150452450033056,0.0003098924255904,False
HS,SMALL_HiBM,POT-Shift,0.0073015158722018,3022,30.0,0.0099272005294506,0.9678779360649316,2.051520152949856e-07,1.3808859760661714e-06,0.0016216663170061,26.983948839991623,0.0003069415209254,0.020213731734733,Green,0.04203805432978407,0.0003098924255904,False
HS,SMALL_HiBM,POT-Vol,0.0073015158722018,3022,29.0,0.0095962938451356,0.8223235300395308,1.3027867090728978e-07,8.687164613250762e-07,0.0504260710928057,27.862072021870404,0.000302063524093,0.0200592553675875,Green,0.04136997431492422,0.0003098924255904,False
HS,SMALL_HiBM,Loss-gate,0.0073015158722018,3022,42.0,0.0138980807412309,0.0419713345202354,4.5585147607933934e-08,4.0734858449249674e-08,4.136359781646799,29.896003494567196,0.0003098924255904,0.0178002340859789,Green,0.042442203922368624,0.0003098924255904,False
HS,SMALL_HiBM,Past-minimum,0.0073015158722018,3022,21.0,0.0069490403706154,0.0744917817473285,6.609368588852585e-06,7.951686180394627e-06,3.1811610409348994,20.303092066314747,0.0003025513544564,0.0218002111284458,Green,0.041436786518299316,0.0003098924255904,False
HS,SMALL_HiBM,DtACI-projected-seed,0.0073015158722018,3022,45.0,0.014890800794176,0.0117553149005344,3.761914126573896e-05,8.566565449124732e-06,6.347404697189777,16.98788264296678,0.0003205034129176,0.0207106956861701,Green,0.043895462055737605,0.0003098924255904,True
HS,SMALL_HiBM,Raw,0.0073015158722018,3022,42.0,0.0138980807412309,0.0419713345202354,4.5585147607933934e-08,4.0734858449249674e-08,4.136359781646799,29.896003494567196,0.0003098924255904,0.0178002340859789,Green,0.042442203922368624,0.0003098924255904,False
HS,SMALL_HiBM,Shift-CP,0.0073015158722018,3022,23.0,0.0076108537392455,0.1681945734363785,3.2807306724058225e-07,8.415937450243608e-07,1.8989617933042204,26.076975061162784,0.0003088583994295,0.0215978251000568,Green,0.04230058591057511,0.0003098924255904,False
HS,SMALL_HiBM,Vol-ERM,0.0073015158722018,3022,22.0,0.0072799470549305,0.114262225911664,1.004467689634128e-05,1.67254038730116e-05,2.494257872984294,19.50290573577243,0.0003024070832377,0.0217002782671641,Green,0.041417027440701575,0.0003098924255904,False
HS,SMALL_HiBM,Rolling500,0.0073015158722018,3022,36.0,0.0119126406353408,0.3049888617044544,8.343950505377521e-11,4.104084337548345e-10,1.0522526043840212,42.1754839400125,0.00032570819073,0.0208402221459413,Green,0.0446082972948166,0.0003098924255904,True
HS,SMALL_HiBM,Selected-rolling,0.0073015158722018,3022,36.0,0.0119126406353408,0.3049888617044544,8.343950505377521e-11,4.104084337548345e-10,1.0522526043840212,42.1754839400125,0.00032570819073,0.0208402221459413,Green,0.0446082972948166,0.0003098924255904,True
HS,SMALL_HiBM,Gate-selected-rolling,0.0073015158722018,3022,36.0,0.0119126406353408,0.3049888617044544,8.343950505377521e-11,4.104084337548345e-10,1.0522526043840212,42.1754839400125,0.00032570819073,0.0208402221459413,Green,0.0446082972948166,0.0003098924255904,True
HS,SMALL_HiBM,DtACI-projected-expected,0.0073015158722018,3022,45.71361585734304,0.015126941051404,,,,,,0.0003147344700368,0.0207286218173599,,0.04310535997532395,0.0003098924255904,True
HS,ME2_BM1,State-L1,0.0100663558129268,3022,73.0,0.0241561879549966,3.599785495075202e-11,6.900161127956956e-10,1.668820037575845e-18,43.8201563376297,38.04867338541874,0.0003999019177917,0.0266806721616181,Yellow,0.03972658280945746,0.0004072078212875,False
HS,ME2_BM1,State-L1-clipped,0.0100663558129268,3022,73.0,0.0241561879549966,3.599785495075202e-11,6.900161127956956e-10,1.668820037575845e-18,43.8201563376297,38.04867338541874,0.0003999019177917,0.0266806721616181,Yellow,0.03972658280945746,0.0004072078212875,False
HS,ME2_BM1,POT-Shift,0.0100663558129268,3022,31.0,0.0102581072137657,0.8870779793048909,1.9983650471066023e-10,1.6145487296213652e-09,0.0201647285880723,40.468255958814154,0.0003956740845023,0.0277156735389002,Green,0.03930658640082955,0.0004072078212875,False
HS,ME2_BM1,POT-Vol,0.0100663558129268,3022,30.0,0.0099272005294506,0.9678779360649316,2.051520152949856e-07,1.3808859760661714e-06,0.0016216663170061,26.983948839991623,0.0003875700117432,0.0275064313873345,Green,0.03850152120050223,0.0004072078212875,False
HS,ME2_BM1,Loss-gate,0.0100663558129268,3022,54.0,0.0178689609530112,9.06849949256723e-05,4.445203778330818e-11,1.766957362234983e-13,15.32136651053375,43.407327781280856,0.0004072078212875,0.0243931318779772,Yellow,0.04045235722391022,0.0004072078212875,False
HS,ME2_BM1,Past-minimum,0.0100663558129268,3022,24.0,0.0079417604235605,0.238182893076649,5.318741991780065e-07,1.7289855683117166e-06,1.391316541585013,25.144634854693123,0.0003858528792476,0.0294360000582482,Green,0.03833093985731198,0.0004072078212875,False
HS,ME2_BM1,DtACI-projected-seed,0.0100663558129268,3022,56.0,0.0185307743216412,2.519530054178201e-05,5.848924863298444e-05,4.350714947253046e-08,17.749731839035007,16.15094927429766,0.0003801983344371,0.0264144806747378,Yellow,0.03776921276206678,0.0004072078212875,False
HS,ME2_BM1,Raw,0.0100663558129268,3022,54.0,0.0178689609530112,9.06849949256723e-05,4.445203778330818e-11,1.766957362234983e-13,15.32136651053375,43.407327781280856,0.0004072078212875,0.0243931318779772,Yellow,0.04045235722391022,0.0004072078212875,False
HS,ME2_BM1,Shift-CP,0.0100663558129268,3022,33.0,0.0109199205823957,0.616496934256846,1.376050712817438e-11,1.0501065924715715e-10,0.2508219168666166,45.70309659170118,0.0003958589265248,0.0273190535105294,Green,0.039324948758164724,0.0004072078212875,False
HS,ME2_BM1,Vol-ERM,0.0100663558129268,3022,21.0,0.0069490403706154,0.0744917817473285,1.1544470080373445e-07,1.6152975538916185e-07,3.1811610409348994,28.095991893782667,0.0003865186309089,0.0298691398534781,Green,0.038397076170559034,0.0004072078212875,False
HS,ME2_BM1,Rolling500,0.0100663558129268,3022,39.0,0.0129053606882859,0.1244589115040368,1.2505496221100732e-08,2.821272291779525e-08,2.360291741415807,32.4066938454842,0.0004124025307198,0.0280740775284184,Green,0.04096840389748688,0.0004072078212875,True
HS,ME2_BM1,Selected-rolling,0.0100663558129268,3022,45.0,0.014890800794176,0.0117553149005344,0.0043106002946275,0.0007117679375896,6.347404697189777,8.148112562871631,0.0004354666970588,0.0333209821733375,Green,0.04325961700058244,0.0004072078212875,True
HS,ME2_BM1,Gate-selected-rolling,0.0100663558129268,3022,45.0,0.014890800794176,0.0117553149005344,0.0043106002946275,0.0007117679375896,6.347404697189777,8.148112562871631,0.0004354666970588,0.0333209821733375,Green,0.04325961700058244,0.0004072078212875,True
HS,ME2_BM1,DtACI-projected-expected,0.0100663558129268,3022,52.7379698727032,0.0174513467480817,,,,,,0.0003867526300563,0.0262884769248429,,0.038420321836791047,0.0004072078212875,False
HS,ME2_BM2,State-L1,0.0091836495740911,3022,32.0,0.0105890138980807,0.7471942982036877,4.832654141967159e-07,3.0006152629107516e-06,0.1039037863093597,25.32948261906432,0.0003624404635906,0.0253299558866534,Green,0.039465842056203515,0.0003857194545849,False
HS,ME2_BM2,State-L1-clipped,0.0091836495740911,3022,32.0,0.0105890138980807,0.7471942982036877,4.832654141967159e-07,3.0006152629107516e-06,0.1039037863093597,25.32948261906432,0.0003624632999398,0.0253317169562859,Green,0.039468328687364225,0.0003857194545849,False
HS,ME2_BM2,POT-Shift,0.0091836495740911,3022,37.0,0.0122435473196558,0.2311112398046076,3.2012635108815908e-06,9.511621781697469e-06,1.434009248861596,21.691983074324924,0.000372635737127,0.0248467934702264,Green,0.04057599695204829,0.0003857194545849,False
HS,ME2_BM2,POT-Vol,0.0091836495740911,3022,34.0,0.0112508272667107,0.4980802242699028,1.0709756190499745e-06,5.408291261641249e-06,0.4590245070488059,23.796130219194936,0.0003679707552617,0.0243891684279135,Green,0.04006803093835577,0.0003857194545849,False
HS,ME2_BM2,Loss-gate,0.0091836495740911,3022,53.0,0.0175380542686962,0.0001675976442963,5.697252545126731e-10,3.8117028623375184e-12,14.163416715812147,38.42247344647768,0.0003857194545849,0.0221043772053953,Yellow,0.04200067211548351,0.0003857194545849,False
HS,ME2_BM2,Past-minimum,0.0091836495740911,3022,53.0,0.0175380542686962,0.0001675976442963,5.697252545126731e-10,3.8117028623375184e-12,14.163416715812147,38.42247344647768,0.0003857194545849,0.0221043772053953,Yellow,0.04200067211548351,0.0003857194545849,False
HS,ME2_BM2,DtACI-projected-seed,0.0091836495740911,3022,53.0,0.0175380542686962,0.0001675976442963,0.0022409939152488,7.872442274086852e-06,14.163416715812147,9.340867717389074,0.0003590042985137,0.0242095524722089,Yellow,0.03909168088539903,0.0003857194545849,False
HS,ME2_BM2,Raw,0.0091836495740911,3022,53.0,0.0175380542686962,0.0001675976442963,5.697252545126731e-10,3.8117028623375184e-12,14.163416715812147,38.42247344647768,0.0003857194545849,0.0221043772053953,Yellow,0.04200067211548351,0.0003857194545849,False
HS,ME2_BM2,Shift-CP,0.0091836495740911,3022,32.0,0.0105890138980807,0.7471942982036877,4.832654141967159e-07,3.0006152629107516e-06,0.1039037863093597,25.32948261906432,0.0003722813835625,0.0251378869161471,Green,0.04053741168573981,0.0003857194545849,False
HS,ME2_BM2,Vol-ERM,0.0091836495740911,3022,22.0,0.0072799470549305,0.114262225911664,1.004467689634128e-05,1.67254038730116e-05,2.494257872984294,19.50290573577243,0.0003651135180118,0.0268149605013494,Green,0.03975690873940332,0.0003857194545849,False
HS,ME2_BM2,Rolling500,0.0091836495740911,3022,36.0,0.0119126406353408,0.3049888617044544,3.0232385198015792e-09,1.3636148068279044e-08,1.0522526043840212,35.16883064381534,0.0003887303556383,0.0258397326183611,Green,0.04232852663879789,0.0003857194545849,True
HS,ME2_BM2,Selected-rolling,0.0091836495740911,3022,36.0,0.0119126406353408,0.3049888617044544,3.0232385198015792e-09,1.3636148068279044e-08,1.0522526043840212,35.16883064381534,0.0003887303556383,0.0258397326183611,Green,0.04232852663879789,0.0003857194545849,True
HS,ME2_BM2,Gate-selected-rolling,0.0091836495740911,3022,36.0,0.0119126406353408,0.3049888617044544,3.0232385198015792e-09,1.3636148068279044e-08,1.0522526043840212,35.16883064381534,0.0003887303556383,0.0258397326183611,Green,0.04232852663879789,0.0003857194545849,True
HS,ME2_BM2,DtACI-projected-expected,0.0091836495740911,3022,52.41252473704948,0.0173436547773161,,,,,,0.0003619242206868,0.0242105981194626,,0.039409628793748853,0.0003857194545849,False
HS,ME2_BM3,State-L1,0.0087477008113198,3022,46.0,0.015221707478491,0.0073884346056394,0.0005596986285404,7.186383653168759e-05,7.176022019346441,11.9054527581132,0.0003307601855165,0.0235194750392826,Green,0.037811099470673015,0.0003469548621514,False
HS,ME2_BM3,State-L1-clipped,0.0087477008113198,3022,46.0,0.015221707478491,0.0073884346056394,0.0005596986285404,7.186383653168759e-05,7.176022019346441,11.9054527581132,0.0003305533848214,0.0234987949697672,Green,0.0377874588936162,0.0003469548621514,False
HS,ME2_BM3,POT-Shift,0.0087477008113198,3022,36.0,0.0119126406353408,0.3049888617044544,1.930177471733523e-12,1.0257983080561752e-11,1.0522526043840212,49.55367714832079,0.0003351327162737,0.0236011672460524,Green,0.03831094861406642,0.0003469548621514,False
HS,ME2_BM3,POT-Vol,0.0087477008113198,3022,38.0,0.0125744540039708,0.171418220226424,1.5284325099320896e-13,5.650561734680559e-13,1.870496546801455,54.533205946476414,0.0003306281408236,0.0228458016072327,Green,0.03779600468225396,0.0003469548621514,False
HS,ME2_BM3,Loss-gate,0.0087477008113198,3022,52.0,0.0172071475843812,0.0003042772885574,1.6477772872531236e-11,2.0888335831224397e-13,13.04387863694818,45.35012214892822,0.0003469548621514,0.020756974069742,Yellow,0.03966240611503648,0.0003469548621514,False
HS,ME2_BM3,Past-minimum,0.0087477008113198,3022,52.0,0.0172071475843812,0.0003042772885574,1.6477772872531236e-11,2.0888335831224397e-13,13.04387863694818,45.35012214892822,0.0003469548621514,0.020756974069742,Yellow,0.03966240611503648,0.0003469548621514,False
HS,ME2_BM3,DtACI-projected-seed,0.0087477008113198,3022,47.0,0.015552614162806,0.0045533979728568,0.0006934957558839,5.6702306939659765e-05,8.048793070606663,11.506598251976868,0.00033867670733,0.0233965785062882,Green,0.038716082618159696,0.0003469548621514,False
HS,ME2_BM3,Raw,0.0087477008113198,3022,52.0,0.0172071475843812,0.0003042772885574,1.6477772872531236e-11,2.0888335831224397e-13,13.04387863694818,45.35012214892822,0.0003469548621514,0.020756974069742,Yellow,0.03966240611503648,0.0003469548621514,False
HS,ME2_BM3,Shift-CP,0.0087477008113198,3022,34.0,0.0112508272667107,0.4980802242699028,5.065890013891248e-13,3.7131825648870276e-12,0.4590245070488059,52.17923903862584,0.0003346400021556,0.0239748024184722,Green,0.038254623628938625,0.0003469548621514,False
HS,ME2_BM3,Vol-ERM,0.0087477008113198,3022,17.0,0.0056254136333553,0.0084362208777515,6.579987244996221e-05,1.0829905719291392e-05,6.938449505842968,15.92794889916209,0.0003297940879377,0.0264507493372368,Green,0.03770065929906245,0.0003469548621514,False
HS,ME2_BM3,Rolling500,0.0087477008113198,3022,40.0,0.0132362673726009,0.0884672487506781,5.67295382214586e-13,1.2232363116859117e-12,2.902045074110614,51.956997035737174,0.0003549370839194,0.0247638278020848,Green,0.04057489980225436,0.0003469548621514,True
HS,ME2_BM3,Selected-rolling,0.0087477008113198,3022,40.0,0.0132362673726009,0.0884672487506781,5.67295382214586e-13,1.2232363116859117e-12,2.902045074110614,51.956997035737174,0.0003549370839194,0.0247638278020848,Green,0.04057489980225436,0.0003469548621514,True
HS,ME2_BM3,Gate-selected-rolling,0.0087477008113198,3022,40.0,0.0132362673726009,0.0884672487506781,5.67295382214586e-13,1.2232363116859117e-12,2.902045074110614,51.956997035737174,0.0003549370839194,0.0247638278020848,Green,0.04057489980225436,0.0003469548621514,True
HS,ME2_BM3,DtACI-projected-expected,0.0087477008113198,3022,47.84372803979032,0.0158318094109167,,,,,,0.0003348751536653,0.0234066567921437,,0.03828150515069754,0.0003469548621514,False
HS,ME2_BM4,State-L1,0.0083874001003845,3022,29.0,0.0095962938451356,0.8223235300395308,3.064761292147673e-09,2.2803628879796503e-08,0.0504260710928057,35.14226623341972,0.0003342452366395,0.0243135024622772,Green,0.03985087543685645,0.0003483036272717,False
HS,ME2_BM4,State-L1-clipped,0.0083874001003845,3022,28.0,0.0092653871608206,0.6811109911530853,1.7436481743170326e-09,1.2407919277681344e-08,0.1688778928511407,36.240983940669935,0.0003328688750677,0.0243156581959184,Green,0.039686776722674816,0.0003483036272717,False
HS,ME2_BM4,POT-Shift,0.0083874001003845,3022,30.0,0.0099272005294506,0.9678779360649316,1.833521760724872e-12,1.6493674123971178e-11,0.0016216663170061,49.65446672360173,0.0003384149865804,0.0235758341633369,Green,0.040348019950173376,0.0003483036272717,False
HS,ME2_BM4,POT-Vol,0.0083874001003845,3022,31.0,0.0102581072137657,0.8870779793048909,8.856411441529604e-09,6.500764902633243e-08,0.0201647285880723,33.07735706470396,0.0003336506987262,0.0235656084222016,Green,0.03977999078771795,0.0003483036272717,False
HS,ME2_BM4,Loss-gate,0.0083874001003845,3022,50.0,0.0165453342157511,0.0009497929796368,5.815346406295565e-12,2.1742772214816192e-13,10.922968473079765,47.39085135006479,0.0003483036272717,0.0209473804902406,Yellow,0.04152700754739635,0.0003483036272717,False
HS,ME2_BM4,Past-minimum,0.0083874001003845,3022,50.0,0.0165453342157511,0.0009497929796368,5.815346406295565e-12,2.1742772214816192e-13,10.922968473079765,47.39085135006479,0.0003483036272717,0.0209473804902406,Yellow,0.04152700754739635,0.0003483036272717,False
HS,ME2_BM4,DtACI-projected-seed,0.0083874001003845,3022,47.0,0.015552614162806,0.0045533979728568,4.883861215667049e-06,5.220264211958604e-07,8.048793070606663,20.882302199447224,0.0003391304674343,0.0227063526320969,Green,0.04043332419765612,0.0003483036272717,False
HS,ME2_BM4,Raw,0.0083874001003845,3022,50.0,0.0165453342157511,0.0009497929796368,5.815346406295565e-12,2.1742772214816192e-13,10.922968473079765,47.39085135006479,0.0003483036272717,0.0209473804902406,Yellow,0.04152700754739635,0.0003483036272717,False
HS,ME2_BM4,Shift-CP,0.0083874001003845,3022,28.0,0.0092653871608206,0.6811109911530853,4.14112836724805e-13,3.5220655247107885e-12,0.1688778928511407,52.5750691103961,0.0003387389266203,0.0243461606202508,Green,0.040386642173511116,0.0003483036272717,False
HS,ME2_BM4,Vol-ERM,0.0083874001003845,3022,24.0,0.0079417604235605,0.238182893076649,5.318741991780065e-07,1.7289855683117166e-06,1.391316541585013,25.144634854693123,0.00033253123092,0.025042759332595,Green,0.0396465206071135,0.0003483036272717,False
HS,ME2_BM4,Rolling500,0.0083874001003845,3022,37.0,0.0122435473196558,0.2311112398046076,1.4613056884251963e-10,5.864343217622776e-10,1.434009248861596,41.0799116260597,0.0003571970424306,0.0243507612749974,Green,0.04258733793016803,0.0003483036272717,True
HS,ME2_BM4,Selected-rolling,0.0083874001003845,3022,37.0,0.0122435473196558,0.2311112398046076,1.4613056884251963e-10,5.864343217622776e-10,1.434009248861596,41.0799116260597,0.0003571970424306,0.0243507612749974,Green,0.04258733793016803,0.0003483036272717,True
HS,ME2_BM4,Gate-selected-rolling,0.0083874001003845,3022,37.0,0.0122435473196558,0.2311112398046076,1.4613056884251963e-10,5.864343217622776e-10,1.434009248861596,41.0799116260597,0.0003571970424306,0.0243507612749974,Green,0.04258733793016803,0.0003483036272717,True
HS,ME2_BM4,DtACI-projected-expected,0.0083874001003845,3022,49.61947649216629,0.0164194164434699,,,,,,0.0003381429678755,0.0227722464425545,,0.04031558812366643,0.0003483036272717,False
HS,ME2_BM5,State-L1,0.0086424384385058,3022,46.0,0.015221707478491,0.0073884346056394,3.5726534178246272e-06,5.985575113197043e-07,7.176022019346441,21.48146442892232,0.0003263696412356,0.0230627767247911,Green,0.037763606134755,0.0003400716559693,False
HS,ME2_BM5,State-L1-clipped,0.0086424384385058,3022,46.0,0.015221707478491,0.0073884346056394,3.5726534178246272e-06,5.985575113197043e-07,7.176022019346441,21.48146442892232,0.0003263046454137,0.02305627714261,Green,0.03775608559268085,0.0003400716559693,False
HS,ME2_BM5,POT-Shift,0.0086424384385058,3022,33.0,0.0109199205823957,0.616496934256846,1.376050712817438e-11,1.0501065924715715e-10,0.2508219168666166,45.70309659170118,0.0003326751546206,0.0230162587624334,Green,0.03849320501241737,0.0003400716559693,False
HS,ME2_BM5,POT-Vol,0.0086424384385058,3022,29.0,0.0095962938451356,0.8223235300395308,3.064761292147673e-09,2.2803628879796503e-08,0.0504260710928057,35.14226623341972,0.0003279366526031,0.0227876145118785,Green,0.03794492201899876,0.0003400716559693,False
HS,ME2_BM5,Loss-gate,0.0086424384385058,3022,46.0,0.015221707478491,0.0073884346056394,1.7626348105568062e-14,4.7608439450910065e-15,7.176022019346441,58.78068086664189,0.0003400716559693,0.0204467590337373,Green,0.03934904001793449,0.0003400716559693,False
HS,ME2_BM5,Past-minimum,0.0086424384385058,3022,46.0,0.015221707478491,0.0073884346056394,1.7626348105568062e-14,4.7608439450910065e-15,7.176022019346441,58.78068086664189,0.0003400716559693,0.0204467590337373,Green,0.03934904001793449,0.0003400716559693,False
HS,ME2_BM5,DtACI-projected-seed,0.0086424384385058,3022,45.0,0.014890800794176,0.0117553149005344,1.4917835735697172e-07,4.2502412387862e-08,6.347404697189777,27.600005303929436,0.0003425648989048,0.0230800231253014,Green,0.039637528383022695,0.0003400716559693,True
HS,ME2_BM5,Raw,0.0086424384385058,3022,46.0,0.015221707478491,0.0073884346056394,1.7626348105568062e-14,4.7608439450910065e-15,7.176022019346441,58.78068086664189,0.0003400716559693,0.0204467590337373,Green,0.03934904001793449,0.0003400716559693,False
HS,ME2_BM5,Shift-CP,0.0086424384385058,3022,29.0,0.0095962938451356,0.8223235300395308,5.785534048677637e-11,4.734061432804178e-10,0.0504260710928057,42.891708812905506,0.0003327166813118,0.0236965417540019,Green,0.03849800998632554,0.0003400716559693,False
HS,ME2_BM5,Vol-ERM,0.0086424384385058,3022,24.0,0.0079417604235605,0.238182893076649,0.000656063907172,0.0015026253106345,1.391316541585013,11.609766445638911,0.0003269177431827,0.0248257174616823,Green,0.03782702596134675,0.0003400716559693,False
HS,ME2_BM5,Rolling500,0.0086424384385058,3022,43.0,0.0142289874255459,0.0280248197011461,2.286487454933264e-15,2.0644424329459368e-15,4.826539944772172,62.80129248165804,0.0003486452780754,0.0235901239835685,Green,0.040341077411906644,0.0003400716559693,True
HS,ME2_BM5,Selected-rolling,0.0086424384385058,3022,43.0,0.0142289874255459,0.0280248197011461,2.286487454933264e-15,2.0644424329459368e-15,4.826539944772172,62.80129248165804,0.0003486452780754,0.0235901239835685,Green,0.040341077411906644,0.0003400716559693,True
HS,ME2_BM5,Gate-selected-rolling,0.0086424384385058,3022,43.0,0.0142289874255459,0.0280248197011461,2.286487454933264e-15,2.0644424329459368e-15,4.826539944772172,62.80129248165804,0.0003486452780754,0.0235901239835685,Green,0.040341077411906644,0.0003400716559693,True
HS,ME2_BM5,DtACI-projected-expected,0.0086424384385058,3022,47.90776576101739,0.015852999920919,,,,,,0.0003446035879851,0.0230643935145015,,0.0398734211920726,0.0003400716559693,True
HS,ME3_BM1,State-L1,0.0104201144475203,3022,37.0,0.0122435473196558,0.2311112398046076,4.928379385895508e-09,1.8128980821628745e-08,1.434009248861596,34.21749880870442,0.0003745950395277,0.0253055816917295,Green,0.03594922506986891,0.0003847482258379,False
HS,ME3_BM1,State-L1-clipped,0.0104201144475203,3022,37.0,0.0122435473196558,0.2311112398046076,4.928379385895508e-09,1.8128980821628745e-08,1.434009248861596,34.21749880870442,0.0003745950395277,0.0253055816917295,Green,0.03594922506986891,0.0003847482258379,False
HS,ME3_BM1,POT-Shift,0.0104201144475203,3022,36.0,0.0119126406353408,0.3049888617044544,3.0232385198015792e-09,1.3636148068279044e-08,1.0522526043840212,35.16883064381534,0.0003735391433861,0.0258031585939555,Green,0.03584789258000828,0.0003847482258379,False
HS,ME3_BM1,POT-Vol,0.0104201144475203,3022,32.0,0.0105890138980807,0.7471942982036877,1.4606797671610294e-08,1.0137848239534197e-07,0.1039037863093597,32.10490616065499,0.0003681543149589,0.025826051306292,Green,0.035331120095951594,0.0003847482258379,False
HS,ME3_BM1,Loss-gate,0.0104201144475203,3022,53.0,0.0175380542686962,0.0001675976442963,1.668487515470875e-07,9.510460374658903e-10,14.163416715812147,27.38350057423156,0.0003847482258379,0.0230389364636528,Yellow,0.03692360844745419,0.0003847482258379,False
HS,ME3_BM1,Past-minimum,0.0104201144475203,3022,53.0,0.0175380542686962,0.0001675976442963,1.668487515470875e-07,9.510460374658903e-10,14.163416715812147,27.38350057423156,0.0003847482258379,0.0230389364636528,Yellow,0.03692360844745419,0.0003847482258379,False
HS,ME3_BM1,DtACI-projected-seed,0.0104201144475203,3022,50.0,0.0165453342157511,0.0009497929796368,1.1896095362039816e-05,2.9056983466154085e-07,10.922968473079765,19.179875316601283,0.0003770795764421,0.0254310221265068,Yellow,0.03618766169423739,0.0003847482258379,False
HS,ME3_BM1,Raw,0.0104201144475203,3022,53.0,0.0175380542686962,0.0001675976442963,1.668487515470875e-07,9.510460374658903e-10,14.163416715812147,27.38350057423156,0.0003847482258379,0.0230389364636528,Yellow,0.03692360844745419,0.0003847482258379,False
HS,ME3_BM1,Shift-CP,0.0104201144475203,3022,37.0,0.0122435473196558,0.2311112398046076,4.928379385895508e-09,1.8128980821628745e-08,1.434009248861596,34.21749880870442,0.0003739228313727,0.0256052001348271,Green,0.03588471443916658,0.0003847482258379,False
HS,ME3_BM1,Vol-ERM,0.0104201144475203,3022,29.0,0.0095962938451356,0.8223235300395308,3.064761292147673e-09,2.2803628879796503e-08,0.0504260710928057,35.14226623341972,0.0003667630113077,0.0265815372499615,Green,0.035197599139132243,0.0003847482258379,False
HS,ME3_BM1,Rolling500,0.0104201144475203,3022,43.0,0.0142289874255459,0.0280248197011461,6.844033500521492e-08,4.2768687623356315e-08,4.826539944772172,29.10837925461163,0.0003894747500133,0.0267736932516764,Green,0.0373772046338689,0.0003847482258379,True
HS,ME3_BM1,Selected-rolling,0.0104201144475203,3022,34.0,0.0112508272667107,0.4980802242699028,0.0004402600908418,0.0016515334257532,0.4590245070488059,12.353077640362528,0.000405255295302,0.0319712304932842,Green,0.03889163572463829,0.0003847482258379,True
HS,ME3_BM1,Gate-selected-rolling,0.0104201144475203,3022,34.0,0.0112508272667107,0.4980802242699028,0.0004402600908418,0.0016515334257532,0.4590245070488059,12.353077640362528,0.000405255295302,0.0319712304932842,Green,0.03889163572463829,0.0003847482258379,True
HS,ME3_BM1,DtACI-projected-expected,0.0104201144475203,3022,51.43586149044465,0.0170204703806898,,,,,,0.000370653115289,0.0252783823037184,,0.03557092555516079,0.0003847482258379,False
HS,ME3_BM2,State-L1,0.0097160743363543,3022,37.0,0.0122435473196558,0.2311112398046076,4.928379385895508e-09,1.8128980821628745e-08,1.434009248861596,34.21749880870442,0.0003692004495059,0.0240012301834967,Green,0.03799893215354224,0.0003792367030895,False
HS,ME3_BM2,State-L1-clipped,0.0097160743363543,3022,35.0,0.0115817339510258,0.3939456834907922,5.898055155192301e-08,2.876066490812234e-07,0.7267284545357224,29.396615729802647,0.0003675730955809,0.0240118286780279,Green,0.03783144126487016,0.0003792367030895,False
HS,ME3_BM2,POT-Shift,0.0097160743363543,3022,29.0,0.0095962938451356,0.8223235300395308,3.064761292147673e-09,2.2803628879796503e-08,0.0504260710928057,35.14226623341972,0.0003730654525253,0.0246466891711479,Green,0.038396726868321074,0.0003792367030895,False
HS,ME3_BM2,POT-Vol,0.0097160743363543,3022,30.0,0.0099272005294506,0.9678779360649316,5.265270825217389e-09,3.9568809063185115e-08,0.0016216663170061,34.08882769161244,0.0003679963408958,0.0242155569440159,Green,0.03787500261488128,0.0003792367030895,False
HS,ME3_BM2,Loss-gate,0.0097160743363543,3022,49.0,0.0162144275314361,0.0016321417097115,1.945175727225854e-09,1.0516490851833984e-10,9.92313469253552,36.027848188442135,0.0003792367030895,0.0218953362270995,Yellow,0.0390318857144313,0.0003792367030895,False
HS,ME3_BM2,Past-minimum,0.0097160743363543,3022,49.0,0.0162144275314361,0.0016321417097115,1.945175727225854e-09,1.0516490851833984e-10,9.92313469253552,36.027848188442135,0.0003792367030895,0.0218953362270995,Yellow,0.0390318857144313,0.0003792367030895,False
HS,ME3_BM2,DtACI-projected-seed,0.0097160743363543,3022,49.0,0.0162144275314361,0.0016321417097115,0.0010467438786824,3.2539091166061484e-05,9.92313469253552,10.743002080083556,0.000374428799946,0.0243729270927371,Yellow,0.03853704561985623,0.0003792367030895,False
HS,ME3_BM2,Raw,0.0097160743363543,3022,49.0,0.0162144275314361,0.0016321417097115,1.945175727225854e-09,1.0516490851833984e-10,9.92313469253552,36.027848188442135,0.0003792367030895,0.0218953362270995,Yellow,0.0390318857144313,0.0003792367030895,False
HS,ME3_BM2,Shift-CP,0.0097160743363543,3022,30.0,0.0099272005294506,0.9678779360649316,1.0888420391454852e-10,9.00264926607108e-10,0.0016216663170061,41.655042399730405,0.0003729867839173,0.0243706439408689,Green,0.0383886301200587,0.0003792367030895,False
HS,ME3_BM2,Vol-ERM,0.0097160743363543,3022,23.0,0.0076108537392455,0.1681945734363785,0.0004965136749947,0.0008993506805302,1.8989617933042204,12.1287132488946,0.0003662412325515,0.0261570698175913,Green,0.03769436295697613,0.0003792367030895,False
HS,ME3_BM2,Rolling500,0.0097160743363543,3022,39.0,0.0129053606882859,0.1244589115040368,1.2505496221100732e-08,2.821272291779525e-08,2.360291741415807,32.4066938454842,0.0003841427761983,0.0244565914487376,Green,0.03953682968037474,0.0003792367030895,True
HS,ME3_BM2,Selected-rolling,0.0097160743363543,3022,35.0,0.0115817339510258,0.3939456834907922,0.0005609874103254,0.0018108689166481,0.7267284545357224,11.901168514368235,0.0004205123131988,0.0318275569969939,Green,0.04328006339200016,0.0003792367030895,True
HS,ME3_BM2,Gate-selected-rolling,0.0097160743363543,3022,35.0,0.0115817339510258,0.3939456834907922,0.0005609874103254,0.0018108689166481,0.7267284545357224,11.901168514368235,0.0004205123131988,0.0318275569969939,Green,0.04328006339200016,0.0003792367030895,True
HS,ME3_BM2,DtACI-projected-expected,0.0097160743363543,3022,48.56988524942744,0.0160720996854491,,,,,,0.000366633865649,0.0243920298364884,,0.03773477362942549,0.0003792367030895,False
HS,ME3_BM3,State-L1,0.0092151275437785,3022,42.0,0.0138980807412309,0.0419713345202354,0.0002230734281488,0.000138979381127,4.136359781646799,13.626010164457568,0.0003486621115661,0.0248859607750912,Green,0.03783584219639974,0.0003701455976403,False
HS,ME3_BM3,State-L1-clipped,0.0092151275437785,3022,43.0,0.0142289874255459,0.0280248197011461,0.0002835555503535,0.000123252434774,4.826539944772172,13.176012036183693,0.000348715119578,0.024875049484819,Green,0.03784159447835657,0.0003701455976403,False
HS,ME3_BM3,POT-Shift,0.0092151275437785,3022,32.0,0.0105890138980807,0.7471942982036877,1.2011203572447334e-13,1.0785924300938668e-12,0.1039037863093597,55.00682467429522,0.0003579862649633,0.0245018557679455,Green,0.03884767337864909,0.0003701455976403,False
HS,ME3_BM3,POT-Vol,0.0092151275437785,3022,34.0,0.0112508272667107,0.4980802242699028,1.0810051246285476e-09,6.734587035897609e-09,0.4590245070488059,37.17299418312933,0.0003512329503255,0.0238994210229283,Green,0.03811482246522256,0.0003701455976403,False
HS,ME3_BM3,Loss-gate,0.0092151275437785,3022,58.0,0.0191925876902713,6.538626389001613e-06,2.8339160933845716e-10,8.858948987572272e-14,20.32368193072726,39.78584440679992,0.0003701455976403,0.0212076754512836,Yellow,0.040167170327468776,0.0003701455976403,False
HS,ME3_BM3,Past-minimum,0.0092151275437785,3022,58.0,0.0191925876902713,6.538626389001613e-06,2.8339160933845716e-10,8.858948987572272e-14,20.32368193072726,39.78584440679992,0.0003701455976403,0.0212076754512836,Yellow,0.040167170327468776,0.0003701455976403,False
HS,ME3_BM3,DtACI-projected-seed,0.0092151275437785,3022,55.0,0.0181998676373262,4.821508717000442e-05,4.556390792113065e-05,6.359975869741569e-08,16.51702931392836,16.624283007418285,0.0003538036632222,0.0231185399886537,Yellow,0.038393789075775404,0.0003701455976403,False
HS,ME3_BM3,Raw,0.0092151275437785,3022,58.0,0.0191925876902713,6.538626389001613e-06,2.8339160933845716e-10,8.858948987572272e-14,20.32368193072726,39.78584440679992,0.0003701455976403,0.0212076754512836,Yellow,0.040167170327468776,0.0003701455976403,False
HS,ME3_BM3,Shift-CP,0.0092151275437785,3022,35.0,0.0115817339510258,0.3939456834907922,1.8018483253325953e-14,1.223294938587044e-13,0.7267284545357224,58.73738798820017,0.0003590825697828,0.0235295233033963,Green,0.03896664132719801,0.0003701455976403,False
HS,ME3_BM3,Vol-ERM,0.0092151275437785,3022,23.0,0.0076108537392455,0.1681945734363785,5.412560578873976e-09,1.5740128343020903e-08,1.8989617933042204,34.0351430867959,0.0003495881579579,0.0254386762651578,Green,0.03793633417411796,0.0003701455976403,False
HS,ME3_BM3,Rolling500,0.0092151275437785,3022,36.0,0.0119126406353408,0.3049888617044544,3.0232385198015792e-09,1.3636148068279044e-08,1.0522526043840212,35.16883064381534,0.0003725467275102,0.0249183221788761,Green,0.04042773425981729,0.0003701455976403,True
HS,ME3_BM3,Selected-rolling,0.0092151275437785,3022,36.0,0.0119126406353408,0.3049888617044544,3.0232385198015792e-09,1.3636148068279044e-08,1.0522526043840212,35.16883064381534,0.0003725467275102,0.0249183221788761,Green,0.04042773425981729,0.0003701455976403,True
HS,ME3_BM3,Gate-selected-rolling,0.0092151275437785,3022,36.0,0.0119126406353408,0.3049888617044544,3.0232385198015792e-09,1.3636148068279044e-08,1.0522526043840212,35.16883064381534,0.0003725467275102,0.0249183221788761,Green,0.04042773425981729,0.0003701455976403,True
HS,ME3_BM3,DtACI-projected-expected,0.0092151275437785,3022,53.31568001806298,0.0176425148967779,,,,,,0.0003519553333986,0.02328841486332,,0.038193213466287734,0.0003701455976403,False
HS,ME3_BM4,State-L1,0.0091661086387668,3022,37.0,0.0122435473196558,0.2311112398046076,0.000889335903076,0.001950961723936,1.434009248861596,11.04485642358543,0.0003347998609569,0.0237014689399759,Green,0.03652584473425395,0.0003488636541244,False
HS,ME3_BM4,State-L1-clipped,0.0091661086387668,3022,37.0,0.0122435473196558,0.2311112398046076,0.000889335903076,0.001950961723936,1.434009248861596,11.04485642358543,0.000334591525804,0.0236806354246822,Green,0.03650311587939194,0.0003488636541244,False
HS,ME3_BM4,POT-Shift,0.0091661086387668,3022,27.0,0.0089344804765056,0.5488165862937472,1.990488338801142e-06,1.0315927403862964e-05,0.3594414811203243,22.604201533293576,0.0003396704151419,0.0239422803613857,Green,0.037057210265358465,0.0003488636541244,False
HS,ME3_BM4,POT-Vol,0.0091661086387668,3022,31.0,0.0102581072137657,0.8870779793048909,3.1744828669023476e-07,2.0858103340469726e-06,0.0201647285880723,26.140541529002174,0.00033512327645,0.0234746567708588,Green,0.03656112857234116,0.0003488636541244,False
HS,ME3_BM4,Loss-gate,0.0091661086387668,3022,53.0,0.0175380542686962,0.0001675976442963,1.668487515470875e-07,9.510460374658903e-10,14.163416715812147,27.38350057423156,0.0003488636541244,0.0209034312416391,Yellow,0.038060170119403665,0.0003488636541244,False
HS,ME3_BM4,Past-minimum,0.0091661086387668,3022,53.0,0.0175380542686962,0.0001675976442963,1.668487515470875e-07,9.510460374658903e-10,14.163416715812147,27.38350057423156,0.0003488636541244,0.0209034312416391,Yellow,0.038060170119403665,0.0003488636541244,False
HS,ME3_BM4,DtACI-projected-seed,0.0091661086387668,3022,51.0,0.0168762409000661,0.000542535105169,0.0015467371691802,1.6822643447699964e-05,11.963477868238918,10.022091641335066,0.0003539991299357,0.0234304089059022,Yellow,0.03862043795100892,0.0003488636541244,True
HS,ME3_BM4,Raw,0.0091661086387668,3022,53.0,0.0175380542686962,0.0001675976442963,1.668487515470875e-07,9.510460374658903e-10,14.163416715812147,27.38350057423156,0.0003488636541244,0.0209034312416391,Yellow,0.038060170119403665,0.0003488636541244,False
HS,ME3_BM4,Shift-CP,0.0091661086387668,3022,26.0,0.0086035737921906,0.4292824922055034,1.3076920273489369e-06,6.032696669646647e-06,0.6247638674956022,23.4118690090977,0.0003399021822702,0.0241314508891953,Green,0.037082495491339726,0.0003488636541244,False
HS,ME3_BM4,Vol-ERM,0.0091661086387668,3022,23.0,0.0076108537392455,0.1681945734363785,0.0114554940169097,0.0158259044094398,1.8989617933042204,6.393252530514644,0.0003357131337163,0.0251902828908787,Green,0.03662548055523227,0.0003488636541244,False
HS,ME3_BM4,Rolling500,0.0091661086387668,3022,39.0,0.0129053606882859,0.1244589115040368,4.2487461614589727e-10,1.0466338626682596e-09,2.360291741415807,38.99508159375472,0.0003559088489189,0.0242119188739681,Green,0.038828783614197226,0.0003488636541244,True
HS,ME3_BM4,Selected-rolling,0.0091661086387668,3022,39.0,0.0129053606882859,0.1244589115040368,4.2487461614589727e-10,1.0466338626682596e-09,2.360291741415807,38.99508159375472,0.0003559088489189,0.0242119188739681,Green,0.038828783614197226,0.0003488636541244,True
HS,ME3_BM4,Gate-selected-rolling,0.0091661086387668,3022,39.0,0.0129053606882859,0.1244589115040368,4.2487461614589727e-10,1.0466338626682596e-09,2.360291741415807,38.99508159375472,0.0003559088489189,0.0242119188739681,Green,0.038828783614197226,0.0003488636541244,True
HS,ME3_BM4,DtACI-projected-expected,0.0091661086387668,3022,46.06097214039228,0.0152418835673038,,,,,,0.0003469416755873,0.023478244414861,,0.037850486968914784,0.0003488636541244,False
HS,ME3_BM5,State-L1,0.0093728342288646,3022,44.0,0.014559894109861,0.0183344495525287,1.0159259260765359e-07,4.33632497851708e-08,5.563907295458282,28.34339977194884,0.0003601754425831,0.0242711176001765,Green,0.03842759124810967,0.000372498021473,False
HS,ME3_BM5,State-L1-clipped,0.0093728342288646,3022,44.0,0.014559894109861,0.0183344495525287,1.0159259260765359e-07,4.33632497851708e-08,5.563907295458282,28.34339977194884,0.0003584093487494,0.0242759176576818,Green,0.03823916437630379,0.000372498021473,False
HS,ME3_BM5,POT-Shift,0.0093728342288646,3022,33.0,0.0109199205823957,0.616496934256846,2.5005173208944163e-13,2.059819573496719e-12,0.2508219168666166,53.56598352842161,0.0003634193347602,0.0239733940431734,Green,0.03877368636703433,0.000372498021473,False
HS,ME3_BM5,POT-Vol,0.0093728342288646,3022,32.0,0.0105890138980807,0.7471942982036877,1.4606797671610294e-08,1.0137848239534197e-07,0.1039037863093597,32.10490616065499,0.0003597129597674,0.0237460373945358,Green,0.038378248348789445,0.000372498021473,False
HS,ME3_BM5,Loss-gate,0.0093728342288646,3022,52.0,0.0172071475843812,0.0003042772885574,2.332689482694131e-14,3.3358619525964283e-16,13.04387863694818,58.22938213381309,0.000372498021473,0.0216281092969745,Yellow,0.03974230338202871,0.000372498021473,False
HS,ME3_BM5,Past-minimum,0.0093728342288646,3022,52.0,0.0172071475843812,0.0003042772885574,2.332689482694131e-14,3.3358619525964283e-16,13.04387863694818,58.22938213381309,0.000372498021473,0.0216281092969745,Yellow,0.03974230338202871,0.000372498021473,False
HS,ME3_BM5,DtACI-projected-seed,0.0093728342288646,3022,50.0,0.0165453342157511,0.0009497929796368,5.5450130188195314e-08,1.6547693185617674e-09,10.922968473079765,29.516239971694517,0.0003729600906717,0.024551583060774,Yellow,0.0397916021520077,0.000372498021473,True
HS,ME3_BM5,Raw,0.0093728342288646,3022,52.0,0.0172071475843812,0.0003042772885574,2.332689482694131e-14,3.3358619525964283e-16,13.04387863694818,58.22938213381309,0.000372498021473,0.0216281092969745,Yellow,0.03974230338202871,0.000372498021473,False
HS,ME3_BM5,Shift-CP,0.0093728342288646,3022,26.0,0.0086035737921906,0.4292824922055034,2.9609212501476988e-08,1.551515460561969e-07,0.6247638674956022,30.73296309488245,0.0003635326914514,0.0247826139285783,Green,0.03878578054137179,0.000372498021473,False
HS,ME3_BM5,Vol-ERM,0.0093728342288646,3022,24.0,0.0079417604235605,0.238182893076649,5.318741991780065e-07,1.7289855683117166e-06,1.391316541585013,25.144634854693123,0.0003588309216668,0.0261604148486102,Green,0.03828414254481783,0.000372498021473,False
HS,ME3_BM5,Rolling500,0.0093728342288646,3022,39.0,0.0129053606882859,0.1244589115040368,1.2505496221100732e-08,2.821272291779525e-08,2.360291741415807,32.4066938454842,0.0003832770624974,0.0246334788396648,Green,0.040892333432832856,0.000372498021473,True
HS,ME3_BM5,Selected-rolling,0.0093728342288646,3022,39.0,0.0129053606882859,0.1244589115040368,1.2505496221100732e-08,2.821272291779525e-08,2.360291741415807,32.4066938454842,0.0003832770624974,0.0246334788396648,Green,0.040892333432832856,0.000372498021473,True
HS,ME3_BM5,Gate-selected-rolling,0.0093728342288646,3022,39.0,0.0129053606882859,0.1244589115040368,1.2505496221100732e-08,2.821272291779525e-08,2.360291741415807,32.4066938454842,0.0003832770624974,0.0246334788396648,Green,0.040892333432832856,0.000372498021473,True
HS,ME3_BM5,DtACI-projected-expected,0.0093728342288646,3022,49.16887953401148,0.0162703108980845,,,,,,0.0003778710480696,0.0245986456939388,,0.04031555864990203,0.000372498021473,True
HS,ME4_BM1,State-L1,0.0109030700283055,3022,34.0,0.0112508272667107,0.4980802242699028,1.0709756190499745e-06,5.408291261641249e-06,0.4590245070488059,23.796130219194936,0.0003518832267689,0.0239531580427034,Green,0.032273774804286746,0.0003580977295767,False
HS,ME4_BM1,State-L1-clipped,0.0109030700283055,3022,34.0,0.0112508272667107,0.4980802242699028,1.0709756190499745e-06,5.408291261641249e-06,0.4590245070488059,23.796130219194936,0.0003518832267689,0.0239531580427034,Green,0.032273774804286746,0.0003580977295767,False
HS,ME4_BM1,POT-Shift,0.0109030700283055,3022,28.0,0.0092653871608206,0.6811109911530853,2.9765906434194067e-06,1.669780522653042e-05,0.1688778928511407,21.83158864862776,0.0003515840335913,0.0251101665274905,Green,0.03224633361782979,0.0003580977295767,False
HS,ME4_BM1,POT-Vol,0.0109030700283055,3022,31.0,0.0102581072137657,0.8870779793048909,9.06327956988865e-06,5.22353572247172e-05,0.0201647285880723,19.699337173208335,0.0003472875766931,0.0243880969054284,Green,0.0318522742485837,0.0003580977295767,False
HS,ME4_BM1,Loss-gate,0.0109030700283055,3022,46.0,0.015221707478491,0.0073884346056394,1.1150506613212017e-08,2.271561541769123e-09,7.176022019346441,32.62957465682848,0.0003580977295767,0.0222142087291734,Green,0.03284375214018081,0.0003580977295767,False
HS,ME4_BM1,Past-minimum,0.0109030700283055,3022,46.0,0.015221707478491,0.0073884346056394,1.1150506613212017e-08,2.271561541769123e-09,7.176022019346441,32.62957465682848,0.0003580977295767,0.0222142087291734,Green,0.03284375214018081,0.0003580977295767,False
HS,ME4_BM1,DtACI-projected-seed,0.0109030700283055,3022,47.0,0.015552614162806,0.0045533979728568,3.1197679340933765e-07,3.7033114086774775e-08,8.048793070606663,26.17411362786447,0.0003584887768816,0.0245031820860288,Green,0.03287961793796848,0.0003580977295767,True
HS,ME4_BM1,Raw,0.0109030700283055,3022,46.0,0.015221707478491,0.0073884346056394,1.1150506613212017e-08,2.271561541769123e-09,7.176022019346441,32.62957465682848,0.0003580977295767,0.0222142087291734,Green,0.03284375214018081,0.0003580977295767,False
HS,ME4_BM1,Shift-CP,0.0109030700283055,3022,34.0,0.0112508272667107,0.4980802242699028,1.0709756190499745e-06,5.408291261641249e-06,0.4590245070488059,23.796130219194936,0.0003517199679723,0.0240836786996419,Green,0.03225880115042814,0.0003580977295767,False
HS,ME4_BM1,Vol-ERM,0.0109030700283055,3022,27.0,0.0089344804765056,0.5488165862937472,1.990488338801142e-06,1.0315927403862964e-05,0.3594414811203243,22.604201533293576,0.0003459409037592,0.0255398815154495,Green,0.03172876106097655,0.0003580977295767,False
HS,ME4_BM1,Rolling500,0.0109030700283055,3022,42.0,0.0138980807412309,0.0419713345202354,4.5585147607933934e-08,4.0734858449249674e-08,4.136359781646799,29.896003494567196,0.000370132568111,0.0251271131268842,Green,0.03394755487675467,0.0003580977295767,True
HS,ME4_BM1,Selected-rolling,0.0109030700283055,3022,42.0,0.0138980807412309,0.0419713345202354,4.5585147607933934e-08,4.0734858449249674e-08,4.136359781646799,29.896003494567196,0.000370132568111,0.0251271131268842,Green,0.03394755487675467,0.0003580977295767,True
HS,ME4_BM1,Gate-selected-rolling,0.0109030700283055,3022,42.0,0.0138980807412309,0.0419713345202354,4.5585147607933934e-08,4.0734858449249674e-08,4.136359781646799,29.896003494567196,0.000370132568111,0.0251271131268842,Green,0.03394755487675467,0.0003580977295767,True
HS,ME4_BM1,DtACI-projected-expected,0.0109030700283055,3022,49.650194085035096,0.0164295811002763,,,,,,0.0003597113882169,0.0244772693029395,,0.032991752532364915,0.0003580977295767,True
HS,ME4_BM2,State-L1,0.0100315417437344,3022,34.0,0.0112508272667107,0.4980802242699028,1.0810051246285476e-09,6.734587035897609e-09,0.4590245070488059,37.17299418312933,0.0003615048665622,0.0245396914922412,Green,0.036036820241314584,0.0003742961150517,False
HS,ME4_BM2,State-L1-clipped,0.0100315417437344,3022,34.0,0.0112508272667107,0.4980802242699028,1.0810051246285476e-09,6.734587035897609e-09,0.4590245070488059,37.17299418312933,0.0003615048665622,0.0245396914922412,Green,0.036036820241314584,0.0003742961150517,False
HS,ME4_BM2,POT-Shift,0.0100315417437344,3022,33.0,0.0109199205823957,0.616496934256846,6.286918929979094e-10,4.404885804659303e-09,0.2508219168666166,38.23028108697679,0.0003611856480374,0.0248005002667847,Green,0.036004998759337555,0.0003742961150517,False
HS,ME4_BM2,POT-Vol,0.0100315417437344,3022,38.0,0.0125744540039708,0.171418220226424,7.908949305482479e-09,2.3088441529935363e-08,1.870496546801455,33.29737087582515,0.0003554477939242,0.0240633776953094,Green,0.03543301747672127,0.0003742961150517,False
HS,ME4_BM2,Loss-gate,0.0100315417437344,3022,56.0,0.0185307743216412,2.519530054178201e-05,3.3317171022288644e-08,3.325264956993411e-11,17.749731839035007,30.50404149234032,0.0003742961150517,0.021696861751161,Yellow,0.03731192319321021,0.0003742961150517,False
HS,ME4_BM2,Past-minimum,0.0100315417437344,3022,56.0,0.0185307743216412,2.519530054178201e-05,3.3317171022288644e-08,3.325264956993411e-11,17.749731839035007,30.50404149234032,0.0003742961150517,0.021696861751161,Yellow,0.03731192319321021,0.0003742961150517,False
HS,ME4_BM2,DtACI-projected-seed,0.0100315417437344,3022,51.0,0.0168762409000661,0.000542535105169,1.577066244015222e-05,2.2599679387130415e-07,11.963477868238918,18.642012180130905,0.0003575544750314,0.0240558676181167,Yellow,0.03564302319279337,0.0003742961150517,False
HS,ME4_BM2,Raw,0.0100315417437344,3022,56.0,0.0185307743216412,2.519530054178201e-05,3.3317171022288644e-08,3.325264956993411e-11,17.749731839035007,30.50404149234032,0.0003742961150517,0.021696861751161,Yellow,0.03731192319321021,0.0003742961150517,False
HS,ME4_BM2,Shift-CP,0.0100315417437344,3022,34.0,0.0112508272667107,0.4980802242699028,1.0810051246285476e-09,6.734587035897609e-09,0.4590245070488059,37.17299418312933,0.0003614877098624,0.0245534077745008,Green,0.03603510996584165,0.0003742961150517,False
HS,ME4_BM2,Vol-ERM,0.0100315417437344,3022,22.0,0.0072799470549305,0.114262225911664,1.004467689634128e-05,1.67254038730116e-05,2.494257872984294,19.50290573577243,0.0003515255624905,0.0256481561587293,Green,0.03504202758365227,0.0003742961150517,False
HS,ME4_BM2,Rolling500,0.0100315417437344,3022,40.0,0.0132362673726009,0.0884672487506781,7.067783319707392e-10,1.3116970535115275e-09,2.902045074110614,38.001843080734886,0.0003785174797356,0.025133827604151,Green,0.03773273235612245,0.0003742961150517,True
HS,ME4_BM2,Selected-rolling,0.0100315417437344,3022,36.0,0.0119126406353408,0.3049888617044544,0.0007090471353907,0.0019135090366362,1.0522526043840212,11.465380456696778,0.0003868270654192,0.0297355668966678,Green,0.03856107817732088,0.0003742961150517,True
HS,ME4_BM2,Gate-selected-rolling,0.0100315417437344,3022,36.0,0.0119126406353408,0.3049888617044544,0.0007090471353907,0.0019135090366362,1.0522526043840212,11.465380456696778,0.0003868270654192,0.0297355668966678,Green,0.03856107817732088,0.0003742961150517,True
HS,ME4_BM2,DtACI-projected-expected,0.0100315417437344,3022,47.67842662177594,0.015777110066769,,,,,,0.0003593975952898,0.024117910262719,,0.03582675569428559,0.0003742961150517,False
HS,ME4_BM3,State-L1,0.009910480728396,3022,48.0,0.0158835208471211,0.0027523191202792,8.27706811797028e-05,4.884904868763326e-06,8.964792793451004,15.493928700173,0.000354112138853,0.0235892213972859,Green,0.03573107587388575,0.0003647996566812,False
HS,ME4_BM3,State-L1-clipped,0.009910480728396,3022,46.0,0.015221707478491,0.0073884346056394,4.9278512813697734e-05,7.313095912278428e-06,7.176022019346441,16.475665693552003,0.0003516906012398,0.0236031145310983,Green,0.035486734788971304,0.0003647996566812,False
HS,ME4_BM3,POT-Shift,0.009910480728396,3022,27.0,0.0089344804765056,0.5488165862937472,1.990488338801142e-06,1.0315927403862964e-05,0.3594414811203243,22.604201533293576,0.0003582181197712,0.0245513094777647,Green,0.03614538281123091,0.0003647996566812,False
HS,ME4_BM3,POT-Vol,0.009910480728396,3022,31.0,0.0102581072137657,0.8870779793048909,3.1744828669023476e-07,2.0858103340469726e-06,0.0201647285880723,26.140541529002174,0.0003538095151209,0.0240915169397365,Green,0.03570054014707354,0.0003647996566812,False
HS,ME4_BM3,Loss-gate,0.009910480728396,3022,49.0,0.0162144275314361,0.0016321417097115,3.3870984120103505e-12,2.110077938902019e-13,9.92313469253552,48.45062795596158,0.0003647996566812,0.0214474808772618,Yellow,0.03680948146500683,0.0003647996566812,False
HS,ME4_BM3,Past-minimum,0.009910480728396,3022,49.0,0.0162144275314361,0.0016321417097115,3.3870984120103505e-12,2.110077938902019e-13,9.92313469253552,48.45062795596158,0.0003647996566812,0.0214474808772618,Yellow,0.03680948146500683,0.0003647996566812,False
HS,ME4_BM3,DtACI-projected-seed,0.009910480728396,3022,44.0,0.014559894109861,0.0183344495525287,0.0003579874577587,0.0001060318127729,5.563907295458282,12.73963548130058,0.0003492276393045,0.0237702662068095,Green,0.03523821385413481,0.0003647996566812,False
HS,ME4_BM3,Raw,0.009910480728396,3022,49.0,0.0162144275314361,0.0016321417097115,3.3870984120103505e-12,2.110077938902019e-13,9.92313469253552,48.45062795596158,0.0003647996566812,0.0214474808772618,Yellow,0.03680948146500683,0.0003647996566812,False
HS,ME4_BM3,Shift-CP,0.009910480728396,3022,27.0,0.0089344804765056,0.5488165862937472,1.990488338801142e-06,1.0315927403862964e-05,0.3594414811203243,22.604201533293576,0.0003582801364188,0.0246095126793589,Green,0.03615164049431407,0.0003647996566812,False
HS,ME4_BM3,Vol-ERM,0.009910480728396,3022,27.0,0.0089344804765056,0.5488165862937472,4.95732518053361e-08,2.920263436196625e-07,0.3594414811203243,29.7334021606236,0.0003532302916686,0.0248227883117703,Green,0.035642094601577405,0.0003647996566812,False
HS,ME4_BM3,Rolling500,0.009910480728396,3022,36.0,0.0119126406353408,0.3049888617044544,8.343950505377521e-11,4.104084337548345e-10,1.0522526043840212,42.1754839400125,0.0003756394335825,0.024567932775222,Green,0.03790325049583108,0.0003647996566812,True
HS,ME4_BM3,Selected-rolling,0.009910480728396,3022,36.0,0.0119126406353408,0.3049888617044544,8.343950505377521e-11,4.104084337548345e-10,1.0522526043840212,42.1754839400125,0.0003756394335825,0.024567932775222,Green,0.03790325049583108,0.0003647996566812,True
HS,ME4_BM3,Gate-selected-rolling,0.009910480728396,3022,36.0,0.0119126406353408,0.3049888617044544,8.343950505377521e-11,4.104084337548345e-10,1.0522526043840212,42.1754839400125,0.0003756394335825,0.024567932775222,Green,0.03790325049583108,0.0003647996566812,True
HS,ME4_BM3,DtACI-projected-expected,0.009910480728396,3022,48.16565156524972,0.0159383360573294,,,,,,0.0003597417262847,0.0238916747861644,,0.03629911970404727,0.0003647996566812,False
HS,ME4_BM4,State-L1,0.0095753315830599,3022,32.0,0.0105890138980807,0.7471942982036877,4.832654141967159e-07,3.0006152629107516e-06,0.1039037863093597,25.32948261906432,0.000381982439162,0.0252012591691545,Green,0.03989234585231287,0.0003919509133396,False
HS,ME4_BM4,State-L1-clipped,0.0095753315830599,3022,32.0,0.0105890138980807,0.7471942982036877,4.832654141967159e-07,3.0006152629107516e-06,0.1039037863093597,25.32948261906432,0.000381982439162,0.0252012591691545,Green,0.03989234585231287,0.0003919509133396,False
HS,ME4_BM4,POT-Shift,0.0095753315830599,3022,35.0,0.0115817339510258,0.3939456834907922,1.0006225924772765e-12,6.335721824962222e-12,0.7267284545357224,50.842906278001806,0.000382543741181,0.0246428698162965,Green,0.03995096544309477,0.0003919509133396,False
HS,ME4_BM4,POT-Vol,0.0095753315830599,3022,32.0,0.0105890138980807,0.7471942982036877,4.832654141967159e-07,3.0006152629107516e-06,0.1039037863093597,25.32948261906432,0.0003778195243105,0.0247963919058558,Green,0.039457591732793416,0.0003919509133396,False
HS,ME4_BM4,Loss-gate,0.0095753315830599,3022,51.0,0.0168762409000661,0.000542535105169,9.851827393994456e-12,2.1662645896855885e-13,11.963477868238918,46.35772595556381,0.0003919509133396,0.0223588488880119,Yellow,0.04093340370927895,0.0003919509133396,False
HS,ME4_BM4,Past-minimum,0.0095753315830599,3022,51.0,0.0168762409000661,0.000542535105169,9.851827393994456e-12,2.1662645896855885e-13,11.963477868238918,46.35772595556381,0.0003919509133396,0.0223588488880119,Yellow,0.04093340370927895,0.0003919509133396,False
HS,ME4_BM4,DtACI-projected-seed,0.0095753315830599,3022,48.0,0.0158835208471211,0.0027523191202792,0.0071256530548483,0.0003026583762251,8.964792793451004,7.24101892601476,0.0003809377106026,0.0248441985901897,Green,0.039783239598358354,0.0003919509133396,False
HS,ME4_BM4,Raw,0.0095753315830599,3022,51.0,0.0168762409000661,0.000542535105169,9.851827393994456e-12,2.1662645896855885e-13,11.963477868238918,46.35772595556381,0.0003919509133396,0.0223588488880119,Yellow,0.04093340370927895,0.0003919509133396,False
HS,ME4_BM4,Shift-CP,0.0095753315830599,3022,29.0,0.0095962938451356,0.8223235300395308,1.3027867090728978e-07,8.687164613250762e-07,0.0504260710928057,27.862072021870404,0.0003819348136968,0.0255210633939876,Green,0.03988737208563054,0.0003919509133396,False
HS,ME4_BM4,Vol-ERM,0.0095753315830599,3022,26.0,0.0086035737921906,0.4292824922055034,4.413538493590859e-05,0.0001742996001361,0.6247638674956022,16.68470593161169,0.0003765753505364,0.0262876026839177,Green,0.03932765641271519,0.0003919509133396,False
HS,ME4_BM4,Rolling500,0.0095753315830599,3022,37.0,0.0122435473196558,0.2311112398046076,1.4613056884251963e-10,5.864343217622776e-10,1.434009248861596,41.0799116260597,0.0003973119770907,0.0255460111305749,Green,0.0414932865399252,0.0003919509133396,True
HS,ME4_BM4,Selected-rolling,0.0095753315830599,3022,37.0,0.0122435473196558,0.2311112398046076,1.4613056884251963e-10,5.864343217622776e-10,1.434009248861596,41.0799116260597,0.0003973119770907,0.0255460111305749,Green,0.0414932865399252,0.0003919509133396,True
HS,ME4_BM4,Gate-selected-rolling,0.0095753315830599,3022,37.0,0.0122435473196558,0.2311112398046076,1.4613056884251963e-10,5.864343217622776e-10,1.434009248861596,41.0799116260597,0.0003973119770907,0.0255460111305749,Green,0.0414932865399252,0.0003919509133396,True
HS,ME4_BM4,DtACI-projected-expected,0.0095753315830599,3022,47.94138153681247,0.015864123605828,,,,,,0.0003840869452486,0.0249796850981701,,0.0401121299995609,0.0003919509133396,False
HS,ME4_BM5,State-L1,0.0103621863714567,3022,30.0,0.0099272005294506,0.9678779360649316,5.265270825217389e-09,3.9568809063185115e-08,0.0016216663170061,34.08882769161244,0.0003904997994538,0.0265523159487287,Green,0.037685077787199095,0.000398130740311,False
HS,ME4_BM5,State-L1-clipped,0.0103621863714567,3022,30.0,0.0099272005294506,0.9678779360649316,5.265270825217389e-09,3.9568809063185115e-08,0.0016216663170061,34.08882769161244,0.0003904997994538,0.0265523159487287,Green,0.037685077787199095,0.000398130740311,False
HS,ME4_BM5,POT-Shift,0.0103621863714567,3022,31.0,0.0102581072137657,0.8870779793048909,8.856411441529604e-09,6.500764902633243e-08,0.0201647285880723,33.07735706470396,0.0003905123358274,0.0264283796353516,Green,0.03768628760655097,0.000398130740311,False
HS,ME4_BM5,POT-Vol,0.0103621863714567,3022,33.0,0.0109199205823957,0.616496934256846,6.286918929979094e-10,4.404885804659303e-09,0.2508219168666166,38.23028108697679,0.0003867162911338,0.026302654848139,Green,0.03731995133758978,0.000398130740311,False
HS,ME4_BM5,Loss-gate,0.0103621863714567,3022,52.0,0.0172071475843812,0.0003042772885574,1.6477772872531236e-11,2.0888335831224397e-13,13.04387863694818,45.35012214892822,0.000398130740311,0.0237085464174205,Yellow,0.03842149967575148,0.000398130740311,False
HS,ME4_BM5,Past-minimum,0.0103621863714567,3022,52.0,0.0172071475843812,0.0003042772885574,1.6477772872531236e-11,2.0888335831224397e-13,13.04387863694818,45.35012214892822,0.000398130740311,0.0237085464174205,Yellow,0.03842149967575148,0.000398130740311,False
HS,ME4_BM5,DtACI-projected-seed,0.0103621863714567,3022,46.0,0.015221707478491,0.0073884346056394,2.167999313909232e-07,4.0311948407068504e-08,7.176022019346441,26.87721383147249,0.0003916076654538,0.0269373792939572,Green,0.03779199209662048,0.000398130740311,False
HS,ME4_BM5,Raw,0.0103621863714567,3022,52.0,0.0172071475843812,0.0003042772885574,1.6477772872531236e-11,2.0888335831224397e-13,13.04387863694818,45.35012214892822,0.000398130740311,0.0237085464174205,Yellow,0.03842149967575148,0.000398130740311,False
HS,ME4_BM5,Shift-CP,0.0103621863714567,3022,28.0,0.0092653871608206,0.6811109911530853,1.7436481743170326e-09,1.2407919277681344e-08,0.1688778928511407,36.240983940669935,0.0003906370656299,0.0268594358464593,Green,0.03769832462248842,0.000398130740311,False
HS,ME4_BM5,Vol-ERM,0.0103621863714567,3022,24.0,0.0079417604235605,0.238182893076649,5.318741991780065e-07,1.7289855683117166e-06,1.391316541585013,25.144634854693123,0.0003855088933881,0.0277665801525541,Green,0.03720343174390385,0.000398130740311,False
HS,ME4_BM5,Rolling500,0.0103621863714567,3022,41.0,0.0135671740569159,0.061573954381983,3.7907371030054027e-11,5.5940245442443686e-11,3.494474307266703,43.71899977385846,0.0004138810336616,0.0269496769837865,Green,0.03994147748603148,0.000398130740311,True
HS,ME4_BM5,Selected-rolling,0.0103621863714567,3022,41.0,0.0135671740569159,0.061573954381983,3.7907371030054027e-11,5.5940245442443686e-11,3.494474307266703,43.71899977385846,0.0004138810336616,0.0269496769837865,Green,0.03994147748603148,0.000398130740311,True
HS,ME4_BM5,Gate-selected-rolling,0.0103621863714567,3022,41.0,0.0135671740569159,0.061573954381983,3.7907371030054027e-11,5.5940245442443686e-11,3.494474307266703,43.71899977385846,0.0004138810336616,0.0269496769837865,Green,0.03994147748603148,0.000398130740311,True
HS,ME4_BM5,DtACI-projected-expected,0.0103621863714567,3022,48.04375155330209,0.0158979985285579,,,,,,0.0004021094156356,0.026996114169673,,0.03880546066448254,0.000398130740311,True
HS,BIG_LoBM,State-L1,0.0115867581052356,3022,51.0,0.0168762409000661,0.000542535105169,4.602017855359775e-09,8.76947789989122e-11,11.963477868238918,34.35083963342527,0.0003300846241031,0.0225402000895608,Yellow,0.028488091414797703,0.0003411189964006,False
HS,BIG_LoBM,State-L1-clipped,0.0115867581052356,3022,51.0,0.0168762409000661,0.000542535105169,4.602017855359775e-09,8.76947789989122e-11,11.963477868238918,34.35083963342527,0.0003300846241031,0.0225402000895608,Yellow,0.028488091414797703,0.0003411189964006,False
HS,BIG_LoBM,POT-Shift,0.0115867581052356,3022,29.0,0.0095962938451356,0.8223235300395308,3.064761292147673e-09,2.2803628879796503e-08,0.0504260710928057,35.14226623341972,0.0003346561688462,0.0245833325687931,Green,0.02888264049415013,0.0003411189964006,False
HS,BIG_LoBM,POT-Vol,0.0115867581052356,3022,33.0,0.0109199205823957,0.616496934256846,2.3653272358327462e-08,1.5042064540347173e-07,0.2508219168666166,31.168838412896264,0.0003303897481403,0.0236000882451713,Green,0.028514425272329613,0.0003411189964006,False
HS,BIG_LoBM,Loss-gate,0.0115867581052356,3022,45.0,0.014890800794176,0.0117553149005344,3.025349892376113e-10,1.0233267934972332e-10,6.347404697189777,39.65817939830862,0.0003411189964006,0.0214244625629176,Green,0.0294404175268371,0.0003411189964006,False
HS,BIG_LoBM,Past-minimum,0.0115867581052356,3022,31.0,0.0102581072137657,0.8870779793048909,8.856411441529604e-09,6.500764902633243e-08,0.0201647285880723,33.07735706470396,0.0003294675158054,0.0241021274119642,Green,0.028434831625295306,0.0003411189964006,False
HS,BIG_LoBM,DtACI-projected-seed,0.0115867581052356,3022,55.0,0.0181998676373262,4.821508717000442e-05,4.208603853445739e-06,6.560362187109432e-09,16.51702931392836,21.16741073420144,0.000344296757801,0.0228055310329387,Yellow,0.029714675552381286,0.0003411189964006,True
HS,BIG_LoBM,Raw,0.0115867581052356,3022,45.0,0.014890800794176,0.0117553149005344,3.025349892376113e-10,1.0233267934972332e-10,6.347404697189777,39.65817939830862,0.0003411189964006,0.0214244625629176,Green,0.0294404175268371,0.0003411189964006,False
HS,BIG_LoBM,Shift-CP,0.0115867581052356,3022,31.0,0.0102581072137657,0.8870779793048909,8.856411441529604e-09,6.500764902633243e-08,0.0201647285880723,33.07735706470396,0.0003347207862303,0.0240685042575221,Green,0.028888217324486373,0.0003411189964006,False
HS,BIG_LoBM,Vol-ERM,0.0115867581052356,3022,31.0,0.0102581072137657,0.8870779793048909,8.856411441529604e-09,6.500764902633243e-08,0.0201647285880723,33.07735706470396,0.0003294675158054,0.0241021274119642,Green,0.028434831625295306,0.0003411189964006,False
HS,BIG_LoBM,Rolling500,0.0115867581052356,3022,44.0,0.014559894109861,0.0183344495525287,1.8398681406010427e-10,9.314962924561749e-11,5.563907295458282,40.62972070269268,0.0003583613705686,0.0244059885237929,Green,0.03092852783443115,0.0003411189964006,True
HS,BIG_LoBM,Selected-rolling,0.0115867581052356,3022,39.0,0.0129053606882859,0.1244589115040368,1.2505496221100732e-08,2.821272291779525e-08,2.360291741415807,32.4066938454842,0.0003685325294079,0.0286731296997258,Green,0.031806353948251896,0.0003411189964006,True
HS,BIG_LoBM,Gate-selected-rolling,0.0115867581052356,3022,39.0,0.0129053606882859,0.1244589115040368,1.2505496221100732e-08,2.821272291779525e-08,2.360291741415807,32.4066938454842,0.0003685325294079,0.0286731296997258,Green,0.031806353948251896,0.0003411189964006,True
HS,BIG_LoBM,DtACI-projected-expected,0.0115867581052356,3022,50.75851557315006,0.0167963320890635,,,,,,0.0003368094228097,0.0228610563198765,,0.029068477977244475,0.0003411189964006,False
HS,ME5_BM2,State-L1,0.0108060141881378,3022,47.0,0.015552614162806,0.0045533979728568,6.408703277264838e-05,6.062823003921821e-06,8.048793070606663,15.977876977638402,0.000342194638908,0.022675251215401,Green,0.03166705437825919,0.0003573738217065,False
HS,ME5_BM2,State-L1-clipped,0.0108060141881378,3022,47.0,0.015552614162806,0.0045533979728568,6.408703277264838e-05,6.062823003921821e-06,8.048793070606663,15.977876977638402,0.0003422328167336,0.0226790689979613,Green,0.03167058739468276,0.0003573738217065,False
HS,ME5_BM2,POT-Shift,0.0108060141881378,3022,27.0,0.0089344804765056,0.5488165862937472,6.135809805714146e-05,0.0002719606355448,0.3594414811203243,16.060264967685896,0.0003495320765246,0.0243611968820896,Green,0.032346068627995654,0.0003573738217065,False
HS,ME5_BM2,POT-Vol,0.0108060141881378,3022,31.0,0.0102581072137657,0.8870779793048909,0.0002016761751184,0.0009900220485309,0.0201647285880723,13.815401959092467,0.0003440290860407,0.0239087021893438,Green,0.03183681605918625,0.0003573738217065,False
HS,ME5_BM2,Loss-gate,0.0108060141881378,3022,51.0,0.0168762409000661,0.000542535105169,8.077633022888061e-08,1.41601129884547e-09,11.963477868238918,28.787365856353233,0.0003573738217065,0.0213823816478382,Yellow,0.033071752034048205,0.0003573738217065,False
HS,ME5_BM2,Past-minimum,0.0108060141881378,3022,27.0,0.0089344804765056,0.5488165862937472,0.0014072176357127,0.0051032534727425,0.3594414811203243,10.196312532508784,0.0003431676839126,0.0244992849088713,Green,0.031757100993751154,0.0003573738217065,False
HS,ME5_BM2,DtACI-projected-seed,0.0108060141881378,3022,54.0,0.0178689609530112,9.06849949256723e-05,0.0889099199652072,0.0001108111278917,15.32136651053375,2.894000202382813,0.000358440406649,0.0238257405870974,Yellow,0.03317045493448219,0.0003573738217065,True
HS,ME5_BM2,Raw,0.0108060141881378,3022,51.0,0.0168762409000661,0.000542535105169,8.077633022888061e-08,1.41601129884547e-09,11.963477868238918,28.787365856353233,0.0003573738217065,0.0213823816478382,Yellow,0.033071752034048205,0.0003573738217065,False
HS,ME5_BM2,Shift-CP,0.0108060141881378,3022,30.0,0.0099272005294506,0.9678779360649316,0.0001524110822906,0.0007678601059062,0.0016216663170061,14.342184324036054,0.0003492255605803,0.0239844242117095,Green,0.03231770331781158,0.0003573738217065,False
HS,ME5_BM2,Vol-ERM,0.0108060141881378,3022,27.0,0.0089344804765056,0.5488165862937472,0.0014072176357127,0.0051032534727425,0.3594414811203243,10.196312532508784,0.0003431676839126,0.0244992849088713,Green,0.031757100993751154,0.0003573738217065,False
HS,ME5_BM2,Rolling500,0.0108060141881378,3022,40.0,0.0132362673726009,0.0884672487506781,0.0001350878513309,0.0001607369526923,2.902045074110614,14.569437652592285,0.0003757688135912,0.0249438543949338,Green,0.03477404406924587,0.0003573738217065,True
HS,ME5_BM2,Selected-rolling,0.0108060141881378,3022,40.0,0.0132362673726009,0.0884672487506781,0.0001350878513309,0.0001607369526923,2.902045074110614,14.569437652592285,0.0003757688135912,0.0249438543949338,Green,0.03477404406924587,0.0003573738217065,True
HS,ME5_BM2,Gate-selected-rolling,0.0108060141881378,3022,40.0,0.0132362673726009,0.0884672487506781,0.0001350878513309,0.0001607369526923,2.902045074110614,14.569437652592285,0.0003757688135912,0.0249438543949338,Green,0.03477404406924587,0.0003573738217065,True
HS,ME5_BM2,DtACI-projected-expected,0.0108060141881378,3022,48.83698115177342,0.0161604835048886,,,,,,0.0003544603567318,0.0238981491277243,,0.032802136898997,0.0003573738217065,False
HS,ME5_BM3,State-L1,0.0114036137548628,3022,51.0,0.0168762409000661,0.000542535105169,2.2773925912672438e-10,4.677816310716501e-12,11.963477868238918,40.21290156209113,0.0003712192666252,0.0229878175966518,Yellow,0.03255277446299883,0.0003802823225641,False
HS,ME5_BM3,State-L1-clipped,0.0114036137548628,3022,51.0,0.0168762409000661,0.000542535105169,2.2773925912672438e-10,4.677816310716501e-12,11.963477868238918,40.21290156209113,0.0003712192666252,0.0229878175966518,Yellow,0.03255277446299883,0.0003802823225641,False
HS,ME5_BM3,POT-Shift,0.0114036137548628,3022,28.0,0.0092653871608206,0.6811109911530853,8.118624827277716e-08,5.180365164802286e-07,0.1688778928511407,28.77756231122089,0.0003772805881417,0.0252763833738899,Green,0.03308430084110992,0.0003802823225641,False
HS,ME5_BM3,POT-Vol,0.0114036137548628,3022,28.0,0.0092653871608206,0.6811109911530853,8.118624827277716e-08,5.180365164802286e-07,0.1688778928511407,28.77756231122089,0.0003699761302778,0.0241977509564133,Green,0.032443761971509465,0.0003802823225641,False
HS,ME5_BM3,Loss-gate,0.0114036137548628,3022,41.0,0.0135671740569159,0.061573954381983,1.1578883676808352e-09,1.5785698356899659e-09,3.494474307266703,37.039018826940605,0.0003802823225641,0.0219510570518121,Green,0.03334752743637407,0.0003802823225641,False
HS,ME5_BM3,Past-minimum,0.0114036137548628,3022,41.0,0.0135671740569159,0.061573954381983,1.1578883676808352e-09,1.5785698356899659e-09,3.494474307266703,37.039018826940605,0.0003802823225641,0.0219510570518121,Green,0.03334752743637407,0.0003802823225641,False
HS,ME5_BM3,DtACI-projected-seed,0.0114036137548628,3022,48.0,0.0158835208471211,0.0027523191202792,0.0008543579498625,4.353143764582295e-05,8.964792793451004,11.1192615593352,0.0003855967754041,0.024611747979904,Green,0.03381355977965068,0.0003802823225641,True
HS,ME5_BM3,Raw,0.0114036137548628,3022,41.0,0.0135671740569159,0.061573954381983,1.1578883676808352e-09,1.5785698356899659e-09,3.494474307266703,37.039018826940605,0.0003802823225641,0.0219510570518121,Green,0.03334752743637407,0.0003802823225641,False
HS,ME5_BM3,Shift-CP,0.0114036137548628,3022,28.0,0.0092653871608206,0.6811109911530853,8.118624827277716e-08,5.180365164802286e-07,0.1688778928511407,28.77756231122089,0.0003770432800924,0.024953345119472,Green,0.03306349094221284,0.0003802823225641,False
HS,ME5_BM3,Vol-ERM,0.0114036137548628,3022,26.0,0.0086035737921906,0.4292824922055034,1.3076920273489369e-06,6.032696669646647e-06,0.6247638674956022,23.4118690090977,0.0003692438605047,0.0250959894498451,Green,0.032379548136418135,0.0003802823225641,False
HS,ME5_BM3,Rolling500,0.0114036137548628,3022,42.0,0.0138980807412309,0.0419713345202354,4.5585147607933934e-08,4.0734858449249674e-08,4.136359781646799,29.896003494567196,0.0003980050552496,0.0246233981190936,Green,0.03490166045652679,0.0003802823225641,True
HS,ME5_BM3,Selected-rolling,0.0114036137548628,3022,42.0,0.0138980807412309,0.0419713345202354,4.5585147607933934e-08,4.0734858449249674e-08,4.136359781646799,29.896003494567196,0.0003980050552496,0.0246233981190936,Green,0.03490166045652679,0.0003802823225641,True
HS,ME5_BM3,Gate-selected-rolling,0.0114036137548628,3022,42.0,0.0138980807412309,0.0419713345202354,4.5585147607933934e-08,4.0734858449249674e-08,4.136359781646799,29.896003494567196,0.0003980050552496,0.0246233981190936,Green,0.03490166045652679,0.0003802823225641,True
HS,ME5_BM3,DtACI-projected-expected,0.0114036137548628,3022,49.73391257029463,0.0164572841066494,,,,,,0.0003836771619404,0.0245961700552688,,0.03364522599485536,0.0003802823225641,True
HS,ME5_BM4,State-L1,0.0118791551131657,3022,84.0,0.0277961614824619,6.901691156245492e-16,6.0093830716225684e-46,7.631951507924635e-59,65.16114781404477,202.479205998568,0.0005571390255214,0.0265241073124886,Yellow,0.04690055986422143,0.0004324493713585,True
HS,ME5_BM4,State-L1-clipped,0.0118791551131657,3022,64.0,0.0211780277961614,7.734739879590806e-08,3.8971587815683446e-14,2.0208068500892492e-19,28.871379694808695,57.21986011416675,0.0004322643662821,0.0264232779582102,Yellow,0.03638847730871198,0.0004324493713585,False
HS,ME5_BM4,POT-Shift,0.0118791551131657,3022,32.0,0.0105890138980807,0.7471942982036877,3.5831425390873795e-10,2.7385903075616532e-09,0.1039037863093597,39.327741284153205,0.0004246500033121,0.0274398125035567,Green,0.035747492078915546,0.0004324493713585,False
HS,ME5_BM4,POT-Vol,0.0118791551131657,3022,36.0,0.0119126406353408,0.3049888617044544,3.0232385198015792e-09,1.3636148068279044e-08,1.0522526043840212,35.16883064381534,0.0004188783258784,0.026748603968104,Green,0.03526162609108084,0.0004324493713585,False
HS,ME5_BM4,Loss-gate,0.0118791551131657,3022,44.0,0.014559894109861,0.0183344495525287,1.8398681406010427e-10,9.314962924561749e-11,5.563907295458282,40.62972070269268,0.0004324493713585,0.0243713254227215,Green,0.03640405123418375,0.0004324493713585,False
HS,ME5_BM4,Past-minimum,0.0118791551131657,3022,34.0,0.0112508272667107,0.4980802242699028,1.0810051246285476e-09,6.734587035897609e-09,0.4590245070488059,37.17299418312933,0.000416467807385,0.0275003937672038,Green,0.03505870606264141,0.0004324493713585,False
HS,ME5_BM4,DtACI-projected-seed,0.0118791551131657,3022,52.0,0.0172071475843812,0.0003042772885574,1.1660198701899749e-07,1.1770161859520003e-09,13.04387863694818,28.076687876835763,0.0004296549887041,0.0276373737690866,Yellow,0.036168817109552866,0.0004324493713585,False
HS,ME5_BM4,Raw,0.0118791551131657,3022,44.0,0.014559894109861,0.0183344495525287,1.8398681406010427e-10,9.314962924561749e-11,5.563907295458282,40.62972070269268,0.0004324493713585,0.0243713254227215,Green,0.03640405123418375,0.0004324493713585,False
HS,ME5_BM4,Shift-CP,0.0118791551131657,3022,26.0,0.0086035737921906,0.4292824922055034,2.9609212501476988e-08,1.551515460561969e-07,0.6247638674956022,30.73296309488245,0.0004246937886346,0.0281721345547265,Green,0.03575117797425767,0.0004324493713585,False
HS,ME5_BM4,Vol-ERM,0.0118791551131657,3022,34.0,0.0112508272667107,0.4980802242699028,1.0810051246285476e-09,6.734587035897609e-09,0.4590245070488059,37.17299418312933,0.000416467807385,0.0275003937672038,Green,0.03505870606264141,0.0004324493713585,False
HS,ME5_BM4,Rolling500,0.0118791551131657,3022,38.0,0.0125744540039708,0.171418220226424,2.5131519608351087e-10,8.007406569688992e-10,1.870496546801455,40.02047144391378,0.0004458829628868,0.027948618319884,Green,0.03753490535641097,0.0004324493713585,True
HS,ME5_BM4,Selected-rolling,0.0118791551131657,3022,33.0,0.0109199205823957,0.616496934256846,0.0003425587205849,0.0014496480146797,0.2508219168666166,12.822047084162476,0.000465586672347,0.0354439889805485,Green,0.03919358472144109,0.0004324493713585,True
HS,ME5_BM4,Gate-selected-rolling,0.0118791551131657,3022,33.0,0.0109199205823957,0.616496934256846,0.0003425587205849,0.0014496480146797,0.2508219168666166,12.822047084162476,0.000465586672347,0.0354439889805485,Green,0.03919358472144109,0.0004324493713585,True
HS,ME5_BM4,DtACI-projected-expected,0.0118791551131657,3022,50.00080114823078,0.0165455993210558,,,,,,0.0004333305611936,0.0276685579754402,,0.03647823073825668,0.0004324493713585,True
HS,BIG_HiBM,State-L1,0.014359433441013,3022,52.0,0.0172071475843812,0.0003042772885574,2.2267534178220515e-22,4.0356440415598356e-24,13.04387863694818,94.68987402125708,0.0004819963854695,0.0306213245126265,Yellow,0.03356653223467967,0.0004876058054283,False
HS,BIG_HiBM,State-L1-clipped,0.014359433441013,3022,42.0,0.0138980807412309,0.0419713345202354,1.8696499389589376e-09,1.826822460416551e-09,4.136359781646799,36.1050156978377,0.0004684691188918,0.0306337712288187,Green,0.03262448485981153,0.0004876058054283,False
HS,BIG_HiBM,POT-Shift,0.014359433441013,3022,32.0,0.0105890138980807,0.7471942982036877,1.4606797671610294e-08,1.0137848239534197e-07,0.1039037863093597,32.10490616065499,0.0004741889129499,0.0327568604339989,Green,0.033022814924963215,0.0004876058054283,False
HS,BIG_HiBM,POT-Vol,0.014359433441013,3022,31.0,0.0102581072137657,0.8870779793048909,8.856411441529604e-09,6.500764902633243e-08,0.0201647285880723,33.07735706470396,0.0004669512818876,0.0319919104012655,Green,0.032518781733679496,0.0004876058054283,False
HS,BIG_HiBM,Loss-gate,0.014359433441013,3022,53.0,0.0175380542686962,0.0001675976442963,5.697252545126731e-10,3.8117028623375184e-12,14.163416715812147,38.42247344647768,0.0004876058054283,0.0286174240556877,Yellow,0.033957175777953354,0.0004876058054283,False
HS,BIG_HiBM,Past-minimum,0.014359433441013,3022,26.0,0.0086035737921906,0.4292824922055034,1.3076920273489369e-06,6.032696669646647e-06,0.6247638674956022,23.4118690090977,0.0004663303970206,0.033807107268574,Green,0.03247554292000689,0.0004876058054283,False
HS,BIG_HiBM,DtACI-projected-seed,0.014359433441013,3022,54.0,0.0178689609530112,9.06849949256723e-05,0.0003370288448785,7.622945743800409e-07,15.32136651053375,12.85249904028933,0.0004816708988874,0.03209249408334,Yellow,0.03354386514384791,0.0004876058054283,False
HS,BIG_HiBM,Raw,0.014359433441013,3022,53.0,0.0175380542686962,0.0001675976442963,5.697252545126731e-10,3.8117028623375184e-12,14.163416715812147,38.42247344647768,0.0004876058054283,0.0286174240556877,Yellow,0.033957175777953354,0.0004876058054283,False
HS,BIG_HiBM,Shift-CP,0.014359433441013,3022,29.0,0.0095962938451356,0.8223235300395308,1.3027867090728978e-07,8.687164613250762e-07,0.0504260710928057,27.862072021870404,0.0004741948087161,0.0332016573173352,Green,0.0330232255098393,0.0004876058054283,False
HS,BIG_HiBM,Vol-ERM,0.014359433441013,3022,26.0,0.0086035737921906,0.4292824922055034,1.3076920273489369e-06,6.032696669646647e-06,0.6247638674956022,23.4118690090977,0.0004663190463251,0.0332506939823261,Green,0.03247475245041444,0.0004876058054283,False
HS,BIG_HiBM,Rolling500,0.014359433441013,3022,37.0,0.0122435473196558,0.2311112398046076,1.3845008122010948e-07,4.613112803757642e-07,1.434009248861596,27.744376337604763,0.0004953833767602,0.0329985015456163,Green,0.03449881075010246,0.0004876058054283,True
HS,BIG_HiBM,Selected-rolling,0.014359433441013,3022,39.0,0.0129053606882859,0.1244589115040368,6.272856416417788e-06,1.140237610837196e-05,2.360291741415807,20.403085846031217,0.0005317671137466,0.0408486387045676,Green,0.037032597137696396,0.0004876058054283,True
HS,BIG_HiBM,Gate-selected-rolling,0.014359433441013,3022,39.0,0.0129053606882859,0.1244589115040368,6.272856416417788e-06,1.140237610837196e-05,2.360291741415807,20.403085846031217,0.0005317671137466,0.0408486387045676,Green,0.037032597137696396,0.0004876058054283,True
HS,BIG_HiBM,DtACI-projected-expected,0.014359433441013,3022,48.16842840581763,0.0159392549324346,,,,,,0.000478078992093,0.031974298483019,,0.03329372248960217,0.0004876058054283,False
GJR-GARCH-t,SMALL_LoBM,State-L1,0.0094427479813171,3022,36.0,0.0119126406353408,0.3049888617044544,4.492389718474488e-05,0.0001431405234003,1.0522526043840212,16.651114853812658,0.0003027528926056,0.0221972436913974,Green,0.032061947772471545,0.0003127789777826,False
GJR-GARCH-t,SMALL_LoBM,State-L1-clipped,0.0094427479813171,3022,36.0,0.0119126406353408,0.3049888617044544,4.492389718474488e-05,0.0001431405234003,1.0522526043840212,16.651114853812658,0.0003027528926056,0.0221972436913974,Green,0.032061947772471545,0.0003127789777826,False
GJR-GARCH-t,SMALL_LoBM,POT-Shift,0.0094427479813171,3022,33.0,0.0109199205823957,0.616496934256846,1.779141548646356e-05,8.858777778008618e-05,0.2508219168666166,18.412211399483397,0.0003021392080103,0.0226877974543059,Green,0.031996957729688004,0.0003127789777826,False
GJR-GARCH-t,SMALL_LoBM,POT-Vol,0.0094427479813171,3022,31.0,0.0102581072137657,0.8870779793048909,9.06327956988865e-06,5.22353572247172e-05,0.0201647285880723,19.699337173208335,0.0002990918130104,0.022857958554882,Green,0.031674234407416846,0.0003127789777826,False
GJR-GARCH-t,SMALL_LoBM,Loss-gate,0.0094427479813171,3022,56.0,0.0185307743216412,2.519530054178201e-05,5.631989152095e-06,4.681959021201138e-09,17.749731839035007,20.609366601623492,0.0003127789777826,0.0200262113306484,Yellow,0.03312372398389189,0.0003127789777826,False
GJR-GARCH-t,SMALL_LoBM,Past-minimum,0.0094427479813171,3022,34.0,0.0112508272667107,0.4980802242699028,1.0709756190499745e-06,5.408291261641249e-06,0.4590245070488059,23.796130219194936,0.0003129550853556,0.0231714918358055,Green,0.033142374018113756,0.0003127789777826,True
GJR-GARCH-t,SMALL_LoBM,DtACI-projected-seed,0.0094427479813171,3022,42.0,0.0138980807412309,0.0419713345202354,0.0002230734281488,0.000138979381127,4.136359781646799,13.626010164457568,0.0003213778270723,0.0232406565500788,Green,0.03403435395164209,0.0003127789777826,True
GJR-GARCH-t,SMALL_LoBM,Raw,0.0094427479813171,3022,56.0,0.0185307743216412,2.519530054178201e-05,5.631989152095e-06,4.681959021201138e-09,17.749731839035007,20.609366601623492,0.0003127789777826,0.0200262113306484,Yellow,0.03312372398389189,0.0003127789777826,False
GJR-GARCH-t,SMALL_LoBM,Shift-CP,0.0094427479813171,3022,34.0,0.0112508272667107,0.4980802242699028,2.4487673032627623e-05,0.0001082055366902,0.4590245070488059,17.80393153689471,0.000302494313385,0.0223730254383529,Green,0.03203456387732666,0.0003127789777826,False
GJR-GARCH-t,SMALL_LoBM,Vol-ERM,0.0094427479813171,3022,33.0,0.0109199205823957,0.616496934256846,1.779141548646356e-05,8.858777778008618e-05,0.2508219168666166,18.412211399483397,0.0002992214826388,0.0227415824798165,Green,0.031687966599428796,0.0003127789777826,False
GJR-GARCH-t,SMALL_LoBM,Rolling500,0.0094427479813171,3022,34.0,0.0112508272667107,0.4980802242699028,1.0709756190499745e-06,5.408291261641249e-06,0.4590245070488059,23.796130219194936,0.0003129550853556,0.0231714918358055,Green,0.033142374018113756,0.0003127789777826,True
GJR-GARCH-t,SMALL_LoBM,Selected-rolling,0.0094427479813171,3022,34.0,0.0112508272667107,0.4980802242699028,1.0709756190499745e-06,5.408291261641249e-06,0.4590245070488059,23.796130219194936,0.0003129550853556,0.0231714918358055,Green,0.033142374018113756,0.0003127789777826,True
GJR-GARCH-t,SMALL_LoBM,Gate-selected-rolling,0.0094427479813171,3022,34.0,0.0112508272667107,0.4980802242699028,1.0709756190499745e-06,5.408291261641249e-06,0.4590245070488059,23.796130219194936,0.0003129550853556,0.0231714918358055,Green,0.033142374018113756,0.0003127789777826,True
GJR-GARCH-t,SMALL_LoBM,DtACI-projected-expected,0.0094427479813171,3022,42.94556624504349,0.0142109749321785,,,,,,0.0003159455590267,0.0232678810264578,,0.03345906929336804,0.0003127789777826,True
GJR-GARCH-t,ME1_BM2,State-L1,0.0087065846712843,3022,37.0,0.0122435473196558,0.2311112398046076,0.0843733170747726,0.1101079379767824,1.434009248861596,2.9785790310797324,0.0002666602738462,0.019477522816248,Green,0.030627425553637348,0.0002738067929636,False
GJR-GARCH-t,ME1_BM2,State-L1-clipped,0.0087065846712843,3022,37.0,0.0122435473196558,0.2311112398046076,0.0843733170747726,0.1101079379767824,1.434009248861596,2.9785790310797324,0.0002666769101171,0.0194791864433366,Green,0.030629336322501154,0.0002738067929636,False
GJR-GARCH-t,ME1_BM2,POT-Shift,0.0087065846712843,3022,25.0,0.0082726671078755,0.325255496757399,0.5183235664064146,0.5003427902330823,0.9676958640339244,0.4172278059594987,0.0002674529128659,0.020034868674785,Green,0.030718464583248378,0.0002738067929636,False
GJR-GARCH-t,ME1_BM2,POT-Vol,0.0087065846712843,3022,33.0,0.0109199205823957,0.616496934256846,0.3750166449390805,0.5951760486819166,0.2508219168666166,0.7869741572588396,0.0002654333289492,0.0198209554904573,Green,0.030486504062223307,0.0002738067929636,False
GJR-GARCH-t,ME1_BM2,Loss-gate,0.0087065846712843,3022,52.0,0.0172071475843812,0.0003042772885574,0.304428709612014,0.0008680286516534,13.04387863694818,1.0546930331145177,0.0002738067929636,0.0171584372128363,Yellow,0.031448243289548226,0.0002738067929636,False
GJR-GARCH-t,ME1_BM2,Past-minimum,0.0087065846712843,3022,28.0,0.0092653871608206,0.6811109911530853,0.2622244673233876,0.490207540439697,0.1688778928511407,1.2569749584138776,0.0002654096383821,0.0202515301034047,Green,0.03048378306794203,0.0002738067929636,False
GJR-GARCH-t,ME1_BM2,DtACI-projected-seed,0.0087065846712843,3022,34.0,0.0112508272667107,0.4980802242699028,0.0599252500503431,0.1354384014580472,0.4590245070488059,3.5394521805726527,0.0002760678898494,0.02009958793299,Green,0.031707942927370336,0.0002738067929636,True
GJR-GARCH-t,ME1_BM2,Raw,0.0087065846712843,3022,52.0,0.0172071475843812,0.0003042772885574,0.304428709612014,0.0008680286516534,13.04387863694818,1.0546930331145177,0.0002738067929636,0.0171584372128363,Yellow,0.031448243289548226,0.0002738067929636,False
GJR-GARCH-t,ME1_BM2,Shift-CP,0.0087065846712843,3022,24.0,0.0079417604235605,0.238182893076649,0.5352638966545002,0.4115385765059033,1.391316541585013,0.3843884928020316,0.0002677508360293,0.0201838682481823,Green,0.030752682726716576,0.0002738067929636,False
GJR-GARCH-t,ME1_BM2,Vol-ERM,0.0087065846712843,3022,30.0,0.0099272005294506,0.9678779360649316,0.3051967590659713,0.5906775582324737,0.0016216663170061,1.0513483281024492,0.0002653332036577,0.0200158106665883,Green,0.030475004111866166,0.0002738067929636,False
GJR-GARCH-t,ME1_BM2,Rolling500,0.0087065846712843,3022,33.0,0.0109199205823957,0.616496934256846,0.0530195240059888,0.1357333869263936,0.2508219168666166,3.743303498279772,0.0002729513654524,0.0202081923954965,Green,0.03134999265011882,0.0002738067929636,False
GJR-GARCH-t,ME1_BM2,Selected-rolling,0.0087065846712843,3022,25.0,0.0082726671078755,0.325255496757399,0.0164355879193372,0.0346769645121762,0.9676958640339244,5.75566345473527,0.0002910314356917,0.0227488181375188,Green,0.033426589952265426,0.0002738067929636,True
GJR-GARCH-t,ME1_BM2,Gate-selected-rolling,0.0087065846712843,3022,25.0,0.0082726671078755,0.325255496757399,0.0164355879193372,0.0346769645121762,0.9676958640339244,5.75566345473527,0.0002910314356917,0.0227488181375188,Green,0.033426589952265426,0.0002738067929636,True
GJR-GARCH-t,ME1_BM2,DtACI-projected-expected,0.0087065846712843,3022,38.490119125563425,0.0127366376987304,,,,,,0.0002763677221649,0.0201037964838321,,0.03174238034764707,0.0002738067929636,True
GJR-GARCH-t,ME1_BM3,State-L1,0.0081032285808888,3022,34.0,0.0112508272667107,0.4980802242699028,0.0060290439823547,0.0183099094977313,0.4590245070488059,7.541601219123436,0.0002507760543316,0.018514108032988,Green,0.03094767126809765,0.0002598651956841,False
GJR-GARCH-t,ME1_BM3,State-L1-clipped,0.0081032285808888,3022,34.0,0.0112508272667107,0.4980802242699028,0.0060290439823547,0.0183099094977313,0.4590245070488059,7.541601219123436,0.0002507743006825,0.0185139326680731,Green,0.03094745485446912,0.0002598651956841,False
GJR-GARCH-t,ME1_BM3,POT-Shift,0.0081032285808888,3022,22.0,0.0072799470549305,0.114262225911664,0.1523457621455596,0.1031644206846897,2.494257872984294,2.0486046193869356,0.0002515333012856,0.0189572913418404,Green,0.031041121298100008,0.0002598651956841,False
GJR-GARCH-t,ME1_BM3,POT-Vol,0.0081032285808888,3022,26.0,0.0086035737921906,0.4292824922055034,0.0194520815940783,0.0477113028949481,0.6247638674956022,5.460410034889549,0.0002490953591453,0.018663985075062,Green,0.030740260707045,0.0002598651956841,False
GJR-GARCH-t,ME1_BM3,Loss-gate,0.0081032285808888,3022,61.0,0.0201853077432164,7.638668731268032e-07,0.1668048621573308,1.8895747549880089e-06,24.446890781002807,1.9114267221357295,0.0002598651956841,0.0158907202645122,Yellow,0.03206934039809559,0.0002598651956841,False
GJR-GARCH-t,ME1_BM3,Past-minimum,0.0081032285808888,3022,20.0,0.0066181336863004,0.0464829918008776,0.0062085600842116,0.0032588596870007,3.9640047745756775,7.488751093539577,0.0002507626231942,0.0195349285001964,Green,0.030946013763651622,0.0002598651956841,False
GJR-GARCH-t,ME1_BM3,DtACI-projected-seed,0.0081032285808888,3022,44.0,0.014559894109861,0.0183344495525287,0.1657594215183006,0.0236972841414253,5.563907295458282,1.9208823657340304,0.0002655745572961,0.0183853443518884,Green,0.03277391901821071,0.0002598651956841,True
GJR-GARCH-t,ME1_BM3,Raw,0.0081032285808888,3022,61.0,0.0201853077432164,7.638668731268032e-07,0.1668048621573308,1.8895747549880089e-06,24.446890781002807,1.9114267221357295,0.0002598651956841,0.0158907202645122,Yellow,0.03206934039809559,0.0002598651956841,False
GJR-GARCH-t,ME1_BM3,Shift-CP,0.0081032285808888,3022,22.0,0.0072799470549305,0.114262225911664,0.1523457621455596,0.1031644206846897,2.494257872984294,2.0486046193869356,0.0002514998953351,0.0189450099814224,Green,0.031036998749887704,0.0002598651956841,False
GJR-GARCH-t,ME1_BM3,Vol-ERM,0.0081032285808888,3022,26.0,0.0086035737921906,0.4292824922055034,0.0194520815940783,0.0477113028949481,0.6247638674956022,5.460410034889549,0.0002493737763253,0.0189086581997034,Green,0.030774619503322408,0.0002598651956841,False
GJR-GARCH-t,ME1_BM3,Rolling500,0.0081032285808888,3022,32.0,0.0105890138980807,0.7471942982036877,0.0466949731347962,0.1313191495155421,0.1039037863093597,3.956345539285053,0.0002579496439298,0.0187382326992284,Green,0.03183294675139312,0.0002598651956841,False
GJR-GARCH-t,ME1_BM3,Selected-rolling,0.0081032285808888,3022,32.0,0.0105890138980807,0.7471942982036877,0.0466949731347962,0.1313191495155421,0.1039037863093597,3.956345539285053,0.0002579496439298,0.0187382326992284,Green,0.03183294675139312,0.0002598651956841,False
GJR-GARCH-t,ME1_BM3,Gate-selected-rolling,0.0081032285808888,3022,32.0,0.0105890138980807,0.7471942982036877,0.0466949731347962,0.1313191495155421,0.1039037863093597,3.956345539285053,0.0002579496439298,0.0187382326992284,Green,0.03183294675139312,0.0002598651956841,False
GJR-GARCH-t,ME1_BM3,DtACI-projected-expected,0.0081032285808888,3022,40.05147982053698,0.0132533023893239,,,,,,0.000259096109249,0.0184301195523964,,0.0319744292861329,0.0002598651956841,False
GJR-GARCH-t,ME1_BM4,State-L1,0.0076430047111398,3022,31.0,0.0102581072137657,0.8870779793048909,0.0033881928753398,0.0135290535629587,0.0201647285880723,8.585666851905842,0.0002358982862209,0.0178173516107959,Green,0.030864600394276156,0.0002461891004585,False
GJR-GARCH-t,ME1_BM4,State-L1-clipped,0.0076430047111398,3022,31.0,0.0102581072137657,0.8870779793048909,0.0033881928753398,0.0135290535629587,0.0201647285880723,8.585666851905842,0.0002358870739899,0.0178162303876946,Green,0.030863133401722347,0.0002461891004585,False
GJR-GARCH-t,ME1_BM4,POT-Shift,0.0076430047111398,3022,23.0,0.0076108537392455,0.1681945734363785,0.1685819618585182,0.1499827522823925,1.8989617933042204,1.8955081592581564,0.0002375005579449,0.0181692312456895,Green,0.031074239375875196,0.0002461891004585,False
GJR-GARCH-t,ME1_BM4,POT-Vol,0.0076430047111398,3022,27.0,0.0089344804765056,0.5488165862937472,0.2418824742808023,0.4212556649250148,0.3594414811203243,1.3695892179052294,0.0002352440075838,0.0179290887042014,Green,0.030778995496486893,0.0002461891004585,False
GJR-GARCH-t,ME1_BM4,Loss-gate,0.0076430047111398,3022,54.0,0.0178689609530112,9.06849949256723e-05,0.002678756439089,5.19490287138281e-06,15.32136651053375,9.01429874975736,0.0002461891004585,0.0151931194403311,Yellow,0.03221103607324427,0.0002461891004585,False
GJR-GARCH-t,ME1_BM4,Past-minimum,0.0076430047111398,3022,25.0,0.0082726671078755,0.325255496757399,0.203586470352897,0.274699749337735,0.9676958640339244,1.616457332717914,0.0002354710037128,0.0180516855486648,Green,0.030808695351135566,0.0002461891004585,False
GJR-GARCH-t,ME1_BM4,DtACI-projected-seed,0.0076430047111398,3022,43.0,0.0142289874255459,0.0280248197011461,0.6443031671962046,0.0804717484647503,4.826539944772172,0.2131582690352047,0.0002450318765768,0.0177227238412783,Green,0.032059626526156945,0.0002461891004585,False
GJR-GARCH-t,ME1_BM4,Raw,0.0076430047111398,3022,54.0,0.0178689609530112,9.06849949256723e-05,0.002678756439089,5.19490287138281e-06,15.32136651053375,9.01429874975736,0.0002461891004585,0.0151931194403311,Yellow,0.03221103607324427,0.0002461891004585,False
GJR-GARCH-t,ME1_BM4,Shift-CP,0.0076430047111398,3022,23.0,0.0076108537392455,0.1681945734363785,0.1685819618585182,0.1499827522823925,1.8989617933042204,1.8955081592581564,0.000237522048612,0.0181782263697788,Green,0.03107705118456984,0.0002461891004585,False
GJR-GARCH-t,ME1_BM4,Vol-ERM,0.0076430047111398,3022,25.0,0.0082726671078755,0.325255496757399,0.203586470352897,0.274699749337735,0.9676958640339244,1.616457332717914,0.0002354706225426,0.0180514876815857,Green,0.030808645479362046,0.0002461891004585,False
GJR-GARCH-t,ME1_BM4,Rolling500,0.0076430047111398,3022,28.0,0.0092653871608206,0.6811109911530853,0.0266784901053783,0.0788515679457244,0.1688778928511407,4.91149826834868,0.0002418552232586,0.0179452303999544,Green,0.03164399766836362,0.0002461891004585,False
GJR-GARCH-t,ME1_BM4,Selected-rolling,0.0076430047111398,3022,28.0,0.0092653871608206,0.6811109911530853,0.0266784901053783,0.0788515679457244,0.1688778928511407,4.91149826834868,0.0002418552232586,0.0179452303999544,Green,0.03164399766836362,0.0002461891004585,False
GJR-GARCH-t,ME1_BM4,Gate-selected-rolling,0.0076430047111398,3022,28.0,0.0092653871608206,0.6811109911530853,0.0266784901053783,0.0788515679457244,0.1688778928511407,4.91149826834868,0.0002418552232586,0.0179452303999544,Green,0.03164399766836362,0.0002461891004585,False
GJR-GARCH-t,ME1_BM4,DtACI-projected-expected,0.0076430047111398,3022,37.18950362743223,0.0123062553366751,,,,,,0.0002450200500093,0.0177288612667595,,0.032058079154678454,0.0002461891004585,False
GJR-GARCH-t,SMALL_HiBM,State-L1,0.0073015158722018,3022,27.0,0.0089344804765056,0.5488165862937472,0.0228569443908922,0.0627000505008117,0.3594414811203243,5.179344570695662,0.0002340995804491,0.0175363191359268,Green,0.03206177793030071,0.0002472210616725,False
GJR-GARCH-t,SMALL_HiBM,State-L1-clipped,0.0073015158722018,3022,27.0,0.0089344804765056,0.5488165862937472,0.0228569443908922,0.0627000505008117,0.3594414811203243,5.179344570695662,0.0002340944967723,0.0175358107682505,Green,0.03206108168079732,0.0002472210616725,False
GJR-GARCH-t,SMALL_HiBM,POT-Shift,0.0073015158722018,3022,28.0,0.0092653871608206,0.6811109911530853,0.2622244673233876,0.490207540439697,0.1688778928511407,1.2569749584138776,0.0002367375660939,0.0177131433564577,Green,0.03242307080303735,0.0002472210616725,False
GJR-GARCH-t,SMALL_HiBM,POT-Vol,0.0073015158722018,3022,29.0,0.0095962938451356,0.8223235300395308,0.030945050677626,0.0950628292472416,0.0504260710928057,4.656008419880777,0.0002356434842194,0.0175855227033603,Green,0.03227322768913475,0.0002472210616725,False
GJR-GARCH-t,SMALL_HiBM,Loss-gate,0.0073015158722018,3022,57.0,0.0188616810059563,1.294351845888789e-05,0.0257383501079221,6.1678026678335305e-06,19.018824857024292,4.97351097319256,0.0002472210616725,0.0146737428943735,Yellow,0.03385886793915159,0.0002472210616725,False
GJR-GARCH-t,SMALL_HiBM,Past-minimum,0.0073015158722018,3022,31.0,0.0102581072137657,0.8870779793048909,0.0409256543066209,0.1225020292534597,0.0201647285880723,4.1790906390123155,0.0002356525274984,0.0173114285206706,Green,0.03227446623728808,0.0002472210616725,False
GJR-GARCH-t,SMALL_HiBM,DtACI-projected-seed,0.0073015158722018,3022,35.0,0.0115817339510258,0.3939456834907922,0.4248156806982133,0.5056848627942596,0.7267284545357224,0.6369547544992997,0.0002492126555777,0.0178728010107148,Green,0.03413163238150285,0.0002472210616725,True
GJR-GARCH-t,SMALL_HiBM,Raw,0.0073015158722018,3022,57.0,0.0188616810059563,1.294351845888789e-05,0.0257383501079221,6.1678026678335305e-06,19.018824857024292,4.97351097319256,0.0002472210616725,0.0146737428943735,Yellow,0.03385886793915159,0.0002472210616725,False
GJR-GARCH-t,SMALL_HiBM,Shift-CP,0.0073015158722018,3022,30.0,0.0099272005294506,0.9678779360649316,0.0356848131989759,0.1100453671453244,0.0016216663170061,4.41210347292531,0.00023648858095,0.0173218136502654,Green,0.03238897033016871,0.0002472210616725,False
GJR-GARCH-t,SMALL_HiBM,Vol-ERM,0.0073015158722018,3022,31.0,0.0102581072137657,0.8870779793048909,0.0409256543066209,0.1225020292534597,0.0201647285880723,4.1790906390123155,0.0002356525274984,0.0173114285206706,Green,0.03227446623728808,0.0002472210616725,False
GJR-GARCH-t,SMALL_HiBM,Rolling500,0.0073015158722018,3022,31.0,0.0102581072137657,0.8870779793048909,0.0033881928753398,0.0135290535629587,0.0201647285880723,8.585666851905842,0.0002459240103081,0.0178936748398012,Green,0.033681226557950444,0.0002472210616725,False
GJR-GARCH-t,SMALL_HiBM,Selected-rolling,0.0073015158722018,3022,31.0,0.0102581072137657,0.8870779793048909,0.0033881928753398,0.0135290535629587,0.0201647285880723,8.585666851905842,0.0002459240103081,0.0178936748398012,Green,0.033681226557950444,0.0002472210616725,False
GJR-GARCH-t,SMALL_HiBM,Gate-selected-rolling,0.0073015158722018,3022,31.0,0.0102581072137657,0.8870779793048909,0.0033881928753398,0.0135290535629587,0.0201647285880723,8.585666851905842,0.0002459240103081,0.0178936748398012,Green,0.033681226557950444,0.0002472210616725,False
GJR-GARCH-t,SMALL_HiBM,DtACI-projected-expected,0.0073015158722018,3022,37.41198691961985,0.0123798765452084,,,,,,0.0002513684383443,0.0178562478014968,,0.03442688377920336,0.0002472210616725,True
GJR-GARCH-t,ME2_BM1,State-L1,0.0100663558129268,3022,37.0,0.0122435473196558,0.2311112398046076,0.0843733170747726,0.1101079379767824,1.434009248861596,2.9785790310797324,0.0002979139008216,0.0238959202926156,Green,0.02959500998753007,0.0003083643497975,False
GJR-GARCH-t,ME2_BM1,State-L1-clipped,0.0100663558129268,3022,37.0,0.0122435473196558,0.2311112398046076,0.0843733170747726,0.1101079379767824,1.434009248861596,2.9785790310797324,0.0002979139008216,0.0238959202926156,Green,0.02959500998753007,0.0003083643497975,False
GJR-GARCH-t,ME2_BM1,POT-Shift,0.0100663558129268,3022,29.0,0.0095962938451356,0.8223235300395308,0.030945050677626,0.0950628292472416,0.0504260710928057,4.656008419880777,0.0002976938973662,0.0241399707306266,Green,0.02957315466476098,0.0003083643497975,False
GJR-GARCH-t,ME2_BM1,POT-Vol,0.0100663558129268,3022,33.0,0.0109199205823957,0.616496934256846,0.0530195240059888,0.1357333869263936,0.2508219168666166,3.743303498279772,0.0002963630592579,0.0242459303072035,Green,0.029440948121198213,0.0003083643497975,False
GJR-GARCH-t,ME2_BM1,Loss-gate,0.0100663558129268,3022,53.0,0.0175380542686962,0.0001675976442963,0.0804303585447129,0.0001823103116855,14.163416715812147,3.0561839111962854,0.0003083643497975,0.0212051233623746,Yellow,0.030633166115736857,0.0003083643497975,False
GJR-GARCH-t,ME2_BM1,Past-minimum,0.0100663558129268,3022,34.0,0.0112508272667107,0.4980802242699028,0.0599252500503431,0.1354384014580472,0.4590245070488059,3.5394521805726527,0.0002966686738509,0.0238417102722076,Green,0.02947130812423005,0.0003083643497975,False
GJR-GARCH-t,ME2_BM1,DtACI-projected-seed,0.0100663558129268,3022,36.0,0.0119126406353408,0.3049888617044544,0.0085682074809484,0.0186581974785249,1.0522526043840212,6.910686768373239,0.0003055618510346,0.023651735369258,Green,0.030354763601959114,0.0003083643497975,False
GJR-GARCH-t,ME2_BM1,Raw,0.0100663558129268,3022,53.0,0.0175380542686962,0.0001675976442963,0.0804303585447129,0.0001823103116855,14.163416715812147,3.0561839111962854,0.0003083643497975,0.0212051233623746,Yellow,0.030633166115736857,0.0003083643497975,False
GJR-GARCH-t,ME2_BM1,Shift-CP,0.0100663558129268,3022,33.0,0.0109199205823957,0.616496934256846,0.0530195240059888,0.1357333869263936,0.2508219168666166,3.743303498279772,0.0002978929340965,0.0236452539822778,Green,0.02959292713595104,0.0003083643497975,False
GJR-GARCH-t,ME2_BM1,Vol-ERM,0.0100663558129268,3022,33.0,0.0109199205823957,0.616496934256846,0.0530195240059888,0.1357333869263936,0.2508219168666166,3.743303498279772,0.0002964848224413,0.0240483080553348,Green,0.02945304417518864,0.0003083643497975,False
GJR-GARCH-t,ME2_BM1,Rolling500,0.0100663558129268,3022,31.0,0.0102581072137657,0.8870779793048909,0.0409256543066209,0.1225020292534597,0.0201647285880723,4.1790906390123155,0.0003024454314177,0.0241573197101983,Green,0.030045175934404388,0.0003083643497975,False
GJR-GARCH-t,ME2_BM1,Selected-rolling,0.0100663558129268,3022,27.0,0.0089344804765056,0.5488165862937472,0.0014072176357127,0.0051032534727425,0.3594414811203243,10.196312532508784,0.0003118553537891,0.0257462830149925,Green,0.030979965300712717,0.0003083643497975,True
GJR-GARCH-t,ME2_BM1,Gate-selected-rolling,0.0100663558129268,3022,27.0,0.0089344804765056,0.5488165862937472,0.0014072176357127,0.0051032534727425,0.3594414811203243,10.196312532508784,0.0003118553537891,0.0257462830149925,Green,0.030979965300712717,0.0003083643497975,True
GJR-GARCH-t,ME2_BM1,DtACI-projected-expected,0.0100663558129268,3022,38.24615701109518,0.0126559090043332,,,,,,0.0003065014590111,0.0236710577297261,,0.0304481050250085,0.0003083643497975,False
GJR-GARCH-t,ME2_BM2,State-L1,0.0091836495740911,3022,28.0,0.0092653871608206,0.6811109911530853,0.2622244673233876,0.490207540439697,0.1688778928511407,1.2569749584138776,0.0002880473462606,0.0221675906749204,Green,0.03136523709193334,0.0002912707085092,False
GJR-GARCH-t,ME2_BM2,State-L1-clipped,0.0091836495740911,3022,28.0,0.0092653871608206,0.6811109911530853,0.2622244673233876,0.490207540439697,0.1688778928511407,1.2569749584138776,0.0002880504328338,0.0221678993322439,Green,0.03136557318633406,0.0002912707085092,False
GJR-GARCH-t,ME2_BM2,POT-Shift,0.0091836495740911,3022,24.0,0.0079417604235605,0.238182893076649,0.1856658463350949,0.2077338517172581,1.391316541585013,1.7516786137492772,0.000288280911169,0.0217992777283684,Green,0.03139066978146659,0.0002912707085092,False
GJR-GARCH-t,ME2_BM2,POT-Vol,0.0091836495740911,3022,27.0,0.0089344804765056,0.5488165862937472,0.2418824742808023,0.4212556649250148,0.3594414811203243,1.3695892179052294,0.0002878079225576,0.0219477932474551,Green,0.03133916644310594,0.0002912707085092,False
GJR-GARCH-t,ME2_BM2,Loss-gate,0.0091836495740911,3022,48.0,0.0158835208471211,0.0027523191202792,0.228914292292034,0.0054825017565422,8.964792793451004,1.4475947211120683,0.0002912707085092,0.0189791629036999,Green,0.031716226338920045,0.0002912707085092,False
GJR-GARCH-t,ME2_BM2,Past-minimum,0.0091836495740911,3022,24.0,0.0079417604235605,0.238182893076649,0.1856658463350949,0.2077338517172581,1.391316541585013,1.7516786137492772,0.0002887430783268,0.0226307655702322,Green,0.031440994780702614,0.0002912707085092,False
GJR-GARCH-t,ME2_BM2,DtACI-projected-seed,0.0091836495740911,3022,43.0,0.0142289874255459,0.0280248197011461,0.151904870559232,0.0320717829226166,4.826539944772172,2.053017399435987,0.0002987548348184,0.022055337040118,Green,0.032531166657452475,0.0002912707085092,True
GJR-GARCH-t,ME2_BM2,Raw,0.0091836495740911,3022,48.0,0.0158835208471211,0.0027523191202792,0.228914292292034,0.0054825017565422,8.964792793451004,1.4475947211120683,0.0002912707085092,0.0189791629036999,Green,0.031716226338920045,0.0002912707085092,False
GJR-GARCH-t,ME2_BM2,Shift-CP,0.0091836495740911,3022,23.0,0.0076108537392455,0.1681945734363785,0.5524730455633009,0.324349514917215,1.8989617933042204,0.3529053964512059,0.0002888734047294,0.0220572298669961,Green,0.031455185914798976,0.0002912707085092,False
GJR-GARCH-t,ME2_BM2,Vol-ERM,0.0091836495740911,3022,27.0,0.0089344804765056,0.5488165862937472,0.2418824742808023,0.4212556649250148,0.3594414811203243,1.3695892179052294,0.0002880442409397,0.0221671914470404,Green,0.03136489895611109,0.0002912707085092,False
GJR-GARCH-t,ME2_BM2,Rolling500,0.0091836495740911,3022,34.0,0.0112508272667107,0.4980802242699028,0.3996109786501164,0.5575179636998316,0.4590245070488059,0.7094966015189357,0.0002942275380564,0.0215890292406216,Green,0.0320381930606841,0.0002912707085092,True
GJR-GARCH-t,ME2_BM2,Selected-rolling,0.0091836495740911,3022,25.0,0.0082726671078755,0.325255496757399,0.203586470352897,0.274699749337735,0.9676958640339244,1.616457332717914,0.0003042560306179,0.0240351471059915,Green,0.03313018731423145,0.0002912707085092,True
GJR-GARCH-t,ME2_BM2,Gate-selected-rolling,0.0091836495740911,3022,25.0,0.0082726671078755,0.325255496757399,0.203586470352897,0.274699749337735,0.9676958640339244,1.616457332717914,0.0003042560306179,0.0240351471059915,Green,0.03313018731423145,0.0002912707085092,True
GJR-GARCH-t,ME2_BM2,DtACI-projected-expected,0.0091836495740911,3022,38.534480809127814,0.0127513172763493,,,,,,0.0002997260382015,0.0220559382063319,,0.0326369201898869,0.0002912707085092,True
GJR-GARCH-t,ME2_BM3,State-L1,0.0087477008113198,3022,28.0,0.0092653871608206,0.6811109911530853,0.2622244673233876,0.490207540439697,0.1688778928511407,1.2569749584138776,0.0002696023884823,0.0212089478071263,Green,0.030819799887694607,0.0002751733472399,False
GJR-GARCH-t,ME2_BM3,State-L1-clipped,0.0087477008113198,3022,28.0,0.0092653871608206,0.6811109911530853,0.2622244673233876,0.490207540439697,0.1688778928511407,1.2569749584138776,0.0002695538986881,0.0212040988277052,Green,0.030814256740387003,0.0002751733472399,False
GJR-GARCH-t,ME2_BM3,POT-Shift,0.0087477008113198,3022,18.0,0.0059563203176704,0.0156917945472028,0.0960118848165823,0.0135167092590075,5.837085914146023,2.7705713578456255,0.0002674450394232,0.0214869037860753,Green,0.030573180906818133,0.0002751733472399,False
GJR-GARCH-t,ME2_BM3,POT-Vol,0.0087477008113198,3022,22.0,0.0072799470549305,0.114262225911664,0.1523457621455596,0.1031644206846897,2.494257872984294,2.0486046193869356,0.0002679685066839,0.0213975771893329,Green,0.030633021460580858,0.0002751733472399,False
GJR-GARCH-t,ME2_BM3,Loss-gate,0.0087477008113198,3022,59.0,0.0195234943745863,3.2488163501033985e-06,0.4643400542432896,1.511904249018364e-05,21.66369823551937,0.5354127976545442,0.0002751733472399,0.0181770935575052,Yellow,0.03145664822964876,0.0002751733472399,False
GJR-GARCH-t,ME2_BM3,Past-minimum,0.0087477008113198,3022,20.0,0.0066181336863004,0.0464829918008776,0.1224481576635748,0.0417997739352965,3.9640047745756775,2.385723920849415,0.0002695478443507,0.0218140273751816,Green,0.03081356463425185,0.0002751733472399,False
GJR-GARCH-t,ME2_BM3,DtACI-projected-seed,0.0087477008113198,3022,35.0,0.0115817339510258,0.3939456834907922,0.4248156806982133,0.5056848627942596,0.7267284545357224,0.6369547544992997,0.0002740447405132,0.0207903746393821,Green,0.03132763070252442,0.0002751733472399,False
GJR-GARCH-t,ME2_BM3,Raw,0.0087477008113198,3022,59.0,0.0195234943745863,3.2488163501033985e-06,0.4643400542432896,1.511904249018364e-05,21.66369823551937,0.5354127976545442,0.0002751733472399,0.0181770935575052,Yellow,0.03145664822964876,0.0002751733472399,False
GJR-GARCH-t,ME2_BM3,Shift-CP,0.0087477008113198,3022,22.0,0.0072799470549305,0.114262225911664,0.1523457621455596,0.1031644206846897,2.494257872984294,2.0486046193869356,0.0002663962115487,0.021160994412717,Green,0.030453283359208504,0.0002751733472399,False
GJR-GARCH-t,ME2_BM3,Vol-ERM,0.0087477008113198,3022,20.0,0.0066181336863004,0.0464829918008776,0.1224481576635748,0.0417997739352965,3.9640047745756775,2.385723920849415,0.0002688435827691,0.021639457121649,Green,0.03073305644166613,0.0002751733472399,False
GJR-GARCH-t,ME2_BM3,Rolling500,0.0087477008113198,3022,30.0,0.0099272005294506,0.9678779360649316,0.0356848131989759,0.1100453671453244,0.0016216663170061,4.41210347292531,0.0002693618981148,0.0205301305172683,Green,0.030792308050389336,0.0002751733472399,False
GJR-GARCH-t,ME2_BM3,Selected-rolling,0.0087477008113198,3022,30.0,0.0099272005294506,0.9678779360649316,0.0356848131989759,0.1100453671453244,0.0016216663170061,4.41210347292531,0.0002693618981148,0.0205301305172683,Green,0.030792308050389336,0.0002751733472399,False
GJR-GARCH-t,ME2_BM3,Gate-selected-rolling,0.0087477008113198,3022,30.0,0.0099272005294506,0.9678779360649316,0.0356848131989759,0.1100453671453244,0.0016216663170061,4.41210347292531,0.0002693618981148,0.0205301305172683,Green,0.030792308050389336,0.0002751733472399,False
GJR-GARCH-t,ME2_BM3,DtACI-projected-expected,0.0087477008113198,3022,37.59996625893753,0.0124420801651017,,,,,,0.0002766262578751,0.020776572090187,,0.03162273880207893,0.0002751733472399,True
GJR-GARCH-t,ME2_BM4,State-L1,0.0083874001003845,3022,37.0,0.0122435473196558,0.2311112398046076,0.0101251259418619,0.017892405084165,1.434009248861596,6.612748657436157,0.0002705447777697,0.0207576735553344,Green,0.032256095396867676,0.0002766288301142,False
GJR-GARCH-t,ME2_BM4,State-L1-clipped,0.0083874001003845,3022,37.0,0.0122435473196558,0.2311112398046076,0.0101251259418619,0.017892405084165,1.434009248861596,6.612748657436157,0.0002702508969055,0.0207580157887705,Green,0.03222105702255827,0.0002766288301142,False
GJR-GARCH-t,ME2_BM4,POT-Shift,0.0083874001003845,3022,26.0,0.0086035737921906,0.4292824922055034,0.0011034265732038,0.0035703141773454,0.6247638674956022,10.645439496912616,0.0002706674551763,0.0206737243325396,Green,0.032270721789448426,0.0002766288301142,False
GJR-GARCH-t,ME2_BM4,POT-Vol,0.0083874001003845,3022,27.0,0.0089344804765056,0.5488165862937472,0.0014072176357127,0.0051032534727425,0.3594414811203243,10.196312532508784,0.000269747680481,0.0206557582374201,Green,0.03216106031100555,0.0002766288301142,False
GJR-GARCH-t,ME2_BM4,Loss-gate,0.0083874001003845,3022,57.0,0.0188616810059563,1.294351845888789e-05,0.000631349805287,2.1556361652434605e-07,19.018824857024292,11.681194676330731,0.0002766288301142,0.0180016111808106,Yellow,0.03298147540398348,0.0002766288301142,False
GJR-GARCH-t,ME2_BM4,Past-minimum,0.0083874001003845,3022,26.0,0.0086035737921906,0.4292824922055034,0.0011034265732038,0.0035703141773454,0.6247638674956022,10.645439496912616,0.0002703178315177,0.0211998541810866,Green,0.03222903739924222,0.0002766288301142,False
GJR-GARCH-t,ME2_BM4,DtACI-projected-seed,0.0083874001003845,3022,35.0,0.0115817339510258,0.3939456834907922,0.0674371189359334,0.1306116461632917,0.7267284545357224,3.344325329099888,0.0002744900640539,0.0210884077586747,Green,0.0327264779036017,0.0002766288301142,False
GJR-GARCH-t,ME2_BM4,Raw,0.0083874001003845,3022,57.0,0.0188616810059563,1.294351845888789e-05,0.000631349805287,2.1556361652434605e-07,19.018824857024292,11.681194676330731,0.0002766288301142,0.0180016111808106,Yellow,0.03298147540398348,0.0002766288301142,False
GJR-GARCH-t,ME2_BM4,Shift-CP,0.0083874001003845,3022,27.0,0.0089344804765056,0.5488165862937472,0.0014072176357127,0.0051032534727425,0.3594414811203243,10.196312532508784,0.0002704935602415,0.0205105242233374,Green,0.032249988912428286,0.0002766288301142,False
GJR-GARCH-t,ME2_BM4,Vol-ERM,0.0083874001003845,3022,26.0,0.0086035737921906,0.4292824922055034,0.0011034265732038,0.0035703141773454,0.6247638674956022,10.645439496912616,0.0002701528364975,0.0210476473760686,Green,0.032209365627510186,0.0002766288301142,False
GJR-GARCH-t,ME2_BM4,Rolling500,0.0083874001003845,3022,33.0,0.0109199205823957,0.616496934256846,0.0003425587205849,0.0014496480146797,0.2508219168666166,12.822047084162476,0.0002741642935834,0.0207814925528277,Green,0.03268763744450817,0.0002766288301142,False
GJR-GARCH-t,ME2_BM4,Selected-rolling,0.0083874001003845,3022,33.0,0.0109199205823957,0.616496934256846,0.0003425587205849,0.0014496480146797,0.2508219168666166,12.822047084162476,0.0002741642935834,0.0207814925528277,Green,0.03268763744450817,0.0002766288301142,False
GJR-GARCH-t,ME2_BM4,Gate-selected-rolling,0.0083874001003845,3022,33.0,0.0109199205823957,0.616496934256846,0.0003425587205849,0.0014496480146797,0.2508219168666166,12.822047084162476,0.0002741642935834,0.0207814925528277,Green,0.03268763744450817,0.0002766288301142,False
GJR-GARCH-t,ME2_BM4,DtACI-projected-expected,0.0083874001003845,3022,38.71815644971758,0.0128120967735663,,,,,,0.0002798139283496,0.0211207794024154,,0.033361223382770616,0.0002766288301142,True
GJR-GARCH-t,ME2_BM5,State-L1,0.0086424384385058,3022,27.0,0.0089344804765056,0.5488165862937472,0.2418824742808023,0.4212556649250148,0.3594414811203243,1.3695892179052294,0.0002646661294365,0.0206496492567602,Green,0.0306240109570579,0.0002730254222004,False
GJR-GARCH-t,ME2_BM5,State-L1-clipped,0.0086424384385058,3022,27.0,0.0089344804765056,0.5488165862937472,0.2418824742808023,0.4212556649250148,0.3594414811203243,1.3695892179052294,0.0002646720059333,0.0206502369064418,Green,0.03062469091524815,0.0002730254222004,False
GJR-GARCH-t,ME2_BM5,POT-Shift,0.0086424384385058,3022,29.0,0.0095962938451356,0.8223235300395308,0.2833365679006725,0.5484160682214559,0.0504260710928057,1.151015991983627,0.0002647134453391,0.0207140991639432,Green,0.030629485789529856,0.0002730254222004,False
GJR-GARCH-t,ME2_BM5,POT-Vol,0.0086424384385058,3022,28.0,0.0092653871608206,0.6811109911530853,0.0266784901053783,0.0788515679457244,0.1688778928511407,4.91149826834868,0.0002649531268125,0.020605918591105,Green,0.03065721887378674,0.0002730254222004,False
GJR-GARCH-t,ME2_BM5,Loss-gate,0.0086424384385058,3022,56.0,0.0185307743216412,2.519530054178201e-05,0.0037776101143667,2.1101864696300024e-06,17.749731839035007,8.387736641262677,0.0002730254222004,0.0178170168431273,Yellow,0.03159124871332073,0.0002730254222004,False
GJR-GARCH-t,ME2_BM5,Past-minimum,0.0086424384385058,3022,28.0,0.0092653871608206,0.6811109911530853,0.0266784901053783,0.0788515679457244,0.1688778928511407,4.91149826834868,0.0002648305719523,0.0204715418058044,Green,0.030643038285626114,0.0002730254222004,False
GJR-GARCH-t,ME2_BM5,DtACI-projected-seed,0.0086424384385058,3022,35.0,0.0115817339510258,0.3939456834907922,0.4248156806982133,0.5056848627942596,0.7267284545357224,0.6369547544992997,0.0002716898819387,0.020670258078995,Green,0.031436715907423085,0.0002730254222004,False
GJR-GARCH-t,ME2_BM5,Raw,0.0086424384385058,3022,56.0,0.0185307743216412,2.519530054178201e-05,0.0037776101143667,2.1101864696300024e-06,17.749731839035007,8.387736641262677,0.0002730254222004,0.0178170168431273,Yellow,0.03159124871332073,0.0002730254222004,False
GJR-GARCH-t,ME2_BM5,Shift-CP,0.0086424384385058,3022,29.0,0.0095962938451356,0.8223235300395308,0.2833365679006725,0.5484160682214559,0.0504260710928057,1.151015991983627,0.0002647094119445,0.020704108247165,Green,0.03062901909316532,0.0002730254222004,False
GJR-GARCH-t,ME2_BM5,Vol-ERM,0.0086424384385058,3022,28.0,0.0092653871608206,0.6811109911530853,0.0266784901053783,0.0788515679457244,0.1688778928511407,4.91149826834868,0.0002648755379805,0.0205208453610677,Green,0.03064824121863165,0.0002730254222004,False
GJR-GARCH-t,ME2_BM5,Rolling500,0.0086424384385058,3022,28.0,0.0092653871608206,0.6811109911530853,0.2622244673233876,0.490207540439697,0.1688778928511407,1.2569749584138776,0.0002715305529653,0.0206333560047973,Green,0.031418280257052685,0.0002730254222004,False
GJR-GARCH-t,ME2_BM5,Selected-rolling,0.0086424384385058,3022,28.0,0.0092653871608206,0.6811109911530853,0.2622244673233876,0.490207540439697,0.1688778928511407,1.2569749584138776,0.0002715305529653,0.0206333560047973,Green,0.031418280257052685,0.0002730254222004,False
GJR-GARCH-t,ME2_BM5,Gate-selected-rolling,0.0086424384385058,3022,28.0,0.0092653871608206,0.6811109911530853,0.2622244673233876,0.490207540439697,0.1688778928511407,1.2569749584138776,0.0002715305529653,0.0206333560047973,Green,0.031418280257052685,0.0002730254222004,False
GJR-GARCH-t,ME2_BM5,DtACI-projected-expected,0.0086424384385058,3022,35.53436827917872,0.0117585599864919,,,,,,0.0002767840601389,0.0207256243874521,,0.03202615351076235,0.0002730254222004,True
GJR-GARCH-t,ME3_BM1,State-L1,0.0104201144475203,3022,29.0,0.0095962938451356,0.8223235300395308,0.030945050677626,0.0950628292472416,0.0504260710928057,4.656008419880777,0.0002971064478532,0.0240345096462763,Green,0.028512781634937142,0.0003042299794154,False
GJR-GARCH-t,ME3_BM1,State-L1-clipped,0.0104201144475203,3022,29.0,0.0095962938451356,0.8223235300395308,0.030945050677626,0.0950628292472416,0.0504260710928057,4.656008419880777,0.0002971064478532,0.0240345096462763,Green,0.028512781634937142,0.0003042299794154,False
GJR-GARCH-t,ME3_BM1,POT-Shift,0.0104201144475203,3022,29.0,0.0095962938451356,0.8223235300395308,0.030945050677626,0.0950628292472416,0.0504260710928057,4.656008419880777,0.0002970925183208,0.0240000055093076,Green,0.02851144484228768,0.0003042299794154,False
GJR-GARCH-t,ME3_BM1,POT-Vol,0.0104201144475203,3022,29.0,0.0095962938451356,0.8223235300395308,0.030945050677626,0.0950628292472416,0.0504260710928057,4.656008419880777,0.0002974642652861,0.0242573501047067,Green,0.02854712074269859,0.0003042299794154,False
GJR-GARCH-t,ME3_BM1,Loss-gate,0.0104201144475203,3022,53.0,0.0175380542686962,0.0001675976442963,0.3251889334054696,0.0005179201674774,14.163416715812147,0.9679621730294912,0.0003042299794154,0.0213399472348974,Yellow,0.0291964143913792,0.0003042299794154,False
GJR-GARCH-t,ME3_BM1,Past-minimum,0.0104201144475203,3022,32.0,0.0105890138980807,0.7471942982036877,0.0466949731347962,0.1313191495155421,0.1039037863093597,3.956345539285053,0.0002973610022907,0.0237541015429511,Green,0.028537210775210223,0.0003042299794154,False
GJR-GARCH-t,ME3_BM1,DtACI-projected-seed,0.0104201144475203,3022,40.0,0.0132362673726009,0.0884672487506781,0.55881996780479,0.1975233876214895,2.902045074110614,0.3417514925197906,0.0003128966374933,0.0242192417378211,Green,0.03002813827709549,0.0003042299794154,True
GJR-GARCH-t,ME3_BM1,Raw,0.0104201144475203,3022,53.0,0.0175380542686962,0.0001675976442963,0.3251889334054696,0.0005179201674774,14.163416715812147,0.9679621730294912,0.0003042299794154,0.0213399472348974,Yellow,0.0291964143913792,0.0003042299794154,False
GJR-GARCH-t,ME3_BM1,Shift-CP,0.0104201144475203,3022,29.0,0.0095962938451356,0.8223235300395308,0.030945050677626,0.0950628292472416,0.0504260710928057,4.656008419880777,0.0002971236082714,0.0240770168461653,Green,0.028514428489996788,0.0003042299794154,False
GJR-GARCH-t,ME3_BM1,Vol-ERM,0.0104201144475203,3022,29.0,0.0095962938451356,0.8223235300395308,0.030945050677626,0.0950628292472416,0.0504260710928057,4.656008419880777,0.000297379991933,0.0241397783921436,Green,0.028539033177679564,0.0003042299794154,False
GJR-GARCH-t,ME3_BM1,Rolling500,0.0104201144475203,3022,29.0,0.0095962938451356,0.8223235300395308,0.030945050677626,0.0950628292472416,0.0504260710928057,4.656008419880777,0.0003059452095181,0.0245531758552978,Green,0.029361021998266682,0.0003042299794154,True
GJR-GARCH-t,ME3_BM1,Selected-rolling,0.0104201144475203,3022,29.0,0.0095962938451356,0.8223235300395308,0.030945050677626,0.0950628292472416,0.0504260710928057,4.656008419880777,0.0003059452095181,0.0245531758552978,Green,0.029361021998266682,0.0003042299794154,True
GJR-GARCH-t,ME3_BM1,Gate-selected-rolling,0.0104201144475203,3022,29.0,0.0095962938451356,0.8223235300395308,0.030945050677626,0.0950628292472416,0.0504260710928057,4.656008419880777,0.0003059452095181,0.0245531758552978,Green,0.029361021998266682,0.0003042299794154,True
GJR-GARCH-t,ME3_BM1,DtACI-projected-expected,0.0104201144475203,3022,39.898799533376874,0.0132027794617395,,,,,,0.0003094842331822,0.0241751407264914,,0.029700655855641658,0.0003042299794154,True
GJR-GARCH-t,ME3_BM2,State-L1,0.0097160743363543,3022,28.0,0.0092653871608206,0.6811109911530853,0.469184170493848,0.7072385172749001,0.1688778928511407,0.523896716487684,0.0003036450321791,0.0230037703166404,Green,0.03125182266699647,0.0003064873051603,False
GJR-GARCH-t,ME3_BM2,State-L1-clipped,0.0097160743363543,3022,28.0,0.0092653871608206,0.6811109911530853,0.469184170493848,0.7072385172749001,0.1688778928511407,0.523896716487684,0.0003036554005498,0.0230048071537133,Green,0.03125288980279031,0.0003064873051603,False
GJR-GARCH-t,ME3_BM2,POT-Shift,0.0097160743363543,3022,24.0,0.0079417604235605,0.238182893076649,0.5352638966545002,0.4115385765059033,1.391316541585013,0.3843884928020316,0.0003032536709497,0.0229385504013492,Green,0.03121154289804332,0.0003064873051603,False
GJR-GARCH-t,ME3_BM2,POT-Vol,0.0097160743363543,3022,28.0,0.0092653871608206,0.6811109911530853,0.469184170493848,0.7072385172749001,0.1688778928511407,0.523896716487684,0.0003048058168106,0.0230747800093442,Green,0.031371293205334855,0.0003064873051603,False
GJR-GARCH-t,ME3_BM2,Loss-gate,0.0097160743363543,3022,46.0,0.015221707478491,0.0073884346056394,0.1957829452315756,0.0119767394197972,7.176022019346441,1.673555764594994,0.0003064873051603,0.0195142253887464,Green,0.03154435572950765,0.0003064873051603,False
GJR-GARCH-t,ME3_BM2,Past-minimum,0.0097160743363543,3022,28.0,0.0092653871608206,0.6811109911530853,0.469184170493848,0.7072385172749001,0.1688778928511407,0.523896716487684,0.0003047759551554,0.0230541968106095,Green,0.03136821977730556,0.0003064873051603,False
GJR-GARCH-t,ME3_BM2,DtACI-projected-seed,0.0097160743363543,3022,38.0,0.0125744540039708,0.171418220226424,0.0938412786709321,0.0964380210118382,1.870496546801455,2.8072129457742676,0.0003097051646806,0.0224971759990746,Green,0.0318755449947297,0.0003064873051603,True
GJR-GARCH-t,ME3_BM2,Raw,0.0097160743363543,3022,46.0,0.015221707478491,0.0073884346056394,0.1957829452315756,0.0119767394197972,7.176022019346441,1.673555764594994,0.0003064873051603,0.0195142253887464,Green,0.03154435572950765,0.0003064873051603,False
GJR-GARCH-t,ME3_BM2,Shift-CP,0.0097160743363543,3022,24.0,0.0079417604235605,0.238182893076649,0.5352638966545002,0.4115385765059033,1.391316541585013,0.3843884928020316,0.0003034290954376,0.0230237807554315,Green,0.031229597976856746,0.0003064873051603,False
GJR-GARCH-t,ME3_BM2,Vol-ERM,0.0097160743363543,3022,28.0,0.0092653871608206,0.6811109911530853,0.469184170493848,0.7072385172749001,0.1688778928511407,0.523896716487684,0.0003050192913231,0.0232219248440818,Green,0.03139326447738464,0.0003064873051603,False
GJR-GARCH-t,ME3_BM2,Rolling500,0.0097160743363543,3022,33.0,0.0109199205823957,0.616496934256846,0.3750166449390805,0.5951760486819166,0.2508219168666166,0.7869741572588396,0.0003094211167443,0.0221670888955011,Green,0.03184631014879638,0.0003064873051603,True
GJR-GARCH-t,ME3_BM2,Selected-rolling,0.0097160743363543,3022,33.0,0.0109199205823957,0.616496934256846,0.3750166449390805,0.5951760486819166,0.2508219168666166,0.7869741572588396,0.0003094211167443,0.0221670888955011,Green,0.03184631014879638,0.0003064873051603,True
GJR-GARCH-t,ME3_BM2,Gate-selected-rolling,0.0097160743363543,3022,33.0,0.0109199205823957,0.616496934256846,0.3750166449390805,0.5951760486819166,0.2508219168666166,0.7869741572588396,0.0003094211167443,0.0221670888955011,Green,0.03184631014879638,0.0003064873051603,True
GJR-GARCH-t,ME3_BM2,DtACI-projected-expected,0.0097160743363543,3022,39.83557971057216,0.0131818595997922,,,,,,0.000312221367012,0.0224943091163195,,0.03213451814008587,0.0003064873051603,True
GJR-GARCH-t,ME3_BM3,State-L1,0.0092151275437785,3022,35.0,0.0115817339510258,0.3939456834907922,0.4248156806982133,0.5056848627942596,0.7267284545357224,0.6369547544992997,0.000284830859659,0.0217379690896121,Green,0.03090905234961188,0.0002880865247072,False
GJR-GARCH-t,ME3_BM3,State-L1-clipped,0.0092151275437785,3022,33.0,0.0109199205823957,0.616496934256846,0.3750166449390805,0.5951760486819166,0.2508219168666166,0.7869741572588396,0.0002844530737583,0.0217437359015855,Green,0.03086805607485548,0.0002880865247072,False
GJR-GARCH-t,ME3_BM3,POT-Shift,0.0092151275437785,3022,21.0,0.0069490403706154,0.0744917817473285,0.1369657930070021,0.0674451196340726,3.1811610409348994,2.21172106758533,0.0002810765863704,0.0219517706716468,Green,0.030501649058581506,0.0002880865247072,False
GJR-GARCH-t,ME3_BM3,POT-Vol,0.0092151275437785,3022,24.0,0.0079417604235605,0.238182893076649,0.1856658463350949,0.2077338517172581,1.391316541585013,1.7516786137492772,0.000281244654429,0.02192980001707,Green,0.030519887336652167,0.0002880865247072,False
GJR-GARCH-t,ME3_BM3,Loss-gate,0.0092151275437785,3022,57.0,0.0188616810059563,1.294351845888789e-05,0.4153177019878833,5.321471033255287e-05,19.018824857024292,0.6635265226319689,0.0002880865247072,0.0189519838696364,Yellow,0.03126234806176923,0.0002880865247072,False
GJR-GARCH-t,ME3_BM3,Past-minimum,0.0092151275437785,3022,24.0,0.0079417604235605,0.238182893076649,0.1856658463350949,0.2077338517172581,1.391316541585013,1.7516786137492772,0.0002816398421395,0.0220898966273314,Green,0.0305627720073876,0.0002880865247072,False
GJR-GARCH-t,ME3_BM3,DtACI-projected-seed,0.0092151275437785,3022,43.0,0.0142289874255459,0.0280248197011461,0.6443031671962046,0.0804717484647503,4.826539944772172,0.2131582690352047,0.0002900868400333,0.0215335283744573,Green,0.03147941671508922,0.0002880865247072,True
GJR-GARCH-t,ME3_BM3,Raw,0.0092151275437785,3022,57.0,0.0188616810059563,1.294351845888789e-05,0.4153177019878833,5.321471033255287e-05,19.018824857024292,0.6635265226319689,0.0002880865247072,0.0189519838696364,Yellow,0.03126234806176923,0.0002880865247072,False
GJR-GARCH-t,ME3_BM3,Shift-CP,0.0092151275437785,3022,21.0,0.0069490403706154,0.0744917817473285,0.1369657930070021,0.0674451196340726,3.1811610409348994,2.21172106758533,0.0002807128305667,0.0218325439862962,Green,0.03046217529091287,0.0002880865247072,False
GJR-GARCH-t,ME3_BM3,Vol-ERM,0.0092151275437785,3022,24.0,0.0079417604235605,0.238182893076649,0.1856658463350949,0.2077338517172581,1.391316541585013,1.7516786137492772,0.0002816780995474,0.0221053952907844,Green,0.030566923594841845,0.0002880865247072,False
GJR-GARCH-t,ME3_BM3,Rolling500,0.0092151275437785,3022,30.0,0.0099272005294506,0.9678779360649316,0.3051967590659713,0.5906775582324737,0.0016216663170061,1.0513483281024492,0.0002898989514945,0.0220501418262322,Green,0.031459027573657664,0.0002880865247072,True
GJR-GARCH-t,ME3_BM3,Selected-rolling,0.0092151275437785,3022,30.0,0.0099272005294506,0.9678779360649316,0.3051967590659713,0.5906775582324737,0.0016216663170061,1.0513483281024492,0.0002898989514945,0.0220501418262322,Green,0.031459027573657664,0.0002880865247072,True
GJR-GARCH-t,ME3_BM3,Gate-selected-rolling,0.0092151275437785,3022,30.0,0.0099272005294506,0.9678779360649316,0.3051967590659713,0.5906775582324737,0.0016216663170061,1.0513483281024492,0.0002898989514945,0.0220501418262322,Green,0.031459027573657664,0.0002880865247072,True
GJR-GARCH-t,ME3_BM3,DtACI-projected-expected,0.0092151275437785,3022,40.68810119455353,0.0134639646573638,,,,,,0.0002903229311029,0.0215676473659474,,0.031505036661039876,0.0002880865247072,True
GJR-GARCH-t,ME3_BM4,State-L1,0.0091661086387668,3022,41.0,0.0135671740569159,0.061573954381983,0.0187446334995929,0.0110003404320844,3.494474307266703,5.52518380931599,0.0002937204143724,0.0214758128386687,Green,0.03204417773646603,0.000299205072669,False
GJR-GARCH-t,ME3_BM4,State-L1-clipped,0.0091661086387668,3022,41.0,0.0135671740569159,0.061573954381983,0.0187446334995929,0.0110003404320844,3.494474307266703,5.52518380931599,0.0002935511776082,0.0214824177231005,Green,0.032025714420039215,0.000299205072669,False
GJR-GARCH-t,ME3_BM4,POT-Shift,0.0091661086387668,3022,32.0,0.0105890138980807,0.7471942982036877,0.3510635603506308,0.6146167214130802,0.1039037863093597,0.8696090590320296,0.0002873468858254,0.021341774884986,Green,0.03134884138402045,0.000299205072669,False
GJR-GARCH-t,ME3_BM4,POT-Vol,0.0091661086387668,3022,37.0,0.0122435473196558,0.2311112398046076,0.0101251259418619,0.017892405084165,1.434009248861596,6.612748657436157,0.0002898633835549,0.0213328103027759,Green,0.03162338512211851,0.000299205072669,False
GJR-GARCH-t,ME3_BM4,Loss-gate,0.0091661086387668,3022,60.0,0.0198544010589013,1.5880685923181376e-06,0.1535715875076876,3.590028712945947e-06,23.03828946017451,2.0364112547474633,0.000299205072669,0.0187845582403867,Yellow,0.032642540521890945,0.000299205072669,False
GJR-GARCH-t,ME3_BM4,Past-minimum,0.0091661086387668,3022,31.0,0.0102581072137657,0.8870779793048909,0.3277810477226519,0.6132978107521425,0.0201647285880723,0.9576445433647792,0.0002897784814125,0.0221377624010148,Green,0.031614122506351455,0.000299205072669,False
GJR-GARCH-t,ME3_BM4,DtACI-projected-seed,0.0091661086387668,3022,39.0,0.0129053606882859,0.1244589115040368,0.3124834769863229,0.1844787912763752,2.360291741415807,1.0201498076655184,0.0002968082009186,0.0219927368594945,Green,0.03238104768508747,0.000299205072669,False
GJR-GARCH-t,ME3_BM4,Raw,0.0091661086387668,3022,60.0,0.0198544010589013,1.5880685923181376e-06,0.1535715875076876,3.590028712945947e-06,23.03828946017451,2.0364112547474633,0.000299205072669,0.0187845582403867,Yellow,0.032642540521890945,0.000299205072669,False
GJR-GARCH-t,ME3_BM4,Shift-CP,0.0091661086387668,3022,29.0,0.0095962938451356,0.8223235300395308,0.2833365679006725,0.5484160682214559,0.0504260710928057,1.151015991983627,0.0002871347638128,0.0218280001674737,Green,0.03132569939204111,0.000299205072669,False
GJR-GARCH-t,ME3_BM4,Vol-ERM,0.0091661086387668,3022,34.0,0.0112508272667107,0.4980802242699028,0.0599252500503431,0.1354384014580472,0.4590245070488059,3.5394521805726527,0.0002896220827398,0.0218594514954827,Green,0.031597059794260245,0.000299205072669,False
GJR-GARCH-t,ME3_BM4,Rolling500,0.0091661086387668,3022,34.0,0.0112508272667107,0.4980802242699028,0.0599252500503431,0.1354384014580472,0.4590245070488059,3.5394521805726527,0.000292535403043,0.0221218481444817,Green,0.03191489590312748,0.000299205072669,False
GJR-GARCH-t,ME3_BM4,Selected-rolling,0.0091661086387668,3022,34.0,0.0112508272667107,0.4980802242699028,0.0599252500503431,0.1354384014580472,0.4590245070488059,3.5394521805726527,0.000292535403043,0.0221218481444817,Green,0.03191489590312748,0.000299205072669,False
GJR-GARCH-t,ME3_BM4,Gate-selected-rolling,0.0091661086387668,3022,34.0,0.0112508272667107,0.4980802242699028,0.0599252500503431,0.1354384014580472,0.4590245070488059,3.5394521805726527,0.000292535403043,0.0221218481444817,Green,0.03191489590312748,0.000299205072669,False
GJR-GARCH-t,ME3_BM4,DtACI-projected-expected,0.0091661086387668,3022,39.68158936002244,0.0131309031634753,,,,,,0.0002994699296897,0.0220822774573323,,0.03267143577407898,0.000299205072669,True
GJR-GARCH-t,ME3_BM5,State-L1,0.0093728342288646,3022,31.0,0.0102581072137657,0.8870779793048909,0.0409256543066209,0.1225020292534597,0.0201647285880723,4.1790906390123155,0.0002867673628833,0.0220491643552665,Green,0.030595586765011874,0.000290333022311,False
GJR-GARCH-t,ME3_BM5,State-L1-clipped,0.0093728342288646,3022,31.0,0.0102581072137657,0.8870779793048909,0.0409256543066209,0.1225020292534597,0.0201647285880723,4.1790906390123155,0.0002866883647865,0.0220412645455835,Green,0.03058715835425894,0.000290333022311,False
GJR-GARCH-t,ME3_BM5,POT-Shift,0.0093728342288646,3022,29.0,0.0095962938451356,0.8223235300395308,0.0022221378155935,0.0090644973141811,0.0504260710928057,9.356353708498034,0.0002853719629047,0.02156420816009,Green,0.030446709707706975,0.000290333022311,False
GJR-GARCH-t,ME3_BM5,POT-Vol,0.0093728342288646,3022,30.0,0.0099272005294506,0.9678779360649316,0.0356848131989759,0.1100453671453244,0.0016216663170061,4.41210347292531,0.0002854926237672,0.0215365684793794,Green,0.030459583173678282,0.000290333022311,False
GJR-GARCH-t,ME3_BM5,Loss-gate,0.0093728342288646,3022,47.0,0.015552614162806,0.0045533979728568,0.006054671043704,0.0004132837950552,8.048793070606663,7.533959021170631,0.000290333022311,0.0190518549396776,Green,0.030976011654712705,0.000290333022311,False
GJR-GARCH-t,ME3_BM5,Past-minimum,0.0093728342288646,3022,30.0,0.0099272005294506,0.9678779360649316,0.0356848131989759,0.1100453671453244,0.0016216663170061,4.41210347292531,0.0002855038294568,0.021560932847615,Green,0.030460778723426243,0.000290333022311,False
GJR-GARCH-t,ME3_BM5,DtACI-projected-seed,0.0093728342288646,3022,38.0,0.0125744540039708,0.171418220226424,0.001107387715024,0.0019214899025235,1.870496546801455,10.63881225913866,0.0002964542271052,0.022224861666727,Green,0.031629091037611544,0.000290333022311,True
GJR-GARCH-t,ME3_BM5,Raw,0.0093728342288646,3022,47.0,0.015552614162806,0.0045533979728568,0.006054671043704,0.0004132837950552,8.048793070606663,7.533959021170631,0.000290333022311,0.0190518549396776,Green,0.030976011654712705,0.000290333022311,False
GJR-GARCH-t,ME3_BM5,Shift-CP,0.0093728342288646,3022,25.0,0.0082726671078755,0.325255496757399,0.0164355879193372,0.0346769645121762,0.9676958640339244,5.75566345473527,0.0002862232032519,0.0224879275969058,Green,0.03053752965889938,0.000290333022311,False
GJR-GARCH-t,ME3_BM5,Vol-ERM,0.0093728342288646,3022,29.0,0.0095962938451356,0.8223235300395308,0.030945050677626,0.0950628292472416,0.0504260710928057,4.656008419880777,0.0002857664993333,0.0219526789213818,Green,0.03048880331770436,0.000290333022311,False
GJR-GARCH-t,ME3_BM5,Rolling500,0.0093728342288646,3022,35.0,0.0115817339510258,0.3939456834907922,0.0072091685420643,0.0188091034352202,0.7267284545357224,7.220100147599851,0.0002946623982003,0.0218209128465065,Green,0.03143791845724286,0.000290333022311,True
GJR-GARCH-t,ME3_BM5,Selected-rolling,0.0093728342288646,3022,35.0,0.0115817339510258,0.3939456834907922,0.0072091685420643,0.0188091034352202,0.7267284545357224,7.220100147599851,0.0002946623982003,0.0218209128465065,Green,0.03143791845724286,0.000290333022311,True
GJR-GARCH-t,ME3_BM5,Gate-selected-rolling,0.0093728342288646,3022,35.0,0.0115817339510258,0.3939456834907922,0.0072091685420643,0.0188091034352202,0.7267284545357224,7.220100147599851,0.0002946623982003,0.0218209128465065,Green,0.03143791845724286,0.000290333022311,True
GJR-GARCH-t,ME3_BM5,DtACI-projected-expected,0.0093728342288646,3022,37.0791511568638,0.0122697389665333,,,,,,0.0003020342286096,0.0222234176378818,,0.0322244287303679,0.000290333022311,True
GJR-GARCH-t,ME4_BM1,State-L1,0.0109030700283055,3022,34.0,0.0112508272667107,0.4980802242699028,0.3789709188998053,0.5398138131048043,0.4590245070488059,0.7740374717999998,0.0002864578600929,0.0228804141777979,Green,0.02627313768958887,0.0002896019246325,False
GJR-GARCH-t,ME4_BM1,State-L1-clipped,0.0109030700283055,3022,34.0,0.0112508272667107,0.4980802242699028,0.3789709188998053,0.5398138131048043,0.4590245070488059,0.7740374717999998,0.0002864682502227,0.0228814531907729,Green,0.026274090644102875,0.0002896019246325,False
GJR-GARCH-t,ME4_BM1,POT-Shift,0.0109030700283055,3022,22.0,0.0072799470549305,0.114262225911664,0.5699434381557098,0.2445054908052761,2.494257872984294,0.322777153091863,0.0002853835087916,0.0235254816632748,Green,0.02617460110324109,0.0002896019246325,False
GJR-GARCH-t,ME4_BM1,POT-Vol,0.0109030700283055,3022,23.0,0.0076108537392455,0.1681945734363785,0.5524730455633009,0.324349514917215,1.8989617933042204,0.3529053964512059,0.0002866064495049,0.0234896217349414,Green,0.026286765907293997,0.0002896019246325,False
GJR-GARCH-t,ME4_BM1,Loss-gate,0.0109030700283055,3022,52.0,0.0172071475843812,0.0003042772885574,0.9117551171883884,0.0014618092337694,13.04387863694818,0.012282181503906,0.0002896019246325,0.0205787652572696,Yellow,0.026561502758458252,0.0002896019246325,False
GJR-GARCH-t,ME4_BM1,Past-minimum,0.0109030700283055,3022,30.0,0.0099272005294506,0.9678779360649316,0.4378861650582365,0.7395461536900205,0.0016216663170061,0.6018155071973297,0.0002855893679371,0.0229522944524258,Green,0.026193481945514466,0.0002896019246325,False
GJR-GARCH-t,ME4_BM1,DtACI-projected-seed,0.0109030700283055,3022,39.0,0.0129053606882859,0.1244589115040368,0.5310727217337905,0.2525072950762816,2.360291741415807,0.3923385371699055,0.0002885291514772,0.0223917889511538,Green,0.026463110915379656,0.0002896019246325,False
GJR-GARCH-t,ME4_BM1,Raw,0.0109030700283055,3022,52.0,0.0172071475843812,0.0003042772885574,0.9117551171883884,0.0014618092337694,13.04387863694818,0.012282181503906,0.0002896019246325,0.0205787652572696,Yellow,0.026561502758458252,0.0002896019246325,False
GJR-GARCH-t,ME4_BM1,Shift-CP,0.0109030700283055,3022,23.0,0.0076108537392455,0.1681945734363785,0.5524730455633009,0.324349514917215,1.8989617933042204,0.3529053964512059,0.0002851410877912,0.0234360397084105,Green,0.026152366906838552,0.0002896019246325,False
GJR-GARCH-t,ME4_BM1,Vol-ERM,0.0109030700283055,3022,26.0,0.0086035737921906,0.4292824922055034,0.5016591615406518,0.5838598635148116,0.6247638674956022,0.4514247018719288,0.0002861325130555,0.0233052864835394,Green,0.026243297742073596,0.0002896019246325,False
GJR-GARCH-t,ME4_BM1,Rolling500,0.0109030700283055,3022,34.0,0.0112508272667107,0.4980802242699028,0.3996109786501164,0.5575179636998316,0.4590245070488059,0.7094966015189357,0.0002880898778363,0.0230183359185864,Green,0.02642282192890524,0.0002896019246325,False
GJR-GARCH-t,ME4_BM1,Selected-rolling,0.0109030700283055,3022,34.0,0.0112508272667107,0.4980802242699028,0.3996109786501164,0.5575179636998316,0.4590245070488059,0.7094966015189357,0.0002880898778363,0.0230183359185864,Green,0.02642282192890524,0.0002896019246325,False
GJR-GARCH-t,ME4_BM1,Gate-selected-rolling,0.0109030700283055,3022,34.0,0.0112508272667107,0.4980802242699028,0.3996109786501164,0.5575179636998316,0.4590245070488059,0.7094966015189357,0.0002880898778363,0.0230183359185864,Green,0.02642282192890524,0.0002896019246325,False
GJR-GARCH-t,ME4_BM1,DtACI-projected-expected,0.0109030700283055,3022,40.14665356786633,0.0132847960184865,,,,,,0.0002880732052601,0.0224315351320066,,0.02642129276545341,0.0002896019246325,False
GJR-GARCH-t,ME4_BM2,State-L1,0.0100315417437344,3022,27.0,0.0089344804765056,0.5488165862937472,0.485277313114799,0.654940416357677,0.3594414811203243,0.4869805486347331,0.0002973484164102,0.0225789546195421,Green,0.029641347661830828,0.0003006167786682,False
GJR-GARCH-t,ME4_BM2,State-L1-clipped,0.0100315417437344,3022,27.0,0.0089344804765056,0.5488165862937472,0.485277313114799,0.654940416357677,0.3594414811203243,0.4869805486347331,0.0002973657831124,0.0225806912897662,Green,0.029643078871513615,0.0003006167786682,False
GJR-GARCH-t,ME4_BM2,POT-Shift,0.0100315417437344,3022,28.0,0.0092653871608206,0.6811109911530853,0.469184170493848,0.7072385172749001,0.1688778928511407,0.523896716487684,0.0002959916008386,0.0224270824737496,Green,0.029506092722334867,0.0003006167786682,False
GJR-GARCH-t,ME4_BM2,POT-Vol,0.0100315417437344,3022,29.0,0.0095962938451356,0.8223235300395308,0.4533853966873624,0.7361654977487844,0.0504260710928057,0.5621745778252034,0.0002973006261791,0.0223009445702165,Green,0.029636583665196926,0.0003006167786682,False
GJR-GARCH-t,ME4_BM2,Loss-gate,0.0100315417437344,3022,49.0,0.0162144275314361,0.0016321417097115,0.8218333431817204,0.0068266441102837,9.92313469253552,0.0507094507485703,0.0003006167786682,0.0197742190460523,Yellow,0.02996715623059259,0.0003006167786682,False
GJR-GARCH-t,ME4_BM2,Past-minimum,0.0100315417437344,3022,29.0,0.0095962938451356,0.8223235300395308,0.4533853966873624,0.7361654977487844,0.0504260710928057,0.5621745778252034,0.0002975515017151,0.0225391444577032,Green,0.02966159233708494,0.0003006167786682,False
GJR-GARCH-t,ME4_BM2,DtACI-projected-seed,0.0100315417437344,3022,44.0,0.014559894109861,0.0183344495525287,0.0283516431767388,0.0055986379160655,5.563907295458282,4.806556584741884,0.0003102096676323,0.0230418388557332,Green,0.030923428876329387,0.0003006167786682,True
GJR-GARCH-t,ME4_BM2,Raw,0.0100315417437344,3022,49.0,0.0162144275314361,0.0016321417097115,0.8218333431817204,0.0068266441102837,9.92313469253552,0.0507094507485703,0.0003006167786682,0.0197742190460523,Yellow,0.02996715623059259,0.0003006167786682,False
GJR-GARCH-t,ME4_BM2,Shift-CP,0.0100315417437344,3022,24.0,0.0079417604235605,0.238182893076649,0.5352638966545002,0.4115385765059033,1.391316541585013,0.3843884928020316,0.0002970594910219,0.0230362630989316,Green,0.029612545968563643,0.0003006167786682,False
GJR-GARCH-t,ME4_BM2,Vol-ERM,0.0100315417437344,3022,29.0,0.0095962938451356,0.8223235300395308,0.4533853966873624,0.7361654977487844,0.0504260710928057,0.5621745778252034,0.0002974032202136,0.0223983549748449,Green,0.029646810810447465,0.0003006167786682,False
GJR-GARCH-t,ME4_BM2,Rolling500,0.0100315417437344,3022,37.0,0.0122435473196558,0.2311112398046076,0.4769255863578495,0.3791030531608473,1.434009248861596,0.5058851567061993,0.0003025158303692,0.022494713819436,Green,0.030156464290062725,0.0003006167786682,True
GJR-GARCH-t,ME4_BM2,Selected-rolling,0.0100315417437344,3022,37.0,0.0122435473196558,0.2311112398046076,0.4769255863578495,0.3791030531608473,1.434009248861596,0.5058851567061993,0.0003025158303692,0.022494713819436,Green,0.030156464290062725,0.0003006167786682,True
GJR-GARCH-t,ME4_BM2,Gate-selected-rolling,0.0100315417437344,3022,37.0,0.0122435473196558,0.2311112398046076,0.4769255863578495,0.3791030531608473,1.434009248861596,0.5058851567061993,0.0003025158303692,0.022494713819436,Green,0.030156464290062725,0.0003006167786682,True
GJR-GARCH-t,ME4_BM2,DtACI-projected-expected,0.0100315417437344,3022,41.71240036573166,0.013802912099845,,,,,,0.0003119310021145,0.0230233796041089,,0.03109502109277758,0.0003006167786682,True
GJR-GARCH-t,ME4_BM3,State-L1,0.009910480728396,3022,28.0,0.0092653871608206,0.6811109911530853,0.2622244673233876,0.490207540439697,0.1688778928511407,1.2569749584138776,0.0002863109733429,0.0224228892164208,Green,0.028889715967314038,0.000289444913879,False
GJR-GARCH-t,ME4_BM3,State-L1-clipped,0.009910480728396,3022,28.0,0.0092653871608206,0.6811109911530853,0.2622244673233876,0.490207540439697,0.1688778928511407,1.2569749584138776,0.000286373390017,0.0224291308838227,Green,0.02889601401438265,0.000289444913879,False
GJR-GARCH-t,ME4_BM3,POT-Shift,0.009910480728396,3022,23.0,0.0076108537392455,0.1681945734363785,0.1685819618585182,0.1499827522823925,1.8989617933042204,1.8955081592581564,0.0002851541538954,0.0221120684378171,Green,0.028772989092079274,0.000289444913879,False
GJR-GARCH-t,ME4_BM3,POT-Vol,0.009910480728396,3022,25.0,0.0082726671078755,0.325255496757399,0.203586470352897,0.274699749337735,0.9676958640339244,1.616457332717914,0.0002857179919158,0.0221663441739751,Green,0.028829882197050908,0.000289444913879,False
GJR-GARCH-t,ME4_BM3,Loss-gate,0.009910480728396,3022,48.0,0.0158835208471211,0.0027523191202792,0.7919006799532293,0.0109195225074614,8.964792793451004,0.0696132786376892,0.000289444913879,0.0193120303228295,Green,0.02920594084297728,0.000289444913879,False
GJR-GARCH-t,ME4_BM3,Past-minimum,0.009910480728396,3022,25.0,0.0082726671078755,0.325255496757399,0.203586470352897,0.274699749337735,0.9676958640339244,1.616457332717914,0.0002864747677672,0.0225364134642104,Green,0.02890624336177541,0.000289444913879,False
GJR-GARCH-t,ME4_BM3,DtACI-projected-seed,0.009910480728396,3022,40.0,0.0132362673726009,0.0884672487506781,0.55881996780479,0.1975233876214895,2.902045074110614,0.3417514925197906,0.0003013476480247,0.0224287827688881,Green,0.03040696574498791,0.000289444913879,True
GJR-GARCH-t,ME4_BM3,Raw,0.009910480728396,3022,48.0,0.0158835208471211,0.0027523191202792,0.7919006799532293,0.0109195225074614,8.964792793451004,0.0696132786376892,0.000289444913879,0.0193120303228295,Green,0.02920594084297728,0.000289444913879,False
GJR-GARCH-t,ME4_BM3,Shift-CP,0.009910480728396,3022,20.0,0.0066181336863004,0.0464829918008776,0.1224481576635748,0.0417997739352965,3.9640047745756775,2.385723920849415,0.0002872510099799,0.0228612513962678,Green,0.02898456874618142,0.000289444913879,False
GJR-GARCH-t,ME4_BM3,Vol-ERM,0.009910480728396,3022,25.0,0.0082726671078755,0.325255496757399,0.203586470352897,0.274699749337735,0.9676958640339244,1.616457332717914,0.0002864747677672,0.0225364134642104,Green,0.02890624336177541,0.000289444913879,False
GJR-GARCH-t,ME4_BM3,Rolling500,0.009910480728396,3022,36.0,0.0119126406353408,0.3049888617044544,0.4505984299037815,0.4445470607243205,1.0522526043840212,0.5691461080896261,0.0002941126362013,0.022041724139908,Green,0.029676929329835018,0.000289444913879,True
GJR-GARCH-t,ME4_BM3,Selected-rolling,0.009910480728396,3022,36.0,0.0119126406353408,0.3049888617044544,0.4505984299037815,0.4445470607243205,1.0522526043840212,0.5691461080896261,0.0002941126362013,0.022041724139908,Green,0.029676929329835018,0.000289444913879,True
GJR-GARCH-t,ME4_BM3,Gate-selected-rolling,0.009910480728396,3022,36.0,0.0119126406353408,0.3049888617044544,0.4505984299037815,0.4445470607243205,1.0522526043840212,0.5691461080896261,0.0002941126362013,0.022041724139908,Green,0.029676929329835018,0.000289444913879,True
GJR-GARCH-t,ME4_BM3,DtACI-projected-expected,0.009910480728396,3022,40.09634119856263,0.0132681473191802,,,,,,0.0003012163856407,0.0224229617701612,,0.030393720940058933,0.000289444913879,True
GJR-GARCH-t,ME4_BM4,State-L1,0.0095753315830599,3022,30.0,0.0099272005294506,0.9678779360649316,0.4378861650582365,0.7395461536900205,0.0016216663170061,0.6018155071973297,0.0003076108753901,0.0224523942602297,Green,0.032125349678157014,0.0003144000163808,False
GJR-GARCH-t,ME4_BM4,State-L1-clipped,0.0095753315830599,3022,30.0,0.0099272005294506,0.9678779360649316,0.4378861650582365,0.7395461536900205,0.0016216663170061,0.6018155071973297,0.0003074826485333,0.0224395715745497,Green,0.032111958303071175,0.0003144000163808,False
GJR-GARCH-t,ME4_BM4,POT-Shift,0.0095753315830599,3022,30.0,0.0099272005294506,0.9678779360649316,0.4378861650582365,0.7395461536900205,0.0016216663170061,0.6018155071973297,0.0003071151494203,0.0219614967815573,Green,0.03207357852375886,0.0003144000163808,False
GJR-GARCH-t,ME4_BM4,POT-Vol,0.0095753315830599,3022,30.0,0.0099272005294506,0.9678779360649316,0.4378861650582365,0.7395461536900205,0.0016216663170061,0.6018155071973297,0.0003084579804003,0.0221540202696836,Green,0.03221381711167113,0.0003144000163808,False
GJR-GARCH-t,ME4_BM4,Loss-gate,0.0095753315830599,3022,53.0,0.0175380542686962,0.0001675976442963,0.9416441543002138,0.0008380877607003,14.163416715812147,0.0053587573735285,0.0003144000163808,0.0195179375058289,Yellow,0.032834373792028,0.0003144000163808,False
GJR-GARCH-t,ME4_BM4,Past-minimum,0.0095753315830599,3022,28.0,0.0092653871608206,0.6811109911530853,0.469184170493848,0.7072385172749001,0.1688778928511407,0.523896716487684,0.0003089684965749,0.0225861278695151,Green,0.03226713288148772,0.0003144000163808,False
GJR-GARCH-t,ME4_BM4,DtACI-projected-seed,0.0095753315830599,3022,37.0,0.0122435473196558,0.2311112398046076,0.4769255863578495,0.3791030531608473,1.434009248861596,0.5058851567061993,0.0003295694803319,0.0230096698576814,Green,0.034418597149675156,0.0003144000163808,True
GJR-GARCH-t,ME4_BM4,Raw,0.0095753315830599,3022,53.0,0.0175380542686962,0.0001675976442963,0.9416441543002138,0.0008380877607003,14.163416715812147,0.0053587573735285,0.0003144000163808,0.0195179375058289,Yellow,0.032834373792028,0.0003144000163808,False
GJR-GARCH-t,ME4_BM4,Shift-CP,0.0095753315830599,3022,22.0,0.0072799470549305,0.114262225911664,0.5699434381557098,0.2445054908052761,2.494257872984294,0.322777153091863,0.0003087203754174,0.0229965851948446,Green,0.03224122034202653,0.0003144000163808,False
GJR-GARCH-t,ME4_BM4,Vol-ERM,0.0095753315830599,3022,27.0,0.0089344804765056,0.5488165862937472,0.485277313114799,0.654940416357677,0.3594414811203243,0.4869805486347331,0.000309053634419,0.0226498222968557,Green,0.03227602425442468,0.0003144000163808,False
GJR-GARCH-t,ME4_BM4,Rolling500,0.0095753315830599,3022,34.0,0.0112508272667107,0.4980802242699028,0.3789709188998053,0.5398138131048043,0.4590245070488059,0.7740374717999998,0.0003149741799086,0.0227467430451367,Green,0.03289433657481202,0.0003144000163808,True
GJR-GARCH-t,ME4_BM4,Selected-rolling,0.0095753315830599,3022,34.0,0.0112508272667107,0.4980802242699028,0.3789709188998053,0.5398138131048043,0.4590245070488059,0.7740374717999998,0.0003149741799086,0.0227467430451367,Green,0.03289433657481202,0.0003144000163808,True
GJR-GARCH-t,ME4_BM4,Gate-selected-rolling,0.0095753315830599,3022,34.0,0.0112508272667107,0.4980802242699028,0.3789709188998053,0.5398138131048043,0.4590245070488059,0.7740374717999998,0.0003149741799086,0.0227467430451367,Green,0.03289433657481202,0.0003144000163808,True
GJR-GARCH-t,ME4_BM4,DtACI-projected-expected,0.0095753315830599,3022,37.80048017585818,0.0125084315605089,,,,,,0.0003242828546213,0.0230065905095885,,0.033866488257701874,0.0003144000163808,True
GJR-GARCH-t,ME4_BM5,State-L1,0.0103621863714567,3022,31.0,0.0102581072137657,0.8870779793048909,0.0033881928753398,0.0135290535629587,0.0201647285880723,8.585666851905842,0.0003256095617486,0.0241302655668227,Green,0.031422862905217785,0.0003374180952696,False
GJR-GARCH-t,ME4_BM5,State-L1-clipped,0.0103621863714567,3022,31.0,0.0102581072137657,0.8870779793048909,0.0033881928753398,0.0135290535629587,0.0201647285880723,8.585666851905842,0.0003256095617486,0.0241302655668227,Green,0.031422862905217785,0.0003374180952696,False
GJR-GARCH-t,ME4_BM5,POT-Shift,0.0103621863714567,3022,31.0,0.0102581072137657,0.8870779793048909,0.0033881928753398,0.0135290535629587,0.0201647285880723,8.585666851905842,0.0003256159537167,0.0241055007877757,Green,0.031423479760374684,0.0003374180952696,False
GJR-GARCH-t,ME4_BM5,POT-Vol,0.0103621863714567,3022,32.0,0.0105890138980807,0.7471942982036877,0.0041348812697193,0.0155490145315594,0.1039037863093597,8.22361224677337,0.0003253008814023,0.0240523514000114,Green,0.03139307379168183,0.0003374180952696,False
GJR-GARCH-t,ME4_BM5,Loss-gate,0.0103621863714567,3022,58.0,0.0191925876902713,6.538626389001613e-06,0.0007707029676786,1.3512202450911174e-07,20.32368193072726,11.310493232299905,0.0003374180952696,0.0209248272540155,Yellow,0.03256244224665169,0.0003374180952696,False
GJR-GARCH-t,ME4_BM5,Past-minimum,0.0103621863714567,3022,33.0,0.0109199205823957,0.616496934256846,0.0050099036688671,0.0171914858713882,0.2508219168666166,7.875860133526999,0.0003254656685875,0.0237221150577215,Green,0.03140897653452903,0.0003374180952696,False
GJR-GARCH-t,ME4_BM5,DtACI-projected-seed,0.0103621863714567,3022,43.0,0.0142289874255459,0.0280248197011461,0.003008149623793,0.0010977097021708,4.826539944772172,8.802518772575695,0.0003435695649594,0.0252684157624539,Green,0.03315608816936397,0.0003374180952696,True
GJR-GARCH-t,ME4_BM5,Raw,0.0103621863714567,3022,58.0,0.0191925876902713,6.538626389001613e-06,0.0007707029676786,1.3512202450911174e-07,20.32368193072726,11.310493232299905,0.0003374180952696,0.0209248272540155,Yellow,0.03256244224665169,0.0003374180952696,False
GJR-GARCH-t,ME4_BM5,Shift-CP,0.0103621863714567,3022,31.0,0.0102581072137657,0.8870779793048909,0.0033881928753398,0.0135290535629587,0.0201647285880723,8.585666851905842,0.0003256060954785,0.0241436951415735,Green,0.031422528393757004,0.0003374180952696,False
GJR-GARCH-t,ME4_BM5,Vol-ERM,0.0103621863714567,3022,33.0,0.0109199205823957,0.616496934256846,0.0050099036688671,0.0171914858713882,0.2508219168666166,7.875860133526999,0.0003254656685875,0.0237221150577215,Green,0.03140897653452903,0.0003374180952696,False
GJR-GARCH-t,ME4_BM5,Rolling500,0.0103621863714567,3022,30.0,0.0099272005294506,0.9678779360649316,0.0001524110822906,0.0007678601059062,0.0016216663170061,14.342184324036054,0.0003348243836525,0.0253412114979079,Green,0.03231213680684175,0.0003374180952696,False
GJR-GARCH-t,ME4_BM5,Selected-rolling,0.0103621863714567,3022,30.0,0.0099272005294506,0.9678779360649316,0.0001524110822906,0.0007678601059062,0.0016216663170061,14.342184324036054,0.0003348243836525,0.0253412114979079,Green,0.03231213680684175,0.0003374180952696,False
GJR-GARCH-t,ME4_BM5,Gate-selected-rolling,0.0103621863714567,3022,30.0,0.0099272005294506,0.9678779360649316,0.0001524110822906,0.0007678601059062,0.0016216663170061,14.342184324036054,0.0003348243836525,0.0253412114979079,Green,0.03231213680684175,0.0003374180952696,False
GJR-GARCH-t,ME4_BM5,DtACI-projected-expected,0.0103621863714567,3022,40.04755077905698,0.0132520022432352,,,,,,0.0003419073102465,0.0253375892449943,,0.03299567272678142,0.0003374180952696,True
GJR-GARCH-t,BIG_LoBM,State-L1,0.0115867581052356,3022,19.0,0.0062872270019854,0.0276853261370074,0.6238394979693294,0.0785490359852356,4.847556439136309,0.2405079348271215,0.0002846606940364,0.0237403034215479,Green,0.02456776014921491,0.00028268375769,True
GJR-GARCH-t,BIG_LoBM,State-L1-clipped,0.0115867581052356,3022,19.0,0.0062872270019854,0.0276853261370074,0.6238394979693294,0.0785490359852356,4.847556439136309,0.2405079348271215,0.0002846606940364,0.0237403034215479,Green,0.02456776014921491,0.00028268375769,True
GJR-GARCH-t,BIG_LoBM,POT-Shift,0.0115867581052356,3022,19.0,0.0062872270019854,0.0276853261370074,0.6238394979693294,0.0785490359852356,4.847556439136309,0.2405079348271215,0.0002833864287768,0.0233983746752998,Green,0.024457784153511308,0.00028268375769,True
GJR-GARCH-t,BIG_LoBM,POT-Vol,0.0115867581052356,3022,22.0,0.0072799470549305,0.114262225911664,0.5699434381557098,0.2445054908052761,2.494257872984294,0.322777153091863,0.0002836149819335,0.0233053130044104,Green,0.024477509529205202,0.00028268375769,True
GJR-GARCH-t,BIG_LoBM,Loss-gate,0.0115867581052356,3022,46.0,0.015221707478491,0.0073884346056394,0.1957829452315756,0.0119767394197972,7.176022019346441,1.673555764594994,0.00028268375769,0.0203648826729943,Green,0.024397139831741743,0.00028268375769,False
GJR-GARCH-t,BIG_LoBM,Past-minimum,0.0115867581052356,3022,24.0,0.0079417604235605,0.238182893076649,0.5352638966545002,0.4115385765059033,1.391316541585013,0.3843884928020316,0.0002828975028183,0.023069897288852,Green,0.024415587194356787,0.00028268375769,True
GJR-GARCH-t,BIG_LoBM,DtACI-projected-seed,0.0115867581052356,3022,36.0,0.0119126406353408,0.3049888617044544,0.3514089649642228,0.3827750947853742,1.0522526043840212,0.8683627599442616,0.0002902204893456,0.0222578693625102,Green,0.02504760060663222,0.00028268375769,True
GJR-GARCH-t,BIG_LoBM,Raw,0.0115867581052356,3022,46.0,0.015221707478491,0.0073884346056394,0.1957829452315756,0.0119767394197972,7.176022019346441,1.673555764594994,0.00028268375769,0.0203648826729943,Green,0.024397139831741743,0.00028268375769,False
GJR-GARCH-t,BIG_LoBM,Shift-CP,0.0115867581052356,3022,16.0,0.0052945069490403,0.0042867045403333,0.6797712032928632,0.0155407670146307,8.158193655068764,0.1703835005708924,0.0002853584662378,0.0238699495038821,Green,0.024627981670632935,0.00028268375769,True
GJR-GARCH-t,BIG_LoBM,Vol-ERM,0.0115867581052356,3022,24.0,0.0079417604235605,0.238182893076649,0.5352638966545002,0.4115385765059033,1.391316541585013,0.3843884928020316,0.0002829607970988,0.0230924540663163,Green,0.02442104983368395,0.00028268375769,True
GJR-GARCH-t,BIG_LoBM,Rolling500,0.0115867581052356,3022,35.0,0.0115817339510258,0.3939456834907922,0.365029799945368,0.4613393244742853,0.7267284545357224,0.8205144354237746,0.0002851030408495,0.0222191052853075,Green,0.02460593707576178,0.00028268375769,True
GJR-GARCH-t,BIG_LoBM,Selected-rolling,0.0115867581052356,3022,35.0,0.0115817339510258,0.3939456834907922,0.365029799945368,0.4613393244742853,0.7267284545357224,0.8205144354237746,0.0002851030408495,0.0222191052853075,Green,0.02460593707576178,0.00028268375769,True
GJR-GARCH-t,BIG_LoBM,Gate-selected-rolling,0.0115867581052356,3022,35.0,0.0115817339510258,0.3939456834907922,0.365029799945368,0.4613393244742853,0.7267284545357224,0.8205144354237746,0.0002851030408495,0.0222191052853075,Green,0.02460593707576178,0.00028268375769,True
GJR-GARCH-t,BIG_LoBM,DtACI-projected-expected,0.0115867581052356,3022,39.90833798746544,0.0132059357999554,,,,,,0.0002907224387501,0.0222516811702236,,0.025090921559735847,0.00028268375769,True
GJR-GARCH-t,ME5_BM2,State-L1,0.0108060141881378,3022,26.0,0.0086035737921906,0.4292824922055034,0.2223305404834825,0.3474917296921659,0.6247638674956022,1.48926495991941,0.0002818089849569,0.0224028088373941,Green,0.026078901993877922,0.0002877981362074,False
GJR-GARCH-t,ME5_BM2,State-L1-clipped,0.0108060141881378,3022,26.0,0.0086035737921906,0.4292824922055034,0.2223305404834825,0.3474917296921659,0.6247638674956022,1.48926495991941,0.0002818216434637,0.0224040746880734,Green,0.026080073425506608,0.0002877981362074,False
GJR-GARCH-t,ME5_BM2,POT-Shift,0.0108060141881378,3022,26.0,0.0086035737921906,0.4292824922055034,0.2223305404834825,0.3474917296921659,0.6247638674956022,1.48926495991941,0.0002817127005713,0.0225119572988087,Green,0.0260699917348385,0.0002877981362074,False
GJR-GARCH-t,ME5_BM2,POT-Vol,0.0108060141881378,3022,27.0,0.0089344804765056,0.5488165862937472,0.2418824742808023,0.4212556649250148,0.3594414811203243,1.3695892179052294,0.0002822724103472,0.0223444504485321,Green,0.026121787870412187,0.0002877981362074,False
GJR-GARCH-t,ME5_BM2,Loss-gate,0.0108060141881378,3022,52.0,0.0172071475843812,0.0003042772885574,0.304428709612014,0.0008680286516534,13.04387863694818,1.0546930331145177,0.0002877981362074,0.0196694203412919,Yellow,0.026633144395028435,0.0002877981362074,False
GJR-GARCH-t,ME5_BM2,Past-minimum,0.0108060141881378,3022,29.0,0.0095962938451356,0.8223235300395308,0.2833365679006725,0.5484160682214559,0.0504260710928057,1.151015991983627,0.0002821606139854,0.0222573926946522,Green,0.026111442116663067,0.0002877981362074,False
GJR-GARCH-t,ME5_BM2,DtACI-projected-seed,0.0108060141881378,3022,38.0,0.0125744540039708,0.171418220226424,0.5037623166023943,0.3138785810147187,1.870496546801455,0.4470015582429028,0.0002913782870338,0.0221651528005399,Green,0.026964455345029788,0.0002877981362074,True
GJR-GARCH-t,ME5_BM2,Raw,0.0108060141881378,3022,52.0,0.0172071475843812,0.0003042772885574,0.304428709612014,0.0008680286516534,13.04387863694818,1.0546930331145177,0.0002877981362074,0.0196694203412919,Yellow,0.026633144395028435,0.0002877981362074,False
GJR-GARCH-t,ME5_BM2,Shift-CP,0.0108060141881378,3022,24.0,0.0079417604235605,0.238182893076649,0.1856658463350949,0.2077338517172581,1.391316541585013,1.7516786137492772,0.000282560873644,0.0230090967039873,Green,0.026148482569473074,0.0002877981362074,False
GJR-GARCH-t,ME5_BM2,Vol-ERM,0.0108060141881378,3022,26.0,0.0086035737921906,0.4292824922055034,0.2223305404834825,0.3474917296921659,0.6247638674956022,1.48926495991941,0.0002823986362969,0.0224140510405619,Green,0.02613346895351113,0.0002877981362074,False
GJR-GARCH-t,ME5_BM2,Rolling500,0.0108060141881378,3022,33.0,0.0109199205823957,0.616496934256846,0.0530195240059888,0.1357333869263936,0.2508219168666166,3.743303498279772,0.0002878248817208,0.0221605930970143,Green,0.026635619453170535,0.0002877981362074,True
GJR-GARCH-t,ME5_BM2,Selected-rolling,0.0108060141881378,3022,33.0,0.0109199205823957,0.616496934256846,0.0530195240059888,0.1357333869263936,0.2508219168666166,3.743303498279772,0.0002878248817208,0.0221605930970143,Green,0.026635619453170535,0.0002877981362074,True
GJR-GARCH-t,ME5_BM2,Gate-selected-rolling,0.0108060141881378,3022,33.0,0.0109199205823957,0.616496934256846,0.0530195240059888,0.1357333869263936,0.2508219168666166,3.743303498279772,0.0002878248817208,0.0221605930970143,Green,0.026635619453170535,0.0002877981362074,True
GJR-GARCH-t,ME5_BM2,DtACI-projected-expected,0.0108060141881378,3022,39.24989139001428,0.0129880514195944,,,,,,0.0002925818561425,0.022201635134372,,0.027075834905314018,0.0002877981362074,True
GJR-GARCH-t,ME5_BM3,State-L1,0.0114036137548628,3022,28.0,0.0092653871608206,0.6811109911530853,0.2622244673233876,0.490207540439697,0.1688778928511407,1.2569749584138776,0.000303536134025,0.0226828044091879,Green,0.026617539014381665,0.0003107367746109,False
GJR-GARCH-t,ME5_BM3,State-L1-clipped,0.0114036137548628,3022,28.0,0.0092653871608206,0.6811109911530853,0.2622244673233876,0.490207540439697,0.1688778928511407,1.2569749584138776,0.000303536134025,0.0226828044091879,Green,0.026617539014381665,0.0003107367746109,False
GJR-GARCH-t,ME5_BM3,POT-Shift,0.0114036137548628,3022,28.0,0.0092653871608206,0.6811109911530853,0.2622244673233876,0.490207540439697,0.1688778928511407,1.2569749584138776,0.0003029489739262,0.0218819404051157,Green,0.026566050064350397,0.0003107367746109,False
GJR-GARCH-t,ME5_BM3,POT-Vol,0.0114036137548628,3022,36.0,0.0119126406353408,0.3049888617044544,0.4505984299037815,0.4445470607243205,1.0522526043840212,0.5691461080896261,0.0003042913014359,0.0214667114455788,Green,0.026683760777687002,0.0003107367746109,False
GJR-GARCH-t,ME5_BM3,Loss-gate,0.0114036137548628,3022,53.0,0.0175380542686962,0.0001675976442963,0.3251889334054696,0.0005179201674774,14.163416715812147,0.9679621730294912,0.0003107367746109,0.0192964221646422,Yellow,0.027248973991108184,0.0003107367746109,False
GJR-GARCH-t,ME5_BM3,Past-minimum,0.0114036137548628,3022,33.0,0.0109199205823957,0.616496934256846,0.3750166449390805,0.5951760486819166,0.2508219168666166,0.7869741572588396,0.0003040242588,0.0219635055745247,Green,0.026660343408277578,0.0003107367746109,False
GJR-GARCH-t,ME5_BM3,DtACI-projected-seed,0.0114036137548628,3022,43.0,0.0142289874255459,0.0280248197011461,0.151904870559232,0.0320717829226166,4.826539944772172,2.053017399435987,0.0003221860867803,0.0230543466987679,Green,0.028252981353644267,0.0003107367746109,True
GJR-GARCH-t,ME5_BM3,Raw,0.0114036137548628,3022,53.0,0.0175380542686962,0.0001675976442963,0.3251889334054696,0.0005179201674774,14.163416715812147,0.9679621730294912,0.0003107367746109,0.0192964221646422,Yellow,0.027248973991108184,0.0003107367746109,False
GJR-GARCH-t,ME5_BM3,Shift-CP,0.0114036137548628,3022,25.0,0.0082726671078755,0.325255496757399,0.203586470352897,0.274699749337735,0.9676958640339244,1.616457332717914,0.0003044410193335,0.022941398728392,Green,0.026696889764762363,0.0003107367746109,False
GJR-GARCH-t,ME5_BM3,Vol-ERM,0.0114036137548628,3022,33.0,0.0109199205823957,0.616496934256846,0.3750166449390805,0.5951760486819166,0.2508219168666166,0.7869741572588396,0.0003040224848463,0.0219359078979784,Green,0.026660187847616007,0.0003107367746109,False
GJR-GARCH-t,ME5_BM3,Rolling500,0.0114036137548628,3022,32.0,0.0105890138980807,0.7471942982036877,0.3510635603506308,0.6146167214130802,0.1039037863093597,0.8696090590320296,0.0003091547678923,0.0225637271681096,Green,0.027110245448331523,0.0003107367746109,False
GJR-GARCH-t,ME5_BM3,Selected-rolling,0.0114036137548628,3022,32.0,0.0105890138980807,0.7471942982036877,0.3510635603506308,0.6146167214130802,0.1039037863093597,0.8696090590320296,0.0003091547678923,0.0225637271681096,Green,0.027110245448331523,0.0003107367746109,False
GJR-GARCH-t,ME5_BM3,Gate-selected-rolling,0.0114036137548628,3022,32.0,0.0105890138980807,0.7471942982036877,0.3510635603506308,0.6146167214130802,0.1039037863093597,0.8696090590320296,0.0003091547678923,0.0225637271681096,Green,0.027110245448331523,0.0003107367746109,False
GJR-GARCH-t,ME5_BM3,DtACI-projected-expected,0.0114036137548628,3022,40.42964948540572,0.0133784412592341,,,,,,0.0003174366313959,0.0230645090557552,,0.02783649448496418,0.0003107367746109,True
GJR-GARCH-t,ME5_BM4,State-L1,0.0118791551131657,3022,33.0,0.0109199205823957,0.616496934256846,0.3932300808695734,0.6127022425332578,0.2508219168666166,0.7289304814805178,0.0003248661891996,0.0236354123681699,Green,0.027347583738472268,0.0003415082346596,False
GJR-GARCH-t,ME5_BM4,State-L1-clipped,0.0118791551131657,3022,33.0,0.0109199205823957,0.616496934256846,0.3932300808695734,0.6127022425332578,0.2508219168666166,0.7289304814805178,0.0003247528314357,0.0236405629594354,Green,0.027338041160501016,0.0003415082346596,False
GJR-GARCH-t,ME5_BM4,POT-Shift,0.0118791551131657,3022,35.0,0.0115817339510258,0.3939456834907922,0.0674371189359334,0.1306116461632917,0.7267284545357224,3.344325329099888,0.0003264496078669,0.0232025917273948,Green,0.02748087761772679,0.0003415082346596,False
GJR-GARCH-t,ME5_BM4,POT-Vol,0.0118791551131657,3022,42.0,0.0138980807412309,0.0419713345202354,0.1388126632886376,0.0422683815359277,4.136359781646799,2.1910721260603623,0.0003267582206732,0.0229940995686802,Green,0.027506856974285402,0.0003415082346596,False
GJR-GARCH-t,ME5_BM4,Loss-gate,0.0118791551131657,3022,58.0,0.0191925876902713,6.538626389001613e-06,0.1292706167959993,1.2219691673261878e-05,20.32368193072726,2.301241740992282,0.0003415082346596,0.02043908081722,Yellow,0.028748528948923775,0.0003415082346596,False
GJR-GARCH-t,ME5_BM4,Past-minimum,0.0118791551131657,3022,58.0,0.0191925876902713,6.538626389001613e-06,0.1292706167959993,1.2219691673261878e-05,20.32368193072726,2.301241740992282,0.0003415082346596,0.02043908081722,Yellow,0.028748528948923775,0.0003415082346596,False
GJR-GARCH-t,ME5_BM4,DtACI-projected-seed,0.0118791551131657,3022,38.0,0.0125744540039708,0.171418220226424,0.3251347380447726,0.2418741329528446,1.870496546801455,0.9681790529897398,0.0003388149375608,0.0247602125151292,Green,0.028521804314625917,0.0003415082346596,False
GJR-GARCH-t,ME5_BM4,Raw,0.0118791551131657,3022,58.0,0.0191925876902713,6.538626389001613e-06,0.1292706167959993,1.2219691673261878e-05,20.32368193072726,2.301241740992282,0.0003415082346596,0.02043908081722,Yellow,0.028748528948923775,0.0003415082346596,False
GJR-GARCH-t,ME5_BM4,Shift-CP,0.0118791551131657,3022,33.0,0.0109199205823957,0.616496934256846,0.3932300808695734,0.6127022425332578,0.2508219168666166,0.7289304814805178,0.0003256146909005,0.0238646958844036,Green,0.027410593413299263,0.0003415082346596,False
GJR-GARCH-t,ME5_BM4,Vol-ERM,0.0118791551131657,3022,41.0,0.0135671740569159,0.061573954381983,0.1264731038929946,0.0542109759451771,3.494474307266703,2.335269458383209,0.0003262524947085,0.023152539499217,Green,0.027464284420944507,0.0003415082346596,False
GJR-GARCH-t,ME5_BM4,Rolling500,0.0118791551131657,3022,33.0,0.0109199205823957,0.616496934256846,0.3932300808695734,0.6127022425332578,0.2508219168666166,0.7289304814805178,0.0003377006821578,0.0249592158872338,Green,0.028428005101433975,0.0003415082346596,False
GJR-GARCH-t,ME5_BM4,Selected-rolling,0.0118791551131657,3022,33.0,0.0109199205823957,0.616496934256846,0.3932300808695734,0.6127022425332578,0.2508219168666166,0.7289304814805178,0.0003377006821578,0.0249592158872338,Green,0.028428005101433975,0.0003415082346596,False
GJR-GARCH-t,ME5_BM4,Gate-selected-rolling,0.0118791551131657,3022,33.0,0.0109199205823957,0.616496934256846,0.3932300808695734,0.6127022425332578,0.2508219168666166,0.7289304814805178,0.0003377006821578,0.0249592158872338,Green,0.028428005101433975,0.0003415082346596,False
GJR-GARCH-t,ME5_BM4,DtACI-projected-expected,0.0118791551131657,3022,37.98086541998386,0.0125681222435419,,,,,,0.0003416235458462,0.024821037539123,,0.02875823596811003,0.0003415082346596,True
GJR-GARCH-t,BIG_HiBM,State-L1,0.014359433441013,3022,32.0,0.0105890138980807,0.7471942982036877,0.3510635603506308,0.6146167214130802,0.1039037863093597,0.8696090590320296,0.0003946654824339,0.0285439852489752,Green,0.02748475307574934,0.0004078271577153,False
GJR-GARCH-t,BIG_HiBM,State-L1-clipped,0.014359433441013,3022,32.0,0.0105890138980807,0.7471942982036877,0.3510635603506308,0.6146167214130802,0.1039037863093597,0.8696090590320296,0.0003946654824339,0.0285439852489752,Green,0.02748475307574934,0.0004078271577153,False
GJR-GARCH-t,BIG_HiBM,POT-Shift,0.014359433441013,3022,36.0,0.0119126406353408,0.3049888617044544,0.4505984299037815,0.4445470607243205,1.0522526043840212,0.5691461080896261,0.0003953983246697,0.028066575106595,Green,0.027535788671186338,0.0004078271577153,False
GJR-GARCH-t,BIG_HiBM,POT-Vol,0.014359433441013,3022,41.0,0.0135671740569159,0.061573954381983,0.1264731038929946,0.0542109759451771,3.494474307266703,2.335269458383209,0.0003979285945567,0.0277855092028719,Green,0.02771199826172444,0.0004078271577153,False
GJR-GARCH-t,BIG_HiBM,Loss-gate,0.014359433441013,3022,51.0,0.0168762409000661,0.000542535105169,0.0652557190035119,0.0004615181679734,11.963477868238918,3.39850040690726,0.0004078271577153,0.0253169835965276,Yellow,0.028401340442198494,0.0004078271577153,False
GJR-GARCH-t,BIG_HiBM,Past-minimum,0.014359433441013,3022,31.0,0.0102581072137657,0.8870779793048909,0.3277810477226519,0.6132978107521425,0.0201647285880723,0.9576445433647792,0.000394603240931,0.0286659989085179,Green,0.027480418538237423,0.0004078271577153,False
GJR-GARCH-t,BIG_HiBM,DtACI-projected-seed,0.014359433441013,3022,36.0,0.0119126406353408,0.3049888617044544,0.0755789618784602,0.1218609048691956,1.0522526043840212,3.157497413031365,0.0004098649530586,0.030044323928376,Green,0.028543253794955134,0.0004078271577153,True
GJR-GARCH-t,BIG_HiBM,Raw,0.014359433441013,3022,51.0,0.0168762409000661,0.000542535105169,0.0652557190035119,0.0004615181679734,11.963477868238918,3.39850040690726,0.0004078271577153,0.0253169835965276,Yellow,0.028401340442198494,0.0004078271577153,False
GJR-GARCH-t,BIG_HiBM,Shift-CP,0.014359433441013,3022,32.0,0.0105890138980807,0.7471942982036877,0.3510635603506308,0.6146167214130802,0.1039037863093597,0.8696090590320296,0.0003946409286562,0.0285856714940673,Green,0.027483043135186513,0.0004078271577153,False
GJR-GARCH-t,BIG_HiBM,Vol-ERM,0.014359433441013,3022,43.0,0.0142289874255459,0.0280248197011461,0.0248024798190014,0.0072114719831377,4.826539944772172,5.037624435175587,0.0003993092243944,0.0273091435082302,Green,0.027808146194257533,0.0004078271577153,False
GJR-GARCH-t,BIG_HiBM,Rolling500,0.014359433441013,3022,32.0,0.0105890138980807,0.7471942982036877,0.0041348812697193,0.0155490145315594,0.1039037863093597,8.22361224677337,0.0004089592490182,0.0299085369652382,Green,0.028480179994437832,0.0004078271577153,True
GJR-GARCH-t,BIG_HiBM,Selected-rolling,0.014359433441013,3022,32.0,0.0105890138980807,0.7471942982036877,0.0041348812697193,0.0155490145315594,0.1039037863093597,8.22361224677337,0.0004089592490182,0.0299085369652382,Green,0.028480179994437832,0.0004078271577153,True
GJR-GARCH-t,BIG_HiBM,Gate-selected-rolling,0.014359433441013,3022,32.0,0.0105890138980807,0.7471942982036877,0.0041348812697193,0.0155490145315594,0.1039037863093597,8.22361224677337,0.0004089592490182,0.0299085369652382,Green,0.028480179994437832,0.0004078271577153,True
GJR-GARCH-t,BIG_HiBM,DtACI-projected-expected,0.014359433441013,3022,38.95035229680602,0.0128889319314381,,,,,,0.0004149811000134,0.0300468015232327,,0.028899545495168558,0.0004078271577153,True
CAViaR-AS,SMALL_LoBM,State-L1,0.0094427479813171,3022,43.0,0.0142289874255459,0.0280248197011461,0.6443031671962046,0.0804717484647503,4.826539944772172,0.2131582690352047,0.0003052948361426,0.0231274727255925,Green,0.0323311430895582,0.0003039761912784,True
CAViaR-AS,SMALL_LoBM,State-L1-clipped,0.0094427479813171,3022,43.0,0.0142289874255459,0.0280248197011461,0.6443031671962046,0.0804717484647503,4.826539944772172,0.2131582690352047,0.0003052749296816,0.0231254820794939,Green,0.032329034967956374,0.0003039761912784,True
CAViaR-AS,SMALL_LoBM,POT-Shift,0.0094427479813171,3022,24.0,0.0079417604235605,0.238182893076649,0.1856658463350949,0.2077338517172581,1.391316541585013,1.7516786137492772,0.0003031250637102,0.0237836123519371,Green,0.03210136120438103,0.0003039761912784,False
CAViaR-AS,SMALL_LoBM,POT-Vol,0.0094427479813171,3022,27.0,0.0089344804765056,0.5488165862937472,0.2418824742808023,0.4212556649250148,0.3594414811203243,1.3695892179052294,0.0003008804822993,0.0234966109296559,Green,0.03186365694547874,0.0003039761912784,False
CAViaR-AS,SMALL_LoBM,Loss-gate,0.0094427479813171,3022,43.0,0.0142289874255459,0.0280248197011461,0.6443031671962046,0.0804717484647503,4.826539944772172,0.2131582690352047,0.0003039761912784,0.0218790891351072,Green,0.03219149678460449,0.0003039761912784,False
CAViaR-AS,SMALL_LoBM,Past-minimum,0.0094427479813171,3022,43.0,0.0142289874255459,0.0280248197011461,0.6443031671962046,0.0804717484647503,4.826539944772172,0.2131582690352047,0.0003039761912784,0.0218790891351072,Green,0.03219149678460449,0.0003039761912784,False
CAViaR-AS,SMALL_LoBM,DtACI-projected-seed,0.0094427479813171,3022,38.0,0.0125744540039708,0.171418220226424,0.5037623166023943,0.3138785810147187,1.870496546801455,0.4470015582429028,0.0003171800008439,0.0238619211532435,Green,0.033589798379820665,0.0003039761912784,True
CAViaR-AS,SMALL_LoBM,Raw,0.0094427479813171,3022,43.0,0.0142289874255459,0.0280248197011461,0.6443031671962046,0.0804717484647503,4.826539944772172,0.2131582690352047,0.0003039761912784,0.0218790891351072,Green,0.03219149678460449,0.0003039761912784,False
CAViaR-AS,SMALL_LoBM,Shift-CP,0.0094427479813171,3022,22.0,0.0072799470549305,0.114262225911664,0.1523457621455596,0.1031644206846897,2.494257872984294,2.0486046193869356,0.0003052752835751,0.0245884550494115,Green,0.032329072445764814,0.0003039761912784,True
CAViaR-AS,SMALL_LoBM,Vol-ERM,0.0094427479813171,3022,21.0,0.0069490403706154,0.0744917817473285,0.1369657930070021,0.0674451196340726,3.1811610409348994,2.21172106758533,0.0003027235573797,0.0253572543894393,Green,0.03205884113169727,0.0003039761912784,False
CAViaR-AS,SMALL_LoBM,Rolling500,0.0094427479813171,3022,34.0,0.0112508272667107,0.4980802242699028,0.3996109786501164,0.5575179636998316,0.4590245070488059,0.7094966015189357,0.000315688516201,0.0238668571217023,Green,0.03343184810455642,0.0003039761912784,True
CAViaR-AS,SMALL_LoBM,Selected-rolling,0.0094427479813171,3022,27.0,0.0089344804765056,0.5488165862937472,0.0228569443908922,0.0627000505008117,0.3594414811203243,5.179344570695662,0.0003378824908505,0.0286277458939991,Green,0.035782220548405574,0.0003039761912784,True
CAViaR-AS,SMALL_LoBM,Gate-selected-rolling,0.0094427479813171,3022,27.0,0.0089344804765056,0.5488165862937472,0.0228569443908922,0.0627000505008117,0.3594414811203243,5.179344570695662,0.0003378824908505,0.0286277458939991,Green,0.035782220548405574,0.0003039761912784,True
CAViaR-AS,SMALL_LoBM,DtACI-projected-expected,0.0094427479813171,3022,42.314679465501094,0.0140022102797819,,,,,,0.0003166653773684,0.023862087390499,,0.03353529904588544,0.0003039761912784,True
CAViaR-AS,ME1_BM2,State-L1,0.0087065846712843,3022,40.0,0.0132362673726009,0.0884672487506781,0.55881996780479,0.1975233876214895,2.902045074110614,0.3417514925197906,0.0002658464555186,0.0193226412168346,Green,0.030533953961925372,0.0002728865346307,False
CAViaR-AS,ME1_BM2,State-L1-clipped,0.0087065846712843,3022,40.0,0.0132362673726009,0.0884672487506781,0.55881996780479,0.1975233876214895,2.902045074110614,0.3417514925197906,0.0002658653307165,0.0193245287366234,Green,0.030536121884091483,0.0002728865346307,False
CAViaR-AS,ME1_BM2,POT-Shift,0.0087065846712843,3022,35.0,0.0115817339510258,0.3939456834907922,0.0072091685420643,0.0188091034352202,0.7267284545357224,7.220100147599851,0.0002700275509145,0.0196780424016152,Green,0.031014176179219134,0.0002728865346307,False
CAViaR-AS,ME1_BM2,POT-Vol,0.0087065846712843,3022,38.0,0.0125744540039708,0.171418220226424,0.0118998848856171,0.0166040171782487,1.870496546801455,6.325724681612371,0.0002675997472696,0.0194772792879391,Green,0.030735329336678538,0.0002728865346307,False
CAViaR-AS,ME1_BM2,Loss-gate,0.0087065846712843,3022,43.0,0.0142289874255459,0.0280248197011461,0.003008149623793,0.0010977097021708,4.826539944772172,8.802518772575695,0.0002728865346307,0.0187286814659755,Green,0.03134254646724142,0.0002728865346307,False
CAViaR-AS,ME1_BM2,Past-minimum,0.0087065846712843,3022,37.0,0.0122435473196558,0.2311112398046076,0.000889335903076,0.001950961723936,1.434009248861596,11.04485642358543,0.0002806020424798,0.0206160031258457,Green,0.03222871574490858,0.0002728865346307,True
CAViaR-AS,ME1_BM2,DtACI-projected-seed,0.0087065846712843,3022,39.0,0.0129053606882859,0.1244589115040368,0.0139133913682492,0.0149253288167976,2.360291741415807,6.049099435924063,0.0002766056630477,0.0205753607837788,Green,0.03176970919033147,0.0002728865346307,True
CAViaR-AS,ME1_BM2,Raw,0.0087065846712843,3022,43.0,0.0142289874255459,0.0280248197011461,0.003008149623793,0.0010977097021708,4.826539944772172,8.802518772575695,0.0002728865346307,0.0187286814659755,Green,0.03134254646724142,0.0002728865346307,False
CAViaR-AS,ME1_BM2,Shift-CP,0.0087065846712843,3022,35.0,0.0115817339510258,0.3939456834907922,0.0072091685420643,0.0188091034352202,0.7267284545357224,7.220100147599851,0.0002700290397693,0.0196771011214388,Green,0.031014347182529413,0.0002728865346307,False
CAViaR-AS,ME1_BM2,Vol-ERM,0.0087065846712843,3022,26.0,0.0086035737921906,0.4292824922055034,0.0194520815940783,0.0477113028949481,0.6247638674956022,5.460410034889549,0.0002645206241817,0.0206687843461371,Green,0.030381674809197116,0.0002728865346307,False
CAViaR-AS,ME1_BM2,Rolling500,0.0087065846712843,3022,37.0,0.0122435473196558,0.2311112398046076,0.000889335903076,0.001950961723936,1.434009248861596,11.04485642358543,0.0002806020424798,0.0206160031258457,Green,0.03222871574490858,0.0002728865346307,True
CAViaR-AS,ME1_BM2,Selected-rolling,0.0087065846712843,3022,24.0,0.0079417604235605,0.238182893076649,0.0137793269507385,0.0240226730126353,1.391316541585013,6.066197829876899,0.0002814951861553,0.0225076801124833,Green,0.03233129829699076,0.0002728865346307,True
CAViaR-AS,ME1_BM2,Gate-selected-rolling,0.0087065846712843,3022,24.0,0.0079417604235605,0.238182893076649,0.0137793269507385,0.0240226730126353,1.391316541585013,6.066197829876899,0.0002814951861553,0.0225076801124833,Green,0.03233129829699076,0.0002728865346307,True
CAViaR-AS,ME1_BM2,DtACI-projected-expected,0.0087065846712843,3022,41.246706162725594,0.0136488107752235,,,,,,0.0002793385075066,0.0205024646594781,,0.03208359167836532,0.0002728865346307,True
CAViaR-AS,ME1_BM3,State-L1,0.0081032285808888,3022,53.0,0.0175380542686962,0.0001675976442963,2.7153275985923e-05,1.2620002441654837e-07,14.163416715812147,17.607378670916432,0.0002629242300079,0.0182119844568077,Yellow,0.03244684848555281,0.000251214350746,True
CAViaR-AS,ME1_BM3,State-L1-clipped,0.0081032285808888,3022,46.0,0.015221707478491,0.0073884346056394,0.1957829452315756,0.0119767394197972,7.176022019346441,1.673555764594994,0.0002543613898098,0.0182017809057483,Green,0.03139012891845394,0.000251214350746,True
CAViaR-AS,ME1_BM3,POT-Shift,0.0081032285808888,3022,29.0,0.0095962938451356,0.8223235300395308,0.2833365679006725,0.5484160682214559,0.0504260710928057,1.151015991983627,0.0002490852648808,0.0183925380001623,Green,0.0307390149980786,0.000251214350746,False
CAViaR-AS,ME1_BM3,POT-Vol,0.0081032285808888,3022,31.0,0.0102581072137657,0.8870779793048909,0.3277810477226519,0.6132978107521425,0.0201647285880723,0.9576445433647792,0.000247731150973,0.0183726399895046,Green,0.030571907049156414,0.000251214350746,False
CAViaR-AS,ME1_BM3,Loss-gate,0.0081032285808888,3022,44.0,0.014559894109861,0.0183344495525287,0.673415377733611,0.056655277949521,5.563907295458282,0.1776329608617857,0.000251214350746,0.0175466738473592,Green,0.031001760377151504,0.000251214350746,False
CAViaR-AS,ME1_BM3,Past-minimum,0.0081032285808888,3022,35.0,0.0115817339510258,0.3939456834907922,0.0674371189359334,0.1306116461632917,0.7267284545357224,3.344325329099888,0.000252929200368,0.0182702039414024,Green,0.031213385855179417,0.000251214350746,True
CAViaR-AS,ME1_BM3,DtACI-projected-seed,0.0081032285808888,3022,36.0,0.0119126406353408,0.3049888617044544,0.4505984299037815,0.4445470607243205,1.0522526043840212,0.5691461080896261,0.0002586826740947,0.0185961819133401,Green,0.0319234082455473,0.000251214350746,True
CAViaR-AS,ME1_BM3,Raw,0.0081032285808888,3022,44.0,0.014559894109861,0.0183344495525287,0.673415377733611,0.056655277949521,5.563907295458282,0.1776329608617857,0.000251214350746,0.0175466738473592,Green,0.031001760377151504,0.000251214350746,False
CAViaR-AS,ME1_BM3,Shift-CP,0.0081032285808888,3022,31.0,0.0102581072137657,0.8870779793048909,0.3277810477226519,0.6132978107521425,0.0201647285880723,0.9576445433647792,0.0002490759844354,0.0183253736118681,Green,0.030737869720575028,0.000251214350746,False
CAViaR-AS,ME1_BM3,Vol-ERM,0.0081032285808888,3022,27.0,0.0089344804765056,0.5488165862937472,0.2418824742808023,0.4212556649250148,0.3594414811203243,1.3695892179052294,0.0002475691043559,0.018855707319487,Green,0.03055190926488038,0.000251214350746,False
CAViaR-AS,ME1_BM3,Rolling500,0.0081032285808888,3022,35.0,0.0115817339510258,0.3939456834907922,0.0674371189359334,0.1306116461632917,0.7267284545357224,3.344325329099888,0.000252929200368,0.0182702039414024,Green,0.031213385855179417,0.000251214350746,True
CAViaR-AS,ME1_BM3,Selected-rolling,0.0081032285808888,3022,35.0,0.0115817339510258,0.3939456834907922,0.0674371189359334,0.1306116461632917,0.7267284545357224,3.344325329099888,0.000252929200368,0.0182702039414024,Green,0.031213385855179417,0.000251214350746,True
CAViaR-AS,ME1_BM3,Gate-selected-rolling,0.0081032285808888,3022,44.0,0.014559894109861,0.0183344495525287,0.673415377733611,0.056655277949521,5.563907295458282,0.1776329608617857,0.000251214350746,0.0175466738473592,Green,0.031001760377151504,0.000251214350746,False
CAViaR-AS,ME1_BM3,DtACI-projected-expected,0.0081032285808888,3022,38.71135802582751,0.0128098471296583,,,,,,0.0002589570150308,0.0186003878368569,,0.031957264002343666,0.000251214350746,True
CAViaR-AS,ME1_BM4,State-L1,0.0076430047111398,3022,38.0,0.0125744540039708,0.171418220226424,0.5037623166023943,0.3138785810147187,1.870496546801455,0.4470015582429028,0.000238235854328,0.0175094305638572,Green,0.03117044452174254,0.0002415497979986,False
CAViaR-AS,ME1_BM4,State-L1-clipped,0.0076430047111398,3022,38.0,0.0125744540039708,0.171418220226424,0.5037623166023943,0.3138785810147187,1.870496546801455,0.4470015582429028,0.0002381937785913,0.0175105687883502,Green,0.031164939391458025,0.0002415497979986,False
CAViaR-AS,ME1_BM4,POT-Shift,0.0076430047111398,3022,28.0,0.0092653871608206,0.6811109911530853,0.2622244673233876,0.490207540439697,0.1688778928511407,1.2569749584138776,0.0002398416953999,0.0177406320377312,Green,0.031380550511806826,0.0002415497979986,False
CAViaR-AS,ME1_BM4,POT-Vol,0.0076430047111398,3022,33.0,0.0109199205823957,0.616496934256846,0.0530195240059888,0.1357333869263936,0.2508219168666166,3.743303498279772,0.0002384354030762,0.0174098662337309,Green,0.031196553199643675,0.0002415497979986,False
CAViaR-AS,ME1_BM4,Loss-gate,0.0076430047111398,3022,43.0,0.0142289874255459,0.0280248197011461,0.151904870559232,0.0320717829226166,4.826539944772172,2.053017399435987,0.0002415497979986,0.0167228375762906,Green,0.03160403625638715,0.0002415497979986,False
CAViaR-AS,ME1_BM4,Past-minimum,0.0076430047111398,3022,32.0,0.0105890138980807,0.7471942982036877,0.0466949731347962,0.1313191495155421,0.1039037863093597,3.956345539285053,0.0002458162597114,0.0176412155908604,Green,0.03216225411363661,0.0002415497979986,True
CAViaR-AS,ME1_BM4,DtACI-projected-seed,0.0076430047111398,3022,41.0,0.0135671740569159,0.061573954381983,0.0187446334995929,0.0110003404320844,3.494474307266703,5.52518380931599,0.0002514560787624,0.0181151150426716,Green,0.03290016011581136,0.0002415497979986,True
CAViaR-AS,ME1_BM4,Raw,0.0076430047111398,3022,43.0,0.0142289874255459,0.0280248197011461,0.151904870559232,0.0320717829226166,4.826539944772172,2.053017399435987,0.0002415497979986,0.0167228375762906,Green,0.03160403625638715,0.0002415497979986,False
CAViaR-AS,ME1_BM4,Shift-CP,0.0076430047111398,3022,29.0,0.0095962938451356,0.8223235300395308,0.2833365679006725,0.5484160682214559,0.0504260710928057,1.151015991983627,0.0002398247582124,0.0177060293909284,Green,0.0313783344739866,0.0002415497979986,False
CAViaR-AS,ME1_BM4,Vol-ERM,0.0076430047111398,3022,23.0,0.0076108537392455,0.1681945734363785,0.1685819618585182,0.1499827522823925,1.8989617933042204,1.8955081592581564,0.0002382147290947,0.0182618389500166,Green,0.031167680525892947,0.0002415497979986,False
CAViaR-AS,ME1_BM4,Rolling500,0.0076430047111398,3022,32.0,0.0105890138980807,0.7471942982036877,0.0466949731347962,0.1313191495155421,0.1039037863093597,3.956345539285053,0.0002458162597114,0.0176412155908604,Green,0.03216225411363661,0.0002415497979986,True
CAViaR-AS,ME1_BM4,Selected-rolling,0.0076430047111398,3022,32.0,0.0105890138980807,0.7471942982036877,0.0466949731347962,0.1313191495155421,0.1039037863093597,3.956345539285053,0.0002458162597114,0.0176412155908604,Green,0.03216225411363661,0.0002415497979986,True
CAViaR-AS,ME1_BM4,Gate-selected-rolling,0.0076430047111398,3022,43.0,0.0142289874255459,0.0280248197011461,0.151904870559232,0.0320717829226166,4.826539944772172,2.053017399435987,0.0002415497979986,0.0167228375762906,Green,0.03160403625638715,0.0002415497979986,False
CAViaR-AS,ME1_BM4,DtACI-projected-expected,0.0076430047111398,3022,40.32144715929652,0.0133426363862662,,,,,,0.0002468682161572,0.0180836566376544,,0.032299890617283764,0.0002415497979986,True
CAViaR-AS,SMALL_HiBM,State-L1,0.0073015158722018,3022,35.0,0.0115817339510258,0.3939456834907922,0.365029799945368,0.4613393244742853,0.7267284545357224,0.8205144354237746,0.0002240588521271,0.0164733207803956,Green,0.030686621250819,0.0002283598858991,False
CAViaR-AS,SMALL_HiBM,State-L1-clipped,0.0073015158722018,3022,34.0,0.0112508272667107,0.4980802242699028,0.3789709188998053,0.5398138131048043,0.4590245070488059,0.7740374717999998,0.0002239711985084,0.0164736274059395,Green,0.030674616398643894,0.0002283598858991,False
CAViaR-AS,SMALL_HiBM,POT-Shift,0.0073015158722018,3022,34.0,0.0112508272667107,0.4980802242699028,0.3789709188998053,0.5398138131048043,0.4590245070488059,0.7740374717999998,0.0002269402492058,0.0168391713823844,Green,0.03108125123302174,0.0002283598858991,False
CAViaR-AS,SMALL_HiBM,POT-Vol,0.0073015158722018,3022,32.0,0.0105890138980807,0.7471942982036877,0.4078045632725325,0.6739846568238441,0.1039037863093597,0.685192079061153,0.0002242902536001,0.0168053791329263,Green,0.030718313501722817,0.0002283598858991,False
CAViaR-AS,SMALL_HiBM,Loss-gate,0.0073015158722018,3022,39.0,0.0129053606882859,0.1244589115040368,0.3124834769863229,0.1844787912763752,2.360291741415807,1.0201498076655184,0.0002283598858991,0.0160098167319163,Green,0.031275681638727605,0.0002283598858991,False
CAViaR-AS,SMALL_HiBM,Past-minimum,0.0073015158722018,3022,39.0,0.0129053606882859,0.1244589115040368,0.3124834769863229,0.1844787912763752,2.360291741415807,1.0201498076655184,0.0002283598858991,0.0160098167319163,Green,0.031275681638727605,0.0002283598858991,False
CAViaR-AS,SMALL_HiBM,DtACI-projected-seed,0.0073015158722018,3022,37.0,0.0122435473196558,0.2311112398046076,0.4769255863578495,0.3791030531608473,1.434009248861596,0.5058851567061993,0.0002392520676556,0.0173276257337637,Green,0.03276745155981598,0.0002283598858991,True
CAViaR-AS,SMALL_HiBM,Raw,0.0073015158722018,3022,39.0,0.0129053606882859,0.1244589115040368,0.3124834769863229,0.1844787912763752,2.360291741415807,1.0201498076655184,0.0002283598858991,0.0160098167319163,Green,0.031275681638727605,0.0002283598858991,False
CAViaR-AS,SMALL_HiBM,Shift-CP,0.0073015158722018,3022,38.0,0.0125744540039708,0.171418220226424,0.3251347380447726,0.2418741329528446,1.870496546801455,0.9681790529897398,0.0002282930477173,0.0160332874267478,Green,0.03126652762427774,0.0002283598858991,False
CAViaR-AS,SMALL_HiBM,Vol-ERM,0.0073015158722018,3022,29.0,0.0095962938451356,0.8223235300395308,0.4533853966873624,0.7361654977487844,0.0504260710928057,0.5621745778252034,0.0002230768307489,0.0172251119234864,Green,0.03055212570285495,0.0002283598858991,False
CAViaR-AS,SMALL_HiBM,Rolling500,0.0073015158722018,3022,30.0,0.0099272005294506,0.9678779360649316,0.3051967590659713,0.5906775582324737,0.0016216663170061,1.0513483281024492,0.0002348354808943,0.0171904372171118,Green,0.032162565281596035,0.0002283598858991,True
CAViaR-AS,SMALL_HiBM,Selected-rolling,0.0073015158722018,3022,30.0,0.0099272005294506,0.9678779360649316,0.3051967590659713,0.5906775582324737,0.0016216663170061,1.0513483281024492,0.0002348354808943,0.0171904372171118,Green,0.032162565281596035,0.0002283598858991,True
CAViaR-AS,SMALL_HiBM,Gate-selected-rolling,0.0073015158722018,3022,39.0,0.0129053606882859,0.1244589115040368,0.3124834769863229,0.1844787912763752,2.360291741415807,1.0201498076655184,0.0002283598858991,0.0160098167319163,Green,0.031275681638727605,0.0002283598858991,False
CAViaR-AS,SMALL_HiBM,DtACI-projected-expected,0.0073015158722018,3022,40.33390136797394,0.0133467575671654,,,,,,0.0002376937234059,0.0172276947501947,,0.032554024063803415,0.0002283598858991,True
CAViaR-AS,ME2_BM1,State-L1,0.0100663558129268,3022,26.0,0.0086035737921906,0.4292824922055034,0.2223305404834825,0.3474917296921659,0.6247638674956022,1.48926495991941,0.0002928769059919,0.0247726703519599,Green,0.029094630811261367,0.0002952143014916,False
CAViaR-AS,ME2_BM1,State-L1-clipped,0.0100663558129268,3022,26.0,0.0086035737921906,0.4292824922055034,0.2223305404834825,0.3474917296921659,0.6247638674956022,1.48926495991941,0.0002928769059919,0.0247726703519599,Green,0.029094630811261367,0.0002952143014916,False
CAViaR-AS,ME2_BM1,POT-Shift,0.0100663558129268,3022,24.0,0.0079417604235605,0.238182893076649,0.1856658463350949,0.2077338517172581,1.391316541585013,1.7516786137492772,0.0002963401854898,0.0249504387080029,Green,0.029438675822411536,0.0002952143014916,True
CAViaR-AS,ME2_BM1,POT-Vol,0.0100663558129268,3022,22.0,0.0072799470549305,0.114262225911664,0.1523457621455596,0.1031644206846897,2.494257872984294,2.0486046193869356,0.0002934576430931,0.0248506263075611,Green,0.029152321708741286,0.0002952143014916,False
CAViaR-AS,ME2_BM1,Loss-gate,0.0100663558129268,3022,37.0,0.0122435473196558,0.2311112398046076,0.4769255863578495,0.3791030531608473,1.434009248861596,0.5058851567061993,0.0002952143014916,0.0231536001152083,Green,0.029326829587376393,0.0002952143014916,False
CAViaR-AS,ME2_BM1,Past-minimum,0.0100663558129268,3022,37.0,0.0122435473196558,0.2311112398046076,0.4769255863578495,0.3791030531608473,1.434009248861596,0.5058851567061993,0.0002952143014916,0.0231536001152083,Green,0.029326829587376393,0.0002952143014916,False
CAViaR-AS,ME2_BM1,DtACI-projected-seed,0.0100663558129268,3022,37.0,0.0122435473196558,0.2311112398046076,0.4769255863578495,0.3791030531608473,1.434009248861596,0.5058851567061993,0.0002970404224777,0.0231975505233801,Green,0.029508237936140994,0.0002952143014916,True
CAViaR-AS,ME2_BM1,Raw,0.0100663558129268,3022,37.0,0.0122435473196558,0.2311112398046076,0.4769255863578495,0.3791030531608473,1.434009248861596,0.5058851567061993,0.0002952143014916,0.0231536001152083,Green,0.029326829587376393,0.0002952143014916,False
CAViaR-AS,ME2_BM1,Shift-CP,0.0100663558129268,3022,20.0,0.0066181336863004,0.0464829918008776,0.1224481576635748,0.0417997739352965,3.9640047745756775,2.385723920849415,0.0002976352030489,0.0254297380461512,Green,0.029567323923389347,0.0002952143014916,True
CAViaR-AS,ME2_BM1,Vol-ERM,0.0100663558129268,3022,18.0,0.0059563203176704,0.0156917945472028,0.0960118848165823,0.0135167092590075,5.837085914146023,2.7705713578456255,0.0002962402591704,0.0259155466623728,Green,0.029428749060308446,0.0002952143014916,True
CAViaR-AS,ME2_BM1,Rolling500,0.0100663558129268,3022,34.0,0.0112508272667107,0.4980802242699028,0.0060290439823547,0.0183099094977313,0.4590245070488059,7.541601219123436,0.0002982197291258,0.0237366747389668,Green,0.029625391220806888,0.0002952143014916,True
CAViaR-AS,ME2_BM1,Selected-rolling,0.0100663558129268,3022,26.0,0.0086035737921906,0.4292824922055034,0.0194520815940783,0.0477113028949481,0.6247638674956022,5.460410034889549,0.0002986333712221,0.0251326581876077,Green,0.029666482764160524,0.0002952143014916,True
CAViaR-AS,ME2_BM1,Gate-selected-rolling,0.0100663558129268,3022,26.0,0.0086035737921906,0.4292824922055034,0.0194520815940783,0.0477113028949481,0.6247638674956022,5.460410034889549,0.0002986333712221,0.0251326581876077,Green,0.029666482764160524,0.0002952143014916,True
CAViaR-AS,ME2_BM1,DtACI-projected-expected,0.0100663558129268,3022,38.180564615584984,0.0126342040422187,,,,,,0.0003000205773231,0.0231902835863922,,0.029804288950111016,0.0002952143014916,True
CAViaR-AS,ME2_BM2,State-L1,0.0091836495740911,3022,34.0,0.0112508272667107,0.4980802242699028,0.3996109786501164,0.5575179636998316,0.4590245070488059,0.7094966015189357,0.0002930153068362,0.0226314756343365,Green,0.03190619420658802,0.0002975939315264,False
CAViaR-AS,ME2_BM2,State-L1-clipped,0.0091836495740911,3022,34.0,0.0112508272667107,0.4980802242699028,0.3996109786501164,0.5575179636998316,0.4590245070488059,0.7094966015189357,0.0002930188147313,0.0226318264238418,Green,0.03190657617838166,0.0002975939315264,False
CAViaR-AS,ME2_BM2,POT-Shift,0.0091836495740911,3022,22.0,0.0072799470549305,0.114262225911664,0.1523457621455596,0.1031644206846897,2.494257872984294,2.0486046193869356,0.0002987368041368,0.0231502812410595,Green,0.03252920331145864,0.0002975939315264,True
CAViaR-AS,ME2_BM2,POT-Vol,0.0091836495740911,3022,27.0,0.0089344804765056,0.5488165862937472,0.2418824742808023,0.4212556649250148,0.3594414811203243,1.3695892179052294,0.0002947301380896,0.0227032768585489,Green,0.03209292076225255,0.0002975939315264,False
CAViaR-AS,ME2_BM2,Loss-gate,0.0091836495740911,3022,37.0,0.0122435473196558,0.2311112398046076,0.0843733170747726,0.1101079379767824,1.434009248861596,2.9785790310797324,0.0002975939315264,0.0206234081702548,Green,0.0324047568589694,0.0002975939315264,False
CAViaR-AS,ME2_BM2,Past-minimum,0.0091836495740911,3022,37.0,0.0122435473196558,0.2311112398046076,0.0843733170747726,0.1101079379767824,1.434009248861596,2.9785790310797324,0.0002975939315264,0.0206234081702548,Green,0.0324047568589694,0.0002975939315264,False
CAViaR-AS,ME2_BM2,DtACI-projected-seed,0.0091836495740911,3022,34.0,0.0112508272667107,0.4980802242699028,0.0599252500503431,0.1354384014580472,0.4590245070488059,3.5394521805726527,0.0002977556915387,0.0222033956327015,Green,0.03242237077280562,0.0002975939315264,True
CAViaR-AS,ME2_BM2,Raw,0.0091836495740911,3022,37.0,0.0122435473196558,0.2311112398046076,0.0843733170747726,0.1101079379767824,1.434009248861596,2.9785790310797324,0.0002975939315264,0.0206234081702548,Green,0.0324047568589694,0.0002975939315264,False
CAViaR-AS,ME2_BM2,Shift-CP,0.0091836495740911,3022,22.0,0.0072799470549305,0.114262225911664,0.1523457621455596,0.1031644206846897,2.494257872984294,2.0486046193869356,0.000299134479522,0.0232964825809858,Green,0.032572505854961825,0.0002975939315264,True
CAViaR-AS,ME2_BM2,Vol-ERM,0.0091836495740911,3022,17.0,0.0056254136333553,0.0084362208777515,0.0840929625104658,0.0070044618090626,6.938449505842968,2.983966357529198,0.0002985971431749,0.024907953217077,Green,0.032513995744927145,0.0002975939315264,True
CAViaR-AS,ME2_BM2,Rolling500,0.0091836495740911,3022,33.0,0.0109199205823957,0.616496934256846,0.0530195240059888,0.1357333869263936,0.2508219168666166,3.743303498279772,0.0003076593854411,0.0222626484743145,Green,0.0335007758036705,0.0002975939315264,True
CAViaR-AS,ME2_BM2,Selected-rolling,0.0091836495740911,3022,17.0,0.0056254136333553,0.0084362208777515,0.0840929625104658,0.0070044618090626,6.938449505842968,2.983966357529198,0.00031692542251,0.026731772041466,Green,0.034509746909780786,0.0002975939315264,True
CAViaR-AS,ME2_BM2,Gate-selected-rolling,0.0091836495740911,3022,17.0,0.0056254136333553,0.0084362208777515,0.0840929625104658,0.0070044618090626,6.938449505842968,2.983966357529198,0.00031692542251,0.026731772041466,Green,0.034509746909780786,0.0002975939315264,True
CAViaR-AS,ME2_BM2,DtACI-projected-expected,0.0091836495740911,3022,41.37797061252986,0.0136922470590767,,,,,,0.0003045648132281,0.0222521046261664,,0.033163810397049326,0.0002975939315264,True
CAViaR-AS,ME2_BM3,State-L1,0.0087477008113198,3022,29.0,0.0095962938451356,0.8223235300395308,0.2833365679006725,0.5484160682214559,0.0504260710928057,1.151015991983627,0.0002659682363226,0.0211020297516076,Green,0.03040435904922911,0.0002621889391897,True
CAViaR-AS,ME2_BM3,State-L1-clipped,0.0087477008113198,3022,29.0,0.0095962938451356,0.8223235300395308,0.2833365679006725,0.5484160682214559,0.0504260710928057,1.151015991983627,0.0002627332741459,0.021107896652199,Green,0.030034551914020068,0.0002621889391897,True
CAViaR-AS,ME2_BM3,POT-Shift,0.0087477008113198,3022,26.0,0.0086035737921906,0.4292824922055034,0.2223305404834825,0.3474917296921659,0.6247638674956022,1.48926495991941,0.0002625779385848,0.02076691307658,Green,0.03001679461247873,0.0002621889391897,True
CAViaR-AS,ME2_BM3,POT-Vol,0.0087477008113198,3022,27.0,0.0089344804765056,0.5488165862937472,0.2418824742808023,0.4212556649250148,0.3594414811203243,1.3695892179052294,0.0002617924938177,0.0206177384644794,Green,0.029927005902960498,0.0002621889391897,False
CAViaR-AS,ME2_BM3,Loss-gate,0.0087477008113198,3022,34.0,0.0112508272667107,0.4980802242699028,0.3996109786501164,0.5575179636998316,0.4590245070488059,0.7094966015189357,0.0002621889391897,0.0200342341939844,Green,0.029972325853945443,0.0002621889391897,False
CAViaR-AS,ME2_BM3,Past-minimum,0.0087477008113198,3022,34.0,0.0112508272667107,0.4980802242699028,0.3996109786501164,0.5575179636998316,0.4590245070488059,0.7094966015189357,0.0002621889391897,0.0200342341939844,Green,0.029972325853945443,0.0002621889391897,False
CAViaR-AS,ME2_BM3,DtACI-projected-seed,0.0087477008113198,3022,45.0,0.014890800794176,0.0117553149005344,0.243374817704268,0.0211911459331505,6.347404697189777,1.360938961219631,0.0002789210645953,0.0208216961533387,Green,0.03188507135890694,0.0002621889391897,True
CAViaR-AS,ME2_BM3,Raw,0.0087477008113198,3022,34.0,0.0112508272667107,0.4980802242699028,0.3996109786501164,0.5575179636998316,0.4590245070488059,0.7094966015189357,0.0002621889391897,0.0200342341939844,Green,0.029972325853945443,0.0002621889391897,False
CAViaR-AS,ME2_BM3,Shift-CP,0.0087477008113198,3022,22.0,0.0072799470549305,0.114262225911664,0.1523457621455596,0.1031644206846897,2.494257872984294,2.0486046193869356,0.0002637358947176,0.0213311752901959,Green,0.030149167239043824,0.0002621889391897,True
CAViaR-AS,ME2_BM3,Vol-ERM,0.0087477008113198,3022,22.0,0.0072799470549305,0.114262225911664,0.1523457621455596,0.1031644206846897,2.494257872984294,2.0486046193869356,0.0002631384987865,0.0216212366359281,Green,0.03008087547370053,0.0002621889391897,True
CAViaR-AS,ME2_BM3,Rolling500,0.0087477008113198,3022,36.0,0.0119126406353408,0.3049888617044544,0.4505984299037815,0.4445470607243205,1.0522526043840212,0.5691461080896261,0.0002699835238962,0.020347321655372,Green,0.030863369669300166,0.0002621889391897,True
CAViaR-AS,ME2_BM3,Selected-rolling,0.0087477008113198,3022,36.0,0.0119126406353408,0.3049888617044544,0.4505984299037815,0.4445470607243205,1.0522526043840212,0.5691461080896261,0.0002699835238962,0.020347321655372,Green,0.030863369669300166,0.0002621889391897,True
CAViaR-AS,ME2_BM3,Gate-selected-rolling,0.0087477008113198,3022,34.0,0.0112508272667107,0.4980802242699028,0.3996109786501164,0.5575179636998316,0.4590245070488059,0.7094966015189357,0.0002621889391897,0.0200342341939844,Green,0.029972325853945443,0.0002621889391897,False
CAViaR-AS,ME2_BM3,DtACI-projected-expected,0.0087477008113198,3022,41.15769074089503,0.0136193549771327,,,,,,0.0002763428740942,0.0208590803046406,,0.03159034357194792,0.0002621889391897,True
CAViaR-AS,ME2_BM4,State-L1,0.0083874001003845,3022,33.0,0.0109199205823957,0.616496934256846,0.3750166449390805,0.5951760486819166,0.2508219168666166,0.7869741572588396,0.0002802623496269,0.0204311802162486,Green,0.033414687063044964,0.0002837858568463,False
CAViaR-AS,ME2_BM4,State-L1-clipped,0.0083874001003845,3022,33.0,0.0109199205823957,0.616496934256846,0.3750166449390805,0.5951760486819166,0.2508219168666166,0.7869741572588396,0.0002791182055699,0.0204324932675026,Green,0.033278274820477974,0.0002837858568463,False
CAViaR-AS,ME2_BM4,POT-Shift,0.0083874001003845,3022,26.0,0.0086035737921906,0.4292824922055034,0.2223305404834825,0.3474917296921659,0.6247638674956022,1.48926495991941,0.000283077143271,0.0210025618527736,Green,0.033750284937286226,0.0002837858568463,False
CAViaR-AS,ME2_BM4,POT-Vol,0.0083874001003845,3022,28.0,0.0092653871608206,0.6811109911530853,0.2622244673233876,0.490207540439697,0.1688778928511407,1.2569749584138776,0.0002808148069591,0.0207448466177366,Green,0.03348055459357742,0.0002837858568463,False
CAViaR-AS,ME2_BM4,Loss-gate,0.0083874001003845,3022,37.0,0.0122435473196558,0.2311112398046076,0.0843733170747726,0.1101079379767824,1.434009248861596,2.9785790310797324,0.0002837858568463,0.0192608902829573,Green,0.03383478234611587,0.0002837858568463,False
CAViaR-AS,ME2_BM4,Past-minimum,0.0083874001003845,3022,34.0,0.0112508272667107,0.4980802242699028,0.3996109786501164,0.5575179636998316,0.4590245070488059,0.7094966015189357,0.0002928910080165,0.020872339061668,Green,0.034920357263399544,0.0002837858568463,True
CAViaR-AS,ME2_BM4,DtACI-projected-seed,0.0083874001003845,3022,46.0,0.015221707478491,0.0073884346056394,0.1957829452315756,0.0119767394197972,7.176022019346441,1.673555764594994,0.0003124881671722,0.0212775446961444,Green,0.03725685712284963,0.0002837858568463,True
CAViaR-AS,ME2_BM4,Raw,0.0083874001003845,3022,37.0,0.0122435473196558,0.2311112398046076,0.0843733170747726,0.1101079379767824,1.434009248861596,2.9785790310797324,0.0002837858568463,0.0192608902829573,Green,0.03383478234611587,0.0002837858568463,False
CAViaR-AS,ME2_BM4,Shift-CP,0.0083874001003845,3022,26.0,0.0086035737921906,0.4292824922055034,0.2223305404834825,0.3474917296921659,0.6247638674956022,1.48926495991941,0.0002831560228325,0.0210590485909337,Green,0.03375968946795794,0.0002837858568463,False
CAViaR-AS,ME2_BM4,Vol-ERM,0.0083874001003845,3022,22.0,0.0072799470549305,0.114262225911664,0.1523457621455596,0.1031644206846897,2.494257872984294,2.0486046193869356,0.0002816319468468,0.0223747249826479,Green,0.03357797928751357,0.0002837858568463,False
CAViaR-AS,ME2_BM4,Rolling500,0.0083874001003845,3022,34.0,0.0112508272667107,0.4980802242699028,0.3996109786501164,0.5575179636998316,0.4590245070488059,0.7094966015189357,0.0002928910080165,0.020872339061668,Green,0.034920357263399544,0.0002837858568463,True
CAViaR-AS,ME2_BM4,Selected-rolling,0.0083874001003845,3022,34.0,0.0112508272667107,0.4980802242699028,0.3996109786501164,0.5575179636998316,0.4590245070488059,0.7094966015189357,0.0002928910080165,0.020872339061668,Green,0.034920357263399544,0.0002837858568463,True
CAViaR-AS,ME2_BM4,Gate-selected-rolling,0.0083874001003845,3022,34.0,0.0112508272667107,0.4980802242699028,0.3996109786501164,0.5575179636998316,0.4590245070488059,0.7094966015189357,0.0002928910080165,0.020872339061668,Green,0.034920357263399544,0.0002837858568463,True
CAViaR-AS,ME2_BM4,DtACI-projected-expected,0.0083874001003845,3022,39.08909292662901,0.0129348421332326,,,,,,0.0002990746473896,0.021300769985775,,0.03565761067912924,0.0002837858568463,True
CAViaR-AS,ME2_BM5,State-L1,0.0086424384385058,3022,24.0,0.0079417604235605,0.238182893076649,0.1856658463350949,0.2077338517172581,1.391316541585013,1.7516786137492772,0.0002664614651241,0.0211461076565622,Green,0.030831745811101062,0.0002658127649728,True
CAViaR-AS,ME2_BM5,State-L1-clipped,0.0086424384385058,3022,24.0,0.0079417604235605,0.238182893076649,0.1856658463350949,0.2077338517172581,1.391316541585013,1.7516786137492772,0.0002664641068013,0.0211463718242852,Green,0.03083205147451062,0.0002658127649728,True
CAViaR-AS,ME2_BM5,POT-Shift,0.0086424384385058,3022,21.0,0.0069490403706154,0.0744917817473285,0.1369657930070021,0.0674451196340726,3.1811610409348994,2.21172106758533,0.0002696740649283,0.0217849479526394,Green,0.031203469581777457,0.0002658127649728,True
CAViaR-AS,ME2_BM5,POT-Vol,0.0086424384385058,3022,22.0,0.0072799470549305,0.114262225911664,0.1523457621455596,0.1031644206846897,2.494257872984294,2.0486046193869356,0.0002668492294109,0.0213895924764526,Green,0.030876613274093027,0.0002658127649728,True
CAViaR-AS,ME2_BM5,Loss-gate,0.0086424384385058,3022,32.0,0.0105890138980807,0.7471942982036877,0.3510635603506308,0.6146167214130802,0.1039037863093597,0.8696090590320296,0.0002658127649728,0.0195042595967047,Green,0.030756685958963755,0.0002658127649728,False
CAViaR-AS,ME2_BM5,Past-minimum,0.0086424384385058,3022,32.0,0.0105890138980807,0.7471942982036877,0.3510635603506308,0.6146167214130802,0.1039037863093597,0.8696090590320296,0.0002658127649728,0.0195042595967047,Green,0.030756685958963755,0.0002658127649728,False
CAViaR-AS,ME2_BM5,DtACI-projected-seed,0.0086424384385058,3022,36.0,0.0119126406353408,0.3049888617044544,0.4505984299037815,0.4445470607243205,1.0522526043840212,0.5691461080896261,0.0002787731283979,0.020383484503924,Green,0.03225630478961183,0.0002658127649728,True
CAViaR-AS,ME2_BM5,Raw,0.0086424384385058,3022,32.0,0.0105890138980807,0.7471942982036877,0.3510635603506308,0.6146167214130802,0.1039037863093597,0.8696090590320296,0.0002658127649728,0.0195042595967047,Green,0.030756685958963755,0.0002658127649728,False
CAViaR-AS,ME2_BM5,Shift-CP,0.0086424384385058,3022,21.0,0.0069490403706154,0.0744917817473285,0.1369657930070021,0.0674451196340726,3.1811610409348994,2.21172106758533,0.0002698785856493,0.0218519828353914,Green,0.031227134282712874,0.0002658127649728,True
CAViaR-AS,ME2_BM5,Vol-ERM,0.0086424384385058,3022,19.0,0.0062872270019854,0.0276853261370074,0.1087964815354457,0.0244876432648155,4.847556439136309,2.5716168512639683,0.000272071835677,0.0230057964786588,Green,0.03148091104297629,0.0002658127649728,True
CAViaR-AS,ME2_BM5,Rolling500,0.0086424384385058,3022,32.0,0.0105890138980807,0.7471942982036877,0.3510635603506308,0.6146167214130802,0.1039037863093597,0.8696090590320296,0.0002733173647752,0.0204797127130793,Green,0.03162502882953183,0.0002658127649728,True
CAViaR-AS,ME2_BM5,Selected-rolling,0.0086424384385058,3022,32.0,0.0105890138980807,0.7471942982036877,0.3510635603506308,0.6146167214130802,0.1039037863093597,0.8696090590320296,0.0002733173647752,0.0204797127130793,Green,0.03162502882953183,0.0002658127649728,True
CAViaR-AS,ME2_BM5,Gate-selected-rolling,0.0086424384385058,3022,32.0,0.0105890138980807,0.7471942982036877,0.3510635603506308,0.6146167214130802,0.1039037863093597,0.8696090590320296,0.0002733173647752,0.0204797127130793,Green,0.03162502882953183,0.0002658127649728,True
CAViaR-AS,ME2_BM5,DtACI-projected-expected,0.0086424384385058,3022,36.279941929117314,0.0120052752909057,,,,,,0.0002764534301611,0.0203504598449479,,0.031987896949242985,0.0002658127649728,True
CAViaR-AS,ME3_BM1,State-L1,0.0104201144475203,3022,35.0,0.0115817339510258,0.3939456834907922,0.0072091685420643,0.0188091034352202,0.7267284545357224,7.220100147599851,0.0003019161761455,0.0247289853890315,Green,0.028974362773659144,0.0002966700187555,True
CAViaR-AS,ME3_BM1,State-L1-clipped,0.0104201144475203,3022,35.0,0.0115817339510258,0.3939456834907922,0.0072091685420643,0.0188091034352202,0.7267284545357224,7.220100147599851,0.0003019161761455,0.0247289853890315,Green,0.028974362773659144,0.0002966700187555,True
CAViaR-AS,ME3_BM1,POT-Shift,0.0104201144475203,3022,21.0,0.0069490403706154,0.0744917817473285,0.1369657930070021,0.0674451196340726,3.1811610409348994,2.21172106758533,0.0002983457464925,0.0254638326007023,Green,0.02863171493893698,0.0002966700187555,True
CAViaR-AS,ME3_BM1,POT-Vol,0.0104201144475203,3022,22.0,0.0072799470549305,0.114262225911664,0.1523457621455596,0.1031644206846897,2.494257872984294,2.0486046193869356,0.0002973297396959,0.0251916058490095,Green,0.028534210559141824,0.0002966700187555,True
CAViaR-AS,ME3_BM1,Loss-gate,0.0104201144475203,3022,40.0,0.0132362673726009,0.0884672487506781,0.0016823817816118,0.001687183591583,2.902045074110614,9.867344234053974,0.0002966700187555,0.023449049995825,Green,0.028470898304394275,0.0002966700187555,False
CAViaR-AS,ME3_BM1,Past-minimum,0.0104201144475203,3022,33.0,0.0109199205823957,0.616496934256846,0.0050099036688671,0.0171914858713882,0.2508219168666166,7.875860133526999,0.0003008629557185,0.0237341655318374,Green,0.028873287067408084,0.0002966700187555,True
CAViaR-AS,ME3_BM1,DtACI-projected-seed,0.0104201144475203,3022,37.0,0.0122435473196558,0.2311112398046076,0.0843733170747726,0.1101079379767824,1.434009248861596,2.9785790310797324,0.0003078638297649,0.0237900293577138,Green,0.02954514859845547,0.0002966700187555,True
CAViaR-AS,ME3_BM1,Raw,0.0104201144475203,3022,40.0,0.0132362673726009,0.0884672487506781,0.0016823817816118,0.001687183591583,2.902045074110614,9.867344234053974,0.0002966700187555,0.023449049995825,Green,0.028470898304394275,0.0002966700187555,False
CAViaR-AS,ME3_BM1,Shift-CP,0.0104201144475203,3022,20.0,0.0066181336863004,0.0464829918008776,0.1224481576635748,0.0417997739352965,3.9640047745756775,2.385723920849415,0.0002989564646354,0.0256512239465365,Green,0.02869032448166089,0.0002966700187555,True
CAViaR-AS,ME3_BM1,Vol-ERM,0.0104201144475203,3022,17.0,0.0056254136333553,0.0084362208777515,0.6609173718961472,0.028284811165265,6.938449505842968,0.1924111468637761,0.0003011474723551,0.0262217395645444,Green,0.028900591627068435,0.0002966700187555,True
CAViaR-AS,ME3_BM1,Rolling500,0.0104201144475203,3022,33.0,0.0109199205823957,0.616496934256846,0.0050099036688671,0.0171914858713882,0.2508219168666166,7.875860133526999,0.0003008629557185,0.0237341655318374,Green,0.028873287067408084,0.0002966700187555,True
CAViaR-AS,ME3_BM1,Selected-rolling,0.0104201144475203,3022,24.0,0.0079417604235605,0.238182893076649,0.000656063907172,0.0015026253106345,1.391316541585013,11.609766445638911,0.0003089130946731,0.0260541016420257,Green,0.02964584470054576,0.0002966700187555,True
CAViaR-AS,ME3_BM1,Gate-selected-rolling,0.0104201144475203,3022,24.0,0.0079417604235605,0.238182893076649,0.000656063907172,0.0015026253106345,1.391316541585013,11.609766445638911,0.0003089130946731,0.0260541016420257,Green,0.02964584470054576,0.0002966700187555,True
CAViaR-AS,ME3_BM1,DtACI-projected-expected,0.0104201144475203,3022,38.49644524275987,0.0127387310531965,,,,,,0.0003079517522741,0.023757337634442,,0.029553586366547445,0.0002966700187555,True
CAViaR-AS,ME3_BM2,State-L1,0.0097160743363543,3022,26.0,0.0086035737921906,0.4292824922055034,0.0194520815940783,0.0477113028949481,0.6247638674956022,5.460410034889549,0.0003127171403166,0.0242839194046488,Green,0.032185544232254074,0.0003067567492527,True
CAViaR-AS,ME3_BM2,State-L1-clipped,0.0097160743363543,3022,24.0,0.0079417604235605,0.238182893076649,0.1856658463350949,0.2077338517172581,1.391316541585013,1.7516786137492772,0.0003107337152118,0.0242916314693906,Green,0.03198140570509412,0.0003067567492527,True
CAViaR-AS,ME3_BM2,POT-Shift,0.0097160743363543,3022,19.0,0.0062872270019854,0.0276853261370074,0.1087964815354457,0.0244876432648155,4.847556439136309,2.5716168512639683,0.0003126628290607,0.0250416258610312,Green,0.032179954396892606,0.0003067567492527,True
CAViaR-AS,ME3_BM2,POT-Vol,0.0097160743363543,3022,21.0,0.0069490403706154,0.0744917817473285,0.1369657930070021,0.0674451196340726,3.1811610409348994,2.21172106758533,0.0003098638403583,0.0243364708586683,Green,0.03189187624871222,0.0003067567492527,True
CAViaR-AS,ME3_BM2,Loss-gate,0.0097160743363543,3022,28.0,0.0092653871608206,0.6811109911530853,0.0266784901053783,0.0788515679457244,0.1688778928511407,4.91149826834868,0.0003067567492527,0.0225657455797342,Green,0.03157208751531664,0.0003067567492527,False
CAViaR-AS,ME3_BM2,Past-minimum,0.0097160743363543,3022,28.0,0.0092653871608206,0.6811109911530853,0.0266784901053783,0.0788515679457244,0.1688778928511407,4.91149826834868,0.0003067567492527,0.0225657455797342,Green,0.03157208751531664,0.0003067567492527,False
CAViaR-AS,ME3_BM2,DtACI-projected-seed,0.0097160743363543,3022,42.0,0.0138980807412309,0.0419713345202354,0.1388126632886376,0.0422683815359277,4.136359781646799,2.1910721260603623,0.0003199263926794,0.0233092949300192,Green,0.032927536534209344,0.0003067567492527,True
CAViaR-AS,ME3_BM2,Raw,0.0097160743363543,3022,28.0,0.0092653871608206,0.6811109911530853,0.0266784901053783,0.0788515679457244,0.1688778928511407,4.91149826834868,0.0003067567492527,0.0225657455797342,Green,0.03157208751531664,0.0003067567492527,False
CAViaR-AS,ME3_BM2,Shift-CP,0.0097160743363543,3022,20.0,0.0066181336863004,0.0464829918008776,0.1224481576635748,0.0417997739352965,3.9640047745756775,2.385723920849415,0.0003117296596781,0.024773609265524,Green,0.032083910526673504,0.0003067567492527,True
CAViaR-AS,ME3_BM2,Vol-ERM,0.0097160743363543,3022,18.0,0.0059563203176704,0.0156917945472028,0.0960118848165823,0.0135167092590075,5.837085914146023,2.7705713578456255,0.0003156759899962,0.0261256640643022,Green,0.032490075628080164,0.0003067567492527,True
CAViaR-AS,ME3_BM2,Rolling500,0.0097160743363543,3022,33.0,0.0109199205823957,0.616496934256846,0.0530195240059888,0.1357333869263936,0.2508219168666166,3.743303498279772,0.0003158243810686,0.0230949178297498,Green,0.032505348367590274,0.0003067567492527,True
CAViaR-AS,ME3_BM2,Selected-rolling,0.0097160743363543,3022,33.0,0.0109199205823957,0.616496934256846,0.0530195240059888,0.1357333869263936,0.2508219168666166,3.743303498279772,0.0003158243810686,0.0230949178297498,Green,0.032505348367590274,0.0003067567492527,True
CAViaR-AS,ME3_BM2,Gate-selected-rolling,0.0097160743363543,3022,33.0,0.0109199205823957,0.616496934256846,0.0530195240059888,0.1357333869263936,0.2508219168666166,3.743303498279772,0.0003158243810686,0.0230949178297498,Green,0.032505348367590274,0.0003067567492527,True
CAViaR-AS,ME3_BM2,DtACI-projected-expected,0.0097160743363543,3022,39.41420856418526,0.0130424250708753,,,,,,0.0003192874691055,0.0233536244448219,,0.03286177709765282,0.0003067567492527,True
CAViaR-AS,ME3_BM3,State-L1,0.0092151275437785,3022,37.0,0.0122435473196558,0.2311112398046076,0.0843733170747726,0.1101079379767824,1.434009248861596,2.9785790310797324,0.0003027820600378,0.0233091038414443,Green,0.03285706666558514,0.0002983109568881,True
CAViaR-AS,ME3_BM3,State-L1-clipped,0.0092151275437785,3022,36.0,0.0119126406353408,0.3049888617044544,0.4505984299037815,0.4445470607243205,1.0522526043840212,0.5691461080896261,0.0003004541432983,0.0233184645260932,Green,0.03260444761843243,0.0002983109568881,True
CAViaR-AS,ME3_BM3,POT-Shift,0.0092151275437785,3022,24.0,0.0079417604235605,0.238182893076649,0.1856658463350949,0.2077338517172581,1.391316541585013,1.7516786137492772,0.0002980308518287,0.0229497240342945,Green,0.03234147877094903,0.0002983109568881,False
CAViaR-AS,ME3_BM3,POT-Vol,0.0092151275437785,3022,26.0,0.0086035737921906,0.4292824922055034,0.2223305404834825,0.3474917296921659,0.6247638674956022,1.48926495991941,0.0002959522886819,0.0225442535094451,Green,0.03211591888185088,0.0002983109568881,False
CAViaR-AS,ME3_BM3,Loss-gate,0.0092151275437785,3022,38.0,0.0125744540039708,0.171418220226424,0.5037623166023943,0.3138785810147187,1.870496546801455,0.4470015582429028,0.0002983109568881,0.0209165668215725,Green,0.03237187499260405,0.0002983109568881,False
CAViaR-AS,ME3_BM3,Past-minimum,0.0092151275437785,3022,38.0,0.0125744540039708,0.171418220226424,0.5037623166023943,0.3138785810147187,1.870496546801455,0.4470015582429028,0.0002983109568881,0.0209165668215725,Green,0.03237187499260405,0.0002983109568881,False
CAViaR-AS,ME3_BM3,DtACI-projected-seed,0.0092151275437785,3022,41.0,0.0135671740569159,0.061573954381983,0.5869664179127949,0.1503498234773257,3.494474307266703,0.2951067799864972,0.0003033112132931,0.0214398625261881,Green,0.032914488904483744,0.0002983109568881,True
CAViaR-AS,ME3_BM3,Raw,0.0092151275437785,3022,38.0,0.0125744540039708,0.171418220226424,0.5037623166023943,0.3138785810147187,1.870496546801455,0.4470015582429028,0.0002983109568881,0.0209165668215725,Green,0.03237187499260405,0.0002983109568881,False
CAViaR-AS,ME3_BM3,Shift-CP,0.0092151275437785,3022,21.0,0.0069490403706154,0.0744917817473285,0.1369657930070021,0.0674451196340726,3.1811610409348994,2.21172106758533,0.0003001139560306,0.0237042302738429,Green,0.03256753144271116,0.0002983109568881,True
CAViaR-AS,ME3_BM3,Vol-ERM,0.0092151275437785,3022,17.0,0.0056254136333553,0.0084362208777515,0.0840929625104658,0.0070044618090626,6.938449505842968,2.983966357529198,0.0003011804901853,0.0245657844499892,Green,0.03268326876155273,0.0002983109568881,True
CAViaR-AS,ME3_BM3,Rolling500,0.0092151275437785,3022,29.0,0.0095962938451356,0.8223235300395308,0.2833365679006725,0.5484160682214559,0.0504260710928057,1.151015991983627,0.0002992581518301,0.0216286870168831,Green,0.03247466195214423,0.0002983109568881,True
CAViaR-AS,ME3_BM3,Selected-rolling,0.0092151275437785,3022,29.0,0.0095962938451356,0.8223235300395308,0.2833365679006725,0.5484160682214559,0.0504260710928057,1.151015991983627,0.0002992581518301,0.0216286870168831,Green,0.03247466195214423,0.0002983109568881,True
CAViaR-AS,ME3_BM3,Gate-selected-rolling,0.0092151275437785,3022,29.0,0.0095962938451356,0.8223235300395308,0.2833365679006725,0.5484160682214559,0.0504260710928057,1.151015991983627,0.0002992581518301,0.0216286870168831,Green,0.03247466195214423,0.0002983109568881,True
CAViaR-AS,ME3_BM3,DtACI-projected-expected,0.0092151275437785,3022,40.33562253708853,0.0133473271135302,,,,,,0.0003036157803942,0.021463530337686,,0.03294753967883854,0.0002983109568881,True
CAViaR-AS,ME3_BM4,State-L1,0.0091661086387668,3022,32.0,0.0105890138980807,0.7471942982036877,0.3510635603506308,0.6146167214130802,0.1039037863093597,0.8696090590320296,0.0002987689389272,0.0218092885558613,Green,0.032594959398975235,0.0003028320310349,False
CAViaR-AS,ME3_BM4,State-L1-clipped,0.0091661086387668,3022,32.0,0.0105890138980807,0.7471942982036877,0.3510635603506308,0.6146167214130802,0.1039037863093597,0.8696090590320296,0.0002988413759673,0.0218165322598685,Green,0.03260286210261477,0.0003028320310349,False
CAViaR-AS,ME3_BM4,POT-Shift,0.0091661086387668,3022,27.0,0.0089344804765056,0.5488165862937472,0.2418824742808023,0.4212556649250148,0.3594414811203243,1.3695892179052294,0.0003027475529236,0.0215893251563248,Green,0.03302901644032132,0.0003028320310349,False
CAViaR-AS,ME3_BM4,POT-Vol,0.0091661086387668,3022,26.0,0.0086035737921906,0.4292824922055034,0.2223305404834825,0.3474917296921659,0.6247638674956022,1.48926495991941,0.0003005433490252,0.0214636388204652,Green,0.03278854319422891,0.0003028320310349,False
CAViaR-AS,ME3_BM4,Loss-gate,0.0091661086387668,3022,37.0,0.0122435473196558,0.2311112398046076,0.0843733170747726,0.1101079379767824,1.434009248861596,2.9785790310797324,0.0003028320310349,0.0200613126513266,Green,0.03303823279533404,0.0003028320310349,False
CAViaR-AS,ME3_BM4,Past-minimum,0.0091661086387668,3022,35.0,0.0115817339510258,0.3939456834907922,0.4248156806982133,0.5056848627942596,0.7267284545357224,0.6369547544992997,0.0003102256985102,0.0214935660793677,Green,0.03384486380601501,0.0003028320310349,True
CAViaR-AS,ME3_BM4,DtACI-projected-seed,0.0091661086387668,3022,47.0,0.015552614162806,0.0045533979728568,0.0413801958149123,0.0022326077736464,8.048793070606663,4.160376872411689,0.0003090634330445,0.0220464102545597,Green,0.033718063490689884,0.0003028320310349,True
CAViaR-AS,ME3_BM4,Raw,0.0091661086387668,3022,37.0,0.0122435473196558,0.2311112398046076,0.0843733170747726,0.1101079379767824,1.434009248861596,2.9785790310797324,0.0003028320310349,0.0200613126513266,Green,0.03303823279533404,0.0003028320310349,False
CAViaR-AS,ME3_BM4,Shift-CP,0.0091661086387668,3022,27.0,0.0089344804765056,0.5488165862937472,0.2418824742808023,0.4212556649250148,0.3594414811203243,1.3695892179052294,0.0003030378625414,0.0218617834374296,Green,0.033060688508506526,0.0003028320310349,True
CAViaR-AS,ME3_BM4,Vol-ERM,0.0091661086387668,3022,26.0,0.0086035737921906,0.4292824922055034,0.2223305404834825,0.3474917296921659,0.6247638674956022,1.48926495991941,0.0003012719789922,0.0224574207511915,Green,0.03286803493884105,0.0003028320310349,False
CAViaR-AS,ME3_BM4,Rolling500,0.0091661086387668,3022,35.0,0.0115817339510258,0.3939456834907922,0.4248156806982133,0.5056848627942596,0.7267284545357224,0.6369547544992997,0.0003102256985102,0.0214935660793677,Green,0.03384486380601501,0.0003028320310349,True
CAViaR-AS,ME3_BM4,Selected-rolling,0.0091661086387668,3022,35.0,0.0115817339510258,0.3939456834907922,0.4248156806982133,0.5056848627942596,0.7267284545357224,0.6369547544992997,0.0003102256985102,0.0214935660793677,Green,0.03384486380601501,0.0003028320310349,True
CAViaR-AS,ME3_BM4,Gate-selected-rolling,0.0091661086387668,3022,35.0,0.0115817339510258,0.3939456834907922,0.4248156806982133,0.5056848627942596,0.7267284545357224,0.6369547544992997,0.0003102256985102,0.0214935660793677,Green,0.03384486380601501,0.0003028320310349,True
CAViaR-AS,ME3_BM4,DtACI-projected-expected,0.0091661086387668,3022,44.09747758733299,0.0145921500950804,,,,,,0.0003096734536269,0.0220450333653123,,0.03378461524197723,0.0003028320310349,True
CAViaR-AS,ME3_BM5,State-L1,0.0093728342288646,3022,30.0,0.0099272005294506,0.9678779360649316,0.3051967590659713,0.5906775582324737,0.0016216663170061,1.0513483281024492,0.0002963954389248,0.0223327351374627,Green,0.031622818849395634,0.0002998323653609,False
CAViaR-AS,ME3_BM5,State-L1-clipped,0.0093728342288646,3022,29.0,0.0095962938451356,0.8223235300395308,0.2833365679006725,0.5484160682214559,0.0504260710928057,1.151015991983627,0.0002957406286465,0.0223356234251668,Green,0.03155295628036785,0.0002998323653609,False
CAViaR-AS,ME3_BM5,POT-Shift,0.0093728342288646,3022,24.0,0.0079417604235605,0.238182893076649,0.0137793269507385,0.0240226730126353,1.391316541585013,6.066197829876899,0.0003002717634966,0.0226358454841239,Green,0.032036389011541724,0.0002998323653609,True
CAViaR-AS,ME3_BM5,POT-Vol,0.0093728342288646,3022,27.0,0.0089344804765056,0.5488165862937472,0.0228569443908922,0.0627000505008117,0.3594414811203243,5.179344570695662,0.0002980818154784,0.0222220938626805,Green,0.03180274057983727,0.0002998323653609,False
CAViaR-AS,ME3_BM5,Loss-gate,0.0093728342288646,3022,38.0,0.0125744540039708,0.171418220226424,0.001107387715024,0.0019214899025235,1.870496546801455,10.63881225913866,0.0002998323653609,0.021052198586893,Green,0.03198950904706451,0.0002998323653609,False
CAViaR-AS,ME3_BM5,Past-minimum,0.0093728342288646,3022,38.0,0.0125744540039708,0.171418220226424,0.001107387715024,0.0019214899025235,1.870496546801455,10.63881225913866,0.0002998323653609,0.021052198586893,Green,0.03198950904706451,0.0002998323653609,False
CAViaR-AS,ME3_BM5,DtACI-projected-seed,0.0093728342288646,3022,39.0,0.0129053606882859,0.1244589115040368,0.5310727217337905,0.2525072950762816,2.360291741415807,0.3923385371699055,0.0003116985153856,0.022830484682187,Green,0.033255524185597206,0.0002998323653609,True
CAViaR-AS,ME3_BM5,Raw,0.0093728342288646,3022,38.0,0.0125744540039708,0.171418220226424,0.001107387715024,0.0019214899025235,1.870496546801455,10.63881225913866,0.0002998323653609,0.021052198586893,Green,0.03198950904706451,0.0002998323653609,False
CAViaR-AS,ME3_BM5,Shift-CP,0.0093728342288646,3022,22.0,0.0072799470549305,0.114262225911664,0.0094367646147965,0.0098898207542193,2.494257872984294,6.7382406419220615,0.0003014228221612,0.0230905882478418,Green,0.03215919697298579,0.0002998323653609,True
CAViaR-AS,ME3_BM5,Vol-ERM,0.0093728342288646,3022,18.0,0.0059563203176704,0.0156917945472028,0.0960118848165823,0.0135167092590075,5.837085914146023,2.7705713578456255,0.0002997558709463,0.0241345572747349,Green,0.0319813477574554,0.0002998323653609,False
CAViaR-AS,ME3_BM5,Rolling500,0.0093728342288646,3022,36.0,0.0119126406353408,0.3049888617044544,0.0755789618784602,0.1218609048691956,1.0522526043840212,3.157497413031365,0.0003126232489962,0.0226942503453932,Green,0.03335418522963362,0.0002998323653609,True
CAViaR-AS,ME3_BM5,Selected-rolling,0.0093728342288646,3022,36.0,0.0119126406353408,0.3049888617044544,0.0755789618784602,0.1218609048691956,1.0522526043840212,3.157497413031365,0.0003126232489962,0.0226942503453932,Green,0.03335418522963362,0.0002998323653609,True
CAViaR-AS,ME3_BM5,Gate-selected-rolling,0.0093728342288646,3022,36.0,0.0119126406353408,0.3049888617044544,0.0755789618784602,0.1218609048691956,1.0522526043840212,3.157497413031365,0.0003126232489962,0.0226942503453932,Green,0.03335418522963362,0.0002998323653609,True
CAViaR-AS,ME3_BM5,DtACI-projected-expected,0.0093728342288646,3022,41.55801288773234,0.0137518242514005,,,,,,0.0003103316725489,0.0227961096692193,,0.03310969392728636,0.0002998323653609,True
CAViaR-AS,ME4_BM1,State-L1,0.0109030700283055,3022,50.0,0.0165453342157511,0.0009497929796368,0.2651454995324306,0.0022828525661968,10.922968473079765,1.2416905119126227,0.0003065561950886,0.0221181309415958,Yellow,0.02811650244314201,0.0002969958267697,True
CAViaR-AS,ME4_BM1,State-L1-clipped,0.0109030700283055,3022,50.0,0.0165453342157511,0.0009497929796368,0.2651454995324306,0.0022828525661968,10.922968473079765,1.2416905119126227,0.000306276035842,0.0221202815852007,Yellow,0.028090806997192137,0.0002969958267697,True
CAViaR-AS,ME4_BM1,POT-Shift,0.0109030700283055,3022,24.0,0.0079417604235605,0.238182893076649,0.1856658463350949,0.2077338517172581,1.391316541585013,1.7516786137492772,0.0002971766446232,0.0235266429507998,Green,0.027256235523728512,0.0002969958267697,True
CAViaR-AS,ME4_BM1,POT-Vol,0.0109030700283055,3022,27.0,0.0089344804765056,0.5488165862937472,0.2418824742808023,0.4212556649250148,0.3594414811203243,1.3695892179052294,0.0002963446180271,0.0231608021835108,Green,0.027179924301848808,0.0002969958267697,False
CAViaR-AS,ME4_BM1,Loss-gate,0.0109030700283055,3022,37.0,0.0122435473196558,0.2311112398046076,0.0843733170747726,0.1101079379767824,1.434009248861596,2.9785790310797324,0.0002969958267697,0.0218345971858991,Green,0.02723965140081354,0.0002969958267697,False
CAViaR-AS,ME4_BM1,Past-minimum,0.0109030700283055,3022,37.0,0.0122435473196558,0.2311112398046076,0.0843733170747726,0.1101079379767824,1.434009248861596,2.9785790310797324,0.0002969958267697,0.0218345971858991,Green,0.02723965140081354,0.0002969958267697,False
CAViaR-AS,ME4_BM1,DtACI-projected-seed,0.0109030700283055,3022,41.0,0.0135671740569159,0.061573954381983,0.1264731038929946,0.0542109759451771,3.494474307266703,2.335269458383209,0.0003022051942376,0.0227066596969404,Green,0.027717440450537693,0.0002969958267697,True
CAViaR-AS,ME4_BM1,Raw,0.0109030700283055,3022,37.0,0.0122435473196558,0.2311112398046076,0.0843733170747726,0.1101079379767824,1.434009248861596,2.9785790310797324,0.0002969958267697,0.0218345971858991,Green,0.02723965140081354,0.0002969958267697,False
CAViaR-AS,ME4_BM1,Shift-CP,0.0109030700283055,3022,23.0,0.0076108537392455,0.1681945734363785,0.1685819618585182,0.1499827522823925,1.8989617933042204,1.8955081592581564,0.0002982083056124,0.0239775089208439,Green,0.027350856670480917,0.0002969958267697,True
CAViaR-AS,ME4_BM1,Vol-ERM,0.0109030700283055,3022,19.0,0.0062872270019854,0.0276853261370074,0.1087964815354457,0.0244876432648155,4.847556439136309,2.5716168512639683,0.0002993127431827,0.0245975955820565,Green,0.027452152687789135,0.0002969958267697,True
CAViaR-AS,ME4_BM1,Rolling500,0.0109030700283055,3022,33.0,0.0109199205823957,0.616496934256846,0.3750166449390805,0.5951760486819166,0.2508219168666166,0.7869741572588396,0.0003010443650487,0.0227674925548676,Green,0.027610972346977288,0.0002969958267697,True
CAViaR-AS,ME4_BM1,Selected-rolling,0.0109030700283055,3022,33.0,0.0109199205823957,0.616496934256846,0.3750166449390805,0.5951760486819166,0.2508219168666166,0.7869741572588396,0.0003010443650487,0.0227674925548676,Green,0.027610972346977288,0.0002969958267697,True
CAViaR-AS,ME4_BM1,Gate-selected-rolling,0.0109030700283055,3022,37.0,0.0122435473196558,0.2311112398046076,0.0843733170747726,0.1101079379767824,1.434009248861596,2.9785790310797324,0.0002969958267697,0.0218345971858991,Green,0.02723965140081354,0.0002969958267697,False
CAViaR-AS,ME4_BM1,DtACI-projected-expected,0.0109030700283055,3022,40.37642883231366,0.0133608301893824,,,,,,0.0003053390627254,0.0227255261985157,,0.028004870365200645,0.0002969958267697,True
CAViaR-AS,ME4_BM2,State-L1,0.0100315417437344,3022,37.0,0.0122435473196558,0.2311112398046076,0.000889335903076,0.001950961723936,1.434009248861596,11.04485642358543,0.0003221572535232,0.0215968992983561,Green,0.032114430837554574,0.0003191368369453,True
CAViaR-AS,ME4_BM2,State-L1-clipped,0.0100315417437344,3022,33.0,0.0109199205823957,0.616496934256846,0.0530195240059888,0.1357333869263936,0.2508219168666166,3.743303498279772,0.0003194868968265,0.0216082543955973,Green,0.031848234796615214,0.0003191368369453,True
CAViaR-AS,ME4_BM2,POT-Shift,0.0100315417437344,3022,23.0,0.0076108537392455,0.1681945734363785,0.1685819618585182,0.1499827522823925,1.8989617933042204,1.8955081592581564,0.000319495001578,0.0226745396831973,Green,0.031849042723423183,0.0003191368369453,True
CAViaR-AS,ME4_BM2,POT-Vol,0.0100315417437344,3022,29.0,0.0095962938451356,0.8223235300395308,0.2833365679006725,0.5484160682214559,0.0504260710928057,1.151015991983627,0.0003183746589205,0.0221035329126217,Green,0.031737360722179475,0.0003191368369453,False
CAViaR-AS,ME4_BM2,Loss-gate,0.0100315417437344,3022,36.0,0.0119126406353408,0.3049888617044544,0.0755789618784602,0.1218609048691956,1.0522526043840212,3.157497413031365,0.0003191368369453,0.0211852722191183,Green,0.03181333887631277,0.0003191368369453,False
CAViaR-AS,ME4_BM2,Past-minimum,0.0100315417437344,3022,35.0,0.0115817339510258,0.3939456834907922,0.0674371189359334,0.1306116461632917,0.7267284545357224,3.344325329099888,0.0003238463189714,0.0219975523683453,Green,0.032282806296815854,0.0003191368369453,True
CAViaR-AS,ME4_BM2,DtACI-projected-seed,0.0100315417437344,3022,40.0,0.0132362673726009,0.0884672487506781,0.55881996780479,0.1975233876214895,2.902045074110614,0.3417514925197906,0.0003394148909271,0.0225524859613638,Green,0.03383476833350119,0.0003191368369453,True
CAViaR-AS,ME4_BM2,Raw,0.0100315417437344,3022,36.0,0.0119126406353408,0.3049888617044544,0.0755789618784602,0.1218609048691956,1.0522526043840212,3.157497413031365,0.0003191368369453,0.0211852722191183,Green,0.03181333887631277,0.0003191368369453,False
CAViaR-AS,ME4_BM2,Shift-CP,0.0100315417437344,3022,27.0,0.0089344804765056,0.5488165862937472,0.2418824742808023,0.4212556649250148,0.3594414811203243,1.3695892179052294,0.0003185258131586,0.0221703286586996,Green,0.03175242861921479,0.0003191368369453,False
CAViaR-AS,ME4_BM2,Vol-ERM,0.0100315417437344,3022,25.0,0.0082726671078755,0.325255496757399,0.203586470352897,0.274699749337735,0.9676958640339244,1.616457332717914,0.000318728890892,0.0225244161531571,Green,0.03177267253969958,0.0003191368369453,False
CAViaR-AS,ME4_BM2,Rolling500,0.0100315417437344,3022,35.0,0.0115817339510258,0.3939456834907922,0.0674371189359334,0.1306116461632917,0.7267284545357224,3.344325329099888,0.0003238463189714,0.0219975523683453,Green,0.032282806296815854,0.0003191368369453,True
CAViaR-AS,ME4_BM2,Selected-rolling,0.0100315417437344,3022,35.0,0.0115817339510258,0.3939456834907922,0.0674371189359334,0.1306116461632917,0.7267284545357224,3.344325329099888,0.0003238463189714,0.0219975523683453,Green,0.032282806296815854,0.0003191368369453,True
CAViaR-AS,ME4_BM2,Gate-selected-rolling,0.0100315417437344,3022,36.0,0.0119126406353408,0.3049888617044544,0.0755789618784602,0.1218609048691956,1.0522526043840212,3.157497413031365,0.0003191368369453,0.0211852722191183,Green,0.03181333887631277,0.0003191368369453,False
CAViaR-AS,ME4_BM2,DtACI-projected-expected,0.0100315417437344,3022,39.498239425153,0.0130702314444583,,,,,,0.0003340098052831,0.0226097443415824,,0.033295959266851395,0.0003191368369453,True
CAViaR-AS,ME4_BM3,State-L1,0.009910480728396,3022,46.0,0.015221707478491,0.0073884346056394,3.5726534178246272e-06,5.985575113197043e-07,7.176022019346441,21.48146442892232,0.0003197299828033,0.022942459491367,Green,0.03226180359618619,0.0003052786527879,True
CAViaR-AS,ME4_BM3,State-L1-clipped,0.009910480728396,3022,41.0,0.0135671740569159,0.061573954381983,0.0001742438228093,0.0001518880772732,3.494474307266703,14.09025897688008,0.0003104704722028,0.0229699468145907,Green,0.03132748861649311,0.0003052786527879,True
CAViaR-AS,ME4_BM3,POT-Shift,0.009910480728396,3022,19.0,0.0062872270019854,0.0276853261370074,0.0001395935759498,6.267240286831477e-05,4.847556439136309,14.507622266581365,0.0003097689937541,0.0242959661013225,Green,0.031256707141010275,0.0003052786527879,True
CAViaR-AS,ME4_BM3,POT-Vol,0.009910480728396,3022,23.0,0.0076108537392455,0.1681945734363785,1.4945180710679885e-05,3.2909688570760224e-05,1.8989617933042204,18.74452512291944,0.0003072343695525,0.0235257738444633,Green,0.03100095524853773,0.0003052786527879,True
CAViaR-AS,ME4_BM3,Loss-gate,0.009910480728396,3022,31.0,0.0102581072137657,0.8870779793048909,0.0002016761751184,0.0009900220485309,0.0201647285880723,13.815401959092467,0.0003052786527879,0.0215880922910564,Green,0.030803617014581387,0.0003052786527879,False
CAViaR-AS,ME4_BM3,Past-minimum,0.009910480728396,3022,36.0,0.0119126406353408,0.3049888617044544,0.0007090471353907,0.0019135090366362,1.0522526043840212,11.465380456696778,0.0003156438705038,0.0218233001717924,Green,0.031849501467613124,0.0003052786527879,True
CAViaR-AS,ME4_BM3,DtACI-projected-seed,0.009910480728396,3022,48.0,0.0158835208471211,0.0027523191202792,8.27706811797028e-05,4.884904868763326e-06,8.964792793451004,15.493928700173,0.0003313149894352,0.0225081920057341,Green,0.033430768750288754,0.0003052786527879,True
CAViaR-AS,ME4_BM3,Raw,0.009910480728396,3022,31.0,0.0102581072137657,0.8870779793048909,0.0002016761751184,0.0009900220485309,0.0201647285880723,13.815401959092467,0.0003052786527879,0.0215880922910564,Green,0.030803617014581387,0.0003052786527879,False
CAViaR-AS,ME4_BM3,Shift-CP,0.009910480728396,3022,17.0,0.0056254136333553,0.0084362208777515,6.579987244996221e-05,1.0829905719291392e-05,6.938449505842968,15.92794889916209,0.0003131794401225,0.025136817255447,Green,0.031600832361760485,0.0003052786527879,True
CAViaR-AS,ME4_BM3,Vol-ERM,0.009910480728396,3022,18.0,0.0059563203176704,0.0156917945472028,9.696756506841703e-05,2.7100254574570823e-05,5.837085914146023,15.194848958308256,0.0003130758259511,0.0255283313103662,Green,0.031590377352135865,0.0003052786527879,True
CAViaR-AS,ME4_BM3,Rolling500,0.009910480728396,3022,36.0,0.0119126406353408,0.3049888617044544,0.0007090471353907,0.0019135090366362,1.0522526043840212,11.465380456696778,0.0003156438705038,0.0218233001717924,Green,0.031849501467613124,0.0003052786527879,True
CAViaR-AS,ME4_BM3,Selected-rolling,0.009910480728396,3022,36.0,0.0119126406353408,0.3049888617044544,0.0007090471353907,0.0019135090366362,1.0522526043840212,11.465380456696778,0.0003156438705038,0.0218233001717924,Green,0.031849501467613124,0.0003052786527879,True
CAViaR-AS,ME4_BM3,Gate-selected-rolling,0.009910480728396,3022,36.0,0.0119126406353408,0.3049888617044544,0.0007090471353907,0.0019135090366362,1.0522526043840212,11.465380456696778,0.0003156438705038,0.0218233001717924,Green,0.031849501467613124,0.0003052786527879,True
CAViaR-AS,ME4_BM3,DtACI-projected-expected,0.009910480728396,3022,45.36446501186042,0.0150114047027996,,,,,,0.0003214609564408,0.022588638752943,,0.03243646451172991,0.0003052786527879,True
CAViaR-AS,ME4_BM4,State-L1,0.0095753315830599,3022,36.0,0.0119126406353408,0.3049888617044544,0.0755789618784602,0.1218609048691956,1.0522526043840212,3.157497413031365,0.0003144513159598,0.021761551415684,Green,0.03283973126487946,0.0003149422658002,False
CAViaR-AS,ME4_BM4,State-L1-clipped,0.0095753315830599,3022,36.0,0.0119126406353408,0.3049888617044544,0.0755789618784602,0.1218609048691956,1.0522526043840212,3.157497413031365,0.0003133216227535,0.0217661643212123,Green,0.03272175172584203,0.0003149422658002,False
CAViaR-AS,ME4_BM4,POT-Shift,0.0095753315830599,3022,28.0,0.0092653871608206,0.6811109911530853,0.2622244673233876,0.490207540439697,0.1688778928511407,1.2569749584138776,0.0003154602935138,0.0224655325261433,Green,0.03294510386166609,0.0003149422658002,True
CAViaR-AS,ME4_BM4,POT-Vol,0.0095753315830599,3022,28.0,0.0092653871608206,0.6811109911530853,0.2622244673233876,0.490207540439697,0.1688778928511407,1.2569749584138776,0.000313529431777,0.0225258134968977,Green,0.03274345426655275,0.0003149422658002,False
CAViaR-AS,ME4_BM4,Loss-gate,0.0095753315830599,3022,34.0,0.0112508272667107,0.4980802242699028,0.0599252500503431,0.1354384014580472,0.4590245070488059,3.5394521805726527,0.0003149422658002,0.0212052850939639,Green,0.032891003624080956,0.0003149422658002,False
CAViaR-AS,ME4_BM4,Past-minimum,0.0095753315830599,3022,42.0,0.0138980807412309,0.0419713345202354,0.0216083190362318,0.0090344945436755,4.136359781646799,5.277050819864655,0.0003225680516872,0.0221999961986926,Green,0.033687402769202054,0.0003149422658002,True
CAViaR-AS,ME4_BM4,DtACI-projected-seed,0.0095753315830599,3022,40.0,0.0132362673726009,0.0884672487506781,0.114874318449627,0.0676135264963446,2.902045074110614,2.485849365589388,0.000330814421142,0.02314890493571,Green,0.03454861257517775,0.0003149422658002,True
CAViaR-AS,ME4_BM4,Raw,0.0095753315830599,3022,34.0,0.0112508272667107,0.4980802242699028,0.0599252500503431,0.1354384014580472,0.4590245070488059,3.5394521805726527,0.0003149422658002,0.0212052850939639,Green,0.032891003624080956,0.0003149422658002,False
CAViaR-AS,ME4_BM4,Shift-CP,0.0095753315830599,3022,28.0,0.0092653871608206,0.6811109911530853,0.2622244673233876,0.490207540439697,0.1688778928511407,1.2569749584138776,0.0003157976346168,0.0229247419014017,Green,0.03298033408842887,0.0003149422658002,True
CAViaR-AS,ME4_BM4,Vol-ERM,0.0095753315830599,3022,21.0,0.0069490403706154,0.0744917817473285,0.1369657930070021,0.0674451196340726,3.1811610409348994,2.21172106758533,0.0003158791108972,0.0243301267387581,Green,0.0329888430658667,0.0003149422658002,True
CAViaR-AS,ME4_BM4,Rolling500,0.0095753315830599,3022,42.0,0.0138980807412309,0.0419713345202354,0.0216083190362318,0.0090344945436755,4.136359781646799,5.277050819864655,0.0003225680516872,0.0221999961986926,Green,0.033687402769202054,0.0003149422658002,True
CAViaR-AS,ME4_BM4,Selected-rolling,0.0095753315830599,3022,42.0,0.0138980807412309,0.0419713345202354,0.0216083190362318,0.0090344945436755,4.136359781646799,5.277050819864655,0.0003225680516872,0.0221999961986926,Green,0.033687402769202054,0.0003149422658002,True
CAViaR-AS,ME4_BM4,Gate-selected-rolling,0.0095753315830599,3022,34.0,0.0112508272667107,0.4980802242699028,0.0599252500503431,0.1354384014580472,0.4590245070488059,3.5394521805726527,0.0003149422658002,0.0212052850939639,Green,0.032891003624080956,0.0003149422658002,False
CAViaR-AS,ME4_BM4,DtACI-projected-expected,0.0095753315830599,3022,43.68965274272357,0.0144571981279694,,,,,,0.0003306649701292,0.0231574076150625,,0.03453300465481452,0.0003149422658002,True
CAViaR-AS,ME4_BM5,State-L1,0.0103621863714567,3022,36.0,0.0119126406353408,0.3049888617044544,0.4505984299037815,0.4445470607243205,1.0522526043840212,0.5691461080896261,0.0003172038793577,0.0236658319419309,Green,0.030611674793985393,0.000318177067585,False
CAViaR-AS,ME4_BM5,State-L1-clipped,0.0103621863714567,3022,36.0,0.0119126406353408,0.3049888617044544,0.4505984299037815,0.4445470607243205,1.0522526043840212,0.5691461080896261,0.000317205434622,0.0236659874683571,Green,0.030611824884347043,0.000318177067585,False
CAViaR-AS,ME4_BM5,POT-Shift,0.0103621863714567,3022,31.0,0.0102581072137657,0.8870779793048909,0.3277810477226519,0.6132978107521425,0.0201647285880723,0.9576445433647792,0.0003174248879907,0.0238313546567398,Green,0.030633003172483655,0.000318177067585,False
CAViaR-AS,ME4_BM5,POT-Vol,0.0103621863714567,3022,33.0,0.0109199205823957,0.616496934256846,0.3750166449390805,0.5951760486819166,0.2508219168666166,0.7869741572588396,0.0003175355928701,0.0236237268195365,Green,0.030643686717001344,0.000318177067585,False
CAViaR-AS,ME4_BM5,Loss-gate,0.0103621863714567,3022,35.0,0.0115817339510258,0.3939456834907922,0.4248156806982133,0.5056848627942596,0.7267284545357224,0.6369547544992997,0.000318177067585,0.0231825584097883,Green,0.030705592061289203,0.000318177067585,False
CAViaR-AS,ME4_BM5,Past-minimum,0.0103621863714567,3022,35.0,0.0115817339510258,0.3939456834907922,0.4248156806982133,0.5056848627942596,0.7267284545357224,0.6369547544992997,0.000318177067585,0.0231825584097883,Green,0.030705592061289203,0.000318177067585,False
CAViaR-AS,ME4_BM5,DtACI-projected-seed,0.0103621863714567,3022,41.0,0.0135671740569159,0.061573954381983,0.5869664179127949,0.1503498234773257,3.494474307266703,0.2951067799864972,0.0003314967959872,0.0250772083916311,Green,0.031991008857004254,0.000318177067585,True
CAViaR-AS,ME4_BM5,Raw,0.0103621863714567,3022,35.0,0.0115817339510258,0.3939456834907922,0.4248156806982133,0.5056848627942596,0.7267284545357224,0.6369547544992997,0.000318177067585,0.0231825584097883,Green,0.030705592061289203,0.000318177067585,False
CAViaR-AS,ME4_BM5,Shift-CP,0.0103621863714567,3022,31.0,0.0102581072137657,0.8870779793048909,0.3277810477226519,0.6132978107521425,0.0201647285880723,0.9576445433647792,0.0003174442181047,0.0237564628563397,Green,0.03063486861991985,0.000318177067585,False
CAViaR-AS,ME4_BM5,Vol-ERM,0.0103621863714567,3022,30.0,0.0099272005294506,0.9678779360649316,0.3051967590659713,0.5906775582324737,0.0016216663170061,1.0513483281024492,0.0003172379309713,0.0242560699562924,Green,0.03061496093576854,0.000318177067585,False
CAViaR-AS,ME4_BM5,Rolling500,0.0103621863714567,3022,29.0,0.0095962938451356,0.8223235300395308,0.2833365679006725,0.5484160682214559,0.0504260710928057,1.151015991983627,0.0003293145310389,0.0247562620611486,Green,0.031780409966956184,0.000318177067585,True
CAViaR-AS,ME4_BM5,Selected-rolling,0.0103621863714567,3022,29.0,0.0095962938451356,0.8223235300395308,0.2833365679006725,0.5484160682214559,0.0504260710928057,1.151015991983627,0.0003293145310389,0.0247562620611486,Green,0.031780409966956184,0.000318177067585,True
CAViaR-AS,ME4_BM5,Gate-selected-rolling,0.0103621863714567,3022,35.0,0.0115817339510258,0.3939456834907922,0.4248156806982133,0.5056848627942596,0.7267284545357224,0.6369547544992997,0.000318177067585,0.0231825584097883,Green,0.030705592061289203,0.000318177067585,False
CAViaR-AS,ME4_BM5,DtACI-projected-expected,0.0103621863714567,3022,38.98897330217905,0.012901711880271,,,,,,0.0003347792031889,0.0250379764452167,,0.032307776678391985,0.000318177067585,True
CAViaR-AS,BIG_LoBM,State-L1,0.0115867581052356,3022,17.0,0.0056254136333553,0.0084362208777515,0.0840929625104658,0.0070044618090626,6.938449505842968,2.983966357529198,0.0002942893352152,0.0243615787555064,Green,0.025398764049645795,0.0002863062370588,True
CAViaR-AS,BIG_LoBM,State-L1-clipped,0.0115867581052356,3022,17.0,0.0056254136333553,0.0084362208777515,0.0840929625104658,0.0070044618090626,6.938449505842968,2.983966357529198,0.0002942893352152,0.0243615787555064,Green,0.025398764049645795,0.0002863062370588,True
CAViaR-AS,BIG_LoBM,POT-Shift,0.0115867581052356,3022,15.0,0.0049636002647253,0.0020505970198105,0.0628338233728645,0.0015302527848966,9.503684647933165,3.4609600287432443,0.0002993340533795,0.0252815057369692,Green,0.0258341505588386,0.0002863062370588,True
CAViaR-AS,BIG_LoBM,POT-Vol,0.0115867581052356,3022,18.0,0.0059563203176704,0.0156917945472028,0.0960118848165823,0.0135167092590075,5.837085914146023,2.7705713578456255,0.0002929479127413,0.0239414249466792,Green,0.025282992022499232,0.0002863062370588,True
CAViaR-AS,BIG_LoBM,Loss-gate,0.0115867581052356,3022,27.0,0.0089344804765056,0.5488165862937472,0.0014072176357127,0.0051032534727425,0.3594414811203243,10.196312532508784,0.0002863062370588,0.0217662432109519,Green,0.024709779427381805,0.0002863062370588,False
CAViaR-AS,BIG_LoBM,Past-minimum,0.0115867581052356,3022,27.0,0.0089344804765056,0.5488165862937472,0.0014072176357127,0.0051032534727425,0.3594414811203243,10.196312532508784,0.0002863062370588,0.0217662432109519,Green,0.024709779427381805,0.0002863062370588,False
CAViaR-AS,BIG_LoBM,DtACI-projected-seed,0.0115867581052356,3022,41.0,0.0135671740569159,0.061573954381983,0.0187446334995929,0.0110003404320844,3.494474307266703,5.52518380931599,0.000293393142704,0.0217309335738304,Green,0.02532141778047711,0.0002863062370588,True
CAViaR-AS,BIG_LoBM,Raw,0.0115867581052356,3022,27.0,0.0089344804765056,0.5488165862937472,0.0014072176357127,0.0051032534727425,0.3594414811203243,10.196312532508784,0.0002863062370588,0.0217662432109519,Green,0.024709779427381805,0.0002863062370588,False
CAViaR-AS,BIG_LoBM,Shift-CP,0.0115867581052356,3022,14.0,0.0046326935804103,0.0009193791452177,0.053478083627873,0.000638687923896,10.98327303030974,3.7289161794769257,0.0003004841189617,0.0254979336044814,Green,0.025933407449485205,0.0002863062370588,True
CAViaR-AS,BIG_LoBM,Vol-ERM,0.0115867581052356,3022,15.0,0.0049636002647253,0.0020505970198105,0.0628338233728645,0.0015302527848966,9.503684647933165,3.4609600287432443,0.0003010887581939,0.0257402128490332,Green,0.025985591091079206,0.0002863062370588,True
CAViaR-AS,BIG_LoBM,Rolling500,0.0115867581052356,3022,31.0,0.0102581072137657,0.8870779793048909,0.0033881928753398,0.0135290535629587,0.0201647285880723,8.585666851905842,0.0002912393568605,0.0217603334391445,Green,0.02513553439325711,0.0002863062370588,True
CAViaR-AS,BIG_LoBM,Selected-rolling,0.0115867581052356,3022,31.0,0.0102581072137657,0.8870779793048909,0.0033881928753398,0.0135290535629587,0.0201647285880723,8.585666851905842,0.0002912393568605,0.0217603334391445,Green,0.02513553439325711,0.0002863062370588,True
CAViaR-AS,BIG_LoBM,Gate-selected-rolling,0.0115867581052356,3022,31.0,0.0102581072137657,0.8870779793048909,0.0033881928753398,0.0135290535629587,0.0201647285880723,8.585666851905842,0.0002912393568605,0.0217603334391445,Green,0.02513553439325711,0.0002863062370588,True
CAViaR-AS,BIG_LoBM,DtACI-projected-expected,0.0115867581052356,3022,38.58556314021135,0.0127682207611553,,,,,,0.0002955079578519,0.021693520661145,,0.02550393778552877,0.0002863062370588,True
CAViaR-AS,ME5_BM2,State-L1,0.0108060141881378,3022,27.0,0.0089344804765056,0.5488165862937472,0.0228569443908922,0.0627000505008117,0.3594414811203243,5.179344570695662,0.0003072679303653,0.0227805144367179,Green,0.028434899771147857,0.0003072058938826,True
CAViaR-AS,ME5_BM2,State-L1-clipped,0.0108060141881378,3022,27.0,0.0089344804765056,0.5488165862937472,0.0228569443908922,0.0627000505008117,0.3594414811203243,5.179344570695662,0.0003072832766871,0.022782049068895,Green,0.028436319936023895,0.0003072058938826,True
CAViaR-AS,ME5_BM2,POT-Shift,0.0108060141881378,3022,24.0,0.0079417604235605,0.238182893076649,0.0137793269507385,0.0240226730126353,1.391316541585013,6.066197829876899,0.0003094650278219,0.0236048449588294,Green,0.02863822149721146,0.0003072058938826,True
CAViaR-AS,ME5_BM2,POT-Vol,0.0108060141881378,3022,25.0,0.0082726671078755,0.325255496757399,0.0164355879193372,0.0346769645121762,0.9676958640339244,5.75566345473527,0.0003080023676789,0.022937750969237,Green,0.028502865378152723,0.0003072058938826,True
CAViaR-AS,ME5_BM2,Loss-gate,0.0108060141881378,3022,33.0,0.0109199205823957,0.616496934256846,0.0530195240059888,0.1357333869263936,0.2508219168666166,3.743303498279772,0.0003072058938826,0.0214726905574893,Green,0.028429158849322296,0.0003072058938826,False
CAViaR-AS,ME5_BM2,Past-minimum,0.0108060141881378,3022,33.0,0.0109199205823957,0.616496934256846,0.0530195240059888,0.1357333869263936,0.2508219168666166,3.743303498279772,0.0003072058938826,0.0214726905574893,Green,0.028429158849322296,0.0003072058938826,False
CAViaR-AS,ME5_BM2,DtACI-projected-seed,0.0108060141881378,3022,39.0,0.0129053606882859,0.1244589115040368,0.0139133913682492,0.0149253288167976,2.360291741415807,6.049099435924063,0.0003175595634903,0.022399144993347,Green,0.029387298402670806,0.0003072058938826,True
CAViaR-AS,ME5_BM2,Raw,0.0108060141881378,3022,33.0,0.0109199205823957,0.616496934256846,0.0530195240059888,0.1357333869263936,0.2508219168666166,3.743303498279772,0.0003072058938826,0.0214726905574893,Green,0.028429158849322296,0.0003072058938826,False
CAViaR-AS,ME5_BM2,Shift-CP,0.0108060141881378,3022,25.0,0.0082726671078755,0.325255496757399,0.0164355879193372,0.0346769645121762,0.9676958640339244,5.75566345473527,0.0003089095167692,0.0233283245457527,Green,0.02858681391593049,0.0003072058938826,True
CAViaR-AS,ME5_BM2,Vol-ERM,0.0108060141881378,3022,25.0,0.0082726671078755,0.325255496757399,0.0164355879193372,0.0346769645121762,0.9676958640339244,5.75566345473527,0.0003083525093417,0.0231609648656234,Green,0.028535267858540395,0.0003072058938826,True
CAViaR-AS,ME5_BM2,Rolling500,0.0108060141881378,3022,34.0,0.0112508272667107,0.4980802242699028,0.0060290439823547,0.0183099094977313,0.4590245070488059,7.541601219123436,0.0003129995013439,0.0220334054525672,Green,0.02896530542107674,0.0003072058938826,True
CAViaR-AS,ME5_BM2,Selected-rolling,0.0108060141881378,3022,34.0,0.0112508272667107,0.4980802242699028,0.0060290439823547,0.0183099094977313,0.4590245070488059,7.541601219123436,0.0003129995013439,0.0220334054525672,Green,0.02896530542107674,0.0003072058938826,True
CAViaR-AS,ME5_BM2,Gate-selected-rolling,0.0108060141881378,3022,34.0,0.0112508272667107,0.4980802242699028,0.0060290439823547,0.0183099094977313,0.4590245070488059,7.541601219123436,0.0003129995013439,0.0220334054525672,Green,0.02896530542107674,0.0003072058938826,True
CAViaR-AS,ME5_BM2,DtACI-projected-expected,0.0108060141881378,3022,39.311163953457545,0.0130083269204028,,,,,,0.000317721850393,0.0223890528944243,,0.02940231660456047,0.0003072058938826,True
CAViaR-AS,ME5_BM3,State-L1,0.0114036137548628,3022,51.0,0.0168762409000661,0.000542535105169,0.0015467371691802,1.6822643447699964e-05,11.963477868238918,10.022091641335066,0.0003462067784973,0.0221861750833659,Yellow,0.03035939185064632,0.0003406426577629,True
CAViaR-AS,ME5_BM3,State-L1-clipped,0.0114036137548628,3022,51.0,0.0168762409000661,0.000542535105169,0.0015467371691802,1.6822643447699964e-05,11.963477868238918,10.022091641335066,0.0003462067784973,0.0221861750833659,Yellow,0.03035939185064632,0.0003406426577629,True
CAViaR-AS,ME5_BM3,POT-Shift,0.0114036137548628,3022,36.0,0.0119126406353408,0.3049888617044544,0.0085682074809484,0.0186581974785249,1.0522526043840212,6.910686768373239,0.0003384839096152,0.0221330530161793,Green,0.029682161891081374,0.0003406426577629,False
CAViaR-AS,ME5_BM3,POT-Vol,0.0114036137548628,3022,37.0,0.0122435473196558,0.2311112398046076,0.000889335903076,0.001950961723936,1.434009248861596,11.04485642358543,0.0003372513781167,0.0222711653939234,Green,0.02957407935470343,0.0003406426577629,False
CAViaR-AS,ME5_BM3,Loss-gate,0.0114036137548628,3022,43.0,0.0142289874255459,0.0280248197011461,0.0002835555503535,0.000123252434774,4.826539944772172,13.176012036183693,0.0003406426577629,0.0215150709140522,Green,0.029871465755111272,0.0003406426577629,False
CAViaR-AS,ME5_BM3,Past-minimum,0.0114036137548628,3022,36.0,0.0119126406353408,0.3049888617044544,4.492389718474488e-05,0.0001431405234003,1.0522526043840212,16.651114853812658,0.0003406793272547,0.0227021412035385,Green,0.029874681357865647,0.0003406426577629,True
CAViaR-AS,ME5_BM3,DtACI-projected-seed,0.0114036137548628,3022,42.0,0.0138980807412309,0.0419713345202354,0.0024927854742628,0.0013055635016127,4.136359781646799,9.145881277163255,0.0003455407999999,0.0237109135023666,Green,0.030300991196983703,0.0003406426577629,True
CAViaR-AS,ME5_BM3,Raw,0.0114036137548628,3022,43.0,0.0142289874255459,0.0280248197011461,0.0002835555503535,0.000123252434774,4.826539944772172,13.176012036183693,0.0003406426577629,0.0215150709140522,Green,0.029871465755111272,0.0003406426577629,False
CAViaR-AS,ME5_BM3,Shift-CP,0.0114036137548628,3022,32.0,0.0105890138980807,0.7471942982036877,0.0041348812697193,0.0155490145315594,0.1039037863093597,8.22361224677337,0.0003372816449566,0.0229052440388986,Green,0.02957673349930624,0.0003406426577629,False
CAViaR-AS,ME5_BM3,Vol-ERM,0.0114036137548628,3022,36.0,0.0119126406353408,0.3049888617044544,0.0085682074809484,0.0186581974785249,1.0522526043840212,6.910686768373239,0.0003363453176096,0.022632639951518,Green,0.029494625549394245,0.0003406426577629,False
CAViaR-AS,ME5_BM3,Rolling500,0.0114036137548628,3022,36.0,0.0119126406353408,0.3049888617044544,4.492389718474488e-05,0.0001431405234003,1.0522526043840212,16.651114853812658,0.0003406793272547,0.0227021412035385,Green,0.029874681357865647,0.0003406426577629,True
CAViaR-AS,ME5_BM3,Selected-rolling,0.0114036137548628,3022,36.0,0.0119126406353408,0.3049888617044544,4.492389718474488e-05,0.0001431405234003,1.0522526043840212,16.651114853812658,0.0003406793272547,0.0227021412035385,Green,0.029874681357865647,0.0003406426577629,True
CAViaR-AS,ME5_BM3,Gate-selected-rolling,0.0114036137548628,3022,36.0,0.0119126406353408,0.3049888617044544,4.492389718474488e-05,0.0001431405234003,1.0522526043840212,16.651114853812658,0.0003406793272547,0.0227021412035385,Green,0.029874681357865647,0.0003406426577629,True
CAViaR-AS,ME5_BM3,DtACI-projected-expected,0.0114036137548628,3022,41.64823570984893,0.0137816795863166,,,,,,0.0003453324471254,0.0236373560994896,,0.030282720420808814,0.0003406426577629,True
CAViaR-AS,ME5_BM4,State-L1,0.0118791551131657,3022,27.0,0.0089344804765056,0.5488165862937472,6.135809805714146e-05,0.0002719606355448,0.3594414811203243,16.060264967685896,0.0003451520878946,0.0250870804686103,Green,0.029055272416812456,0.0003443883482863,True
CAViaR-AS,ME5_BM4,State-L1-clipped,0.0118791551131657,3022,26.0,0.0086035737921906,0.4292824922055034,4.413538493590859e-05,0.0001742996001361,0.6247638674956022,16.68470593161169,0.0003442751348547,0.0251168705731442,Green,0.028981449570697072,0.0003443883482863,False
CAViaR-AS,ME5_BM4,POT-Shift,0.0118791551131657,3022,32.0,0.0105890138980807,0.7471942982036877,0.0002641198200606,0.0012229290062339,0.1039037863093597,13.309109159351408,0.0003434600049104,0.0243044603984602,Green,0.028912831058981826,0.0003443883482863,False
CAViaR-AS,ME5_BM4,POT-Vol,0.0118791551131657,3022,33.0,0.0109199205823957,0.616496934256846,0.0003425587205849,0.0014496480146797,0.2508219168666166,12.822047084162476,0.0003431314387571,0.0243698718682447,Green,0.028885172008302717,0.0003443883482863,False
CAViaR-AS,ME5_BM4,Loss-gate,0.0118791551131657,3022,35.0,0.0115817339510258,0.3939456834907922,0.0005609874103254,0.0018108689166481,0.7267284545357224,11.901168514368235,0.0003443883482863,0.0234475562153532,Green,0.028990979998620735,0.0003443883482863,False
CAViaR-AS,ME5_BM4,Past-minimum,0.0118791551131657,3022,35.0,0.0115817339510258,0.3939456834907922,0.0005609874103254,0.0018108689166481,0.7267284545357224,11.901168514368235,0.0003541653558646,0.0244954833651991,Green,0.029814018967735976,0.0003443883482863,True
CAViaR-AS,ME5_BM4,DtACI-projected-seed,0.0118791551131657,3022,41.0,0.0135671740569159,0.061573954381983,0.002053991862228,0.0015071092490752,3.494474307266703,9.500649427844849,0.0003608034713779,0.025058176781159,Green,0.0303728226410665,0.0003443883482863,True
CAViaR-AS,ME5_BM4,Raw,0.0118791551131657,3022,35.0,0.0115817339510258,0.3939456834907922,0.0005609874103254,0.0018108689166481,0.7267284545357224,11.901168514368235,0.0003443883482863,0.0234475562153532,Green,0.028990979998620735,0.0003443883482863,False
CAViaR-AS,ME5_BM4,Shift-CP,0.0118791551131657,3022,23.0,0.0076108537392455,0.1681945734363785,0.0004965136749947,0.0008993506805302,1.8989617933042204,12.1287132488946,0.0003448476403623,0.0254564890429883,Green,0.029029643697480168,0.0003443883482863,True
CAViaR-AS,ME5_BM4,Vol-ERM,0.0118791551131657,3022,23.0,0.0076108537392455,0.1681945734363785,0.0004965136749947,0.0008993506805302,1.8989617933042204,12.1287132488946,0.0003436300834156,0.0254881621050593,Green,0.028927148449703618,0.0003443883482863,False
CAViaR-AS,ME5_BM4,Rolling500,0.0118791551131657,3022,35.0,0.0115817339510258,0.3939456834907922,0.0005609874103254,0.0018108689166481,0.7267284545357224,11.901168514368235,0.0003541653558646,0.0244954833651991,Green,0.029814018967735976,0.0003443883482863,True
CAViaR-AS,ME5_BM4,Selected-rolling,0.0118791551131657,3022,35.0,0.0115817339510258,0.3939456834907922,0.0005609874103254,0.0018108689166481,0.7267284545357224,11.901168514368235,0.0003541653558646,0.0244954833651991,Green,0.029814018967735976,0.0003443883482863,True
CAViaR-AS,ME5_BM4,Gate-selected-rolling,0.0118791551131657,3022,35.0,0.0115817339510258,0.3939456834907922,0.0005609874103254,0.0018108689166481,0.7267284545357224,11.901168514368235,0.0003443883482863,0.0234475562153532,Green,0.028990979998620735,0.0003443883482863,False
CAViaR-AS,ME5_BM4,DtACI-projected-expected,0.0118791551131657,3022,40.617624719544835,0.0134406435206965,,,,,,0.0003611807597912,0.0251264713757466,,0.030404583183773936,0.0003443883482863,True
CAViaR-AS,BIG_HiBM,State-L1,0.014359433441013,3022,29.0,0.0095962938451356,0.8223235300395308,0.030945050677626,0.0950628292472416,0.0504260710928057,4.656008419880777,0.0004101999990892,0.0294007586766002,Green,0.028566586611808695,0.0004108698740769,False
CAViaR-AS,BIG_HiBM,State-L1-clipped,0.014359433441013,3022,29.0,0.0095962938451356,0.8223235300395308,0.030945050677626,0.0950628292472416,0.0504260710928057,4.656008419880777,0.0004101999990892,0.0294007586766002,Green,0.028566586611808695,0.0004108698740769,False
CAViaR-AS,BIG_HiBM,POT-Shift,0.014359433441013,3022,29.0,0.0095962938451356,0.8223235300395308,0.030945050677626,0.0950628292472416,0.0504260710928057,4.656008419880777,0.0004102204819985,0.0294514958500602,Green,0.028568013054529023,0.0004108698740769,False
CAViaR-AS,BIG_HiBM,POT-Vol,0.014359433441013,3022,32.0,0.0105890138980807,0.7471942982036877,0.0466949731347962,0.1313191495155421,0.1039037863093597,3.956345539285053,0.0004108914999193,0.0293390569139356,Green,0.028614743165682535,0.0004108698740769,True
CAViaR-AS,BIG_HiBM,Loss-gate,0.014359433441013,3022,34.0,0.0112508272667107,0.4980802242699028,0.0599252500503431,0.1354384014580472,0.4590245070488059,3.5394521805726527,0.0004108698740769,0.028553304229853,Green,0.02861323712838038,0.0004108698740769,False
CAViaR-AS,BIG_HiBM,Past-minimum,0.014359433441013,3022,33.0,0.0109199205823957,0.616496934256846,0.0530195240059888,0.1357333869263936,0.2508219168666166,3.743303498279772,0.0004231402961742,0.0295158016080773,Green,0.029467757061057774,0.0004108698740769,True
CAViaR-AS,BIG_HiBM,DtACI-projected-seed,0.014359433441013,3022,44.0,0.014559894109861,0.0183344495525287,0.0036103579069777,0.0008965172280731,5.563907295458282,8.470078800676447,0.0004275315883416,0.0297876382715458,Green,0.029773569416777723,0.0004108698740769,True
CAViaR-AS,BIG_HiBM,Raw,0.014359433441013,3022,34.0,0.0112508272667107,0.4980802242699028,0.0599252500503431,0.1354384014580472,0.4590245070488059,3.5394521805726527,0.0004108698740769,0.028553304229853,Green,0.02861323712838038,0.0004108698740769,False
CAViaR-AS,BIG_HiBM,Shift-CP,0.014359433441013,3022,29.0,0.0095962938451356,0.8223235300395308,0.030945050677626,0.0950628292472416,0.0504260710928057,4.656008419880777,0.0004102091240958,0.0294233617667262,Green,0.028567222083022616,0.0004108698740769,False
CAViaR-AS,BIG_HiBM,Vol-ERM,0.014359433441013,3022,29.0,0.0095962938451356,0.8223235300395308,0.030945050677626,0.0950628292472416,0.0504260710928057,4.656008419880777,0.0004115462525217,0.030195551699661,Green,0.028660340549805638,0.0004108698740769,True
CAViaR-AS,BIG_HiBM,Rolling500,0.014359433441013,3022,33.0,0.0109199205823957,0.616496934256846,0.0530195240059888,0.1357333869263936,0.2508219168666166,3.743303498279772,0.0004231402961742,0.0295158016080773,Green,0.029467757061057774,0.0004108698740769,True
CAViaR-AS,BIG_HiBM,Selected-rolling,0.014359433441013,3022,33.0,0.0109199205823957,0.616496934256846,0.0530195240059888,0.1357333869263936,0.2508219168666166,3.743303498279772,0.0004231402961742,0.0295158016080773,Green,0.029467757061057774,0.0004108698740769,True
CAViaR-AS,BIG_HiBM,Gate-selected-rolling,0.014359433441013,3022,34.0,0.0112508272667107,0.4980802242699028,0.0599252500503431,0.1354384014580472,0.4590245070488059,3.5394521805726527,0.0004108698740769,0.028553304229853,Green,0.02861323712838038,0.0004108698740769,False
CAViaR-AS,BIG_HiBM,DtACI-projected-expected,0.014359433441013,3022,41.81080591901894,0.0138354751552015,,,,,,0.0004284125100386,0.0298526520297997,,0.02983491735927272,0.0004108698740769,True
GAS-t,SMALL_LoBM,State-L1,0.0094427479813171,3022,28.0,0.0092653871608206,0.6811109911530853,0.0266784901053783,0.0788515679457244,0.1688778928511407,4.91149826834868,0.0003258828665505,0.0246678713575313,Green,0.03451144382919823,0.0003315111398905,False
GAS-t,SMALL_LoBM,State-L1-clipped,0.0094427479813171,3022,28.0,0.0092653871608206,0.6811109911530853,0.0266784901053783,0.0788515679457244,0.1688778928511407,4.91149826834868,0.0003258818596881,0.0246677706712982,Green,0.03451133720108509,0.0003315111398905,False
GAS-t,SMALL_LoBM,POT-Shift,0.0094427479813171,3022,25.0,0.0082726671078755,0.325255496757399,0.203586470352897,0.274699749337735,0.9676958640339244,1.616457332717914,0.0003271065736288,0.023861776972642,Green,0.03464103609203539,0.0003315111398905,False
GAS-t,SMALL_LoBM,POT-Vol,0.0094427479813171,3022,27.0,0.0089344804765056,0.5488165862937472,0.0014072176357127,0.0051032534727425,0.3594414811203243,10.196312532508784,0.0003239106740146,0.0238579535876399,Green,0.034302585926837374,0.0003315111398905,False
GAS-t,SMALL_LoBM,Loss-gate,0.0094427479813171,3022,46.0,0.015221707478491,0.0073884346056394,0.0051210077535702,0.0005497141107234,7.176022019346441,7.836202407782537,0.0003315111398905,0.0210739371231067,Green,0.0351074857177603,0.0003315111398905,False
GAS-t,SMALL_LoBM,Past-minimum,0.0094427479813171,3022,46.0,0.015221707478491,0.0073884346056394,0.0051210077535702,0.0005497141107234,7.176022019346441,7.836202407782537,0.0003315111398905,0.0210739371231067,Green,0.0351074857177603,0.0003315111398905,False
GAS-t,SMALL_LoBM,DtACI-projected-seed,0.0094427479813171,3022,43.0,0.0142289874255459,0.0280248197011461,0.003008149623793,0.0010977097021708,4.826539944772172,8.802518772575695,0.0003450568656593,0.0245640898042478,Green,0.03654199670922177,0.0003315111398905,True
GAS-t,SMALL_LoBM,Raw,0.0094427479813171,3022,46.0,0.015221707478491,0.0073884346056394,0.0051210077535702,0.0005497141107234,7.176022019346441,7.836202407782537,0.0003315111398905,0.0210739371231067,Green,0.0351074857177603,0.0003315111398905,False
GAS-t,SMALL_LoBM,Shift-CP,0.0094427479813171,3022,23.0,0.0076108537392455,0.1681945734363785,0.1685819618585182,0.1499827522823925,1.8989617933042204,1.8955081592581564,0.0003281088332794,0.0243525089303612,Green,0.03474717676767166,0.0003315111398905,False
GAS-t,SMALL_LoBM,Vol-ERM,0.0094427479813171,3022,24.0,0.0079417604235605,0.238182893076649,0.0137793269507385,0.0240226730126353,1.391316541585013,6.066197829876899,0.0003250823523478,0.0248765837265593,Green,0.034426668274001385,0.0003315111398905,False
GAS-t,SMALL_LoBM,Rolling500,0.0094427479813171,3022,35.0,0.0115817339510258,0.3939456834907922,0.0005609874103254,0.0018108689166481,0.7267284545357224,11.901168514368235,0.0003388112419474,0.0233910614529163,Green,0.03588057656709183,0.0003315111398905,True
GAS-t,SMALL_LoBM,Selected-rolling,0.0094427479813171,3022,33.0,0.0109199205823957,0.616496934256846,0.0003425587205849,0.0014496480146797,0.2508219168666166,12.822047084162476,0.0003780886571274,0.0305757328970259,Green,0.04004010886189755,0.0003315111398905,True
GAS-t,SMALL_LoBM,Gate-selected-rolling,0.0094427479813171,3022,33.0,0.0109199205823957,0.616496934256846,0.0003425587205849,0.0014496480146797,0.2508219168666166,12.822047084162476,0.0003780886571274,0.0305757328970259,Green,0.04004010886189755,0.0003315111398905,True
GAS-t,SMALL_LoBM,DtACI-projected-expected,0.0094427479813171,3022,43.8404761843759,0.0145071066129635,,,,,,0.0003416848297172,0.0245747759242884,,0.03618489346461843,0.0003315111398905,True
GAS-t,ME1_BM2,State-L1,0.0087065846712843,3022,40.0,0.0132362673726009,0.0884672487506781,0.114874318449627,0.0676135264963446,2.902045074110614,2.485849365589388,0.0002945020869378,0.0193761946756996,Green,0.033825213680987294,0.0003000288782929,False
GAS-t,ME1_BM2,State-L1-clipped,0.0087065846712843,3022,40.0,0.0132362673726009,0.0884672487506781,0.114874318449627,0.0676135264963446,2.902045074110614,2.485849365589388,0.0002943745947922,0.0193779506304358,Green,0.03381057049420241,0.0003000288782929,False
GAS-t,ME1_BM2,POT-Shift,0.0087065846712843,3022,26.0,0.0086035737921906,0.4292824922055034,0.0194520815940783,0.0477113028949481,0.6247638674956022,5.460410034889549,0.000294614714865,0.0196885295155907,Green,0.03383814962906019,0.0003000288782929,False
GAS-t,ME1_BM2,POT-Vol,0.0087065846712843,3022,31.0,0.0102581072137657,0.8870779793048909,0.0409256543066209,0.1225020292534597,0.0201647285880723,4.1790906390123155,0.0002933698433869,0.0194908002661643,Green,0.033695169169431084,0.0003000288782929,False
GAS-t,ME1_BM2,Loss-gate,0.0087065846712843,3022,49.0,0.0162144275314361,0.0016321417097115,0.2466444651683053,0.0035789967818962,9.92313469253552,1.3422108001874449,0.0003000288782929,0.0176843825841334,Yellow,0.03445999661410781,0.0003000288782929,False
GAS-t,ME1_BM2,Past-minimum,0.0087065846712843,3022,49.0,0.0162144275314361,0.0016321417097115,0.2466444651683053,0.0035789967818962,9.92313469253552,1.3422108001874449,0.0003000288782929,0.0176843825841334,Yellow,0.03445999661410781,0.0003000288782929,False
GAS-t,ME1_BM2,DtACI-projected-seed,0.0087065846712843,3022,37.0,0.0122435473196558,0.2311112398046076,0.0101251259418619,0.017892405084165,1.434009248861596,6.612748657436157,0.000302878009936,0.0212176447144564,Green,0.03478723533637016,0.0003000288782929,True
GAS-t,ME1_BM2,Raw,0.0087065846712843,3022,49.0,0.0162144275314361,0.0016321417097115,0.2466444651683053,0.0035789967818962,9.92313469253552,1.3422108001874449,0.0003000288782929,0.0176843825841334,Yellow,0.03445999661410781,0.0003000288782929,False
GAS-t,ME1_BM2,Shift-CP,0.0087065846712843,3022,28.0,0.0092653871608206,0.6811109911530853,0.0266784901053783,0.0788515679457244,0.1688778928511407,4.91149826834868,0.0002944277735351,0.0195233086053903,Green,0.03381667837058653,0.0003000288782929,False
GAS-t,ME1_BM2,Vol-ERM,0.0087065846712843,3022,25.0,0.0082726671078755,0.325255496757399,0.0164355879193372,0.0346769645121762,0.9676958640339244,5.75566345473527,0.0002933648107222,0.0204437647207865,Green,0.033694591139711044,0.0003000288782929,False
GAS-t,ME1_BM2,Rolling500,0.0087065846712843,3022,35.0,0.0115817339510258,0.3939456834907922,0.0674371189359334,0.1306116461632917,0.7267284545357224,3.344325329099888,0.0003047616107222,0.0202403329896698,Green,0.03500357743345128,0.0003000288782929,True
GAS-t,ME1_BM2,Selected-rolling,0.0087065846712843,3022,28.0,0.0092653871608206,0.6811109911530853,0.0266784901053783,0.0788515679457244,0.1688778928511407,4.91149826834868,0.0003359104539963,0.0255898997318658,Green,0.038581196494210414,0.0003000288782929,True
GAS-t,ME1_BM2,Gate-selected-rolling,0.0087065846712843,3022,28.0,0.0092653871608206,0.6811109911530853,0.0266784901053783,0.0788515679457244,0.1688778928511407,4.91149826834868,0.0003359104539963,0.0255898997318658,Green,0.038581196494210414,0.0003000288782929,True
GAS-t,ME1_BM2,DtACI-projected-expected,0.0087065846712843,3022,39.16160839850838,0.0129588379875937,,,,,,0.0003100212338522,0.0211566328062248,,0.03560767459997251,0.0003000288782929,True
GAS-t,ME1_BM3,State-L1,0.0081032285808888,3022,22.0,0.0072799470549305,0.114262225911664,0.1523457621455596,0.1031644206846897,2.494257872984294,2.0486046193869356,0.0002775208863773,0.0199419407388,Green,0.03424818683158266,0.0002792801119016,False
GAS-t,ME1_BM3,State-L1-clipped,0.0081032285808888,3022,22.0,0.0072799470549305,0.114262225911664,0.1523457621455596,0.1031644206846897,2.494257872984294,2.0486046193869356,0.0002776292719725,0.0199527792983158,Green,0.03426156243787564,0.0002792801119016,False
GAS-t,ME1_BM3,POT-Shift,0.0081032285808888,3022,23.0,0.0076108537392455,0.1681945734363785,0.0114554940169097,0.0158259044094398,1.8989617933042204,6.393252530514644,0.0002764287882069,0.0192980618194008,Green,0.0341134136162527,0.0002792801119016,False
GAS-t,ME1_BM3,POT-Vol,0.0081032285808888,3022,30.0,0.0099272005294506,0.9678779360649316,0.0356848131989759,0.1100453671453244,0.0016216663170061,4.41210347292531,0.0002738835183764,0.0188017805454848,Green,0.033799307972422914,0.0002792801119016,False
GAS-t,ME1_BM3,Loss-gate,0.0081032285808888,3022,46.0,0.015221707478491,0.0073884346056394,0.0366151322725642,0.0031131410665255,7.176022019346441,4.368224127154463,0.0002792801119016,0.0166251100765807,Green,0.034465288633258234,0.0002792801119016,False
GAS-t,ME1_BM3,Past-minimum,0.0081032285808888,3022,46.0,0.015221707478491,0.0073884346056394,0.0366151322725642,0.0031131410665255,7.176022019346441,4.368224127154463,0.0002792801119016,0.0166251100765807,Green,0.034465288633258234,0.0002792801119016,False
GAS-t,ME1_BM3,DtACI-projected-seed,0.0081032285808888,3022,40.0,0.0132362673726009,0.0884672487506781,0.0161874382617733,0.0130075965152125,2.902045074110614,5.78239841561134,0.0002934084021954,0.0195694045651451,Green,0.03620882704548088,0.0002792801119016,True
GAS-t,ME1_BM3,Raw,0.0081032285808888,3022,46.0,0.015221707478491,0.0073884346056394,0.0366151322725642,0.0031131410665255,7.176022019346441,4.368224127154463,0.0002792801119016,0.0166251100765807,Green,0.034465288633258234,0.0002792801119016,False
GAS-t,ME1_BM3,Shift-CP,0.0081032285808888,3022,18.0,0.0059563203176704,0.0156917945472028,0.0960118848165823,0.0135167092590075,5.837085914146023,2.7705713578456255,0.0002807972455897,0.0206119688642094,Green,0.03465251446219241,0.0002792801119016,True
GAS-t,ME1_BM3,Vol-ERM,0.0081032285808888,3022,22.0,0.0072799470549305,0.114262225911664,0.0094367646147965,0.0098898207542193,2.494257872984294,6.7382406419220615,0.0002748939549215,0.0198751508069204,Green,0.03392400352247602,0.0002792801119016,False
GAS-t,ME1_BM3,Rolling500,0.0081032285808888,3022,33.0,0.0109199205823957,0.616496934256846,0.0530195240059888,0.1357333869263936,0.2508219168666166,3.743303498279772,0.0002853242612083,0.0191613512537998,Green,0.035211182599640345,0.0002792801119016,True
GAS-t,ME1_BM3,Selected-rolling,0.0081032285808888,3022,33.0,0.0109199205823957,0.616496934256846,0.0530195240059888,0.1357333869263936,0.2508219168666166,3.743303498279772,0.0002853242612083,0.0191613512537998,Green,0.035211182599640345,0.0002792801119016,True
GAS-t,ME1_BM3,Gate-selected-rolling,0.0081032285808888,3022,33.0,0.0109199205823957,0.616496934256846,0.0530195240059888,0.1357333869263936,0.2508219168666166,3.743303498279772,0.0002853242612083,0.0191613512537998,Green,0.035211182599640345,0.0002792801119016,True
GAS-t,ME1_BM3,DtACI-projected-expected,0.0081032285808888,3022,39.24433094160719,0.0129862114300487,,,,,,0.0002858019083253,0.0195770263229128,,0.035270127884502046,0.0002792801119016,True
GAS-t,ME1_BM4,State-L1,0.0076430047111398,3022,27.0,0.0089344804765056,0.5488165862937472,0.0228569443908922,0.0627000505008117,0.3594414811203243,5.179344570695662,0.0002600852785867,0.0179914922458998,Green,0.03402919249907325,0.0002612269278203,False
GAS-t,ME1_BM4,State-L1-clipped,0.0076430047111398,3022,26.0,0.0086035737921906,0.4292824922055034,0.0194520815940783,0.0477113028949481,0.6247638674956022,5.460410034889549,0.0002598338833989,0.0179950816670867,Green,0.033996300305845426,0.0002612269278203,False
GAS-t,ME1_BM4,POT-Shift,0.0076430047111398,3022,22.0,0.0072799470549305,0.114262225911664,0.0094367646147965,0.0098898207542193,2.494257872984294,6.7382406419220615,0.0002606160728584,0.0183658506867567,Green,0.03409864087595654,0.0002612269278203,False
GAS-t,ME1_BM4,POT-Vol,0.0076430047111398,3022,28.0,0.0092653871608206,0.6811109911530853,0.0266784901053783,0.0788515679457244,0.1688778928511407,4.91149826834868,0.0002579464636387,0.0177414284677306,Green,0.033749352955747755,0.0002612269278203,False
GAS-t,ME1_BM4,Loss-gate,0.0076430047111398,3022,46.0,0.015221707478491,0.0073884346056394,0.0366151322725642,0.0031131410665255,7.176022019346441,4.368224127154463,0.0002612269278203,0.0158348498443921,Green,0.03417856428108145,0.0002612269278203,False
GAS-t,ME1_BM4,Past-minimum,0.0076430047111398,3022,46.0,0.015221707478491,0.0073884346056394,0.0366151322725642,0.0031131410665255,7.176022019346441,4.368224127154463,0.0002612269278203,0.0158348498443921,Green,0.03417856428108145,0.0002612269278203,False
GAS-t,ME1_BM4,DtACI-projected-seed,0.0076430047111398,3022,40.0,0.0132362673726009,0.0884672487506781,0.0161874382617733,0.0130075965152125,2.902045074110614,5.78239841561134,0.0002765337122355,0.0182124457367673,Green,0.03618128245197177,0.0002612269278203,True
GAS-t,ME1_BM4,Raw,0.0076430047111398,3022,46.0,0.015221707478491,0.0073884346056394,0.0366151322725642,0.0031131410665255,7.176022019346441,4.368224127154463,0.0002612269278203,0.0158348498443921,Green,0.03417856428108145,0.0002612269278203,False
GAS-t,ME1_BM4,Shift-CP,0.0076430047111398,3022,20.0,0.0066181336863004,0.0464829918008776,0.0062085600842116,0.0032588596870007,3.9640047745756775,7.488751093539577,0.0002619592907774,0.0187848869554347,Green,0.03427438562161164,0.0002612269278203,True
GAS-t,ME1_BM4,Vol-ERM,0.0076430047111398,3022,22.0,0.0072799470549305,0.114262225911664,0.0094367646147965,0.0098898207542193,2.494257872984294,6.7382406419220615,0.0002593220020944,0.0189922956119221,Green,0.03392932647502285,0.0002612269278203,False
GAS-t,ME1_BM4,Rolling500,0.0076430047111398,3022,31.0,0.0102581072137657,0.8870779793048909,0.0409256543066209,0.1225020292534597,0.0201647285880723,4.1790906390123155,0.0002654417792546,0.0176281599774408,Green,0.0347300295219908,0.0002612269278203,True
GAS-t,ME1_BM4,Selected-rolling,0.0076430047111398,3022,22.0,0.0072799470549305,0.114262225911664,0.0094367646147965,0.0098898207542193,2.494257872984294,6.7382406419220615,0.0002954961242215,0.0224661960732077,Green,0.038662297799033116,0.0002612269278203,True
GAS-t,ME1_BM4,Gate-selected-rolling,0.0076430047111398,3022,22.0,0.0072799470549305,0.114262225911664,0.0094367646147965,0.0098898207542193,2.494257872984294,6.7382406419220615,0.0002954961242215,0.0224661960732077,Green,0.038662297799033116,0.0002612269278203,True
GAS-t,ME1_BM4,DtACI-projected-expected,0.0076430047111398,3022,37.23783698498824,0.0123222491677657,,,,,,0.0002711029259369,0.0182259939477899,,0.03547072600148515,0.0002612269278203,True
GAS-t,SMALL_HiBM,State-L1,0.0073015158722018,3022,33.0,0.0109199205823957,0.616496934256846,0.3750166449390805,0.5951760486819166,0.2508219168666166,0.7869741572588396,0.0002520684338195,0.0173813588359355,Green,0.03452275366258812,0.0002589635611429,False
GAS-t,SMALL_HiBM,State-L1-clipped,0.0073015158722018,3022,33.0,0.0109199205823957,0.616496934256846,0.3750166449390805,0.5951760486819166,0.2508219168666166,0.7869741572588396,0.0002520709925658,0.0173816147105717,Green,0.03452310410300965,0.0002589635611429,False
GAS-t,SMALL_HiBM,POT-Shift,0.0073015158722018,3022,26.0,0.0086035737921906,0.4292824922055034,0.2223305404834825,0.3474917296921659,0.6247638674956022,1.48926495991941,0.000254669132533,0.017633812178324,Green,0.0348789397969498,0.0002589635611429,False
GAS-t,SMALL_HiBM,POT-Vol,0.0073015158722018,3022,29.0,0.0095962938451356,0.8223235300395308,0.2833365679006725,0.5484160682214559,0.0504260710928057,1.151015991983627,0.0002533280635328,0.0172517406417121,Green,0.03469526985447858,0.0002589635611429,False
GAS-t,SMALL_HiBM,Loss-gate,0.0073015158722018,3022,48.0,0.0158835208471211,0.0027523191202792,0.228914292292034,0.0054825017565422,8.964792793451004,1.4475947211120683,0.0002589635611429,0.0155074090541718,Green,0.03546709555598193,0.0002589635611429,False
GAS-t,SMALL_HiBM,Past-minimum,0.0073015158722018,3022,48.0,0.0158835208471211,0.0027523191202792,0.228914292292034,0.0054825017565422,8.964792793451004,1.4475947211120683,0.0002589635611429,0.0155074090541718,Green,0.03546709555598193,0.0002589635611429,False
GAS-t,SMALL_HiBM,DtACI-projected-seed,0.0073015158722018,3022,40.0,0.0132362673726009,0.0884672487506781,0.55881996780479,0.1975233876214895,2.902045074110614,0.3417514925197906,0.0002582843718641,0.0178343316224697,Green,0.0353740752447633,0.0002589635611429,False
GAS-t,SMALL_HiBM,Raw,0.0073015158722018,3022,48.0,0.0158835208471211,0.0027523191202792,0.228914292292034,0.0054825017565422,8.964792793451004,1.4475947211120683,0.0002589635611429,0.0155074090541718,Green,0.03546709555598193,0.0002589635611429,False
GAS-t,SMALL_HiBM,Shift-CP,0.0073015158722018,3022,26.0,0.0086035737921906,0.4292824922055034,0.2223305404834825,0.3474917296921659,0.6247638674956022,1.48926495991941,0.0002547127432442,0.0176650424079892,Green,0.034884912626696844,0.0002589635611429,False
GAS-t,SMALL_HiBM,Vol-ERM,0.0073015158722018,3022,28.0,0.0092653871608206,0.6811109911530853,0.2622244673233876,0.490207540439697,0.1688778928511407,1.2569749584138776,0.0002533128124757,0.0177523148852087,Green,0.03469318110231164,0.0002589635611429,False
GAS-t,SMALL_HiBM,Rolling500,0.0073015158722018,3022,32.0,0.0105890138980807,0.7471942982036877,0.3510635603506308,0.6146167214130802,0.1039037863093597,0.8696090590320296,0.0002625522530793,0.0174932851013325,Green,0.035958595129387344,0.0002589635611429,True
GAS-t,SMALL_HiBM,Selected-rolling,0.0073015158722018,3022,32.0,0.0105890138980807,0.7471942982036877,0.3510635603506308,0.6146167214130802,0.1039037863093597,0.8696090590320296,0.0002625522530793,0.0174932851013325,Green,0.035958595129387344,0.0002589635611429,True
GAS-t,SMALL_HiBM,Gate-selected-rolling,0.0073015158722018,3022,32.0,0.0105890138980807,0.7471942982036877,0.3510635603506308,0.6146167214130802,0.1039037863093597,0.8696090590320296,0.0002625522530793,0.0174932851013325,Green,0.035958595129387344,0.0002589635611429,True
GAS-t,SMALL_HiBM,DtACI-projected-expected,0.0073015158722018,3022,39.93254097321943,0.0132139447297218,,,,,,0.0002661048903339,0.0179137816223906,,0.03644515673067421,0.0002589635611429,True
GAS-t,ME2_BM1,State-L1,0.0100663558129268,3022,25.0,0.0082726671078755,0.325255496757399,0.203586470352897,0.274699749337735,0.9676958640339244,1.616457332717914,0.0003258195379752,0.0249323431095636,Green,0.0323671787516984,0.0003272174083863,False
GAS-t,ME2_BM1,State-L1-clipped,0.0100663558129268,3022,25.0,0.0082726671078755,0.325255496757399,0.203586470352897,0.274699749337735,0.9676958640339244,1.616457332717914,0.0003258195379752,0.0249323431095636,Green,0.0323671787516984,0.0003272174083863,False
GAS-t,ME2_BM1,POT-Shift,0.0100663558129268,3022,26.0,0.0086035737921906,0.4292824922055034,0.2223305404834825,0.3474917296921659,0.6247638674956022,1.48926495991941,0.0003252648593099,0.0245116359075939,Green,0.03231207652050291,0.0003272174083863,False
GAS-t,ME2_BM1,POT-Vol,0.0100663558129268,3022,26.0,0.0086035737921906,0.4292824922055034,0.2223305404834825,0.3474917296921659,0.6247638674956022,1.48926495991941,0.0003231520261947,0.0243814819250819,Green,0.03210218595489357,0.0003272174083863,False
GAS-t,ME2_BM1,Loss-gate,0.0100663558129268,3022,43.0,0.0142289874255459,0.0280248197011461,0.151904870559232,0.0320717829226166,4.826539944772172,2.053017399435987,0.0003272174083863,0.0221481430157819,Green,0.03250604433891567,0.0003272174083863,False
GAS-t,ME2_BM1,Past-minimum,0.0100663558129268,3022,43.0,0.0142289874255459,0.0280248197011461,0.151904870559232,0.0320717829226166,4.826539944772172,2.053017399435987,0.0003272174083863,0.0221481430157819,Green,0.03250604433891567,0.0003272174083863,False
GAS-t,ME2_BM1,DtACI-projected-seed,0.0100663558129268,3022,34.0,0.0112508272667107,0.4980802242699028,2.4487673032627623e-05,0.0001082055366902,0.4590245070488059,17.80393153689471,0.0003371070925763,0.0246557985802874,Green,0.03348849363574065,0.0003272174083863,True
GAS-t,ME2_BM1,Raw,0.0100663558129268,3022,43.0,0.0142289874255459,0.0280248197011461,0.151904870559232,0.0320717829226166,4.826539944772172,2.053017399435987,0.0003272174083863,0.0221481430157819,Green,0.03250604433891567,0.0003272174083863,False
GAS-t,ME2_BM1,Shift-CP,0.0100663558129268,3022,25.0,0.0082726671078755,0.325255496757399,0.203586470352897,0.274699749337735,0.9676958640339244,1.616457332717914,0.0003259530622438,0.0249412817120129,Green,0.032380443161488935,0.0003272174083863,False
GAS-t,ME2_BM1,Vol-ERM,0.0100663558129268,3022,24.0,0.0079417604235605,0.238182893076649,0.1856658463350949,0.2077338517172581,1.391316541585013,1.7516786137492772,0.000323561707024,0.024803219679827,Green,0.03214288398275127,0.0003272174083863,False
GAS-t,ME2_BM1,Rolling500,0.0100663558129268,3022,32.0,0.0105890138980807,0.7471942982036877,0.0466949731347962,0.1313191495155421,0.1039037863093597,3.956345539285053,0.0003309132855662,0.0241920352788175,Green,0.0328731957935815,0.0003272174083863,True
GAS-t,ME2_BM1,Selected-rolling,0.0100663558129268,3022,28.0,0.0092653871608206,0.6811109911530853,0.0017766478120014,0.0069572084244838,0.1688778928511407,9.767076054207903,0.0003588784010984,0.0287503699138286,Green,0.03565127318841076,0.0003272174083863,True
GAS-t,ME2_BM1,Gate-selected-rolling,0.0100663558129268,3022,28.0,0.0092653871608206,0.6811109911530853,0.0017766478120014,0.0069572084244838,0.1688778928511407,9.767076054207903,0.0003588784010984,0.0287503699138286,Green,0.03565127318841076,0.0003272174083863,True
GAS-t,ME2_BM1,DtACI-projected-expected,0.0100663558129268,3022,39.67121195604142,0.0131274692111321,,,,,,0.0003368894826528,0.0246314882937945,,0.03346687608838348,0.0003272174083863,True
GAS-t,ME2_BM2,State-L1,0.0091836495740911,3022,35.0,0.0115817339510258,0.3939456834907922,0.0674371189359334,0.1306116461632917,0.7267284545357224,3.344325329099888,0.0003049844986369,0.0214705190586263,Green,0.03320950959380265,0.0003107084485333,False
GAS-t,ME2_BM2,State-L1-clipped,0.0091836495740911,3022,35.0,0.0115817339510258,0.3939456834907922,0.0674371189359334,0.1306116461632917,0.7267284545357224,3.344325329099888,0.0003049776655225,0.021469835747182,Green,0.03320876554163201,0.0003107084485333,False
GAS-t,ME2_BM2,POT-Shift,0.0091836495740911,3022,25.0,0.0082726671078755,0.325255496757399,0.0164355879193372,0.0346769645121762,0.9676958640339244,5.75566345473527,0.0003086039606885,0.0216878199975592,Green,0.03360362982045102,0.0003107084485333,False
GAS-t,ME2_BM2,POT-Vol,0.0091836495740911,3022,29.0,0.0095962938451356,0.8223235300395308,0.030945050677626,0.0950628292472416,0.0504260710928057,4.656008419880777,0.0003065254560888,0.0213336822895058,Green,0.03337730317515263,0.0003107084485333,False
GAS-t,ME2_BM2,Loss-gate,0.0091836495740911,3022,42.0,0.0138980807412309,0.0419713345202354,0.1388126632886376,0.0422683815359277,4.136359781646799,2.1910721260603623,0.0003107084485333,0.0196492531431086,Green,0.033832785759799706,0.0003107084485333,False
GAS-t,ME2_BM2,Past-minimum,0.0091836495740911,3022,42.0,0.0138980807412309,0.0419713345202354,0.1388126632886376,0.0422683815359277,4.136359781646799,2.1910721260603623,0.0003107084485333,0.0196492531431086,Green,0.033832785759799706,0.0003107084485333,False
GAS-t,ME2_BM2,DtACI-projected-seed,0.0091836495740911,3022,37.0,0.0122435473196558,0.2311112398046076,0.0101251259418619,0.017892405084165,1.434009248861596,6.612748657436157,0.0003265773503373,0.0220421719707564,Green,0.03556073734113719,0.0003107084485333,True
GAS-t,ME2_BM2,Raw,0.0091836495740911,3022,42.0,0.0138980807412309,0.0419713345202354,0.1388126632886376,0.0422683815359277,4.136359781646799,2.1910721260603623,0.0003107084485333,0.0196492531431086,Green,0.033832785759799706,0.0003107084485333,False
GAS-t,ME2_BM2,Shift-CP,0.0091836495740911,3022,25.0,0.0082726671078755,0.325255496757399,0.0164355879193372,0.0346769645121762,0.9676958640339244,5.75566345473527,0.0003086160857812,0.0216948395435757,Green,0.03360495011175811,0.0003107084485333,False
GAS-t,ME2_BM2,Vol-ERM,0.0091836495740911,3022,25.0,0.0082726671078755,0.325255496757399,0.0164355879193372,0.0346769645121762,0.9676958640339244,5.75566345473527,0.0003066614844751,0.0217685360700462,Green,0.033392115193534064,0.0003107084485333,False
GAS-t,ME2_BM2,Rolling500,0.0091836495740911,3022,28.0,0.0092653871608206,0.6811109911530853,0.0266784901053783,0.0788515679457244,0.1688778928511407,4.91149826834868,0.0003158840743441,0.021724209060427,Green,0.034396355370012344,0.0003107084485333,True
GAS-t,ME2_BM2,Selected-rolling,0.0091836495740911,3022,22.0,0.0072799470549305,0.114262225911664,0.0094367646147965,0.0098898207542193,2.494257872984294,6.7382406419220615,0.0003378754522291,0.0262736101903218,Green,0.03679097830369244,0.0003107084485333,True
GAS-t,ME2_BM2,Gate-selected-rolling,0.0091836495740911,3022,22.0,0.0072799470549305,0.114262225911664,0.0094367646147965,0.0098898207542193,2.494257872984294,6.7382406419220615,0.0003378754522291,0.0262736101903218,Green,0.03679097830369244,0.0003107084485333,True
GAS-t,ME2_BM2,DtACI-projected-expected,0.0091836495740911,3022,35.65428816209451,0.011798242277331,,,,,,0.0003210630452229,0.0221161003877641,,0.034960289221910495,0.0003107084485333,True
GAS-t,ME2_BM3,State-L1,0.0087477008113198,3022,36.0,0.0119126406353408,0.3049888617044544,0.0085682074809484,0.0186581974785249,1.0522526043840212,6.910686768373239,0.0002900776371797,0.0221839835058794,Green,0.03316044334807729,0.0002898793303373,True
GAS-t,ME2_BM3,State-L1-clipped,0.0087477008113198,3022,35.0,0.0115817339510258,0.3939456834907922,0.0072091685420643,0.0188091034352202,0.7267284545357224,7.220100147599851,0.0002892802488906,0.0221871882047682,Green,0.03306928930585535,0.0002898793303373,False
GAS-t,ME2_BM3,POT-Shift,0.0087477008113198,3022,23.0,0.0076108537392455,0.1681945734363785,0.0004965136749947,0.0008993506805302,1.8989617933042204,12.1287132488946,0.0002854394116518,0.0219736337591937,Green,0.03263022110706306,0.0002898793303373,False
GAS-t,ME2_BM3,POT-Vol,0.0087477008113198,3022,29.0,0.0095962938451356,0.8223235300395308,0.0022221378155935,0.0090644973141811,0.0504260710928057,9.356353708498034,0.0002852329327742,0.0217396054981567,Green,0.03260661731881589,0.0002898793303373,False
GAS-t,ME2_BM3,Loss-gate,0.0087477008113198,3022,48.0,0.0158835208471211,0.0027523191202792,0.0071256530548483,0.0003026583762251,8.964792793451004,7.24101892601476,0.0002898793303373,0.0193932889321432,Green,0.03313777375218263,0.0002898793303373,False
GAS-t,ME2_BM3,Past-minimum,0.0087477008113198,3022,48.0,0.0158835208471211,0.0027523191202792,0.0071256530548483,0.0003026583762251,8.964792793451004,7.24101892601476,0.0002898793303373,0.0193932889321432,Green,0.03313777375218263,0.0002898793303373,False
GAS-t,ME2_BM3,DtACI-projected-seed,0.0087477008113198,3022,39.0,0.0129053606882859,0.1244589115040368,0.1040023523345825,0.0819471137172009,2.360291741415807,2.643070647501986,0.0002963663094792,0.0217698713950401,Green,0.033879337653580095,0.0002898793303373,True
GAS-t,ME2_BM3,Raw,0.0087477008113198,3022,48.0,0.0158835208471211,0.0027523191202792,0.0071256530548483,0.0003026583762251,8.964792793451004,7.24101892601476,0.0002898793303373,0.0193932889321432,Green,0.03313777375218263,0.0002898793303373,False
GAS-t,ME2_BM3,Shift-CP,0.0087477008113198,3022,22.0,0.0072799470549305,0.114262225911664,0.0003705518990239,0.0005081708723769,2.494257872984294,12.67512773500826,0.0002867402106087,0.0224876312724815,Green,0.03277892291853982,0.0002898793303373,False
GAS-t,ME2_BM3,Vol-ERM,0.0087477008113198,3022,22.0,0.0072799470549305,0.114262225911664,0.0003705518990239,0.0005081708723769,2.494257872984294,12.67512773500826,0.0002870916477137,0.0230026394558753,Green,0.03281909771561853,0.0002898793303373,False
GAS-t,ME2_BM3,Rolling500,0.0087477008113198,3022,33.0,0.0109199205823957,0.616496934256846,0.0050099036688671,0.0171914858713882,0.2508219168666166,7.875860133526999,0.000288903736643,0.0214444664930776,Green,0.03302624802498383,0.0002898793303373,False
GAS-t,ME2_BM3,Selected-rolling,0.0087477008113198,3022,33.0,0.0109199205823957,0.616496934256846,0.0050099036688671,0.0171914858713882,0.2508219168666166,7.875860133526999,0.000288903736643,0.0214444664930776,Green,0.03302624802498383,0.0002898793303373,False
GAS-t,ME2_BM3,Gate-selected-rolling,0.0087477008113198,3022,33.0,0.0109199205823957,0.616496934256846,0.0050099036688671,0.0171914858713882,0.2508219168666166,7.875860133526999,0.000288903736643,0.0214444664930776,Green,0.03302624802498383,0.0002898793303373,False
GAS-t,ME2_BM3,DtACI-projected-expected,0.0087477008113198,3022,38.08107345192123,0.0126012817511321,,,,,,0.0002957265001652,0.021739906390956,,0.03380619737045883,0.0002898793303373,True
GAS-t,ME2_BM4,State-L1,0.0083874001003845,3022,32.0,0.0105890138980807,0.7471942982036877,0.0002641198200606,0.0012229290062339,0.1039037863093597,13.309109159351408,0.0002869210673602,0.0214198651365875,Green,0.03420858238860535,0.0002891971312783,False
GAS-t,ME2_BM4,State-L1-clipped,0.0083874001003845,3022,32.0,0.0105890138980807,0.7471942982036877,0.0002641198200606,0.0012229290062339,0.1039037863093597,13.309109159351408,0.0002869088197376,0.0214186403743258,Green,0.0342071221479523,0.0002891971312783,False
GAS-t,ME2_BM4,POT-Shift,0.0083874001003845,3022,25.0,0.0082726671078755,0.325255496757399,0.0164355879193372,0.0346769645121762,0.9676958640339244,5.75566345473527,0.0002883512763645,0.0211694970143211,Green,0.03437910114139913,0.0002891971312783,False
GAS-t,ME2_BM4,POT-Vol,0.0083874001003845,3022,28.0,0.0092653871608206,0.6811109911530853,0.0017766478120014,0.0069572084244838,0.1688778928511407,9.767076054207903,0.0002870267054165,0.0210970045111731,Green,0.034221177239814986,0.0002891971312783,False
GAS-t,ME2_BM4,Loss-gate,0.0083874001003845,3022,40.0,0.0132362673726009,0.0884672487506781,0.0016823817816118,0.001687183591583,2.902045074110614,9.867344234053974,0.0002891971312783,0.0186267325246954,Green,0.03447994942616872,0.0002891971312783,False
GAS-t,ME2_BM4,Past-minimum,0.0083874001003845,3022,40.0,0.0132362673726009,0.0884672487506781,0.0016823817816118,0.001687183591583,2.902045074110614,9.867344234053974,0.0002891971312783,0.0186267325246954,Green,0.03447994942616872,0.0002891971312783,False
GAS-t,ME2_BM4,DtACI-projected-seed,0.0083874001003845,3022,39.0,0.0129053606882859,0.1244589115040368,0.001369420545823,0.0018300532722325,2.360291741415807,10.246528662670071,0.0003052268386494,0.0213926875072576,Green,0.03639111464772112,0.0002891971312783,True
GAS-t,ME2_BM4,Raw,0.0083874001003845,3022,40.0,0.0132362673726009,0.0884672487506781,0.0016823817816118,0.001687183591583,2.902045074110614,9.867344234053974,0.0002891971312783,0.0186267325246954,Green,0.03447994942616872,0.0002891971312783,False
GAS-t,ME2_BM4,Shift-CP,0.0083874001003845,3022,24.0,0.0079417604235605,0.238182893076649,0.0137793269507385,0.0240226730126353,1.391316541585013,6.066197829876899,0.0002886508078059,0.0213320136731022,Green,0.03441481321400985,0.0002891971312783,False
GAS-t,ME2_BM4,Vol-ERM,0.0083874001003845,3022,23.0,0.0076108537392455,0.1681945734363785,0.0114554940169097,0.0158259044094398,1.8989617933042204,6.393252530514644,0.0002879274660648,0.0219246238601298,Green,0.034328571740794935,0.0002891971312783,False
GAS-t,ME2_BM4,Rolling500,0.0083874001003845,3022,29.0,0.0095962938451356,0.8223235300395308,0.0022221378155935,0.0090644973141811,0.0504260710928057,9.356353708498034,0.0002942705450795,0.0207497709201274,Green,0.035084834580147176,0.0002891971312783,True
GAS-t,ME2_BM4,Selected-rolling,0.0083874001003845,3022,23.0,0.0076108537392455,0.1681945734363785,0.0114554940169097,0.0158259044094398,1.8989617933042204,6.393252530514644,0.0003163212790714,0.0251869342039171,Green,0.03771386547505931,0.0002891971312783,True
GAS-t,ME2_BM4,Gate-selected-rolling,0.0083874001003845,3022,23.0,0.0076108537392455,0.1681945734363785,0.0114554940169097,0.0158259044094398,1.8989617933042204,6.393252530514644,0.0003163212790714,0.0251869342039171,Green,0.03771386547505931,0.0002891971312783,True
GAS-t,ME2_BM4,DtACI-projected-expected,0.0083874001003845,3022,37.2826720190272,0.0123370853802207,,,,,,0.0003010315332254,0.0213937574836146,,0.035890923244689364,0.0002891971312783,True
GAS-t,ME2_BM5,State-L1,0.0086424384385058,3022,28.0,0.0092653871608206,0.6811109911530853,0.0266784901053783,0.0788515679457244,0.1688778928511407,4.91149826834868,0.0002936735195411,0.0209960365407507,Green,0.0339804005120427,0.0002993320607513,False
GAS-t,ME2_BM5,State-L1-clipped,0.0086424384385058,3022,28.0,0.0092653871608206,0.6811109911530853,0.0266784901053783,0.0788515679457244,0.1688778928511407,4.91149826834868,0.0002936735195411,0.0209960365407507,Green,0.0339804005120427,0.0002993320607513,False
GAS-t,ME2_BM5,POT-Shift,0.0086424384385058,3022,26.0,0.0086035737921906,0.4292824922055034,0.2223305404834825,0.3474917296921659,0.6247638674956022,1.48926495991941,0.0002939076357781,0.0212326789391088,Green,0.034007489653454105,0.0002993320607513,False
GAS-t,ME2_BM5,POT-Vol,0.0086424384385058,3022,32.0,0.0105890138980807,0.7471942982036877,0.0466949731347962,0.1313191495155421,0.1039037863093597,3.956345539285053,0.0002928947536476,0.0208947470793012,Green,0.03389029100197315,0.0002993320607513,False
GAS-t,ME2_BM5,Loss-gate,0.0086424384385058,3022,48.0,0.0158835208471211,0.0027523191202792,0.0008543579498625,4.353143764582295e-05,8.964792793451004,11.1192615593352,0.0002993320607513,0.0187815086969569,Green,0.03463513947841922,0.0002993320607513,False
GAS-t,ME2_BM5,Past-minimum,0.0086424384385058,3022,48.0,0.0158835208471211,0.0027523191202792,0.0008543579498625,4.353143764582295e-05,8.964792793451004,11.1192615593352,0.0002993320607513,0.0187815086969569,Green,0.03463513947841922,0.0002993320607513,False
GAS-t,ME2_BM5,DtACI-projected-seed,0.0086424384385058,3022,39.0,0.0129053606882859,0.1244589115040368,0.1040023523345825,0.0819471137172009,2.360291741415807,2.643070647501986,0.0003021543702064,0.0213909831025977,Green,0.03496170350027275,0.0002993320607513,True
GAS-t,ME2_BM5,Raw,0.0086424384385058,3022,48.0,0.0158835208471211,0.0027523191202792,0.0008543579498625,4.353143764582295e-05,8.964792793451004,11.1192615593352,0.0002993320607513,0.0187815086969569,Green,0.03463513947841922,0.0002993320607513,False
GAS-t,ME2_BM5,Shift-CP,0.0086424384385058,3022,28.0,0.0092653871608206,0.6811109911530853,0.0266784901053783,0.0788515679457244,0.1688778928511407,4.91149826834868,0.0002937269996389,0.0210688369260478,Green,0.03398658859173578,0.0002993320607513,False
GAS-t,ME2_BM5,Vol-ERM,0.0086424384385058,3022,28.0,0.0092653871608206,0.6811109911530853,0.2622244673233876,0.490207540439697,0.1688778928511407,1.2569749584138776,0.0002929105722116,0.0216775722723268,Green,0.033892121337718385,0.0002993320607513,False
GAS-t,ME2_BM5,Rolling500,0.0086424384385058,3022,29.0,0.0095962938451356,0.8223235300395308,0.030945050677626,0.0950628292472416,0.0504260710928057,4.656008419880777,0.0003012428824191,0.0211681146850126,Green,0.034856236994056294,0.0002993320607513,True
GAS-t,ME2_BM5,Selected-rolling,0.0086424384385058,3022,29.0,0.0095962938451356,0.8223235300395308,0.030945050677626,0.0950628292472416,0.0504260710928057,4.656008419880777,0.0003012428824191,0.0211681146850126,Green,0.034856236994056294,0.0002993320607513,True
GAS-t,ME2_BM5,Gate-selected-rolling,0.0086424384385058,3022,29.0,0.0095962938451356,0.8223235300395308,0.030945050677626,0.0950628292472416,0.0504260710928057,4.656008419880777,0.0003012428824191,0.0211681146850126,Green,0.034856236994056294,0.0002993320607513,True
GAS-t,ME2_BM5,DtACI-projected-expected,0.0086424384385058,3022,37.059918980821834,0.0122633749109271,,,,,,0.0003061445390076,0.0213655436313244,,0.03542339829041694,0.0002993320607513,True
GAS-t,ME3_BM1,State-L1,0.0104201144475203,3022,26.0,0.0086035737921906,0.4292824922055034,0.0011034265732038,0.0035703141773454,0.6247638674956022,10.645439496912616,0.0003198850877946,0.0252604254212558,Green,0.03069880752324403,0.0003206271001014,False
GAS-t,ME3_BM1,State-L1-clipped,0.0104201144475203,3022,26.0,0.0086035737921906,0.4292824922055034,0.0011034265732038,0.0035703141773454,0.6247638674956022,10.645439496912616,0.0003198850877946,0.0252604254212558,Green,0.03069880752324403,0.0003206271001014,False
GAS-t,ME3_BM1,POT-Shift,0.0104201144475203,3022,21.0,0.0069490403706154,0.0744917817473285,0.0002723421112321,0.0002701864147465,3.1811610409348994,13.251635783489746,0.0003203924248121,0.0255865479810405,Green,0.030747495761751887,0.0003206271001014,False
GAS-t,ME3_BM1,POT-Vol,0.0104201144475203,3022,25.0,0.0082726671078755,0.325255496757399,0.0008558586854293,0.0023771543361941,0.9676958640339244,11.11600646342248,0.0003196443603436,0.0255577720822005,Green,0.03067570533447131,0.0003206271001014,False
GAS-t,ME3_BM1,Loss-gate,0.0104201144475203,3022,43.0,0.0142289874255459,0.0280248197011461,0.0248024798190014,0.0072114719831377,4.826539944772172,5.037624435175587,0.0003206271001014,0.0231425286197809,Green,0.030770017135243695,0.0003206271001014,False
GAS-t,ME3_BM1,Past-minimum,0.0104201144475203,3022,43.0,0.0142289874255459,0.0280248197011461,0.0248024798190014,0.0072114719831377,4.826539944772172,5.037624435175587,0.0003206271001014,0.0231425286197809,Green,0.030770017135243695,0.0003206271001014,False
GAS-t,ME3_BM1,DtACI-projected-seed,0.0104201144475203,3022,41.0,0.0135671740569159,0.061573954381983,0.0187446334995929,0.0110003404320844,3.494474307266703,5.52518380931599,0.0003301975255305,0.0249756786031421,Green,0.03168847397919683,0.0003206271001014,True
GAS-t,ME3_BM1,Raw,0.0104201144475203,3022,43.0,0.0142289874255459,0.0280248197011461,0.0248024798190014,0.0072114719831377,4.826539944772172,5.037624435175587,0.0003206271001014,0.0231425286197809,Green,0.030770017135243695,0.0003206271001014,False
GAS-t,ME3_BM1,Shift-CP,0.0104201144475203,3022,21.0,0.0069490403706154,0.0744917817473285,0.0002723421112321,0.0002701864147465,3.1811610409348994,13.251635783489746,0.0003220052267768,0.0261151691889948,Green,0.030902273520942793,0.0003206271001014,True
GAS-t,ME3_BM1,Vol-ERM,0.0104201144475203,3022,18.0,0.0059563203176704,0.0156917945472028,0.0960118848165823,0.0135167092590075,5.837085914146023,2.7705713578456255,0.0003219223349341,0.026561176246045,Green,0.03089431853703955,0.0003206271001014,True
GAS-t,ME3_BM1,Rolling500,0.0104201144475203,3022,36.0,0.0119126406353408,0.3049888617044544,0.0007090471353907,0.0019135090366362,1.0522526043840212,11.465380456696778,0.0003263759528598,0.0245950549741261,Green,0.03132172439214125,0.0003206271001014,True
GAS-t,ME3_BM1,Selected-rolling,0.0104201144475203,3022,21.0,0.0069490403706154,0.0744917817473285,6.609368588852585e-06,7.951686180394627e-06,3.1811610409348994,20.303092066314747,0.0003501378182512,0.0284231290855915,Green,0.03360210869224408,0.0003206271001014,True
GAS-t,ME3_BM1,Gate-selected-rolling,0.0104201144475203,3022,21.0,0.0069490403706154,0.0744917817473285,6.609368588852585e-06,7.951686180394627e-06,3.1811610409348994,20.303092066314747,0.0003501378182512,0.0284231290855915,Green,0.03360210869224408,0.0003206271001014,True
GAS-t,ME3_BM1,DtACI-projected-expected,0.0104201144475203,3022,39.35712587119268,0.0130235360262053,,,,,,0.0003318775151983,0.0249757896717914,,0.03184969962371936,0.0003206271001014,True
GAS-t,ME3_BM2,State-L1,0.0097160743363543,3022,26.0,0.0086035737921906,0.4292824922055034,0.0011034265732038,0.0035703141773454,0.6247638674956022,10.645439496912616,0.00031413546789,0.0229538557097179,Green,0.03233152166349841,0.0003156545679015,False
GAS-t,ME3_BM2,State-L1-clipped,0.0097160743363543,3022,24.0,0.0079417604235605,0.238182893076649,0.0137793269507385,0.0240226730126353,1.391316541585013,6.066197829876899,0.000313278658152,0.0229615926570603,Green,0.03224333689788849,0.0003156545679015,False
GAS-t,ME3_BM2,POT-Shift,0.0097160743363543,3022,19.0,0.0062872270019854,0.0276853261370074,0.1087964815354457,0.0244876432648155,4.847556439136309,2.5716168512639683,0.0003139292428251,0.0231718798438243,Green,0.03231029652073387,0.0003156545679015,False
GAS-t,ME3_BM2,POT-Vol,0.0097160743363543,3022,27.0,0.0089344804765056,0.5488165862937472,0.0228569443908922,0.0627000505008117,0.3594414811203243,5.179344570695662,0.0003127679314126,0.0226980297584442,Green,0.032190771764922285,0.0003156545679015,False
GAS-t,ME3_BM2,Loss-gate,0.0097160743363543,3022,42.0,0.0138980807412309,0.0419713345202354,0.0216083190362318,0.0090344945436755,4.136359781646799,5.277050819864655,0.0003156545679015,0.0202951429539003,Green,0.032487870818405144,0.0003156545679015,False
GAS-t,ME3_BM2,Past-minimum,0.0097160743363543,3022,42.0,0.0138980807412309,0.0419713345202354,0.0216083190362318,0.0090344945436755,4.136359781646799,5.277050819864655,0.0003156545679015,0.0202951429539003,Green,0.032487870818405144,0.0003156545679015,False
GAS-t,ME3_BM2,DtACI-projected-seed,0.0097160743363543,3022,42.0,0.0138980807412309,0.0419713345202354,0.0216083190362318,0.0090344945436755,4.136359781646799,5.277050819864655,0.0003305722620895,0.0234266726093698,Green,0.03402323311304949,0.0003156545679015,True
GAS-t,ME3_BM2,Raw,0.0097160743363543,3022,42.0,0.0138980807412309,0.0419713345202354,0.0216083190362318,0.0090344945436755,4.136359781646799,5.277050819864655,0.0003156545679015,0.0202951429539003,Green,0.032487870818405144,0.0003156545679015,False
GAS-t,ME3_BM2,Shift-CP,0.0097160743363543,3022,18.0,0.0059563203176704,0.0156917945472028,0.0960118848165823,0.0135167092590075,5.837085914146023,2.7705713578456255,0.0003139724529389,0.0231833373257994,Green,0.032314743801837756,0.0003156545679015,False
GAS-t,ME3_BM2,Vol-ERM,0.0097160743363543,3022,23.0,0.0076108537392455,0.1681945734363785,0.0114554940169097,0.0158259044094398,1.8989617933042204,6.393252530514644,0.0003141894601509,0.0236295200435316,Green,0.032337078667184355,0.0003156545679015,False
GAS-t,ME3_BM2,Rolling500,0.0097160743363543,3022,34.0,0.0112508272667107,0.4980802242699028,0.0599252500503431,0.1354384014580472,0.4590245070488059,3.5394521805726527,0.0003214430231998,0.0223760099799962,Green,0.03308363152359464,0.0003156545679015,True
GAS-t,ME3_BM2,Selected-rolling,0.0097160743363543,3022,34.0,0.0112508272667107,0.4980802242699028,0.0599252500503431,0.1354384014580472,0.4590245070488059,3.5394521805726527,0.0003214430231998,0.0223760099799962,Green,0.03308363152359464,0.0003156545679015,True
GAS-t,ME3_BM2,Gate-selected-rolling,0.0097160743363543,3022,34.0,0.0112508272667107,0.4980802242699028,0.0599252500503431,0.1354384014580472,0.4590245070488059,3.5394521805726527,0.0003214430231998,0.0223760099799962,Green,0.03308363152359464,0.0003156545679015,True
GAS-t,ME3_BM2,DtACI-projected-expected,0.0097160743363543,3022,40.90729950775747,0.0135364988443936,,,,,,0.0003283825560204,0.0233941542507015,,0.03379786368983431,0.0003156545679015,True
GAS-t,ME3_BM3,State-L1,0.0092151275437785,3022,33.0,0.0109199205823957,0.616496934256846,0.0050099036688671,0.0171914858713882,0.2508219168666166,7.875860133526999,0.0003065877277844,0.022063539220844,Green,0.03327004714019283,0.0003098094897142,False
GAS-t,ME3_BM3,State-L1-clipped,0.0092151275437785,3022,30.0,0.0099272005294506,0.9678779360649316,0.0356848131989759,0.1100453671453244,0.0016216663170061,4.41210347292531,0.0003054086195224,0.0220838002298728,Green,0.033142093592464006,0.0003098094897142,False
GAS-t,ME3_BM3,POT-Shift,0.0092151275437785,3022,22.0,0.0072799470549305,0.114262225911664,0.0094367646147965,0.0098898207542193,2.494257872984294,6.7382406419220615,0.0003060955408426,0.0226233191283611,Green,0.03321663638277664,0.0003098094897142,False
GAS-t,ME3_BM3,POT-Vol,0.0092151275437785,3022,29.0,0.0095962938451356,0.8223235300395308,0.030945050677626,0.0950628292472416,0.0504260710928057,4.656008419880777,0.0003037395863862,0.0221822432808741,Green,0.03296097476060076,0.0003098094897142,False
GAS-t,ME3_BM3,Loss-gate,0.0092151275437785,3022,46.0,0.015221707478491,0.0073884346056394,0.0051210077535702,0.0005497141107234,7.176022019346441,7.836202407782537,0.0003098094897142,0.0195551306915626,Green,0.03361966378027668,0.0003098094897142,False
GAS-t,ME3_BM3,Past-minimum,0.0092151275437785,3022,46.0,0.015221707478491,0.0073884346056394,0.0051210077535702,0.0005497141107234,7.176022019346441,7.836202407782537,0.0003098094897142,0.0195551306915626,Green,0.03361966378027668,0.0003098094897142,False
GAS-t,ME3_BM3,DtACI-projected-seed,0.0092151275437785,3022,43.0,0.0142289874255459,0.0280248197011461,0.0248024798190014,0.0072114719831377,4.826539944772172,5.037624435175587,0.0003224480895346,0.0228038030824421,Green,0.03499116946593946,0.0003098094897142,True
GAS-t,ME3_BM3,Raw,0.0092151275437785,3022,46.0,0.015221707478491,0.0073884346056394,0.0051210077535702,0.0005497141107234,7.176022019346441,7.836202407782537,0.0003098094897142,0.0195551306915626,Green,0.03361966378027668,0.0003098094897142,False
GAS-t,ME3_BM3,Shift-CP,0.0092151275437785,3022,25.0,0.0082726671078755,0.325255496757399,0.0164355879193372,0.0346769645121762,0.9676958640339244,5.75566345473527,0.0003052918728187,0.0221922013811989,Green,0.033129424565025656,0.0003098094897142,False
GAS-t,ME3_BM3,Vol-ERM,0.0092151275437785,3022,24.0,0.0079417604235605,0.238182893076649,0.0137793269507385,0.0240226730126353,1.391316541585013,6.066197829876899,0.0003045891622488,0.0229289137894017,Green,0.0330531683692691,0.0003098094897142,False
GAS-t,ME3_BM3,Rolling500,0.0092151275437785,3022,34.0,0.0112508272667107,0.4980802242699028,0.0599252500503431,0.1354384014580472,0.4590245070488059,3.5394521805726527,0.0003166586914283,0.0222389456546838,Green,0.03436292009241792,0.0003098094897142,True
GAS-t,ME3_BM3,Selected-rolling,0.0092151275437785,3022,34.0,0.0112508272667107,0.4980802242699028,0.0599252500503431,0.1354384014580472,0.4590245070488059,3.5394521805726527,0.0003166586914283,0.0222389456546838,Green,0.03436292009241792,0.0003098094897142,True
GAS-t,ME3_BM3,Gate-selected-rolling,0.0092151275437785,3022,34.0,0.0112508272667107,0.4980802242699028,0.0599252500503431,0.1354384014580472,0.4590245070488059,3.5394521805726527,0.0003166586914283,0.0222389456546838,Green,0.03436292009241792,0.0003098094897142,True
GAS-t,ME3_BM3,DtACI-projected-expected,0.0092151275437785,3022,41.53145336725292,0.0137430355285416,,,,,,0.0003206897546868,0.0228045445238763,,0.034800359860815,0.0003098094897142,True
GAS-t,ME3_BM4,State-L1,0.0091661086387668,3022,43.0,0.0142289874255459,0.0280248197011461,0.0248024798190014,0.0072114719831377,4.826539944772172,5.037624435175587,0.0003100054121192,0.0211573692959029,Green,0.03382083110035098,0.0003080390422171,True
GAS-t,ME3_BM4,State-L1-clipped,0.0091661086387668,3022,43.0,0.0142289874255459,0.0280248197011461,0.0248024798190014,0.0072114719831377,4.826539944772172,5.037624435175587,0.0003098447352184,0.0211638484742069,Green,0.03380330164405363,0.0003080390422171,True
GAS-t,ME3_BM4,POT-Shift,0.0091661086387668,3022,26.0,0.0086035737921906,0.4292824922055034,0.0011034265732038,0.0035703141773454,0.6247638674956022,10.645439496912616,0.0003044302511702,0.0219072561235471,Green,0.03321259469723651,0.0003080390422171,False
GAS-t,ME3_BM4,POT-Vol,0.0091661086387668,3022,31.0,0.0102581072137657,0.8870779793048909,0.0033881928753398,0.0135290535629587,0.0201647285880723,8.585666851905842,0.0003052645777633,0.0216162828337208,Green,0.03330361768485105,0.0003080390422171,False
GAS-t,ME3_BM4,Loss-gate,0.0091661086387668,3022,45.0,0.014890800794176,0.0117553149005344,0.0322807691356047,0.0042303770091145,6.347404697189777,4.583523627700856,0.0003080390422171,0.019729488764771,Green,0.03360630496067776,0.0003080390422171,False
GAS-t,ME3_BM4,Past-minimum,0.0091661086387668,3022,45.0,0.014890800794176,0.0117553149005344,0.0322807691356047,0.0042303770091145,6.347404697189777,4.583523627700856,0.0003080390422171,0.019729488764771,Green,0.03360630496067776,0.0003080390422171,False
GAS-t,ME3_BM4,DtACI-projected-seed,0.0091661086387668,3022,38.0,0.0125744540039708,0.171418220226424,0.0938412786709321,0.0964380210118382,1.870496546801455,2.8072129457742676,0.0003133284263299,0.0227665520331553,Green,0.03418336381097649,0.0003080390422171,True
GAS-t,ME3_BM4,Raw,0.0091661086387668,3022,45.0,0.014890800794176,0.0117553149005344,0.0322807691356047,0.0042303770091145,6.347404697189777,4.583523627700856,0.0003080390422171,0.019729488764771,Green,0.03360630496067776,0.0003080390422171,False
GAS-t,ME3_BM4,Shift-CP,0.0091661086387668,3022,32.0,0.0105890138980807,0.7471942982036877,0.0041348812697193,0.0155490145315594,0.1039037863093597,8.22361224677337,0.0003040866320125,0.0213019975774919,Green,0.03317510668883056,0.0003080390422171,False
GAS-t,ME3_BM4,Vol-ERM,0.0091661086387668,3022,27.0,0.0089344804765056,0.5488165862937472,0.0014072176357127,0.0051032534727425,0.3594414811203243,10.196312532508784,0.0003062086727125,0.0224948644732289,Green,0.033406616131237236,0.0003080390422171,False
GAS-t,ME3_BM4,Rolling500,0.0091661086387668,3022,32.0,0.0105890138980807,0.7471942982036877,0.0041348812697193,0.0155490145315594,0.1039037863093597,8.22361224677337,0.0003083865104152,0.0220439846085148,Green,0.03364421288996309,0.0003080390422171,True
GAS-t,ME3_BM4,Selected-rolling,0.0091661086387668,3022,32.0,0.0105890138980807,0.7471942982036877,0.0041348812697193,0.0155490145315594,0.1039037863093597,8.22361224677337,0.0003083865104152,0.0220439846085148,Green,0.03364421288996309,0.0003080390422171,True
GAS-t,ME3_BM4,Gate-selected-rolling,0.0091661086387668,3022,32.0,0.0105890138980807,0.7471942982036877,0.0041348812697193,0.0155490145315594,0.1039037863093597,8.22361224677337,0.0003083865104152,0.0220439846085148,Green,0.03364421288996309,0.0003080390422171,True
GAS-t,ME3_BM4,DtACI-projected-expected,0.0091661086387668,3022,39.362566645858806,0.0130253364149102,,,,,,0.0003153868086764,0.0227574919782393,,0.0344079282829482,0.0003080390422171,True
GAS-t,ME3_BM5,State-L1,0.0093728342288646,3022,35.0,0.0115817339510258,0.3939456834907922,0.0674371189359334,0.1306116461632917,0.7267284545357224,3.344325329099888,0.00031509454511,0.0222997758843558,Green,0.03361785105935557,0.0003195326428819,False
GAS-t,ME3_BM5,State-L1-clipped,0.0093728342288646,3022,35.0,0.0115817339510258,0.3939456834907922,0.0674371189359334,0.1306116461632917,0.7267284545357224,3.344325329099888,0.0003151366436962,0.0222975430754829,Green,0.03362234261283578,0.0003195326428819,False
GAS-t,ME3_BM5,POT-Shift,0.0093728342288646,3022,27.0,0.0089344804765056,0.5488165862937472,0.0228569443908922,0.0627000505008117,0.3594414811203243,5.179344570695662,0.0003175142689856,0.022351658682924,Green,0.03387601457921686,0.0003195326428819,False
GAS-t,ME3_BM5,POT-Vol,0.0093728342288646,3022,30.0,0.0099272005294506,0.9678779360649316,0.0356848131989759,0.1100453671453244,0.0016216663170061,4.41210347292531,0.000316452903073,0.022014894126155,Green,0.033762776055342045,0.0003195326428819,False
GAS-t,ME3_BM5,Loss-gate,0.0093728342288646,3022,39.0,0.0129053606882859,0.1244589115040368,0.0139133913682492,0.0149253288167976,2.360291741415807,6.049099435924063,0.0003195326428819,0.0199337194060106,Green,0.03409135754240341,0.0003195326428819,False
GAS-t,ME3_BM5,Past-minimum,0.0093728342288646,3022,39.0,0.0129053606882859,0.1244589115040368,0.0139133913682492,0.0149253288167976,2.360291741415807,6.049099435924063,0.0003195326428819,0.0199337194060106,Green,0.03409135754240341,0.0003195326428819,False
GAS-t,ME3_BM5,DtACI-projected-seed,0.0093728342288646,3022,43.0,0.0142289874255459,0.0280248197011461,0.0248024798190014,0.0072114719831377,4.826539944772172,5.037624435175587,0.0003347672163691,0.0222506668179027,Green,0.0357167542063371,0.0003195326428819,True
GAS-t,ME3_BM5,Raw,0.0093728342288646,3022,39.0,0.0129053606882859,0.1244589115040368,0.0139133913682492,0.0149253288167976,2.360291741415807,6.049099435924063,0.0003195326428819,0.0199337194060106,Green,0.03409135754240341,0.0003195326428819,False
GAS-t,ME3_BM5,Shift-CP,0.0093728342288646,3022,27.0,0.0089344804765056,0.5488165862937472,0.0228569443908922,0.0627000505008117,0.3594414811203243,5.179344570695662,0.0003176811529904,0.0225082808762746,Green,0.03389381965297845,0.0003195326428819,False
GAS-t,ME3_BM5,Vol-ERM,0.0093728342288646,3022,27.0,0.0089344804765056,0.5488165862937472,0.0228569443908922,0.0627000505008117,0.3594414811203243,5.179344570695662,0.0003165968472029,0.0228429034332851,Green,0.03377813364370701,0.0003195326428819,False
GAS-t,ME3_BM5,Rolling500,0.0093728342288646,3022,34.0,0.0112508272667107,0.4980802242699028,0.0060290439823547,0.0183099094977313,0.4590245070488059,7.541601219123436,0.0003212362465738,0.0217888595305657,Green,0.03427311725886714,0.0003195326428819,True
GAS-t,ME3_BM5,Selected-rolling,0.0093728342288646,3022,34.0,0.0112508272667107,0.4980802242699028,0.0060290439823547,0.0183099094977313,0.4590245070488059,7.541601219123436,0.0003212362465738,0.0217888595305657,Green,0.03427311725886714,0.0003195326428819,True
GAS-t,ME3_BM5,Gate-selected-rolling,0.0093728342288646,3022,34.0,0.0112508272667107,0.4980802242699028,0.0060290439823547,0.0183099094977313,0.4590245070488059,7.541601219123436,0.0003212362465738,0.0217888595305657,Green,0.03427311725886714,0.0003195326428819,True
GAS-t,ME3_BM5,DtACI-projected-expected,0.0093728342288646,3022,38.73140597077672,0.0128164811286488,,,,,,0.0003289512538231,0.0222576418603238,,0.03509624151999414,0.0003195326428819,True
GAS-t,ME4_BM1,State-L1,0.0109030700283055,3022,32.0,0.0105890138980807,0.7471942982036877,0.0041348812697193,0.0155490145315594,0.1039037863093597,8.22361224677337,0.0002999957362676,0.0233021963977873,Green,0.027514794960390054,0.000302546928004,False
GAS-t,ME4_BM1,State-L1-clipped,0.0109030700283055,3022,32.0,0.0105890138980807,0.7471942982036877,0.0041348812697193,0.0155490145315594,0.1039037863093597,8.22361224677337,0.000300010639147,0.023303686685724,Green,0.027516161812053054,0.000302546928004,False
GAS-t,ME4_BM1,POT-Shift,0.0109030700283055,3022,23.0,0.0076108537392455,0.1681945734363785,0.0114554940169097,0.0158259044094398,1.8989617933042204,6.393252530514644,0.0003010883731222,0.0241124203645676,Green,0.027615008648072824,0.000302546928004,False
GAS-t,ME4_BM1,POT-Vol,0.0109030700283055,3022,31.0,0.0102581072137657,0.8870779793048909,0.0033881928753398,0.0135290535629587,0.0201647285880723,8.585666851905842,0.0002991614199429,0.0232537410118902,Green,0.027438273730815813,0.000302546928004,False
GAS-t,ME4_BM1,Loss-gate,0.0109030700283055,3022,42.0,0.0138980807412309,0.0419713345202354,0.0216083190362318,0.0090344945436755,4.136359781646799,5.277050819864655,0.000302546928004,0.0212380017434588,Green,0.02774878334437519,0.000302546928004,False
GAS-t,ME4_BM1,Past-minimum,0.0109030700283055,3022,42.0,0.0138980807412309,0.0419713345202354,0.0216083190362318,0.0090344945436755,4.136359781646799,5.277050819864655,0.000302546928004,0.0212380017434588,Green,0.02774878334437519,0.000302546928004,False
GAS-t,ME4_BM1,DtACI-projected-seed,0.0109030700283055,3022,38.0,0.0125744540039708,0.171418220226424,0.0118998848856171,0.0166040171782487,1.870496546801455,6.325724681612371,0.0003130856517927,0.0231487206671632,Green,0.02871536649584908,0.000302546928004,True
GAS-t,ME4_BM1,Raw,0.0109030700283055,3022,42.0,0.0138980807412309,0.0419713345202354,0.0216083190362318,0.0090344945436755,4.136359781646799,5.277050819864655,0.000302546928004,0.0212380017434588,Green,0.02774878334437519,0.000302546928004,False
GAS-t,ME4_BM1,Shift-CP,0.0109030700283055,3022,21.0,0.0069490403706154,0.0744917817473285,0.0076964358718225,0.0058461495705265,3.1811610409348994,7.102783014094911,0.0003015817845184,0.0242899891074656,Green,0.027660263002572894,0.000302546928004,False
GAS-t,ME4_BM1,Vol-ERM,0.0109030700283055,3022,27.0,0.0089344804765056,0.5488165862937472,0.0014072176357127,0.0051032534727425,0.3594414811203243,10.196312532508784,0.0002999132747907,0.0240485155500513,Green,0.02750723181746921,0.000302546928004,False
GAS-t,ME4_BM1,Rolling500,0.0109030700283055,3022,33.0,0.0109199205823957,0.616496934256846,0.0050099036688671,0.0171914858713882,0.2508219168666166,7.875860133526999,0.000307366639023,0.0232472957493865,Green,0.028190834161850226,0.000302546928004,True
GAS-t,ME4_BM1,Selected-rolling,0.0109030700283055,3022,33.0,0.0109199205823957,0.616496934256846,0.0050099036688671,0.0171914858713882,0.2508219168666166,7.875860133526999,0.000307366639023,0.0232472957493865,Green,0.028190834161850226,0.000302546928004,True
GAS-t,ME4_BM1,Gate-selected-rolling,0.0109030700283055,3022,33.0,0.0109199205823957,0.616496934256846,0.0050099036688671,0.0171914858713882,0.2508219168666166,7.875860133526999,0.000307366639023,0.0232472957493865,Green,0.028190834161850226,0.000302546928004,True
GAS-t,ME4_BM1,DtACI-projected-expected,0.0109030700283055,3022,37.78195209299541,0.0125023004940421,,,,,,0.000313346139377,0.0231488370107482,,0.02873925771030737,0.000302546928004,True
GAS-t,ME4_BM2,State-L1,0.0100315417437344,3022,25.0,0.0082726671078755,0.325255496757399,0.0164355879193372,0.0346769645121762,0.9676958640339244,5.75566345473527,0.0003149397239054,0.0235972493225951,Green,0.03139494725246079,0.0003131832492793,True
GAS-t,ME4_BM2,State-L1-clipped,0.0100315417437344,3022,25.0,0.0082726671078755,0.325255496757399,0.0164355879193372,0.0346769645121762,0.9676958640339244,5.75566345473527,0.0003149397239054,0.0235972493225951,Green,0.03139494725246079,0.0003131832492793,True
GAS-t,ME4_BM2,POT-Shift,0.0100315417437344,3022,25.0,0.0082726671078755,0.325255496757399,0.0164355879193372,0.0346769645121762,0.9676958640339244,5.75566345473527,0.0003150089054804,0.0236373004183233,Green,0.03140184365749676,0.0003131832492793,True
GAS-t,ME4_BM2,POT-Vol,0.0100315417437344,3022,26.0,0.0086035737921906,0.4292824922055034,0.0194520815940783,0.0477113028949481,0.6247638674956022,5.460410034889549,0.0003139900838051,0.0231449963240878,Green,0.03130028183366879,0.0003131832492793,True
GAS-t,ME4_BM2,Loss-gate,0.0100315417437344,3022,36.0,0.0119126406353408,0.3049888617044544,0.0007090471353907,0.0019135090366362,1.0522526043840212,11.465380456696778,0.0003131832492793,0.0209459180053997,Green,0.031219852070586366,0.0003131832492793,False
GAS-t,ME4_BM2,Past-minimum,0.0100315417437344,3022,33.0,0.0109199205823957,0.616496934256846,0.0003425587205849,0.0014496480146797,0.2508219168666166,12.822047084162476,0.0003181626060807,0.0226313505367597,Green,0.031716222113058655,0.0003131832492793,True
GAS-t,ME4_BM2,DtACI-projected-seed,0.0100315417437344,3022,38.0,0.0125744540039708,0.171418220226424,0.001107387715024,0.0019214899025235,1.870496546801455,10.63881225913866,0.0003194193005268,0.0231880530382052,Green,0.03184149642065798,0.0003131832492793,True
GAS-t,ME4_BM2,Raw,0.0100315417437344,3022,36.0,0.0119126406353408,0.3049888617044544,0.0007090471353907,0.0019135090366362,1.0522526043840212,11.465380456696778,0.0003131832492793,0.0209459180053997,Green,0.031219852070586366,0.0003131832492793,False
GAS-t,ME4_BM2,Shift-CP,0.0100315417437344,3022,24.0,0.0079417604235605,0.238182893076649,0.0137793269507385,0.0240226730126353,1.391316541585013,6.066197829876899,0.0003152005149408,0.0237309700529323,Green,0.03142094435660112,0.0003131832492793,True
GAS-t,ME4_BM2,Vol-ERM,0.0100315417437344,3022,22.0,0.0072799470549305,0.114262225911664,0.1523457621455596,0.1031644206846897,2.494257872984294,2.0486046193869356,0.0003159290833621,0.0242660778681286,Green,0.03149357211810698,0.0003131832492793,True
GAS-t,ME4_BM2,Rolling500,0.0100315417437344,3022,33.0,0.0109199205823957,0.616496934256846,0.0003425587205849,0.0014496480146797,0.2508219168666166,12.822047084162476,0.0003181626060807,0.0226313505367597,Green,0.031716222113058655,0.0003131832492793,True
GAS-t,ME4_BM2,Selected-rolling,0.0100315417437344,3022,33.0,0.0109199205823957,0.616496934256846,0.0003425587205849,0.0014496480146797,0.2508219168666166,12.822047084162476,0.0003181626060807,0.0226313505367597,Green,0.031716222113058655,0.0003131832492793,True
GAS-t,ME4_BM2,Gate-selected-rolling,0.0100315417437344,3022,33.0,0.0109199205823957,0.616496934256846,0.0003425587205849,0.0014496480146797,0.2508219168666166,12.822047084162476,0.0003181626060807,0.0226313505367597,Green,0.031716222113058655,0.0003131832492793,True
GAS-t,ME4_BM2,DtACI-projected-expected,0.0100315417437344,3022,40.21587677695637,0.0133077024410841,,,,,,0.0003258360581199,0.0231531535911839,,0.03248115458657329,0.0003131832492793,True
GAS-t,ME4_BM3,State-L1,0.009910480728396,3022,26.0,0.0086035737921906,0.4292824922055034,0.0194520815940783,0.0477113028949481,0.6247638674956022,5.460410034889549,0.000314745426804,0.0225934564251204,Green,0.031758845552484226,0.0003134850462987,True
GAS-t,ME4_BM3,State-L1-clipped,0.009910480728396,3022,25.0,0.0082726671078755,0.325255496757399,0.0164355879193372,0.0346769645121762,0.9676958640339244,5.75566345473527,0.0003122207744824,0.0226158124584679,Green,0.0315040998553995,0.0003134850462987,False
GAS-t,ME4_BM3,POT-Shift,0.009910480728396,3022,21.0,0.0069490403706154,0.0744917817473285,0.0076964358718225,0.0058461495705265,3.1811610409348994,7.102783014094911,0.0003139782922848,0.0232837980296975,Green,0.03168143916421469,0.0003134850462987,True
GAS-t,ME4_BM3,POT-Vol,0.009910480728396,3022,26.0,0.0086035737921906,0.4292824922055034,0.0194520815940783,0.0477113028949481,0.6247638674956022,5.460410034889549,0.0003123512098025,0.0229136962755504,Green,0.03151726120686919,0.0003134850462987,False
GAS-t,ME4_BM3,Loss-gate,0.009910480728396,3022,37.0,0.0122435473196558,0.2311112398046076,0.0101251259418619,0.017892405084165,1.434009248861596,6.612748657436157,0.0003134850462987,0.0202483835321192,Green,0.03163166902696124,0.0003134850462987,False
GAS-t,ME4_BM3,Past-minimum,0.009910480728396,3022,37.0,0.0122435473196558,0.2311112398046076,0.0101251259418619,0.017892405084165,1.434009248861596,6.612748657436157,0.0003134850462987,0.0202483835321192,Green,0.03163166902696124,0.0003134850462987,False
GAS-t,ME4_BM3,DtACI-projected-seed,0.009910480728396,3022,35.0,0.0115817339510258,0.3939456834907922,0.0005609874103254,0.0018108689166481,0.7267284545357224,11.901168514368235,0.0003249156560774,0.0228567488888512,Green,0.0327850550323392,0.0003134850462987,True
GAS-t,ME4_BM3,Raw,0.009910480728396,3022,37.0,0.0122435473196558,0.2311112398046076,0.0101251259418619,0.017892405084165,1.434009248861596,6.612748657436157,0.0003134850462987,0.0202483835321192,Green,0.03163166902696124,0.0003134850462987,False
GAS-t,ME4_BM3,Shift-CP,0.009910480728396,3022,24.0,0.0079417604235605,0.238182893076649,0.0137793269507385,0.0240226730126353,1.391316541585013,6.066197829876899,0.000312285285532,0.022596431416315,Green,0.031510609231823104,0.0003134850462987,False
GAS-t,ME4_BM3,Vol-ERM,0.009910480728396,3022,23.0,0.0076108537392455,0.1681945734363785,0.0114554940169097,0.0158259044094398,1.8989617933042204,6.393252530514644,0.0003130776059204,0.0233331579176152,Green,0.031590556956874405,0.0003134850462987,False
GAS-t,ME4_BM3,Rolling500,0.009910480728396,3022,32.0,0.0105890138980807,0.7471942982036877,0.0002641198200606,0.0012229290062339,0.1039037863093597,13.309109159351408,0.0003228194654656,0.0227271327477412,Green,0.032573542526614443,0.0003134850462987,True
GAS-t,ME4_BM3,Selected-rolling,0.009910480728396,3022,32.0,0.0105890138980807,0.7471942982036877,0.0002641198200606,0.0012229290062339,0.1039037863093597,13.309109159351408,0.0003228194654656,0.0227271327477412,Green,0.032573542526614443,0.0003134850462987,True
GAS-t,ME4_BM3,Gate-selected-rolling,0.009910480728396,3022,32.0,0.0105890138980807,0.7471942982036877,0.0002641198200606,0.0012229290062339,0.1039037863093597,13.309109159351408,0.0003228194654656,0.0227271327477412,Green,0.032573542526614443,0.0003134850462987,True
GAS-t,ME4_BM3,DtACI-projected-expected,0.009910480728396,3022,39.37605998823187,0.0130298014520952,,,,,,0.0003272555880043,0.0227809544117559,,0.03302116183593709,0.0003134850462987,True
GAS-t,ME4_BM4,State-L1,0.0095753315830599,3022,35.0,0.0115817339510258,0.3939456834907922,0.4248156806982133,0.5056848627942596,0.7267284545357224,0.6369547544992997,0.0003268777995225,0.0220632353691616,Green,0.03413749139515884,0.0003329757447505,False
GAS-t,ME4_BM4,State-L1-clipped,0.0095753315830599,3022,35.0,0.0115817339510258,0.3939456834907922,0.4248156806982133,0.5056848627942596,0.7267284545357224,0.6369547544992997,0.0003268680767677,0.0220660775431557,Green,0.03413647599901139,0.0003329757447505,False
GAS-t,ME4_BM4,POT-Shift,0.0095753315830599,3022,29.0,0.0095962938451356,0.8223235300395308,0.2833365679006725,0.5484160682214559,0.0504260710928057,1.151015991983627,0.0003277007323993,0.0225054917453729,Green,0.03422343441130001,0.0003329757447505,False
GAS-t,ME4_BM4,POT-Vol,0.0095753315830599,3022,30.0,0.0099272005294506,0.9678779360649316,0.3051967590659713,0.5906775582324737,0.0016216663170061,1.0513483281024492,0.000326588193916,0.0220911976725946,Green,0.03410724642620003,0.0003329757447505,False
GAS-t,ME4_BM4,Loss-gate,0.0095753315830599,3022,50.0,0.0165453342157511,0.0009497929796368,0.0012756669049848,2.3696386049112757e-05,10.922968473079765,10.377407544579796,0.0003329757447505,0.0201047030404865,Yellow,0.034774330461785845,0.0003329757447505,False
GAS-t,ME4_BM4,Past-minimum,0.0095753315830599,3022,50.0,0.0165453342157511,0.0009497929796368,0.0012756669049848,2.3696386049112757e-05,10.922968473079765,10.377407544579796,0.0003329757447505,0.0201047030404865,Yellow,0.034774330461785845,0.0003329757447505,False
GAS-t,ME4_BM4,DtACI-projected-seed,0.0095753315830599,3022,41.0,0.0135671740569159,0.061573954381983,0.1264731038929946,0.0542109759451771,3.494474307266703,2.335269458383209,0.000343309388783,0.0233431283509691,Green,0.0358535248419347,0.0003329757447505,True
GAS-t,ME4_BM4,Raw,0.0095753315830599,3022,50.0,0.0165453342157511,0.0009497929796368,0.0012756669049848,2.3696386049112757e-05,10.922968473079765,10.377407544579796,0.0003329757447505,0.0201047030404865,Yellow,0.034774330461785845,0.0003329757447505,False
GAS-t,ME4_BM4,Shift-CP,0.0095753315830599,3022,25.0,0.0082726671078755,0.325255496757399,0.203586470352897,0.274699749337735,0.9676958640339244,1.616457332717914,0.0003285616276717,0.023268713874666,Green,0.03431334203120145,0.0003329757447505,False
GAS-t,ME4_BM4,Vol-ERM,0.0095753315830599,3022,29.0,0.0095962938451356,0.8223235300395308,0.2833365679006725,0.5484160682214559,0.0504260710928057,1.151015991983627,0.0003267747842986,0.022710063044733,Green,0.03412673299760295,0.0003329757447505,False
GAS-t,ME4_BM4,Rolling500,0.0095753315830599,3022,34.0,0.0112508272667107,0.4980802242699028,0.0599252500503431,0.1354384014580472,0.4590245070488059,3.5394521805726527,0.0003324673260204,0.0228076240521328,Green,0.03472123373863952,0.0003329757447505,False
GAS-t,ME4_BM4,Selected-rolling,0.0095753315830599,3022,34.0,0.0112508272667107,0.4980802242699028,0.0599252500503431,0.1354384014580472,0.4590245070488059,3.5394521805726527,0.0003324673260204,0.0228076240521328,Green,0.03472123373863952,0.0003329757447505,False
GAS-t,ME4_BM4,Gate-selected-rolling,0.0095753315830599,3022,34.0,0.0112508272667107,0.4980802242699028,0.0599252500503431,0.1354384014580472,0.4590245070488059,3.5394521805726527,0.0003324673260204,0.0228076240521328,Green,0.03472123373863952,0.0003329757447505,False
GAS-t,ME4_BM4,DtACI-projected-expected,0.0095753315830599,3022,37.31577355474985,0.0123480388996524,,,,,,0.0003411030981672,0.0233811380969647,,0.0356231108247634,0.0003329757447505,True
GAS-t,ME4_BM5,State-L1,0.0103621863714567,3022,33.0,0.0109199205823957,0.616496934256846,0.0003425587205849,0.0014496480146797,0.2508219168666166,12.822047084162476,0.0003502268004685,0.0240289939998951,Green,0.03379854288600927,0.0003557499931482,False
GAS-t,ME4_BM5,State-L1-clipped,0.0103621863714567,3022,33.0,0.0109199205823957,0.616496934256846,0.0003425587205849,0.0014496480146797,0.2508219168666166,12.822047084162476,0.0003502268004685,0.0240289939998951,Green,0.03379854288600927,0.0003557499931482,False
GAS-t,ME4_BM5,POT-Shift,0.0103621863714567,3022,33.0,0.0109199205823957,0.616496934256846,0.0003425587205849,0.0014496480146797,0.2508219168666166,12.822047084162476,0.0003501231960848,0.0241416171824044,Green,0.03378854457291336,0.0003557499931482,False
GAS-t,ME4_BM5,POT-Vol,0.0103621863714567,3022,35.0,0.0115817339510258,0.3939456834907922,0.0005609874103254,0.0018108689166481,0.7267284545357224,11.901168514368235,0.0003500292492117,0.023899800497388,Green,0.03377947825527225,0.0003557499931482,False
GAS-t,ME4_BM5,Loss-gate,0.0103621863714567,3022,48.0,0.0158835208471211,0.0027523191202792,4.447148164991165e-07,3.298131178522123e-08,8.964792793451004,25.489856697413984,0.0003557499931482,0.0220516827931809,Green,0.03433155710537459,0.0003557499931482,False
GAS-t,ME4_BM5,Past-minimum,0.0103621863714567,3022,48.0,0.0158835208471211,0.0027523191202792,4.447148164991165e-07,3.298131178522123e-08,8.964792793451004,25.489856697413984,0.0003557499931482,0.0220516827931809,Green,0.03433155710537459,0.0003557499931482,False
GAS-t,ME4_BM5,DtACI-projected-seed,0.0103621863714567,3022,39.0,0.0129053606882859,0.1244589115040368,0.000103911071822,0.0001645516069349,2.360291741415807,15.064280892562463,0.0003588433996102,0.0257117808362104,Green,0.03463008546137106,0.0003557499931482,True
GAS-t,ME4_BM5,Raw,0.0103621863714567,3022,48.0,0.0158835208471211,0.0027523191202792,4.447148164991165e-07,3.298131178522123e-08,8.964792793451004,25.489856697413984,0.0003557499931482,0.0220516827931809,Green,0.03433155710537459,0.0003557499931482,False
GAS-t,ME4_BM5,Shift-CP,0.0103621863714567,3022,33.0,0.0109199205823957,0.616496934256846,0.0003425587205849,0.0014496480146797,0.2508219168666166,12.822047084162476,0.000350166922956,0.0240940838713644,Green,0.03379276442282075,0.0003557499931482,False
GAS-t,ME4_BM5,Vol-ERM,0.0103621863714567,3022,31.0,0.0102581072137657,0.8870779793048909,0.0002016761751184,0.0009900220485309,0.0201647285880723,13.815401959092467,0.0003491230554288,0.0246291928685684,Green,0.03369202626874977,0.0003557499931482,False
GAS-t,ME4_BM5,Rolling500,0.0103621863714567,3022,34.0,0.0112508272667107,0.4980802242699028,2.4487673032627623e-05,0.0001082055366902,0.4590245070488059,17.80393153689471,0.0003576659587182,0.0251469605747718,Green,0.03451645684576892,0.0003557499931482,True
GAS-t,ME4_BM5,Selected-rolling,0.0103621863714567,3022,34.0,0.0112508272667107,0.4980802242699028,2.4487673032627623e-05,0.0001082055366902,0.4590245070488059,17.80393153689471,0.0003576659587182,0.0251469605747718,Green,0.03451645684576892,0.0003557499931482,True
GAS-t,ME4_BM5,Gate-selected-rolling,0.0103621863714567,3022,34.0,0.0112508272667107,0.4980802242699028,2.4487673032627623e-05,0.0001082055366902,0.4590245070488059,17.80393153689471,0.0003576659587182,0.0251469605747718,Green,0.03451645684576892,0.0003557499931482,True
GAS-t,ME4_BM5,DtACI-projected-expected,0.0103621863714567,3022,39.20791402572674,0.0129741608291617,,,,,,0.0003624791916116,0.0257542998467142,,0.03498095658750859,0.0003557499931482,True
GAS-t,BIG_LoBM,State-L1,0.0115867581052356,3022,26.0,0.0086035737921906,0.4292824922055034,0.0194520815940783,0.0477113028949481,0.6247638674956022,5.460410034889549,0.0002951417666774,0.0226009794845028,Green,0.025472333503194226,0.0002955032712805,False
GAS-t,BIG_LoBM,State-L1-clipped,0.0115867581052356,3022,26.0,0.0086035737921906,0.4292824922055034,0.0194520815940783,0.0477113028949481,0.6247638674956022,5.460410034889549,0.0002951417666774,0.0226009794845028,Green,0.025472333503194226,0.0002955032712805,False
GAS-t,BIG_LoBM,POT-Shift,0.0115867581052356,3022,22.0,0.0072799470549305,0.114262225911664,0.0094367646147965,0.0098898207542193,2.494257872984294,6.7382406419220615,0.0002966940491577,0.0232751384729634,Green,0.025606303891304645,0.0002955032712805,True
GAS-t,BIG_LoBM,POT-Vol,0.0115867581052356,3022,28.0,0.0092653871608206,0.6811109911530853,0.0266784901053783,0.0788515679457244,0.1688778928511407,4.91149826834868,0.0002951566633998,0.022608079080449,Green,0.02547361917104581,0.0002955032712805,False
GAS-t,BIG_LoBM,Loss-gate,0.0115867581052356,3022,37.0,0.0122435473196558,0.2311112398046076,5.995043550629741e-05,0.0001554614967691,1.434009248861596,16.104215683552468,0.0002955032712805,0.021098838061055,Green,0.02550353330902573,0.0002955032712805,False
GAS-t,BIG_LoBM,Past-minimum,0.0115867581052356,3022,23.0,0.0076108537392455,0.1681945734363785,0.0114554940169097,0.0158259044094398,1.8989617933042204,6.393252530514644,0.0002955366256584,0.0227922507110577,Green,0.025506411972548094,0.0002955032712805,True
GAS-t,BIG_LoBM,DtACI-projected-seed,0.0115867581052356,3022,40.0,0.0132362673726009,0.0884672487506781,0.0001350878513309,0.0001607369526923,2.902045074110614,14.569437652592285,0.0003052663247138,0.0223211057313674,Green,0.02634613771524773,0.0002955032712805,True
GAS-t,BIG_LoBM,Raw,0.0115867581052356,3022,37.0,0.0122435473196558,0.2311112398046076,5.995043550629741e-05,0.0001554614967691,1.434009248861596,16.104215683552468,0.0002955032712805,0.021098838061055,Green,0.02550353330902573,0.0002955032712805,False
GAS-t,BIG_LoBM,Shift-CP,0.0115867581052356,3022,25.0,0.0082726671078755,0.325255496757399,0.0164355879193372,0.0346769645121762,0.9676958640339244,5.75566345473527,0.0002952369644425,0.0226564995548025,Green,0.025480549586091212,0.0002955032712805,False
GAS-t,BIG_LoBM,Vol-ERM,0.0115867581052356,3022,25.0,0.0082726671078755,0.325255496757399,0.0164355879193372,0.0346769645121762,0.9676958640339244,5.75566345473527,0.0002955024439746,0.0228736432369459,Green,0.025503461908044325,0.0002955032712805,False
GAS-t,BIG_LoBM,Rolling500,0.0115867581052356,3022,33.0,0.0109199205823957,0.616496934256846,1.779141548646356e-05,8.858777778008618e-05,0.2508219168666166,18.412211399483397,0.0002995708772866,0.0225092640477358,Green,0.025854589745101842,0.0002955032712805,True
GAS-t,BIG_LoBM,Selected-rolling,0.0115867581052356,3022,33.0,0.0109199205823957,0.616496934256846,1.779141548646356e-05,8.858777778008618e-05,0.2508219168666166,18.412211399483397,0.0002995708772866,0.0225092640477358,Green,0.025854589745101842,0.0002955032712805,True
GAS-t,BIG_LoBM,Gate-selected-rolling,0.0115867581052356,3022,33.0,0.0109199205823957,0.616496934256846,1.779141548646356e-05,8.858777778008618e-05,0.2508219168666166,18.412211399483397,0.0002995708772866,0.0225092640477358,Green,0.025854589745101842,0.0002955032712805,True
GAS-t,BIG_LoBM,DtACI-projected-expected,0.0115867581052356,3022,37.92215743893745,0.012548695380191,,,,,,0.0003018965312918,0.0223108290323651,,0.026055306285835453,0.0002955032712805,True
GAS-t,ME5_BM2,State-L1,0.0108060141881378,3022,34.0,0.0112508272667107,0.4980802242699028,0.0060290439823547,0.0183099094977313,0.4590245070488059,7.541601219123436,0.0003010721177146,0.0216692747902101,Green,0.027861532705102228,0.0003053345731885,False
GAS-t,ME5_BM2,State-L1-clipped,0.0108060141881378,3022,34.0,0.0112508272667107,0.4980802242699028,0.0060290439823547,0.0183099094977313,0.4590245070488059,7.541601219123436,0.0003010721177146,0.0216692747902101,Green,0.027861532705102228,0.0003053345731885,False
GAS-t,ME5_BM2,POT-Shift,0.0108060141881378,3022,34.0,0.0112508272667107,0.4980802242699028,0.0060290439823547,0.0183099094977313,0.4590245070488059,7.541601219123436,0.0003009672041067,0.0217531501666463,Green,0.02785182388869005,0.0003053345731885,False
GAS-t,ME5_BM2,POT-Vol,0.0108060141881378,3022,36.0,0.0119126406353408,0.3049888617044544,0.0085682074809484,0.0186581974785249,1.0522526043840212,6.910686768373239,0.0003016755093951,0.0215858126090634,Green,0.027917371210400728,0.0003053345731885,False
GAS-t,ME5_BM2,Loss-gate,0.0108060141881378,3022,45.0,0.014890800794176,0.0117553149005344,0.0322807691356047,0.0042303770091145,6.347404697189777,4.583523627700856,0.0003053345731885,0.0202782519824031,Green,0.028255984849962362,0.0003053345731885,False
GAS-t,ME5_BM2,Past-minimum,0.0108060141881378,3022,45.0,0.014890800794176,0.0117553149005344,0.0322807691356047,0.0042303770091145,6.347404697189777,4.583523627700856,0.0003053345731885,0.0202782519824031,Green,0.028255984849962362,0.0003053345731885,False
GAS-t,ME5_BM2,DtACI-projected-seed,0.0108060141881378,3022,38.0,0.0125744540039708,0.171418220226424,0.0118998848856171,0.0166040171782487,1.870496546801455,6.325724681612371,0.0003131992266111,0.0227121319804331,Green,0.02898378820887645,0.0003053345731885,True
GAS-t,ME5_BM2,Raw,0.0108060141881378,3022,45.0,0.014890800794176,0.0117553149005344,0.0322807691356047,0.0042303770091145,6.347404697189777,4.583523627700856,0.0003053345731885,0.0202782519824031,Green,0.028255984849962362,0.0003053345731885,False
GAS-t,ME5_BM2,Shift-CP,0.0108060141881378,3022,34.0,0.0112508272667107,0.4980802242699028,0.0060290439823547,0.0183099094977313,0.4590245070488059,7.541601219123436,0.0003010357988021,0.0216983107038675,Green,0.027858171714466116,0.0003053345731885,False
GAS-t,ME5_BM2,Vol-ERM,0.0108060141881378,3022,36.0,0.0119126406353408,0.3049888617044544,0.0085682074809484,0.0186581974785249,1.0522526043840212,6.910686768373239,0.0003014603443563,0.0217389094694713,Green,0.027897459609781492,0.0003053345731885,False
GAS-t,ME5_BM2,Rolling500,0.0108060141881378,3022,32.0,0.0105890138980807,0.7471942982036877,0.0041348812697193,0.0155490145315594,0.1039037863093597,8.22361224677337,0.0003097026534916,0.0224022418503041,Green,0.028660211628407185,0.0003053345731885,True
GAS-t,ME5_BM2,Selected-rolling,0.0108060141881378,3022,32.0,0.0105890138980807,0.7471942982036877,0.0041348812697193,0.0155490145315594,0.1039037863093597,8.22361224677337,0.0003097026534916,0.0224022418503041,Green,0.028660211628407185,0.0003053345731885,True
GAS-t,ME5_BM2,Gate-selected-rolling,0.0108060141881378,3022,45.0,0.014890800794176,0.0117553149005344,0.0322807691356047,0.0042303770091145,6.347404697189777,4.583523627700856,0.0003053345731885,0.0202782519824031,Green,0.028255984849962362,0.0003053345731885,False
GAS-t,ME5_BM2,DtACI-projected-expected,0.0108060141881378,3022,37.77156956203283,0.0124988648451465,,,,,,0.0003145018210344,0.0226814622021971,,0.02910433167667329,0.0003053345731885,True
GAS-t,ME5_BM3,State-L1,0.0114036137548628,3022,33.0,0.0109199205823957,0.616496934256846,0.0050099036688671,0.0171914858713882,0.2508219168666166,7.875860133526999,0.000328954360765,0.0219129493229936,Green,0.028846501454394248,0.0003333237474823,False
GAS-t,ME5_BM3,State-L1-clipped,0.0114036137548628,3022,33.0,0.0109199205823957,0.616496934256846,0.0050099036688671,0.0171914858713882,0.2508219168666166,7.875860133526999,0.000328954360765,0.0219129493229936,Green,0.028846501454394248,0.0003333237474823,False
GAS-t,ME5_BM3,POT-Shift,0.0114036137548628,3022,33.0,0.0109199205823957,0.616496934256846,0.0050099036688671,0.0171914858713882,0.2508219168666166,7.875860133526999,0.0003291381372376,0.0217131750423776,Green,0.028862617089012405,0.0003333237474823,False
GAS-t,ME5_BM3,POT-Vol,0.0114036137548628,3022,36.0,0.0119126406353408,0.3049888617044544,0.0085682074809484,0.0186581974785249,1.0522526043840212,6.910686768373239,0.0003296779802697,0.0213865142866497,Green,0.02890995673447083,0.0003333237474823,False
GAS-t,ME5_BM3,Loss-gate,0.0114036137548628,3022,45.0,0.014890800794176,0.0117553149005344,0.0322807691356047,0.0042303770091145,6.347404697189777,4.583523627700856,0.0003333237474823,0.0197584551426784,Green,0.029229659531406174,0.0003333237474823,False
GAS-t,ME5_BM3,Past-minimum,0.0114036137548628,3022,45.0,0.014890800794176,0.0117553149005344,0.0322807691356047,0.0042303770091145,6.347404697189777,4.583523627700856,0.0003333237474823,0.0197584551426784,Green,0.029229659531406174,0.0003333237474823,False
GAS-t,ME5_BM3,DtACI-projected-seed,0.0114036137548628,3022,35.0,0.0115817339510258,0.3939456834907922,0.0674371189359334,0.1306116461632917,0.7267284545357224,3.344325329099888,0.0003343176844504,0.0234629230801145,Green,0.029316819355429163,0.0003333237474823,True
GAS-t,ME5_BM3,Raw,0.0114036137548628,3022,45.0,0.014890800794176,0.0117553149005344,0.0322807691356047,0.0042303770091145,6.347404697189777,4.583523627700856,0.0003333237474823,0.0197584551426784,Green,0.029229659531406174,0.0003333237474823,False
GAS-t,ME5_BM3,Shift-CP,0.0114036137548628,3022,31.0,0.0102581072137657,0.8870779793048909,0.0033881928753398,0.0135290535629587,0.0201647285880723,8.585666851905842,0.0003287653246828,0.0221327795581759,Green,0.028829924596718806,0.0003333237474823,False
GAS-t,ME5_BM3,Vol-ERM,0.0114036137548628,3022,30.0,0.0099272005294506,0.9678779360649316,0.0356848131989759,0.1100453671453244,0.0016216663170061,4.41210347292531,0.0003289665093132,0.0223804827606284,Green,0.02884756677881343,0.0003333237474823,False
GAS-t,ME5_BM3,Rolling500,0.0114036137548628,3022,35.0,0.0115817339510258,0.3939456834907922,0.0072091685420643,0.0188091034352202,0.7267284545357224,7.220100147599851,0.0003338450879543,0.0224022193391162,Green,0.029275376659608426,0.0003333237474823,True
GAS-t,ME5_BM3,Selected-rolling,0.0114036137548628,3022,35.0,0.0115817339510258,0.3939456834907922,0.0072091685420643,0.0188091034352202,0.7267284545357224,7.220100147599851,0.0003338450879543,0.0224022193391162,Green,0.029275376659608426,0.0003333237474823,True
GAS-t,ME5_BM3,Gate-selected-rolling,0.0114036137548628,3022,35.0,0.0115817339510258,0.3939456834907922,0.0072091685420643,0.0188091034352202,0.7267284545357224,7.220100147599851,0.0003338450879543,0.0224022193391162,Green,0.029275376659608426,0.0003333237474823,True
GAS-t,ME5_BM3,DtACI-projected-expected,0.0114036137548628,3022,36.792809629306674,0.0121749866410677,,,,,,0.0003419230293238,0.0234668202138093,,0.02998374345833969,0.0003333237474823,True
GAS-t,ME5_BM4,State-L1,0.0118791551131657,3022,42.0,0.0138980807412309,0.0419713345202354,0.6154737653501721,0.11143428743843,4.136359781646799,0.2522806426434272,0.0003595765662419,0.0219857894028065,Green,0.03026954045270276,0.0003630763545653,False
GAS-t,ME5_BM4,State-L1-clipped,0.0118791551131657,3022,42.0,0.0138980807412309,0.0419713345202354,0.6154737653501721,0.11143428743843,4.136359781646799,0.2522806426434272,0.0003595765662419,0.0219857894028065,Green,0.03026954045270276,0.0003630763545653,False
GAS-t,ME5_BM4,POT-Shift,0.0118791551131657,3022,42.0,0.0138980807412309,0.0419713345202354,0.6154737653501721,0.11143428743843,4.136359781646799,0.2522806426434272,0.0003585491192669,0.0222493670563264,Green,0.030183048865951675,0.0003630763545653,False
GAS-t,ME5_BM4,POT-Vol,0.0118791551131657,3022,42.0,0.0138980807412309,0.0419713345202354,0.6154737653501721,0.11143428743843,4.136359781646799,0.2522806426434272,0.0003586200836762,0.0222338073790406,Green,0.030189022725929424,0.0003630763545653,False
GAS-t,ME5_BM4,Loss-gate,0.0118791551131657,3022,47.0,0.015552614162806,0.0045533979728568,0.2119597095160135,0.0082018812768708,8.048793070606663,1.5579903834272386,0.0003630763545653,0.0212813760732045,Green,0.030564156382039454,0.0003630763545653,False
GAS-t,ME5_BM4,Past-minimum,0.0118791551131657,3022,47.0,0.015552614162806,0.0045533979728568,0.2119597095160135,0.0082018812768708,8.048793070606663,1.5579903834272386,0.0003630763545653,0.0212813760732045,Green,0.030564156382039454,0.0003630763545653,False
GAS-t,ME5_BM4,DtACI-projected-seed,0.0118791551131657,3022,38.0,0.0125744540039708,0.171418220226424,0.0938412786709321,0.0964380210118382,1.870496546801455,2.8072129457742676,0.0003758749795079,0.0262630759147301,Green,0.031641558337033304,0.0003630763545653,True
GAS-t,ME5_BM4,Raw,0.0118791551131657,3022,47.0,0.015552614162806,0.0045533979728568,0.2119597095160135,0.0082018812768708,8.048793070606663,1.5579903834272386,0.0003630763545653,0.0212813760732045,Green,0.030564156382039454,0.0003630763545653,False
GAS-t,ME5_BM4,Shift-CP,0.0118791551131657,3022,42.0,0.0138980807412309,0.0419713345202354,0.6154737653501721,0.11143428743843,4.136359781646799,0.2522806426434272,0.0003581051227507,0.022363268369735,Green,0.030145672763697742,0.0003630763545653,False
GAS-t,ME5_BM4,Vol-ERM,0.0118791551131657,3022,42.0,0.0138980807412309,0.0419713345202354,0.6154737653501721,0.11143428743843,4.136359781646799,0.2522806426434272,0.0003590877879526,0.0220952054723056,Green,0.030228394572828,0.0003630763545653,False
GAS-t,ME5_BM4,Rolling500,0.0118791551131657,3022,35.0,0.0115817339510258,0.3939456834907922,0.0674371189359334,0.1306116461632917,0.7267284545357224,3.344325329099888,0.0003606874838613,0.0247234167532649,Green,0.030363058687696492,0.0003630763545653,False
GAS-t,ME5_BM4,Selected-rolling,0.0118791551131657,3022,35.0,0.0115817339510258,0.3939456834907922,0.0674371189359334,0.1306116461632917,0.7267284545357224,3.344325329099888,0.0003606874838613,0.0247234167532649,Green,0.030363058687696492,0.0003630763545653,False
GAS-t,ME5_BM4,Gate-selected-rolling,0.0118791551131657,3022,47.0,0.015552614162806,0.0045533979728568,0.2119597095160135,0.0082018812768708,8.048793070606663,1.5579903834272386,0.0003630763545653,0.0212813760732045,Green,0.030564156382039454,0.0003630763545653,False
GAS-t,ME5_BM4,DtACI-projected-expected,0.0118791551131657,3022,37.75746207548827,0.01249419658355,,,,,,0.0003750389888571,0.0261723986908206,,0.031571183748703074,0.0003630763545653,True
GAS-t,BIG_HiBM,State-L1,0.014359433441013,3022,37.0,0.0122435473196558,0.2311112398046076,0.0843733170747726,0.1101079379767824,1.434009248861596,2.9785790310797324,0.0004127365571636,0.0276125246320323,Green,0.02874323411568271,0.0004209974875262,False
GAS-t,BIG_HiBM,State-L1-clipped,0.014359433441013,3022,37.0,0.0122435473196558,0.2311112398046076,0.0843733170747726,0.1101079379767824,1.434009248861596,2.9785790310797324,0.0004127365571636,0.0276125246320323,Green,0.02874323411568271,0.0004209974875262,False
GAS-t,BIG_HiBM,POT-Shift,0.014359433441013,3022,40.0,0.0132362673726009,0.0884672487506781,0.114874318449627,0.0676135264963446,2.902045074110614,2.485849365589388,0.0004146569615768,0.0268326629959808,Green,0.028876972290039573,0.0004209974875262,False
GAS-t,BIG_HiBM,POT-Vol,0.014359433441013,3022,40.0,0.0132362673726009,0.0884672487506781,0.114874318449627,0.0676135264963446,2.902045074110614,2.485849365589388,0.0004141995198284,0.0270061885842196,Green,0.028845115758214756,0.0004209974875262,False
GAS-t,BIG_HiBM,Loss-gate,0.014359433441013,3022,49.0,0.0162144275314361,0.0016321417097115,0.0083489940821851,0.0002160310366235,9.92313469253552,6.957042252525184,0.0004209974875262,0.02535788762275,Yellow,0.02931853051553964,0.0004209974875262,False
GAS-t,BIG_HiBM,Past-minimum,0.014359433441013,3022,49.0,0.0162144275314361,0.0016321417097115,0.0083489940821851,0.0002160310366235,9.92313469253552,6.957042252525184,0.0004209974875262,0.02535788762275,Yellow,0.02931853051553964,0.0004209974875262,False
GAS-t,BIG_HiBM,DtACI-projected-seed,0.014359433441013,3022,44.0,0.014559894109861,0.0183344495525287,0.0036103579069777,0.0008965172280731,5.563907295458282,8.470078800676447,0.000428026238198,0.0299894410758572,Green,0.02980801714470738,0.0004209974875262,True
GAS-t,BIG_HiBM,Raw,0.014359433441013,3022,49.0,0.0162144275314361,0.0016321417097115,0.0083489940821851,0.0002160310366235,9.92313469253552,6.957042252525184,0.0004209974875262,0.02535788762275,Yellow,0.02931853051553964,0.0004209974875262,False
GAS-t,BIG_HiBM,Shift-CP,0.014359433441013,3022,32.0,0.0105890138980807,0.7471942982036877,0.0466949731347962,0.1313191495155421,0.1039037863093597,3.956345539285053,0.0004120741249008,0.0283574461918972,Green,0.028697101915166497,0.0004209974875262,False
GAS-t,BIG_HiBM,Vol-ERM,0.014359433441013,3022,40.0,0.0132362673726009,0.0884672487506781,0.114874318449627,0.0676135264963446,2.902045074110614,2.485849365589388,0.0004141296712074,0.0270303853105244,Green,0.028840251456201244,0.0004209974875262,False
GAS-t,BIG_HiBM,Rolling500,0.014359433441013,3022,38.0,0.0125744540039708,0.171418220226424,0.001107387715024,0.0019214899025235,1.870496546801455,10.63881225913866,0.0004216905370273,0.0292703064120007,Green,0.029366794919838526,0.0004209974875262,True
GAS-t,BIG_HiBM,Selected-rolling,0.014359433441013,3022,38.0,0.0125744540039708,0.171418220226424,0.001107387715024,0.0019214899025235,1.870496546801455,10.63881225913866,0.0004216905370273,0.0292703064120007,Green,0.029366794919838526,0.0004209974875262,True
GAS-t,BIG_HiBM,Gate-selected-rolling,0.014359433441013,3022,38.0,0.0125744540039708,0.171418220226424,0.001107387715024,0.0019214899025235,1.870496546801455,10.63881225913866,0.0004216905370273,0.0292703064120007,Green,0.029366794919838526,0.0004209974875262,True
GAS-t,BIG_HiBM,DtACI-projected-expected,0.014359433441013,3022,41.82814466314569,0.0138412126615306,,,,,,0.0004273260416013,0.029905305435528,,0.029759255012163897,0.0004209974875262,True
