innovation,scenario,alpha,period,method,independent_histories,risk,risk_MCSE,hit_probability,hit_probability_MCSE,realised_loss,realised_loss_MCSE,realised_hits,realised_hits_MCSE,absolute_error,absolute_error_MCSE,excess_loss,excess_loss_MCSE,difference_vs_Raw,MCSE_vs_Raw,difference_vs_Static-CP,MCSE_vs_Static-CP,difference_vs_Rolling500,MCSE_vs_Rolling500,difference_vs_PastSelectedRolling,MCSE_vs_PastSelectedRolling
normal,appears,0.01,acute,DtACI500,500,0.0004745267371193032,3.5766717262956396e-06,0.036020362616760115,0.0007211494792580605,0.0004507903620188054,1.2083678015702113e-05,0.03365560771900555,0.0015750040091227035,0.0067619486892601995,0.0001204319010221822,9.760852741506551e-05,3.5766717262947752e-06,2.73616088100032e-05,3.5766717262956396e-06,2.5700734412798203e-05,3.95012601861929e-06,2.9027037007973002e-05,2.531662264596549e-06,3.11894186724442e-05,3.0202591684856173e-06
normal,appears,0.01,acute,InitialKupiecGate,500,0.00044919231156339824,7.628720798043368e-07,0.034043969842623895,0.00019431531685146677,0.0004392792931037208,1.3000203857662522e-05,0.0318,0.0017955411261989357,0.007114214515899235,4.0620249239642557e-05,7.227410185920065e-05,7.628720798038962e-07,2.0271832540982e-06,7.62872079804337e-07,3.663088568931997e-07,1.8174311628681132e-06,3.6926114520679994e-06,2.1843823917437012e-06,5.8549931165392e-06,1.93959140511055e-06
normal,appears,0.01,acute,PastSelectedRolling,500,0.00044333731844685897,2.095605007714339e-06,0.031096368640571345,0.0005210662161969041,0.00043325270662937184,1.2027374380238408e-05,0.029200000000000004,0.0016553550678937747,0.00637057134211329,0.00010475825456412731,6.641910874263141e-05,2.0956050077136722e-06,-3.827809862440999e-06,2.095605007714339e-06,-5.488684259646e-06,2.1883351457834388e-06,-2.1623816644712e-06,1.7781278702245424e-06,0.0,0.0
normal,appears,0.01,acute,Raw,500,0.0004471651283093,0.0,0.0338989391228427,0.0,0.0004351218054473684,1.292712218202724e-05,0.0315,0.00179776637187809,0.007071067811865399,3.882844402217134e-20,7.024691860510677e-05,0.0,0.0,0.0,-1.6608743972050006e-06,1.748306582389265e-06,1.6654281979697997e-06,2.316654742596594e-06,3.827809862440999e-06,2.095605007714339e-06
normal,appears,0.01,acute,Rolling1000,500,0.00044634390204041803,1.66750442841209e-06,0.033037797464647,0.0003749580193242791,0.0004366870220820892,1.2900691479633567e-05,0.0303,0.0017776783400157417,0.0067283719702726464,7.372644035427818e-05,6.942569233618906e-05,1.667504428411421e-06,-8.212262688819991e-07,1.66750442841209e-06,-2.482100666087e-06,1.3936516837106668e-06,8.442019290878004e-07,1.8908625156406043e-06,3.006583593559e-06,1.4269351739774087e-06
normal,appears,0.01,acute,Rolling125,500,0.00043462134236717074,3.436625663918181e-06,0.023637871640405664,0.000814876646134663,0.000424258372273943,1.0575711159691216e-05,0.022799999999999997,0.0014780694769724173,0.005370982290891514,0.0001565786682011089,5.7703132662945136e-05,3.4366256639175055e-06,-1.25437859421292e-05,3.436625663918181e-06,-1.4204660339334201e-05,3.8903064566038095e-06,-1.0878357744159401e-05,3.5205078581376004e-06,-8.715976079688201e-06,3.313704996446246e-06
normal,appears,0.01,acute,Rolling250,500,0.00042665229864828126,2.490145379478673e-06,0.025341398761935807,0.0006392913808933579,0.00041449326509779337,1.0193887981125615e-05,0.024,0.0014738876108369855,0.005048718559878176,0.00012814495491232116,4.973408894405473e-05,2.4901453794780888e-06,-2.05128296610188e-05,2.490145379478673e-06,-2.2173704058223803e-05,3.097209992416836e-06,-1.8847401463048993e-05,2.3357218979213297e-06,-1.66850197985778e-05,2.2390282296269694e-06
normal,appears,0.01,acute,Rolling500,500,0.0004454997001113302,2.316654742596594e-06,0.03209519673961944,0.0005235643930233014,0.000432512710688893,1.205837863257388e-05,0.0291,0.0017211346865421185,0.0063514505881449275,0.0001063262269750813,6.858149040710273e-05,2.3166547425958256e-06,-1.6654281979697997e-06,2.316654742596594e-06,-3.3263025951747997e-06,2.5771836286527375e-06,0.0,0.0,2.1623816644712e-06,1.7781278702245424e-06
normal,appears,0.01,acute,Static-CP,500,0.00044882600270650504,1.748306582389265e-06,0.03356768047179274,0.00039115431359968566,0.00043895924640545637,1.3382660648062464e-05,0.030500000000000003,0.0018374581641523217,0.006822472518692463,7.677727628745784e-05,7.190779300227801e-05,1.7483065823885772e-06,1.6608743972050006e-06,1.748306582389265e-06,0.0,0.0,3.3263025951747997e-06,2.5771836286527375e-06,5.488684259646e-06,2.1883351457834388e-06
normal,appears,0.01,acute,VolRolling250,500,0.00042665229864828126,2.490145379478673e-06,0.025341398761935807,0.0006392913808933579,0.00041449326509779337,1.0193887981125615e-05,0.024,0.0014738876108369855,0.005048718559878176,0.00012814495491232116,4.973408894405473e-05,2.4901453794780888e-06,-2.05128296610188e-05,2.490145379478673e-06,-2.2173704058223803e-05,3.097209992416836e-06,-1.8847401463048993e-05,2.3357218979213297e-06,-1.66850197985778e-05,2.2390282296269694e-06
normal,appears,0.01,acute,VolRolling500,500,0.0004454997001113302,2.316654742596594e-06,0.03209519673961944,0.0005235643930233014,0.000432512710688893,1.205837863257388e-05,0.0291,0.0017211346865421185,0.0063514505881449275,0.0001063262269750813,6.858149040710273e-05,2.3166547425958256e-06,-1.6654281979697997e-06,2.316654742596594e-06,-3.3263025951747997e-06,2.5771836286527375e-06,0.0,0.0,2.1623816644712e-06,1.7781278702245424e-06
normal,appears,0.01,early,DtACI500,500,0.0004207432076390864,1.6524835994805675e-06,0.023493355923371432,0.0004379705023623874,0.0004241023778817466,4.399302665728098e-06,0.024432832993538014,0.0005243097441041134,0.004590886330699938,8.527264644362451e-05,4.382499793486306e-05,1.6524835994800216e-06,-2.6421920670213596e-05,1.6524835994805675e-06,-2.80827950674188e-05,2.452012866192486e-06,6.489073907313994e-07,8.457335029030901e-07,-8.215055801528001e-07,1.3449949650011116e-06
normal,appears,0.01,early,InitialKupiecGate,500,0.0004463803571835786,5.367692899119635e-07,0.03333847179887503,0.000184159249308781,0.000451179233459193,5.882655550237355e-06,0.03460952380952377,0.0008262771896072335,0.006989964504963069,3.429446935142631e-05,6.946214747938228e-05,5.367692899119617e-07,-7.847711257213995e-07,5.367692899119635e-07,-2.4456455229266004e-06,1.8257187248437813e-06,2.6286056935223597e-05,1.5367768684273713e-06,2.48156439643394e-05,1.3212040993500962e-06
normal,appears,0.01,early,PastSelectedRolling,500,0.0004215647132192392,1.3984445038361954e-06,0.025236217579618987,0.0004294182841208269,0.00042573953084838544,4.974962479630702e-06,0.025904761904761868,0.0007146323553701097,0.005350501281763703,9.130684682538244e-05,4.464650351501805e-05,1.3984445038359538e-06,-2.5600415090060796e-05,1.3984445038361956e-06,-2.7261289487266e-05,1.9206219180719753e-06,1.4704129708841995e-06,1.191417811828743e-06,0.0,0.0
normal,appears,0.01,early,Raw,500,0.0004471651283093,0.0,0.0338989391228427,0.0,0.00045347790941778075,6.102388597290549e-06,0.03529523809523805,0.0008301749480566281,0.007071067811865399,3.882844402217134e-20,7.024691860510674e-05,0.0,0.0,0.0,-1.6608743972052005e-06,1.748306582389251e-06,2.7070828060944998e-05,1.560369234408218e-06,2.5600415090060796e-05,1.3984445038361956e-06
normal,appears,0.01,early,Rolling1000,500,0.0004307680122248428,1.328341434711298e-06,0.02939162960811456,0.0003206993049147207,0.0004367712850396754,5.582173903746116e-06,0.030152380952380917,0.0007387506671267788,0.005985093853401034,6.918462676153619e-05,5.384980252062057e-05,1.3283414347107964e-06,-1.6397116084457197e-05,1.328341434711298e-06,-1.80579904816624e-05,1.4900781241196428e-06,1.0673711976487799e-05,1.2565747187782032e-06,9.203299005603598e-06,1.1000854590215112e-06
normal,appears,0.01,early,Rolling125,500,0.0004081970254850368,1.4525482661697941e-06,0.012614375315889445,0.0004199155059145629,0.0004084309186073646,3.9335505943807685e-06,0.013238095238095209,0.00044016819546428273,0.004939021592602893,0.00015292729266348646,3.127881578081579e-05,1.4525482661694316e-06,-3.89681028242632e-05,1.4525482661697941e-06,-4.06289772214684e-05,2.3289211677934933e-06,-1.18972747633182e-05,1.8226835945237977e-06,-1.3367687734202397e-05,1.6856473834523343e-06
normal,appears,0.01,early,Rolling250,500,0.0004022322901106674,1.3439148072454242e-06,0.017279411957349097,0.0004321017168715255,0.0004037871551061116,3.931352926792219e-06,0.018247619047619013,0.0005702414745884525,0.0037133976281087176,9.581473688241316e-05,2.531408040644896e-05,1.3439148072452673e-06,-4.49328381986326e-05,1.343914807245424e-06,-4.6593712595837805e-05,2.2573363452810235e-06,-1.78620101376876e-05,1.3095903105223552e-06,-1.93324231085718e-05,1.3305884412777723e-06
normal,appears,0.01,early,Rolling500,500,0.00042009430024835497,1.560369234408218e-06,0.025794039326457702,0.0004043662646123656,0.000423549896942697,4.985559843001547e-06,0.026361904761904725,0.0006657220687941372,0.005025214031245637,9.213474836207448e-05,4.317609054413622e-05,1.5603692344079877e-06,-2.7070828060944998e-05,1.560369234408218e-06,-2.8731702458150198e-05,2.234597092951783e-06,0.0,0.0,-1.4704129708841995e-06,1.191417811828743e-06
normal,appears,0.01,early,Static-CP,500,0.0004488260027065052,1.748306582389251e-06,0.03356768047179275,0.00039115431359968577,0.0004558439433107242,6.471028715032865e-06,0.034857142857142816,0.0009084635054197527,0.006822472518692463,7.677727628745784e-05,7.190779300227801e-05,1.7483065823885772e-06,1.6608743972052005e-06,1.748306582389251e-06,0.0,0.0,2.8731702458150198e-05,2.234597092951783e-06,2.7261289487266e-05,1.9206219180719753e-06
normal,appears,0.01,early,VolRolling250,500,0.0004022322901106674,1.3439148072454242e-06,0.017279411957349097,0.0004321017168715255,0.0004037871551061116,3.931352926792219e-06,0.018247619047619013,0.0005702414745884525,0.0037133976281087176,9.581473688241316e-05,2.531408040644896e-05,1.3439148072452673e-06,-4.49328381986326e-05,1.343914807245424e-06,-4.6593712595837805e-05,2.2573363452810235e-06,-1.78620101376876e-05,1.3095903105223552e-06,-1.93324231085718e-05,1.3305884412777723e-06
normal,appears,0.01,early,VolRolling500,500,0.00042009430024835497,1.560369234408218e-06,0.025794039326457702,0.0004043662646123656,0.000423549896942697,4.985559843001547e-06,0.026361904761904725,0.0006657220687941372,0.005025214031245637,9.213474836207448e-05,4.317609054413622e-05,1.5603692344079877e-06,-2.7070828060944998e-05,1.560369234408218e-06,-2.8731702458150198e-05,2.234597092951783e-06,0.0,0.0,-1.4704129708841995e-06,1.191417811828743e-06
normal,appears,0.01,late,DtACI500,500,0.0003910916185565052,3.307641233151895e-07,0.01110118199191296,0.00016579292050639366,0.00039145410826250417,1.3293646792371741e-06,0.011134290975977713,0.00011862990997073306,0.0030795086928710907,4.764699518913736e-05,1.4173408852287837e-05,3.3076412331519727e-07,-5.6073509752794795e-05,3.307641233151895e-07,-5.77343841499998e-05,1.7829197691191135e-06,8.626979946358397e-06,2.1808791419330493e-07,6.155669285168797e-06,4.615064824598912e-07
normal,appears,0.01,late,InitialKupiecGate,500,0.0004422580651844782,7.571817919793094e-07,0.03198610880653945,0.00029395014354434434,0.0004426795179836666,2.5944337325818257e-06,0.032212,0.00046648615270050904,0.006704551435597949,5.9715465908109503e-05,6.533985548028304e-05,7.571817919796066e-07,-4.9070631248217995e-06,7.571817919793092e-07,-6.5679375220268e-06,2.0024336640977516e-06,5.97934265743314e-05,7.915350516800887e-07,5.73221159131418e-05,8.742605793823312e-07
normal,appears,0.01,late,PastSelectedRolling,500,0.00038493594927133633,4.585499823896373e-07,0.01039950930338617,0.00016697604486048425,0.0003851245064468308,1.379364678624039e-06,0.010388000000000001,0.0001936127159241744,0.002306157287146153,7.414302466519598e-05,8.017739567117768e-06,4.5854998238965324e-07,-6.22291790379636e-05,4.585499823896373e-07,-6.38900534351686e-05,1.8244666060278342e-06,2.4713106611896003e-06,4.278999133729611e-07,0.0,0.0
normal,appears,0.01,late,Raw,500,0.0004471651283093,0.0,0.0338989391228427,0.0,0.0004471994842189844,2.579807343494776e-06,0.034148,0.00036377583443025855,0.007071067811865399,3.882844402217134e-20,7.024691860510674e-05,0.0,0.0,0.0,-1.6608743972050006e-06,1.748306582389265e-06,6.47004896991532e-05,2.5682338867995925e-07,6.22291790379636e-05,4.585499823896373e-07
normal,appears,0.01,late,Rolling1000,500,0.00038135496654354283,2.2481041160523378e-07,0.012145820205018925,0.0001563632377413416,0.0003816168925760146,1.3550194902893216e-06,0.012036000000000002,0.00021468485548437898,0.0016512601106741594,4.122020671054418e-05,4.436756839324722e-06,2.2481041160526928e-07,-6.581016176575718e-05,2.248104116052338e-07,-6.747103616296221e-05,1.7677620435222973e-06,-1.1096720666040008e-06,2.671352768185433e-07,-3.5809827277936015e-06,4.47419225740338e-07
normal,appears,0.01,late,Rolling125,500,0.000404735651445889,7.066034665234648e-07,0.007848152167422571,0.000143767102588484,0.00040578841681940833,1.6216662618773692e-06,0.008060000000000003,0.00011962198308703693,0.0052635402437283185,9.261919907602963e-05,2.7817441741670195e-05,7.066034665234728e-07,-4.2429476863411005e-05,7.066034665234648e-07,-4.4090351260616e-05,1.889145621109408e-06,2.2271012835742205e-05,6.810073420746728e-07,1.97997021745526e-05,7.212591435458524e-07
normal,appears,0.01,late,Rolling250,500,0.0003915509223303444,4.893553509307632e-07,0.007655742040919842,0.0001372192838453176,0.0003919836727376778,1.4018570822853402e-06,0.007772000000000001,0.00012357416051219036,0.0036106848455792003,7.62636738222022e-05,1.4632712626129139e-05,4.893553509306575e-07,-5.56142059789556e-05,4.893553509307632e-07,-5.72750803761606e-05,1.8082714310167905e-06,9.086283720197598e-06,4.2656586437242876e-07,6.614973059007999e-06,5.505042096233919e-07
normal,appears,0.01,late,Rolling500,500,0.0003824646386101468,2.5682338867995925e-07,0.009694397384709392,0.00015458421542757816,0.000382556102763664,1.2627998291475113e-06,0.00978,0.00016944800161259205,0.001996638660219348,5.0066553412316486e-05,5.546428905930117e-06,2.5682338867999276e-07,-6.47004896991532e-05,2.5682338867995925e-07,-6.63613640963582e-05,1.7738998823128915e-06,0.0,0.0,-2.4713106611896003e-06,4.278999133729611e-07
normal,appears,0.01,late,Static-CP,500,0.00044882600270650504,1.748306582389265e-06,0.033567680471792746,0.00039115431359968577,0.0004497703024232028,3.132270662263708e-06,0.033832,0.0005390479546337131,0.006822472518692463,7.677727628745784e-05,7.190779300227801e-05,1.7483065823885772e-06,1.6608743972050006e-06,1.748306582389265e-06,0.0,0.0,6.63613640963582e-05,1.7738998823128915e-06,6.38900534351686e-05,1.8244666060278342e-06
normal,appears,0.01,late,VolRolling250,500,0.0003915509223303444,4.893553509307632e-07,0.007655742040919842,0.0001372192838453176,0.0003919836727376778,1.4018570822853402e-06,0.007772000000000001,0.00012357416051219036,0.0036106848455792003,7.62636738222022e-05,1.4632712626129139e-05,4.893553509306575e-07,-5.56142059789556e-05,4.893553509307632e-07,-5.72750803761606e-05,1.8082714310167905e-06,9.086283720197598e-06,4.2656586437242876e-07,6.614973059007999e-06,5.505042096233919e-07
normal,appears,0.01,late,VolRolling500,500,0.0003824646386101468,2.5682338867995925e-07,0.009694397384709392,0.00015458421542757816,0.000382556102763664,1.2627998291475113e-06,0.00978,0.00016944800161259205,0.001996638660219348,5.0066553412316486e-05,5.546428905930117e-06,2.5682338867999276e-07,-6.47004896991532e-05,2.5682338867995925e-07,-6.63613640963582e-05,1.7738998823128915e-06,0.0,0.0,-2.4713106611896003e-06,4.278999133729611e-07
normal,appears,0.01,middle,DtACI500,500,0.00039474331284402404,4.960566552951827e-07,0.013104094915961395,0.00021814705566063476,0.0003986571399039308,1.803725853194641e-06,0.01380120349816578,0.00017223021910089874,0.0032999834506392644,5.366795363035696e-05,1.7825103139806584e-05,4.96056655295147e-07,-5.242181546527599e-05,4.960566552951827e-07,-5.40826898624812e-05,1.8189511903084784e-06,6.3794585631286e-06,3.0906920584096393e-07,-1.0016810941971995e-06,6.073251568606112e-07
normal,appears,0.01,middle,InitialKupiecGate,500,0.00044347536671331063,6.146277698863181e-07,0.032365408769339174,0.00025597892083532864,0.0004511945667708304,3.1720110693791164e-06,0.03290666666666664,0.0004787633442429489,0.006833569441566164,4.4277962485523806e-05,6.655715700911553e-05,6.146277698865822e-07,-3.6897615959893996e-06,6.14627769886318e-07,-5.3506359931946e-06,1.933854368409608e-06,5.51115124324152e-05,8.056709849092682e-07,4.77303727750894e-05,9.243475700930407e-07
normal,appears,0.01,middle,PastSelectedRolling,500,0.0003957449939382212,7.25478605545132e-07,0.01570825456658208,0.00030420675492941066,0.0004008353848247828,2.088774394342524e-06,0.0164853333333333,0.0003467442696142994,0.0035668285854913596,8.174366975770888e-05,1.8826784234003552e-05,7.254786055451106e-07,-5.14201343710788e-05,7.25478605545132e-07,-5.3081008768284e-05,1.8145600483066836e-06,7.381139657325799e-06,5.867576601922521e-07,0.0,0.0
normal,appears,0.01,middle,Raw,500,0.0004471651283093,0.0,0.0338989391228427,0.0,0.0004550671487514964,3.1498210658375576e-06,0.0344853333333333,0.00042400263839228184,0.007071067811865399,3.882844402217134e-20,7.024691860510674e-05,0.0,0.0,0.0,-1.6608743972052005e-06,1.748306582389251e-06,5.88012740284046e-05,5.410993975969317e-07,5.14201343710788e-05,7.25478605545132e-07
normal,appears,0.01,middle,Rolling1000,500,0.00039860988989675906,7.067001073259739e-07,0.020184695509720935,0.00022770034390683788,0.00040462004346642985,2.192848955901005e-06,0.02071999999999997,0.00031223488865890074,0.003696201220627382,6.203244547387416e-05,2.1691680192541857e-05,7.067001073259576e-07,-4.8555238412541e-05,7.067001073259739e-07,-5.02161128097462e-05,1.7338641478466885e-06,1.0246035615863601e-05,4.6450833578564955e-07,2.8648959585378005e-06,6.277230464273404e-07
normal,appears,0.01,middle,Rolling125,500,0.0004063746614828954,8.543968665919064e-07,0.007591688033822141,0.0001735600870423459,0.0004072336402549746,1.9559766439734603e-06,0.00807999999999997,0.0001510524202630818,0.005507790568501747,0.00011102192196073587,2.9456451778678067e-05,8.543968665920121e-07,-4.0790466826404594e-05,8.543968665919064e-07,-4.24513412236098e-05,1.8965510612304565e-06,1.8010807202e-05,9.513351526657863e-07,1.06296675446742e-05,9.744714863942395e-07
normal,appears,0.01,middle,Rolling250,500,0.00039261691082328196,6.296626407789746e-07,0.00840279022869545,0.00018850299800441205,0.00039336271612698727,1.78028680354877e-06,0.00889066666666664,0.00016960037643379226,0.0036944562921996642,9.405961042930724e-05,1.569870111906417e-05,6.296626407789415e-07,-5.4548217486018e-05,6.296626407789746e-07,-5.62090918832232e-05,1.8164146987191882e-06,4.2530565423865995e-06,7.081728603835697e-07,-3.128083114939199e-06,7.84561778168681e-07
normal,appears,0.01,middle,Rolling500,500,0.00038836385428089545,5.410993975969317e-07,0.0141552629868136,0.00023852315206756772,0.0003925698290112614,1.8719912087433348e-06,0.014757333333333303,0.00026534996238629876,0.002562506476661624,5.518289273338679e-05,1.144564457667911e-05,5.410993975969562e-07,-5.88012740284046e-05,5.410993975969317e-07,-6.046214842560981e-05,1.8435761322743347e-06,0.0,0.0,-7.381139657325799e-06,5.867576601922521e-07
normal,appears,0.01,middle,Static-CP,500,0.0004488260027065052,1.748306582389251e-06,0.033567680471792746,0.00039115431359968566,0.0004570367061603592,3.706510582052748e-06,0.0341013333333333,0.0005934226408210727,0.006822472518692463,7.677727628745781e-05,7.190779300227801e-05,1.7483065823885772e-06,1.6608743972052005e-06,1.748306582389251e-06,0.0,0.0,6.046214842560981e-05,1.8435761322743347e-06,5.3081008768284e-05,1.8145600483066836e-06
normal,appears,0.01,middle,VolRolling250,500,0.00039261691082328196,6.296626407789746e-07,0.00840279022869545,0.00018850299800441205,0.00039336271612698727,1.78028680354877e-06,0.00889066666666664,0.00016960037643379226,0.0036944562921996642,9.405961042930724e-05,1.569870111906417e-05,6.296626407789415e-07,-5.4548217486018e-05,6.296626407789746e-07,-5.62090918832232e-05,1.8164146987191882e-06,4.2530565423865995e-06,7.081728603835697e-07,-3.128083114939199e-06,7.84561778168681e-07
normal,appears,0.01,middle,VolRolling500,500,0.00038836385428089545,5.410993975969317e-07,0.0141552629868136,0.00023852315206756772,0.0003925698290112614,1.8719912087433348e-06,0.014757333333333303,0.00026534996238629876,0.002562506476661624,5.518289273338679e-05,1.144564457667911e-05,5.410993975969562e-07,-5.88012740284046e-05,5.410993975969317e-07,-6.046214842560981e-05,1.8435761322743347e-06,0.0,0.0,-7.381139657325799e-06,5.867576601922521e-07
normal,appears,0.01,post,DtACI500,500,0.0003972431231392522,3.9313061035972183e-07,0.013651836213731205,0.00014880631466557495,0.000398770038513186,1.1118710193094664e-06,0.013981156418502628,7.821458147849508e-05,0.003394530178933965,3.9089480746532974e-05,2.0324913435034148e-05,3.9313061035973237e-07,-4.99220051700478e-05,3.9313061035972183e-07,-5.15828795672528e-05,1.7995792604707939e-06,7.354462950536798e-06,1.967580429654421e-07,3.239734519793799e-06,3.8170890533090686e-07
normal,appears,0.01,post,InitialKupiecGate,500,0.0004432860788452744,6.07434067701208e-07,0.032311501627506276,0.0002509367624266859,0.00044669712690618556,1.9668501631938053e-06,0.032716,0.0003560396276158957,0.006791094821725393,4.5924103983216856e-05,6.636786914107912e-05,6.0743406770151e-07,-3.8790494640256e-06,6.07434067701208e-07,-5.5399238612306015e-06,1.929275480115968e-06,5.3397418656558996e-05,7.408623022013489e-07,4.9282690225815996e-05,7.840570194945131e-07
normal,appears,0.01,post,PastSelectedRolling,500,0.00039400338861945837,4.663787722478927e-07,0.014362080332832783,0.00020856765773062064,0.00039624322740437637,1.1724241448525502e-06,0.01468,0.00019088235157889422,0.003179853424559789,5.651462747612182e-05,1.708517891524031e-05,4.66378772247868e-07,-5.31617396898416e-05,4.663787722478927e-07,-5.48226140870466e-05,1.733206577992499e-06,4.114728430742999e-06,3.5400372708505004e-07,0.0,0.0
normal,appears,0.01,post,Raw,500,0.0004471651283093,0.0,0.0338989391228427,0.0,0.0004505675394891182,1.8923615511467818e-06,0.034342,0.0002511737416550424,0.007071067811865399,3.882844402217134e-20,7.024691860510674e-05,0.0,0.0,0.0,-1.6608743972050006e-06,1.748306582389265e-06,5.727646812058459e-05,3.786011787895163e-07,5.31617396898416e-05,4.663787722478927e-07
normal,appears,0.01,post,Rolling1000,500,0.00039431371130747237,4.5318170276005343e-07,0.017389047976799785,0.0001682219295409187,0.00039713568795872364,1.1972985743763135e-06,0.017560000000000003,0.00015124334397981416,0.002974707807084909,4.201560816086662e-05,1.7395501603255112e-05,4.531817027600791e-07,-5.2851417001827606e-05,4.5318170276005343e-07,-5.4512291399032605e-05,1.6473508524331546e-06,4.4250511187569986e-06,2.9481526769757083e-07,3.1032268801399923e-07,3.8468083606249773e-07
normal,appears,0.01,post,Rolling125,500,0.0004063114383023016,5.335608244942088e-07,0.008568225937371093,0.00012058990257407321,0.0004069772374045724,1.261325894077649e-06,0.008905999999999999,9.158112362495239e-05,0.00532320849809345,6.780011439554624e-05,2.939322859808438e-05,5.335608244941586e-07,-4.08536900069984e-05,5.335608244942087e-07,-4.25145644042034e-05,1.819071156349979e-06,1.6422778113586198e-05,5.628712318183332e-07,1.23080496828432e-05,5.857885409493677e-07
normal,appears,0.01,post,Rolling250,500,0.00039377423915849065,4.248847842416956e-07,0.009300083586981084,0.00012933148294352783,0.0003941903715045616,1.1366320013123931e-06,0.009616,9.41638021921724e-05,0.0036816446545134556,5.911801842185299e-05,1.6856029454272205e-05,4.24884784241688e-07,-5.33908891508094e-05,4.248847842416956e-07,-5.50517635480144e-05,1.7881636756652162e-06,3.8855789697751994e-06,3.9591153465014655e-07,-2.2914946096780037e-07,4.612835656864551e-07
normal,appears,0.01,post,Rolling500,500,0.0003898886601887154,3.786011787895162e-07,0.013505700376480242,0.00015578078245134872,0.0003916147306538152,1.1014745613378877e-06,0.013774000000000003,0.00011860008414803019,0.0026139357439014734,4.0144035659198515e-05,1.2970450484496666e-05,3.786011787895227e-07,-5.727646812058459e-05,3.786011787895163e-07,-5.89373425177896e-05,1.7727449220521439e-06,0.0,0.0,-4.114728430742999e-06,3.5400372708505004e-07
normal,appears,0.01,post,Static-CP,500,0.00044882600270650504,1.748306582389265e-06,0.033567680471792746,0.00039115431359968566,0.00045291671499747023,2.689029168348117e-06,0.033974000000000004,0.00047863643161311347,0.006822472518692463,7.677727628745781e-05,7.190779300227801e-05,1.7483065823885772e-06,1.6608743972050006e-06,1.748306582389265e-06,0.0,0.0,5.89373425177896e-05,1.7727449220521439e-06,5.48226140870466e-05,1.733206577992499e-06
normal,appears,0.01,post,VolRolling250,500,0.00039377423915849065,4.248847842416956e-07,0.009300083586981084,0.00012933148294352783,0.0003941903715045616,1.1366320013123931e-06,0.009616,9.41638021921724e-05,0.0036816446545134556,5.911801842185299e-05,1.6856029454272205e-05,4.24884784241688e-07,-5.33908891508094e-05,4.248847842416956e-07,-5.50517635480144e-05,1.7881636756652162e-06,3.8855789697751994e-06,3.9591153465014655e-07,-2.2914946096780037e-07,4.612835656864551e-07
normal,appears,0.01,post,VolRolling500,500,0.0003898886601887154,3.786011787895162e-07,0.013505700376480242,0.00015578078245134872,0.0003916147306538152,1.1014745613378877e-06,0.013774000000000003,0.00011860008414803019,0.0026139357439014734,4.0144035659198515e-05,1.2970450484496666e-05,3.786011787895227e-07,-5.727646812058459e-05,3.786011787895163e-07,-5.89373425177896e-05,1.7727449220521439e-06,0.0,0.0,-4.114728430742999e-06,3.5400372708505004e-07
normal,appears,0.01,pre,DtACI500,500,0.00039264448581128263,4.2984835204790125e-07,0.013259535316275422,0.00022017605798206965,0.0003927320070807718,2.0882340042791468e-06,0.013089237509689348,0.00022086193930181917,0.00299989240931185,4.9147534029868275e-05,1.5726276107065578e-05,4.2984835204796843e-07,1.5726276107082617e-05,4.2984835204790125e-07,1.3057179252745599e-05,4.5705074258623274e-07,1.0536761573103799e-05,3.719282556919219e-07,7.241470215194799e-06,6.954986973187429e-07
normal,appears,0.01,pre,InitialKupiecGate,500,0.0003783892567855863,4.335577567613699e-07,0.010168121838229746,6.954837788865271e-05,0.00037899982170569224,1.988752963882873e-06,0.010104,0.00028991458903938547,0.0002921911238679138,6.406612465936662e-05,1.4710470813847742e-06,4.3355775676113437e-07,1.4710470813864014e-06,4.335577567613699e-07,-1.1980497729506184e-06,4.578060612716436e-07,-3.7184674525924175e-06,4.279145927396023e-07,-7.013758810501419e-06,5.500093374355354e-07
normal,appears,0.01,pre,PastSelectedRolling,500,0.0003854030155960878,6.701713333438891e-07,0.009620494077977073,0.0001714690614533123,0.0003864425232239252,2.051552620838277e-06,0.009600000000000001,0.00027832882327875327,0.0023404789859213905,0.00010207018679782973,8.484805891870368e-06,6.70171333343806e-07,8.484805891887818e-06,6.701713333438891e-07,5.8157090375508e-06,6.767207946310564e-07,3.2952913579090005e-06,6.062822318009079e-07,0.0,0.0
normal,appears,0.01,pre,Raw,500,0.0003769182097042,0.0,0.01,0.0,0.00037805666991769937,1.8959799223002375e-06,0.009992000000000001,0.00029017283219676197,0.0,0.0,0.0,0.0,0.0,0.0,-2.66909685433702e-06,1.692812308878747e-07,-5.189514533978819e-06,2.485459105585803e-07,-8.484805891887818e-06,6.701713333438891e-07
normal,appears,0.01,pre,Rolling1000,500,0.0003794509961023178,1.368254909917648e-07,0.009971767866903632,0.00012604489572100557,0.0003806504069201346,1.913015983387537e-06,0.009920000000000002,0.00028185472174213557,0.0013398530745844057,4.049162509062417e-05,2.5327863981015894e-06,1.368254909917876e-07,2.5327863981178203e-06,1.368254909917648e-07,-1.3631045621919973e-07,9.308989166222965e-08,-2.6567281358609993e-06,2.2182706716674113e-07,-5.95201949377e-06,6.595168474421403e-07
normal,appears,0.01,pre,Rolling125,500,0.0004067831490007058,1.0730292926193559e-06,0.00798540518774376,0.00020424696406331518,0.0004058477450423242,2.3841463824715196e-06,0.007744000000000002,0.00019842296072452242,0.005499661689922826,0.00013662010852452533,2.9864939296488673e-05,1.073029292619156e-06,2.9864939296505817e-05,1.0730292926193559e-06,2.71958424421688e-05,1.0812084616978944e-06,2.4675424762527e-05,1.0378998385363951e-06,2.1380133404618002e-05,9.97666027416468e-07
normal,appears,0.01,pre,Rolling250,500,0.0003921583224886884,6.754832679774839e-07,0.007832477691480304,0.000184231969548553,0.00039334562374534045,2.030284197041287e-06,0.007640000000000001,0.00020804654943898238,0.0036924132285412166,0.00010387449975361378,1.5240112784471063e-05,6.754832679774648e-07,1.5240112784488418e-05,6.754832679774839e-07,1.25710159301514e-05,6.861948508995905e-07,1.00505982505096e-05,6.105920136222837e-07,6.755306892600599e-06,6.671238767524713e-07
normal,appears,0.01,pre,Rolling500,500,0.00038210772423817883,2.485459105585803e-07,0.009927699245152629,0.0001687231721236768,0.0003836277710570624,1.9074576923793384e-06,0.009976,0.00027821152259136433,0.001930286862713022,5.47794735575343e-05,5.189514533961071e-06,2.485459105585048e-07,5.189514533978819e-06,2.485459105585803e-07,2.520417679641799e-06,2.569790407442421e-07,0.0,0.0,-3.2952913579090005e-06,6.062822318009079e-07
normal,appears,0.01,pre,Static-CP,500,0.000379587306558537,1.692812308878747e-07,0.009973444335096329,0.00013882483010727625,0.0003810037835544244,1.9350299634076135e-06,0.009968,0.00032141650414730814,0.0013592616408971657,4.8124915496463864e-05,2.6690968543184118e-06,1.6928123088786992e-07,2.66909685433702e-06,1.692812308878747e-07,0.0,0.0,-2.520417679641799e-06,2.569790407442421e-07,-5.8157090375508e-06,6.767207946310564e-07
normal,appears,0.01,pre,VolRolling250,500,0.0003921583224886884,6.754832679774839e-07,0.007832477691480304,0.000184231969548553,0.00039334562374534045,2.030284197041287e-06,0.007640000000000001,0.00020804654943898238,0.0036924132285412166,0.00010387449975361378,1.5240112784471063e-05,6.754832679774648e-07,1.5240112784488418e-05,6.754832679774839e-07,1.25710159301514e-05,6.861948508995905e-07,1.00505982505096e-05,6.105920136222837e-07,6.755306892600599e-06,6.671238767524713e-07
normal,appears,0.01,pre,VolRolling500,500,0.00038210772423817883,2.485459105585803e-07,0.009927699245152629,0.0001687231721236768,0.0003836277710570624,1.9074576923793384e-06,0.009976,0.00027821152259136433,0.001930286862713022,5.47794735575343e-05,5.189514533961071e-06,2.485459105585048e-07,5.189514533978819e-06,2.485459105585803e-07,2.520417679641799e-06,2.569790407442421e-07,0.0,0.0,-3.2952913579090005e-06,6.062822318009079e-07
normal,appears,0.05,acute,DtACI500,500,0.0016755944309629356,5.980763085870102e-06,0.11248804590990352,0.0012765085973863311,0.0016588743927984546,2.589357442635687e-05,0.11581008123120377,0.0027839634701213234,0.006145608790611135,8.125563036457413e-05,0.00021703621713410287,5.980763085869803e-06,-2.1357523466864692e-05,5.980763085870102e-06,-2.7096941090170198e-05,6.719668664334832e-06,-1.1819028236404598e-05,4.120811851550369e-06,-1.0034849119089397e-05,5.042971412837345e-06
normal,appears,0.05,acute,InitialKupiecGate,500,0.0016943397202468828,1.5120780328598145e-06,0.12534229878269848,0.0003466526639351066,0.0016970611798456012,2.97823764698595e-05,0.12869999999999998,0.0035138745892900787,0.007000681120255799,2.7611816679644044e-05,0.00023578150641808074,1.5120780328597207e-06,-2.612234182917407e-06,1.5120780328598145e-06,-8.35165180622291e-06,3.2961681366307955e-06,6.926261047542688e-06,4.3864770092681115e-06,8.71044016485789e-06,4.317534277927804e-06
normal,appears,0.05,acute,PastSelectedRolling,500,0.0016856292800820248,4.56467797176163e-06,0.12196425138838808,0.0009250668347229291,0.0016797628590352774,2.894633533308982e-05,0.1256,0.0034602350285646505,0.006689998790746865,6.654525000256752e-05,0.0002270710662531897,4.564677971761217e-06,-1.1322674347775297e-05,4.56467797176163e-06,-1.70620919710808e-05,4.6068432912556414e-06,-1.784179117315202e-06,3.930228174439914e-06,0.0,0.0
normal,appears,0.05,acute,Raw,500,0.0016969519544298,0.0,0.12613489819343024,1.2425102087094829e-18,0.001698787507954905,2.9828988468191626e-05,0.1293,0.003486736965895001,0.007071067811865399,3.882844402217134e-20,0.000238393740601,0.0,0.0,0.0,-5.7394176233055025e-06,3.155228808676504e-06,9.538495230460096e-06,4.344221605974096e-06,1.1322674347775297e-05,4.56467797176163e-06
normal,appears,0.05,acute,Rolling1000,500,0.0016964620345263825,3.125369512402907e-06,0.12533407696588278,0.0005992403052403607,0.0016980827261981778,2.970637061795366e-05,0.1298,0.0035254471425778347,0.006981179872892333,4.10771642427101e-05,0.00023790382069754123,3.1253695124028884e-06,-4.899199034175007e-07,3.125369512402907e-06,-6.229337526723003e-06,2.3753615613672565e-06,9.048575327042594e-06,3.1709349562368607e-06,1.0832754444357797e-05,3.2984283487464545e-06
normal,appears,0.05,acute,Rolling125,500,0.0016560322333325265,7.739335781651128e-06,0.11084848271097558,0.001584644006041982,0.0016356564854166308,2.614314202516755e-05,0.11560000000000001,0.003285554708033174,0.005684804244112785,0.00011467111753819376,0.0001974740195037006,7.739335781650406e-06,-4.091972109727349e-05,7.739335781651128e-06,-4.6659138720579e-05,8.3853318101593e-06,-3.1381225866813395e-05,6.988632325933629e-06,-2.9597046749498198e-05,6.744774672368812e-06
normal,appears,0.05,acute,Rolling250,500,0.0016593681489962713,5.67140454738981e-06,0.11546788601467539,0.0011435065760680406,0.001649997786410747,2.737893663066131e-05,0.1201,0.003344300928055785,0.006160133890165551,8.327747066136364e-05,0.00020080993516744577,5.671404547389141e-06,-3.7583805433528896e-05,5.67140454738981e-06,-4.33232230568344e-05,6.5155665969823264e-06,-2.8045310203068798e-05,4.476953496480903e-06,-2.62611310857536e-05,4.48535023994277e-06
normal,appears,0.05,acute,Rolling500,500,0.00168741345919934,4.344221605974096e-06,0.12272652377066655,0.000858424918422134,0.00168111124918429,2.9091858289214247e-05,0.12589999999999998,0.0034485017512910316,0.006757550046982443,6.066465199829321e-05,0.0002288552453705047,4.344221605973926e-06,-9.538495230460096e-06,4.344221605974096e-06,-1.52779128537656e-05,4.523194029174627e-06,0.0,0.0,1.784179117315202e-06,3.930228174439914e-06
normal,appears,0.05,acute,Static-CP,500,0.0017026913720531057,3.1552288086765047e-06,0.1265430604559164,0.0006047377614405092,0.0017052130806891636,3.0203209253669577e-05,0.1318,0.0036032606031132265,0.007064367171135539,4.141745478361574e-05,0.00024413315822426025,3.1552288086764183e-06,5.7394176233055025e-06,3.155228808676504e-06,0.0,0.0,1.52779128537656e-05,4.523194029174627e-06,1.70620919710808e-05,4.6068432912556414e-06
normal,appears,0.05,acute,VolRolling250,500,0.0016593681489962713,5.67140454738981e-06,0.11546788601467539,0.0011435065760680406,0.001649997786410747,2.737893663066131e-05,0.1201,0.003344300928055785,0.006160133890165551,8.327747066136364e-05,0.00020080993516744577,5.671404547389141e-06,-3.7583805433528896e-05,5.67140454738981e-06,-4.33232230568344e-05,6.5155665969823264e-06,-2.8045310203068798e-05,4.476953496480903e-06,-2.62611310857536e-05,4.48535023994277e-06
normal,appears,0.05,acute,VolRolling500,500,0.00168741345919934,4.344221605974096e-06,0.12272652377066655,0.000858424918422134,0.00168111124918429,2.9091858289214247e-05,0.12589999999999998,0.0034485017512910316,0.006757550046982443,6.066465199829321e-05,0.0002288552453705047,4.344221605973926e-06,-9.538495230460096e-06,4.344221605974096e-06,-1.52779128537656e-05,4.523194029174627e-06,0.0,0.0,1.784179117315202e-06,3.930228174439914e-06
normal,appears,0.05,early,DtACI500,500,0.001555147050830282,2.401844260213216e-06,0.07802067916151847,0.0008191470378719394,0.001563054708728638,9.147862567828111e-06,0.07719360266883199,0.0008116938732119169,0.004091547825872644,5.075755291520703e-05,9.658883700146941e-05,2.401844260212365e-06,-0.00014180490359951809,2.4018442602132165e-06,-0.00014754432122282362,4.044369886570705e-06,-5.54133083008834e-05,1.8929651254568133e-06,-6.00386888978224e-05,3.049717014918125e-06
normal,appears,0.05,early,InitialKupiecGate,500,0.0016900282119172224,1.6112590445912352e-06,0.12421642536120571,0.00044662823391316295,0.0016935649545048049,1.2695784641680996e-05,0.1237523809523809,0.0014777589259121339,0.006918642323502674,3.524132330231809e-05,0.00023146999808842098,1.6112590445911706e-06,-6.9237425125780055e-06,1.6112590445912352e-06,-1.2663160135883509e-05,3.3893691777089526e-06,7.94678527860567e-05,3.4674162234785174e-06,7.484247218911768e-05,3.4139110826164975e-06
normal,appears,0.05,early,PastSelectedRolling,500,0.0016151857397281044,3.489130369492222e-06,0.10561292198475211,0.0009449236533957874,0.0016243738369395692,1.14958989524221e-05,0.10470476190476186,0.0014787426260394183,0.005510115698521142,7.150929573715633e-05,0.00015662752589927202,3.4891303694914825e-06,-8.176621470169569e-05,3.489130369492222e-06,-8.75056323250012e-05,4.0250547095267475e-06,4.625380596939006e-06,2.9634079779843225e-06,0.0,0.0
normal,appears,0.05,early,Raw,500,0.0016969519544298,0.0,0.12613489819343024,1.2425102087094829e-18,0.001698844447461213,1.2724635950753633e-05,0.12548571428571423,0.0014158882216604306,0.007071067811865399,3.882844402217134e-20,0.000238393740601,0.0,0.0,0.0,-5.7394176233055025e-06,3.155228808676504e-06,8.63915952986347e-05,3.1838970609548874e-06,8.176621470169569e-05,3.489130369492222e-06
normal,appears,0.05,early,Rolling1000,500,0.0016514067652465196,2.6526429043845314e-06,0.11622845141285848,0.000550100666472107,0.0016561643736809988,1.2121935426461506e-05,0.11508571428571424,0.0013630316252959433,0.006334711567406752,3.9919030124555155e-05,0.00019284855141767614,2.652642904384411e-06,-4.55451891832805e-05,2.6526429043845314e-06,-5.1284606806585996e-05,2.5675523367362572e-06,4.0846406115354204e-05,2.3161017461631893e-06,3.6221025518415205e-05,2.7311144194222437e-06
normal,appears,0.05,early,Rolling125,500,0.0015158978806028651,2.373040946207882e-06,0.0677695225282239,0.0009105656207965531,0.0015295602277925061,8.970991753382165e-06,0.0675428571428571,0.000939074520722947,0.002926145334014147,6.280187258954722e-05,5.733966677406646e-05,2.3730409462071047e-06,-0.0001810540738269351,2.373040946207882e-06,-0.0001867934914502406,4.0464916751205215e-06,-9.46624785283004e-05,2.8758688626555207e-06,-9.928785912523941e-05,3.2939242627525304e-06
normal,appears,0.05,early,Rolling250,500,0.0015513367441560486,3.075183588538367e-06,0.08845217825056599,0.0008614296956130051,0.0015604936436148572,1.0060423759611211e-05,0.08735238095238092,0.0011470495993789243,0.004010168980504661,7.140539637360714e-05,9.277853032724016e-05,3.0751835885375195e-06,-0.0001456152102737515,3.075183588538366e-06,-0.000151354627897057,4.5417094621230085e-06,-5.92236149751168e-05,2.396961086201582e-06,-6.384899557205581e-05,3.0963501974178627e-06
normal,appears,0.05,early,Rolling500,500,0.0016105603591311654,3.1838970609548874e-06,0.10624724214239047,0.0007283263526162181,0.0016176107818185348,1.1435287839794612e-05,0.10512380952380948,0.001301052665511718,0.0055344035279554955,5.682021749020115e-05,0.00015200214530233496,3.183897060954161e-06,-8.63915952986347e-05,3.1838970609548874e-06,-9.21310129219402e-05,4.060193607642304e-06,0.0,0.0,-4.625380596939006e-06,2.9634079779843225e-06
normal,appears,0.05,early,Static-CP,500,0.0017026913720531057,3.1552288086765047e-06,0.1265430604559164,0.0006047377614405092,0.0017058640930119303,1.3362149095660331e-05,0.12575238095238092,0.0015728800983655514,0.007064367171135539,4.141745478361573e-05,0.00024413315822426025,3.1552288086764183e-06,5.7394176233055025e-06,3.155228808676504e-06,0.0,0.0,9.21310129219402e-05,4.060193607642304e-06,8.75056323250012e-05,4.0250547095267475e-06
normal,appears,0.05,early,VolRolling250,500,0.0015513367441560486,3.075183588538367e-06,0.08845217825056599,0.0008614296956130051,0.0015604936436148572,1.0060423759611211e-05,0.08735238095238092,0.0011470495993789243,0.004010168980504661,7.140539637360714e-05,9.277853032724016e-05,3.0751835885375195e-06,-0.0001456152102737515,3.075183588538366e-06,-0.000151354627897057,4.5417094621230085e-06,-5.92236149751168e-05,2.396961086201582e-06,-6.384899557205581e-05,3.0963501974178627e-06
normal,appears,0.05,early,VolRolling500,500,0.0016105603591311654,3.1838970609548874e-06,0.10624724214239047,0.0007283263526162181,0.0016176107818185348,1.1435287839794612e-05,0.10512380952380948,0.001301052665511718,0.0055344035279554955,5.682021749020115e-05,0.00015200214530233496,3.183897060954161e-06,-8.63915952986347e-05,3.1838970609548874e-06,-9.21310129219402e-05,4.060193607642304e-06,0.0,0.0,-4.625380596939006e-06,2.9634079779843225e-06
normal,appears,0.05,late,DtACI500,500,0.0014871964005761017,5.880320060445122e-07,0.046847527333395915,0.00038684869484716816,0.0014881565896579158,3.2181475335500044e-06,0.047178101309472066,0.00020702591226294748,0.0022234009968038525,3.140724980651028e-05,2.863818674730718e-05,5.880320060444903e-07,-0.0002097555538536983,5.880320060445122e-07,-0.00021549497147700382,3.2160666055067357e-06,2.1895902938560008e-05,4.773424922136241e-07,1.6288758183633803e-05,6.485509902166206e-07
normal,appears,0.05,late,InitialKupiecGate,500,0.0016821223213469368,2.500310802466902e-06,0.12118815869281865,0.0008405016331271003,0.0016838835717040137,6.210714058751706e-06,0.12153200000000002,0.0010432539045787644,0.006706337083366416,6.185499081069309e-05,0.00022356410751813674,2.5003108024668473e-06,-1.4829633082863607e-05,2.500310802466901e-06,-2.056905070616911e-05,3.937361542457774e-06,0.00021682182370939468,2.5130028861292822e-06,0.00021121467895446845,2.5594256277659993e-06
normal,appears,0.05,late,PastSelectedRolling,500,0.0014709076423924678,4.981573896102608e-07,0.05468498380250101,0.0004297035482053289,0.0014720696221684566,3.3409013328730714e-06,0.055036,0.0004868587792593287,0.0014373287520797714,3.0773295086829285e-05,1.2349428563675514e-05,4.981573896102354e-07,-0.0002260443120373321,4.981573896102608e-07,-0.0002317837296606376,3.189594431062403e-06,5.607144754926203e-06,4.5834206243764274e-07,0.0,0.0
normal,appears,0.05,late,Raw,500,0.0016969519544298,0.0,0.12613489819343024,1.2425102087094829e-18,0.0016985501423045705,5.642134365180777e-06,0.12637600000000002,0.0006476388810444297,0.007071067811865399,3.882844402217134e-20,0.000238393740601,0.0,0.0,0.0,-5.7394176233055025e-06,3.155228808676504e-06,0.0002316514567922583,2.7897326749888574e-07,0.0002260443120373321,4.981573896102608e-07
normal,appears,0.05,late,Rolling1000,500,0.00147120028973888,4.720583202948816e-07,0.06033995861578983,0.0003392374539614978,0.001471270765923626,3.4607340619745643e-06,0.060236000000000005,0.0004628055595732876,0.0014533020882830975,2.9196588250321216e-05,1.2642075910088664e-05,4.720583202949277e-07,-0.0002257516646909199,4.720583202948816e-07,-0.00023149108231422538,3.196579098047661e-06,5.899792101338402e-06,4.830938303422101e-07,2.9264734641219977e-07,5.010697568928321e-07
normal,appears,0.05,late,Rolling125,500,0.0014862784121550663,6.694680513846614e-07,0.04757118829149951,0.0003801024943261517,0.0014867696138037296,3.3333818540930933e-06,0.047792,0.00024092646829738842,0.002282655095794427,3.2481721797982626e-05,2.772019832627322e-05,6.69468051384689e-07,-0.00021067354227473389,6.694680513846614e-07,-0.00021641295989803942,3.2490786014845305e-06,2.09779145175244e-05,6.086494443190717e-07,1.5370769762598196e-05,7.164091092715499e-07
normal,appears,0.05,late,Rolling250,500,0.001472549086351819,4.4840198190616993e-07,0.0474826136483124,0.0003713816624602115,0.0014733075614323293,3.209843599484119e-06,0.047704,0.00025459458912085943,0.001613374727831396,2.935788016131631e-05,1.3990872523026013e-05,4.4840198190623473e-07,-0.00022440286807798133,4.4840198190616993e-07,-0.0002301422857012868,3.1955310823486477e-06,7.248588714277004e-06,3.362588540927093e-07,1.6414439593508012e-06,5.535495276143048e-07
normal,appears,0.05,late,Rolling500,500,0.0014653004976375417,2.7897326749888574e-07,0.04951677185733503,0.00034871482421592427,0.0014660288999076955,3.1601512278679907e-06,0.049536000000000004,0.0003547352282538748,0.00109567356859821,2.4722540103080795e-05,6.74228380874977e-06,2.7897326749888473e-07,-0.0002316514567922583,2.7897326749888574e-07,-0.00023739087441556378,3.172634613259903e-06,0.0,0.0,-5.607144754926203e-06,4.5834206243764274e-07
normal,appears,0.05,late,Static-CP,500,0.0017026913720531057,3.1552288086765047e-06,0.12654306045591643,0.0006047377614405091,0.001704692466692493,6.6239569525179184e-06,0.126604,0.0008925197763087405,0.00706436717113554,4.141745478361576e-05,0.00024413315822426025,3.1552288086764183e-06,5.7394176233055025e-06,3.155228808676504e-06,0.0,0.0,0.00023739087441556378,3.172634613259903e-06,0.0002317837296606376,3.189594431062403e-06
normal,appears,0.05,late,VolRolling250,500,0.001472549086351819,4.4840198190616993e-07,0.0474826136483124,0.0003713816624602115,0.0014733075614323293,3.209843599484119e-06,0.047704,0.00025459458912085943,0.001613374727831396,2.935788016131631e-05,1.3990872523026013e-05,4.4840198190623473e-07,-0.00022440286807798133,4.4840198190616993e-07,-0.0002301422857012868,3.1955310823486477e-06,7.248588714277004e-06,3.362588540927093e-07,1.6414439593508012e-06,5.535495276143048e-07
normal,appears,0.05,late,VolRolling500,500,0.0014653004976375417,2.7897326749888574e-07,0.04951677185733503,0.00034871482421592427,0.0014660288999076955,3.1601512278679907e-06,0.049536000000000004,0.0003547352282538748,0.00109567356859821,2.4722540103080795e-05,6.74228380874977e-06,2.7897326749888473e-07,-0.0002316514567922583,2.7897326749888574e-07,-0.00023739087441556378,3.172634613259903e-06,0.0,0.0,-5.607144754926203e-06,4.5834206243764274e-07
normal,appears,0.05,middle,DtACI500,500,0.0014982845317742762,7.781350368649022e-07,0.04977478341291845,0.00043291418589688687,0.0015064886258469774,4.120591997307117e-06,0.05049489565853779,0.0002663093390233826,0.0026164478941695423,3.4771594067046054e-05,3.9726317945484365e-05,7.781350368648647e-07,-0.0001986674226555241,7.781350368649022e-07,-0.0002044068402788296,3.2470113385157963e-06,6.831056261452598e-06,1.0372610323467256e-06,-1.6434834112760804e-05,1.7701310908905513e-06
normal,appears,0.05,middle,InitialKupiecGate,500,0.0016840805340153952,2.2279720011278317e-06,0.12194049968151172,0.00074682387527093,0.0016979815774575417,6.904448162526684e-06,0.12305599999999997,0.0010508966785518527,0.006773143065647587,5.28754666903026e-05,0.00022552232018659493,2.2279720011278275e-06,-1.2871420414405006e-05,2.227972001127832e-06,-1.861083803771051e-05,3.7356511544752847e-06,0.00019262705850257167,2.4438298036213753e-06,0.00016936116812835827,2.638706621165878e-06
normal,appears,0.05,middle,PastSelectedRolling,500,0.001514719365887037,1.7859121994101776e-06,0.07463643312956426,0.000857369756181145,0.0015249309453576406,5.030082869276171e-06,0.07534933333333331,0.0009117611128338245,0.0031545452986155393,6.0502457383398806e-05,5.616115205823585e-05,1.7859121994095648e-06,-0.0001822325885427633,1.7859121994101776e-06,-0.0001879720061660688,3.425276852799391e-06,2.32658903742134e-05,1.496085028865897e-06,0.0,0.0
normal,appears,0.05,middle,Raw,500,0.0016969519544298,0.0,0.1261348981934303,0.0,0.0017116834453292464,6.6637481516804784e-06,0.1272853333333333,0.0007714724437482688,0.007071067811865399,3.882844402217134e-20,0.000238393740601,0.0,0.0,0.0,-5.7394176233055025e-06,3.155228808676504e-06,0.0002054984789169767,1.0004058003887776e-06,0.0001822325885427633,1.7859121994101776e-06
normal,appears,0.05,middle,Rolling1000,500,0.0015439325209875665,1.5295572321445163e-06,0.08976880147304718,0.000430820953256244,0.001555291067868164,5.2072406840740346e-06,0.09075733333333329,0.000585709354359701,0.004198617641194508,3.7656172715514125e-05,8.537430715876037e-05,1.5295572321437536e-06,-0.00015301943344223366,1.5295572321445163e-06,-0.0001587588510655392,3.0157107275406538e-06,5.2479045474743014e-05,9.828729347670057e-07,2.9213155100529604e-05,1.6471144814582577e-06
normal,appears,0.05,middle,Rolling125,500,0.0014863321802288788,7.597219716969696e-07,0.04686337062802749,0.0004155418362189554,0.0014941159664636863,4.045991402138616e-06,0.04765866666666664,0.00027688160116618604,0.002301884822415018,3.6823166277220016e-05,2.777396640008575e-05,7.59721971696974e-07,-0.0002106197742009211,7.597219716969696e-07,-0.0002163591918242266,3.246910204409884e-06,-5.121295283944392e-06,1.2578360773771105e-06,-2.8387185658157794e-05,1.9084592902822466e-06
normal,appears,0.05,middle,Rolling250,500,0.0014748733509043189,5.215857419729526e-07,0.05061245769516352,0.00043273927800190537,0.0014830557234107853,4.006784894420105e-06,0.05147199999999998,0.00037642002908827766,0.0017039349588608493,3.1657975430612034e-05,1.6315137075525842e-05,5.215857419729108e-07,-0.0002220786035254813,5.215857419729526e-07,-0.0002278180211487868,3.20532723187114e-06,-1.6580124608504593e-05,9.301333929018664e-07,-3.984601498271799e-05,1.747310546469547e-06
normal,appears,0.05,middle,Rolling500,500,0.0014914534755128234,1.0004058003887776e-06,0.06800665511658255,0.0004678532086927256,0.0015008224659929215,4.507029416922448e-06,0.06874666666666664,0.0005013751741376853,0.002290402213512684,3.789445583337267e-05,3.289526168403238e-05,1.0004058003886436e-06,-0.0002054984789169767,1.0004058003887776e-06,-0.0002112378965402822,3.351313417050454e-06,0.0,0.0,-2.32658903742134e-05,1.496085028865897e-06
normal,appears,0.05,middle,Static-CP,500,0.0017026913720531057,3.1552288086765047e-06,0.1265430604559164,0.0006047377614405092,0.0017177384635471047,7.475171081030446e-06,0.1277333333333333,0.0009903925030895111,0.00706436717113554,4.141745478361573e-05,0.00024413315822426025,3.1552288086764183e-06,5.7394176233055025e-06,3.155228808676504e-06,0.0,0.0,0.0002112378965402822,3.351313417050454e-06,0.0001879720061660688,3.425276852799391e-06
normal,appears,0.05,middle,VolRolling250,500,0.0014748733509043189,5.215857419729526e-07,0.05061245769516352,0.00043273927800190537,0.0014830557234107853,4.006784894420105e-06,0.05147199999999998,0.00037642002908827766,0.0017039349588608493,3.1657975430612034e-05,1.6315137075525842e-05,5.215857419729108e-07,-0.0002220786035254813,5.215857419729526e-07,-0.0002278180211487868,3.20532723187114e-06,-1.6580124608504593e-05,9.301333929018664e-07,-3.984601498271799e-05,1.747310546469547e-06
normal,appears,0.05,middle,VolRolling500,500,0.0014914534755128234,1.0004058003887776e-06,0.06800665511658255,0.0004678532086927256,0.0015008224659929215,4.507029416922448e-06,0.06874666666666664,0.0005013751741376853,0.002290402213512684,3.789445583337267e-05,3.289526168403238e-05,1.0004058003886436e-06,-0.0002054984789169767,1.0004058003887776e-06,-0.0002112378965402822,3.351313417050454e-06,0.0,0.0,-2.32658903742134e-05,1.496085028865897e-06
normal,appears,0.05,post,DtACI500,500,0.0015022572286598462,6.620234569911979e-07,0.052531239676699884,0.00029631747805042026,0.0015063097617940523,2.5551541244222423e-06,0.05294616643153914,0.00011401496055766964,0.0026453931562443593,2.5678162205850643e-05,4.36990148310494e-05,6.620234569912512e-07,-0.0001946947257699541,6.620234569911979e-07,-0.0002004341433932596,3.23464960688549e-06,7.454819631006798e-06,5.660210926069855e-07,-4.523443017118394e-06,1.0090958814290815e-06
normal,appears,0.05,post,InitialKupiecGate,500,0.001683931117585487,2.2125774879974583e-06,0.12187133736555678,0.0007343301410753976,0.0016904504212185037,4.575902949465875e-06,0.12248,0.0008582285899603034,0.0067595682576739495,5.320730154641171e-05,0.00022537290375668767,2.2125774879973097e-06,-1.3020836844313207e-05,2.2125774879974583e-06,-1.8760254467618713e-05,3.741394580682207e-06,0.00018912870855664768,2.3360783335228273e-06,0.00017715044590852248,2.342781665320409e-06
normal,appears,0.05,post,PastSelectedRolling,500,0.0015067806716769646,1.0672613094869244e-06,0.06885979616100384,0.0005651014723252625,0.0015120384256527032,2.7908941473515143e-06,0.06928,0.0005494934814648348,0.002613980987180371,3.444176234377572e-05,4.822245784817003e-05,1.0672613094867876e-06,-0.00019017128275283568,1.0672613094869244e-06,-0.00019591070037614118,3.1202460394717766e-06,1.1978262648125193e-05,8.373895298241738e-07,0.0,0.0
normal,appears,0.05,post,Raw,500,0.0016969519544298,0.0,0.12613489819343024,1.2425102087094829e-18,0.00170351078029328,3.989829994195457e-06,0.12668200000000002,0.00046133220873208853,0.007071067811865399,3.882844402217134e-20,0.000238393740601,0.0,0.0,0.0,-5.7394176233055025e-06,3.155228808676504e-06,0.00020214954540096085,7.155228394218784e-07,0.00019017128275283568,1.0672613094869244e-06
normal,appears,0.05,post,Rolling1000,500,0.0015219017912811918,9.814258403825785e-07,0.0785439487979554,0.0003350452647938072,0.0015267284471728404,2.821689221878468e-06,0.078832,0.0003087624012746399,0.003105900971625046,2.8431364083259752e-05,6.334357745239461e-05,9.814258403823616e-07,-0.0001750501631486081,9.814258403825785e-07,-0.0001807895807719136,2.8921958077998843e-06,2.709938225235279e-05,5.858984392961455e-07,1.5121119604227599e-05,8.868416759150615e-07
normal,appears,0.05,post,Rolling125,500,0.001492803695793315,5.858375206111816e-07,0.05069212765094308,0.00027654052843843383,0.0014969952479522918,2.5058341874363167e-06,0.05117200000000001,0.00015987480071545863,0.002425475701256588,2.3727840718468622e-05,3.4245481964521246e-05,5.858375206111944e-07,-0.0002041482586364853,5.858375206111816e-07,-0.0002098876762597908,3.23583935495681e-06,-1.9987132355244056e-06,7.249543110109377e-07,-1.3976975883649597e-05,1.0707115404159759e-06
normal,appears,0.05,post,Rolling250,500,0.0014854297708813396,5.551412796974415e-07,0.05431781489644545,0.0002952147162598438,0.001489651465302986,2.511326067240582e-06,0.054728000000000006,0.00017026453542663575,0.0019899333942448175,2.2680002993912785e-05,2.6871557052546994e-05,5.551412796973777e-07,-0.00021152218354846051,5.551412796974415e-07,-0.00021726160117176602,3.231529086248786e-06,-9.372638147499607e-06,4.971035337955656e-07,-2.1350900795624802e-05,9.410083399801903e-07
normal,appears,0.05,post,Rolling500,500,0.0014948024090288392,7.155228394218782e-07,0.0638713724977503,0.0003241548556996912,0.001499294231775826,2.6267946328501754e-06,0.064104,0.00021940520798417973,0.0021230009857413383,2.302179300678208e-05,3.624419520004734e-05,7.155228394218486e-07,-0.00020214954540096085,7.155228394218784e-07,-0.0002078889630242664,3.1686868353789143e-06,0.0,0.0,-1.1978262648125193e-05,8.373895298241738e-07
normal,appears,0.05,post,Static-CP,500,0.0017026913720531057,3.1552288086765047e-06,0.1265430604559164,0.0006047377614405091,0.0017097181485564471,5.325917681178424e-06,0.12704200000000002,0.0007805093604329463,0.00706436717113554,4.141745478361576e-05,0.00024413315822426025,3.1552288086764183e-06,5.7394176233055025e-06,3.155228808676504e-06,0.0,0.0,0.0002078889630242664,3.1686868353789143e-06,0.00019591070037614118,3.1202460394717766e-06
normal,appears,0.05,post,VolRolling250,500,0.0014854297708813396,5.551412796974415e-07,0.05431781489644545,0.0002952147162598438,0.001489651465302986,2.511326067240582e-06,0.054728000000000006,0.00017026453542663575,0.0019899333942448175,2.2680002993912785e-05,2.6871557052546994e-05,5.551412796973777e-07,-0.00021152218354846051,5.551412796974415e-07,-0.00021726160117176602,3.231529086248786e-06,-9.372638147499607e-06,4.971035337955656e-07,-2.1350900795624802e-05,9.410083399801903e-07
normal,appears,0.05,post,VolRolling500,500,0.0014948024090288392,7.155228394218782e-07,0.0638713724977503,0.0003241548556996912,0.001499294231775826,2.6267946328501754e-06,0.064104,0.00021940520798417973,0.0021230009857413383,2.302179300678208e-05,3.624419520004734e-05,7.155228394218486e-07,-0.00020214954540096085,7.155228394218784e-07,-0.0002078889630242664,3.1686868353789143e-06,0.0,0.0,-1.1978262648125193e-05,8.373895298241738e-07
normal,appears,0.05,pre,DtACI500,500,0.0014889207592223993,7.321419720520732e-07,0.05162616167124834,0.00048555672090280197,0.001492349768451079,4.962338320837507e-06,0.05161219295914396,0.0004101941855911971,0.0021551135101484926,3.543057420098072e-05,3.0362545393603877e-05,7.321419720520215e-07,3.0362545393599276e-05,7.321419720520733e-07,2.7251745093896003e-05,7.425969953108256e-07,2.3614486571544396e-05,5.984401729286831e-07,2.0906064971594798e-05,6.898018926703682e-07
normal,appears,0.05,pre,InitialKupiecGate,500,0.001459956643759943,3.412416705940507e-07,0.04987337993665348,0.00015074306369475358,0.0014636908343277925,4.778756894538353e-06,0.049704000000000005,0.0005995997061500534,0.0001293069858256814,2.6142960449243037e-05,1.3984299311433032e-06,3.412416705940773e-07,1.3984299311428058e-06,3.412416705940507e-07,-1.7123703685604686e-06,3.664304307745944e-07,-5.3496288909120715e-06,3.616387752002284e-07,-8.05805049086167e-06,6.652670373422222e-07
normal,appears,0.05,pre,PastSelectedRolling,500,0.0014680146942508043,7.168411979932693e-07,0.049356453280047216,0.0004122963189607493,0.0014718878728205537,4.8711036889820395e-06,0.049176000000000004,0.0006058515992556603,0.0011796247909470626,4.322078085016595e-05,9.456480422012292e-06,7.168411979931043e-07,9.456480422004476e-06,7.168411979932693e-07,6.345680122301201e-06,7.173609409562553e-07,2.7084215999495983e-06,6.092402278904052e-07,0.0,0.0
normal,appears,0.05,pre,Raw,500,0.0014585582138288004,1.941422201108567e-20,0.0499999999999999,0.0,0.001461948596958595,4.724322320408102e-06,0.049688,0.000585514274746452,0.0,0.0,0.0,0.0,0.0,0.0,-3.1108002997032744e-06,1.7907220416406226e-07,-6.7480588220548765e-06,3.501156689907337e-07,-9.456480422004476e-06,7.168411979932693e-07
normal,appears,0.05,pre,Rolling1000,500,0.001461684355765971,1.6447833944147144e-07,0.0502911368503036,0.00028605002591577293,0.0014658048490941082,4.762777943638131e-06,0.04992,0.0006027219487416979,0.0007505232513759563,2.137727443177965e-05,3.126141937176235e-06,1.6447833944149166e-07,3.1261419371708753e-06,1.6447833944147144e-07,1.5341637467601153e-08,1.1165553237435906e-07,-3.621916884884002e-06,2.9640694478554727e-07,-6.3303384848336e-06,6.923166375089102e-07
normal,appears,0.05,pre,Rolling125,500,0.0014866289189269092,9.855055966179782e-07,0.04743697853559949,0.0004953680467478173,0.001490527228377999,5.023550022801061e-06,0.047824000000000005,0.0004057330237645764,0.002274540689439351,4.6237031570623284e-05,2.807070509811414e-05,9.855055966177963e-07,2.8070705098109274e-05,9.855055966179782e-07,2.4959904798405998e-05,9.97245701860133e-07,2.1322646276054398e-05,9.378826565400229e-07,1.8614224676104803e-05,8.596392187050338e-07
normal,appears,0.05,pre,Rolling250,500,0.001472798835890147,6.46579170262256e-07,0.0475171354512603,0.0004776646991788387,0.001475809738952446,4.814038237692699e-06,0.047408000000000006,0.0005122028656217204,0.0016065276328616372,4.0884870458930566e-05,1.424062206135479e-05,6.465791702621469e-07,1.4240622061346877e-05,6.46579170262256e-07,1.1129821761643602e-05,6.599258632509133e-07,7.492563239292e-06,5.106698373862289e-07,4.784141639342401e-06,5.26545696158698e-07
normal,appears,0.05,pre,Rolling500,500,0.0014653062726508548,3.501156689907338e-07,0.05028632148478142,0.00040094341033848136,0.001469571317289955,4.805629428346489e-06,0.05026400000000001,0.0006030422272575208,0.0010832195159810102,3.0479053197594042e-05,6.7480588220644284e-06,3.501156689907964e-07,6.7480588220548765e-06,3.501156689907337e-07,3.637258522351603e-06,3.4329159012365177e-07,0.0,0.0,-2.7084215999495983e-06,6.092402278904052e-07
normal,appears,0.05,pre,Static-CP,500,0.0014616690141285031,1.7907220416406226e-07,0.05031293371215322,0.00030158784058243425,0.0014655575340643031,4.7596173237088975e-06,0.05000800000000001,0.0006706201120376115,0.0007467494451002929,2.445385575755299e-05,3.110800299710482e-06,1.7907220416408942e-07,3.1108002997032744e-06,1.7907220416406226e-07,0.0,0.0,-3.637258522351603e-06,3.4329159012365177e-07,-6.345680122301201e-06,7.173609409562553e-07
normal,appears,0.05,pre,VolRolling250,500,0.001472798835890147,6.46579170262256e-07,0.0475171354512603,0.0004776646991788387,0.001475809738952446,4.814038237692699e-06,0.047408000000000006,0.0005122028656217204,0.0016065276328616372,4.0884870458930566e-05,1.424062206135479e-05,6.465791702621469e-07,1.4240622061346877e-05,6.46579170262256e-07,1.1129821761643602e-05,6.599258632509133e-07,7.492563239292e-06,5.106698373862289e-07,4.784141639342401e-06,5.26545696158698e-07
normal,appears,0.05,pre,VolRolling500,500,0.0014653062726508548,3.501156689907338e-07,0.05028632148478142,0.00040094341033848136,0.001469571317289955,4.805629428346489e-06,0.05026400000000001,0.0006030422272575208,0.0010832195159810102,3.0479053197594042e-05,6.7480588220644284e-06,3.501156689907964e-07,6.7480588220548765e-06,3.501156689907337e-07,3.637258522351603e-06,3.4329159012365177e-07,0.0,0.0,-2.7084215999495983e-06,6.092402278904052e-07
normal,biased,0.01,acute,DtACI500,500,0.0003930739185495974,7.590091203338722e-07,0.013221522354131892,0.00030755610660556623,0.0003825992183098002,6.666722795093871e-06,0.012022549026168726,0.000928792470389308,0.003040806979580173,7.440529161785027e-05,1.6155708845379038e-05,7.590091203338321e-07,-5.409120975970261e-05,7.590091203338722e-07,1.3486611991060397e-05,7.649301082687383e-07,1.06873028940664e-05,6.904932086769315e-07,9.103692464445999e-06,9.263439877293069e-07
normal,biased,0.01,acute,InitialKupiecGate,500,0.0004011571176527568,1.4055548144025824e-06,0.015786445615586085,0.0005118510084513668,0.0003943696545158444,8.34075405721069e-06,0.0145,0.0012933853607424068,0.003525149103415963,0.0001381780030473756,2.4238907948546717e-05,1.4055548144029602e-06,-4.60080106565432e-05,1.4055548144025824e-06,2.15698110942198e-05,1.4092993265250557e-06,1.87705019972258e-05,1.3746036213353736e-06,1.71868915676054e-05,1.304632221032195e-06
normal,biased,0.01,acute,PastSelectedRolling,500,0.0003839702260851514,7.130022806641527e-07,0.009694187128676968,0.00019226205956590845,0.00037737335921881146,5.877436497262793e-06,0.009100000000000002,0.0009519413767504484,0.002122037885449265,0.00010799609822568982,7.0520163809351524e-06,7.130022806641118e-07,-6.31949022241486e-05,7.130022806641527e-07,4.3829195266143995e-06,7.282133264342986e-07,1.5836104296203995e-06,6.469391249945282e-07,0.0,0.0
normal,biased,0.01,acute,Raw,500,0.0004471651283093,0.0,0.0338989391228427,0.0,0.0004351218054473684,1.292712218202724e-05,0.0315,0.00179776637187809,0.007071067811865399,3.882844402217134e-20,7.024691860510677e-05,0.0,0.0,0.0,6.757782175076298e-05,1.692812308878747e-07,6.4778512653769e-05,3.2620867337074157e-07,6.31949022241486e-05,7.130022806641527e-07
normal,biased,0.01,acute,Rolling1000,500,0.0003794482109709872,1.4752156776076863e-07,0.009982701077376943,0.00013490950062181313,0.00037468679208054937,5.951601329979074e-06,0.0095,0.00098561802224368,0.0013501306706938684,4.388931574632998e-05,2.530001266771473e-06,1.4752156776077437e-07,-6.77169173383128e-05,1.475215677607686e-07,-1.3909558754979982e-07,1.5225354619054605e-07,-2.9384046845437995e-06,3.129958428309956e-07,-4.5220151141641995e-06,6.960921455892411e-07
normal,biased,0.01,acute,Rolling125,500,0.00040415993176214337,1.5279850225526194e-06,0.00824096912505599,0.00034182811468001106,0.00040187852436335703,6.428250607641757e-06,0.007300000000000001,0.000851392823248445,0.005131676438827949,0.0001951221848503617,2.724172205792036e-05,1.5279850225523228e-06,-4.3005196547156594e-05,1.5279850225526199e-06,2.45726252036064e-05,1.5353378930716548e-06,2.17733161066124e-05,1.501289487969017e-06,2.0189705676992e-05,1.4543546217405694e-06
normal,biased,0.01,acute,Rolling250,500,0.00039126642411427184,8.871313746588792e-07,0.007986950895259195,0.00023635162205547884,0.0003837173059713176,5.125605086957071e-06,0.0070999999999999995,0.0008429716498227029,0.0035360741949147056,0.00013524113349514877,1.4348214410055154e-05,8.87131374658682e-07,-5.58987041950282e-05,8.871313746588792e-07,1.1679117555734798e-05,9.06932817496124e-07,8.8798084587408e-06,8.096971363253671e-07,7.296198029120399e-06,8.410510436200449e-07
normal,biased,0.01,acute,Rolling500,500,0.000382386615655531,3.2620867337074157e-07,0.00990670210764149,0.00019579312927773052,0.0003757402716330426,5.795456949874246e-06,0.009600000000000001,0.0009578700486287899,0.0019839678978916535,6.867192675085026e-05,5.468405951314531e-06,3.262086733707309e-07,-6.4778512653769e-05,3.2620867337074157e-07,2.799309096994e-06,3.493637149608812e-07,0.0,0.0,-1.5836104296203995e-06,6.469391249945282e-07
normal,biased,0.01,acute,Static-CP,500,0.000379587306558537,1.692812308878747e-07,0.009973444335096329,0.00013882483010727625,0.000375432083779656,6.044608924818056e-06,0.009,0.0009694739602067908,0.0013592616408971657,4.8124915496463864e-05,2.6690968543184118e-06,1.6928123088786992e-07,-6.757782175076298e-05,1.692812308878747e-07,0.0,0.0,-2.799309096994e-06,3.493637149608812e-07,-4.3829195266143995e-06,7.282133264342986e-07
normal,biased,0.01,acute,VolRolling250,500,0.00039126642411427184,8.871313746588792e-07,0.007986950895259195,0.00023635162205547884,0.0003837173059713176,5.125605086957071e-06,0.0070999999999999995,0.0008429716498227029,0.0035360741949147056,0.00013524113349514877,1.4348214410055154e-05,8.87131374658682e-07,-5.58987041950282e-05,8.871313746588792e-07,1.1679117555734798e-05,9.06932817496124e-07,8.8798084587408e-06,8.096971363253671e-07,7.296198029120399e-06,8.410510436200449e-07
normal,biased,0.01,acute,VolRolling500,500,0.000382386615655531,3.2620867337074157e-07,0.00990670210764149,0.00019579312927773052,0.0003757402716330426,5.795456949874246e-06,0.009600000000000001,0.0009578700486287899,0.0019839678978916535,6.867192675085026e-05,5.468405951314531e-06,3.262086733707309e-07,-6.4778512653769e-05,3.2620867337074157e-07,2.799309096994e-06,3.493637149608812e-07,0.0,0.0,-1.5836104296203995e-06,6.469391249945282e-07
normal,biased,0.01,early,DtACI500,500,0.00039224819981602575,6.024415137811361e-07,0.012828421490570459,0.0002708995515808131,0.00039305069704563946,3.237694396003416e-06,0.012867305491665154,0.00038752003703863434,0.003043990641707756,6.31793323529702e-05,1.5329990111807424e-05,6.024415137811955e-07,-5.49169284932742e-05,6.024415137811361e-07,1.26608932574888e-05,6.156497124687021e-07,9.859959297744e-06,5.055661648353922e-07,8.320893227151601e-06,7.081551975029086e-07
normal,biased,0.01,early,InitialKupiecGate,500,0.00040097752649292007,1.3534891533381391e-06,0.01590998183381416,0.0005077960858274405,0.00040687709754487077,4.618336011227783e-06,0.016399999999999977,0.0007759835785506593,0.0034875239488286933,0.00012844778913989737,2.4059316788708124e-05,1.3534891533386046e-06,-4.618760181638e-05,1.3534891533381391e-06,2.1390219934383e-05,1.3535500521032187e-06,1.85892859746382e-05,1.3349869122166895e-06,1.70502199040458e-05,1.291693967342189e-06
normal,biased,0.01,early,PastSelectedRolling,500,0.0003839273065888742,5.865649381777903e-07,0.00963376710139292,0.00018467739998934713,0.0003862423075880076,2.9970147370670107e-06,0.009828571428571407,0.00043205653198099105,0.002117239986677225,9.363129908824421e-05,7.009096884654915e-06,5.865649381778039e-07,-6.32378217204258e-05,5.865649381777903e-07,4.3400000303372e-06,5.962475807320961e-07,1.5390660705924013e-06,5.214631278136754e-07,0.0,0.0
normal,biased,0.01,early,Raw,500,0.0004471651283093,0.0,0.0338989391228427,0.0,0.00045347790941778075,6.102388597290549e-06,0.03529523809523805,0.0008301749480566281,0.007071067811865399,3.882844402217134e-20,7.024691860510674e-05,0.0,0.0,0.0,6.757782175076298e-05,1.692812308878747e-07,6.47768877910182e-05,3.0457558899992126e-07,6.32378217204258e-05,5.865649381777903e-07
normal,biased,0.01,early,Rolling1000,500,0.0003793670610856172,1.3394328414697935e-07,0.009999485852767684,0.00012855863045331927,0.00038233058718384897,3.0097674404146997e-06,0.01017142857142855,0.00044945988375423096,0.0013284582358547275,4.0839501932675104e-05,2.4488513813988607e-06,1.3394328414697977e-07,-6.77980672236828e-05,1.3394328414697935e-07,-2.2024547291979987e-07,1.5694364366438486e-07,-3.021179432664599e-06,2.791433895343316e-07,-4.5602455032569995e-06,5.636325215105673e-07
normal,biased,0.01,early,Rolling125,500,0.000404608411362784,1.3000967150261347e-06,0.00824464271607565,0.00028192305736850394,0.00040387229529997636,3.3197747232634254e-06,0.008495238095238077,0.0003678281308480851,0.0051980032624204696,0.0001681912524155954,2.7690201658565603e-05,1.3000967150259803e-06,-4.2556716946516e-05,1.300096715026135e-06,2.5021104804246997e-05,1.310498328239177e-06,2.22201708445022e-05,1.2614764305588206e-06,2.06811047739098e-05,1.2363325136476725e-06
normal,biased,0.01,early,Rolling250,500,0.0003914579147631546,7.544235083866934e-07,0.008173068895117793,0.00023038648539545155,0.000392611531083843,2.831585665295661e-06,0.00822857142857141,0.00040480349842144037,0.0035604849285101057,0.00011549254709769054,1.453970505893642e-05,7.544235083866883e-07,-5.57072135461454e-05,7.544235083866934e-07,1.18706082046176e-05,7.759536997663848e-07,9.069674244872803e-06,6.722364692207484e-07,7.5306081742804015e-06,7.532092194825088e-07
normal,biased,0.01,early,Rolling500,500,0.0003823882405182818,3.0457558899992126e-07,0.00996281880539325,0.00018746813693744425,0.0003842419770622798,2.969640204447844e-06,0.00999999999999998,0.00042708971842189474,0.0019901518757512305,6.251658012333581e-05,5.470030814062183e-06,3.0457558899988536e-07,-6.47768877910182e-05,3.0457558899992126e-07,2.800933959744799e-06,3.3852270063374014e-07,0.0,0.0,-1.5390660705924013e-06,5.214631278136754e-07
normal,biased,0.01,early,Static-CP,500,0.000379587306558537,1.692812308878747e-07,0.009973444335096327,0.00013882483010727622,0.00038256729897686036,3.0734403754079807e-06,0.010095238095238074,0.00046555544650472673,0.0013592616408971657,4.8124915496463864e-05,2.6690968543184118e-06,1.6928123088786992e-07,-6.757782175076298e-05,1.692812308878747e-07,0.0,0.0,-2.800933959744799e-06,3.3852270063374014e-07,-4.3400000303372e-06,5.962475807320961e-07
normal,biased,0.01,early,VolRolling250,500,0.0003914579147631546,7.544235083866934e-07,0.008173068895117793,0.00023038648539545155,0.000392611531083843,2.831585665295661e-06,0.00822857142857141,0.00040480349842144037,0.0035604849285101057,0.00011549254709769054,1.453970505893642e-05,7.544235083866883e-07,-5.57072135461454e-05,7.544235083866934e-07,1.18706082046176e-05,7.759536997663848e-07,9.069674244872803e-06,6.722364692207484e-07,7.5306081742804015e-06,7.532092194825088e-07
normal,biased,0.01,early,VolRolling500,500,0.0003823882405182818,3.0457558899992126e-07,0.00996281880539325,0.00018746813693744425,0.0003842419770622798,2.969640204447844e-06,0.00999999999999998,0.00042708971842189474,0.0019901518757512305,6.251658012333581e-05,5.470030814062183e-06,3.0457558899988536e-07,-6.47768877910182e-05,3.0457558899992126e-07,2.800933959744799e-06,3.3852270063374014e-07,0.0,0.0,-1.5390660705924013e-06,5.214631278136754e-07
normal,biased,0.01,late,DtACI500,500,0.0003905584640179622,3.395574493935601e-07,0.012014937310729635,0.00017787578610322784,0.00039089686906889666,1.3517263625973419e-06,0.012023236485636751,0.00012761030029252298,0.002910302877878147,4.349096588895967e-05,1.364025431374671e-05,3.395574493936008e-07,-5.66066642913378e-05,3.395574493935601e-07,1.0971157459425202e-05,3.746203334577967e-07,8.093825407815402e-06,2.3381527320091454e-07,6.400464426144202e-06,4.839766084750541e-07
normal,biased,0.01,late,InitialKupiecGate,500,0.0004010806687524086,1.3013216871926654e-06,0.015654062798813918,0.0005025896731705335,0.00040240537262181296,2.1750812567332247e-06,0.015916000000000003,0.0005512764273926445,0.0035225686608196406,0.00011667313556852788,2.4162459048197695e-05,1.3013216871931027e-06,-4.60844595568914e-05,1.3013216871926654e-06,2.14933621938716e-05,1.3088189398850989e-06,1.8616030142261797e-05,1.3036415770298637e-06,1.6922669160590598e-05,1.280990018202413e-06
normal,biased,0.01,late,PastSelectedRolling,500,0.00038415799959181794,4.567645243771622e-07,0.009246954933594377,0.00013639720130697797,0.00038452937475690817,1.3316012637724503e-06,0.009356000000000001,0.0001724587255665775,0.002180768259078448,7.671229559406698e-05,7.239789887601019e-06,4.567645243771597e-07,-6.3007128717482e-05,4.567645243771622e-07,4.570693033281e-06,4.91031375538534e-07,1.6933609816711993e-06,4.281234444932257e-07,0.0,0.0
normal,biased,0.01,late,Raw,500,0.0004471651283093,0.0,0.0338989391228427,0.0,0.0004471994842189844,2.579807343494776e-06,0.034148,0.00036377583443025855,0.007071067811865399,3.882844402217134e-20,7.024691860510674e-05,0.0,0.0,0.0,6.757782175076298e-05,1.692812308878747e-07,6.47004896991532e-05,2.5682338867995925e-07,6.3007128717482e-05,4.567645243771622e-07
normal,biased,0.01,late,Rolling1000,500,0.00037979000408231876,1.503850731720481e-07,0.009719298119494664,0.000127660917796232,0.00037997395982509465,1.2283823810026035e-06,0.009720000000000001,0.00018730019414151954,0.001429541643038191,4.1181614171117735e-05,2.8717943781021847e-06,1.5038507317195024e-07,-6.73751242269812e-05,1.503850731720481e-07,2.026975237817989e-07,2.259574332935783e-07,-2.674634527828001e-06,2.1635346878186057e-07,-4.367995509499201e-06,4.3399677699345424e-07
normal,biased,0.01,late,Rolling125,500,0.000404735651445889,7.066034665234648e-07,0.007848152167422571,0.000143767102588484,0.00040578841681940833,1.6216662618773692e-06,0.008060000000000003,0.00011962198308703693,0.0052635402437283185,9.261919907602963e-05,2.7817441741670195e-05,7.066034665234728e-07,-4.2429476863411005e-05,7.066034665234648e-07,2.5148344887352e-05,7.241899465946508e-07,2.2271012835742205e-05,6.810073420746728e-07,2.0577651854071e-05,7.141044259001914e-07
normal,biased,0.01,late,Rolling250,500,0.0003915509223303444,4.893553509307632e-07,0.007655742040919842,0.0001372192838453176,0.0003919836727376778,1.4018570822853402e-06,0.007772000000000001,0.00012357416051219036,0.0036106848455792003,7.62636738222022e-05,1.4632712626129139e-05,4.893553509306575e-07,-5.56142059789556e-05,4.893553509307632e-07,1.19636157718074e-05,5.139796363355765e-07,9.086283720197598e-06,4.2656586437242876e-07,7.3929227385264006e-06,5.382495527921656e-07
normal,biased,0.01,late,Rolling500,500,0.0003824646386101468,2.5682338867995925e-07,0.009694397384709392,0.00015458421542757816,0.000382556102763664,1.2627998291475113e-06,0.00978,0.00016944800161259205,0.001996638660219348,5.0066553412316486e-05,5.546428905930117e-06,2.5682338867999276e-07,-6.47004896991532e-05,2.5682338867995925e-07,2.8773320516098005e-06,3.0934000437441154e-07,0.0,0.0,-1.6933609816711993e-06,4.281234444932257e-07
normal,biased,0.01,late,Static-CP,500,0.000379587306558537,1.692812308878747e-07,0.009973444335096329,0.00013882483010727625,0.000379831459142559,1.2249474436080358e-06,0.010024000000000002,0.00023640351360012602,0.0013592616408971657,4.8124915496463864e-05,2.6690968543184118e-06,1.6928123088786992e-07,-6.757782175076298e-05,1.692812308878747e-07,0.0,0.0,-2.8773320516098005e-06,3.0934000437441154e-07,-4.570693033281e-06,4.91031375538534e-07
normal,biased,0.01,late,VolRolling250,500,0.0003915509223303444,4.893553509307632e-07,0.007655742040919842,0.0001372192838453176,0.0003919836727376778,1.4018570822853402e-06,0.007772000000000001,0.00012357416051219036,0.0036106848455792003,7.62636738222022e-05,1.4632712626129139e-05,4.893553509306575e-07,-5.56142059789556e-05,4.893553509307632e-07,1.19636157718074e-05,5.139796363355765e-07,9.086283720197598e-06,4.2656586437242876e-07,7.3929227385264006e-06,5.382495527921656e-07
normal,biased,0.01,late,VolRolling500,500,0.0003824646386101468,2.5682338867995925e-07,0.009694397384709392,0.00015458421542757816,0.000382556102763664,1.2627998291475113e-06,0.00978,0.00016944800161259205,0.001996638660219348,5.0066553412316486e-05,5.546428905930117e-06,2.5682338867999276e-07,-6.47004896991532e-05,2.5682338867995925e-07,2.8773320516098005e-06,3.0934000437441154e-07,0.0,0.0,-1.6933609816711993e-06,4.281234444932257e-07
normal,biased,0.01,middle,DtACI500,500,0.0003915045161688906,4.3712653763845207e-07,0.012123074348170872,0.000210594048670053,0.00039521647491390724,1.7043127828460999e-06,0.012765460845080479,0.00016997451642101422,0.0030368768252152026,5.2028265160503415e-05,1.4586306464674376e-05,4.371265376384187e-07,-5.566061214040939e-05,4.3712653763845207e-07,1.19172096103536e-05,4.7106481349072004e-07,8.7778064635044e-06,2.959755503037054e-07,6.4283618127480005e-06,6.122278859082852e-07
normal,biased,0.01,middle,InitialKupiecGate,500,0.000401555757875587,1.3284694695518582e-06,0.015702643339494442,0.0005041894022889772,0.00040404763222478337,2.511628550383268e-06,0.016197333333333303,0.0005429267314844698,0.0035581738788611596,0.00012384077511147943,2.4637548171378225e-05,1.328469469552219e-06,-4.560937043371299e-05,1.3284694695518582e-06,2.1968451317049996e-05,1.3328171742107535e-06,1.8829048170200798e-05,1.304338222892002e-06,1.64796035194444e-05,1.2624686260445464e-06
normal,biased,0.01,middle,PastSelectedRolling,500,0.0003850761543561426,5.88333028462761e-07,0.009300243908988062,0.00015821395629242511,0.0003876722955569774,1.723243422511708e-06,0.00995199999999997,0.00020746010124706173,0.0022913986823286164,9.06222338221249e-05,8.15794465192788e-06,5.883330284627541e-07,-6.208897395315739e-05,5.88333028462761e-07,5.488847797605599e-06,6.126111166620128e-07,2.3494446507564003e-06,5.530263175379022e-07,0.0,0.0
normal,biased,0.01,middle,Raw,500,0.0004471651283093,0.0,0.0338989391228427,0.0,0.0004550671487514964,3.1498210658375576e-06,0.0344853333333333,0.00042400263839228184,0.007071067811865399,3.882844402217134e-20,7.024691860510674e-05,0.0,0.0,0.0,6.757782175076298e-05,1.692812308878747e-07,6.44384186039138e-05,2.8156896989184826e-07,6.208897395315739e-05,5.88333028462761e-07
normal,biased,0.01,middle,Rolling1000,500,0.0003796255305695412,1.4800205668496843e-07,0.009865381952993772,0.00012960255512428024,0.0003824005908765918,1.5415694214276683e-06,0.010362666666666636,0.00022028111834142988,0.0013838828783741684,4.003256763740482e-05,2.7073208653247275e-06,1.480020566850417e-07,-6.753959773975879e-05,1.4800205668496843e-07,3.822401100419929e-08,2.070298536914801e-07,-3.101179135845e-06,2.2177216658409973e-07,-5.450623786601401e-06,5.639510204701005e-07
normal,biased,0.01,middle,Rolling125,500,0.0004063746614828954,8.543968665919064e-07,0.007591688033822141,0.0001735600870423459,0.0004072336402549746,1.9559766439734603e-06,0.00807999999999997,0.0001510524202630818,0.005507790568501747,0.00011102192196073587,2.9456451778678067e-05,8.543968665920121e-07,-4.0790466826404594e-05,8.543968665919064e-07,2.6787354924358403e-05,8.625403226615391e-07,2.36479517775092e-05,8.12224954237758e-07,2.12985071267528e-05,8.363797778312267e-07
normal,biased,0.01,middle,Rolling250,500,0.00039275659946801247,6.267765711410757e-07,0.007680256256060282,0.0001717066178986763,0.0003938326102534074,1.7186036034293119e-06,0.00822399999999997,0.00015403459633892027,0.0037893157765082792,9.564374542164809e-05,1.5838389763795467e-05,6.267765711410105e-07,-5.44085288412876e-05,6.267765711410757e-07,1.31692929094754e-05,6.498419323729079e-07,1.0029889762626202e-05,5.469408770521382e-07,7.680445111869801e-06,6.381105807504038e-07
normal,biased,0.01,middle,Rolling500,500,0.0003827267097053862,2.8156896989184826e-07,0.009801493266529324,0.00017244488475412907,0.0003854502253108324,1.569849848030449e-06,0.01033599999999997,0.00021222907257815464,0.0020649931449163226,5.461544889521965e-05,5.8085000011671305e-06,2.815689698919289e-07,-6.44384186039138e-05,2.8156896989184826e-07,3.1394031468491994e-06,3.3115620538258234e-07,0.0,0.0,-2.3494446507564003e-06,5.530263175379022e-07
normal,biased,0.01,middle,Static-CP,500,0.000379587306558537,1.692812308878747e-07,0.009973444335096329,0.0001388248301072762,0.0003829915239509204,1.6074420604953251e-06,0.010661333333333299,0.00027435791481152555,0.0013592616408971657,4.812491549646388e-05,2.6690968543184118e-06,1.6928123088786992e-07,-6.757782175076298e-05,1.692812308878747e-07,0.0,0.0,-3.1394031468491994e-06,3.3115620538258234e-07,-5.488847797605599e-06,6.126111166620128e-07
normal,biased,0.01,middle,VolRolling250,500,0.00039275659946801247,6.267765711410757e-07,0.007680256256060282,0.0001717066178986763,0.0003938326102534074,1.7186036034293119e-06,0.00822399999999997,0.00015403459633892027,0.0037893157765082792,9.564374542164809e-05,1.5838389763795467e-05,6.267765711410105e-07,-5.44085288412876e-05,6.267765711410757e-07,1.31692929094754e-05,6.498419323729079e-07,1.0029889762626202e-05,5.469408770521382e-07,7.680445111869801e-06,6.381105807504038e-07
normal,biased,0.01,middle,VolRolling500,500,0.0003827267097053862,2.8156896989184826e-07,0.009801493266529324,0.00017244488475412907,0.0003854502253108324,1.569849848030449e-06,0.01033599999999997,0.00021222907257815464,0.0020649931449163226,5.461544889521965e-05,5.8085000011671305e-06,2.815689698919289e-07,-6.44384186039138e-05,2.8156896989184826e-07,3.1394031468491994e-06,3.3115620538258234e-07,0.0,0.0,-2.3494446507564003e-06,5.530263175379022e-07
normal,biased,0.01,post,DtACI500,500,0.0003911409649239942,2.8516689722499093e-07,0.012165036239521431,0.000146203261875398,0.0003925769201831522,1.0231544130466128e-06,0.012390184116871771,6.748798073541558e-05,0.00297441540536569,3.516576365178668e-05,1.4222755219773612e-05,2.851668972249835e-07,-5.6024163385305804e-05,2.8516689722499093e-07,1.1553658365457201e-05,3.275193604400971e-07,8.587631911870401e-06,1.8932686461340127e-07,6.6666355309928e-06,4.409458421186919e-07
normal,biased,0.01,post,InitialKupiecGate,500,0.00040124952621436376,1.2891942797488322e-06,0.01570179965657958,0.0004976727660445313,0.0004033300367277276,1.8459424072926973e-06,0.016044,0.000514834183473617,0.003532292531678086,0.00011352086190290644,2.4331316510151047e-05,1.2891942797493181e-06,-4.5915602094936195e-05,1.289194279748832e-06,2.16622196558268e-05,1.2947483851724952e-06,1.869619320224e-05,1.2759184307387123e-06,1.67751968213624e-05,1.2677173031599934e-06
normal,biased,0.01,post,PastSelectedRolling,500,0.0003844743293930014,4.265931407381185e-07,0.009316498220887504,0.00011771656155392864,0.00038574470769343503,1.0584079536192673e-06,0.009624,0.00010750051498222175,0.002214409591722548,6.984312392678553e-05,7.556119688781005e-06,4.2659314073804555e-07,-6.269079891629859e-05,4.265931407381185e-07,4.887022834464399e-06,4.5912462411011237e-07,1.9209963808775997e-06,3.9490147293543297e-07,0.0,0.0
normal,biased,0.01,post,Raw,500,0.0004471651283093,0.0,0.0338989391228427,0.0,0.0004505675394891182,1.8923615511467818e-06,0.034342,0.0002511737416550424,0.007071067811865399,3.882844402217134e-20,7.024691860510674e-05,0.0,0.0,0.0,6.757782175076298e-05,1.692812308878747e-07,6.46117952971762e-05,1.923507829480828e-07,6.269079891629859e-05,4.265931407381185e-07
normal,biased,0.01,post,Rolling1000,500,0.00037967708163814864,1.1848362550272257e-07,0.009808767328208137,0.00011175133256478362,0.0003810256489871838,9.390893300512976e-07,0.010004,0.0001148317929902809,0.0014002176290880315,3.3056555950332425e-05,2.758871933930175e-06,1.1848362550269757e-07,-6.748804667115139e-05,1.1848362550272257e-07,8.977507961159883e-08,1.919598149386106e-07,-2.876251373975201e-06,1.3743586391822582e-07,-4.797247754852801e-06,4.014936354604869e-07
normal,biased,0.01,post,Rolling125,500,0.000405325405607366,5.231294368902502e-07,0.0078014659640836545,0.00011121765223106396,0.0004060509849990868,1.2383495559918732e-06,0.008098000000000001,8.508390294927804e-05,0.0053456154563830205,6.851867179023454e-05,2.8407195903147394e-05,5.231294368902577e-07,-4.1839722701934e-05,5.231294368902502e-07,2.5738099048829e-05,5.429462127631268e-07,2.27720725952422e-05,4.79074358182479e-07,2.08510762143646e-05,5.634164422978475e-07
normal,biased,0.01,post,Rolling250,500,0.0003919875954980958,3.9167538830502035e-07,0.00772587836837508,0.0001123736393216643,0.000392577622097099,1.0762548178876866e-06,0.007976,8.111724857286558e-05,0.0036709082403720617,6.039858167244665e-05,1.5069385793877378e-05,3.9167538830505894e-07,-5.51775328112042e-05,3.916753883050203e-07,1.2400288939558797e-05,4.254117036786469e-07,9.434262485971999e-06,3.1827233607309556e-07,7.513266105094399e-06,4.6477386739690174e-07
normal,biased,0.01,post,Rolling500,500,0.0003825533330121238,1.923507829480828e-07,0.009766988684022312,0.000125534517407366,0.000383682098897593,9.639525556478247e-07,0.010008000000000001,9.487821536845539e-05,0.002021337064365006,3.860206449987481e-05,5.635123307905552e-06,1.9235078294802363e-07,-6.46117952971762e-05,1.923507829480828e-07,2.9660264535867996e-06,2.5664025293496186e-07,0.0,0.0,-1.9209963808775997e-06,3.9490147293543297e-07
normal,biased,0.01,post,Static-CP,500,0.000379587306558537,1.692812308878747e-07,0.009973444335096329,0.0001388248301072762,0.0003812157591210386,9.378823366119716e-07,0.01025,0.00020337581824517336,0.0013592616408971657,4.8124915496463864e-05,2.6690968543184118e-06,1.6928123088786992e-07,-6.757782175076298e-05,1.692812308878747e-07,0.0,0.0,-2.9660264535867996e-06,2.5664025293496186e-07,-4.887022834464399e-06,4.5912462411011237e-07
normal,biased,0.01,post,VolRolling250,500,0.0003919875954980958,3.9167538830502035e-07,0.00772587836837508,0.0001123736393216643,0.000392577622097099,1.0762548178876866e-06,0.007976,8.111724857286558e-05,0.0036709082403720617,6.039858167244665e-05,1.5069385793877378e-05,3.9167538830505894e-07,-5.51775328112042e-05,3.916753883050203e-07,1.2400288939558797e-05,4.254117036786469e-07,9.434262485971999e-06,3.1827233607309556e-07,7.513266105094399e-06,4.6477386739690174e-07
normal,biased,0.01,post,VolRolling500,500,0.0003825533330121238,1.923507829480828e-07,0.009766988684022312,0.000125534517407366,0.000383682098897593,9.639525556478247e-07,0.010008000000000001,9.487821536845539e-05,0.002021337064365006,3.860206449987481e-05,5.635123307905552e-06,1.9235078294802363e-07,-6.46117952971762e-05,1.923507829480828e-07,2.9660264535867996e-06,2.5664025293496186e-07,0.0,0.0,-1.9209963808775997e-06,3.9490147293543297e-07
normal,biased,0.01,pre,DtACI500,500,0.00039264448581128263,4.2984835204790125e-07,0.01325953531627542,0.0002201760579820696,0.0003927320070807718,2.0882340042791468e-06,0.013089237509689348,0.00022086193930181912,0.00299989240931185,4.914753402986826e-05,1.5726276107065578e-05,4.2984835204796843e-07,-5.45206424980174e-05,4.2984835204790125e-07,1.3057179252745599e-05,4.5705074258623274e-07,1.0536761573103799e-05,3.719282556919219e-07,7.241470215194799e-06,6.954986973187429e-07
normal,biased,0.01,pre,InitialKupiecGate,500,0.0004022202268887256,1.35496135946414e-06,0.01556410387800485,0.0005105339909543696,0.000403806682812381,2.8901856204360617e-06,0.015344000000000002,0.0006121051162559362,0.003687204826157477,0.00013068209326727814,2.5302017184514485e-05,1.3549613594645292e-06,-4.4944901420574396e-05,1.3549613594641398e-06,2.26329203301886e-05,1.3550428647907686e-06,2.0112502650546802e-05,1.3223963852520511e-06,1.68172112926378e-05,1.281662922258859e-06
normal,biased,0.01,pre,PastSelectedRolling,500,0.0003854030155960878,6.701713333438891e-07,0.009620494077977073,0.0001714690614533123,0.0003864425232239252,2.051552620838277e-06,0.009600000000000001,0.00027832882327875327,0.0023404789859213905,0.00010207018679782973,8.484805891870368e-06,6.70171333343806e-07,-6.17621127132122e-05,6.701713333438891e-07,5.8157090375508e-06,6.767207946310564e-07,3.2952913579090005e-06,6.062822318009079e-07,0.0,0.0
normal,biased,0.01,pre,Raw,500,0.0004471651283093,0.0,0.0338989391228427,0.0,0.0004489178969644836,3.90899786098348e-06,0.033664,0.0005249660815457957,0.007071067811865399,3.882844402217134e-20,7.024691860510674e-05,0.0,0.0,0.0,6.757782175076298e-05,1.692812308878747e-07,6.50574040711212e-05,2.485459105585803e-07,6.17621127132122e-05,6.701713333438891e-07
normal,biased,0.01,pre,Rolling1000,500,0.0003794509961023178,1.368254909917648e-07,0.009971767866903632,0.00012604489572100557,0.0003806504069201346,1.913015983387537e-06,0.009920000000000002,0.00028185472174213557,0.0013398530745844057,4.049162509062417e-05,2.5327863981015894e-06,1.368254909917876e-07,-6.77141322069822e-05,1.368254909917648e-07,-1.3631045621919973e-07,9.308989166222965e-08,-2.6567281358609993e-06,2.2182706716674113e-07,-5.95201949377e-06,6.595168474421403e-07
normal,biased,0.01,pre,Rolling125,500,0.0004067831490007058,1.0730292926193559e-06,0.00798540518774376,0.00020424696406331518,0.0004058477450423242,2.3841463824715196e-06,0.007744000000000002,0.00019842296072452242,0.005499661689922826,0.00013662010852452533,2.9864939296488673e-05,1.073029292619156e-06,-4.0381979308594204e-05,1.0730292926193559e-06,2.71958424421688e-05,1.0812084616978944e-06,2.4675424762527e-05,1.0378998385363951e-06,2.1380133404618002e-05,9.97666027416468e-07
normal,biased,0.01,pre,Rolling250,500,0.0003921583224886884,6.754832679774839e-07,0.007832477691480304,0.000184231969548553,0.00039334562374534045,2.030284197041287e-06,0.007640000000000001,0.00020804654943898238,0.0036924132285412166,0.00010387449975361378,1.5240112784471063e-05,6.754832679774648e-07,-5.50068058206116e-05,6.754832679774839e-07,1.25710159301514e-05,6.861948508995905e-07,1.00505982505096e-05,6.105920136222837e-07,6.755306892600599e-06,6.671238767524713e-07
normal,biased,0.01,pre,Rolling500,500,0.00038210772423817883,2.485459105585803e-07,0.009927699245152629,0.0001687231721236768,0.0003836277710570624,1.9074576923793384e-06,0.009976,0.00027821152259136433,0.001930286862713022,5.47794735575343e-05,5.189514533961071e-06,2.485459105585048e-07,-6.50574040711212e-05,2.485459105585803e-07,2.520417679641799e-06,2.569790407442421e-07,0.0,0.0,-3.2952913579090005e-06,6.062822318009079e-07
normal,biased,0.01,pre,Static-CP,500,0.000379587306558537,1.692812308878747e-07,0.009973444335096329,0.00013882483010727625,0.0003810037835544244,1.9350299634076135e-06,0.009968,0.00032141650414730814,0.0013592616408971657,4.8124915496463864e-05,2.6690968543184118e-06,1.6928123088786992e-07,-6.757782175076298e-05,1.692812308878747e-07,0.0,0.0,-2.520417679641799e-06,2.569790407442421e-07,-5.8157090375508e-06,6.767207946310564e-07
normal,biased,0.01,pre,VolRolling250,500,0.0003921583224886884,6.754832679774839e-07,0.007832477691480304,0.000184231969548553,0.00039334562374534045,2.030284197041287e-06,0.007640000000000001,0.00020804654943898238,0.0036924132285412166,0.00010387449975361378,1.5240112784471063e-05,6.754832679774648e-07,-5.50068058206116e-05,6.754832679774839e-07,1.25710159301514e-05,6.861948508995905e-07,1.00505982505096e-05,6.105920136222837e-07,6.755306892600599e-06,6.671238767524713e-07
normal,biased,0.01,pre,VolRolling500,500,0.00038210772423817883,2.485459105585803e-07,0.009927699245152629,0.0001687231721236768,0.0003836277710570624,1.9074576923793384e-06,0.009976,0.00027821152259136433,0.001930286862713022,5.47794735575343e-05,5.189514533961071e-06,2.485459105585048e-07,-6.50574040711212e-05,2.485459105585803e-07,2.520417679641799e-06,2.569790407442421e-07,0.0,0.0,-3.2952913579090005e-06,6.062822318009079e-07
normal,biased,0.05,acute,DtACI500,500,0.0014889398108718804,1.2834194887698177e-06,0.05193372671777497,0.0006839875285524365,0.0014663959602645529,1.6322891038200872e-05,0.05037689066350862,0.002025026973700059,0.0021578154458859783,5.278416792403532e-05,3.038159704308932e-05,1.2834194887694772e-06,-0.00020801214355791985,1.2834194887698177e-06,2.7270796743377205e-05,1.2812506693513154e-06,2.37384198983208e-05,1.1580845615422815e-06,2.24811447853042e-05,1.273367156239806e-06
normal,biased,0.05,acute,InitialKupiecGate,500,0.0014678837668449338,1.1083774346009736e-06,0.05031655943910036,0.0005303414215180355,0.0014499019713714485,1.629261251550797e-05,0.048,0.002204931619550545,0.0011214602033387312,4.972338538319797e-05,9.32555301613925e-06,1.108377434600819e-06,-0.0002290681875848663,1.1083774346009736e-06,6.214752716430804e-06,1.1200412625006382e-06,2.682375871374401e-06,1.0806635264204927e-06,1.4251007583578004e-06,8.211318351837923e-07
normal,biased,0.05,acute,PastSelectedRolling,500,0.001466458666086576,7.709476255490304e-07,0.049853642102256186,0.0004602762548150348,0.0014490718551635603,1.6115839073144686e-05,0.047700000000000006,0.002192951909220151,0.0010817910204796836,4.526486836918095e-05,7.900452257781464e-06,7.709476255488285e-07,-0.00023049328834322407,7.709476255490303e-07,4.789651958073004e-06,7.832955390637898e-07,1.2572751130166004e-06,7.404003226113447e-07,0.0,0.0
normal,biased,0.05,acute,Raw,500,0.0016969519544298,0.0,0.12613489819343024,1.2425102087094829e-18,0.001698787507954905,2.9828988468191626e-05,0.1293,0.003486736965895001,0.007071067811865399,3.882844402217134e-20,0.000238393740601,0.0,0.0,0.0,0.0002352829403012971,1.7907220416405038e-07,0.00023175056345624067,3.9963521847414714e-07,0.00023049328834322407,7.709476255490303e-07
normal,biased,0.05,acute,Rolling1000,500,0.0014616899976024932,1.9373474346772379e-07,0.05051838820009842,0.0003027722011300733,0.001446482652499137,1.619341829002999e-05,0.0492,0.002201912085817083,0.0007394811559820999,2.443097385397539e-05,3.1317837737013294e-06,1.9373474346771775e-07,-0.0002352619568273069,1.9373474346772379e-07,2.098347399019651e-08,1.907420181397045e-07,-3.5113933710662064e-06,3.491606757727879e-07,-4.768668484082807e-06,7.443107901221175e-07
normal,biased,0.05,acute,Rolling125,500,0.0014872424515035181,1.588259122716653e-06,0.048911861507542356,0.0008545399304794037,0.0014595937137882099,1.5687407374184557e-05,0.0466,0.0021786171635904696,0.002302409015364958,7.363787939092098e-05,2.8684237674723766e-05,1.588259122716335e-06,-0.0002097095029262821,1.588259122716653e-06,2.5573437375014997e-05,1.5933449147627904e-06,2.2041060529958593e-05,1.5339399687693725e-06,2.078378541694199e-05,1.5004732498361786e-06
normal,biased,0.05,acute,Rolling250,500,0.0014723169637537174,8.250370664129691e-07,0.04813366482775266,0.0005946617467837074,0.001452282448198101,1.5503150013181656e-05,0.046900000000000004,0.0021955456819850883,0.0015725774072720305,5.265655866864217e-05,1.3758749924923315e-05,8.250370664128874e-07,-0.00022463499067608251,8.250370664129691e-07,1.06479496252146e-05,8.348369286260708e-07,7.115572780158195e-06,7.474160981062568e-07,5.858297667141595e-06,9.191762609884058e-07
normal,biased,0.05,acute,Rolling500,500,0.0014652013909735593,3.9963521847414714e-07,0.050125212339270246,0.0004337622441436318,0.001447840394178333,1.6038342674776885e-05,0.048799999999999996,0.0022376626797927057,0.0010789729966027652,3.603475877339289e-05,6.643177144768336e-06,3.996352184741352e-07,-0.00023175056345624067,3.9963521847414714e-07,3.5323768450564027e-06,4.1695801094295115e-07,0.0,0.0,-1.2572751130166004e-06,7.404003226113447e-07
normal,biased,0.05,acute,Static-CP,500,0.001461669014128503,1.7907220416405038e-07,0.05031293371215322,0.0003015878405824343,0.0014452423497853418,1.6200560701461275e-05,0.048900000000000006,0.002222038458222458,0.0007467494451002927,2.445385575755296e-05,3.110800299710482e-06,1.790722041640894e-07,-0.0002352829403012971,1.7907220416405038e-07,0.0,0.0,-3.5323768450564027e-06,4.1695801094295115e-07,-4.789651958073004e-06,7.832955390637898e-07
normal,biased,0.05,acute,VolRolling250,500,0.0014723169637537174,8.250370664129691e-07,0.04813366482775266,0.0005946617467837074,0.001452282448198101,1.5503150013181656e-05,0.046900000000000004,0.0021955456819850883,0.0015725774072720305,5.265655866864217e-05,1.3758749924923315e-05,8.250370664128874e-07,-0.00022463499067608251,8.250370664129691e-07,1.06479496252146e-05,8.348369286260708e-07,7.115572780158195e-06,7.474160981062568e-07,5.858297667141595e-06,9.191762609884058e-07
normal,biased,0.05,acute,VolRolling500,500,0.0014652013909735593,3.9963521847414714e-07,0.050125212339270246,0.0004337622441436318,0.001447840394178333,1.6038342674776885e-05,0.048799999999999996,0.0022376626797927057,0.0010789729966027652,3.603475877339289e-05,6.643177144768336e-06,3.996352184741352e-07,-0.00023175056345624067,3.9963521847414714e-07,3.5323768450564027e-06,4.1695801094295115e-07,0.0,0.0,-1.2572751130166004e-06,7.404003226113447e-07
normal,biased,0.05,early,DtACI500,500,0.0014879067870913055,8.90143597994061e-07,0.05125529277693081,0.0005634263281180645,0.001497074543935436,7.602402706131805e-06,0.05145452296076163,0.000750741295936785,0.002132054438286507,4.183700323211495e-05,2.9348573262512232e-05,8.901435979939699e-07,-0.00020904516733849431,8.90143597994061e-07,2.62377729628028e-05,8.88844496492575e-07,2.2781142235324593e-05,7.627541607254491e-07,2.2262874217372797e-05,8.647492486888945e-07
normal,biased,0.05,early,InitialKupiecGate,500,0.0014669679698625436,9.597491412122582e-07,0.05022773600529592,0.0004712463913976625,0.0014791600291624326,7.609027173127995e-06,0.050895238095238056,0.0010003806436358986,0.0010723707508099945,4.2292931671001274e-05,8.409756033749928e-06,9.59749141212224e-07,-0.00022998398456725648,9.597491412122582e-07,5.298955734040602e-06,9.718878470503424e-07,1.8423250065623975e-06,9.702839633098408e-07,1.3240569886106006e-06,7.635348663843875e-07
normal,biased,0.05,early,PastSelectedRolling,500,0.001465643912873933,5.325554627759613e-07,0.04975139162978225,0.00039321002327215293,0.0014772924486079234,7.442571145783746e-06,0.050380952380952346,0.0009431656460011486,0.0010417759471977395,3.698856813516531e-05,7.085699045139244e-06,5.325554627759288e-07,-0.0002313080415558671,5.325554627759613e-07,3.974898745430002e-06,5.480421888010321e-07,5.182680179517968e-07,5.351420849443905e-07,0.0,0.0
normal,biased,0.05,early,Raw,500,0.0016969519544298,0.0,0.12613489819343024,1.2425102087094829e-18,0.001698844447461213,1.2724635950753633e-05,0.12548571428571423,0.0014158882216604306,0.007071067811865399,3.882844402217134e-20,0.000238393740601,0.0,0.0,0.0,0.0002352829403012971,1.790722041640589e-07,0.0002318263095738189,3.634655839159385e-07,0.0002313080415558671,5.325554627759613e-07
normal,biased,0.05,early,Rolling1000,500,0.0014615433568455928,1.793588845931651e-07,0.05033467124895748,0.0002886217578400927,0.0014718400905034711,7.434341886831415e-06,0.05078095238095234,0.00095996370601683,0.0007199070318009243,2.3047766230523354e-05,2.985143016800881e-06,1.7935888459321477e-07,-0.0002354085975842073,1.7935888459316512e-07,-1.2565728291019565e-07,1.9664546303087627e-07,-3.5822880103884e-06,3.3306431809330993e-07,-4.100556028340197e-06,5.051404426165014e-07
normal,biased,0.05,early,Rolling125,500,0.0014866083276418836,1.3245052187054243e-06,0.04730865162966569,0.0006696358052144481,0.0014979852173138512,7.67977655628746e-06,0.048380952380952344,0.0008189362037150848,0.002285815899090316,6.165882028122188e-05,2.8050113813091317e-05,1.3245052187052266e-06,-0.00021034362678791667,1.3245052187054243e-06,2.49393135133804e-05,1.3309262569635775e-06,2.1482682785902194e-05,1.2622092195748798e-06,2.0964414767950398e-05,1.2609818751933796e-06
normal,biased,0.05,early,Rolling250,500,0.0014727596259742342,7.848377973782081e-07,0.0479647990773638,0.0005480673792224594,0.0014827563853566084,7.397098111236302e-06,0.048342857142857104,0.0009178018719243121,0.001593562108086568,4.737373025506469e-05,1.420141214544107e-05,7.84837797378153e-07,-0.0002241923284555659,7.848377973782081e-07,1.1090611845731205e-05,7.958845696290831e-07,7.633981118253e-06,6.83747184699031e-07,7.115713100301204e-06,8.008590630368968e-07
normal,biased,0.05,early,Rolling500,500,0.001465125644855981,3.6346558391593847e-07,0.04982008508827724,0.0004130890275764896,0.0014756033407781661,7.439586632229832e-06,0.050323809523809486,0.0009635138976616499,0.0010801278598886245,3.304257461094456e-05,6.5674310271861025e-06,3.63465583915984e-07,-0.0002318263095738189,3.634655839159385e-07,3.4566307274782046e-06,3.93441432229943e-07,0.0,0.0,-5.182680179517968e-07,5.351420849443905e-07
normal,biased,0.05,early,Static-CP,500,0.001461669014128503,1.7907220416405885e-07,0.05031293371215322,0.00030158784058243425,0.0014724955789509437,7.452291718016132e-06,0.0503428571428571,0.0010164716164300152,0.0007467494451002929,2.445385575755299e-05,3.110800299710482e-06,1.790722041640894e-07,-0.0002352829403012971,1.790722041640589e-07,0.0,0.0,-3.4566307274782046e-06,3.93441432229943e-07,-3.974898745430002e-06,5.480421888010321e-07
normal,biased,0.05,early,VolRolling250,500,0.0014727596259742342,7.848377973782081e-07,0.0479647990773638,0.0005480673792224594,0.0014827563853566084,7.397098111236302e-06,0.048342857142857104,0.0009178018719243121,0.001593562108086568,4.737373025506469e-05,1.420141214544107e-05,7.84837797378153e-07,-0.0002241923284555659,7.848377973782081e-07,1.1090611845731205e-05,7.958845696290831e-07,7.633981118253e-06,6.83747184699031e-07,7.115713100301204e-06,8.008590630368968e-07
normal,biased,0.05,early,VolRolling500,500,0.001465125644855981,3.6346558391593847e-07,0.04982008508827724,0.0004130890275764896,0.0014756033407781661,7.439586632229832e-06,0.050323809523809486,0.0009635138976616499,0.0010801278598886245,3.304257461094456e-05,6.5674310271861025e-06,3.63465583915984e-07,-0.0002318263095738189,3.634655839159385e-07,3.4566307274782046e-06,3.93441432229943e-07,0.0,0.0,-5.182680179517968e-07,5.351420849443905e-07
normal,biased,0.05,late,DtACI500,500,0.001483021495663568,5.074999651623335e-07,0.050554535868264756,0.00040272199293068,0.0014839931824710136,3.257471200834002e-06,0.05084230340772902,0.0002312190194323994,0.001959431545627958,2.6938506217665495e-05,2.446328183477458e-05,5.074999651623504e-07,-0.00021393045876623207,5.074999651623335e-07,2.1352481535064805e-05,5.358539046330326e-07,1.772099802602621e-05,3.608964439104224e-07,1.6788454751651604e-05,4.860377580897366e-07
normal,biased,0.05,late,InitialKupiecGate,500,0.0014675954626743287,9.128061007601591e-07,0.049872007317342565,0.0004162931738822887,0.0014685939948007594,3.252203496998755e-06,0.049896,0.00045467331530154106,0.0011245182827011877,3.7714435964610724e-05,9.037248845534551e-06,9.128061007601518e-07,-0.00022935649175547153,9.128061007601589e-07,5.926448545825401e-06,9.376578594980602e-07,2.2949650367868024e-06,8.824208286507995e-07,1.3624217624122006e-06,7.857303846068369e-07
normal,biased,0.05,late,PastSelectedRolling,500,0.0014662330409119164,4.451530749047268e-07,0.04937377039071359,0.0003216655445940787,0.001467279888071675,3.1568156439022e-06,0.04943600000000001,0.0003756781550107813,0.001091174702457979,3.166376267411224e-05,7.674827083122305e-06,4.4515307490474524e-07,-0.00023071891351788372,4.451530749047268e-07,4.5640267834132006e-06,4.869322674508787e-07,9.325432743746017e-07,3.908938967278148e-07,0.0,0.0
normal,biased,0.05,late,Raw,500,0.0016969519544298,0.0,0.12613489819343024,1.2425102087094829e-18,0.0016985501423045705,5.642134365180777e-06,0.12637600000000002,0.0006476388810444297,0.007071067811865399,3.882844402217134e-20,0.000238393740601,0.0,0.0,0.0,0.0002352829403012969,1.7907220416405234e-07,0.0002316514567922583,2.7897326749888574e-07,0.00023071891351788372,4.451530749047268e-07
normal,biased,0.05,late,Rolling1000,500,0.0014618142130246436,1.8000729458940146e-07,0.04970649304137701,0.000273378381427941,0.0014625607832334019,3.1241035532531417e-06,0.04966000000000001,0.0004125593416962482,0.0007531559309648027,2.1539467338399528e-05,3.2559991958495503e-06,1.8000729458953738e-07,-0.00023513774140515652,1.8000729458940146e-07,1.4519889614039804e-07,2.487214414932092e-07,-3.4862846128982006e-06,2.1542908701334039e-07,-4.418827887272802e-06,4.1047467871842875e-07
normal,biased,0.05,late,Rolling125,500,0.0014862784121550663,6.694680513846614e-07,0.04757118829149951,0.0003801024943261517,0.0014867696138037296,3.3333818540930933e-06,0.047792,0.00024092646829738842,0.002282655095794427,3.2481721797982626e-05,2.772019832627322e-05,6.69468051384689e-07,-0.00021067354227473389,6.694680513846614e-07,2.4609398026563e-05,6.907427331859594e-07,2.09779145175244e-05,6.086494443190717e-07,2.00453712431498e-05,6.411096706677752e-07
normal,biased,0.05,late,Rolling250,500,0.001472549086351819,4.4840198190616993e-07,0.0474826136483124,0.0003713816624602115,0.0014733075614323293,3.209843599484119e-06,0.047704,0.00025459458912085943,0.001613374727831396,2.935788016131631e-05,1.3990872523026013e-05,4.4840198190623473e-07,-0.00022440286807798133,4.4840198190616993e-07,1.0880072223315603e-05,4.850486429722859e-07,7.248588714277004e-06,3.362588540927093e-07,6.316045439902402e-06,4.651995375276827e-07
normal,biased,0.05,late,Rolling500,500,0.0014653004976375417,2.7897326749888574e-07,0.04951677185733503,0.00034871482421592427,0.0014660288999076955,3.1601512278679907e-06,0.049536000000000004,0.0003547352282538748,0.00109567356859821,2.4722540103080795e-05,6.74228380874977e-06,2.7897326749888473e-07,-0.0002316514567922583,2.7897326749888574e-07,3.6314835090385985e-06,3.3371834041490126e-07,0.0,0.0,-9.325432743746017e-07,3.908938967278148e-07
normal,biased,0.05,late,Static-CP,500,0.0014616690141285033,1.790722041640523e-07,0.05031293371215322,0.00030158784058243425,0.0014623449986007322,3.1632211455782834e-06,0.05033200000000001,0.0005286079878412918,0.0007467494451002929,2.445385575755299e-05,3.110800299710482e-06,1.7907220416408942e-07,-0.0002352829403012969,1.7907220416405234e-07,0.0,0.0,-3.6314835090385985e-06,3.3371834041490126e-07,-4.5640267834132006e-06,4.869322674508787e-07
normal,biased,0.05,late,VolRolling250,500,0.001472549086351819,4.4840198190616993e-07,0.0474826136483124,0.0003713816624602115,0.0014733075614323293,3.209843599484119e-06,0.047704,0.00025459458912085943,0.001613374727831396,2.935788016131631e-05,1.3990872523026013e-05,4.4840198190623473e-07,-0.00022440286807798133,4.4840198190616993e-07,1.0880072223315603e-05,4.850486429722859e-07,7.248588714277004e-06,3.362588540927093e-07,6.316045439902402e-06,4.651995375276827e-07
normal,biased,0.05,late,VolRolling500,500,0.0014653004976375417,2.7897326749888574e-07,0.04951677185733503,0.00034871482421592427,0.0014660288999076955,3.1601512278679907e-06,0.049536000000000004,0.0003547352282538748,0.00109567356859821,2.4722540103080795e-05,6.74228380874977e-06,2.7897326749888473e-07,-0.0002316514567922583,2.7897326749888574e-07,3.6314835090385985e-06,3.3371834041490126e-07,0.0,0.0,-9.325432743746017e-07,3.908938967278148e-07
normal,biased,0.05,middle,DtACI500,500,0.0014847925578935675,5.67709948556366e-07,0.050467050356301106,0.00042616665243630855,0.0014936995784970456,3.930088800844737e-06,0.05144506059095851,0.00030265685995437225,0.002021935689933761,3.0000473264242683e-05,2.6234344064774206e-05,5.677099485564047e-07,-0.0002121593965362327,5.67709948556366e-07,2.3123543765064197e-05,5.788673818713745e-07,1.9791729550680996e-05,4.2011202088757744e-07,1.8658742976494198e-05,5.874924458169765e-07
normal,biased,0.05,middle,InitialKupiecGate,500,0.001467429422283723,9.403735362085952e-07,0.049817023322505774,0.00042200498004714876,0.0014751275247993178,4.004808846104376e-06,0.05055466666666664,0.0005086644297720666,0.0010931188327363908,4.0092646879100384e-05,8.871208454930657e-06,9.403735362085847e-07,-0.00022952253214607687,9.403735362085952e-07,5.760408155220003e-06,9.56976534332039e-07,2.428593940836801e-06,9.241203899542897e-07,1.2956073666500006e-06,7.508141870063745e-07
normal,biased,0.05,middle,PastSelectedRolling,500,0.0014661338149170734,5.06118821057923e-07,0.04933886219880008,0.0003310900956705693,0.0014737508007580055,3.855591046286688e-06,0.0501013333333333,0.00043481622435759666,0.0010619198318319765,3.467494532676302e-05,7.57560108828092e-06,5.061188210579631e-07,-0.0002308181395127269,5.06118821057923e-07,4.464800788570002e-06,5.293363817419119e-07,1.1329865741868004e-06,4.757941308210501e-07,0.0,0.0
normal,biased,0.05,middle,Raw,500,0.0016969519544298,0.0,0.1261348981934303,0.0,0.0017116834453292464,6.6637481516804784e-06,0.1272853333333333,0.0007714724437482688,0.007071067811865399,3.882844402217134e-20,0.000238393740601,0.0,0.0,0.0,0.0002352829403012969,1.7907220416406226e-07,0.00023195112608691369,3.028146872722786e-07,0.0002308181395127269,5.06118821057923e-07
normal,biased,0.05,middle,Rolling1000,500,0.0014616434043905376,1.6965504674250945e-07,0.05009599673211135,0.00027674769006212825,0.0014697085749900668,3.819711824620247e-06,0.05091733333333331,0.00047883424087908976,0.000733628409819111,2.10828983576622e-05,3.085190561746094e-06,1.696550467425563e-07,-0.00023530855003926226,1.6965504674250945e-07,-2.560973796539778e-08,2.1589090012836736e-07,-3.3574239523486e-06,2.5887268090674413e-07,-4.490410526535401e-06,4.839057073018844e-07
normal,biased,0.05,middle,Rolling125,500,0.0014863321802288788,7.597219716969696e-07,0.04686337062802749,0.0004155418362189554,0.0014941159664636863,4.045991402138616e-06,0.04765866666666664,0.00027688160116618604,0.002301884822415018,3.6823166277220016e-05,2.777396640008575e-05,7.59721971696974e-07,-0.0002106197742009211,7.597219716969696e-07,2.4663166100375805e-05,7.695416865728282e-07,2.1331351885992603e-05,7.032675598810754e-07,2.0198365311805805e-05,7.413935655664159e-07
normal,biased,0.05,middle,Rolling250,500,0.001472696650512146,5.096962133202759e-07,0.04714765710334232,0.00040595262379517215,0.001480971781437101,3.817018079371252e-06,0.04816533333333331,0.00035425145835557206,0.0016261992246757685,3.3315514243668836e-05,1.4138436683354212e-05,5.096962133201672e-07,-0.0002242553039176541,5.096962133202759e-07,1.1027636383642797e-05,5.303695141079818e-07,7.695822169259596e-06,3.980651523987835e-07,6.5628355950727946e-06,5.397459695013096e-07
normal,biased,0.05,middle,Rolling500,500,0.0014650008283428864,3.028146872722786e-07,0.04960457764571508,0.00036198522881352574,0.0014732298481220489,3.810484986529613e-06,0.0505973333333333,0.00044342062615918844,0.0010649504357919167,2.670930824026728e-05,6.4426145140923764e-06,3.028146872723271e-07,-0.00023195112608691369,3.028146872722786e-07,3.3318142143832025e-06,3.373072139482456e-07,0.0,0.0,-1.1329865741868004e-06,4.757941308210501e-07
normal,biased,0.05,middle,Static-CP,500,0.0014616690141285031,1.7907220416406226e-07,0.05031293371215322,0.0003015878405824342,0.0014698476683611416,3.871253667362694e-06,0.051391999999999965,0.0005920156467026614,0.0007467494451002929,2.445385575755299e-05,3.110800299710482e-06,1.790722041640894e-07,-0.0002352829403012969,1.7907220416406226e-07,0.0,0.0,-3.3318142143832025e-06,3.373072139482456e-07,-4.464800788570002e-06,5.293363817419119e-07
normal,biased,0.05,middle,VolRolling250,500,0.001472696650512146,5.096962133202759e-07,0.04714765710334232,0.00040595262379517215,0.001480971781437101,3.817018079371252e-06,0.04816533333333331,0.00035425145835557206,0.0016261992246757685,3.3315514243668836e-05,1.4138436683354212e-05,5.096962133201672e-07,-0.0002242553039176541,5.096962133202759e-07,1.1027636383642797e-05,5.303695141079818e-07,7.695822169259596e-06,3.980651523987835e-07,6.5628355950727946e-06,5.397459695013096e-07
normal,biased,0.05,middle,VolRolling500,500,0.0014650008283428864,3.028146872722786e-07,0.04960457764571508,0.00036198522881352574,0.0014732298481220489,3.810484986529613e-06,0.0505973333333333,0.00044342062615918844,0.0010649504357919167,2.670930824026728e-05,6.4426145140923764e-06,3.028146872723271e-07,-0.00023195112608691369,3.028146872722786e-07,3.3318142143832025e-06,3.373072139482456e-07,0.0,0.0,-1.1329865741868004e-06,4.757941308210501e-07
normal,biased,0.05,post,DtACI500,500,0.0014843169659038951,4.116111611368569e-07,0.05062289209367853,0.000295303332171663,0.001488654679490411,2.415791694497808e-06,0.051123312149624095,0.00011608032414165927,0.0020049636814769398,2.1568555617134706e-05,2.5758752075103267e-05,4.1161116113694394e-07,-0.00021263498852590513,4.116111611368569e-07,2.2647951775392e-05,4.3434865785131827e-07,1.9149185927195195e-05,2.7821806424423415e-07,1.8178480680542195e-05,4.3650618918446453e-07
normal,biased,0.05,post,InitialKupiecGate,500,0.0014674730768660237,8.953460251596636e-07,0.04989763087394903,0.00036950368505068374,0.0014717796616896095,2.5391781613969527e-06,0.050210000000000005,0.00033814861965998904,0.0011072068365285655,3.501549687561125e-05,8.914863037232814e-06,8.953460251596154e-07,-0.00022947887756377631,8.953460251596636e-07,5.804062737520806e-06,9.162058268297072e-07,2.305296889324001e-06,8.727394574414718e-07,1.3345916426710005e-06,7.705818213819746e-07
normal,biased,0.05,post,PastSelectedRolling,500,0.0014661384852233527,4.098090833818071e-07,0.04940992748307909,0.00025895964659282227,0.0014703936385271938,2.3557085841468124e-06,0.04975000000000001,0.0002128699773441737,0.0010748295830313376,2.8451045255816092e-05,7.580271394561761e-06,4.0980908338176796e-07,-0.0002308134692064473,4.098090833818072e-07,4.469471094849804e-06,4.4561266824258316e-07,9.707052466530002e-07,3.618403123093671e-07,0.0,0.0
normal,biased,0.05,post,Raw,500,0.0016969519544298,0.0,0.12613489819343024,1.2425102087094829e-18,0.00170351078029328,3.989829994195457e-06,0.12668200000000002,0.00046133220873208853,0.007071067811865399,3.882844402217134e-20,0.000238393740601,0.0,0.0,0.0,0.0002352829403012971,1.7907220416405038e-07,0.00023178417445310028,2.2210056321989226e-07,0.0002308134692064473,4.098090833818072e-07
normal,biased,0.05,post,Rolling1000,500,0.0014617192355796112,1.4517184287517372e-07,0.049934753540372766,0.0002420331401193838,0.0014658939697908227,2.3153124363730108e-06,0.05024000000000001,0.00024113293051833613,0.0007420684806233088,1.7634110514360312e-05,3.1610217508176792e-06,1.4517184287497808e-07,-0.0002352327188501889,1.4517184287517372e-07,5.022145110819901e-08,2.0772328994088182e-07,-3.4485443970886053e-06,1.497352898316688e-07,-4.419249643741605e-06,3.79997191264088e-07
normal,biased,0.05,post,Rolling125,500,0.00148635249709583,5.002611815361486e-07,0.0473050037825258,0.000263034774439976,0.0014901586164194644,2.450278477813722e-06,0.04778,0.00015251794467174606,0.0022905932060146308,2.3884549088150345e-05,2.7794283267038025e-05,5.002611815361251e-07,-0.00021059945733397013,5.002611815361487e-07,2.4683482967327e-05,5.219919164602806e-07,2.1184717119130194e-05,4.240925964539364e-07,2.0214011872477194e-05,5.100942840200434e-07
normal,biased,0.05,post,Rolling250,500,0.0014726218871203344,3.4408576368965496e-07,0.04742065543758782,0.00026898564801635684,0.0014767532681814843,2.380826586254762e-06,0.047928,0.00015108701656047846,0.0016152876426636415,2.2198071538903575e-05,1.4063673291540658e-05,3.440857636896966e-07,-0.0002243300673094659,3.4408576368965496e-07,1.0952872991831203e-05,3.817340200910918e-07,7.454107143634399e-06,2.287267808647916e-07,6.483401896981398e-06,4.162668923446104e-07
normal,biased,0.05,post,Rolling500,500,0.0014651677799766998,2.2210056321989226e-07,0.04959371572686518,0.0002696922204629475,0.00146937080166489,2.3442316366574915e-06,0.05000200000000001,0.00018386845084034632,0.0010821860829414373,1.9559664352752085e-05,6.609566147909433e-06,2.2210056321991375e-07,-0.00023178417445310028,2.2210056321989226e-07,3.498765848196804e-06,2.7756912266343454e-07,0.0,0.0,-9.707052466530002e-07,3.618403123093671e-07
normal,biased,0.05,post,Static-CP,500,0.001461669014128503,1.7907220416405038e-07,0.05031293371215322,0.0003015878405824343,0.0014658822577213512,2.346984754873105e-06,0.05070200000000001,0.00043081968757986537,0.0007467494451002929,2.445385575755299e-05,3.110800299710482e-06,1.7907220416408942e-07,-0.0002352829403012971,1.7907220416405038e-07,0.0,0.0,-3.498765848196804e-06,2.7756912266343454e-07,-4.469471094849804e-06,4.4561266824258316e-07
normal,biased,0.05,post,VolRolling250,500,0.0014726218871203344,3.4408576368965496e-07,0.04742065543758782,0.00026898564801635684,0.0014767532681814843,2.380826586254762e-06,0.047928,0.00015108701656047846,0.0016152876426636415,2.2198071538903575e-05,1.4063673291540658e-05,3.440857636896966e-07,-0.0002243300673094659,3.4408576368965496e-07,1.0952872991831203e-05,3.817340200910918e-07,7.454107143634399e-06,2.287267808647916e-07,6.483401896981398e-06,4.162668923446104e-07
normal,biased,0.05,post,VolRolling500,500,0.0014651677799766998,2.2210056321989226e-07,0.04959371572686518,0.0002696922204629475,0.00146937080166489,2.3442316366574915e-06,0.05000200000000001,0.00018386845084034632,0.0010821860829414373,1.9559664352752085e-05,6.609566147909433e-06,2.2210056321991375e-07,-0.00023178417445310028,2.2210056321989226e-07,3.498765848196804e-06,2.7756912266343454e-07,0.0,0.0,-9.707052466530002e-07,3.618403123093671e-07
normal,biased,0.05,pre,DtACI500,500,0.0014889207592223993,7.321419720520732e-07,0.05162616167124834,0.00048555672090280197,0.001492349768451079,4.962338320837507e-06,0.05161219295914396,0.00041019418559119715,0.002155113510148492,3.543057420098074e-05,3.0362545393603877e-05,7.321419720520215e-07,-0.0002080311952074009,7.321419720520733e-07,2.7251745093896003e-05,7.425969953108256e-07,2.3614486571544396e-05,5.984401729286831e-07,2.0906064971594798e-05,6.898018926703682e-07
normal,biased,0.05,pre,InitialKupiecGate,500,0.00146940013492622,1.067566731686044e-06,0.049800956726608114,0.0004899072261421914,0.001473416144899683,4.9259650669665316e-06,0.049671999999999994,0.0006875538470441209,0.0012162134480799003,4.774617953230083e-05,1.0841921097427882e-05,1.0675667316859115e-06,-0.0002275518195035801,1.067566731686044e-06,7.731120797716801e-06,1.0711653940190386e-06,4.093862275365199e-06,9.874509998328615e-07,1.3854406754156005e-06,7.985786706338118e-07
normal,biased,0.05,pre,PastSelectedRolling,500,0.0014680146942508043,7.168411979932693e-07,0.049356453280047216,0.0004122963189607493,0.0014718878728205537,4.8711036889820395e-06,0.049176000000000004,0.0006058515992556603,0.0011796247909470626,4.322078085016595e-05,9.456480422012292e-06,7.168411979931043e-07,-0.0002289372601789957,7.168411979932693e-07,6.345680122301201e-06,7.173609409562553e-07,2.7084215999495983e-06,6.092402278904052e-07,0.0,0.0
normal,biased,0.05,pre,Raw,500,0.0016969519544298,0.0,0.12613489819343024,1.2425102087094829e-18,0.001696794790430711,8.177343317715434e-06,0.12508800000000003,0.0009170837460092665,0.007071067811865399,3.882844402217134e-20,0.000238393740601,0.0,0.0,0.0,0.0002352829403012969,1.7907220416406226e-07,0.00023164568177894528,3.501156689907337e-07,0.0002289372601789957,7.168411979932693e-07
normal,biased,0.05,pre,Rolling1000,500,0.001461684355765971,1.6447833944147144e-07,0.0502911368503036,0.00028605002591577293,0.0014658048490941082,4.762777943638131e-06,0.04992,0.0006027219487416979,0.0007505232513759563,2.137727443177965e-05,3.126141937176235e-06,1.6447833944149166e-07,-0.00023526759866382928,1.6447833944147144e-07,1.5341637467601153e-08,1.1165553237435906e-07,-3.621916884884002e-06,2.9640694478554727e-07,-6.3303384848336e-06,6.923166375089102e-07
normal,biased,0.05,pre,Rolling125,500,0.0014866289189269092,9.855055966179782e-07,0.04743697853559949,0.0004953680467478173,0.001490527228377999,5.023550022801061e-06,0.047824000000000005,0.0004057330237645764,0.002274540689439351,4.6237031570623284e-05,2.807070509811414e-05,9.855055966177963e-07,-0.00021032303550289088,9.855055966179782e-07,2.4959904798405998e-05,9.97245701860133e-07,2.1322646276054398e-05,9.378826565400229e-07,1.8614224676104803e-05,8.596392187050338e-07
normal,biased,0.05,pre,Rolling250,500,0.001472798835890147,6.46579170262256e-07,0.0475171354512603,0.0004776646991788387,0.001475809738952446,4.814038237692699e-06,0.047408000000000006,0.0005122028656217204,0.0016065276328616372,4.0884870458930566e-05,1.424062206135479e-05,6.465791702621469e-07,-0.00022415311853965332,6.46579170262256e-07,1.1129821761643602e-05,6.599258632509133e-07,7.492563239292e-06,5.106698373862289e-07,4.784141639342401e-06,5.26545696158698e-07
normal,biased,0.05,pre,Rolling500,500,0.0014653062726508548,3.501156689907338e-07,0.05028632148478142,0.00040094341033848136,0.001469571317289955,4.805629428346489e-06,0.05026400000000001,0.0006030422272575208,0.0010832195159810102,3.0479053197594042e-05,6.7480588220644284e-06,3.501156689907964e-07,-0.00023164568177894528,3.501156689907337e-07,3.637258522351603e-06,3.4329159012365177e-07,0.0,0.0,-2.7084215999495983e-06,6.092402278904052e-07
normal,biased,0.05,pre,Static-CP,500,0.0014616690141285031,1.7907220416406226e-07,0.05031293371215322,0.00030158784058243425,0.0014655575340643031,4.7596173237088975e-06,0.05000800000000001,0.0006706201120376115,0.0007467494451002929,2.445385575755299e-05,3.110800299710482e-06,1.7907220416408942e-07,-0.0002352829403012969,1.7907220416406226e-07,0.0,0.0,-3.637258522351603e-06,3.4329159012365177e-07,-6.345680122301201e-06,7.173609409562553e-07
normal,biased,0.05,pre,VolRolling250,500,0.001472798835890147,6.46579170262256e-07,0.0475171354512603,0.0004776646991788387,0.001475809738952446,4.814038237692699e-06,0.047408000000000006,0.0005122028656217204,0.0016065276328616372,4.0884870458930566e-05,1.424062206135479e-05,6.465791702621469e-07,-0.00022415311853965332,6.46579170262256e-07,1.1129821761643602e-05,6.599258632509133e-07,7.492563239292e-06,5.106698373862289e-07,4.784141639342401e-06,5.26545696158698e-07
normal,biased,0.05,pre,VolRolling500,500,0.0014653062726508548,3.501156689907338e-07,0.05028632148478142,0.00040094341033848136,0.001469571317289955,4.805629428346489e-06,0.05026400000000001,0.0006030422272575208,0.0010832195159810102,3.0479053197594042e-05,6.7480588220644284e-06,3.501156689907964e-07,-0.00023164568177894528,3.501156689907337e-07,3.637258522351603e-06,3.4329159012365177e-07,0.0,0.0,-2.7084215999495983e-06,6.092402278904052e-07
normal,correct,0.01,acute,DtACI500,500,0.0003930739185495974,7.590091203338722e-07,0.013221522354131893,0.00030755610660556623,0.0003825992183098002,6.666722795093871e-06,0.012022549026168726,0.000928792470389308,0.003040806979580173,7.44052916178503e-05,1.6155708845379038e-05,7.590091203338322e-07,1.615570884539742e-05,7.590091203338722e-07,1.3486611991060397e-05,7.649301082687383e-07,1.06873028940664e-05,6.904932086769315e-07,9.103692464445999e-06,9.263439877293069e-07
normal,correct,0.01,acute,InitialKupiecGate,500,0.0003782007744061862,4.939909716623389e-07,0.01016901215701862,7.623914310258921e-05,0.00037360648614766776,6.05555564776001e-06,0.0094,0.0009925978546229102,0.0002702767201703814,7.017491995309586e-05,1.2825647019848005e-06,4.939909716622718e-07,1.2825647019862013e-06,4.939909716623389e-07,-1.3865321523508183e-06,5.24654896507611e-07,-4.1858412493448185e-06,5.257463012397869e-07,-5.769451678965218e-06,5.422206825955431e-07
normal,correct,0.01,acute,PastSelectedRolling,500,0.0003839702260851514,7.130022806641527e-07,0.009694187128676968,0.00019226205956590845,0.00037737335921881146,5.877436497262793e-06,0.009100000000000002,0.0009519413767504484,0.002122037885449265,0.00010799609822568982,7.0520163809351524e-06,7.130022806641118e-07,7.052016380951419e-06,7.130022806641527e-07,4.3829195266143995e-06,7.282133264342986e-07,1.5836104296203995e-06,6.469391249945282e-07,0.0,0.0
normal,correct,0.01,acute,Raw,500,0.0003769182097042,0.0,0.01,0.0,0.0003721329084917216,5.961817672468619e-06,0.0092,0.0009760252304633328,0.0,0.0,0.0,0.0,0.0,0.0,-2.66909685433702e-06,1.692812308878747e-07,-5.46840595133102e-06,3.262086733707416e-07,-7.052016380951419e-06,7.130022806641527e-07
normal,correct,0.01,acute,Rolling1000,500,0.0003794482109709872,1.4752156776076863e-07,0.009982701077376943,0.00013490950062181313,0.00037468679208054937,5.951601329979074e-06,0.0095,0.00098561802224368,0.0013501306706938684,4.388931574632998e-05,2.530001266771473e-06,1.4752156776077437e-07,2.5300012667872198e-06,1.475215677607686e-07,-1.3909558754979982e-07,1.5225354619054605e-07,-2.9384046845437995e-06,3.129958428309956e-07,-4.5220151141641995e-06,6.960921455892411e-07
normal,correct,0.01,acute,Rolling125,500,0.00040415993176214337,1.5279850225526194e-06,0.00824096912505599,0.00034182811468001106,0.00040187852436335703,6.428250607641757e-06,0.007300000000000001,0.000851392823248445,0.005131676438827949,0.0001951221848503617,2.724172205792036e-05,1.5279850225523228e-06,2.724172205794342e-05,1.5279850225526199e-06,2.45726252036064e-05,1.5353378930716548e-06,2.17733161066124e-05,1.501289487969017e-06,2.0189705676992e-05,1.4543546217405694e-06
normal,correct,0.01,acute,Rolling250,500,0.00039126642411427184,8.871313746588792e-07,0.007986950895259195,0.00023635162205547884,0.0003837173059713176,5.125605086957071e-06,0.0070999999999999995,0.0008429716498227029,0.0035360741949147056,0.00013524113349514877,1.4348214410055154e-05,8.87131374658682e-07,1.4348214410071819e-05,8.871313746588792e-07,1.1679117555734798e-05,9.06932817496124e-07,8.8798084587408e-06,8.096971363253671e-07,7.296198029120399e-06,8.410510436200449e-07
normal,correct,0.01,acute,Rolling500,500,0.000382386615655531,3.2620867337074157e-07,0.00990670210764149,0.00019579312927773052,0.0003757402716330426,5.795456949874246e-06,0.009600000000000001,0.0009578700486287899,0.0019839678978916535,6.867192675085026e-05,5.468405951314531e-06,3.262086733707309e-07,5.46840595133102e-06,3.262086733707416e-07,2.799309096994e-06,3.493637149608812e-07,0.0,0.0,-1.5836104296203995e-06,6.469391249945282e-07
normal,correct,0.01,acute,Static-CP,500,0.000379587306558537,1.692812308878747e-07,0.009973444335096329,0.00013882483010727625,0.000375432083779656,6.044608924818056e-06,0.009,0.0009694739602067908,0.0013592616408971657,4.8124915496463864e-05,2.6690968543184118e-06,1.6928123088786992e-07,2.66909685433702e-06,1.692812308878747e-07,0.0,0.0,-2.799309096994e-06,3.493637149608812e-07,-4.3829195266143995e-06,7.282133264342986e-07
normal,correct,0.01,acute,VolRolling250,500,0.00039126642411427184,8.871313746588792e-07,0.007986950895259195,0.00023635162205547884,0.0003837173059713176,5.125605086957071e-06,0.0070999999999999995,0.0008429716498227029,0.0035360741949147056,0.00013524113349514877,1.4348214410055154e-05,8.87131374658682e-07,1.4348214410071819e-05,8.871313746588792e-07,1.1679117555734798e-05,9.06932817496124e-07,8.8798084587408e-06,8.096971363253671e-07,7.296198029120399e-06,8.410510436200449e-07
normal,correct,0.01,acute,VolRolling500,500,0.000382386615655531,3.2620867337074157e-07,0.00990670210764149,0.00019579312927773052,0.0003757402716330426,5.795456949874246e-06,0.009600000000000001,0.0009578700486287899,0.0019839678978916535,6.867192675085026e-05,5.468405951314531e-06,3.262086733707309e-07,5.46840595133102e-06,3.262086733707416e-07,2.799309096994e-06,3.493637149608812e-07,0.0,0.0,-1.5836104296203995e-06,6.469391249945282e-07
normal,correct,0.01,early,DtACI500,500,0.00039224819981602575,6.024415137811361e-07,0.012828421490570459,0.0002708995515808131,0.00039305069704563946,3.237694396003416e-06,0.012867305491665157,0.0003875200370386343,0.0030439906417077563,6.317933235297018e-05,1.5329990111807427e-05,6.024415137811955e-07,1.5329990111825818e-05,6.024415137811361e-07,1.26608932574888e-05,6.156497124687021e-07,9.859959297744e-06,5.055661648353922e-07,8.320893227151601e-06,7.081551975029086e-07
normal,correct,0.01,early,InitialKupiecGate,500,0.0003780367008615724,3.1520335608783876e-07,0.01013421940640535,7.179682227806293e-05,0.00037886350513167765,2.9425946698596906e-06,0.010095238095238074,0.00044560625030865794,0.0002522544320609356,5.372091320917455e-05,1.1184911573707728e-06,3.1520335608780927e-07,1.1184911573724016e-06,3.1520335608783876e-07,-1.550605696964618e-06,3.4467104028775005e-07,-4.351539656709418e-06,3.773240804185455e-07,-5.890605727301818e-06,5.206845945798086e-07
normal,correct,0.01,early,PastSelectedRolling,500,0.0003839273065888742,5.865649381777903e-07,0.00963376710139292,0.00018467739998934713,0.0003862423075880076,2.9970147370670107e-06,0.009828571428571407,0.00043205653198099105,0.002117239986677225,9.363129908824421e-05,7.009096884654915e-06,5.865649381778039e-07,7.00909688467422e-06,5.865649381777903e-07,4.3400000303372e-06,5.962475807320961e-07,1.5390660705924013e-06,5.214631278136754e-07,0.0,0.0
normal,correct,0.01,early,Raw,500,0.0003769182097042,0.0,0.009999999999999901,7.765688804434268e-20,0.0003788654628642814,2.9562432215247176e-06,0.010038095238095218,0.0004469674229904751,0.0,0.0,0.0,0.0,0.0,0.0,-2.66909685433702e-06,1.692812308878747e-07,-5.4700308140818195e-06,3.0457558899992126e-07,-7.00909688467422e-06,5.865649381777903e-07
normal,correct,0.01,early,Rolling1000,500,0.0003793670610856172,1.3394328414697935e-07,0.009999485852767684,0.00012855863045331927,0.00038233058718384897,3.0097674404146997e-06,0.01017142857142855,0.00044945988375423096,0.0013284582358547275,4.0839501932675104e-05,2.4488513813988607e-06,1.3394328414697977e-07,2.44885138141722e-06,1.3394328414697935e-07,-2.2024547291979987e-07,1.5694364366438486e-07,-3.021179432664599e-06,2.791433895343316e-07,-4.5602455032569995e-06,5.636325215105673e-07
normal,correct,0.01,early,Rolling125,500,0.000404608411362784,1.3000967150261347e-06,0.00824464271607565,0.00028192305736850394,0.00040387229529997636,3.3197747232634254e-06,0.008495238095238077,0.0003678281308480851,0.0051980032624204696,0.0001681912524155954,2.7690201658565603e-05,1.3000967150259803e-06,2.7690201658584018e-05,1.300096715026135e-06,2.5021104804246997e-05,1.310498328239177e-06,2.22201708445022e-05,1.2614764305588206e-06,2.06811047739098e-05,1.2363325136476725e-06
normal,correct,0.01,early,Rolling250,500,0.0003914579147631546,7.544235083866934e-07,0.008173068895117793,0.00023038648539545155,0.000392611531083843,2.831585665295661e-06,0.00822857142857141,0.00040480349842144037,0.0035604849285101057,0.00011549254709769054,1.453970505893642e-05,7.544235083866883e-07,1.453970505895462e-05,7.544235083866934e-07,1.18706082046176e-05,7.759536997663848e-07,9.069674244872803e-06,6.722364692207484e-07,7.5306081742804015e-06,7.532092194825088e-07
normal,correct,0.01,early,Rolling500,500,0.0003823882405182818,3.0457558899992126e-07,0.00996281880539325,0.00018746813693744425,0.0003842419770622798,2.969640204447844e-06,0.00999999999999998,0.00042708971842189474,0.0019901518757512305,6.251658012333581e-05,5.470030814062183e-06,3.0457558899988536e-07,5.4700308140818195e-06,3.0457558899992126e-07,2.800933959744799e-06,3.3852270063374014e-07,0.0,0.0,-1.5390660705924013e-06,5.214631278136754e-07
normal,correct,0.01,early,Static-CP,500,0.000379587306558537,1.692812308878747e-07,0.009973444335096327,0.00013882483010727622,0.00038256729897686036,3.0734403754079807e-06,0.010095238095238074,0.00046555544650472673,0.0013592616408971657,4.8124915496463864e-05,2.6690968543184118e-06,1.6928123088786992e-07,2.66909685433702e-06,1.692812308878747e-07,0.0,0.0,-2.800933959744799e-06,3.3852270063374014e-07,-4.3400000303372e-06,5.962475807320961e-07
normal,correct,0.01,early,VolRolling250,500,0.0003914579147631546,7.544235083866934e-07,0.008173068895117793,0.00023038648539545155,0.000392611531083843,2.831585665295661e-06,0.00822857142857141,0.00040480349842144037,0.0035604849285101057,0.00011549254709769054,1.453970505893642e-05,7.544235083866883e-07,1.453970505895462e-05,7.544235083866934e-07,1.18706082046176e-05,7.759536997663848e-07,9.069674244872803e-06,6.722364692207484e-07,7.5306081742804015e-06,7.532092194825088e-07
normal,correct,0.01,early,VolRolling500,500,0.0003823882405182818,3.0457558899992126e-07,0.00996281880539325,0.00018746813693744425,0.0003842419770622798,2.969640204447844e-06,0.00999999999999998,0.00042708971842189474,0.0019901518757512305,6.251658012333581e-05,5.470030814062183e-06,3.0457558899988536e-07,5.4700308140818195e-06,3.0457558899992126e-07,2.800933959744799e-06,3.3852270063374014e-07,0.0,0.0,-1.5390660705924013e-06,5.214631278136754e-07
normal,correct,0.01,late,DtACI500,500,0.0003905584640179622,3.395574493935601e-07,0.012014937310729635,0.00017787578610322776,0.00039089686906889666,1.3517263625973419e-06,0.012023236485636751,0.000127610300292523,0.002910302877878146,4.349096588895968e-05,1.364025431374671e-05,3.395574493936008e-07,1.3640254313762221e-05,3.395574493935601e-07,1.0971157459425202e-05,3.746203334577967e-07,8.093825407815402e-06,2.3381527320091454e-07,6.400464426144202e-06,4.839766084750541e-07
normal,correct,0.01,late,InitialKupiecGate,500,0.00037759056865266393,1.7120590312695462e-07,0.009966942004942025,4.0608072008991e-05,0.00037758543142126844,1.2426880900578782e-06,0.010004,0.00018561485325128212,0.0001897026121330588,3.637883218328131e-05,6.723589484626516e-07,1.7120590312688273e-07,6.723589484640018e-07,1.712059031269546e-07,-1.996737905873018e-06,2.3810315585496388e-07,-4.874069957482819e-06,2.9760897827005817e-07,-6.567430939154017e-06,4.438698564505367e-07
normal,correct,0.01,late,PastSelectedRolling,500,0.00038415799959181794,4.567645243771622e-07,0.009246954933594377,0.00013639720130697797,0.00038452937475690817,1.3316012637724503e-06,0.009356000000000001,0.0001724587255665775,0.002180768259078448,7.671229559406698e-05,7.239789887601019e-06,4.567645243771597e-07,7.23978988761802e-06,4.567645243771622e-07,4.570693033281e-06,4.91031375538534e-07,1.6933609816711993e-06,4.281234444932257e-07,0.0,0.0
normal,correct,0.01,late,Raw,500,0.0003769182097042,0.0,0.01,0.0,0.0003769075993057808,1.2303448812912827e-06,0.010016000000000002,0.00018822951069743233,0.0,0.0,0.0,0.0,0.0,0.0,-2.66909685433702e-06,1.692812308878747e-07,-5.54642890594682e-06,2.5682338867995925e-07,-7.23978988761802e-06,4.567645243771622e-07
normal,correct,0.01,late,Rolling1000,500,0.00037979000408231876,1.503850731720481e-07,0.009719298119494664,0.000127660917796232,0.00037997395982509465,1.2283823810026035e-06,0.009720000000000001,0.00018730019414151954,0.001429541643038191,4.1181614171117735e-05,2.8717943781021847e-06,1.5038507317195024e-07,2.8717943781188187e-06,1.503850731720481e-07,2.026975237817989e-07,2.259574332935783e-07,-2.674634527828001e-06,2.1635346878186057e-07,-4.367995509499201e-06,4.3399677699345424e-07
normal,correct,0.01,late,Rolling125,500,0.000404735651445889,7.066034665234648e-07,0.007848152167422571,0.000143767102588484,0.00040578841681940833,1.6216662618773692e-06,0.008060000000000003,0.00011962198308703693,0.0052635402437283185,9.261919907602963e-05,2.7817441741670195e-05,7.066034665234728e-07,2.781744174168902e-05,7.066034665234648e-07,2.5148344887352e-05,7.241899465946508e-07,2.2271012835742205e-05,6.810073420746728e-07,2.0577651854071e-05,7.141044259001914e-07
normal,correct,0.01,late,Rolling250,500,0.0003915509223303444,4.893553509307632e-07,0.007655742040919842,0.0001372192838453176,0.0003919836727376778,1.4018570822853402e-06,0.007772000000000001,0.00012357416051219036,0.0036106848455792003,7.62636738222022e-05,1.4632712626129139e-05,4.893553509306575e-07,1.463271262614442e-05,4.893553509307632e-07,1.19636157718074e-05,5.139796363355765e-07,9.086283720197598e-06,4.2656586437242876e-07,7.3929227385264006e-06,5.382495527921656e-07
normal,correct,0.01,late,Rolling500,500,0.0003824646386101468,2.5682338867995925e-07,0.009694397384709392,0.00015458421542757816,0.000382556102763664,1.2627998291475113e-06,0.00978,0.00016944800161259205,0.001996638660219348,5.0066553412316486e-05,5.546428905930117e-06,2.5682338867999276e-07,5.54642890594682e-06,2.5682338867995925e-07,2.8773320516098005e-06,3.0934000437441154e-07,0.0,0.0,-1.6933609816711993e-06,4.281234444932257e-07
normal,correct,0.01,late,Static-CP,500,0.000379587306558537,1.692812308878747e-07,0.009973444335096329,0.00013882483010727625,0.000379831459142559,1.2249474436080358e-06,0.010024000000000002,0.00023640351360012602,0.0013592616408971657,4.8124915496463864e-05,2.6690968543184118e-06,1.6928123088786992e-07,2.66909685433702e-06,1.692812308878747e-07,0.0,0.0,-2.8773320516098005e-06,3.0934000437441154e-07,-4.570693033281e-06,4.91031375538534e-07
normal,correct,0.01,late,VolRolling250,500,0.0003915509223303444,4.893553509307632e-07,0.007655742040919842,0.0001372192838453176,0.0003919836727376778,1.4018570822853402e-06,0.007772000000000001,0.00012357416051219036,0.0036106848455792003,7.62636738222022e-05,1.4632712626129139e-05,4.893553509306575e-07,1.463271262614442e-05,4.893553509307632e-07,1.19636157718074e-05,5.139796363355765e-07,9.086283720197598e-06,4.2656586437242876e-07,7.3929227385264006e-06,5.382495527921656e-07
normal,correct,0.01,late,VolRolling500,500,0.0003824646386101468,2.5682338867995925e-07,0.009694397384709392,0.00015458421542757816,0.000382556102763664,1.2627998291475113e-06,0.00978,0.00016944800161259205,0.001996638660219348,5.0066553412316486e-05,5.546428905930117e-06,2.5682338867999276e-07,5.54642890594682e-06,2.5682338867995925e-07,2.8773320516098005e-06,3.0934000437441154e-07,0.0,0.0,-1.6933609816711993e-06,4.281234444932257e-07
normal,correct,0.01,middle,DtACI500,500,0.0003915045161688906,4.3712653763845207e-07,0.012123074348170872,0.000210594048670053,0.00039521647491390724,1.7043127828460999e-06,0.01276546084508048,0.00016997451642101422,0.003036876825215203,5.202826516050341e-05,1.4586306464674376e-05,4.3712653763841877e-07,1.458630646469062e-05,4.3712653763845207e-07,1.19172096103536e-05,4.7106481349072004e-07,8.7778064635044e-06,2.959755503037054e-07,6.4283618127480005e-06,6.122278859082852e-07
normal,correct,0.01,middle,InitialKupiecGate,500,0.00037801940283361315,2.68530336840476e-07,0.010039947848812682,6.46223734544748e-05,0.0003813639294664114,1.593230037928017e-06,0.010543999999999968,0.00023526189162002131,0.0002450846983292358,4.737767379356206e-05,1.101193129412358e-06,2.685303368404456e-07,1.1011931294132014e-06,2.68530336840476e-07,-1.5679037249238184e-06,3.081384595972039e-07,-4.707306871773017e-06,3.375401202069914e-07,-7.056751522529418e-06,5.52424553310127e-07
normal,correct,0.01,middle,PastSelectedRolling,500,0.0003850761543561426,5.88333028462761e-07,0.009300243908988062,0.00015821395629242511,0.0003876722955569774,1.723243422511708e-06,0.00995199999999997,0.00020746010124706173,0.0022913986823286164,9.06222338221249e-05,8.15794465192788e-06,5.883330284627541e-07,8.157944651942619e-06,5.88333028462761e-07,5.488847797605599e-06,6.126111166620128e-07,2.3494446507564003e-06,5.530263175379022e-07,0.0,0.0
normal,correct,0.01,middle,Raw,500,0.0003769182097042,0.0,0.009999999999999901,7.765688804434268e-20,0.000380238509883127,1.5667776900861788e-06,0.010522666666666633,0.00023487389890249673,0.0,0.0,0.0,0.0,0.0,0.0,-2.66909685433702e-06,1.692812308878747e-07,-5.808500001186219e-06,2.8156896989184826e-07,-8.157944651942619e-06,5.88333028462761e-07
normal,correct,0.01,middle,Rolling1000,500,0.0003796255305695412,1.4800205668496843e-07,0.009865381952993772,0.00012960255512428024,0.0003824005908765918,1.5415694214276683e-06,0.010362666666666636,0.00022028111834142988,0.0013838828783741684,4.003256763740482e-05,2.7073208653247275e-06,1.480020566850417e-07,2.707320865341219e-06,1.4800205668496843e-07,3.822401100419929e-08,2.070298536914801e-07,-3.101179135845e-06,2.2177216658409973e-07,-5.450623786601401e-06,5.639510204701005e-07
normal,correct,0.01,middle,Rolling125,500,0.0004063746614828954,8.543968665919064e-07,0.007591688033822141,0.0001735600870423459,0.0004072336402549746,1.9559766439734603e-06,0.00807999999999997,0.0001510524202630818,0.005507790568501747,0.00011102192196073587,2.9456451778678067e-05,8.543968665920121e-07,2.945645177869542e-05,8.543968665919064e-07,2.6787354924358403e-05,8.625403226615391e-07,2.36479517775092e-05,8.12224954237758e-07,2.12985071267528e-05,8.363797778312267e-07
normal,correct,0.01,middle,Rolling250,500,0.00039275659946801247,6.267765711410757e-07,0.007680256256060282,0.0001717066178986763,0.0003938326102534074,1.7186036034293119e-06,0.00822399999999997,0.00015403459633892027,0.0037893157765082792,9.564374542164809e-05,1.5838389763795467e-05,6.267765711410105e-07,1.583838976381242e-05,6.267765711410757e-07,1.31692929094754e-05,6.498419323729079e-07,1.0029889762626202e-05,5.469408770521382e-07,7.680445111869801e-06,6.381105807504038e-07
normal,correct,0.01,middle,Rolling500,500,0.0003827267097053862,2.8156896989184826e-07,0.009801493266529324,0.00017244488475412907,0.0003854502253108324,1.569849848030449e-06,0.01033599999999997,0.00021222907257815464,0.0020649931449163226,5.461544889521965e-05,5.8085000011671305e-06,2.815689698919289e-07,5.808500001186219e-06,2.8156896989184826e-07,3.1394031468491994e-06,3.3115620538258234e-07,0.0,0.0,-2.3494446507564003e-06,5.530263175379022e-07
normal,correct,0.01,middle,Static-CP,500,0.000379587306558537,1.692812308878747e-07,0.009973444335096329,0.0001388248301072762,0.0003829915239509204,1.6074420604953251e-06,0.010661333333333299,0.00027435791481152555,0.0013592616408971657,4.812491549646388e-05,2.6690968543184118e-06,1.6928123088786992e-07,2.66909685433702e-06,1.692812308878747e-07,0.0,0.0,-3.1394031468491994e-06,3.3115620538258234e-07,-5.488847797605599e-06,6.126111166620128e-07
normal,correct,0.01,middle,VolRolling250,500,0.00039275659946801247,6.267765711410757e-07,0.007680256256060282,0.0001717066178986763,0.0003938326102534074,1.7186036034293119e-06,0.00822399999999997,0.00015403459633892027,0.0037893157765082792,9.564374542164809e-05,1.5838389763795467e-05,6.267765711410105e-07,1.583838976381242e-05,6.267765711410757e-07,1.31692929094754e-05,6.498419323729079e-07,1.0029889762626202e-05,5.469408770521382e-07,7.680445111869801e-06,6.381105807504038e-07
normal,correct,0.01,middle,VolRolling500,500,0.0003827267097053862,2.8156896989184826e-07,0.009801493266529324,0.00017244488475412907,0.0003854502253108324,1.569849848030449e-06,0.01033599999999997,0.00021222907257815464,0.0020649931449163226,5.461544889521965e-05,5.8085000011671305e-06,2.815689698919289e-07,5.808500001186219e-06,2.8156896989184826e-07,3.1394031468491994e-06,3.3115620538258234e-07,0.0,0.0,-2.3494446507564003e-06,5.530263175379022e-07
normal,correct,0.01,post,DtACI500,500,0.0003911409649239942,2.8516689722499093e-07,0.012165036239521431,0.00014620326187539804,0.0003925769201831522,1.0231544130466128e-06,0.012390184116871771,6.748798073541558e-05,0.0029744154053656896,3.516576365178666e-05,1.4222755219773612e-05,2.851668972249835e-07,1.422275521979422e-05,2.8516689722499093e-07,1.1553658365457201e-05,3.275193604400971e-07,8.587631911870401e-06,1.8932686461340127e-07,6.6666355309928e-06,4.409458421186919e-07
normal,correct,0.01,post,InitialKupiecGate,500,0.0003778104294675262,2.0390808963986617e-07,0.010015924726588746,4.241579703904145e-05,0.0003790569870223182,9.440273901502834e-07,0.010204000000000001,0.0001416364705136326,0.00021865031770979882,4.010507130666952e-05,8.922197633245883e-07,2.0390808963968268e-07,8.922197633262019e-07,2.0390808963986622e-07,-1.7768770910108178e-06,2.578779914466028e-07,-4.742903544597617e-06,2.5474476240599944e-07,-6.663899925475216e-06,4.052573406966851e-07
normal,correct,0.01,post,PastSelectedRolling,500,0.0003844743293930014,4.265931407381185e-07,0.009316498220887504,0.00011771656155392864,0.00038574470769343503,1.0584079536192673e-06,0.009624,0.00010750051498222175,0.002214409591722548,6.984312392678553e-05,7.556119688781005e-06,4.2659314073804555e-07,7.556119688801418e-06,4.265931407381185e-07,4.887022834464399e-06,4.5912462411011237e-07,1.9209963808775997e-06,3.9490147293543297e-07,0.0,0.0
normal,correct,0.01,post,Raw,500,0.0003769182097042,0.0,0.01,0.0,0.00037826677262964737,9.183372368340124e-07,0.010192,0.00014200917297984956,0.0,0.0,0.0,0.0,0.0,0.0,-2.66909685433702e-06,1.692812308878747e-07,-5.635123307923819e-06,1.923507829480828e-07,-7.556119688801418e-06,4.265931407381185e-07
normal,correct,0.01,post,Rolling1000,500,0.00037967708163814864,1.1848362550272257e-07,0.009808767328208137,0.00011175133256478362,0.0003810256489871838,9.390893300512976e-07,0.010004,0.0001148317929902809,0.0014002176290880315,3.3056555950332425e-05,2.758871933930175e-06,1.1848362550269757e-07,2.7588719339486186e-06,1.1848362550272257e-07,8.977507961159883e-08,1.919598149386106e-07,-2.876251373975201e-06,1.3743586391822582e-07,-4.797247754852801e-06,4.014936354604869e-07
normal,correct,0.01,post,Rolling125,500,0.000405325405607366,5.231294368902502e-07,0.0078014659640836545,0.00011121765223106396,0.0004060509849990868,1.2383495559918732e-06,0.008098000000000001,8.508390294927804e-05,0.0053456154563830205,6.851867179023454e-05,2.8407195903147394e-05,5.231294368902577e-07,2.840719590316602e-05,5.231294368902503e-07,2.5738099048829e-05,5.429462127631268e-07,2.27720725952422e-05,4.79074358182479e-07,2.08510762143646e-05,5.634164422978475e-07
normal,correct,0.01,post,Rolling250,500,0.0003919875954980958,3.9167538830502035e-07,0.00772587836837508,0.0001123736393216643,0.000392577622097099,1.0762548178876866e-06,0.007976,8.111724857286558e-05,0.0036709082403720617,6.039858167244665e-05,1.5069385793877378e-05,3.9167538830505894e-07,1.5069385793895818e-05,3.916753883050203e-07,1.2400288939558797e-05,4.254117036786469e-07,9.434262485971999e-06,3.1827233607309556e-07,7.513266105094399e-06,4.6477386739690174e-07
normal,correct,0.01,post,Rolling500,500,0.0003825533330121238,1.923507829480828e-07,0.009766988684022312,0.000125534517407366,0.000383682098897593,9.639525556478247e-07,0.010008000000000001,9.487821536845539e-05,0.002021337064365006,3.860206449987481e-05,5.635123307905552e-06,1.9235078294802363e-07,5.635123307923819e-06,1.923507829480828e-07,2.9660264535867996e-06,2.5664025293496186e-07,0.0,0.0,-1.9209963808775997e-06,3.9490147293543297e-07
normal,correct,0.01,post,Static-CP,500,0.000379587306558537,1.692812308878747e-07,0.009973444335096329,0.0001388248301072762,0.0003812157591210386,9.378823366119716e-07,0.01025,0.00020337581824517336,0.0013592616408971657,4.8124915496463864e-05,2.6690968543184118e-06,1.6928123088786992e-07,2.66909685433702e-06,1.692812308878747e-07,0.0,0.0,-2.9660264535867996e-06,2.5664025293496186e-07,-4.887022834464399e-06,4.5912462411011237e-07
normal,correct,0.01,post,VolRolling250,500,0.0003919875954980958,3.9167538830502035e-07,0.00772587836837508,0.0001123736393216643,0.000392577622097099,1.0762548178876866e-06,0.007976,8.111724857286558e-05,0.0036709082403720617,6.039858167244665e-05,1.5069385793877378e-05,3.9167538830505894e-07,1.5069385793895818e-05,3.916753883050203e-07,1.2400288939558797e-05,4.254117036786469e-07,9.434262485971999e-06,3.1827233607309556e-07,7.513266105094399e-06,4.6477386739690174e-07
normal,correct,0.01,post,VolRolling500,500,0.0003825533330121238,1.923507829480828e-07,0.009766988684022312,0.000125534517407366,0.000383682098897593,9.639525556478247e-07,0.010008000000000001,9.487821536845539e-05,0.002021337064365006,3.860206449987481e-05,5.635123307905552e-06,1.9235078294802363e-07,5.635123307923819e-06,1.923507829480828e-07,2.9660264535867996e-06,2.5664025293496186e-07,0.0,0.0,-1.9209963808775997e-06,3.9490147293543297e-07
normal,correct,0.01,pre,DtACI500,500,0.00039264448581128263,4.2984835204790125e-07,0.013259535316275422,0.00022017605798206965,0.0003927320070807718,2.0882340042791468e-06,0.013089237509689348,0.00022086193930181917,0.00299989240931185,4.9147534029868275e-05,1.5726276107065578e-05,4.2984835204796843e-07,1.5726276107082617e-05,4.2984835204790125e-07,1.3057179252745599e-05,4.5705074258623274e-07,1.0536761573103799e-05,3.719282556919219e-07,7.241470215194799e-06,6.954986973187429e-07
normal,correct,0.01,pre,InitialKupiecGate,500,0.0003783892567855863,4.335577567613699e-07,0.010168121838229746,6.954837788865271e-05,0.00037899982170569224,1.988752963882873e-06,0.010104,0.00028991458903938547,0.0002921911238679138,6.406612465936662e-05,1.4710470813847742e-06,4.3355775676113437e-07,1.4710470813864014e-06,4.335577567613699e-07,-1.1980497729506184e-06,4.578060612716436e-07,-3.7184674525924175e-06,4.279145927396023e-07,-7.013758810501419e-06,5.500093374355354e-07
normal,correct,0.01,pre,PastSelectedRolling,500,0.0003854030155960878,6.701713333438891e-07,0.009620494077977073,0.0001714690614533123,0.0003864425232239252,2.051552620838277e-06,0.009600000000000001,0.00027832882327875327,0.0023404789859213905,0.00010207018679782973,8.484805891870368e-06,6.70171333343806e-07,8.484805891887818e-06,6.701713333438891e-07,5.8157090375508e-06,6.767207946310564e-07,3.2952913579090005e-06,6.062822318009079e-07,0.0,0.0
normal,correct,0.01,pre,Raw,500,0.0003769182097042,0.0,0.01,0.0,0.00037805666991769937,1.8959799223002375e-06,0.009992000000000001,0.00029017283219676197,0.0,0.0,0.0,0.0,0.0,0.0,-2.66909685433702e-06,1.692812308878747e-07,-5.189514533978819e-06,2.485459105585803e-07,-8.484805891887818e-06,6.701713333438891e-07
normal,correct,0.01,pre,Rolling1000,500,0.0003794509961023178,1.368254909917648e-07,0.009971767866903632,0.00012604489572100557,0.0003806504069201346,1.913015983387537e-06,0.009920000000000002,0.00028185472174213557,0.0013398530745844057,4.049162509062417e-05,2.5327863981015894e-06,1.368254909917876e-07,2.5327863981178203e-06,1.368254909917648e-07,-1.3631045621919973e-07,9.308989166222965e-08,-2.6567281358609993e-06,2.2182706716674113e-07,-5.95201949377e-06,6.595168474421403e-07
normal,correct,0.01,pre,Rolling125,500,0.0004067831490007058,1.0730292926193559e-06,0.00798540518774376,0.00020424696406331518,0.0004058477450423242,2.3841463824715196e-06,0.007744000000000002,0.00019842296072452242,0.005499661689922826,0.00013662010852452533,2.9864939296488673e-05,1.073029292619156e-06,2.9864939296505817e-05,1.0730292926193559e-06,2.71958424421688e-05,1.0812084616978944e-06,2.4675424762527e-05,1.0378998385363951e-06,2.1380133404618002e-05,9.97666027416468e-07
normal,correct,0.01,pre,Rolling250,500,0.0003921583224886884,6.754832679774839e-07,0.007832477691480304,0.000184231969548553,0.00039334562374534045,2.030284197041287e-06,0.007640000000000001,0.00020804654943898238,0.0036924132285412166,0.00010387449975361378,1.5240112784471063e-05,6.754832679774648e-07,1.5240112784488418e-05,6.754832679774839e-07,1.25710159301514e-05,6.861948508995905e-07,1.00505982505096e-05,6.105920136222837e-07,6.755306892600599e-06,6.671238767524713e-07
normal,correct,0.01,pre,Rolling500,500,0.00038210772423817883,2.485459105585803e-07,0.009927699245152629,0.0001687231721236768,0.0003836277710570624,1.9074576923793384e-06,0.009976,0.00027821152259136433,0.001930286862713022,5.47794735575343e-05,5.189514533961071e-06,2.485459105585048e-07,5.189514533978819e-06,2.485459105585803e-07,2.520417679641799e-06,2.569790407442421e-07,0.0,0.0,-3.2952913579090005e-06,6.062822318009079e-07
normal,correct,0.01,pre,Static-CP,500,0.000379587306558537,1.692812308878747e-07,0.009973444335096329,0.00013882483010727625,0.0003810037835544244,1.9350299634076135e-06,0.009968,0.00032141650414730814,0.0013592616408971657,4.8124915496463864e-05,2.6690968543184118e-06,1.6928123088786992e-07,2.66909685433702e-06,1.692812308878747e-07,0.0,0.0,-2.520417679641799e-06,2.569790407442421e-07,-5.8157090375508e-06,6.767207946310564e-07
normal,correct,0.01,pre,VolRolling250,500,0.0003921583224886884,6.754832679774839e-07,0.007832477691480304,0.000184231969548553,0.00039334562374534045,2.030284197041287e-06,0.007640000000000001,0.00020804654943898238,0.0036924132285412166,0.00010387449975361378,1.5240112784471063e-05,6.754832679774648e-07,1.5240112784488418e-05,6.754832679774839e-07,1.25710159301514e-05,6.861948508995905e-07,1.00505982505096e-05,6.105920136222837e-07,6.755306892600599e-06,6.671238767524713e-07
normal,correct,0.01,pre,VolRolling500,500,0.00038210772423817883,2.485459105585803e-07,0.009927699245152629,0.0001687231721236768,0.0003836277710570624,1.9074576923793384e-06,0.009976,0.00027821152259136433,0.001930286862713022,5.47794735575343e-05,5.189514533961071e-06,2.485459105585048e-07,5.189514533978819e-06,2.485459105585803e-07,2.520417679641799e-06,2.569790407442421e-07,0.0,0.0,-3.2952913579090005e-06,6.062822318009079e-07
normal,correct,0.05,acute,DtACI500,500,0.0014889398108718804,1.2834194887698177e-06,0.05193372671777497,0.0006839875285524365,0.0014663959602645529,1.6322891038200872e-05,0.050376890663508624,0.002025026973700059,0.0021578154458859783,5.2784167924035295e-05,3.038159704308932e-05,1.2834194887694772e-06,3.0381597043080278e-05,1.2834194887698177e-06,2.7270796743377205e-05,1.2812506693513154e-06,2.37384198983208e-05,1.1580845615422815e-06,2.24811447853042e-05,1.273367156239806e-06
normal,correct,0.05,acute,InitialKupiecGate,500,0.0014594402764446803,2.6705341348598843e-07,0.049827313713847694,0.0001446186366710334,0.0014416857470835112,1.6016333490575372e-05,0.047900000000000005,0.0022251027311853844,0.00010100002847950901,2.235572190001933e-05,8.820626158801937e-07,2.670534134859188e-07,8.820626158802052e-07,2.670534134859884e-07,-2.2287376838228687e-06,3.0867098203750856e-07,-5.761114528879272e-06,4.452920900687283e-07,-7.018389641895872e-06,7.401722615137757e-07
normal,correct,0.05,acute,PastSelectedRolling,500,0.001466458666086576,7.709476255490304e-07,0.049853642102256186,0.0004602762548150348,0.0014490718551635603,1.6115839073144686e-05,0.047700000000000006,0.002192951909220151,0.0010817910204796836,4.526486836918095e-05,7.900452257781464e-06,7.709476255488285e-07,7.900452257776077e-06,7.709476255490304e-07,4.789651958073004e-06,7.832955390637898e-07,1.2572751130166004e-06,7.404003226113447e-07,0.0,0.0
normal,correct,0.05,acute,Raw,500,0.0014585582138288004,1.941422201108567e-20,0.0499999999999999,0.0,0.001440502232667351,1.606547508468762e-05,0.047799999999999995,0.0022136215215074508,0.0,0.0,0.0,0.0,0.0,0.0,-3.110800299703074e-06,1.790722041640504e-07,-6.643177144759477e-06,3.9963521847414714e-07,-7.900452257776077e-06,7.709476255490304e-07
normal,correct,0.05,acute,Rolling1000,500,0.0014616899976024932,1.9373474346772379e-07,0.05051838820009842,0.0003027722011300733,0.001446482652499137,1.619341829002999e-05,0.0492,0.002201912085817083,0.0007394811559820999,2.443097385397539e-05,3.1317837737013294e-06,1.9373474346771775e-07,3.1317837736932703e-06,1.9373474346772379e-07,2.098347399019651e-08,1.907420181397045e-07,-3.5113933710662064e-06,3.491606757727879e-07,-4.768668484082807e-06,7.443107901221175e-07
normal,correct,0.05,acute,Rolling125,500,0.0014872424515035181,1.588259122716653e-06,0.048911861507542356,0.0008545399304794037,0.0014595937137882099,1.5687407374184557e-05,0.0466,0.0021786171635904696,0.002302409015364958,7.363787939092098e-05,2.8684237674723766e-05,1.588259122716335e-06,2.8684237674718067e-05,1.588259122716653e-06,2.5573437375014997e-05,1.5933449147627904e-06,2.2041060529958593e-05,1.5339399687693725e-06,2.078378541694199e-05,1.5004732498361786e-06
normal,correct,0.05,acute,Rolling250,500,0.0014723169637537174,8.250370664129691e-07,0.04813366482775266,0.0005946617467837074,0.001452282448198101,1.5503150013181656e-05,0.046900000000000004,0.0021955456819850883,0.0015725774072720305,5.265655866864217e-05,1.3758749924923315e-05,8.250370664128874e-07,1.375874992491767e-05,8.250370664129691e-07,1.06479496252146e-05,8.348369286260708e-07,7.115572780158195e-06,7.474160981062568e-07,5.858297667141595e-06,9.191762609884058e-07
normal,correct,0.05,acute,Rolling500,500,0.0014652013909735593,3.9963521847414714e-07,0.050125212339270246,0.0004337622441436318,0.001447840394178333,1.6038342674776885e-05,0.048799999999999996,0.0022376626797927057,0.0010789729966027652,3.603475877339289e-05,6.643177144768336e-06,3.996352184741352e-07,6.643177144759477e-06,3.9963521847414714e-07,3.5323768450564027e-06,4.1695801094295115e-07,0.0,0.0,-1.2572751130166004e-06,7.404003226113447e-07
normal,correct,0.05,acute,Static-CP,500,0.001461669014128503,1.7907220416405038e-07,0.05031293371215322,0.0003015878405824343,0.0014452423497853418,1.6200560701461275e-05,0.048900000000000006,0.002222038458222458,0.0007467494451002927,2.445385575755296e-05,3.110800299710482e-06,1.790722041640894e-07,3.110800299703074e-06,1.790722041640504e-07,0.0,0.0,-3.5323768450564027e-06,4.1695801094295115e-07,-4.789651958073004e-06,7.832955390637898e-07
normal,correct,0.05,acute,VolRolling250,500,0.0014723169637537174,8.250370664129691e-07,0.04813366482775266,0.0005946617467837074,0.001452282448198101,1.5503150013181656e-05,0.046900000000000004,0.0021955456819850883,0.0015725774072720305,5.265655866864217e-05,1.3758749924923315e-05,8.250370664128874e-07,1.375874992491767e-05,8.250370664129691e-07,1.06479496252146e-05,8.348369286260708e-07,7.115572780158195e-06,7.474160981062568e-07,5.858297667141595e-06,9.191762609884058e-07
normal,correct,0.05,acute,VolRolling500,500,0.0014652013909735593,3.9963521847414714e-07,0.050125212339270246,0.0004337622441436318,0.001447840394178333,1.6038342674776885e-05,0.048799999999999996,0.0022376626797927057,0.0010789729966027652,3.603475877339289e-05,6.643177144768336e-06,3.996352184741352e-07,6.643177144759477e-06,3.9963521847414714e-07,3.5323768450564027e-06,4.1695801094295115e-07,0.0,0.0,-1.2572751130166004e-06,7.404003226113447e-07
normal,correct,0.05,early,DtACI500,500,0.0014879067870913055,8.90143597994061e-07,0.05125529277693081,0.0005634263281180646,0.001497074543935436,7.602402706131805e-06,0.05145452296076164,0.000750741295936785,0.002132054438286507,4.183700323211496e-05,2.9348573262512236e-05,8.901435979939699e-07,2.9348573262505873e-05,8.90143597994061e-07,2.62377729628028e-05,8.88844496492575e-07,2.2781142235324593e-05,7.627541607254491e-07,2.2262874217372797e-05,8.647492486888945e-07
normal,correct,0.05,early,InitialKupiecGate,500,0.0014593025299912139,1.7383807326706215e-07,0.04997712180440166,0.00012595859240433486,0.0014692464103323384,7.38367675205263e-06,0.049999999999999954,0.0009494659081314863,9.57633515595824e-05,1.8509227343407427e-05,7.443161624137929e-07,1.7383807326702605e-07,7.443161624136061e-07,1.7383807326706215e-07,-2.3664841372894677e-06,2.3259733670574335e-07,-5.823114864767673e-06,3.7557109341585333e-07,-6.341382882719469e-06,5.218366180361191e-07
normal,correct,0.05,early,PastSelectedRolling,500,0.001465643912873933,5.325554627759613e-07,0.04975139162978225,0.00039321002327215293,0.0014772924486079234,7.442571145783746e-06,0.050380952380952346,0.0009431656460011486,0.0010417759471977395,3.698856813516531e-05,7.085699045139244e-06,5.325554627759288e-07,7.085699045133075e-06,5.325554627759613e-07,3.974898745430002e-06,5.480421888010321e-07,5.182680179517968e-07,5.351420849443905e-07,0.0,0.0
normal,correct,0.05,early,Raw,500,0.0014585582138288004,1.941422201108567e-20,0.0499999999999999,0.0,0.0014680128230091132,7.378398900270641e-06,0.05009523809523806,0.0009575582153050298,0.0,0.0,0.0,0.0,0.0,0.0,-3.110800299703074e-06,1.790722041640589e-07,-6.567431027181279e-06,3.6346558391593847e-07,-7.085699045133075e-06,5.325554627759613e-07
normal,correct,0.05,early,Rolling1000,500,0.0014615433568455928,1.793588845931651e-07,0.05033467124895748,0.0002886217578400927,0.0014718400905034711,7.434341886831415e-06,0.05078095238095234,0.00095996370601683,0.0007199070318009243,2.3047766230523354e-05,2.985143016800881e-06,1.7935888459321477e-07,2.985143016792878e-06,1.793588845931651e-07,-1.2565728291019565e-07,1.9664546303087627e-07,-3.5822880103884e-06,3.3306431809330993e-07,-4.100556028340197e-06,5.051404426165014e-07
normal,correct,0.05,early,Rolling125,500,0.0014866083276418836,1.3245052187054243e-06,0.04730865162966569,0.0006696358052144481,0.0014979852173138512,7.67977655628746e-06,0.048380952380952344,0.0008189362037150848,0.002285815899090316,6.165882028122188e-05,2.8050113813091317e-05,1.3245052187052266e-06,2.8050113813083474e-05,1.3245052187054243e-06,2.49393135133804e-05,1.3309262569635775e-06,2.1482682785902194e-05,1.2622092195748798e-06,2.0964414767950398e-05,1.2609818751933796e-06
normal,correct,0.05,early,Rolling250,500,0.0014727596259742342,7.848377973782081e-07,0.0479647990773638,0.0005480673792224594,0.0014827563853566084,7.397098111236302e-06,0.048342857142857104,0.0009178018719243121,0.001593562108086568,4.737373025506469e-05,1.420141214544107e-05,7.84837797378153e-07,1.4201412145434278e-05,7.848377973782082e-07,1.1090611845731205e-05,7.958845696290831e-07,7.633981118253e-06,6.83747184699031e-07,7.115713100301204e-06,8.008590630368968e-07
normal,correct,0.05,early,Rolling500,500,0.001465125644855981,3.6346558391593847e-07,0.04982008508827724,0.0004130890275764896,0.0014756033407781661,7.439586632229832e-06,0.050323809523809486,0.0009635138976616499,0.0010801278598886245,3.304257461094456e-05,6.5674310271861025e-06,3.63465583915984e-07,6.567431027181279e-06,3.6346558391593847e-07,3.4566307274782046e-06,3.93441432229943e-07,0.0,0.0,-5.182680179517968e-07,5.351420849443905e-07
normal,correct,0.05,early,Static-CP,500,0.001461669014128503,1.7907220416405885e-07,0.05031293371215322,0.00030158784058243425,0.0014724955789509437,7.452291718016132e-06,0.0503428571428571,0.0010164716164300152,0.0007467494451002929,2.445385575755299e-05,3.110800299710482e-06,1.790722041640894e-07,3.110800299703074e-06,1.790722041640589e-07,0.0,0.0,-3.4566307274782046e-06,3.93441432229943e-07,-3.974898745430002e-06,5.480421888010321e-07
normal,correct,0.05,early,VolRolling250,500,0.0014727596259742342,7.848377973782081e-07,0.0479647990773638,0.0005480673792224594,0.0014827563853566084,7.397098111236302e-06,0.048342857142857104,0.0009178018719243121,0.001593562108086568,4.737373025506469e-05,1.420141214544107e-05,7.84837797378153e-07,1.4201412145434278e-05,7.848377973782082e-07,1.1090611845731205e-05,7.958845696290831e-07,7.633981118253e-06,6.83747184699031e-07,7.115713100301204e-06,8.008590630368968e-07
normal,correct,0.05,early,VolRolling500,500,0.001465125644855981,3.6346558391593847e-07,0.04982008508827724,0.0004130890275764896,0.0014756033407781661,7.439586632229832e-06,0.050323809523809486,0.0009635138976616499,0.0010801278598886245,3.304257461094456e-05,6.5674310271861025e-06,3.63465583915984e-07,6.567431027181279e-06,3.6346558391593847e-07,3.4566307274782046e-06,3.93441432229943e-07,0.0,0.0,-5.182680179517968e-07,5.351420849443905e-07
normal,correct,0.05,late,DtACI500,500,0.001483021495663568,5.074999651623335e-07,0.05055453586826476,0.0004027219929306798,0.0014839931824710136,3.257471200834002e-06,0.05084230340772903,0.00023121901943239955,0.001959431545627958,2.693850621766551e-05,2.446328183477458e-05,5.074999651623505e-07,2.4463281834768078e-05,5.074999651623335e-07,2.1352481535064805e-05,5.358539046330326e-07,1.772099802602621e-05,3.608964439104224e-07,1.6788454751651604e-05,4.860377580897366e-07
normal,correct,0.05,late,InitialKupiecGate,500,0.0014593120616611557,1.773420343856793e-07,0.04994555416830222,9.534332270548875e-05,0.0014598528716094669,3.131833659797101e-06,0.050096,0.00042658823594432624,9.233745155144079e-05,1.7294779671728367e-05,7.538478323562946e-07,1.7734203438572313e-07,7.538478323554052e-07,1.7734203438567932e-07,-2.3569524673478685e-06,2.455431967918461e-07,-5.988435976386467e-06,3.136833655758594e-07,-6.920979250761069e-06,4.3315395222451214e-07
normal,correct,0.05,late,PastSelectedRolling,500,0.0014662330409119164,4.451530749047268e-07,0.04937377039071359,0.0003216655445940787,0.001467279888071675,3.1568156439022e-06,0.04943600000000001,0.0003756781550107813,0.001091174702457979,3.166376267411224e-05,7.674827083122305e-06,4.4515307490474524e-07,7.674827083116474e-06,4.451530749047267e-07,4.5640267834132006e-06,4.869322674508787e-07,9.325432743746017e-07,3.908938967278148e-07,0.0,0.0
normal,correct,0.05,late,Raw,500,0.0014585582138288004,1.941422201108567e-20,0.0499999999999999,0.0,0.0014590329570221261,3.1408232817962518e-06,0.05017200000000001,0.0004313060186961539,0.0,0.0,0.0,0.0,0.0,0.0,-3.110800299703274e-06,1.7907220416405234e-07,-6.742283808741872e-06,2.7897326749888574e-07,-7.674827083116474e-06,4.451530749047267e-07
normal,correct,0.05,late,Rolling1000,500,0.0014618142130246436,1.8000729458940146e-07,0.04970649304137701,0.000273378381427941,0.0014625607832334019,3.1241035532531417e-06,0.04966000000000001,0.0004125593416962482,0.0007531559309648027,2.1539467338399528e-05,3.2559991958495503e-06,1.8000729458953738e-07,3.255999195843672e-06,1.8000729458940146e-07,1.4519889614039804e-07,2.487214414932092e-07,-3.4862846128982006e-06,2.1542908701334039e-07,-4.418827887272802e-06,4.1047467871842875e-07
normal,correct,0.05,late,Rolling125,500,0.0014862784121550663,6.694680513846614e-07,0.04757118829149951,0.0003801024943261517,0.0014867696138037296,3.3333818540930933e-06,0.047792,0.00024092646829738842,0.002282655095794427,3.2481721797982626e-05,2.772019832627322e-05,6.69468051384689e-07,2.7720198326266277e-05,6.694680513846614e-07,2.4609398026563e-05,6.907427331859594e-07,2.09779145175244e-05,6.086494443190717e-07,2.00453712431498e-05,6.411096706677752e-07
normal,correct,0.05,late,Rolling250,500,0.001472549086351819,4.4840198190616993e-07,0.0474826136483124,0.0003713816624602115,0.0014733075614323293,3.209843599484119e-06,0.047704,0.00025459458912085943,0.001613374727831396,2.935788016131631e-05,1.3990872523026013e-05,4.4840198190623473e-07,1.3990872523018876e-05,4.4840198190616993e-07,1.0880072223315603e-05,4.850486429722859e-07,7.248588714277004e-06,3.362588540927093e-07,6.316045439902402e-06,4.651995375276827e-07
normal,correct,0.05,late,Rolling500,500,0.0014653004976375417,2.7897326749888574e-07,0.04951677185733503,0.00034871482421592427,0.0014660288999076955,3.1601512278679907e-06,0.049536000000000004,0.0003547352282538748,0.00109567356859821,2.4722540103080795e-05,6.74228380874977e-06,2.7897326749888473e-07,6.742283808741872e-06,2.7897326749888574e-07,3.6314835090385985e-06,3.3371834041490126e-07,0.0,0.0,-9.325432743746017e-07,3.908938967278148e-07
normal,correct,0.05,late,Static-CP,500,0.0014616690141285033,1.790722041640523e-07,0.05031293371215322,0.00030158784058243425,0.0014623449986007322,3.1632211455782834e-06,0.05033200000000001,0.0005286079878412918,0.0007467494451002929,2.445385575755299e-05,3.110800299710482e-06,1.7907220416408942e-07,3.110800299703274e-06,1.7907220416405234e-07,0.0,0.0,-3.6314835090385985e-06,3.3371834041490126e-07,-4.5640267834132006e-06,4.869322674508787e-07
normal,correct,0.05,late,VolRolling250,500,0.001472549086351819,4.4840198190616993e-07,0.0474826136483124,0.0003713816624602115,0.0014733075614323293,3.209843599484119e-06,0.047704,0.00025459458912085943,0.001613374727831396,2.935788016131631e-05,1.3990872523026013e-05,4.4840198190623473e-07,1.3990872523018876e-05,4.4840198190616993e-07,1.0880072223315603e-05,4.850486429722859e-07,7.248588714277004e-06,3.362588540927093e-07,6.316045439902402e-06,4.651995375276827e-07
normal,correct,0.05,late,VolRolling500,500,0.0014653004976375417,2.7897326749888574e-07,0.04951677185733503,0.00034871482421592427,0.0014660288999076955,3.1601512278679907e-06,0.049536000000000004,0.0003547352282538748,0.00109567356859821,2.4722540103080795e-05,6.74228380874977e-06,2.7897326749888473e-07,6.742283808741872e-06,2.7897326749888574e-07,3.6314835090385985e-06,3.3371834041490126e-07,0.0,0.0,-9.325432743746017e-07,3.908938967278148e-07
normal,correct,0.05,middle,DtACI500,500,0.0014847925578935675,5.67709948556366e-07,0.05046705035630111,0.00042616665243630855,0.0014936995784970456,3.930088800844737e-06,0.05144506059095851,0.0003026568599543721,0.0020219356899337615,3.000047326424269e-05,2.6234344064774206e-05,5.677099485564047e-07,2.6234344064767467e-05,5.67709948556366e-07,2.3123543765064197e-05,5.788673818713745e-07,1.9791729550680996e-05,4.2011202088757744e-07,1.8658742976494198e-05,5.874924458169765e-07
normal,correct,0.05,middle,InitialKupiecGate,500,0.0014595485437199564,2.643576298997741e-07,0.049898835360444434,0.00010477969974420403,0.0014675982552958544,3.83568883640126e-06,0.05100799999999998,0.0004999522186031549,9.99359227319018e-05,2.0469654251692414e-05,9.903298911568597e-07,2.643576298999119e-07,9.903298911562051e-07,2.6435762989977414e-07,-2.120470408547069e-06,3.0329539945774815e-07,-5.4522846229302715e-06,3.866142122492913e-07,-6.585271197117072e-06,4.608795346467043e-07
normal,correct,0.05,middle,PastSelectedRolling,500,0.0014661338149170734,5.06118821057923e-07,0.04933886219880008,0.0003310900956705693,0.0014737508007580055,3.855591046286688e-06,0.0501013333333333,0.00043481622435759666,0.0010619198318319765,3.467494532676302e-05,7.57560108828092e-06,5.061188210579631e-07,7.575601088273277e-06,5.061188210579229e-07,4.464800788570002e-06,5.293363817419119e-07,1.1329865741868004e-06,4.757941308210501e-07,0.0,0.0
normal,correct,0.05,middle,Raw,500,0.0014585582138288004,1.941422201108567e-20,0.0499999999999999,0.0,0.0014666312323708436,3.815107730757047e-06,0.051151999999999975,0.0005049053660192649,0.0,0.0,0.0,0.0,0.0,0.0,-3.1108002997032744e-06,1.7907220416406226e-07,-6.442614514086477e-06,3.028146872722786e-07,-7.575601088273277e-06,5.061188210579229e-07
normal,correct,0.05,middle,Rolling1000,500,0.0014616434043905376,1.6965504674250945e-07,0.05009599673211135,0.00027674769006212825,0.0014697085749900668,3.819711824620247e-06,0.05091733333333331,0.00047883424087908976,0.000733628409819111,2.10828983576622e-05,3.085190561746094e-06,1.696550467425563e-07,3.0851905617378763e-06,1.6965504674250945e-07,-2.560973796539778e-08,2.1589090012836736e-07,-3.3574239523486e-06,2.5887268090674413e-07,-4.490410526535401e-06,4.839057073018844e-07
normal,correct,0.05,middle,Rolling125,500,0.0014863321802288788,7.597219716969696e-07,0.04686337062802749,0.0004155418362189554,0.0014941159664636863,4.045991402138616e-06,0.04765866666666664,0.00027688160116618604,0.002301884822415018,3.6823166277220016e-05,2.777396640008575e-05,7.59721971696974e-07,2.7773966400079078e-05,7.597219716969696e-07,2.4663166100375805e-05,7.695416865728282e-07,2.1331351885992603e-05,7.032675598810754e-07,2.0198365311805805e-05,7.413935655664159e-07
normal,correct,0.05,middle,Rolling250,500,0.001472696650512146,5.096962133202759e-07,0.04714765710334232,0.00040595262379517215,0.001480971781437101,3.817018079371252e-06,0.04816533333333331,0.00035425145835557206,0.0016261992246757685,3.3315514243668836e-05,1.4138436683354212e-05,5.096962133201672e-07,1.4138436683346072e-05,5.096962133202759e-07,1.1027636383642797e-05,5.303695141079818e-07,7.695822169259596e-06,3.980651523987835e-07,6.5628355950727946e-06,5.397459695013096e-07
normal,correct,0.05,middle,Rolling500,500,0.0014650008283428864,3.028146872722786e-07,0.04960457764571508,0.00036198522881352574,0.0014732298481220489,3.810484986529613e-06,0.0505973333333333,0.00044342062615918844,0.0010649504357919167,2.670930824026728e-05,6.4426145140923764e-06,3.028146872723271e-07,6.442614514086477e-06,3.028146872722786e-07,3.3318142143832025e-06,3.373072139482456e-07,0.0,0.0,-1.1329865741868004e-06,4.757941308210501e-07
normal,correct,0.05,middle,Static-CP,500,0.0014616690141285031,1.7907220416406226e-07,0.05031293371215322,0.0003015878405824342,0.0014698476683611416,3.871253667362694e-06,0.051391999999999965,0.0005920156467026614,0.0007467494451002929,2.445385575755299e-05,3.110800299710482e-06,1.790722041640894e-07,3.1108002997032744e-06,1.7907220416406226e-07,0.0,0.0,-3.3318142143832025e-06,3.373072139482456e-07,-4.464800788570002e-06,5.293363817419119e-07
normal,correct,0.05,middle,VolRolling250,500,0.001472696650512146,5.096962133202759e-07,0.04714765710334232,0.00040595262379517215,0.001480971781437101,3.817018079371252e-06,0.04816533333333331,0.00035425145835557206,0.0016261992246757685,3.3315514243668836e-05,1.4138436683354212e-05,5.096962133201672e-07,1.4138436683346072e-05,5.096962133202759e-07,1.1027636383642797e-05,5.303695141079818e-07,7.695822169259596e-06,3.980651523987835e-07,6.5628355950727946e-06,5.397459695013096e-07
normal,correct,0.05,middle,VolRolling500,500,0.0014650008283428864,3.028146872722786e-07,0.04960457764571508,0.00036198522881352574,0.0014732298481220489,3.810484986529613e-06,0.0505973333333333,0.00044342062615918844,0.0010649504357919167,2.670930824026728e-05,6.4426145140923764e-06,3.028146872723271e-07,6.442614514086477e-06,3.028146872722786e-07,3.3318142143832025e-06,3.373072139482456e-07,0.0,0.0,-1.1329865741868004e-06,4.757941308210501e-07
normal,correct,0.05,post,DtACI500,500,0.0014843169659038951,4.116111611368569e-07,0.05062289209367853,0.00029530333217166297,0.001488654679490411,2.415791694497808e-06,0.051123312149624095,0.00011608032414165927,0.0020049636814769398,2.1568555617134713e-05,2.575875207510327e-05,4.11611161136944e-07,2.575875207509507e-05,4.116111611368569e-07,2.2647951775392e-05,4.3434865785131827e-07,1.9149185927195195e-05,2.7821806424423415e-07,1.8178480680542195e-05,4.3650618918446453e-07
normal,correct,0.05,post,InitialKupiecGate,500,0.0014594023059035324,1.9705461210891375e-07,0.0499289844080569,7.810442721554805e-05,0.0014633803695672455,2.329309116568576e-06,0.050384,0.0002922531639241007,9.571984928352939e-05,1.7975945946348494e-05,8.440920747330219e-07,1.9705461210905518e-07,8.440920747322042e-07,1.9705461210891375e-07,-2.2667082249708696e-06,2.54020923616766e-07,-5.765474073167674e-06,2.7946208771746374e-07,-6.736179319820673e-06,3.8974654043674586e-07
normal,correct,0.05,post,PastSelectedRolling,500,0.0014661384852233527,4.098090833818071e-07,0.04940992748307909,0.00025895964659282227,0.0014703936385271938,2.3557085841468124e-06,0.04975000000000001,0.0002128699773441737,0.0010748295830313376,2.8451045255816092e-05,7.580271394561761e-06,4.0980908338176796e-07,7.580271394552879e-06,4.098090833818071e-07,4.469471094849804e-06,4.4561266824258316e-07,9.707052466530002e-07,3.618403123093671e-07,0.0,0.0
normal,correct,0.05,post,Raw,500,0.0014585582138288004,1.941422201108567e-20,0.0499999999999999,0.0,0.0014624545817194337,2.323214221681473e-06,0.05048400000000001,0.00029837819473645924,0.0,0.0,0.0,0.0,0.0,0.0,-3.110800299703074e-06,1.790722041640504e-07,-6.609566147899878e-06,2.2210056321989226e-07,-7.580271394552879e-06,4.098090833818071e-07
normal,correct,0.05,post,Rolling1000,500,0.0014617192355796112,1.4517184287517372e-07,0.049934753540372766,0.0002420331401193838,0.0014658939697908227,2.3153124363730108e-06,0.05024000000000001,0.00024113293051833613,0.0007420684806233088,1.7634110514360312e-05,3.1610217508176792e-06,1.4517184287497808e-07,3.161021750811273e-06,1.4517184287517372e-07,5.022145110819901e-08,2.0772328994088182e-07,-3.4485443970886053e-06,1.497352898316688e-07,-4.419249643741605e-06,3.79997191264088e-07
normal,correct,0.05,post,Rolling125,500,0.00148635249709583,5.002611815361486e-07,0.0473050037825258,0.000263034774439976,0.0014901586164194644,2.450278477813722e-06,0.04778,0.00015251794467174606,0.0022905932060146308,2.3884549088150345e-05,2.7794283267038025e-05,5.002611815361251e-07,2.779428326703007e-05,5.002611815361486e-07,2.4683482967327e-05,5.219919164602806e-07,2.1184717119130194e-05,4.240925964539364e-07,2.0214011872477194e-05,5.100942840200434e-07
normal,correct,0.05,post,Rolling250,500,0.0014726218871203344,3.4408576368965496e-07,0.04742065543758782,0.00026898564801635684,0.0014767532681814843,2.380826586254762e-06,0.047928,0.00015108701656047846,0.0016152876426636415,2.2198071538903575e-05,1.4063673291540658e-05,3.440857636896966e-07,1.4063673291534278e-05,3.4408576368965496e-07,1.0952872991831203e-05,3.817340200910918e-07,7.454107143634399e-06,2.287267808647916e-07,6.483401896981398e-06,4.162668923446104e-07
normal,correct,0.05,post,Rolling500,500,0.0014651677799766998,2.2210056321989226e-07,0.04959371572686518,0.0002696922204629475,0.00146937080166489,2.3442316366574915e-06,0.05000200000000001,0.00018386845084034632,0.0010821860829414373,1.9559664352752085e-05,6.609566147909433e-06,2.2210056321991375e-07,6.609566147899878e-06,2.2210056321989226e-07,3.498765848196804e-06,2.7756912266343454e-07,0.0,0.0,-9.707052466530002e-07,3.618403123093671e-07
normal,correct,0.05,post,Static-CP,500,0.001461669014128503,1.7907220416405038e-07,0.05031293371215322,0.0003015878405824343,0.0014658822577213512,2.346984754873105e-06,0.05070200000000001,0.00043081968757986537,0.0007467494451002929,2.445385575755299e-05,3.110800299710482e-06,1.7907220416408942e-07,3.110800299703074e-06,1.790722041640504e-07,0.0,0.0,-3.498765848196804e-06,2.7756912266343454e-07,-4.469471094849804e-06,4.4561266824258316e-07
normal,correct,0.05,post,VolRolling250,500,0.0014726218871203344,3.4408576368965496e-07,0.04742065543758782,0.00026898564801635684,0.0014767532681814843,2.380826586254762e-06,0.047928,0.00015108701656047846,0.0016152876426636415,2.2198071538903575e-05,1.4063673291540658e-05,3.440857636896966e-07,1.4063673291534278e-05,3.4408576368965496e-07,1.0952872991831203e-05,3.817340200910918e-07,7.454107143634399e-06,2.287267808647916e-07,6.483401896981398e-06,4.162668923446104e-07
normal,correct,0.05,post,VolRolling500,500,0.0014651677799766998,2.2210056321989226e-07,0.04959371572686518,0.0002696922204629475,0.00146937080166489,2.3442316366574915e-06,0.05000200000000001,0.00018386845084034632,0.0010821860829414373,1.9559664352752085e-05,6.609566147909433e-06,2.2210056321991375e-07,6.609566147899878e-06,2.2210056321989226e-07,3.498765848196804e-06,2.7756912266343454e-07,0.0,0.0,-9.707052466530002e-07,3.618403123093671e-07
normal,correct,0.05,pre,DtACI500,500,0.0014889207592223993,7.321419720520732e-07,0.05162616167124834,0.00048555672090280197,0.001492349768451079,4.962338320837507e-06,0.05161219295914396,0.0004101941855911971,0.0021551135101484926,3.543057420098072e-05,3.0362545393603877e-05,7.321419720520215e-07,3.0362545393599276e-05,7.321419720520733e-07,2.7251745093896003e-05,7.425969953108256e-07,2.3614486571544396e-05,5.984401729286831e-07,2.0906064971594798e-05,6.898018926703682e-07
normal,correct,0.05,pre,InitialKupiecGate,500,0.001459956643759943,3.412416705940507e-07,0.04987337993665348,0.00015074306369475358,0.0014636908343277925,4.778756894538353e-06,0.049704000000000005,0.0005995997061500534,0.0001293069858256814,2.6142960449243037e-05,1.3984299311433032e-06,3.412416705940773e-07,1.3984299311428058e-06,3.412416705940507e-07,-1.7123703685604686e-06,3.664304307745944e-07,-5.3496288909120715e-06,3.616387752002284e-07,-8.05805049086167e-06,6.652670373422222e-07
normal,correct,0.05,pre,PastSelectedRolling,500,0.0014680146942508043,7.168411979932693e-07,0.049356453280047216,0.0004122963189607493,0.0014718878728205537,4.8711036889820395e-06,0.049176000000000004,0.0006058515992556603,0.0011796247909470626,4.322078085016595e-05,9.456480422012292e-06,7.168411979931043e-07,9.456480422004476e-06,7.168411979932693e-07,6.345680122301201e-06,7.173609409562553e-07,2.7084215999495983e-06,6.092402278904052e-07,0.0,0.0
normal,correct,0.05,pre,Raw,500,0.0014585582138288004,1.941422201108567e-20,0.0499999999999999,0.0,0.001461948596958595,4.724322320408102e-06,0.049688,0.000585514274746452,0.0,0.0,0.0,0.0,0.0,0.0,-3.1108002997032744e-06,1.7907220416406226e-07,-6.7480588220548765e-06,3.501156689907337e-07,-9.456480422004476e-06,7.168411979932693e-07
normal,correct,0.05,pre,Rolling1000,500,0.001461684355765971,1.6447833944147144e-07,0.0502911368503036,0.00028605002591577293,0.0014658048490941082,4.762777943638131e-06,0.04992,0.0006027219487416979,0.0007505232513759563,2.137727443177965e-05,3.126141937176235e-06,1.6447833944149166e-07,3.1261419371708753e-06,1.6447833944147144e-07,1.5341637467601153e-08,1.1165553237435906e-07,-3.621916884884002e-06,2.9640694478554727e-07,-6.3303384848336e-06,6.923166375089102e-07
normal,correct,0.05,pre,Rolling125,500,0.0014866289189269092,9.855055966179782e-07,0.04743697853559949,0.0004953680467478173,0.001490527228377999,5.023550022801061e-06,0.047824000000000005,0.0004057330237645764,0.002274540689439351,4.6237031570623284e-05,2.807070509811414e-05,9.855055966177963e-07,2.8070705098109274e-05,9.855055966179782e-07,2.4959904798405998e-05,9.97245701860133e-07,2.1322646276054398e-05,9.378826565400229e-07,1.8614224676104803e-05,8.596392187050338e-07
normal,correct,0.05,pre,Rolling250,500,0.001472798835890147,6.46579170262256e-07,0.0475171354512603,0.0004776646991788387,0.001475809738952446,4.814038237692699e-06,0.047408000000000006,0.0005122028656217204,0.0016065276328616372,4.0884870458930566e-05,1.424062206135479e-05,6.465791702621469e-07,1.4240622061346877e-05,6.46579170262256e-07,1.1129821761643602e-05,6.599258632509133e-07,7.492563239292e-06,5.106698373862289e-07,4.784141639342401e-06,5.26545696158698e-07
normal,correct,0.05,pre,Rolling500,500,0.0014653062726508548,3.501156689907338e-07,0.05028632148478142,0.00040094341033848136,0.001469571317289955,4.805629428346489e-06,0.05026400000000001,0.0006030422272575208,0.0010832195159810102,3.0479053197594042e-05,6.7480588220644284e-06,3.501156689907964e-07,6.7480588220548765e-06,3.501156689907337e-07,3.637258522351603e-06,3.4329159012365177e-07,0.0,0.0,-2.7084215999495983e-06,6.092402278904052e-07
normal,correct,0.05,pre,Static-CP,500,0.0014616690141285031,1.7907220416406226e-07,0.05031293371215322,0.00030158784058243425,0.0014655575340643031,4.7596173237088975e-06,0.05000800000000001,0.0006706201120376115,0.0007467494451002929,2.445385575755299e-05,3.110800299710482e-06,1.7907220416408942e-07,3.1108002997032744e-06,1.7907220416406226e-07,0.0,0.0,-3.637258522351603e-06,3.4329159012365177e-07,-6.345680122301201e-06,7.173609409562553e-07
normal,correct,0.05,pre,VolRolling250,500,0.001472798835890147,6.46579170262256e-07,0.0475171354512603,0.0004776646991788387,0.001475809738952446,4.814038237692699e-06,0.047408000000000006,0.0005122028656217204,0.0016065276328616372,4.0884870458930566e-05,1.424062206135479e-05,6.465791702621469e-07,1.4240622061346877e-05,6.46579170262256e-07,1.1129821761643602e-05,6.599258632509133e-07,7.492563239292e-06,5.106698373862289e-07,4.784141639342401e-06,5.26545696158698e-07
normal,correct,0.05,pre,VolRolling500,500,0.0014653062726508548,3.501156689907338e-07,0.05028632148478142,0.00040094341033848136,0.001469571317289955,4.805629428346489e-06,0.05026400000000001,0.0006030422272575208,0.0010832195159810102,3.0479053197594042e-05,6.7480588220644284e-06,3.501156689907964e-07,6.7480588220548765e-06,3.501156689907337e-07,3.637258522351603e-06,3.4329159012365177e-07,0.0,0.0,-2.7084215999495983e-06,6.092402278904052e-07
normal,disappears,0.01,acute,DtACI500,500,0.00040897834169974364,9.562344887357904e-07,0.0037554233377585,0.00010236040873943955,0.00040672089724330104,3.534956674951022e-06,0.003052966844259202,0.00046692290588385717,0.0064935464887263955,0.000128784656233864,3.2060131995527e-05,9.562344887357443e-07,3.2060131995543627e-05,9.562344887357904e-07,-3.208655781109001e-06,1.0967254823808357e-06,-5.554304955609801e-06,5.699372116371212e-07,-7.796727269886002e-06,1.062876666157475e-06
normal,disappears,0.01,acute,InitialKupiecGate,500,0.00040801239005154355,1.3500836627175553e-06,0.004285802190385544,0.00015967152496353665,0.0004059987952879866,3.915049318613126e-06,0.004200000000000001,0.0006675411765912945,0.005941176186124527,0.00020113019378586953,3.109418034732942e-05,1.3500836627171521e-06,3.109418034734362e-05,1.3500836627175553e-06,-4.174607429309004e-06,1.3466080972982217e-06,-6.520256603809804e-06,1.2070368372449174e-06,-8.762678918086006e-06,7.914161299536648e-07
normal,disappears,0.01,acute,PastSelectedRolling,500,0.0004167750689696296,1.1649068623241783e-06,0.002359732802788151,5.4304692891827905e-05,0.00041486728761066,2.9669862793189185e-06,0.0021000000000000003,0.00044898014024304605,0.007777067240360165,0.00013679314655858362,3.985685926541041e-05,1.1649068623239384e-06,3.9856859265429615e-05,1.1649068623241783e-06,4.588071488777e-06,1.1664429148536792e-06,2.2424223142762015e-06,1.0112736654985378e-06,0.0,0.0
normal,disappears,0.01,acute,Raw,500,0.0003769182097042,0.0,0.01,0.0,0.0003721329084917216,5.961817672468619e-06,0.0092,0.0009760252304633328,0.0,0.0,0.0,0.0,0.0,0.0,-3.526878777665262e-05,5.993495024800803e-07,-3.7614436951153424e-05,8.644251842784503e-07,-3.9856859265429615e-05,1.1649068623241783e-06
normal,disappears,0.01,acute,Rolling1000,500,0.00041172449069903824,5.75886352092004e-07,0.0023942540710615895,3.793930168175081e-05,0.000410878137417306,2.763541265344832e-06,0.0022,0.000459065880855822,0.0072633341733690775,7.428547364928506e-05,3.480628099482308e-05,5.758863520920353e-07,3.480628099483822e-05,5.75886352092004e-07,-4.625067818144001e-07,4.5041019907295405e-07,-2.8081559563151996e-06,6.89830971737569e-07,-5.050578270591401e-06,1.0073613486008948e-06
normal,disappears,0.01,acute,Rolling125,500,0.00044085637291372,2.2278240589787558e-06,0.002199891424176567,0.00011107193773221114,0.0004422214052259674,3.9922331037922155e-06,0.0021000000000000003,0.00044898014024304605,0.010273687490511578,0.0002565203121591693,6.39381632094925e-05,2.227824058978001e-06,6.393816320952002e-05,2.2278240589787558e-06,2.8669375432867397e-05,2.3054745193177735e-06,2.63237262583666e-05,2.132458511891904e-06,2.4081303944090395e-05,2.0256148799393485e-06
normal,disappears,0.01,acute,Rolling250,500,0.000430505492298854,1.5454942886937425e-06,0.0019558026161579822,6.803002182975511e-05,0.0004281509080579748,2.8617534963474077e-06,0.0015,0.0003818266401998853,0.009322202588794844,0.00018045448585127604,5.358728259463215e-05,1.5454942886932273e-06,5.358728259465402e-05,1.5454942886937425e-06,1.83184948180014e-05,1.6863805852056791e-06,1.59728456435006e-05,1.3240536475637824e-06,1.37304233292244e-05,1.3438791917769403e-06
normal,disappears,0.01,acute,Rolling500,500,0.00041453264665535346,8.644251842784503e-07,0.0024237733584146154,5.6788350277983694e-05,0.0004132156890083966,2.9431596433402932e-06,0.0019000000000000002,0.0004279559470146084,0.007523300863015841,0.00011056214453288043,3.7614436951135115e-05,8.644251842782998e-07,3.7614436951153424e-05,8.644251842784503e-07,2.3456491745007992e-06,9.114151661883725e-07,0.0,0.0,-2.2424223142762015e-06,1.0112736654985378e-06
normal,disappears,0.01,acute,Static-CP,500,0.0004121869974808526,5.993495024800803e-07,0.0023716285441213922,3.856389137394933e-05,0.0004118154360751392,2.897583446936332e-06,0.0023,0.0004688920125560657,0.007319663105038384,7.677727628745773e-05,3.5268787776636643e-05,5.993495024800735e-07,3.526878777665262e-05,5.993495024800803e-07,0.0,0.0,-2.3456491745007992e-06,9.114151661883725e-07,-4.588071488777e-06,1.1664429148536792e-06
normal,disappears,0.01,acute,VolRolling250,500,0.000430505492298854,1.5454942886937425e-06,0.0019558026161579822,6.803002182975511e-05,0.0004281509080579748,2.8617534963474077e-06,0.0015,0.0003818266401998853,0.009322202588794844,0.00018045448585127604,5.358728259463215e-05,1.5454942886932273e-06,5.358728259465402e-05,1.5454942886937425e-06,1.83184948180014e-05,1.6863805852056791e-06,1.59728456435006e-05,1.3240536475637824e-06,1.37304233292244e-05,1.3438791917769403e-06
normal,disappears,0.01,acute,VolRolling500,500,0.00041453264665535346,8.644251842784503e-07,0.0024237733584146154,5.6788350277983694e-05,0.0004132156890083966,2.9431596433402932e-06,0.0019000000000000002,0.0004279559470146084,0.007523300863015841,0.00011056214453288043,3.7614436951135115e-05,8.644251842782998e-07,3.7614436951153424e-05,8.644251842784503e-07,2.3456491745007992e-06,9.114151661883725e-07,0.0,0.0,-2.2424223142762015e-06,1.0112736654985378e-06
normal,disappears,0.01,early,DtACI500,500,0.0004017937771242632,7.07211729878828e-07,0.005567757061043856,0.00013396329040593565,0.0004026505089904722,2.2138223720875003e-06,0.005870920390701088,0.00025083672587059155,0.005312054126384452,0.0001027206087250496,2.487556742004466e-05,7.072117298788445e-07,2.487556742006322e-05,7.07211729878828e-07,-1.03932203565892e-05,9.289799622447344e-07,-8.9717382339774e-06,4.651453142260597e-07,-1.0247180102829803e-05,6.977377604006801e-07
normal,disappears,0.01,early,InitialKupiecGate,500,0.00040402214044132716,1.0828235296655434e-06,0.004644958954156533,0.00015887235721325174,0.00040749429169175923,2.4540478257060124e-06,0.005009523809523799,0.0003610922013514577,0.005406891256619966,0.00017728323080209437,2.710393073711282e-05,1.0828235296652363e-06,2.710393073712722e-05,1.0828235296655432e-06,-8.164857039525203e-06,1.10268101948333e-06,-6.7433749169134045e-06,9.373590829714232e-07,-8.018816785765805e-06,7.066343230219561e-07
normal,disappears,0.01,early,PastSelectedRolling,500,0.000412040957227093,8.948356428861252e-07,0.0027869417211063177,7.501955828216511e-05,0.0004129933607680121,1.8860719349753206e-06,0.0030666666666666594,0.00025662808586026915,0.007141296510347932,0.00011466341419662758,3.5122747522874655e-05,8.94835642886037e-07,3.5122747522893025e-05,8.94835642886125e-07,-1.4604025375939875e-07,9.37228614549967e-07,1.2754418688524005e-06,6.838898662517072e-07,0.0,0.0
normal,disappears,0.01,early,Raw,500,0.0003769182097042,0.0,0.009999999999999901,7.765688804434268e-20,0.0003788654628642814,2.9562432215247176e-06,0.010038095238095218,0.0004469674229904751,0.0,0.0,0.0,0.0,0.0,0.0,-3.526878777665242e-05,5.993495024800815e-07,-3.384730565404062e-05,8.121389561895519e-07,-3.5122747522893025e-05,8.94835642886125e-07
normal,disappears,0.01,early,Rolling1000,500,0.00040968265147868943,5.528191922602052e-07,0.002539571206656766,3.8950673040425073e-05,0.00041109968355031564,1.5943289407673884e-06,0.0028190476190476125,0.0002428231790018161,0.006992632441463834,7.254115780085888e-05,3.276444177447091e-05,5.528191922603359e-07,3.276444177448942e-05,5.528191922602052e-07,-2.504346002163e-06,4.75120083374055e-07,-1.0828638795512003e-06,6.634600648019487e-07,-2.358305748403601e-06,7.062497370226542e-07
normal,disappears,0.01,early,Rolling125,500,0.0004224899506023228,1.6396070752401672e-06,0.00427261856786124,0.00015455316077973022,0.0004225554508717702,2.7340372927693886e-06,0.004647619047619037,0.0002755965327209481,0.007842830210611927,0.00020039968688771444,4.5571740898100705e-05,1.639607075239607e-06,4.557174089812282e-05,1.6396070752401672e-06,1.03029531214704e-05,1.749578312814755e-06,1.17244352440822e-05,1.545753774227096e-06,1.0448993375229799e-05,1.4725402497066341e-06
normal,disappears,0.01,early,Rolling250,500,0.0004211481504524588,1.3389792304591847e-06,0.0025969750104588565,8.443321143965642e-05,0.0004214816815881594,2.041180067150372e-06,0.0029904761904761836,0.00024095203770965615,0.008105784317962456,0.00016554911084801333,4.422994074823905e-05,1.338979230458846e-06,4.422994074825882e-05,1.3389792304591847e-06,8.9611529716064e-06,1.4766532130726132e-06,1.0382635094218199e-05,1.110335951394945e-06,9.107193225365798e-06,1.1135528645957273e-06
normal,disappears,0.01,early,Rolling500,500,0.0004107655153582406,8.121389561895519e-07,0.0027160470868652542,6.057215724769357e-05,0.0004115243051916192,1.7389253298559347e-06,0.0030476190476190408,0.0002506382185226118,0.007011094256986217,0.00010716826774326057,3.384730565402345e-05,8.12138956189592e-07,3.384730565404062e-05,8.121389561895519e-07,-1.4214821226117996e-06,9.179324564118973e-07,0.0,0.0,-1.2754418688524005e-06,6.838898662517072e-07
normal,disappears,0.01,early,Static-CP,500,0.0004121869974808524,5.993495024800815e-07,0.002371628544121392,3.856389137394936e-05,0.0004140667086609136,1.5452750599831853e-06,0.0025523809523809466,0.00023973137621444878,0.007319663105038385,7.677727628745773e-05,3.526878777663664e-05,5.993495024800735e-07,3.526878777665242e-05,5.993495024800815e-07,0.0,0.0,1.4214821226117996e-06,9.179324564118973e-07,1.4604025375939875e-07,9.37228614549967e-07
normal,disappears,0.01,early,VolRolling250,500,0.0004211481504524588,1.3389792304591847e-06,0.0025969750104588565,8.443321143965642e-05,0.0004214816815881594,2.041180067150372e-06,0.0029904761904761836,0.00024095203770965615,0.008105784317962456,0.00016554911084801333,4.422994074823905e-05,1.338979230458846e-06,4.422994074825882e-05,1.3389792304591847e-06,8.9611529716064e-06,1.4766532130726132e-06,1.0382635094218199e-05,1.110335951394945e-06,9.107193225365798e-06,1.1135528645957273e-06
normal,disappears,0.01,early,VolRolling500,500,0.0004107655153582406,8.121389561895519e-07,0.0027160470868652542,6.057215724769357e-05,0.0004115243051916192,1.7389253298559347e-06,0.0030476190476190408,0.0002506382185226118,0.007011094256986217,0.00010716826774326057,3.384730565402345e-05,8.12138956189592e-07,3.384730565404062e-05,8.121389561895519e-07,-1.4214821226117996e-06,9.179324564118973e-07,0.0,0.0,-1.2754418688524005e-06,6.838898662517072e-07
normal,disappears,0.01,late,DtACI500,500,0.0003915499026647058,3.8808692775596584e-07,0.013500499666084227,0.0001946493951443889,0.000391886187705935,1.3958098200394805e-06,0.01345008021392854,0.00013943876471621283,0.002906362684465934,4.110923274745819e-05,1.4631692960490182e-05,3.880869277560659e-07,1.4631692960505818e-05,3.8808692775596584e-07,-2.06370948161466e-05,6.976137050434594e-07,9.085264054558999e-06,3.2212191867997375e-07,4.114038923986799e-06,5.370820833064667e-07
normal,disappears,0.01,late,InitialKupiecGate,500,0.0003852290505968648,4.4320009840029796e-07,0.008084627439867785,0.00012500096235577388,0.0003859399253227076,1.274511368624292e-06,0.008188,0.0001785527209210114,0.002327842701572675,8.75057717118305e-05,8.310840892649686e-06,4.432000984000865e-07,8.310840892664816e-06,4.4320009840029796e-07,-2.6957946883987603e-05,7.225437626282918e-07,2.764411986717995e-06,4.474777238076124e-07,-2.2068131438542053e-06,2.6392682486758237e-07
normal,disappears,0.01,late,PastSelectedRolling,500,0.000387435863740719,4.388334383499929e-07,0.007576779173142937,0.00013355287569940435,0.0003881522466285244,1.2494580944462293e-06,0.007712000000000001,0.00016985822214795056,0.0030100953780619237,7.208883499336483e-05,1.0517654036498936e-05,4.3883343835002683e-07,1.0517654036519021e-05,4.388334383499929e-07,-2.47511337401334e-05,7.372161992168187e-07,4.9712251305722e-06,4.0823495911731124e-07,0.0,0.0
normal,disappears,0.01,late,Raw,500,0.0003769182097042,0.0,0.01,0.0,0.0003769075993057808,1.2303448812912827e-06,0.010016000000000002,0.00018822951069743233,0.0,0.0,0.0,0.0,0.0,0.0,-3.526878777665242e-05,5.993495024800815e-07,-5.54642890594682e-06,2.5682338867995925e-07,-1.0517654036519021e-05,4.388334383499929e-07
normal,disappears,0.01,late,Rolling1000,500,0.0003865519040421468,2.8813405534751937e-07,0.006179784378557334,7.922989128494316e-05,0.0003868851477631224,1.0337369121078305e-06,0.006248000000000001,0.00015570961102620435,0.0030846130342439475,5.830783866726135e-05,9.633694337927434e-06,2.881340553474516e-07,9.633694337946821e-06,2.8813405534751937e-07,-2.56350934387056e-05,6.613061774589546e-07,4.087265432e-06,3.1535070637059094e-07,-8.839596985722002e-07,4.1958609218213006e-07
normal,disappears,0.01,late,Rolling125,500,0.000404735651445889,7.066034665234648e-07,0.007848152167422571,0.000143767102588484,0.00040578841681940833,1.6216662618773692e-06,0.008060000000000003,0.00011962198308703693,0.0052635402437283185,9.261919907602963e-05,2.7817441741670195e-05,7.066034665234728e-07,2.781744174168902e-05,7.066034665234648e-07,-7.451346034963399e-06,9.22087899166927e-07,2.2271012835742205e-05,6.810073420746728e-07,1.729978770517e-05,6.909915854153145e-07
normal,disappears,0.01,late,Rolling250,500,0.0003915509223303444,4.893553509307632e-07,0.007655742040919842,0.0001372192838453176,0.0003919836727376778,1.4018570822853402e-06,0.007772000000000001,0.00012357416051219036,0.0036106848455792003,7.62636738222022e-05,1.4632712626129139e-05,4.893553509306575e-07,1.463271262614442e-05,4.893553509307632e-07,-2.0636075150508e-05,7.762491367913881e-07,9.086283720197598e-06,4.2656586437242876e-07,4.1150585896253985e-06,5.047091061055964e-07
normal,disappears,0.01,late,Rolling500,500,0.0003824646386101468,2.5682338867995925e-07,0.009694397384709392,0.00015458421542757816,0.000382556102763664,1.2627998291475113e-06,0.00978,0.00016944800161259205,0.001996638660219348,5.0066553412316486e-05,5.546428905930117e-06,2.5682338867999276e-07,5.54642890594682e-06,2.5682338867995925e-07,-2.97223588707056e-05,6.470669856004562e-07,0.0,0.0,-4.9712251305722e-06,4.0823495911731124e-07
normal,disappears,0.01,late,Static-CP,500,0.0004121869974808524,5.993495024800815e-07,0.002371628544121392,3.856389137394936e-05,0.0004119670629593732,8.271511621190164e-07,0.0024000000000000002,0.00010364112584264928,0.007319663105038385,7.677727628745773e-05,3.526878777663664e-05,5.993495024800735e-07,3.526878777665242e-05,5.993495024800815e-07,0.0,0.0,2.97223588707056e-05,6.470669856004562e-07,2.47511337401334e-05,7.372161992168187e-07
normal,disappears,0.01,late,VolRolling250,500,0.0003915509223303444,4.893553509307632e-07,0.007655742040919842,0.0001372192838453176,0.0003919836727376778,1.4018570822853402e-06,0.007772000000000001,0.00012357416051219036,0.0036106848455792003,7.62636738222022e-05,1.4632712626129139e-05,4.893553509306575e-07,1.463271262614442e-05,4.893553509307632e-07,-2.0636075150508e-05,7.762491367913881e-07,9.086283720197598e-06,4.2656586437242876e-07,4.1150585896253985e-06,5.047091061055964e-07
normal,disappears,0.01,late,VolRolling500,500,0.0003824646386101468,2.5682338867995925e-07,0.009694397384709392,0.00015458421542757816,0.000382556102763664,1.2627998291475113e-06,0.00978,0.00016944800161259205,0.001996638660219348,5.0066553412316486e-05,5.546428905930117e-06,2.5682338867999276e-07,5.54642890594682e-06,2.5682338867995925e-07,-2.97223588707056e-05,6.470669856004562e-07,0.0,0.0,-4.9712251305722e-06,4.0823495911731124e-07
normal,disappears,0.01,middle,DtACI500,500,0.0003931722747721274,4.4927829823300413e-07,0.010447519125761858,0.00019273983946073122,0.00039646448199133423,1.536934612415465e-06,0.01102819564079798,0.00014360972903308653,0.0034664291300725183,5.701393241536896e-05,1.625406506791168e-05,4.4927829823293303e-07,1.625406506792742e-05,4.4927829823300413e-07,-1.9014722708725e-05,7.824360269875169e-07,-7.552401758972005e-07,4.781188413853263e-07,-6.5786627403796e-06,6.212860459060269e-07
normal,disappears,0.01,middle,InitialKupiecGate,500,0.00039411779674227375,6.977925320303076e-07,0.0060822990613974654,0.00014714213140416946,0.0003950583126268838,1.5237183924325938e-06,0.0064746666666666355,0.00020761940412029856,0.003911305041268574,0.0001309105046227805,1.719958703805963e-05,6.977925320300709e-07,1.7199587038073814e-05,6.977925320303076e-07,-1.8069200738578604e-05,8.397072819343064e-07,1.9028179424919392e-07,7.001813916312757e-07,-5.633140770233206e-06,5.196358351160077e-07
normal,disappears,0.01,middle,PastSelectedRolling,500,0.000399750937512507,6.071312742093296e-07,0.004681512443128303,0.00011912471184434482,0.00040066383335727386,1.3386563357396382e-06,0.005146666666666636,0.00016836304360258052,0.005245346280603439,9.02360265011116e-05,2.2832727808289057e-05,6.071312742093581e-07,2.283272780830702e-05,6.071312742093296e-07,-1.24360599683454e-05,8.062435686772152e-07,5.823422564482399e-06,4.92606229704335e-07,0.0,0.0
normal,disappears,0.01,middle,Raw,500,0.0003769182097042,0.0,0.009999999999999901,7.765688804434268e-20,0.000380238509883127,1.5667776900861788e-06,0.010522666666666633,0.00023487389890249673,0.0,0.0,0.0,0.0,0.0,0.0,-3.526878777665242e-05,5.993495024800815e-07,-1.700930524382462e-05,5.071076405510588e-07,-2.283272780830702e-05,6.071312742093296e-07
normal,disappears,0.01,middle,Rolling1000,500,0.000401992852794147,4.797243843447539e-07,0.003245601068870903,4.8044938787420356e-05,0.00040249076020313425,1.0035992883482129e-06,0.0035039999999999694,0.00014101601615206877,0.005893991124683048,6.969148462073614e-05,2.5074643089929813e-05,4.797243843447573e-07,2.5074643089947018e-05,4.79724384344754e-07,-1.0194144686705399e-05,5.958801093036154e-07,8.0653378461224e-06,4.020551449216807e-07,2.2419152816400007e-06,5.306358020824383e-07
normal,disappears,0.01,middle,Rolling125,500,0.0004063746614828954,8.543968665919064e-07,0.007591688033822141,0.0001735600870423459,0.0004072336402549746,1.9559766439734603e-06,0.00807999999999997,0.0001510524202630818,0.005507790568501747,0.00011102192196073587,2.9456451778678067e-05,8.543968665920121e-07,2.945645177869542e-05,8.543968665919064e-07,-5.812335997957e-06,1.0644200801942244e-06,1.24471465348708e-05,8.555915738308187e-07,6.623723970388401e-06,8.219533612504665e-07
normal,disappears,0.01,middle,Rolling250,500,0.0003964433022011038,6.45255049327499e-07,0.006672564793222871,0.00014944721586174274,0.0003979961947251952,1.6093836224338972e-06,0.007231999999999969,0.00014606208054748096,0.004394838666352306,9.629772344802737e-05,1.9525092496887252e-05,6.452550493274544e-07,1.952509249690382e-05,6.45255049327499e-07,-1.5743695279748602e-05,9.051292303019798e-07,2.5157872530791992e-06,5.363759568023146e-07,-3.3076353114031993e-06,5.675727027782885e-07
normal,disappears,0.01,middle,Rolling500,500,0.00039392751494802457,5.071076405510588e-07,0.005259854309344166,9.288979004844893e-05,0.0003951487003664926,1.2369956003525187e-06,0.005663999999999966,0.00016283500384424074,0.004296538974787502,8.351192704176813e-05,1.7009305243807033e-05,5.071076405509901e-07,1.700930524382462e-05,5.071076405510588e-07,-1.8259482532827804e-05,7.959885174561851e-07,0.0,0.0,-5.823422564482399e-06,4.92606229704335e-07
normal,disappears,0.01,middle,Static-CP,500,0.0004121869974808524,5.993495024800815e-07,0.0023716285441213922,3.8563891373949367e-05,0.00041238204643201956,9.596193818655218e-07,0.002586666666666637,0.00012707279405907418,0.007319663105038384,7.677727628745774e-05,3.526878777663664e-05,5.993495024800735e-07,3.526878777665242e-05,5.993495024800815e-07,0.0,0.0,1.8259482532827804e-05,7.959885174561851e-07,1.24360599683454e-05,8.062435686772152e-07
normal,disappears,0.01,middle,VolRolling250,500,0.0003964433022011038,6.45255049327499e-07,0.006672564793222871,0.00014944721586174274,0.0003979961947251952,1.6093836224338972e-06,0.007231999999999969,0.00014606208054748096,0.004394838666352306,9.629772344802737e-05,1.9525092496887252e-05,6.452550493274544e-07,1.952509249690382e-05,6.45255049327499e-07,-1.5743695279748602e-05,9.051292303019798e-07,2.5157872530791992e-06,5.363759568023146e-07,-3.3076353114031993e-06,5.675727027782885e-07
normal,disappears,0.01,middle,VolRolling500,500,0.00039392751494802457,5.071076405510588e-07,0.005259854309344166,9.288979004844893e-05,0.0003951487003664926,1.2369956003525187e-06,0.005663999999999966,0.00016283500384424074,0.004296538974787502,8.351192704176813e-05,1.7009305243807033e-05,5.071076405509901e-07,1.700930524382462e-05,5.071076405510588e-07,-1.8259482532827804e-05,7.959885174561851e-07,0.0,0.0,-5.823422564482399e-06,4.92606229704335e-07
normal,disappears,0.01,post,DtACI500,500,0.0003935824678039462,3.193228204242619e-07,0.011327792463367584,0.00014456303344928545,0.0003950299959885832,9.422073232133493e-07,0.01153811945017231,6.370418942718474e-05,0.0034407288790550532,3.883669002439339e-05,1.6664258099727254e-05,3.193228204242608e-07,1.6664258099746218e-05,3.193228204242619e-07,-1.86045296769064e-05,6.839190091942498e-07,3.2062983476404e-06,2.697854585451415e-07,-1.6418675218391995e-06,4.1764297599453e-07
normal,disappears,0.01,post,InitialKupiecGate,500,0.00039099127162415317,5.175051933091086e-07,0.006896612601952102,0.00011781299058407812,0.00039202370642983143,9.829544727883301e-07,0.007132,0.00013837429997578155,0.0033172078469296405,0.00010328535335193111,1.4073061919940755e-05,5.17505193308819e-07,1.4073061919953213e-05,5.175051933091086e-07,-2.1195725856699405e-05,7.189056440665299e-07,6.151021678473942e-07,4.82273753683301e-07,-4.233063701632206e-06,3.725786764563334e-07
normal,disappears,0.01,post,PastSelectedRolling,500,0.0003952243353257854,4.0970756950495933e-07,0.005883780289516508,9.617832098470613e-05,0.0003959867094560956,8.924065168810545e-07,0.00615,0.00010513375391578504,0.004377430022650987,6.162762351644838e-05,1.830612562156804e-05,4.0970756950489527e-07,1.830612562158542e-05,4.0970756950495933e-07,-1.6962662155067198e-05,6.760739578131845e-07,4.8481658694795996e-06,3.0851306213696935e-07,0.0,0.0
normal,disappears,0.01,post,Raw,500,0.0003769182097042,0.0,0.01,0.0,0.00037826677262964737,9.183372368340124e-07,0.010192,0.00014200917297984956,0.0,0.0,0.0,0.0,0.0,0.0,-3.5268787776652615e-05,5.993495024800791e-07,-1.3457959752105821e-05,3.069534760170235e-07,-1.830612562158542e-05,4.0970756950495933e-07
normal,disappears,0.01,post,Rolling1000,500,0.00039527444003811986,3.4398958714445346e-07,0.004621532648225447,5.3968794672224864e-05,0.00039575963847886595,7.351083869205737e-07,0.004778,9.118146807460648e-05,0.004632046278699202,5.57232753621189e-05,1.8356230333903306e-05,3.439895871443633e-07,1.8356230333919816e-05,3.4398958714445346e-07,-1.6912557442732802e-05,5.756482393339123e-07,4.898270581813999e-06,2.0988671523687078e-07,5.010471233439918e-08,3.189914320197169e-07
normal,disappears,0.01,post,Rolling125,500,0.0004079368960505484,5.338937609515371e-07,0.0072635818745035476,0.00010495863665707773,0.0004088195739513768,1.2076459692867773e-06,0.0075899999999999995,8.020389847545642e-05,0.005726162506976797,6.947247909753335e-05,3.101868634633052e-05,5.338937609515838e-07,3.101868634634842e-05,5.338937609515371e-07,-4.2501014303042e-06,8.110610418563957e-07,1.75607265942426e-05,4.925989048088563e-07,1.2712560724762999e-05,5.129662737197309e-07
normal,disappears,0.01,post,Rolling250,500,0.0003972723651340712,4.346664888346004e-07,0.006641881246339837,9.919999958965767e-05,0.0003980590041187046,1.0173666367301296e-06,0.006942,7.21087466448098e-05,0.004490958327833669,6.397212905813475e-05,2.035415542985542e-05,4.346664888346229e-07,2.0354155429871222e-05,4.346664888346004e-07,-1.49146323467814e-05,7.558968000236347e-07,6.896195677765399e-06,3.254917388876223e-07,2.0480298082858e-06,3.936414348138632e-07
normal,disappears,0.01,post,Rolling500,500,0.0003903761694563058,3.069534760170235e-07,0.007153304469647905,9.622891792958419e-05,0.00039093317984455276,8.498511761112566e-07,0.007372000000000002,8.552110686514105e-05,0.0034961523598988553,5.0699877915055435e-05,1.345795975208788e-05,3.0695347601704806e-07,1.3457959752105821e-05,3.069534760170235e-07,-2.18108280245468e-05,6.577545924536355e-07,0.0,0.0,-4.8481658694795996e-06,3.0851306213696935e-07
normal,disappears,0.01,post,Static-CP,500,0.0004121869974808526,5.993495024800791e-07,0.002371628544121392,3.856389137394936e-05,0.0004123401120225918,7.29516305387108e-07,0.0024840000000000005,8.362699892917239e-05,0.007319663105038385,7.677727628745773e-05,3.5268787776636643e-05,5.993495024800735e-07,3.5268787776652615e-05,5.993495024800791e-07,0.0,0.0,2.18108280245468e-05,6.577545924536355e-07,1.6962662155067198e-05,6.760739578131845e-07
normal,disappears,0.01,post,VolRolling250,500,0.0003972723651340712,4.346664888346004e-07,0.006641881246339837,9.919999958965767e-05,0.0003980590041187046,1.0173666367301296e-06,0.006942,7.21087466448098e-05,0.004490958327833669,6.397212905813475e-05,2.035415542985542e-05,4.346664888346229e-07,2.0354155429871222e-05,4.346664888346004e-07,-1.49146323467814e-05,7.558968000236347e-07,6.896195677765399e-06,3.254917388876223e-07,2.0480298082858e-06,3.936414348138632e-07
normal,disappears,0.01,post,VolRolling500,500,0.0003903761694563058,3.069534760170235e-07,0.007153304469647905,9.622891792958419e-05,0.00039093317984455276,8.498511761112566e-07,0.007372000000000002,8.552110686514105e-05,0.0034961523598988553,5.0699877915055435e-05,1.345795975208788e-05,3.0695347601704806e-07,1.3457959752105821e-05,3.069534760170235e-07,-2.18108280245468e-05,6.577545924536355e-07,0.0,0.0,-4.8481658694795996e-06,3.0851306213696935e-07
normal,disappears,0.01,pre,DtACI500,500,0.00039264448581128263,4.2984835204790125e-07,0.01325953531627542,0.0002201760579820696,0.0003927320070807718,2.0882340042791468e-06,0.013089237509689348,0.00022086193930181912,0.00299989240931185,4.914753402986826e-05,1.5726276107065578e-05,4.2984835204796843e-07,-5.45206424980174e-05,4.2984835204790125e-07,1.3057179252745599e-05,4.5705074258623274e-07,1.0536761573103799e-05,3.719282556919219e-07,7.241470215194799e-06,6.954986973187429e-07
normal,disappears,0.01,pre,InitialKupiecGate,500,0.0004022202268887256,1.35496135946414e-06,0.01556410387800485,0.0005105339909543696,0.000403806682812381,2.8901856204360617e-06,0.015344000000000002,0.0006121051162559362,0.003687204826157477,0.00013068209326727814,2.5302017184514485e-05,1.3549613594645292e-06,-4.4944901420574396e-05,1.3549613594641398e-06,2.26329203301886e-05,1.3550428647907686e-06,2.0112502650546802e-05,1.3223963852520511e-06,1.68172112926378e-05,1.281662922258859e-06
normal,disappears,0.01,pre,PastSelectedRolling,500,0.0003854030155960878,6.701713333438891e-07,0.009620494077977073,0.0001714690614533123,0.0003864425232239252,2.051552620838277e-06,0.009600000000000001,0.00027832882327875327,0.0023404789859213905,0.00010207018679782973,8.484805891870368e-06,6.70171333343806e-07,-6.17621127132122e-05,6.701713333438891e-07,5.8157090375508e-06,6.767207946310564e-07,3.2952913579090005e-06,6.062822318009079e-07,0.0,0.0
normal,disappears,0.01,pre,Raw,500,0.0004471651283093,0.0,0.0338989391228427,0.0,0.0004489178969644836,3.90899786098348e-06,0.033664,0.0005249660815457957,0.007071067811865399,3.882844402217134e-20,7.024691860510674e-05,0.0,0.0,0.0,6.757782175076298e-05,1.692812308878747e-07,6.50574040711212e-05,2.485459105585803e-07,6.17621127132122e-05,6.701713333438891e-07
normal,disappears,0.01,pre,Rolling1000,500,0.0003794509961023178,1.368254909917648e-07,0.009971767866903632,0.00012604489572100557,0.0003806504069201346,1.913015983387537e-06,0.009920000000000002,0.00028185472174213557,0.0013398530745844057,4.049162509062417e-05,2.5327863981015894e-06,1.368254909917876e-07,-6.77141322069822e-05,1.368254909917648e-07,-1.3631045621919973e-07,9.308989166222965e-08,-2.6567281358609993e-06,2.2182706716674113e-07,-5.95201949377e-06,6.595168474421403e-07
normal,disappears,0.01,pre,Rolling125,500,0.0004067831490007058,1.0730292926193559e-06,0.00798540518774376,0.00020424696406331518,0.0004058477450423242,2.3841463824715196e-06,0.007744000000000002,0.00019842296072452242,0.005499661689922826,0.00013662010852452533,2.9864939296488673e-05,1.073029292619156e-06,-4.0381979308594204e-05,1.0730292926193559e-06,2.71958424421688e-05,1.0812084616978944e-06,2.4675424762527e-05,1.0378998385363951e-06,2.1380133404618002e-05,9.97666027416468e-07
normal,disappears,0.01,pre,Rolling250,500,0.0003921583224886884,6.754832679774839e-07,0.007832477691480304,0.000184231969548553,0.00039334562374534045,2.030284197041287e-06,0.007640000000000001,0.00020804654943898238,0.0036924132285412166,0.00010387449975361378,1.5240112784471063e-05,6.754832679774648e-07,-5.50068058206116e-05,6.754832679774839e-07,1.25710159301514e-05,6.861948508995905e-07,1.00505982505096e-05,6.105920136222837e-07,6.755306892600599e-06,6.671238767524713e-07
normal,disappears,0.01,pre,Rolling500,500,0.00038210772423817883,2.485459105585803e-07,0.009927699245152629,0.0001687231721236768,0.0003836277710570624,1.9074576923793384e-06,0.009976,0.00027821152259136433,0.001930286862713022,5.47794735575343e-05,5.189514533961071e-06,2.485459105585048e-07,-6.50574040711212e-05,2.485459105585803e-07,2.520417679641799e-06,2.569790407442421e-07,0.0,0.0,-3.2952913579090005e-06,6.062822318009079e-07
normal,disappears,0.01,pre,Static-CP,500,0.000379587306558537,1.692812308878747e-07,0.009973444335096329,0.00013882483010727625,0.0003810037835544244,1.9350299634076135e-06,0.009968,0.00032141650414730814,0.0013592616408971657,4.8124915496463864e-05,2.6690968543184118e-06,1.6928123088786992e-07,-6.757782175076298e-05,1.692812308878747e-07,0.0,0.0,-2.520417679641799e-06,2.569790407442421e-07,-5.8157090375508e-06,6.767207946310564e-07
normal,disappears,0.01,pre,VolRolling250,500,0.0003921583224886884,6.754832679774839e-07,0.007832477691480304,0.000184231969548553,0.00039334562374534045,2.030284197041287e-06,0.007640000000000001,0.00020804654943898238,0.0036924132285412166,0.00010387449975361378,1.5240112784471063e-05,6.754832679774648e-07,-5.50068058206116e-05,6.754832679774839e-07,1.25710159301514e-05,6.861948508995905e-07,1.00505982505096e-05,6.105920136222837e-07,6.755306892600599e-06,6.671238767524713e-07
normal,disappears,0.01,pre,VolRolling500,500,0.00038210772423817883,2.485459105585803e-07,0.009927699245152629,0.0001687231721236768,0.0003836277710570624,1.9074576923793384e-06,0.009976,0.00027821152259136433,0.001930286862713022,5.47794735575343e-05,5.189514533961071e-06,2.485459105585048e-07,-6.50574040711212e-05,2.485459105585803e-07,2.520417679641799e-06,2.569790407442421e-07,0.0,0.0,-3.2952913579090005e-06,6.062822318009079e-07
normal,disappears,0.05,acute,DtACI500,500,0.0015972515456847863,3.0683441312322755e-06,0.01886815214481846,0.0002923664842635904,0.0015883993170763022,1.0470386011818035e-05,0.01826250050563417,0.0012218694553497657,0.006740148342300078,9.17459323855616e-05,0.000138693331855958,3.0683441312314607e-06,0.00013869333185598625,3.0683441312322755e-06,-1.573737861015606e-06,3.3954543255255278e-06,-2.974761533938601e-06,2.1732725814068506e-06,-4.742433598113403e-06,2.7230090268144255e-06
normal,disappears,0.05,acute,InitialKupiecGate,500,0.001601132935504309,2.213316036798313e-06,0.016492881480525717,0.00021704332174333948,0.0015928674173595642,9.585393638721264e-06,0.0161,0.0013172130048706627,0.007076934569232721,6.781975718691008e-05,0.00014257472167547515,2.2133160367979637e-06,0.00014257472167550887,2.213316036798313e-06,2.307651958506997e-06,2.237109402380534e-06,9.066282855840018e-07,2.00119914350555e-06,-8.610437785908009e-07,4.985423128845785e-07
normal,disappears,0.05,acute,PastSelectedRolling,500,0.0016019939792828997,2.157608846707545e-06,0.016286871274889227,0.00018316075697932032,0.001593479462152769,9.563695830896493e-06,0.0159,0.0012914005694832737,0.007120132035165348,6.321262940464193e-05,0.00014343576545406555,2.157608846707215e-06,0.00014343576545409968,2.1576088467075444e-06,3.168695737097798e-06,2.1872867894274523e-06,1.7676720641748027e-06,1.9805624416630703e-06,0.0,0.0
normal,disappears,0.05,acute,Raw,500,0.0014585582138288004,1.941422201108567e-20,0.0499999999999999,0.0,0.001440502232667351,1.606547508468762e-05,0.047799999999999995,0.0022136215215074508,0.0,0.0,0.0,0.0,0.0,0.0,-0.00014026706971700186,1.4111193367697399e-06,-0.00014166809338992488,2.0449000355924e-06,-0.00014343576545409968,2.1576088467075444e-06
normal,disappears,0.05,acute,Rolling1000,500,0.0015965869376092976,1.3841857322035396e-06,0.01633632991691517,0.00011895438037501004,0.001589733479949681,9.436296482551303e-06,0.0152,0.0012574108971727012,0.0070113725567727166,4.110196706146126e-05,0.00013802872378046436,1.3841857322032546e-06,0.0001380287237804977,1.3841857322035396e-06,-2.238345936504199e-06,1.0408475336282386e-06,-3.639369609427194e-06,1.5665589180006914e-06,-5.407041673601996e-06,1.67283157004859e-06
normal,disappears,0.05,acute,Rolling125,500,0.0016171163834468483,4.124996184717166e-06,0.016929620397448296,0.000357144223444401,0.0016064998787954877,1.0502073198721255e-05,0.0158,0.001250538961964313,0.007329695467816743,0.00012078413105818599,0.00015855816961802025,4.124996184716467e-06,0.00015855816961804847,4.124996184717166e-06,1.8291099901046597e-05,4.387433067233047e-06,1.68900762281236e-05,3.672253227864442e-06,1.5122404163948797e-05,3.6217862301689386e-06
normal,disappears,0.05,acute,Rolling250,500,0.0016139359654716062,2.9622239221969326e-06,0.015861316050734795,0.00024143200359491018,0.0016044940498850834,9.825939707091666e-06,0.0151,0.0012316712337535987,0.0074006993923315095,8.577824630364677e-05,0.00015537775164277339,2.9622239221963587e-06,0.00015537775164280648,2.9622239221969326e-06,1.5110681925804596e-05,3.343966199704166e-06,1.3709658252881602e-05,2.27467264410396e-06,1.1941986188706798e-05,2.4436345113403236e-06
normal,disappears,0.05,acute,Rolling500,500,0.0016002263072187248,2.0449000355924e-06,0.016352330801889844,0.00017154705092966769,0.0015924544250057646,9.527937843112552e-06,0.015400000000000002,0.0012444989172796497,0.007078474777836045,6.008005699212679e-05,0.00014166809338988977,2.044900035591741e-06,0.00014166809338992488,2.0449000355924e-06,1.401023672922995e-06,2.118646153689563e-06,0.0,0.0,-1.7676720641748027e-06,1.9805624416630703e-06
normal,disappears,0.05,acute,Static-CP,500,0.0015988252835458018,1.4111193367697399e-06,0.01614622499771363,0.0001172953413594883,0.0015923678738894353,9.354973636514916e-06,0.0148,0.0012429843201103062,0.007077768452595313,4.141745478361581e-05,0.00014026706971696483,1.4111193367694002e-06,0.00014026706971700186,1.4111193367697399e-06,0.0,0.0,-1.401023672922995e-06,2.118646153689563e-06,-3.168695737097798e-06,2.1872867894274523e-06
normal,disappears,0.05,acute,VolRolling250,500,0.0016139359654716062,2.9622239221969326e-06,0.015861316050734795,0.00024143200359491018,0.0016044940498850834,9.825939707091666e-06,0.0151,0.0012316712337535987,0.0074006993923315095,8.577824630364677e-05,0.00015537775164277339,2.9622239221963587e-06,0.00015537775164280648,2.9622239221969326e-06,1.5110681925804596e-05,3.343966199704166e-06,1.3709658252881602e-05,2.27467264410396e-06,1.1941986188706798e-05,2.4436345113403236e-06
normal,disappears,0.05,acute,VolRolling500,500,0.0016002263072187248,2.0449000355924e-06,0.016352330801889844,0.00017154705092966769,0.0015924544250057646,9.527937843112552e-06,0.015400000000000002,0.0012444989172796497,0.007078474777836045,6.008005699212679e-05,0.00014166809338988977,2.044900035591741e-06,0.00014166809338992488,2.0449000355924e-06,1.401023672922995e-06,2.118646153689563e-06,0.0,0.0,-1.7676720641748027e-06,1.9805624416630703e-06
normal,disappears,0.05,early,DtACI500,500,0.0015426680162587906,1.8027633677809014e-06,0.028551406000121633,0.00036895780613353926,0.0015484482750167793,5.899804823172338e-06,0.02911059242984143,0.000547836696076199,0.004833181782977879,6.428599727578787e-05,8.410980242998473e-05,1.8027633677800681e-06,8.410980242999066e-05,1.8027633677809014e-06,-5.615726728701121e-05,2.3802717740448413e-06,-3.8033799430999e-05,1.2879153464551967e-06,-3.62069609513118e-05,1.7115696474238466e-06
normal,disappears,0.05,early,InitialKupiecGate,500,0.0015781931098453224,1.8089087536129097e-06,0.01892940299362597,0.00024779247160784646,0.0015841920332405662,5.048498494248561e-06,0.019447619047619016,0.0006488612394258188,0.006345550896984722,6.29612340175168e-05,0.00011963489601649313,1.808908753612294e-06,0.00011963489601652247,1.8089087536129097e-06,-2.06321737004794e-05,1.9876287314843232e-06,-2.5087058444671986e-06,1.7097296430117187e-06,-6.818673647800001e-07,4.0879924104597764e-07
normal,disappears,0.05,early,PastSelectedRolling,500,0.0015788749772101022,1.7641749528828253e-06,0.01874477173938787,0.00022340734974017468,0.0015842310964441614,5.045373025743863e-06,0.019219047619047587,0.0006274182830948952,0.0063826468601266935,5.909638416812931e-05,0.00012031676338127317,1.7641749528822146e-06,0.00012031676338130248,1.7641749528828253e-06,-1.9950306335699402e-05,1.9524745511769156e-06,-1.8268384796871986e-06,1.6830313587976717e-06,0.0,0.0
normal,disappears,0.05,early,Raw,500,0.0014585582138288004,1.941422201108567e-20,0.0499999999999999,0.0,0.0014680128230091132,7.378398900270641e-06,0.05009523809523806,0.0009575582153050298,0.0,0.0,0.0,0.0,0.0,0.0,-0.00014026706971700186,1.4111193367697399e-06,-0.0001221436018609897,1.8376652204504926e-06,-0.00012031676338130248,1.7641749528828253e-06
normal,disappears,0.05,early,Rolling1000,500,0.0015868869047928418,1.3162705583246298e-06,0.017192253410799396,0.00011990916275603881,0.0015913934289101817,4.689284118847277e-06,0.017676190476190446,0.0006088315565080829,0.006719789238964266,3.993992740829033e-05,0.00012832869096400848,1.316270558324187e-06,0.0001283286909640421,1.3162705583246298e-06,-1.1938378752959805e-05,1.1267749072492431e-06,6.1850891030524e-06,1.4193812815363428e-06,8.011927582739598e-06,1.3493830867384495e-06
normal,disappears,0.05,early,Rolling125,500,0.0015403245633610488,2.3497684173309434e-06,0.02846287028572876,0.0004264339253632517,0.0015475341692989014,6.4373167470847194e-06,0.02912380952380949,0.0006930731934434005,0.0046343181328469644,8.468736919334501e-05,8.17663495322392e-05,2.3497684173300007e-06,8.176634953224888e-05,2.3497684173309434e-06,-5.8500720184753e-05,2.8587792429197257e-06,-4.03772523287408e-05,2.293905068013979e-06,-3.855041384905361e-05,2.2297159741914732e-06
normal,disappears,0.05,early,Rolling250,500,0.0015718287114497285,2.5000795013720665e-06,0.02012071600745669,0.0002712260801714104,0.001575465169751359,5.582290492084537e-06,0.0205333333333333,0.0006351905778542461,0.0060617036769387974,8.072581696158785e-05,0.0001132704976209056,2.500079501371159e-06,0.00011327049762092826,2.5000795013720665e-06,-2.6996572096073603e-05,2.9453069684996608e-06,-8.873104240061401e-06,1.8792499802925393e-06,-7.0462657603742015e-06,2.0024276093490087e-06
normal,disappears,0.05,early,Rolling500,500,0.00158070181568979,1.8376652204504926e-06,0.018155501054884633,0.0001767655851105366,0.00158631319702108,4.980423316938579e-06,0.01878095238095235,0.000629376564630189,0.006480822776645662,5.6850259308836074e-05,0.00012214360186096361,1.8376652204497868e-06,0.0001221436018609897,1.8376652204504926e-06,-1.81234678560122e-05,2.081327860502231e-06,0.0,0.0,1.8268384796871986e-06,1.6830313587976717e-06
normal,disappears,0.05,early,Static-CP,500,0.0015988252835458018,1.4111193367697399e-06,0.01614622499771363,0.00011729534135948832,0.0016033129103748909,4.618031326316917e-06,0.016438095238095207,0.0006015722148947614,0.007077768452595312,4.1417454783615836e-05,0.00014026706971696483,1.4111193367694002e-06,0.00014026706971700186,1.4111193367697399e-06,0.0,0.0,1.81234678560122e-05,2.081327860502231e-06,1.9950306335699402e-05,1.9524745511769156e-06
normal,disappears,0.05,early,VolRolling250,500,0.0015718287114497285,2.5000795013720665e-06,0.02012071600745669,0.0002712260801714104,0.001575465169751359,5.582290492084537e-06,0.0205333333333333,0.0006351905778542461,0.0060617036769387974,8.072581696158785e-05,0.0001132704976209056,2.500079501371159e-06,0.00011327049762092826,2.5000795013720665e-06,-2.6996572096073603e-05,2.9453069684996608e-06,-8.873104240061401e-06,1.8792499802925393e-06,-7.0462657603742015e-06,2.0024276093490087e-06
normal,disappears,0.05,early,VolRolling500,500,0.00158070181568979,1.8376652204504926e-06,0.018155501054884633,0.0001767655851105366,0.00158631319702108,4.980423316938579e-06,0.01878095238095235,0.000629376564630189,0.006480822776645662,5.6850259308836074e-05,0.00012214360186096361,1.8376652204497868e-06,0.0001221436018609897,1.8376652204504926e-06,-1.81234678560122e-05,2.081327860502231e-06,0.0,0.0,1.8268384796871986e-06,1.6830313587976717e-06
normal,disappears,0.05,late,DtACI500,500,0.0014878994663006186,6.262331980220725e-07,0.05582219676911216,0.0004225420951561693,0.0014887576023066545,3.33682275460561e-06,0.055780980477588345,0.00023338316450724763,0.0021458322000057722,2.743694640839952e-05,2.9341252471829256e-05,6.26233198022086e-07,2.9341252471818875e-05,6.262331980220725e-07,-0.000110925817245183,1.509185065748019e-06,2.2598968663077006e-05,5.388815576782438e-07,1.0655611973098999e-05,8.219219412316061e-07
normal,disappears,0.05,late,InitialKupiecGate,500,0.0014771373563519385,6.208519992180639e-07,0.042434857068560476,0.00041658568975541465,0.0014780462342635283,2.9582959237995075e-06,0.042660000000000003,0.0004426654554071524,0.0019236808404140286,4.058099603680388e-05,1.8579142523145324e-05,6.208519992181313e-07,1.8579142523138476e-05,6.208519992180639e-07,-0.0001216879271938634,1.5628877969937408e-06,1.1836858714396604e-05,5.723310097298117e-07,-1.0649797558140048e-07,6.893392453468774e-08
normal,disappears,0.05,late,PastSelectedRolling,500,0.00147724385432752,6.182868798281071e-07,0.04237551018589009,0.00041613512951671277,0.0014780797803551754,2.959231764619577e-06,0.042596,0.00044081538585763724,0.0019358628237302374,4.0100154812306914e-05,1.8685640498726588e-05,6.182868798281727e-07,1.8685640498719876e-05,6.18286879828107e-07,-0.000121581429218282,1.5636718081557272e-06,1.1943356689978003e-05,5.682018589959499e-07,0.0,0.0
normal,disappears,0.05,late,Raw,500,0.0014585582138288004,1.941422201108567e-20,0.0499999999999999,0.0,0.0014590329570221261,3.1408232817962518e-06,0.05017200000000001,0.0004313060186961539,0.0,0.0,0.0,0.0,0.0,0.0,-0.00014026706971700186,1.4111193367697399e-06,-6.742283808741872e-06,2.7897326749888574e-07,-1.8685640498719876e-05,6.18286879828107e-07
normal,disappears,0.05,late,Rolling1000,500,0.0014839656280060901,5.429985007269636e-07,0.03571829123634763,0.00019361913911788005,0.0014844653118489088,2.7460165502893394e-06,0.03589199999999999,0.000361859858390273,0.0024515424482959027,3.231902476270051e-05,2.540741417729768e-05,5.429985007270817e-07,2.5407414177290076e-05,5.429985007269636e-07,-0.0001148596555397118,1.4989259743622617e-06,1.86651303685482e-05,5.452386234867006e-07,6.7217736785702e-06,5.769055989986886e-07
normal,disappears,0.05,late,Rolling125,500,0.0014862784121550663,6.694680513846614e-07,0.04757118829149951,0.0003801024943261517,0.0014867696138037296,3.3333818540930933e-06,0.047792,0.00024092646829738842,0.002282655095794427,3.2481721797982626e-05,2.772019832627322e-05,6.69468051384689e-07,2.7720198326266277e-05,6.694680513846614e-07,-0.0001125468713907356,1.5385429548309896e-06,2.09779145175244e-05,6.086494443190717e-07,9.034557827546398e-06,7.583288778803485e-07
normal,disappears,0.05,late,Rolling250,500,0.001472549086351819,4.4840198190616993e-07,0.0474826136483124,0.0003713816624602115,0.0014733075614323293,3.209843599484119e-06,0.047704,0.00025459458912085943,0.001613374727831396,2.935788016131631e-05,1.3990872523026013e-05,4.4840198190623473e-07,1.3990872523018876e-05,4.4840198190616993e-07,-0.000126276197193983,1.4732766532609726e-06,7.248588714277004e-06,3.362588540927093e-07,-4.694767975701e-06,5.943301515357784e-07
normal,disappears,0.05,late,Rolling500,500,0.0014653004976375417,2.7897326749888574e-07,0.04951677185733503,0.00034871482421592427,0.0014660288999076955,3.1601512278679907e-06,0.049536000000000004,0.0003547352282538748,0.00109567356859821,2.4722540103080795e-05,6.74228380874977e-06,2.7897326749888473e-07,6.742283808741872e-06,2.7897326749888574e-07,-0.00013352478590826,1.434062822237033e-06,0.0,0.0,-1.1943356689978003e-05,5.682018589959499e-07
normal,disappears,0.05,late,Static-CP,500,0.0015988252835458018,1.4111193367697399e-06,0.01614622499771363,0.0001172953413594883,0.0015990656600245008,2.2966715852890776e-06,0.016216,0.0002795979936912143,0.007077768452595312,4.141745478361583e-05,0.00014026706971696483,1.4111193367694002e-06,0.00014026706971700186,1.4111193367697399e-06,0.0,0.0,0.00013352478590826,1.434062822237033e-06,0.000121581429218282,1.5636718081557272e-06
normal,disappears,0.05,late,VolRolling250,500,0.001472549086351819,4.4840198190616993e-07,0.0474826136483124,0.0003713816624602115,0.0014733075614323293,3.209843599484119e-06,0.047704,0.00025459458912085943,0.001613374727831396,2.935788016131631e-05,1.3990872523026013e-05,4.4840198190623473e-07,1.3990872523018876e-05,4.4840198190616993e-07,-0.000126276197193983,1.4732766532609726e-06,7.248588714277004e-06,3.362588540927093e-07,-4.694767975701e-06,5.943301515357784e-07
normal,disappears,0.05,late,VolRolling500,500,0.0014653004976375417,2.7897326749888574e-07,0.04951677185733503,0.00034871482421592427,0.0014660288999076955,3.1601512278679907e-06,0.049536000000000004,0.0003547352282538748,0.00109567356859821,2.4722540103080795e-05,6.74228380874977e-06,2.7897326749888473e-07,6.742283808741872e-06,2.7897326749888574e-07,-0.00013352478590826,1.434062822237033e-06,0.0,0.0,-1.1943356689978003e-05,5.682018589959499e-07
normal,disappears,0.05,middle,DtACI500,500,0.0014932961057909334,6.66919589299213e-07,0.04886094084126634,0.00041839348775593935,0.001502429335704054,3.7107732435309805e-06,0.04970254163566411,0.0002913050257179282,0.0025062530864083912,2.917042210282365e-05,3.4737891962139995e-05,6.669195892991109e-07,3.4737891962133476e-05,6.66919589299213e-07,-0.00010552917775486839,1.5956380292727639e-06,-1.2442898015634199e-05,8.219776085451403e-07,-2.89333074268174e-05,1.5133115327215532e-06
normal,disappears,0.05,middle,InitialKupiecGate,500,0.0015219012426857,1.5424501708892246e-06,0.029347275108557558,0.00047749520301312566,0.0015265139296893548,3.460422758202577e-06,0.02999999999999997,0.0005472011333897145,0.004158243379782546,7.284507558197546e-05,6.33430288568989e-05,1.5424501708887147e-06,6.334302885690027e-05,1.5424501708892246e-06,-7.69240408601016e-05,1.963325383046077e-06,1.61622388791326e-05,1.4780068126389513e-06,-3.281705320506002e-07,2.1951957762749265e-07
normal,disappears,0.05,middle,PastSelectedRolling,500,0.0015222294132177508,1.5310210582888342e-06,0.029263213506282616,0.0004752091187842646,0.0015268159923227903,3.4570072671188856e-06,0.029914666666666638,0.0005401630307185654,0.0041802755824928576,7.159655221992484e-05,6.367119938894979e-05,1.5310210582883143e-06,6.367119938895089e-05,1.5310210582888342e-06,-7.6595870328051e-05,1.956498099648918e-06,1.6490409411183195e-05,1.4642676317185648e-06,0.0,0.0
normal,disappears,0.05,middle,Raw,500,0.0014585582138288004,1.941422201108567e-20,0.0499999999999999,0.0,0.0014666312323708436,3.815107730757047e-06,0.051151999999999975,0.0005049053660192649,0.0,0.0,0.0,0.0,0.0,0.0,-0.00014026706971700186,1.4111193367697399e-06,-4.7180789977767675e-05,9.604999810899538e-07,-6.367119938895089e-05,1.5310210582888342e-06
normal,disappears,0.05,middle,Rolling1000,500,0.0015486497675334294,1.0679009755173813e-06,0.021453651451723593,0.00013558748736515594,0.0015529057629539874,2.8679165584702407e-06,0.021967999999999967,0.0003305100152564428,0.005456751142242899,3.728832559482601e-05,9.009155370462008e-05,1.0679009755164866e-06,9.009155370462947e-05,1.0679009755173815e-06,-5.01755160123724e-05,1.3538658502669944e-06,4.29107637268618e-05,8.903030092171991e-07,2.6420354315678605e-05,1.503961101506124e-06
normal,disappears,0.05,middle,Rolling125,500,0.0014863321802288788,7.597219716969696e-07,0.04686337062802749,0.0004155418362189554,0.0014941159664636863,4.045991402138616e-06,0.04765866666666664,0.00027688160116618604,0.002301884822415018,3.6823166277220016e-05,2.777396640008575e-05,7.59721971696974e-07,2.7773966400079078e-05,7.597219716969696e-07,-0.0001124931033169228,1.5944400654075875e-06,-1.940682357768859e-05,1.0492723452403384e-06,-3.589723298887179e-05,1.5607785549557042e-06
normal,disappears,0.05,middle,Rolling250,500,0.001481542123302724,6.452237391173816e-07,0.042582918440832264,0.0003713291636031629,0.0014894748655677205,3.62696160822646e-06,0.04338666666666664,0.0003335091052929339,0.002123520764428816,3.6730887367288735e-05,2.2983909473932732e-05,6.45223739117374e-07,2.298390947392407e-05,6.452237391173815e-07,-0.00011728316024307781,1.6050801157304785e-06,-2.4196880503843604e-05,7.154093666572418e-07,-4.0687289915026805e-05,1.4440150158293113e-06
normal,disappears,0.05,middle,Rolling500,500,0.0015057390038065678,9.604999810899538e-07,0.031246666745368905,0.00023310716555212927,0.0015115578403549473,3.217311538734126e-06,0.032095999999999965,0.0003682273991729432,0.0034565768906355473,4.423477117523377e-05,4.7180789977775875e-05,9.604999810896876e-07,4.7180789977767675e-05,9.604999810899538e-07,-9.30862797392342e-05,1.7482407034358239e-06,0.0,0.0,-1.6490409411183195e-05,1.4642676317185648e-06
normal,disappears,0.05,middle,Static-CP,500,0.0015988252835458018,1.4111193367697399e-06,0.01614622499771363,0.00011729534135948835,0.001601975213458658,2.7428641331729762e-06,0.0170773333333333,0.00032015992441097635,0.007077768452595313,4.141745478361583e-05,0.00014026706971696483,1.4111193367694002e-06,0.00014026706971700186,1.4111193367697399e-06,0.0,0.0,9.30862797392342e-05,1.7482407034358239e-06,7.6595870328051e-05,1.956498099648918e-06
normal,disappears,0.05,middle,VolRolling250,500,0.001481542123302724,6.452237391173816e-07,0.042582918440832264,0.0003713291636031629,0.0014894748655677205,3.62696160822646e-06,0.04338666666666664,0.0003335091052929339,0.002123520764428816,3.6730887367288735e-05,2.2983909473932732e-05,6.45223739117374e-07,2.298390947392407e-05,6.452237391173815e-07,-0.00011728316024307781,1.6050801157304785e-06,-2.4196880503843604e-05,7.154093666572418e-07,-4.0687289915026805e-05,1.4440150158293113e-06
normal,disappears,0.05,middle,VolRolling500,500,0.0015057390038065678,9.604999810899538e-07,0.031246666745368905,0.00023310716555212927,0.0015115578403549473,3.217311538734126e-06,0.032095999999999965,0.0003682273991729432,0.0034565768906355473,4.423477117523377e-05,4.7180789977775875e-05,9.604999810896876e-07,4.7180789977767675e-05,9.604999810899538e-07,-9.30862797392342e-05,1.7482407034358239e-06,0.0,0.0,-1.6490409411183195e-05,1.4642676317185648e-06
normal,disappears,0.05,post,DtACI500,500,0.0014978609454427798,5.749918132418184e-07,0.049609211872940095,0.0002901756761123376,0.001502144857260635,2.2985460177617715e-06,0.04995080556741425,0.00010663683972915738,0.0026550480614647106,2.331816992633339e-05,3.93027316139869e-05,5.749918132417237e-07,3.930273161397987e-05,5.749918132418184e-07,-0.0001009643381030222,1.5353406620891316e-06,2.5803534047419986e-06,4.522052331892012e-07,-9.418763870354601e-06,8.76523978637207e-07
normal,disappears,0.05,post,InitialKupiecGate,500,0.001507014579426951,8.906276217468504e-07,0.03454010164393057,0.0003582534140501431,0.0015096633526027225,2.1640928354331935e-06,0.034944,0.0003552550355456783,0.0033290032231935215,4.517174914958121e-05,4.845636559815807e-05,8.906276217468121e-07,4.845636559815107e-05,8.906276217468504e-07,-9.181070411885101e-05,1.5647589141494182e-06,1.1733987388913198e-05,7.755019838149458e-07,-2.651298861834003e-07,1.668700955307193e-07
normal,disappears,0.05,post,PastSelectedRolling,500,0.0015072797093131345,8.772521204329415e-07,0.034455398615934545,0.0003553020680067478,0.001509809741668326,2.1618552776474215e-06,0.034852,0.0003475943550625393,0.0033481153163165515,4.379905580797675e-05,4.8721495484341514e-05,8.772521204329049e-07,4.872149548433448e-05,8.772521204329416e-07,-9.154557423266759e-05,1.5599604135325613e-06,1.1999117275096599e-05,7.606831300540396e-07,0.0,0.0
normal,disappears,0.05,post,Raw,500,0.0014585582138288004,1.941422201108567e-20,0.0499999999999999,0.0,0.0014624545817194337,2.323214221681473e-06,0.05048400000000001,0.00029837819473645924,0.0,0.0,0.0,0.0,0.0,0.0,-0.0001402670697170021,1.4111193367697405e-06,-3.672237820923788e-05,5.706628956861873e-07,-4.872149548433448e-05,8.772521204329416e-07
normal,disappears,0.05,post,Rolling1000,500,0.0015212813405835138,7.271232281732572e-07,0.028036178119042403,0.00013804822348908031,0.0015234632966667622,1.9569128436866442e-06,0.028344000000000005,0.00020713555531717172,0.004117858223715743,2.992009173516489e-05,6.272312675472239e-05,7.271232281732428e-07,6.272312675471388e-05,7.27123228173257e-07,-7.75439429622882e-05,1.3035011014053825e-06,2.6000748545476002e-05,4.340510579114589e-07,1.4001631270379403e-05,7.893308243999299e-07
normal,disappears,0.05,post,Rolling125,500,0.0014945901804852095,5.645827300306499e-07,0.04468655191921055,0.0002534587740123841,0.0014982993796780412,2.4321482619206228e-06,0.045142,0.00014788987399297937,0.002637731669608112,2.460022802067713e-05,3.603196665641649e-05,5.645827300305219e-07,3.603196665640968e-05,5.645827300306498e-07,-0.0001042351030605924,1.5291080769939377e-06,-6.904115528281996e-07,5.557091648351561e-07,-1.2689528827924798e-05,8.443960434736127e-07
normal,disappears,0.05,post,Rolling250,500,0.001489173573426085,5.274100583062948e-07,0.04213980274126595,0.00024607700948720186,0.0014927205791256557,2.308159862975289e-06,0.04258,0.0001457452687627748,0.0023875005245017063,2.53066857285806e-05,3.061535959729216e-05,5.274100583063807e-07,3.061535959728507e-05,5.274100583062948e-07,-0.000109651710119717,1.541298792204994e-06,-6.1070186119527986e-06,3.481217169412548e-07,-1.8106135887049394e-05,7.685477463569375e-07
normal,disappears,0.05,post,Rolling500,500,0.0014952805920380378,5.706628956861873e-07,0.038709260184981546,0.00021876959847773572,0.0014982606142742818,2.1451597092762506e-06,0.039084,0.00016950324687569498,0.0026661090053919506,2.6293440796645028e-05,3.6722378209244635e-05,5.706628956861887e-07,3.672237820923788e-05,5.706628956861873e-07,-0.0001035446915077642,1.4904990371733453e-06,0.0,0.0,-1.1999117275096599e-05,7.606831300540396e-07
normal,disappears,0.05,post,Static-CP,500,0.0015988252835458022,1.4111193367697405e-06,0.01614622499771363,0.0001172953413594883,0.0016004687481264003,1.958206401297605e-06,0.016534,0.00022551141611367522,0.007077768452595313,4.141745478361583e-05,0.00014026706971696483,1.4111193367694002e-06,0.0001402670697170021,1.4111193367697405e-06,0.0,0.0,0.0001035446915077642,1.4904990371733453e-06,9.154557423266759e-05,1.5599604135325613e-06
normal,disappears,0.05,post,VolRolling250,500,0.001489173573426085,5.274100583062948e-07,0.04213980274126595,0.00024607700948720186,0.0014927205791256557,2.308159862975289e-06,0.04258,0.0001457452687627748,0.0023875005245017063,2.53066857285806e-05,3.061535959729216e-05,5.274100583063807e-07,3.061535959728507e-05,5.274100583062948e-07,-0.000109651710119717,1.541298792204994e-06,-6.1070186119527986e-06,3.481217169412548e-07,-1.8106135887049394e-05,7.685477463569375e-07
normal,disappears,0.05,post,VolRolling500,500,0.0014952805920380378,5.706628956861873e-07,0.038709260184981546,0.00021876959847773572,0.0014982606142742818,2.1451597092762506e-06,0.039084,0.00016950324687569498,0.0026661090053919506,2.6293440796645028e-05,3.6722378209244635e-05,5.706628956861887e-07,3.672237820923788e-05,5.706628956861873e-07,-0.0001035446915077642,1.4904990371733453e-06,0.0,0.0,-1.1999117275096599e-05,7.606831300540396e-07
normal,disappears,0.05,pre,DtACI500,500,0.0014889207592223993,7.321419720520732e-07,0.05162616167124834,0.00048555672090280197,0.001492349768451079,4.962338320837507e-06,0.05161219295914396,0.00041019418559119715,0.002155113510148492,3.543057420098074e-05,3.0362545393603877e-05,7.321419720520215e-07,-0.0002080311952074009,7.321419720520733e-07,2.7251745093896003e-05,7.425969953108256e-07,2.3614486571544396e-05,5.984401729286831e-07,2.0906064971594798e-05,6.898018926703682e-07
normal,disappears,0.05,pre,InitialKupiecGate,500,0.00146940013492622,1.067566731686044e-06,0.049800956726608114,0.0004899072261421914,0.001473416144899683,4.9259650669665316e-06,0.049671999999999994,0.0006875538470441209,0.0012162134480799003,4.774617953230083e-05,1.0841921097427882e-05,1.0675667316859115e-06,-0.0002275518195035801,1.067566731686044e-06,7.731120797716801e-06,1.0711653940190386e-06,4.093862275365199e-06,9.874509998328615e-07,1.3854406754156005e-06,7.985786706338118e-07
normal,disappears,0.05,pre,PastSelectedRolling,500,0.0014680146942508043,7.168411979932693e-07,0.049356453280047216,0.0004122963189607493,0.0014718878728205537,4.8711036889820395e-06,0.049176000000000004,0.0006058515992556603,0.0011796247909470626,4.322078085016595e-05,9.456480422012292e-06,7.168411979931043e-07,-0.0002289372601789957,7.168411979932693e-07,6.345680122301201e-06,7.173609409562553e-07,2.7084215999495983e-06,6.092402278904052e-07,0.0,0.0
normal,disappears,0.05,pre,Raw,500,0.0016969519544298,0.0,0.12613489819343024,1.2425102087094829e-18,0.001696794790430711,8.177343317715434e-06,0.12508800000000003,0.0009170837460092665,0.007071067811865399,3.882844402217134e-20,0.000238393740601,0.0,0.0,0.0,0.0002352829403012969,1.7907220416406226e-07,0.00023164568177894528,3.501156689907337e-07,0.0002289372601789957,7.168411979932693e-07
normal,disappears,0.05,pre,Rolling1000,500,0.001461684355765971,1.6447833944147144e-07,0.0502911368503036,0.00028605002591577293,0.0014658048490941082,4.762777943638131e-06,0.04992,0.0006027219487416979,0.0007505232513759563,2.137727443177965e-05,3.126141937176235e-06,1.6447833944149166e-07,-0.00023526759866382928,1.6447833944147144e-07,1.5341637467601153e-08,1.1165553237435906e-07,-3.621916884884002e-06,2.9640694478554727e-07,-6.3303384848336e-06,6.923166375089102e-07
normal,disappears,0.05,pre,Rolling125,500,0.0014866289189269092,9.855055966179782e-07,0.04743697853559949,0.0004953680467478173,0.001490527228377999,5.023550022801061e-06,0.047824000000000005,0.0004057330237645764,0.002274540689439351,4.6237031570623284e-05,2.807070509811414e-05,9.855055966177963e-07,-0.00021032303550289088,9.855055966179782e-07,2.4959904798405998e-05,9.97245701860133e-07,2.1322646276054398e-05,9.378826565400229e-07,1.8614224676104803e-05,8.596392187050338e-07
normal,disappears,0.05,pre,Rolling250,500,0.001472798835890147,6.46579170262256e-07,0.0475171354512603,0.0004776646991788387,0.001475809738952446,4.814038237692699e-06,0.047408000000000006,0.0005122028656217204,0.0016065276328616372,4.0884870458930566e-05,1.424062206135479e-05,6.465791702621469e-07,-0.00022415311853965332,6.46579170262256e-07,1.1129821761643602e-05,6.599258632509133e-07,7.492563239292e-06,5.106698373862289e-07,4.784141639342401e-06,5.26545696158698e-07
normal,disappears,0.05,pre,Rolling500,500,0.0014653062726508548,3.501156689907338e-07,0.05028632148478142,0.00040094341033848136,0.001469571317289955,4.805629428346489e-06,0.05026400000000001,0.0006030422272575208,0.0010832195159810102,3.0479053197594042e-05,6.7480588220644284e-06,3.501156689907964e-07,-0.00023164568177894528,3.501156689907337e-07,3.637258522351603e-06,3.4329159012365177e-07,0.0,0.0,-2.7084215999495983e-06,6.092402278904052e-07
normal,disappears,0.05,pre,Static-CP,500,0.0014616690141285031,1.7907220416406226e-07,0.05031293371215322,0.00030158784058243425,0.0014655575340643031,4.7596173237088975e-06,0.05000800000000001,0.0006706201120376115,0.0007467494451002929,2.445385575755299e-05,3.110800299710482e-06,1.7907220416408942e-07,-0.0002352829403012969,1.7907220416406226e-07,0.0,0.0,-3.637258522351603e-06,3.4329159012365177e-07,-6.345680122301201e-06,7.173609409562553e-07
normal,disappears,0.05,pre,VolRolling250,500,0.001472798835890147,6.46579170262256e-07,0.0475171354512603,0.0004776646991788387,0.001475809738952446,4.814038237692699e-06,0.047408000000000006,0.0005122028656217204,0.0016065276328616372,4.0884870458930566e-05,1.424062206135479e-05,6.465791702621469e-07,-0.00022415311853965332,6.46579170262256e-07,1.1129821761643602e-05,6.599258632509133e-07,7.492563239292e-06,5.106698373862289e-07,4.784141639342401e-06,5.26545696158698e-07
normal,disappears,0.05,pre,VolRolling500,500,0.0014653062726508548,3.501156689907338e-07,0.05028632148478142,0.00040094341033848136,0.001469571317289955,4.805629428346489e-06,0.05026400000000001,0.0006030422272575208,0.0010832195159810102,3.0479053197594042e-05,6.7480588220644284e-06,3.501156689907964e-07,-0.00023164568177894528,3.501156689907337e-07,3.637258522351603e-06,3.4329159012365177e-07,0.0,0.0,-2.7084215999495983e-06,6.092402278904052e-07
normal,jump_ewma,0.01,acute,DtACI500,500,0.0011367221231081569,1.13196382291195e-05,0.04840879578775851,0.0009916565269554756,0.0010894648823791422,3.030330432522981e-05,0.0483223291671462,0.0016361131557418077,0.016356789578712054,0.0002537432940788082,0.00038288570369962593,1.1319638229119337e-05,-7.382760921337679e-05,5.540343751721978e-06,-1.5900704497417962e-06,6.082478482674171e-06,1.4031128480400601e-05,3.581065958273809e-06,2.1723877541427598e-05,5.386886143938339e-06
normal,jump_ewma,0.01,acute,InitialKupiecGate,500,0.0012034927787176605,1.094085669640034e-05,0.05617898956476343,0.0009441518847367495,0.0011528878808658,3.392835822551173e-05,0.0555,0.0020292204096504364,0.01831591483928958,0.00025114880412676667,0.00044965635930912574,1.0940856696400281e-05,-7.0569536038731985e-06,2.317764298896153e-06,6.51805851597618e-05,4.151720117958377e-06,8.08017840899042e-05,5.151309085341907e-06,8.84945331509312e-05,4.818727088194035e-06
normal,jump_ewma,0.01,acute,PastSelectedRolling,500,0.0011149982455667291,9.975023146158854e-06,0.04789695442912152,0.0009122162477478388,0.0010722509918251791,3.1595926725592686e-05,0.04610000000000001,0.0018182938114533467,0.016433246171385932,0.0002541015908868576,0.0003611618261581982,9.975023146158752e-06,-9.555148675480437e-05,5.107753793067173e-06,-2.33139479911694e-05,4.782134846798501e-06,-7.692749061026998e-06,4.369371048475829e-06,0.0,0.0
normal,jump_ewma,0.01,acute,Raw,500,0.0012105497323215335,1.0878152493972919e-05,0.056975051487172836,0.0009260743658505257,0.0011588161479532334,3.415779628875576e-05,0.0562,0.002022696864389328,0.018477382772661335,0.00024938011597738335,0.00045671331291299773,1.0878152493972851e-05,0.0,0.0,7.223753876363499e-05,3.5649616637523073e-06,8.785873769377739e-05,4.699720618548581e-06,9.555148675480437e-05,5.107753793067173e-06
normal,jump_ewma,0.01,acute,Rolling1000,500,0.001135849083219644,1.0171569168988363e-05,0.050398905011283926,0.0008962864774486566,0.0010865008494941773,3.216959316164796e-05,0.0492,0.001898929136046802,0.016830555576926413,0.0002477471052401718,0.00038201266381111186,1.0171569168988178e-05,-7.47006491018894e-05,3.479809124065644e-06,-2.463110338254395e-06,2.4111396791434477e-06,1.3158088591888001e-05,3.6626081649140636e-06,2.0850837652915e-05,3.87681427194293e-06
normal,jump_ewma,0.01,acute,Rolling125,500,0.0010353422483089186,1.0100445289834924e-05,0.03602838624385087,0.0009596447855986195,0.0009855364738340616,2.7764479202183025e-05,0.034800000000000005,0.0014907597826138582,0.015764299180943193,0.00033125181508897506,0.00028150582890039346,1.0100445289834534e-05,-0.0001752074840126148,8.25528639927784e-06,-0.00010296994524897979,8.271108410995402e-06,-8.734874631883741e-05,7.70398396328274e-06,-7.965599725781038e-05,7.537537516696364e-06
normal,jump_ewma,0.01,acute,Rolling250,500,0.0010502769266560227,9.261391568406426e-06,0.04115524800926615,0.0008923596355284414,0.0010046591477077837,2.7831376413884818e-05,0.0409,0.001723461818922185,0.014923083120872222,0.00024330750173338404,0.00029644050724749615,9.261391568406133e-06,-0.0001602728056655106,6.607199518685102e-06,-8.803526690187561e-05,6.94879657775363e-06,-7.241406797173321e-05,5.606164786853647e-06,-6.472131891070621e-05,5.635092613746378e-06
normal,jump_ewma,0.01,acute,Rolling500,500,0.0011226909946277562,1.048646496514675e-05,0.04883942507259156,0.0009281919699963011,0.001071257766026988,3.1181479528510424e-05,0.048100000000000004,0.001884112459360916,0.016446053546738563,0.0002521714394866849,0.00036885457521922604,1.0486464965146701e-05,-8.785873769377739e-05,4.699720618548581e-06,-1.5621198930142397e-05,4.659932562650783e-06,0.0,0.0,7.692749061026998e-06,4.369371048475829e-06
normal,jump_ewma,0.01,acute,Static-CP,500,0.001138312193557898,1.0109988232624265e-05,0.05084334295979244,0.0008899521682649425,0.0010902769792829608,3.2357644650222854e-05,0.0495,0.0019227308151624214,0.01696405169061579,0.00024735052244263627,0.0003844757741493644,1.0109988232624057e-05,-7.223753876363499e-05,3.5649616637523073e-06,0.0,0.0,1.5621198930142397e-05,4.659932562650783e-06,2.33139479911694e-05,4.782134846798501e-06
normal,jump_ewma,0.01,acute,VolRolling250,500,0.0010404636380267917,9.179372794814095e-06,0.03720243043303681,0.0009391935962433356,0.0009955833402603377,2.6927354404454695e-05,0.037099999999999994,0.0016007200283679954,0.015652299387215428,0.0002610998280349614,0.0002866272186182617,9.179372794813787e-06,-0.0001700860942947416,7.573775596277083e-06,-9.784855553110658e-05,7.71220741991673e-06,-8.22273566009642e-05,6.298526693058407e-06,-7.453460753993721e-05,6.231348154903946e-06
normal,jump_ewma,0.01,acute,VolRolling500,500,0.001108232724918138,1.0654970969169103e-05,0.046210031957647626,0.000978220981104493,0.001054222647504533,3.045967418348579e-05,0.04580000000000001,0.0018470362980115861,0.0161339671465836,0.00025053453990700887,0.000354396305509605,1.0654970969169028e-05,-0.0001023170074033956,5.587017567606525e-06,-3.0079468639760605e-05,5.304231708712787e-06,-1.4458269709618203e-05,1.2274061584328946e-06,-6.765520648591207e-06,4.702968929767647e-06
normal,jump_ewma,0.01,early,DtACI500,500,0.0008033001136646888,1.3768680557588307e-06,0.011642002827030979,0.0002516510038410739,0.0008062516416157745,6.689875850622349e-06,0.011887382314473595,0.00036726531232479973,0.008541381907734468,0.00013321557526565342,4.946369425620079e-05,1.3768680557583128e-06,6.477816862602402e-06,1.0738067727408652e-06,1.2118016062962404e-05,9.449504450594202e-07,1.0788941193128001e-05,5.459851723818414e-07,5.676558178967799e-06,1.5805772958238864e-06
normal,jump_ewma,0.01,early,InitialKupiecGate,500,0.000797397894438628,1.3793669277711679e-06,0.014616137970271012,0.0002466112049813712,0.0007996598581955989,7.462267986959747e-06,0.015276190476190443,0.0004926414930905993,0.007153441646366561,0.00011568433397082867,4.356147503014106e-05,1.3793669277708115e-06,5.755976365416006e-07,5.145174820246461e-07,6.215796836901603e-06,7.634470046967688e-07,4.886721967067201e-06,1.0126089387772443e-06,-2.256610470930025e-07,1.5947444192565017e-06
normal,jump_ewma,0.01,early,PastSelectedRolling,500,0.000797623555485721,1.762328224026103e-06,0.011129845195034073,0.00023752158145214607,0.0007986774098186181,6.7745238083564925e-06,0.011257142857142832,0.0004117867688929263,0.008142815653421004,0.00020848413688768458,4.378713607723482e-05,1.7623282240257072e-06,8.012586836346029e-07,1.6755349596457686e-06,6.441457883994605e-06,1.5584523555360722e-06,5.112383014160203e-06,1.4985616535354672e-06,0.0,0.0
normal,jump_ewma,0.01,early,Raw,500,0.0007968222968020864,1.3181497184913048e-06,0.014945976800493872,0.00024192543359671166,0.0007995916475867352,7.616330550211898e-06,0.015638095238095208,0.0005033455886271291,0.006982192692525213,8.648838024756591e-05,4.2985877393600024e-05,1.31814971849092e-06,0.0,0.0,5.640199200360001e-06,5.821302669124292e-07,4.311124330525599e-06,8.817724479703277e-07,-8.012586836346029e-07,1.6755349596457686e-06
normal,jump_ewma,0.01,early,Rolling1000,500,0.000790710489826103,1.0525778752679656e-06,0.012336373711434156,0.00022011905342772366,0.0007932359574169232,6.967447604821709e-06,0.012399999999999972,0.00043537161056067015,0.007000159974828128,9.195210612361499e-05,3.6874070417617924e-05,1.0525778752677808e-06,-6.111806975983398e-06,6.500716920727584e-07,-4.7160777562339645e-07,3.339112345310784e-07,-1.8006826454577987e-06,4.933039833843756e-07,-6.913065659618001e-06,1.4896294232481258e-06
normal,jump_ewma,0.01,early,Rolling125,500,0.0008554561651566501,4.142496924398536e-06,0.005518563055900829,0.0002158274286615005,0.0008560959945049698,7.287709621701769e-06,0.005657142857142844,0.0002994029749780521,0.01632656677524456,0.0004894065258507875,0.00010161974574814697,4.142496924397734e-06,5.863386835456361e-05,4.424907304209119e-06,6.427406755492361e-05,4.23846413857718e-06,6.294499268508921e-05,4.114653369431589e-06,5.783260967092899e-05,3.998105754421416e-06
normal,jump_ewma,0.01,early,Rolling250,500,0.000807143440644629,1.638823329473931e-06,0.008192009873540606,0.00022563985873099967,0.0008091289213217503,6.097883255905427e-06,0.008323809523809504,0.0003510871915095463,0.010086698216872353,0.00021604600382921563,5.330702123613526e-05,1.6388233294732683e-06,1.0321143842542601e-05,1.8383189115804299e-06,1.5961343042902605e-05,1.6048635244637994e-06,1.4632268173068202e-05,1.3520567703934163e-06,9.519885158907996e-06,1.8252073552924394e-06
normal,jump_ewma,0.01,early,Rolling500,500,0.0007925111724715608,1.1601042403969783e-06,0.011392244483835717,0.00023210208915726947,0.0007954591197241789,6.749255858868151e-06,0.011390476190476164,0.00041807484971311746,0.0074335911228425484,0.0001069761831618475,3.867475306307473e-05,1.160104240396771e-06,-4.311124330525599e-06,8.817724479703277e-07,1.3290748698344021e-06,6.698315926167422e-07,0.0,0.0,-5.112383014160203e-06,1.4985616535354672e-06
normal,jump_ewma,0.01,early,Static-CP,500,0.0007911820976017264,1.0672428934133559e-06,0.012914334298273914,0.00022381784707158666,0.0007933046362400702,7.208959851334662e-06,0.013123809523809494,0.00047991974208491894,0.006910809564794948,8.778490461378853e-05,3.7345678193241985e-05,1.067242893413295e-06,-5.640199200360001e-06,5.821302669124292e-07,0.0,0.0,-1.3290748698344021e-06,6.698315926167422e-07,-6.441457883994605e-06,1.5584523555360722e-06
normal,jump_ewma,0.01,early,VolRolling250,500,0.0008486640473876193,3.108314857897843e-06,0.006173972287252104,0.00024022667331512828,0.0008485690406075334,6.220566428912444e-06,0.00630476190476189,0.00032350400703074443,0.015387638982087438,0.0003837480501904804,9.482762797911254e-05,3.1083148578968562e-06,5.1841750585532794e-05,3.339335721802983e-06,5.74819497858928e-05,3.1344023012523965e-06,5.61528749160584e-05,2.959603683417298e-06,5.1040491901898194e-05,3.0768366939872177e-06
normal,jump_ewma,0.01,early,VolRolling500,500,0.0008067392081696858,1.559914014302651e-06,0.009503245652745821,0.0002602726515368359,0.0008097095127487301,6.39597108669434e-06,0.009790476190476169,0.00040338927369195016,0.00966837363449236,0.00018437934517392582,5.29027887611972e-05,1.559914014302084e-06,9.916911367599399e-06,1.5688292975221511e-06,1.5557110567959404e-05,1.338905412375232e-06,1.4228035698125e-05,8.968821686092432e-07,9.115652683964799e-06,1.753535032102705e-06
normal,jump_ewma,0.01,late,DtACI500,500,0.0008124260037219327,8.32516789873036e-07,0.01188957686662272,0.00017935520313359127,0.000813444142378501,2.766013423084008e-06,0.011989006791608622,0.00011648122535307793,0.009323919986391782,8.696337453267701e-05,5.858958431344654e-05,8.325167898727573e-07,2.5910291245327e-05,7.739503864380144e-07,2.84907811195948e-05,7.732114511741719e-07,1.92144664009384e-05,5.288088073093637e-07,1.62860165696354e-05,1.0218197367427244e-06
normal,jump_ewma,0.01,late,InitialKupiecGate,500,0.0007871684591063918,4.814640243306812e-07,0.01286884245923398,0.00011095940911020371,0.0007884765485839648,2.9009702358487486e-06,0.013036,0.00020427644438716596,0.006568851049219363,5.203230088456101e-05,3.333203969790534e-05,4.814640243306363e-07,6.527466297860003e-07,2.6179601779269725e-07,3.233236504053802e-06,3.3217778218456536e-07,-6.043078214602602e-06,6.584264987516557e-07,-8.971528045905601e-06,9.941279169645081e-07
normal,jump_ewma,0.01,late,PastSelectedRolling,500,0.0007961399871522974,1.031842220540743e-06,0.009039565305777455,0.00013817768991951937,0.0007963105345938678,2.7367256572608664e-06,0.00916,0.00015140226316201868,0.008575627014955966,0.00013614206962917933,4.2303567743809015e-05,1.0318422205404994e-06,9.624274675691602e-06,1.0165411887733962e-06,1.2204764549959404e-05,1.0041167264582342e-06,2.928449831302999e-06,9.240659452167653e-07,0.0,0.0
normal,jump_ewma,0.01,late,Raw,500,0.0007865157124766058,4.184789525096906e-07,0.0131210077407035,0.00010004007017947616,0.000787360682026427,2.8925820910187986e-06,0.013328000000000001,0.00019978152395711986,0.006437547990075729,3.646062027277085e-05,3.267929306811945e-05,4.184789525096112e-07,0.0,0.0,2.5804898742678013e-06,2.335417617834463e-07,-6.695824844388602e-06,6.154713144488279e-07,-9.624274675691602e-06,1.0165411887733962e-06
normal,jump_ewma,0.01,late,Rolling1000,500,0.0007865929403414196,4.2241988337670074e-07,0.009471897195592535,0.00012509243634998703,0.0007864305090468106,2.509265316012914e-06,0.009652,0.00015661049036186166,0.007337852504182029,6.636468394700366e-05,3.2756520932934325e-05,4.2241988337665723e-07,7.722786481380155e-08,4.4538423403241885e-07,2.657717739081603e-06,3.931200927235268e-07,-6.6185969795748006e-06,4.1515202522550955e-07,-9.5470468108778e-06,9.355273808392631e-07
normal,jump_ewma,0.01,late,Rolling125,500,0.0008427651703341346,1.613052332338508e-06,0.00753273849127613,0.00013999774468633638,0.0008449479859597746,3.2757080525240184e-06,0.007692,0.00011653941337478699,0.014273689929203382,0.00019344975444431347,8.892875092563476e-05,1.6130523323376086e-06,5.6249457857528797e-05,1.635501369525058e-06,5.8829947731796594e-05,1.6004264612420766e-06,4.9553633013140195e-05,1.4983116541273874e-06,4.66251831818372e-05,1.5722333084833527e-06
normal,jump_ewma,0.01,late,Rolling250,500,0.0008122514085528138,1.0688443956962075e-06,0.007551827548885273,0.0001355665735957277,0.0008142704497764308,2.81149439753283e-06,0.007784000000000001,0.00011424882313255725,0.010963248607690296,0.0001477241631531143,5.841498914432475e-05,1.0688443956957794e-06,2.5735696076208002e-05,1.1029614419562175e-06,2.8316185950475803e-05,1.0583337792620745e-06,1.9039871231819397e-05,8.78103756741613e-07,1.6111421400516402e-05,1.0836610084807557e-06
normal,jump_ewma,0.01,late,Rolling500,500,0.0007932115373209945,6.130538954321726e-07,0.009557773440757675,0.00015516059317058828,0.0007940875690588545,2.6045515870513567e-06,0.009652,0.0001493801219763974,0.008124038453023352,8.650886474506868e-05,3.937511791250752e-05,6.13053895432114e-07,6.695824844388602e-06,6.154713144488279e-07,9.276314718656403e-06,5.759346085444596e-07,0.0,0.0,-2.928449831302999e-06,9.240659452167653e-07
normal,jump_ewma,0.01,late,Static-CP,500,0.000783935222602338,3.655722616915103e-07,0.01131143439791531,0.0001137369868602548,0.0007844868075421206,2.684827666906865e-06,0.011588000000000001,0.00019930870507792599,0.006547147778156069,4.013351801204892e-05,3.0098803193852884e-05,3.655722616915582e-07,-2.5804898742678013e-06,2.335417617834463e-07,0.0,0.0,-9.276314718656403e-06,5.759346085444596e-07,-1.2204764549959404e-05,1.0041167264582342e-06
normal,jump_ewma,0.01,late,VolRolling250,500,0.000821390166009037,1.2825964950771339e-06,0.007539532398285612,0.0001357472494411092,0.0008231207956821684,2.9966382242855255e-06,0.007684000000000001,0.00011271956085257605,0.012020656835973476,0.00016972234458217218,6.755374660054542e-05,1.2825964950766363e-06,3.48744535324312e-05,1.3018218991618802e-06,3.7454943406699e-05,1.2623277636301017e-06,2.8178628688042598e-05,1.0782277434639456e-06,2.5250178856739597e-05,1.2230977141827327e-06
normal,jump_ewma,0.01,late,VolRolling500,500,0.0007976961425886095,7.02763121068908e-07,0.009551146033795675,0.00015545585267698873,0.0007985078579721442,2.688493903269823e-06,0.009600000000000001,0.0001448100130507539,0.008699846005981648,0.0001013700989059606,4.3859723180124456e-05,7.027631210689003e-07,1.11804301120038e-05,6.87906498680281e-07,1.3760919986271599e-05,6.560772227007695e-07,4.484605267615198e-06,1.9194571297773072e-07,1.5561554363121987e-06,9.376176940636814e-07
normal,jump_ewma,0.01,middle,DtACI500,500,0.0008082368905401198,8.955723146515259e-07,0.010565976309029106,0.00017930681161609162,0.0008162351810807176,3.436446145888524e-06,0.011036482038395398,0.00013665573298539792,0.009433949410238654,0.00011796675425528367,5.440047113163418e-05,8.955723146513944e-07,2.1955994698503997e-05,8.294443798329711e-07,2.4147410473306398e-05,8.116942826539741e-07,1.5997457462495398e-05,4.990764416413209e-07,1.23076829771262e-05,1.143187018478221e-06
normal,jump_ewma,0.01,middle,InitialKupiecGate,500,0.0007876072861478887,6.735998813254947e-07,0.012720685232458298,0.00012695586671093828,0.0007978450363841709,3.601798785592476e-06,0.013285333333333302,0.000246207151106228,0.006674491581815292,7.896833469621945e-05,3.377086673940243e-05,6.735998813255172e-07,1.3263903062727994e-06,4.972104260800529e-07,3.5178060810751995e-06,5.314903309877815e-07,-4.6321469297357984e-06,8.266156733756511e-07,-8.321921415105001e-06,1.1028547326726303e-06
normal,jump_ewma,0.01,middle,PastSelectedRolling,500,0.0007959292075629936,1.1845031440922838e-06,0.00905936572313751,0.00014802123101628897,0.0008031640987160806,3.4626047196442892e-06,0.009621333333333303,0.00019272305032359222,0.008564202742215764,0.00016009243335425162,4.2092788154506316e-05,1.1845031440918781e-06,9.648311721377799e-06,1.191329435425798e-06,1.18397274961802e-05,1.1581800199789103e-06,3.689774485369202e-06,1.1012628134166183e-06,0.0,0.0
normal,jump_ewma,0.01,middle,Raw,500,0.0007862808958416158,4.927091951787787e-07,0.012964395553164301,0.00011646890593285396,0.000796290830632655,3.5981178654366377e-06,0.013541333333333303,0.00024112601583201675,0.006458713089441849,4.600285143317396e-05,3.244447643312996e-05,4.927091951788421e-07,0.0,0.0,2.1914157748024e-06,2.5711456993328097e-07,-5.958537236008598e-06,7.219074565350531e-07,-9.648311721377799e-06,1.191329435425798e-06
normal,jump_ewma,0.01,middle,Rolling1000,500,0.0007848257791202449,4.463309840720023e-07,0.0101975650631523,0.00012199548968655457,0.0007931067210923409,3.256818635182293e-06,0.0107413333333333,0.00020043918823624797,0.006925298945249317,6.18058245000511e-05,3.098935971175954e-05,4.4633098407207665e-07,-1.4551167213708018e-06,3.4625195139998564e-07,7.362990534315982e-07,2.618998754414186e-07,-7.4136539573794e-06,5.205357635088866e-07,-1.11034284427486e-05,1.1039987052870173e-06
normal,jump_ewma,0.01,middle,Rolling125,500,0.0008485370491432562,2.0580029640639186e-06,0.007177796957990843,0.00016729763586800057,0.0008514819462064109,4.151038428556509e-06,0.007418666666666633,0.00014137290380122965,0.015009579947608315,0.0002443776132207673,9.470062973475361e-05,2.0580029640630004e-06,6.225615330164039e-05,2.093925650519261e-06,6.44475690764428e-05,2.0456219728258813e-06,5.62976160656318e-05,1.818494786109449e-06,5.26078415802626e-05,1.9128448763449583e-06
normal,jump_ewma,0.01,middle,Rolling250,500,0.0008170379083228655,1.4015868764890587e-06,0.006729407326296457,0.00014759699911638977,0.0008219049646072623,3.441765922130216e-06,0.007087999999999969,0.00014586584063689206,0.011765379870085628,0.00019057120229144144,6.32014889143754e-05,1.4015868764884192e-06,3.07570124812498e-05,1.4626951686568912e-06,3.29484282560522e-05,1.3958306220211137e-06,2.4798475245241203e-05,1.0595624788816807e-06,2.1108700759872e-05,1.3130375953432335e-06
normal,jump_ewma,0.01,middle,Rolling500,500,0.0007922394330776244,7.209510381117164e-07,0.008801433674751714,0.00014596207365104332,0.0007990867152867385,3.2059558159288595e-06,0.009231999999999968,0.0001749813642779654,0.008220411600828675,0.00010910358294233626,3.8403013669140857e-05,7.209510381115894e-07,5.958537236008598e-06,7.219074565350531e-07,8.149953010810998e-06,6.605209835717289e-07,0.0,0.0,-3.689774485369202e-06,1.1012628134166183e-06
normal,jump_ewma,0.01,middle,Static-CP,500,0.0007840894800668133,4.353248230143195e-07,0.011185838069787835,0.00012575552859129662,0.0007931998952991213,3.3887989835323046e-06,0.011770666666666634,0.00023094331644062558,0.006606853299381534,5.2061150716899534e-05,3.0253060658328607e-05,4.353248230143762e-07,-2.1914157748024e-06,2.5711456993328097e-07,0.0,0.0,-8.149953010810998e-06,6.605209835717289e-07,-1.18397274961802e-05,1.1581800199789103e-06
normal,jump_ewma,0.01,middle,VolRolling250,500,0.0008350701440966444,1.8613847848818222e-06,0.006391309324809178,0.00014658743880143404,0.0008401648828383288,3.6777761943932274e-06,0.006783999999999968,0.0001467923916103679,0.01389069137638996,0.00023611899254102024,8.123372468814494e-05,1.8613847848809843e-06,4.8789248255028605e-05,1.9123393863156738e-06,5.0980664029830996e-05,1.8537241764701327e-06,4.283071101902001e-05,1.4626213951739382e-06,3.91409365336508e-05,1.6639104543999343e-06
normal,jump_ewma,0.01,middle,VolRolling500,500,0.0008059701180296237,1.1930535574277483e-06,0.00785863785771601,0.00016284666081951225,0.000811849308029946,3.2751450022180112e-06,0.008287999999999969,0.00017707732863409686,0.01015232668266263,0.00016928047088197147,5.213369862113365e-05,1.193053557427408e-06,1.9689222188007797e-05,1.218669201295321e-06,2.1880637962810198e-05,1.1589304662245169e-06,1.3730684951999198e-05,6.410278606871872e-07,1.0040910466629996e-05,1.3342761153298337e-06
normal,jump_ewma,0.01,post,DtACI500,500,0.000816382790210467,6.416583495552511e-07,0.012097615761790699,0.0001317166173165126,0.0008192559841117588,2.1830692895980664e-06,0.012347805886565234,5.766856167976653e-05,0.009423671913921749,7.305711167111969e-05,6.254637080198162e-05,6.416583495550769e-07,2.0392262220911397e-05,5.765864512648086e-07,2.4541259764901796e-05,5.73761807406093e-07,1.7019741143792203e-05,3.5635546984955925e-07,1.37889055608612e-05,8.536822842612296e-07
normal,jump_ewma,0.01,post,InitialKupiecGate,500,0.0007967335963490605,4.885712870146039e-07,0.013862952469962577,9.103092885052104e-05,0.0008004522056639028,2.266638222702804e-06,0.014214000000000003,0.00015913219067246082,0.0069047895374447,5.227751418322875e-05,4.2897176940577146e-05,4.885712870145279e-07,7.430683595047998e-07,2.737284561441273e-07,4.8920659034952015e-06,3.473646934502642e-07,-2.6294527176143986e-06,5.096508020479448e-07,-5.860288300545399e-06,8.384203875954758e-07
normal,jump_ewma,0.01,post,PastSelectedRolling,500,0.0008025938846496058,9.23031687258643e-07,0.010043617633126303,0.00011390920968468484,0.0008046479521829226,2.260509429793518e-06,0.010292,0.00010316374128069445,0.00868305010284582,0.00012126927055460084,4.875746524111897e-05,9.230316872583518e-07,6.603356660050199e-06,8.720222062609968e-07,1.0752354204040601e-05,8.76923154545264e-07,3.2308355829310008e-06,8.226760011202523e-07,0.0,0.0
normal,jump_ewma,0.01,post,Raw,500,0.0007959905279895556,3.983528948160118e-07,0.014130980796583677,7.523894910896636e-05,0.0007994228484561328,2.2591839644548933e-06,0.014508000000000004,0.0001496953218332407,0.006743469291746932,2.7666479193286352e-05,4.2154108581072685e-05,3.983528948160276e-07,0.0,0.0,4.148997543990402e-06,2.2154058191537847e-07,-3.3725210771191983e-06,4.5282509596905763e-07,-6.603356660050199e-06,8.720222062609968e-07
normal,jump_ewma,0.01,post,Rolling1000,500,0.0007933477204369359,3.754285413604214e-07,0.010863332836404645,9.844790062124958e-05,0.0007956500674516932,2.0390604227208393e-06,0.01114,9.492534773856019e-05,0.007337541265454991,4.557292506950375e-05,3.9511301028450155e-05,3.754285413604356e-07,-2.642807552619601e-06,2.836374259130779e-07,1.5061899913708008e-06,2.55116011059226e-07,-6.015328629738799e-06,2.9575643188144156e-07,-9.2461642126698e-06,8.242375095641686e-07
normal,jump_ewma,0.01,post,Rolling125,500,0.0008501137209034175,1.2855832634007255e-06,0.007758059950631235,0.00010361907129726296,0.000851380531706992,2.602233982898341e-06,0.007918,8.03708339006369e-05,0.014795012939974357,0.00015200701806948944,9.627730149491149e-05,1.2855832633998794e-06,5.4123192913862e-05,1.3042454648063609e-06,5.82721904578524e-05,1.2861137888305735e-06,5.07506718367428e-05,1.151781756417892e-06,4.75198362538118e-05,1.28561208041804e-06
normal,jump_ewma,0.01,post,Rolling250,500,0.0008182705196982878,8.626734757146411e-07,0.007982707518710896,0.00010188996786203749,0.0008204013063088773,2.2203301559019533e-06,0.008242000000000001,7.591045246596264e-05,0.0112512067303163,0.00011693610282183966,6.443410028980012e-05,8.626734757142302e-07,2.2279991708732198e-05,8.808439598436752e-07,2.64289892527226e-05,8.479517225268923e-07,1.8907470631613e-05,6.590343775541955e-07,1.5676635048682e-05,9.283284395255635e-07
normal,jump_ewma,0.01,post,Rolling500,500,0.0007993630490666748,5.122190241571608e-07,0.010252398520665312,0.0001133535725307371,0.0008016496656535337,2.093360392404761e-06,0.010446000000000002,8.15565505761724e-05,0.008254121715655668,6.864024944914692e-05,4.552662965819025e-05,5.122190241570822e-07,3.3725210771191983e-06,4.5282509596905763e-07,7.5215186211096e-06,4.31895931381021e-07,0.0,0.0,-3.2308355829310008e-06,8.226760011202523e-07
normal,jump_ewma,0.01,post,Static-CP,500,0.0007918415304455652,3.740405337104483e-07,0.012223278435642701,0.00010111152857874143,0.0007947958908990987,2.124957103754448e-06,0.012576000000000002,0.0001596101462864914,0.006816059914461895,3.0284025471461854e-05,3.8005111037078444e-05,3.740405337104722e-07,-4.148997543990402e-06,2.2154058191537847e-07,0.0,0.0,-7.5215186211096e-06,4.31895931381021e-07,-1.0752354204040601e-05,8.76923154545264e-07
normal,jump_ewma,0.01,post,VolRolling250,500,0.0008337653847769945,1.149820093826778e-06,0.0075588228947684535,0.00010380453729977861,0.0008356336449744548,2.3968485516783253e-06,0.007790000000000001,7.471924739893814e-05,0.01314808576499646,0.00014791006133353345,7.992896536849941e-05,1.1498200938259631e-06,3.7774856787439e-05,1.1615523217990417e-06,4.1923854331429404e-05,1.12916321286642e-06,3.440233571031979e-05,9.38969940691269e-07,3.11715001273888e-05,1.141419196777165e-06
normal,jump_ewma,0.01,post,VolRolling500,500,0.000807959136911591,6.942745812304664e-07,0.009644603646232604,0.00012239749572753617,0.0008098013712860091,2.1834183943295027e-06,0.009852,8.472631880470432e-05,0.009494904083542678,9.7325839636225e-05,5.4122717503107256e-05,6.942745812303753e-07,1.19686089220354e-05,6.512811758757768e-07,1.61176064660258e-05,6.305930461822735e-07,8.596087844916202e-06,3.199055445824549e-07,5.3652522619852014e-06,9.008414619338882e-07
normal,jump_ewma,0.01,pre,DtACI500,500,0.000409587479238115,6.245837276364461e-07,0.013280064298709088,0.0002542720106971925,0.0004100589248973842,2.237032699751378e-06,0.013064563775775166,0.00019380911253478477,0.004720859743288529,5.093866798298196e-05,3.266926953389793e-05,6.245837276364254e-07,1.61331068929778e-05,4.6983291549776516e-07,1.57603448269086e-05,5.442357157404282e-07,1.2253700758289798e-05,4.44910805427549e-07,1.0498207701651398e-05,7.165049737018938e-07
normal,jump_ewma,0.01,pre,InitialKupiecGate,500,0.00039434907014599416,4.748192440883805e-07,0.012843776632136794,0.00015591230312641323,0.0003961263259400762,2.2897972927142394e-06,0.012784,0.0002969225724461785,0.003358658557220588,5.000853636767015e-05,1.7430860441775407e-05,4.7481924408830003e-07,8.946978008570002e-07,3.406578123773803e-07,5.219357347878011e-07,4.473457345247383e-07,-2.9847083338310003e-06,4.897810172263993e-07,-4.7402013904693995e-06,5.398532725444816e-07
normal,jump_ewma,0.01,pre,PastSelectedRolling,500,0.00039908927153646355,6.641198499664637e-07,0.009530610324797614,0.00019653683846112928,0.0004010599822645574,2.1478744828583957e-06,0.009624000000000002,0.00024455031734886556,0.004323923764000271,8.306274057918753e-05,2.2171061832246996e-05,6.641198499665296e-07,5.6348991913264e-06,6.248928816983058e-07,5.262137125257201e-06,5.809412490598952e-07,1.7554930566383998e-06,5.721367773700605e-07,0.0,0.0
normal,jump_ewma,0.01,pre,Raw,500,0.0003934543723451372,3.3958897758896846e-07,0.013012074728338159,0.00014659708348676784,0.00039513135471019645,2.2510040832339956e-06,0.012976000000000001,0.0002966459938906689,0.0032349342511240834,2.80732847674696e-05,1.653616264091893e-05,3.395889775889032e-07,0.0,0.0,-3.7276206606919914e-07,3.031843821228424e-07,-3.879406134688e-06,3.7478841480328947e-07,-5.6348991913264e-06,6.248928816983058e-07
normal,jump_ewma,0.01,pre,Rolling1000,500,0.0003942047994697012,3.64673760411207e-07,0.009926483106265177,0.00017376804419105127,0.00039555965615159863,2.0343721538947565e-06,0.009920000000000002,0.0002502808042218257,0.003693279914918373,4.449522643291744e-05,1.7286589765483723e-05,3.646737604112149e-07,7.504271245639991e-07,2.933004364455014e-07,3.7766505849479995e-07,1.2912955318101116e-07,-3.128979010124001e-06,2.682802080189601e-07,-4.884472066762401e-06,5.656017092522988e-07
normal,jump_ewma,0.01,pre,Rolling125,500,0.00042331139650811475,1.2064792985621117e-06,0.0077573474144371525,0.00022221275261030763,0.00042317703456603477,2.550093215977513e-06,0.00784,0.00018491399723316105,0.00731333464201048,0.0001461664514537068,4.6393186803894965e-05,1.2064792985618229e-06,2.9857024162977597e-05,1.2019841816114119e-06,2.9484262096908404e-05,1.1906934745257634e-06,2.59776180282896e-05,1.1389988261361965e-06,2.42221249716512e-05,1.1200799853704605e-06
normal,jump_ewma,0.01,pre,Rolling250,500,0.00040792715549213375,7.816545316416885e-07,0.007780641086055098,0.00020961292987806032,0.00040960726804642055,2.182660177336772e-06,0.0078000000000000005,0.00019999999999999996,0.005630849967254073,0.00010445962554698682,3.100894578791473e-05,7.816545316416422e-07,1.4472783146996598e-05,7.776405890572706e-07,1.4100021080927401e-05,7.398712058093298e-07,1.05933770123086e-05,6.641942653021749e-07,8.837883955670199e-06,7.733480295795346e-07
normal,jump_ewma,0.01,pre,Rolling500,500,0.0003973337784798252,4.323136215415228e-07,0.00993817985518947,0.00020281749413322196,0.0003986252618732954,2.059653303899539e-06,0.009792000000000002,0.0002449519849886908,0.004067607219847784,5.533958893017729e-05,2.0415568775606078e-05,4.3231362154163314e-07,3.879406134688e-06,3.7478841480328947e-07,3.5066440686188014e-06,3.062838214829417e-07,0.0,0.0,-1.7554930566383998e-06,5.721367773700605e-07
normal,jump_ewma,0.01,pre,Static-CP,500,0.0003938271344112064,3.614751987543603e-07,0.009861849991945814,0.00017919834823648957,0.0003950863060307572,2.0062384296003493e-06,0.009784000000000003,0.00027572947155312565,0.0036514656353336507,4.496642847881313e-05,1.690892470698912e-05,3.61475198754406e-07,3.7276206606919914e-07,3.031843821228424e-07,0.0,0.0,-3.5066440686188014e-06,3.062838214829417e-07,-5.262137125257201e-06,5.809412490598952e-07
normal,jump_ewma,0.01,pre,VolRolling250,500,0.00041263287128638306,9.398554564140789e-07,0.007759761415527998,0.0002088267312432615,0.000414278981403298,2.323880349552102e-06,0.007736000000000001,0.00019856349847303684,0.0061751712378261756,0.00012090662675467642,3.571466158216606e-05,9.398554564140496e-07,1.91784989412458e-05,9.277042727806522e-07,1.88057368751766e-05,8.89449459256577e-07,1.52990928065578e-05,8.138430927227765e-07,1.3543599749919401e-05,9.019120321039832e-07
normal,jump_ewma,0.01,pre,VolRolling500,500,0.00039946372741453564,4.768711683699764e-07,0.009885646810549889,0.00020420039189318647,0.00040069090345498437,2.0940571257129343e-06,0.009664,0.0002454520348312591,0.004352160743950202,6.452829699980432e-05,2.2545517710319213e-05,4.768711683699867e-07,6.009355069398399e-06,4.2945007645709115e-07,5.6365930033292e-06,3.426971842286438e-07,2.129948934710399e-06,1.1754675939573677e-07,3.7445587807199934e-07,5.825698305445716e-07
normal,jump_ewma,0.05,acute,DtACI500,500,0.0034195102407659555,1.293590001226236e-05,0.11103652536906188,0.0014212250275955321,0.00337875121672021,4.953599427631257e-05,0.11397683538228319,0.0024850870264242,0.011856517614429577,0.00017208532322611408,0.0005023938131082705,1.2935900012262346e-05,-7.52407524639122e-05,5.877864128728115e-06,-2.8573828630450388e-05,6.243821849078706e-06,-1.98726855540364e-05,4.077274500414727e-06,-1.5953413829208997e-05,5.016248943131407e-06
normal,jump_ewma,0.05,acute,InitialKupiecGate,500,0.003489713023668788,1.268179045162457e-05,0.12344011269941597,0.001304993159513407,0.0034650266367091814,5.263164724703459e-05,0.1272,0.002925309363082729,0.012979744682775764,0.00017836146930384585,0.0005725965960111015,1.2681790451624575e-05,-5.037969561078801e-06,1.29095559634584e-06,4.1628954272383005e-05,2.910426870401709e-06,5.033009734879699e-05,3.7591073528761833e-06,5.4249369073624407e-05,3.756113230277845e-06
normal,jump_ewma,0.05,acute,PastSelectedRolling,500,0.0034354636545951642,1.2264222645336776e-05,0.11745574807335299,0.0013073605394852048,0.003409296540844415,5.136371734592343e-05,0.12140000000000001,0.0028671451030745144,0.012233711916078789,0.00017603978446410428,0.0005183472269374796,1.2264222645336763e-05,-5.92873386347032e-05,3.831388186411218e-06,-1.2620414801241393e-05,3.738567078638401e-06,-3.919271724827407e-06,3.0951383289405627e-06,0.0,0.0
normal,jump_ewma,0.05,acute,Raw,500,0.003494750993229867,1.2592319949552484e-05,0.12406685052458499,0.001289562160336232,0.0034713735114119126,5.271090809918725e-05,0.1276,0.0029246516329895934,0.013064507853415336,0.00017632521465608494,0.0005776345655721801,1.2592319949552476e-05,0.0,0.0,4.666692383346181e-05,2.7372555556206603e-06,5.5368066909875795e-05,3.7169006822627425e-06,5.92873386347032e-05,3.831388186411218e-06
normal,jump_ewma,0.05,acute,Rolling1000,500,0.003444554302389469,1.2048574811196692e-05,0.11892186141833648,0.0012745962400694448,0.0034202063632399185,5.161919696290552e-05,0.1231,0.0028808642379527408,0.012404899342323668,0.0001740527239108731,0.0005274378747317853,1.2048574811196688e-05,-5.0196690840398e-05,2.6713620215065568e-06,-3.5297670069361997e-06,1.9732078012386776e-06,5.171376069477786e-06,2.8004406696202856e-06,9.090647794305193e-06,2.747473702392935e-06
normal,jump_ewma,0.05,acute,Rolling125,500,0.0033869771011158026,1.3112893235032975e-05,0.10928266785841663,0.0014518520796679363,0.0033374311260901952,4.8692321469356025e-05,0.11259999999999999,0.0026714702893751276,0.011403904731406431,0.0001816615479921808,0.00046986067345811735,1.3112893235032873e-05,-0.0001077738921140644,7.206601489669149e-06,-6.110696828060258e-05,7.450289709930893e-06,-5.24058252041886e-05,6.200118427641062e-06,-4.848655347936119e-05,6.199238640275021e-06
normal,jump_ewma,0.05,acute,Rolling250,500,0.0034090743522823576,1.2465717287297861e-05,0.11382817399427081,0.001348877123404421,0.0033768550307292236,5.041667589372532e-05,0.11730000000000002,0.0027470917396497886,0.0117824366134681,0.00017872733746549543,0.0004919579246246733,1.246571728729785e-05,-8.567664094750942e-05,4.832101878554089e-06,-3.90097171140476e-05,5.433361245187532e-06,-3.0308574037633608e-05,3.507836749726921e-06,-2.63893023128062e-05,3.902468196228398e-06
normal,jump_ewma,0.05,acute,Rolling500,500,0.0034393829263199916,1.2463455062386774e-05,0.1179257530807422,0.0013112971549630943,0.003410311998844832,5.147923042041146e-05,0.12120000000000002,0.002856122348524215,0.012269229104675743,0.00017781907758516503,0.000522266498662308,1.2463455062386676e-05,-5.5368066909875795e-05,3.7169006822627425e-06,-8.701143076413986e-06,3.84032505063363e-06,0.0,0.0,3.919271724827407e-06,3.0951383289405627e-06
normal,jump_ewma,0.05,acute,Static-CP,500,0.0034480840693964054,1.1965316455248045e-05,0.11951029955213485,0.0012672532392323205,0.0034237407562229417,5.172731126683716e-05,0.12310000000000001,0.0029462077795975494,0.012484827029338102,0.00017359507537497142,0.000530967641738722,1.1965316455248028e-05,-4.666692383346181e-05,2.7372555556206603e-06,0.0,0.0,8.701143076413986e-06,3.84032505063363e-06,1.2620414801241393e-05,3.738567078638401e-06
normal,jump_ewma,0.05,acute,VolRolling250,500,0.0033956814986263704,1.2569776968921028e-05,0.10965346917642577,0.0014458441323246002,0.0033595174560728373,4.9773581133315534e-05,0.1124,0.002703163736878836,0.011572332112299086,0.00017786999357660317,0.0004785650709686846,1.2569776968920931e-05,-9.906949460349679e-05,5.8615519252620075e-06,-5.240257077003499e-05,6.300988420291395e-06,-4.370142769362101e-05,4.318049617521533e-06,-3.97821559687936e-05,4.661906491736464e-06
normal,jump_ewma,0.05,acute,VolRolling500,500,0.003427993432801566,1.2587029706243304e-05,0.1153481112038445,0.001372471622676133,0.0033962152863493103,5.103085132950202e-05,0.11810000000000001,0.0028267935055546756,0.012033467865921478,0.00018001271272211468,0.0005108770051438807,1.2587029706243186e-05,-6.6757560428301e-05,4.5221480640272306e-06,-2.0090636594839186e-05,4.465601027112102e-06,-1.1389493518425203e-05,1.0273814815161263e-06,-7.470221793597796e-06,3.5199365052121366e-06
normal,jump_ewma,0.05,early,DtACI500,500,0.0030204238895789803,2.344474992485475e-06,0.05011193588861169,0.0005842505299125763,0.0030356985844373573,1.576541345246457e-05,0.05004901285084087,0.0006620882160726171,0.006170943679067664,8.392809633327759e-05,0.00010330746192132331,2.3444749924846224e-06,2.9340008099902212e-05,2.016135078446668e-06,3.32084822028328e-05,1.8934396132655454e-06,3.18547039838402e-05,1.483615203198248e-06,2.8873462326121603e-05,1.6882935302331645e-06
normal,jump_ewma,0.05,early,InitialKupiecGate,500,0.002991390348030575,1.944535645786461e-06,0.05805960468121012,0.0005448576884710118,0.0030067676161562745,1.6107964621346e-05,0.0573333333333333,0.0008811619128568941,0.004965661613244085,6.240559722244555e-05,7.42739203729306e-05,1.9445356457857795e-06,3.064665514969983e-07,4.505688312620007e-07,4.1749406544275915e-06,6.777221285586463e-07,2.8211624354349912e-06,9.657414181305954e-07,-1.6007922228360693e-07,1.086375941324203e-06
normal,jump_ewma,0.05,early,PastSelectedRolling,500,0.0029915504272528585,1.944110144180947e-06,0.053358873370203855,0.0005667351783959646,0.0030094122695068642,1.5814832161655913e-05,0.05285714285714282,0.0008475033455194913,0.005118043415290139,7.21937941743678e-05,7.44339995952144e-05,1.9441101441802356e-06,4.665457737806052e-07,1.1760222483550394e-06,4.335019876711198e-06,1.0634210741981122e-06,2.9812416577185984e-06,9.503805739988696e-07,0.0,0.0
normal,jump_ewma,0.05,early,Raw,500,0.002991083881479078,1.9313439674362393e-06,0.058561290679232415,0.0005337507509569853,0.0030062849609786956,1.613638921228469e-05,0.057828571428571396,0.0008727899258516144,0.004936787443756361,6.115195733485092e-05,7.396745382143333e-05,1.9313439674355286e-06,0.0,0.0,3.868474102930593e-06,5.606212746301241e-07,2.514695883937993e-06,9.050979938792764e-07,-4.665457737806052e-07,1.1760222483550394e-06
normal,jump_ewma,0.05,early,Rolling1000,500,0.0029872032269502007,1.8001120264432914e-06,0.05500874400932612,0.0005271072448024314,0.0030038728979522064,1.587401607160641e-05,0.05438095238095234,0.0008434615521333779,0.004903995049018764,6.285265587323448e-05,7.00867992925611e-05,1.8001120264425513e-06,-3.8806545288767945e-06,6.176340044778879e-07,-1.2180425946201577e-08,4.0415560423625996e-07,-1.3659586449388016e-06,5.296505581092549e-07,-4.3472003026574e-06,9.360582415076473e-07
normal,jump_ewma,0.05,early,Rolling125,500,0.0030332044961368853,3.3481411995338737e-06,0.04277881772973307,0.0006318643895688599,0.0030502485785961512,1.572196764167746e-05,0.04335238095238091,0.000682589821585251,0.006946994718103356,0.0001267726315401735,0.00011608806847922663,3.34814119953303e-06,4.212061465780741e-05,3.3968946847682655e-06,4.5989088760738e-05,3.2167563649704566e-06,4.46353105417454e-05,2.9515610261779948e-06,4.16540688840268e-05,2.9468088318569393e-06
normal,jump_ewma,0.05,early,Rolling250,500,0.002996431268212763,2.069641524872778e-06,0.049708268052176575,0.0005661101895336801,0.003011156888270902,1.552485581020373e-05,0.049599999999999964,0.0007660845365009516,0.00541301741316906,8.0240360439391e-05,7.931484055511761e-05,2.069641524871963e-06,5.347386733685205e-06,1.6584810481995095e-06,9.215860836615797e-06,1.5090176047091586e-06,7.862082617623199e-06,1.0801395248534565e-06,4.8808409599046e-06,1.3330732729104088e-06
normal,jump_ewma,0.05,early,Rolling500,500,0.0029885691855951403,1.83193914035145e-06,0.05376439607798872,0.0005376965223213,0.003005709749849089,1.580741204910917e-05,0.05342857142857139,0.0008378397098073645,0.004989451566027221,6.560647616493754e-05,7.145275793749743e-05,1.8319391403507287e-06,-2.514695883937993e-06,9.050979938792764e-07,1.3537782189926e-06,8.020441282093594e-07,0.0,0.0,-2.9812416577185984e-06,9.503805739988696e-07
normal,jump_ewma,0.05,early,Static-CP,500,0.002987215407376147,1.8364567642828861e-06,0.055963268929721866,0.0005314057773306242,0.003004333771450181,1.5956575687254284e-05,0.05546666666666664,0.0008780025822504691,0.004871474204460597,6.215277596354201e-05,7.009897971850383e-05,1.8364567642823076e-06,-3.868474102930593e-06,5.606212746301241e-07,0.0,0.0,-1.3537782189926e-06,8.020441282093594e-07,-4.335019876711198e-06,1.0634210741981122e-06
normal,jump_ewma,0.05,early,VolRolling250,500,0.003031056523554538,3.486503812593569e-06,0.04473030179656975,0.000649013427273467,0.003042437804169169,1.5461622079052302e-05,0.04487619047619044,0.0007792957461424637,0.006768120007561245,0.00012788650509401987,0.00011394009589688203,3.4865038125927925e-06,3.997264207545979e-05,3.405564903803306e-06,4.384111617839038e-05,3.234718917630997e-06,4.248733795939778e-05,2.865439792912477e-06,3.950609630167919e-05,2.9316163342160842e-06
normal,jump_ewma,0.05,early,VolRolling500,500,0.0030022515135065373,2.3323081586429012e-06,0.05030650039777439,0.0005990371107565955,0.0030189942561839305,1.5651501766479166e-05,0.04986666666666663,0.0008236618163352946,0.005598608270088097,8.74716199785547e-05,8.513508584888539e-05,2.332308158642179e-06,1.116763202745921e-05,1.820256240412804e-06,1.5036106130389804e-05,1.6428082999904122e-06,1.3682327911397202e-05,1.0740261871953203e-06,1.0701086253678604e-05,1.5215345124450555e-06
normal,jump_ewma,0.05,late,DtACI500,500,0.003026963311580672,1.3006171007027414e-06,0.050490097180044304,0.00039860403621987367,0.003028310859477827,6.620953421145227e-06,0.05085423730777441,0.00020409030860757486,0.006323678050624145,4.516114127376955e-05,0.00010984688392301052,1.3006171007018575e-06,5.0223636906747404e-05,1.1279810048939662e-06,5.185020706468081e-05,1.1001131811875675e-06,3.95443002743302e-05,7.554872674658534e-07,4.0475942403507006e-05,1.110726592489596e-06
normal,jump_ewma,0.05,late,InitialKupiecGate,500,0.002977570868401996,7.042887057293979e-07,0.05456723070354596,0.00024660428999927973,0.0029773387762801586,6.597329947483261e-06,0.05473200000000002,0.0003747121166184533,0.0045946822449353525,2.7621540827815192e-05,6.045444074435866e-05,7.042887057292593e-07,8.31193728071001e-07,2.822718348940099e-07,2.4577638860044165e-06,3.5647537528965136e-07,-9.848142904346191e-06,7.73122767715686e-07,-8.91650077516939e-06,8.850386406004718e-07
normal,jump_ewma,0.05,late,PastSelectedRolling,500,0.0029864873691771657,1.0758326960971095e-06,0.04926750817591557,0.0003285815229731201,0.002986625138717244,6.464897722479532e-06,0.04950800000000001,0.00031958745952958976,0.005066488843205835,4.3243733617614254e-05,6.937094151952347e-05,1.0758326960965482e-06,9.747694503240392e-06,9.128340574893566e-07,1.1374264661173805e-05,8.820269497653268e-07,-9.316421291768011e-07,8.262634359414881e-07,0.0,0.0
normal,jump_ewma,0.05,late,Raw,500,0.002976739674673925,6.676746637089981e-07,0.0548463508419736,0.00023649040448184253,0.0029761608548483716,6.586035256040379e-06,0.05502400000000001,0.00036977874552397217,0.004551694214914439,2.5779628303137702e-05,5.962324701628799e-05,6.676746637089157e-07,0.0,0.0,1.6265701579334154e-06,2.5191955486243727e-07,-1.0679336632417192e-05,7.387524726290669e-07,-9.747694503240392e-06,9.128340574893566e-07
normal,jump_ewma,0.05,late,Rolling1000,500,0.002978732011599984,7.341490998357286e-07,0.0494157656191166,0.0002969887962189779,0.0029786819189190706,6.388424771908814e-06,0.049516000000000004,0.00034536073325168904,0.004772687113499701,3.141605520322048e-05,6.161558394234814e-05,7.341490998355887e-07,1.992336926059387e-06,5.057787284858892e-07,3.6189070839928024e-06,4.51890598111128e-07,-8.686999706357804e-06,4.852653937569611e-07,-7.755357577181004e-06,7.48570199767325e-07
normal,jump_ewma,0.05,late,Rolling125,500,0.003032177217786572,1.6825467026295087e-06,0.047401362613002006,0.0003768944613032068,0.0030323394639774747,6.810979614797381e-06,0.047776000000000006,0.00021724188378888703,0.006709954596187426,5.902957577766996e-05,0.00011506079012890582,1.6825467026287032e-06,5.54375431126468e-05,1.5548645673172776e-06,5.706411327058023e-05,1.5087364339597489e-06,4.4758206480229616e-05,1.3444610051306062e-06,4.5689848609406415e-05,1.4517112041276995e-06
normal,jump_ewma,0.05,late,Rolling250,500,0.0030015289890402185,1.1854399717371683e-06,0.047521341122264,0.0003685520395000544,0.0030023070456564847,6.509743629332834e-06,0.04799200000000001,0.00022924436297521434,0.005693534475818244,4.846222706531691e-05,8.441256138257289e-05,1.1854399717364066e-06,2.478931436629359e-05,1.061755644571435e-06,2.6415884524227006e-05,1.0061224857439297e-06,1.4109977733876397e-05,7.309827392113047e-07,1.5041619863053199e-05,1.0277215575558223e-06
normal,jump_ewma,0.05,late,Rolling500,500,0.002987419011306342,9.112803667247378e-07,0.049640094366462724,0.00036448810274802,0.0029877967255716527,6.4524288922061225e-06,0.049872,0.00030171060733948736,0.00511032482730225,3.783728297274221e-05,7.030258364870192e-05,9.112803667243207e-07,1.0679336632417192e-05,7.387524726290669e-07,1.2305906790350607e-05,6.911102059324005e-07,0.0,0.0,9.316421291768011e-07,8.262634359414881e-07
normal,jump_ewma,0.05,late,Static-CP,500,0.0029751131045159915,6.313018127643134e-07,0.05236529523753713,0.00025136241952939986,0.002974380017222698,6.4865262742896335e-06,0.052408,0.00037801701778023553,0.004552346929550646,2.64136974853449e-05,5.799667685835773e-05,6.313018127642362e-07,-1.6265701579334154e-06,2.5191955486243727e-07,0.0,0.0,-1.2305906790350607e-05,6.911102059324005e-07,-1.1374264661173805e-05,8.820269497653268e-07
normal,jump_ewma,0.05,late,VolRolling250,500,0.003008386416197994,1.3365881925874595e-06,0.04738513600530676,0.00036745945622156383,0.0030093979028249945,6.608427855239736e-06,0.047768,0.00022753438375679218,0.0059418761589152425,5.3281925840859694e-05,9.126998854034108e-05,1.3365881925865815e-06,3.1646741524069397e-05,1.1906552041589474e-06,3.327331168200281e-05,1.1390793421068338e-06,2.0967404891652203e-05,8.708718062214672e-07,2.1899047020829004e-05,1.1345268089530317e-06
normal,jump_ewma,0.05,late,VolRolling500,500,0.002991793651755683,9.913210750591102e-07,0.049561460219658925,0.0003638918065654447,0.0029923588433686302,6.5327781946491735e-06,0.04974800000000001,0.0003025360277656074,0.005285653593692706,4.1477830324492325e-05,7.467722409804145e-05,9.913210750584714e-07,1.5053977081757996e-05,8.067698412243293e-07,1.668054723969141e-05,7.62925454737069e-07,4.374640449340805e-06,2.399123194236704e-07,5.306282578517606e-06,8.622952385087863e-07
normal,jump_ewma,0.05,middle,DtACI500,500,0.0030220658815874697,1.5177357203771872e-06,0.04811453053815331,0.0004258611829080585,0.003036836168797074,7.846335506353254e-06,0.04868365494027378,0.00026336915488134105,0.006278507523622369,5.749930947695739e-05,0.00010494945392981037,1.5177357203764217e-06,4.5220139361563404e-05,1.3146704010837607e-06,4.62533807921628e-05,1.2764156424958929e-06,3.78990383305584e-05,8.633542760003539e-07,3.672045968260401e-05,1.269400540366682e-06
normal,jump_ewma,0.05,middle,InitialKupiecGate,500,0.002977569619240146,9.006420522221847e-07,0.05398917662145841,0.00028787054984087587,0.00299262203626712,7.797514301885039e-06,0.05474666666666664,0.0004443801334009864,0.004606791222039691,3.640880037169447e-05,6.045319158251113e-05,9.006420522220604e-07,7.238770142396003e-07,3.9691718069916887e-07,1.7571184448389957e-06,4.6907445847598485e-07,-6.5972240167654145e-06,8.301207344332931e-07,-7.775802664719798e-06,1.0333553471882243e-06
normal,jump_ewma,0.05,middle,PastSelectedRolling,500,0.0029853454219048656,1.2870180625799014e-06,0.04894337042603733,0.00033990310075977267,0.002999976990304628,7.70210958308873e-06,0.049589333333333305,0.000379924337062887,0.005033405250778819,5.1504719626230804e-05,6.822899424722781e-05,1.2870180625794559e-06,8.499679678959398e-06,1.0967253542218537e-06,9.532921109558794e-06,1.0690745180499361e-06,1.1785786479543842e-06,9.856368480199122e-07,0.0,0.0
normal,jump_ewma,0.05,middle,Raw,500,0.0029768457422259063,8.225503172883449e-07,0.05446435491277679,0.00027723054933453717,0.002991897249647535,7.804373127347963e-06,0.05522666666666664,0.00044452121358802506,0.004566659083602231,3.252650124872821e-05,5.9729314568272327e-05,8.225503172882453e-07,0.0,0.0,1.0332414305993953e-06,2.866734139548827e-07,-7.3211010310050146e-06,7.606278150031756e-07,-8.499679678959398e-06,1.0967253542218537e-06
normal,jump_ewma,0.05,middle,Rolling1000,500,0.0029769700151717655,8.120659701767418e-07,0.0504929280815792,0.00029541793281576367,0.002991593204397846,7.676589174783668e-06,0.05116266666666665,0.0004032626502488508,0.004673711593557863,3.4847943003005774e-05,5.985358751413135e-05,8.120659701766759e-07,1.2427294585920945e-07,3.98681374554243e-07,1.1575143764586048e-06,3.1798325574816604e-07,-7.196828085145805e-06,5.27563540782395e-07,-8.37540673310019e-06,9.838304184817593e-07
normal,jump_ewma,0.05,middle,Rolling125,500,0.0030344526937506606,1.9996154967545007e-06,0.046449702602916816,0.00044402202335643937,0.0030487527927912385,8.07373157630782e-06,0.04726933333333331,0.000254888144397756,0.006852436111911687,7.123731335879671e-05,0.00011733626609299511,1.9996154967537075e-06,5.760695152475461e-05,1.834441791322816e-06,5.864019295535401e-05,1.7792842178446757e-06,5.028585049374959e-05,1.5394076818118578e-06,4.9107271845795206e-05,1.6784927366935828e-06
normal,jump_ewma,0.05,middle,Rolling250,500,0.0030044086635405555,1.5360750447309787e-06,0.04551170055606513,0.0004136344141448287,0.0030175901731282024,7.731077612310367e-06,0.045925333333333304,0.00029242870162744875,0.005883236508240222,6.280882321355646e-05,8.72922358829065e-05,1.536075044730384e-06,2.7562921314648607e-05,1.414854376540918e-06,2.8596162745248005e-05,1.3394075914119963e-06,2.0241820283643597e-05,9.654591487895602e-07,1.906324163568921e-05,1.2667485683338958e-06
normal,jump_ewma,0.05,middle,Rolling500,500,0.0029841668432569117,9.992087165481012e-07,0.048042652411988206,0.0003489790047146295,0.0029980020499025127,7.629714167106025e-06,0.04857599999999998,0.00036124614723359415,0.005031628199993832,4.383719699287291e-05,6.705041559927229e-05,9.992087165475252e-07,7.3211010310050146e-06,7.606278150031756e-07,8.35434246160441e-06,7.058347576059506e-07,0.0,0.0,-1.1785786479543842e-06,9.856368480199122e-07
normal,jump_ewma,0.05,middle,Static-CP,500,0.0029758125007953067,7.990261078063358e-07,0.05201739015736327,0.00029671427488488905,0.0029901001725927464,7.733719851686276e-06,0.05279466666666664,0.00044380406147177896,0.004586773043071387,3.335244708292705e-05,5.869607313766669e-05,7.990261078061747e-07,-1.0332414305993953e-06,2.866734139548827e-07,0.0,0.0,-8.35434246160441e-06,7.058347576059506e-07,-9.532921109558794e-06,1.0690745180499361e-06
normal,jump_ewma,0.05,middle,VolRolling250,500,0.0030192956785629116,1.9081951893954335e-06,0.04453543826204445,0.0004240790854573516,0.0030324386925875972,7.853080173187436e-06,0.0450773333333333,0.0003046036501032142,0.00642555024216646,7.35338097472021e-05,0.0001021792509052557,1.9081951893945336e-06,4.244993633700521e-05,1.806507806944359e-06,4.34831777676046e-05,1.7351844187247404e-06,3.51288353060002e-05,1.3298498586240462e-06,3.395025665804581e-05,1.6055709113824294e-06
normal,jump_ewma,0.05,middle,VolRolling500,500,0.00299817149268396,1.3927830364684195e-06,0.04598051908633122,0.0003997157308292151,0.003012360108038938,7.694099455155242e-06,0.04673599999999998,0.00038655330151199016,0.005629748407319232,5.8859664152310534e-05,8.105506502631576e-05,1.3927830364677264e-06,2.1325750458053617e-05,1.2464788790201323e-06,2.2358991888653015e-05,1.1883933582999187e-06,1.4004649427048603e-05,6.348854458260802e-07,1.2826070779094219e-05,1.2443104051388345e-06
normal,jump_ewma,0.05,post,DtACI500,500,0.003032291074606752,1.0009874668240647e-06,0.050770481317515104,0.00029370279583533455,0.003039292368738141,4.877128748148471e-06,0.05121817231347383,9.784819643592567e-05,0.006401358785261155,3.4850537417684525e-05,0.00011517464694908044,1.0009874668234224e-06,4.364525651517201e-05,8.836864939976996e-07,4.61855353880898e-05,8.542641720275921e-07,3.69315797183488e-05,5.662462391305869e-07,3.672078885039141e-05,9.04426210418231e-07
normal,jump_ewma,0.05,post,InitialKupiecGate,500,0.002989264288432641,6.231027994261447e-07,0.056094617330335265,0.00018523129594600295,0.0029959137841708426,4.77313073165847e-06,0.05646000000000001,0.00026541607220129966,0.004805877193778704,2.2439394287310592e-05,7.214786077500155e-05,6.231027994258601e-07,6.184703410613991e-07,2.671334041907676e-07,3.158749213979197e-06,3.430364201559791e-07,-6.095206455761802e-06,5.72483707044627e-07,-6.305997323719202e-06,7.416644814609644e-07
normal,jump_ewma,0.05,post,PastSelectedRolling,500,0.0029955702857563608,8.961635926757205e-07,0.050939314663060245,0.0002433793270534921,0.003002478159837968,4.770702024552238e-06,0.051328000000000006,0.00017201165081479817,0.005202840187572015,3.472520573544639e-05,7.845385809872018e-05,8.961635926752618e-07,6.924467664780601e-06,7.783282767113398e-07,9.464746537698399e-06,7.703858771609505e-07,2.1079086795740017e-07,7.22026371239452e-07,0.0,0.0
normal,jump_ewma,0.05,post,Raw,500,0.00298864581809158,5.795033435981144e-07,0.056477581045089195,0.00017179496160827601,0.0029951292871730133,4.76564384087159e-06,0.056846,0.00025968334347384607,0.0047679971024707805,1.9561695460021008e-05,7.152939043394135e-05,5.795033435978452e-07,0.0,0.0,2.540278872917798e-06,2.3305664761903781e-07,-6.7136767968232016e-06,5.174281558871866e-07,-6.924467664780601e-06,7.783282767113398e-07
normal,jump_ewma,0.05,post,Rolling1000,500,0.0029882771863669645,5.709293560584654e-07,0.051797086189496466,0.0002192407025319512,0.0029949991926585063,4.694183760319976e-06,0.052116000000000016,0.0001856502626986565,0.004902002871327494,2.2003907177968778e-05,7.116075870933038e-05,5.70929356058461e-07,-3.686317246155953e-07,3.176826695861019e-07,2.1716471483022027e-06,2.855268983175638e-07,-7.082308521438797e-06,3.37128418004684e-07,-7.293099389396197e-06,6.876572676397985e-07
normal,jump_ewma,0.05,post,Rolling125,500,0.0030402343831664735,1.2403354005796908e-06,0.04779674900138512,0.0002692860675519748,0.003046476752559852,5.024276386729476e-06,0.04841800000000001,0.00013568852106755013,0.006882153380089577,4.295817961319586e-05,0.00012311795550879918,1.2403354005791028e-06,5.158856507489361e-05,1.1782386447727407e-06,5.412884394781141e-05,1.1336221345569204e-06,4.487488827807041e-05,9.541075997955687e-07,4.466409741011301e-05,1.1340829482392051e-06
normal,jump_ewma,0.05,post,Rolling250,500,0.003010224513555807,9.070718484785531e-07,0.048323489895020375,0.0002668884823695078,0.003016458411634346,4.769444021020201e-06,0.048772,0.00012572846652444773,0.005856996489151317,3.542764720319081e-05,9.310808589815292e-05,9.07071848477794e-07,2.1578695464226615e-05,8.08500857863359e-07,2.4118974337144412e-05,7.700298002105303e-07,1.4865018667403412e-05,5.104757459147204e-07,1.4654227799446011e-05,8.294151780998102e-07
normal,jump_ewma,0.05,post,Rolling500,500,0.0029953594948884028,6.918829704757853e-07,0.05083981848753061,0.0002574421306511046,0.0030019548952103206,4.7411853923467244e-06,0.051186000000000016,0.00013976364245218783,0.005211299985175186,2.766714368612212e-05,7.824306723076333e-05,6.918829704754237e-07,6.7136767968232016e-06,5.174281558871866e-07,9.253955669741e-06,4.935912770148756e-07,0.0,0.0,-2.1079086795740017e-07,7.22026371239452e-07
normal,jump_ewma,0.05,post,Static-CP,500,0.002986105539218662,5.599998407545556e-07,0.053955518156443276,0.0002036284422026872,0.0029924074344603543,4.729696927698188e-06,0.05428800000000001,0.000275495749178878,0.0047574146879822195,1.990499962291954e-05,6.898911156102299e-05,5.599998407544535e-07,-2.540278872917798e-06,2.3305664761903781e-07,0.0,0.0,-9.253955669741e-06,4.935912770148756e-07,-9.464746537698399e-06,7.703858771609505e-07
normal,jump_ewma,0.05,post,VolRolling250,500,0.003022603652505843,1.1001221030855885e-06,0.047283108423088395,0.000275293460932281,0.0030285097796920644,4.832393520648023e-06,0.047748000000000006,0.00013957059827846127,0.006322618663309955,4.1828752009297024e-05,0.00010548722484818106,1.100122103084773e-06,3.3957834414263196e-05,1.019272956109565e-06,3.6498113287181e-05,9.847152591392942e-07,2.724415761744e-05,7.374669407130868e-07,2.7033366749482597e-05,9.960212730057808e-07
normal,jump_ewma,0.05,post,VolRolling500,500,0.0030040074132085454,8.337793573828567e-07,0.04961256953304688,0.0002776314911009707,0.003010733164825215,4.785183118788716e-06,0.04999800000000001,0.0001594956731058211,0.005582505675268746,3.390922214546723e-05,8.689098555089957e-05,8.337793573823277e-07,1.5361595116965392e-05,7.008622693125076e-07,1.790187398988319e-05,6.79238303074683e-07,8.647918320142187e-06,3.2618988375289983e-07,8.437127452184788e-06,8.152034147224139e-07
normal,jump_ewma,0.05,pre,DtACI500,500,0.0015206165960520034,1.0517036323278162e-06,0.051933159491081494,0.0005258389242306667,0.001522248245992719,4.979572082122448e-06,0.051445394425063455,0.0003408923500708613,0.00331254332892705,3.230778547498321e-05,6.205838222320718e-05,1.0517036323273927e-06,3.18606158337214e-05,8.13666612384257e-07,3.10532379559588e-05,8.374120649651822e-07,2.6443996157386198e-05,6.403013713501737e-07,2.6440165720270603e-05,7.463995211791228e-07
normal,jump_ewma,0.05,pre,InitialKupiecGate,500,0.0014898341828646954,6.413951361537937e-07,0.05421184050958951,0.0003719489760116941,0.0014907765695732697,4.907206207497116e-06,0.05388800000000001,0.0005438736149309287,0.0023280007054814968,2.3450415459285156e-05,3.1275969035901944e-05,6.413951361537039e-07,1.0782026464138e-06,3.4344192795062265e-07,2.7082476865120414e-07,4.5741585626000294e-07,-4.338417029921401e-06,4.848570430793951e-07,-4.3422474670369984e-06,4.983208013150325e-07
normal,jump_ewma,0.05,pre,PastSelectedRolling,500,0.0014941764303317323,7.486184960099776e-07,0.04971602471525169,0.0004408427078324494,0.0014964538189234818,4.822117888782779e-06,0.04936000000000001,0.0005088838034865147,0.0025511580995715706,2.9084793286999893e-05,3.5618216502939895e-05,7.486184960098185e-07,5.420450113450798e-06,5.895007704959854e-07,4.6130722356882025e-06,5.340658161370822e-07,3.830437115597863e-09,4.6253289197804057e-07,0.0,0.0
normal,jump_ewma,0.05,pre,Raw,500,0.0014887559802182816,5.35866883894751e-07,0.05451220121869935,0.00034132317019478376,0.0014898782362352651,4.900210521762542e-06,0.054352000000000004,0.0005337883963746387,0.002287273281561479,1.9849328978475608e-05,3.019776638948816e-05,5.358668838947918e-07,0.0,0.0,-8.073778777625958e-07,3.332589152678488e-07,-5.4166196763352e-06,5.067641615878264e-07,-5.420450113450798e-06,5.895007704959854e-07
normal,jump_ewma,0.05,pre,Rolling1000,500,0.0014903459032223033,5.586366952362554e-07,0.049924154742784624,0.0003927333772616605,0.0014926649818717194,4.7999586670561505e-06,0.04964000000000002,0.0005232211011047648,0.0024090240582014056,2.295513403528363e-05,3.178768939350997e-05,5.586366952361613e-07,1.5899230040215996e-06,3.125479327494042e-07,7.825451262590036e-07,1.524882209589671e-07,-3.826696672313601e-06,3.846189077904462e-07,-3.830527109429199e-06,4.866581805754244e-07
normal,jump_ewma,0.05,pre,Rolling125,500,0.0015182687586235814,1.3337051220277503e-06,0.047923741952641666,0.0005396376464137272,0.0015209068316942396,5.0276252646220924e-06,0.047776,0.00035995386032535646,0.0033974800236872575,4.3929147495735175e-05,5.971054479478516e-05,1.3337051220272425e-06,2.9512778405299796e-05,1.1674000886999505e-06,2.87054005275372e-05,1.1626255324646238e-06,2.4096158728964598e-05,1.0413049660747408e-06,2.4092328291849e-05,1.0740416562986894e-06
normal,jump_ewma,0.05,pre,Rolling250,500,0.0015016783136267225,9.335607860998983e-07,0.047870253911631376,0.0005192688524869736,0.001503710852818419,4.844647657714585e-06,0.047768000000000005,0.00043812813711180214,0.0028554084499060944,3.4148448421926936e-05,4.312009979792807e-05,9.335607860997223e-07,1.2922333408441005e-05,7.704804791599076e-07,1.211495553067841e-05,7.500356922432267e-07,7.505713732105806e-06,5.518065292577942e-07,7.501883294990207e-06,6.410675087626157e-07
normal,jump_ewma,0.05,pre,Rolling500,500,0.0014941725998946166,7.303325436216945e-07,0.04993059980927809,0.00045976766220488335,0.001496011224387489,4.824017960448843e-06,0.049328000000000004,0.000506907034359325,0.002548231804634765,2.704642814114808e-05,3.561438606582279e-05,7.303325436215539e-07,5.4166196763352e-06,5.067641615878264e-07,4.6092417985726045e-06,4.508961757805439e-07,0.0,0.0,-3.830437115597863e-09,4.6253289197804057e-07
normal,jump_ewma,0.05,pre,Static-CP,500,0.001489563358096044,5.450471840217152e-07,0.049828859838032105,0.00040474645143860665,0.0014918160880872447,4.784417206076195e-06,0.049504000000000006,0.0005885377825109325,0.002382473606620543,2.2788157940640688e-05,3.1005144267252806e-05,5.450471840217268e-07,8.073778777625958e-07,3.332589152678488e-07,0.0,0.0,-4.6092417985726045e-06,4.508961757805439e-07,-4.6130722356882025e-06,5.340658161370822e-07
normal,jump_ewma,0.05,pre,VolRolling250,500,0.0015047159553058717,1.0195360374050286e-06,0.047730776830420964,0.0005156375967552692,0.0015069362933820129,4.9136345614421006e-06,0.04780000000000001,0.0004366937173873826,0.0029677485135995345,3.724699603398787e-05,4.615774147707567e-05,1.019536037404744e-06,1.59599750875902e-05,8.69922061219617e-07,1.5152597209827603e-05,8.287136054602544e-07,1.0543355411254999e-05,6.543453710503483e-07,1.05395249741394e-05,7.177275454860054e-07
normal,jump_ewma,0.05,pre,VolRolling500,500,0.0014960874234039216,7.634933768496131e-07,0.049827887384175484,0.00046029648789979637,0.0014979218899937325,4.843938254537946e-06,0.049272,0.0005044690377218804,0.002626742816537367,2.908483476859496e-05,3.752920957512881e-05,7.634933768494467e-07,7.3314431856401994e-06,5.476894234960798e-07,6.524065307877604e-06,4.7636679030381904e-07,1.9148235093049987e-06,1.6012947531246944e-07,1.910993072189401e-06,4.7235326758426894e-07
normal,jump_oracle,0.01,acute,DtACI500,500,0.0007620330778613837,3.5646395241127266e-07,0.011081584324589777,0.0001404759854458224,0.0007460282391015718,1.2393903180316033e-05,0.010215443629603029,0.0009183004038427569,0.003168911667944666,7.77801882718117e-05,8.196658452898467e-06,3.5646395241127753e-07,8.196658452883766e-06,3.5646395241127266e-07,6.827919897931799e-06,3.606285365669793e-07,5.264468207174599e-06,3.1314002181175914e-07,3.560965250325199e-06,6.765057187106449e-07
normal,jump_oracle,0.01,acute,InitialKupiecGate,500,0.0007546568008675247,3.7111962440769047e-07,0.010045768545436548,4.270938962845705e-05,0.0007456262629523426,1.1992433238697214e-05,0.0092,0.0009760252304633328,0.000272240219572351,7.03023935097891e-05,8.203814590256201e-07,3.711196244077573e-07,8.203814590245974e-07,3.7111962440769047e-07,-5.483570959273709e-07,3.8358690989386314e-07,-2.1118087866845713e-06,3.8358727772890444e-07,-3.815311743533971e-06,5.418732506888703e-07
normal,jump_oracle,0.01,acute,PastSelectedRolling,500,0.0007584721126110587,6.471562880052984e-07,0.009575107931047818,0.0001057618926737876,0.0007473594502081693,1.174838144994479e-05,0.0089,0.000945180794063725,0.002210818969126856,0.00012148151338248348,4.635693202572953e-06,6.471562880051786e-07,4.6356932025585675e-06,6.471562880052984e-07,3.2669546476065994e-06,6.511481298143139e-07,1.703502956849399e-06,6.200315764999866e-07,0.0,0.0
normal,jump_oracle,0.01,acute,Raw,500,0.0007538364194085,0.0,0.01,0.0,0.0007442658169834958,1.1923635344937272e-05,0.0092,0.0009760252304633328,0.0,0.0,0.0,0.0,0.0,0.0,-1.3687385549519683e-06,8.93271801207091e-08,-2.9321902457091687e-06,1.7936717248438319e-07,-4.6356932025585675e-06,6.471562880052984e-07
normal,jump_oracle,0.01,acute,Rolling1000,500,0.0007551384690461211,7.80532214877232e-08,0.009887520500860893,6.802417072793577e-05,0.0007453597650421871,1.1826141685271542e-05,0.0094,0.0009618369199199218,0.001356129073752913,4.4090801955387534e-05,1.3020496376370505e-06,7.805322148768141e-08,1.3020496376211686e-06,7.80532214877232e-08,-6.668891733079972e-08,7.773639889847407e-08,-1.6301406080880004e-06,1.7074840984604884e-07,-3.3336435649373993e-06,6.415833982282045e-07
normal,jump_oracle,0.01,acute,Rolling125,500,0.0007727663873243922,1.245747257872873e-06,0.008137960978928003,0.00018249688449403475,0.0007638536929788127,1.2014221844532542e-05,0.0068000000000000005,0.000805492169589836,0.005463885118022578,0.0002111486235952486,1.8929967915907364e-05,1.2457472578726303e-06,1.8929967915892165e-05,1.245747257872873e-06,1.7561229360940197e-05,1.2477849810207262e-06,1.5997777670182996e-05,1.2224081960796027e-06,1.4294274713333596e-05,1.1144714362213937e-06
normal,jump_oracle,0.01,acute,Rolling250,500,0.0007626216342489473,6.010857134617935e-07,0.008450411870593559,0.00013340144258695974,0.0007499038581411233,1.0545152545097972e-05,0.0081,0.0008833689384185554,0.0036206071688849647,0.000136433506848772,8.785214840463257e-06,6.010857134617459e-07,8.785214840447366e-06,6.010857134617935e-07,7.416476285495397e-06,6.088869355503931e-07,5.853024594738197e-06,5.497062862331481e-07,4.149521637888797e-06,6.975980675606294e-07
normal,jump_oracle,0.01,acute,Rolling500,500,0.0007567686096542092,1.7936717248438319e-07,0.00973713735343377,9.958428322554064e-05,0.0007443672746605155,1.1593534138670521e-05,0.009300000000000001,0.0009480599323199673,0.0020147295447914032,6.948341488224031e-05,2.932190245723951e-06,1.793671724843693e-07,2.9321902457091687e-06,1.7936717248438319e-07,1.5634516907572005e-06,1.8920276200392114e-07,0.0,0.0,-1.703502956849399e-06,6.200315764999866e-07
normal,jump_oracle,0.01,acute,Static-CP,500,0.000755205157963452,8.932718012070911e-08,0.009878896202033655,6.996352821864377e-05,0.0007463473841772082,1.1890598137695287e-05,0.009,0.0009485776716739631,0.001359261640897165,4.8124915496463864e-05,1.3687385549677116e-06,8.932718012064736e-08,1.3687385549519683e-06,8.93271801207091e-08,0.0,0.0,-1.5634516907572005e-06,1.8920276200392114e-07,-3.2669546476065994e-06,6.511481298143139e-07
normal,jump_oracle,0.01,acute,VolRolling250,500,0.0007825328482285966,1.7742627493176494e-06,0.007986950895259195,0.00023635162205547884,0.0007674346119426828,1.025121017391396e-05,0.0070999999999999995,0.0008429716498227029,0.007072148389829462,0.0002704822669902975,2.869642882010796e-05,1.7742627493171685e-06,2.8696428820096566e-05,1.7742627493176492e-06,2.7327690265144598e-05,1.7790278972073049e-06,2.57642385743874e-05,1.704000668561561e-06,2.4060735617538e-05,1.6432910033949101e-06
normal,jump_oracle,0.01,acute,VolRolling500,500,0.0007647732313111149,6.524173467414646e-07,0.00990670210764149,0.00019579312927773052,0.0007514805432661372,1.1590913899748585e-05,0.009600000000000001,0.0009578700486287899,0.003967935795783355,0.00013734385350170058,1.0936811902629063e-05,6.524173467414617e-07,1.0936811902614966e-05,6.524173467414646e-07,9.568073347662998e-06,6.472169383258203e-07,8.004621656905798e-06,4.779328851458968e-07,6.301118700056398e-06,7.68021066328747e-07
normal,jump_oracle,0.01,early,DtACI500,500,0.0007661245340613564,4.903867926490182e-07,0.011503039414769992,0.00016133373191057896,0.0007682044859006398,6.192072855576063e-06,0.011708806501031637,0.00037969369130331414,0.003823257184567727,8.09802059466347e-05,1.2288114652872274e-05,4.903867926489875e-07,1.2288114652856368e-05,4.903867926490182e-07,1.09193760979044e-05,4.92941582902441e-07,8.983987444833801e-06,4.3840884233798833e-07,5.447316766876402e-06,9.524282425002019e-07
normal,jump_oracle,0.01,early,InitialKupiecGate,500,0.0007550012548554396,4.3889924858103714e-07,0.010032961288081264,4.365418413030377e-05,0.0007573290655267756,5.8702153118962586e-06,0.010057142857142836,0.00044651578815314185,0.00032473429281673985,7.710063255645511e-05,1.164835446940767e-06,4.3889924858111677e-07,1.1648354469395972e-06,4.3889924858103704e-07,-2.0390310801237104e-07,4.366368727972823e-07,-2.13929176108297e-06,4.374180428942626e-07,-5.675962439040369e-06,7.767338719057787e-07
normal,jump_oracle,0.01,early,PastSelectedRolling,500,0.00076067721729448,8.77182313260948e-07,0.009512872738791069,0.00011480624894733478,0.0007646747854827882,5.861994362230152e-06,0.009733333333333313,0.0004292158317656208,0.0025971470893355565,0.00014799071678821618,6.840797885995765e-06,8.771823132608957e-07,6.840797885979965e-06,8.77182313260948e-07,5.4720593310279975e-06,8.739022524198782e-07,3.536670677957399e-06,8.43438922655845e-07,0.0,0.0
normal,jump_oracle,0.01,early,Raw,500,0.0007538364194085,0.0,0.009999999999999901,7.765688804434268e-20,0.000757730925728618,5.912486443049508e-06,0.010038095238095218,0.0004469674229904751,0.0,0.0,0.0,0.0,0.0,0.0,-1.3687385549519683e-06,8.93271801207091e-08,-3.3041272080225665e-06,1.880012600115471e-07,-6.840797885979965e-06,8.77182313260948e-07
normal,jump_oracle,0.01,early,Rolling1000,500,0.0007551885189928188,7.598731778465286e-08,0.009893997225148705,6.716353981248163e-05,0.0007602554371110682,5.909033064079212e-06,0.00999999999999998,0.0004454226507745624,0.0013804959659001474,4.251419444821539e-05,1.3520995843342565e-06,7.598731778463067e-08,1.352099584318767e-06,7.598731778465286e-08,-1.6638970633201228e-08,8.211341754450426e-08,-1.9520276237037997e-06,1.7248590053342165e-07,-5.488698301661198e-06,8.664847227542721e-07
normal,jump_oracle,0.01,early,Rolling125,500,0.0007922347815290204,2.2203179346838544e-06,0.007911498137937819,0.00020932679200582973,0.0007921491138209308,6.545098282813197e-06,0.008304761904761886,0.0003312384926481371,0.008218821812005927,0.0003043091242795338,3.8398362120531024e-05,2.220317934683427e-06,3.8398362120520365e-05,2.2203179346838544e-06,3.7029623565568397e-05,2.2232947364619382e-06,3.50942349124978e-05,2.1922660366146463e-06,3.155756423454041e-05,2.1127774352255855e-06
normal,jump_oracle,0.01,early,Rolling250,500,0.0007663358938237276,7.400236247423056e-07,0.008336420645767385,0.00014152637396765125,0.0007690585143108321,5.559689708394258e-06,0.008495238095238077,0.0003926850583323893,0.004364697635039468,0.00014579823919786517,1.2499474415244347e-05,7.400236247421744e-07,1.2499474415227567e-05,7.400236247423056e-07,1.11307358602756e-05,7.453688084391115e-07,9.195347207205001e-06,6.872806799773026e-07,5.6586765292476026e-06,1.0054115192183245e-06
normal,jump_oracle,0.01,early,Rolling500,500,0.0007571405466165227,1.880012600115471e-07,0.009735638423435972,0.00010002018041781438,0.0007606129562180504,5.802731118898332e-06,0.009942857142857121,0.0004267840281379612,0.0021564928745028094,6.756323085680893e-05,3.3041272080363905e-06,1.880012600115836e-07,3.3041272080225665e-06,1.880012600115471e-07,1.9353886530705985e-06,2.0157915706123238e-07,0.0,0.0,-3.536670677957399e-06,8.43438922655845e-07
normal,jump_oracle,0.01,early,Static-CP,500,0.000755205157963452,8.932718012070911e-08,0.009878896202033655,6.996352821864375e-05,0.0007602590556738815,5.969231238166291e-06,0.00998095238095236,0.000449120044591983,0.001359261640897165,4.8124915496463864e-05,1.3687385549677116e-06,8.932718012064736e-08,1.3687385549519683e-06,8.93271801207091e-08,0.0,0.0,-1.9353886530705985e-06,2.0157915706123238e-07,-5.4720593310279975e-06,8.739022524198782e-07
normal,jump_oracle,0.01,early,VolRolling250,500,0.0007829158295263603,1.5088470167734448e-06,0.008173068895117793,0.00023038648539545155,0.0007852230621677326,5.663171330591401e-06,0.00822857142857141,0.00040480349842144037,0.007120969857020263,0.000230985094195381,2.9079410117871552e-05,1.5088470167732163e-06,2.9079410117860164e-05,1.5088470167734448e-06,2.77106715629082e-05,1.5134859417140957e-06,2.5775282909837602e-05,1.4264824434091378e-06,2.22386122318802e-05,1.5593060583259334e-06
normal,jump_oracle,0.01,early,VolRolling500,500,0.0007647764810366127,6.091511779997833e-07,0.00996281880539325,0.00018746813693744425,0.0007684839541246083,5.939280408895688e-06,0.00999999999999998,0.00042708971842189474,0.003980303751502512,0.00012503316024667154,1.0940061628124365e-05,6.091511779997707e-07,1.0940061628112566e-05,6.091511779997833e-07,9.5713230731606e-06,6.093615080695313e-07,7.635934420089999e-06,4.353323996868664e-07,4.0992637421326e-06,9.17079522555698e-07
normal,jump_oracle,0.01,late,DtACI500,500,0.0007813674081117288,6.904675136945075e-07,0.012117900465719469,0.00018198385380667435,0.0007818415901707138,2.7091099087868813e-06,0.012142137724822357,0.00013294110688080122,0.005839623295349969,8.761087363690857e-05,2.7530988703244624e-05,6.904675136944555e-07,2.7530988703228767e-05,6.904675136945075e-07,2.6162250148276802e-05,6.939515632399167e-07,1.6438130891385398e-05,4.677104989824874e-07,1.3781707537362201e-05,9.876050098208746e-07
normal,jump_oracle,0.01,late,InitialKupiecGate,500,0.0007551534412678205,3.413860092749861e-07,0.009957885503941345,3.895897068942682e-05,0.0007551947373539077,2.4840069517296953e-06,0.01,0.00018574445349460103,0.0003714278824145296,7.215581024205443e-05,1.3170218593214808e-06,3.4138600927504885e-07,1.317021859320397e-06,3.413860092749861e-07,-5.171669563157127e-08,3.5072863550919845e-07,-9.775835952522969e-06,5.957988771375585e-07,-1.2432259306546171e-05,8.918197956369756e-07
normal,jump_oracle,0.01,late,PastSelectedRolling,500,0.0007675857005743666,9.199247116958947e-07,0.00923641686340962,0.00012806353482758688,0.0007684401365731268,2.6720406412487273e-06,0.009372,0.0001701444394052331,0.004135200970527746,0.00015589283603028786,1.3749281165879684e-05,9.199247116958256e-07,1.3749281165866568e-05,9.199247116958946e-07,1.2380542610914598e-05,9.267228278903484e-07,2.656423354023202e-06,8.704472458170904e-07,0.0,0.0
normal,jump_oracle,0.01,late,Raw,500,0.0007538364194085,0.0,0.01,0.0,0.0007538151986116074,2.460689762582493e-06,0.010016000000000002,0.00018822951069743233,0.0,0.0,0.0,0.0,0.0,0.0,-1.3687385549519683e-06,8.93271801207091e-08,-1.1092857811843364e-05,5.136467773599875e-07,-1.3749281165866568e-05,9.199247116958946e-07
normal,jump_oracle,0.01,late,Rolling1000,500,0.0007577560092420534,2.1551127455019363e-07,0.009682016741624028,0.0001042563744607336,0.0007580767023542414,2.4494972078670675e-06,0.00966,0.0001806933872625138,0.002332063089017689,6.93263340253421e-05,3.919589833565976e-06,2.155112745502199e-07,3.91958983355337e-06,2.1551127455019368e-07,2.550851278601401e-06,2.3687784135832524e-07,-7.173267978289996e-06,4.2511007390233814e-07,-9.8296913323132e-06,8.838813024554968e-07
normal,jump_oracle,0.01,late,Rolling125,500,0.000809471302891826,1.4132069330469014e-06,0.007848152167422571,0.000143767102588484,0.0008115768336388674,3.243332523754586e-06,0.008060000000000003,0.00011962198308703693,0.010527080487456686,0.00018523839815205942,5.5634883483336026e-05,1.4132069330465304e-06,5.5634883483325956e-05,1.4132069330469012e-06,5.4266144928374e-05,1.4148176610106413e-06,4.454202567148261e-05,1.3620146841492976e-06,4.18856023174594e-05,1.436276849546039e-06
normal,jump_oracle,0.01,late,Rolling250,500,0.0007831018446607422,9.787107018613745e-07,0.007655742040919842,0.0001372192838453176,0.0007839673454754052,2.8037141645705466e-06,0.007772000000000001,0.00012357416051219036,0.007221369691158449,0.00015252734764440432,2.9265425252257346e-05,9.78710701861121e-07,2.9265425252242167e-05,9.787107018613745e-07,2.7896686697290196e-05,9.81064310830897e-07,1.81725674403988e-05,8.531317287448336e-07,1.5516144086375594e-05,1.0883176732232307e-06
normal,jump_oracle,0.01,late,Rolling500,500,0.0007649292772203434,5.136467773599875e-07,0.009694397384709392,0.00015458421542757816,0.0007651122055273772,2.525599658295115e-06,0.00978,0.00016944800161259205,0.003993277320438746,0.0001001331068246328,1.1092857811860234e-05,5.136467773599855e-07,1.1092857811843364e-05,5.136467773599875e-07,9.724119256891399e-06,5.223571379617024e-07,0.0,0.0,-2.656423354023202e-06,8.704472458170904e-07
normal,jump_oracle,0.01,late,Static-CP,500,0.000755205157963452,8.932718012070911e-08,0.009878896202033655,6.996352821864375e-05,0.0007554608578161298,2.427235654657234e-06,0.009944000000000003,0.0002043066577986182,0.001359261640897165,4.8124915496463864e-05,1.3687385549677116e-06,8.932718012064736e-08,1.3687385549519683e-06,8.93271801207091e-08,0.0,0.0,-9.724119256891399e-06,5.223571379617024e-07,-1.2380542610914598e-05,9.267228278903484e-07
normal,jump_oracle,0.01,late,VolRolling250,500,0.0007831018446607422,9.787107018613745e-07,0.007655742040919842,0.0001372192838453176,0.0007839673454754052,2.8037141645705466e-06,0.007772000000000001,0.00012357416051219036,0.007221369691158449,0.00015252734764440432,2.9265425252257346e-05,9.78710701861121e-07,2.9265425252242167e-05,9.787107018613745e-07,2.7896686697290196e-05,9.81064310830897e-07,1.81725674403988e-05,8.531317287448336e-07,1.5516144086375594e-05,1.0883176732232307e-06
normal,jump_oracle,0.01,late,VolRolling500,500,0.0007649292772203434,5.136467773599875e-07,0.009694397384709392,0.00015458421542757816,0.0007651122055273772,2.525599658295115e-06,0.00978,0.00016944800161259205,0.003993277320438746,0.0001001331068246328,1.1092857811860234e-05,5.136467773599855e-07,1.1092857811843364e-05,5.136467773599875e-07,9.724119256891399e-06,5.223571379617024e-07,0.0,0.0,-2.656423354023202e-06,8.704472458170904e-07
normal,jump_oracle,0.01,middle,DtACI500,500,0.000775491253472783,7.802615462752677e-07,0.011793038868227367,0.00019275106641653236,0.0007826256731471088,3.382266115617993e-06,0.012473881018246534,0.00016067582755017936,0.005182158326398184,9.634753491572974e-05,2.16548340642961e-05,7.802615462751776e-07,2.1654834064282965e-05,7.802615462752677e-07,2.0286095509331e-05,7.874892723187529e-07,1.4624339043528803e-05,6.316226116672437e-07,8.6516889963302e-06,1.2577273048325205e-06
normal,jump_oracle,0.01,middle,InitialKupiecGate,500,0.0007556819684832487,4.921115032542097e-07,0.009982038889057932,4.8728460442868334e-05,0.0007624890042432284,3.186624601418211e-06,0.010474666666666632,0.00023474438501706185,0.0004298987833862304,8.849893091391687e-05,1.8455490747496427e-06,4.92111503254216e-07,1.8455490747485976e-06,4.921115032542097e-07,4.768105197966294e-07,4.946203613031278e-07,-5.184945946005568e-06,5.45324283263592e-07,-1.1157595993204169e-05,1.0773634653609334e-06
normal,jump_oracle,0.01,middle,PastSelectedRolling,500,0.0007668395644764527,1.1490662030643496e-06,0.009232570480328902,0.00012241392826018848,0.0007723766860821281,3.441588130652013e-06,0.00982399999999997,0.00019731961172030015,0.003732992668659075,0.00018244279335143107,1.300314506796792e-05,1.1490662030641795e-06,1.3003145067952767e-05,1.1490662030643496e-06,1.1634406513000798e-05,1.1533744149208565e-06,5.9726500471986014e-06,1.115811331930642e-06,0.0,0.0
normal,jump_oracle,0.01,middle,Raw,500,0.0007538364194085,0.0,0.009999999999999901,7.765688804434268e-20,0.0007604770197663032,3.133555380172449e-06,0.010522666666666633,0.00023487389890249673,0.0,0.0,0.0,0.0,0.0,0.0,-1.3687385549519683e-06,8.93271801207091e-08,-7.030495020754165e-06,3.4513161436429923e-07,-1.3003145067952767e-05,1.1490662030643496e-06
normal,jump_oracle,0.01,middle,Rolling1000,500,0.0007558637617307025,1.0658680648040201e-07,0.00980289903497453,7.712499721879718e-05,0.0007617136127252426,3.089542586830648e-06,0.010287999999999969,0.00021320757816554943,0.001671656361923661,4.818716700426307e-05,2.027342322218259e-06,1.0658680648037721e-07,2.0273423222023694e-06,1.0658680648040203e-07,6.58603767250401e-07,1.3002143880395272e-07,-5.003152698551796e-06,2.996088171733225e-07,-1.0975802745750397e-05,1.1382506277862123e-06
normal,jump_oracle,0.01,middle,Rolling125,500,0.0008127493229658413,1.7087937331839723e-06,0.007591688033822141,0.0001735600870423459,0.0008144672805100004,3.911953287946934e-06,0.00807999999999997,0.0001510524202630818,0.011015581137003544,0.00022204384392147174,5.8912903557348585e-05,1.7087937331834331e-06,5.891290355734137e-05,1.7087937331839723e-06,5.75441650023894e-05,1.7072589256847877e-06,5.18824085365872e-05,1.6204642251671636e-06,4.59097584893886e-05,1.6840967452367068e-06
normal,jump_oracle,0.01,middle,Rolling250,500,0.0007830259267404411,1.2174850388725072e-06,0.007662783619069984,0.0001634482382149882,0.0007853448751841791,3.4430745542269993e-06,0.00819199999999997,0.0001475067215765605,0.007193542307176339,0.00018873716465207652,2.918950733195575e-05,1.2174850388722785e-06,2.9189507331941165e-05,1.2174850388725072e-06,2.7820768776989196e-05,1.2208813394839955e-06,2.2159012311187e-05,1.0736735831654486e-06,1.61863622639884e-05,1.2973895002142287e-06
normal,jump_oracle,0.01,middle,Rolling500,500,0.0007608669144292541,3.4513161436429923e-07,0.00960065512451578,0.00012630300899560903,0.0007663913619737653,3.110133478188587e-06,0.010122666666666636,0.00019463785806359243,0.003156070415236492,8.714687492204647e-05,7.030495020770061e-06,3.4513161436424757e-07,7.030495020754165e-06,3.4513161436429923e-07,5.6617564658021975e-06,3.586275071063929e-07,0.0,0.0,-5.9726500471986014e-06,1.115811331930642e-06
normal,jump_oracle,0.01,middle,Static-CP,500,0.000755205157963452,8.932718012070911e-08,0.009878896202033655,6.996352821864376e-05,0.000761853713336472,3.1437432707448885e-06,0.010559999999999969,0.00024273069838698694,0.0013592616408971653,4.8124915496463864e-05,1.3687385549677116e-06,8.932718012064736e-08,1.3687385549519683e-06,8.93271801207091e-08,0.0,0.0,-5.6617564658021975e-06,3.586275071063929e-07,-1.1634406513000798e-05,1.1533744149208565e-06
normal,jump_oracle,0.01,middle,VolRolling250,500,0.0007855131989360738,1.2535531422820302e-06,0.007680256256060282,0.0001717066178986763,0.0007876652205068632,3.4372072068585115e-06,0.00822399999999997,0.00015403459633892027,0.00757863155301661,0.00019128749084329635,3.167677952758965e-05,1.253553142281874e-06,3.1676779527573764e-05,1.2535531422820302e-06,3.03080409726218e-05,1.257637143238641e-06,2.4646284506819597e-05,1.0987861683533885e-06,1.8673634459621002e-05,1.3140408233645092e-06
normal,jump_oracle,0.01,middle,VolRolling500,500,0.0007654534194108189,5.631379397837465e-07,0.009801493266529324,0.00017244488475412907,0.0007709004506217139,3.139699696060743e-06,0.01033599999999997,0.00021222907257815464,0.004129986289832694,0.00010923089779043933,1.1617000002334261e-05,5.631379397838578e-07,1.1617000002318765e-05,5.631379397837465e-07,1.0248261447366799e-05,5.721839321323851e-07,4.5865049815646e-06,3.010882872834729e-07,-1.3861450656340002e-06,1.162929298836702e-06
normal,jump_oracle,0.01,post,DtACI500,500,0.0007771766617418276,5.246401615279848e-07,0.011910790633487644,0.000141666407909872,0.0007799874583171182,2.022447440471614e-06,0.01218250779945401,6.155236777793838e-05,0.0053279412578128085,6.72257609814044e-05,2.3340242333343022e-05,5.246401615279522e-07,2.334024233332757e-05,5.246401615279848e-07,2.1971503778375597e-05,5.312548612040917e-07,1.47518006328624e-05,3.699600962758541e-07,1.0778424707830002e-05,8.746321222771784e-07
normal,jump_oracle,0.01,post,InitialKupiecGate,500,0.0007553257265923007,3.665423209966947e-07,0.009976583641524704,3.4580050706648296e-05,0.0007579628224075243,1.8823556734741212e-06,0.010168000000000002,0.00014096557944824102,0.0003864678901143056,7.377138290845833e-05,1.4893071838013004e-06,3.665423209967213e-07,1.4893071838005982e-06,3.665423209966948e-07,1.2056862884863e-07,3.721490236773599e-07,-7.099134516664569e-06,4.6391946572191586e-07,-1.1072510441696969e-05,7.870086944828817e-07
normal,jump_oracle,0.01,post,PastSelectedRolling,500,0.0007663982370339976,8.292419994005255e-07,0.00927077615802217,9.781375157938924e-05,0.0007690993670472179,2.106853698381016e-06,0.00957,9.902429814568993e-05,0.0037843895597737963,0.0001400355594136042,1.2561817625509273e-05,8.292419994004665e-07,1.2561817625497567e-05,8.292419994005255e-07,1.1193079070545599e-05,8.349488004582455e-07,3.973375925032399e-06,7.902132691101482e-07,0.0,0.0
normal,jump_oracle,0.01,post,Raw,500,0.0007538364194085,0.0,0.01,0.0,0.0007565335452593441,1.8366744736678588e-06,0.010192,0.00014200917297984956,0.0,0.0,0.0,0.0,0.0,0.0,-1.3687385549519683e-06,8.93271801207091e-08,-8.588441700465167e-06,3.2320922987598835e-07,-1.2561817625497567e-05,8.292419994005255e-07
normal,jump_oracle,0.01,post,Rolling1000,500,0.0007567244791452088,1.3222503621772006e-07,0.009753715627585298,7.842295564044795e-05,0.0007594149721465922,1.8682097335751896e-06,0.009926000000000003,0.00010403217476710531,0.0019649773381247918,4.773773650785707e-05,2.888059736722673e-06,1.3222503621783462e-07,2.8880597367087654e-06,1.3222503621772006e-07,1.5193211817567973e-06,1.565135175885773e-07,-5.700381963756401e-06,2.5062112617506547e-07,-9.673757888788801e-06,8.02631011158092e-07
normal,jump_oracle,0.01,post,Rolling125,500,0.0008081566273651375,1.0255433079256804e-06,0.0077644256204566185,0.00010761355122142842,0.000809666377821459,2.4617065290677113e-06,0.008068000000000002,8.09682884063564e-05,0.010366637162725746,0.0001351125781563117,5.432020795665139e-05,1.0255433079254996e-06,5.432020795663738e-05,1.0255433079256804e-06,5.295146940168541e-05,1.026421494130184e-06,4.57317662561722e-05,9.390903357808555e-07,4.17583903311398e-05,1.1116795327030398e-06
normal,jump_oracle,0.01,post,Rolling250,500,0.000780903346394508,7.5227563780476e-07,0.00774574728282861,0.00010573208848077979,0.0007822372220972308,2.1500058301681872e-06,0.008012,7.490616708746663e-05,0.006838968605827195,0.0001176105943912534,2.70669269860227e-05,7.522756378046374e-07,2.7066926986007968e-05,7.5227563780476e-07,2.5698188431056e-05,7.565400815837367e-07,1.84784852855428e-05,6.080766551744299e-07,1.45051093605104e-05,9.208377647162732e-07
normal,jump_oracle,0.01,post,Rolling500,500,0.0007624248611089652,3.2320922987598835e-07,0.009664429145577564,0.00010835691935052452,0.0007647045693999564,1.9211806941622364e-06,0.009916000000000001,8.404770093264972e-05,0.0034468914086516807,6.933918061300903e-05,8.58844170047719e-06,3.232092298760068e-07,8.588441700465167e-06,3.2320922987598835e-07,7.219703145513199e-06,3.364012566463854e-07,0.0,0.0,-3.973375925032399e-06,7.902132691101482e-07
normal,jump_oracle,0.01,post,Static-CP,500,0.000755205157963452,8.932718012070911e-08,0.009878896202033655,6.996352821864377e-05,0.0007581797199385429,1.8266789386422475e-06,0.01016,0.000157703966602506,0.001359261640897165,4.8124915496463864e-05,1.3687385549677116e-06,8.932718012064736e-08,1.3687385549519683e-06,8.93271801207091e-08,0.0,0.0,-7.219703145513199e-06,3.364012566463854e-07,-1.1193079070545599e-05,8.349488004582455e-07
normal,jump_oracle,0.01,post,VolRolling250,500,0.0007839751909962406,7.83350776610107e-07,0.00772587836837508,0.0001123736393216643,0.0007851552441942448,2.1525096357752046e-06,0.007976,8.111724857286558e-05,0.007341816480744171,0.00012079716334489316,3.0138771587754472e-05,7.833507766100565e-07,3.0138771587740767e-05,7.83350776610107e-07,2.87700330327888e-05,7.884170080763358e-07,2.15503298872756e-05,6.363742533165936e-07,1.75769539622432e-05,9.384425104610096e-07
normal,jump_oracle,0.01,post,VolRolling500,500,0.0007651066660242967,3.8470156589618247e-07,0.009766988684022312,0.000125534517407366,0.0007673641977952393,1.9279051112956965e-06,0.010008000000000001,9.487821536845539e-05,0.004042674128730064,7.720412899974962e-05,1.1270246615811105e-05,3.8470156589604726e-07,1.1270246615796568e-05,3.8470156589618247e-07,9.9015080608446e-06,3.952850982047209e-07,2.6818049153314013e-06,1.4661549113754918e-07,-1.2915710097009986e-06,7.987120730427486e-07
normal,jump_oracle,0.01,pre,DtACI500,500,0.00039264448581128263,4.2984835204790125e-07,0.013259535316275422,0.00022017605798206965,0.0003927320070807718,2.0882340042791468e-06,0.013089237509689348,0.00022086193930181917,0.00299989240931185,4.9147534029868275e-05,1.5726276107065578e-05,4.2984835204796843e-07,1.5726276107082617e-05,4.2984835204790125e-07,1.3057179252745599e-05,4.5705074258623274e-07,1.0536761573103799e-05,3.719282556919219e-07,7.241470215194799e-06,6.954986973187429e-07
normal,jump_oracle,0.01,pre,InitialKupiecGate,500,0.0003783892567855863,4.335577567613699e-07,0.010168121838229746,6.954837788865271e-05,0.00037899982170569224,1.988752963882873e-06,0.010104,0.00028991458903938547,0.0002921911238679138,6.406612465936662e-05,1.4710470813847742e-06,4.3355775676113437e-07,1.4710470813864014e-06,4.335577567613699e-07,-1.1980497729506184e-06,4.578060612716436e-07,-3.7184674525924175e-06,4.279145927396023e-07,-7.013758810501419e-06,5.500093374355354e-07
normal,jump_oracle,0.01,pre,PastSelectedRolling,500,0.0003854030155960878,6.701713333438891e-07,0.009620494077977073,0.0001714690614533123,0.0003864425232239252,2.051552620838277e-06,0.009600000000000001,0.00027832882327875327,0.0023404789859213905,0.00010207018679782973,8.484805891870368e-06,6.70171333343806e-07,8.484805891887818e-06,6.701713333438891e-07,5.8157090375508e-06,6.767207946310564e-07,3.2952913579090005e-06,6.062822318009079e-07,0.0,0.0
normal,jump_oracle,0.01,pre,Raw,500,0.0003769182097042,0.0,0.01,0.0,0.00037805666991769937,1.8959799223002375e-06,0.009992000000000001,0.00029017283219676197,0.0,0.0,0.0,0.0,0.0,0.0,-2.66909685433702e-06,1.692812308878747e-07,-5.189514533978819e-06,2.485459105585803e-07,-8.484805891887818e-06,6.701713333438891e-07
normal,jump_oracle,0.01,pre,Rolling1000,500,0.0003794509961023178,1.368254909917648e-07,0.009971767866903632,0.00012604489572100557,0.0003806504069201346,1.913015983387537e-06,0.009920000000000002,0.00028185472174213557,0.0013398530745844057,4.049162509062417e-05,2.5327863981015894e-06,1.368254909917876e-07,2.5327863981178203e-06,1.368254909917648e-07,-1.3631045621919973e-07,9.308989166222965e-08,-2.6567281358609993e-06,2.2182706716674113e-07,-5.95201949377e-06,6.595168474421403e-07
normal,jump_oracle,0.01,pre,Rolling125,500,0.0004067831490007058,1.0730292926193559e-06,0.00798540518774376,0.00020424696406331518,0.0004058477450423242,2.3841463824715196e-06,0.007744000000000002,0.00019842296072452242,0.005499661689922826,0.00013662010852452533,2.9864939296488673e-05,1.073029292619156e-06,2.9864939296505817e-05,1.0730292926193559e-06,2.71958424421688e-05,1.0812084616978944e-06,2.4675424762527e-05,1.0378998385363951e-06,2.1380133404618002e-05,9.97666027416468e-07
normal,jump_oracle,0.01,pre,Rolling250,500,0.0003921583224886884,6.754832679774839e-07,0.007832477691480304,0.000184231969548553,0.00039334562374534045,2.030284197041287e-06,0.007640000000000001,0.00020804654943898238,0.0036924132285412166,0.00010387449975361378,1.5240112784471063e-05,6.754832679774648e-07,1.5240112784488418e-05,6.754832679774839e-07,1.25710159301514e-05,6.861948508995905e-07,1.00505982505096e-05,6.105920136222837e-07,6.755306892600599e-06,6.671238767524713e-07
normal,jump_oracle,0.01,pre,Rolling500,500,0.00038210772423817883,2.485459105585803e-07,0.009927699245152629,0.0001687231721236768,0.0003836277710570624,1.9074576923793384e-06,0.009976,0.00027821152259136433,0.001930286862713022,5.47794735575343e-05,5.189514533961071e-06,2.485459105585048e-07,5.189514533978819e-06,2.485459105585803e-07,2.520417679641799e-06,2.569790407442421e-07,0.0,0.0,-3.2952913579090005e-06,6.062822318009079e-07
normal,jump_oracle,0.01,pre,Static-CP,500,0.000379587306558537,1.692812308878747e-07,0.009973444335096329,0.00013882483010727625,0.0003810037835544244,1.9350299634076135e-06,0.009968,0.00032141650414730814,0.0013592616408971657,4.8124915496463864e-05,2.6690968543184118e-06,1.6928123088786992e-07,2.66909685433702e-06,1.692812308878747e-07,0.0,0.0,-2.520417679641799e-06,2.569790407442421e-07,-5.8157090375508e-06,6.767207946310564e-07
normal,jump_oracle,0.01,pre,VolRolling250,500,0.0003921583224886884,6.754832679774839e-07,0.007832477691480304,0.000184231969548553,0.00039334562374534045,2.030284197041287e-06,0.007640000000000001,0.00020804654943898238,0.0036924132285412166,0.00010387449975361378,1.5240112784471063e-05,6.754832679774648e-07,1.5240112784488418e-05,6.754832679774839e-07,1.25710159301514e-05,6.861948508995905e-07,1.00505982505096e-05,6.105920136222837e-07,6.755306892600599e-06,6.671238767524713e-07
normal,jump_oracle,0.01,pre,VolRolling500,500,0.00038210772423817883,2.485459105585803e-07,0.009927699245152629,0.0001687231721236768,0.0003836277710570624,1.9074576923793384e-06,0.009976,0.00027821152259136433,0.001930286862713022,5.47794735575343e-05,5.189514533961071e-06,2.485459105585048e-07,5.189514533978819e-06,2.485459105585803e-07,2.520417679641799e-06,2.569790407442421e-07,0.0,0.0,-3.2952913579090005e-06,6.062822318009079e-07
normal,jump_oracle,0.05,acute,DtACI500,500,0.002935437182131338,8.439773530116112e-07,0.050308166708446574,0.00036144189642785886,0.0028958879108496576,3.2092591733042764e-05,0.04879555259489931,0.0020589408590278805,0.002286996924694182,5.7518866202410296e-05,1.832075447370241e-05,8.439773530115638e-07,1.832075447373835e-05,8.439773530116112e-07,1.67633320090288e-05,8.422279502992865e-07,1.4896670606961401e-05,7.83095283603194e-07,1.4117152774902601e-05,8.43379553610109e-07
normal,jump_oracle,0.05,acute,InitialKupiecGate,500,0.0029176067625785625,1.4849370236662324e-07,0.04988543897514574,7.83517097357411e-05,0.0028816298988828012,3.2068608232755576e-05,0.047799999999999995,0.0022181434400509992,0.00010418959326240059,2.2981309640933278e-05,4.903349209599854e-07,1.4849370236633445e-07,4.903349209622078e-07,1.4849370236662324e-07,-1.0670875437473454e-06,1.675162723348661e-07,-2.9337489458147415e-06,2.3527494786724671e-07,-3.7132667778735414e-06,4.036651460710656e-07
normal,jump_oracle,0.05,acute,PastSelectedRolling,500,0.002921320029356435,4.2154282956977735e-07,0.04968689857998943,0.00023652196689325321,0.0028862496895464993,3.201650788761477e-05,0.047799999999999995,0.0022090903467990256,0.0010996661290997936,4.6349162191913694e-05,4.203601698802994e-06,4.215428295696507e-07,4.2036016988357495e-06,4.2154282956977735e-07,2.646179234126196e-06,4.2810655147214635e-07,7.795178320587999e-07,4.041342958959222e-07,0.0,0.0
normal,jump_oracle,0.05,acute,Raw,500,0.0029171164276576007,3.882844402217134e-20,0.0499999999999999,0.0,0.0028810044653347485,3.213095016937532e-05,0.047799999999999995,0.0022136215215074508,0.0,0.0,0.0,0.0,0.0,0.0,-1.557422464709553e-06,8.991347375737775e-08,-3.4240838667769495e-06,2.0824473528987684e-07,-4.2036016988357495e-06,4.2154282956977735e-07
normal,jump_oracle,0.05,acute,Rolling1000,500,0.002918690654895464,9.69684481629141e-08,0.050170262693874236,0.00015102764520052867,0.0028855141636849953,3.218324127339691e-05,0.0485,0.002203454202120317,0.0007423670895802633,2.4551089085642904e-05,1.5742272378304962e-06,9.696844816289196e-08,1.5742272378641495e-06,9.69684481629141e-08,1.680477315459637e-08,9.571240318252007e-08,-1.8498566289127998e-06,1.8379612979819904e-07,-2.6293744609715996e-06,4.1058018520835803e-07
normal,jump_oracle,0.05,acute,Rolling125,500,0.0029331475960237834,8.983900772458275e-07,0.04857908091861626,0.00044488697564711466,0.0028883162266768536,3.1208356363609625e-05,0.046700000000000005,0.0021627702490788522,0.0024021900718109485,7.598505282181879e-05,1.6031168366147873e-05,8.983900772456933e-07,1.6031168366183157e-05,8.983900772458275e-07,1.4473745901473606e-05,9.006547105868555e-07,1.2607084499406209e-05,8.651055472346767e-07,1.182756666734741e-05,8.553924617216686e-07
normal,jump_oracle,0.05,acute,Rolling250,500,0.002924457916452942,4.419314194190002e-07,0.04866729133781089,0.00030785844438956355,0.002886631363375504,3.1232112325880885e-05,0.046400000000000004,0.0021455271084622287,0.0016053622237338781,5.3608140400861014e-05,7.341488795308177e-06,4.419314194190128e-07,7.341488795341936e-06,4.419314194190002e-07,5.784066330632384e-06,4.4689152812087365e-07,3.917404928564987e-06,4.0107388812406857e-07,3.1378870965061876e-06,5.059647768195232e-07
normal,jump_oracle,0.05,acute,Rolling500,500,0.0029205405115243764,2.0824473528987684e-07,0.049878703871133426,0.00021988820473709043,0.002885428977541479,3.193302924603094e-05,0.047400000000000005,0.0022307919817256524,0.001091146379568587,3.6583918518085164e-05,3.424083866743175e-06,2.0824473528976355e-07,3.4240838667769495e-06,2.0824473528987684e-07,1.8666614020673963e-06,2.1744825652786893e-07,0.0,0.0,-7.795178320587999e-07,4.041342958959222e-07
normal,jump_oracle,0.05,acute,Static-CP,500,0.002918673850122309,8.991347375737778e-08,0.05006617896043997,0.0001506970282700507,0.0028841205884357957,3.2226950798949724e-05,0.04810000000000001,0.0021891470323984453,0.0007467494451002934,2.445385575755296e-05,1.5574224646740354e-06,8.991347375727923e-08,1.557422464709553e-06,8.991347375737775e-08,0.0,0.0,-1.8666614020673963e-06,2.1744825652786893e-07,-2.646179234126196e-06,4.2810655147214635e-07
normal,jump_oracle,0.05,acute,VolRolling250,500,0.0029446339275074835,1.650074132825903e-06,0.04813366482775266,0.0005946617467837074,0.002904564896396251,3.1006300026363184e-05,0.046900000000000004,0.0021955456819850883,0.003145154814544108,0.00010531311733728447,2.7517499849844625e-05,1.650074132825591e-06,2.7517499849883748e-05,1.650074132825903e-06,2.5960077385174195e-05,1.6479399455031313e-06,2.4093415983106798e-05,1.5717457674437045e-06,2.3313898151048e-05,1.5657480830232368e-06
normal,jump_oracle,0.05,acute,VolRolling500,500,0.00293040278194717,7.992704369482443e-07,0.050125212339270246,0.0004337622441436318,0.0028956807883567127,3.2076685349553777e-05,0.048799999999999996,0.0022376626797927057,0.0021579459932055743,7.206951754678596e-05,1.3286354289536352e-05,7.992704369481948e-07,1.3286354289570552e-05,7.992704369482443e-07,1.1728931824861001e-05,7.934348413408801e-07,9.862270422793604e-06,5.925727765748931e-07,9.082752590734803e-06,7.715650109966533e-07
normal,jump_oracle,0.05,early,DtACI500,500,0.002943027093427455,9.67612719239047e-07,0.050639666516805446,0.00038210297044550043,0.00296292916296163,1.4965568395886545e-05,0.05077131194464836,0.0007668127188767238,0.0026746715473447004,5.8598361610630434e-05,2.5910665769821883e-05,9.67612719238877e-07,2.5910665769855347e-05,9.67612719239047e-07,2.435324330514559e-05,9.639080552400306e-07,2.2046256175447797e-05,8.971210577822953e-07,2.03326273383744e-05,9.920856742124978e-07
normal,jump_oracle,0.05,early,InitialKupiecGate,500,0.0029176896222238478,1.4429728513762746e-07,0.04993931670638425,7.590322853699934e-05,0.0029373294580380595,1.4754054133116236e-05,0.050114285714285674,0.000950408875301035,0.00011605211039725599,2.3155166913091233e-05,5.731945662447681e-07,1.4429728513733502e-07,5.731945662472122e-07,1.4429728513762746e-07,-9.842278984625412e-07,1.6302811491637952e-07,-3.2912150281603398e-06,2.355448186439536e-07,-5.004843865233736e-06,5.816356480659852e-07
normal,jump_oracle,0.05,early,PastSelectedRolling,500,0.002922694466089081,5.895962520054864e-07,0.04952044093782158,0.00023307447079683747,0.0029441287030551122,1.47496243889514e-05,0.04988571428571425,0.0009165267410304208,0.0012084105168997433,5.0691330805541244e-05,5.578038431447135e-06,5.895962520053553e-07,5.578038431480949e-06,5.895962520054864e-07,4.020615966771195e-06,5.92929597658641e-07,1.7136288370733968e-06,5.773710331108557e-07,0.0,0.0
normal,jump_oracle,0.05,early,Raw,500,0.0029171164276576007,3.882844402217134e-20,0.0499999999999999,0.0,0.0029360256460182776,1.4756797800541387e-05,0.05009523809523806,0.0009575582153050298,0.0,0.0,0.0,0.0,0.0,0.0,-1.5574224647097535e-06,8.991347375738738e-08,-3.864409594407552e-06,2.1514148142719443e-07,-5.578038431480949e-06,5.895962520054864e-07
normal,jump_oracle,0.05,early,Rolling1000,500,0.002918717338656272,9.599953461405078e-08,0.050099833901971466,0.00014897377286806233,0.002938465365130283,1.4797119195053347e-05,0.050171428571428534,0.000934479724258497,0.0007456785094240958,2.3868856405160783e-05,1.6009109986371738e-06,9.599953461398228e-08,1.6009109986719399e-06,9.599953461405078e-08,4.348853396218648e-08,1.023836087852528e-07,-2.263498595735612e-06,1.9904082183195462e-07,-3.977127432809009e-06,5.827738952242512e-07
normal,jump_oracle,0.05,early,Rolling125,500,0.0029490197646132917,1.614948681224515e-06,0.0470953073121579,0.0004930286362575269,0.0029704520683699097,1.500696678303571e-05,0.04805714285714281,0.0007716576847064683,0.0033563063492503694,9.353079274626037e-05,3.1903336955654326e-05,1.6149486812241428e-06,3.190333695569174e-05,1.614948681224515e-06,3.034591449098199e-05,1.6151886256747434e-06,2.8038927361284188e-05,1.578906229903136e-06,2.6325298524210793e-05,1.5464505621408139e-06
normal,jump_oracle,0.05,early,Rolling250,500,0.0029272820781413808,5.771221557625895e-07,0.04839497859930679,0.0003272665194955037,0.0029469827009325805,1.4647114852092479e-05,0.04860952380952377,0.0008948339537679499,0.0018774131930515844,5.5579815215302074e-05,1.0165650483746896e-05,5.771221557625651e-07,1.0165650483780955e-05,5.771221557625894e-07,8.608228019071201e-06,5.814880954141629e-07,6.301240889373402e-06,5.108400940741265e-07,4.587612052300005e-06,7.361477023870336e-07
normal,jump_oracle,0.05,early,Rolling500,500,0.0029209808372520074,2.1514148142719443e-07,0.04969420958785164,0.0002234273564307792,0.0029413812654521428,1.477588334238223e-05,0.04999999999999996,0.0009320767202773686,0.001166839124120736,3.559675004772417e-05,3.864409594373073e-06,2.1514148142718416e-07,3.864409594407552e-06,2.1514148142719443e-07,2.3069871296977983e-06,2.2774258301653435e-07,0.0,0.0,-1.7136288370733968e-06,5.773710331108557e-07
normal,jump_oracle,0.05,early,Static-CP,500,0.0029186738501223095,8.991347375738738e-08,0.05006617896043998,0.0001506970282700507,0.0029392079510129595,1.4809449388219975e-05,0.0501333333333333,0.0009705588430393167,0.0007467494451002936,2.445385575755299e-05,1.5574224646740354e-06,8.991347375727923e-08,1.5574224647097535e-06,8.991347375738738e-08,0.0,0.0,-2.3069871296977983e-06,2.2774258301653435e-07,-4.020615966771195e-06,5.92929597658641e-07
normal,jump_oracle,0.05,early,VolRolling250,500,0.002945519251948519,1.5696755947564762e-06,0.0479647990773638,0.0005480673792224594,0.0029655127707132614,1.4794196222472743e-05,0.048342857142857104,0.0009178018719243121,0.0031871242161731887,9.474746051012921e-05,2.840282429087977e-05,1.5696755947560268e-06,2.8402824290919152e-05,1.5696755947564762e-06,2.6845401826209396e-05,1.567810389348341e-06,2.45384146965116e-05,1.471806277572579e-06,2.28247858594382e-05,1.5671676907906302e-06
normal,jump_oracle,0.05,early,VolRolling500,500,0.0029302512897120066,7.269311678319138e-07,0.04982008508827724,0.0004130890275764896,0.0029512066815563847,1.4879173264459638e-05,0.050323809523809486,0.0009635138976616499,0.0021602557197772983,6.608514922188898e-05,1.3134862054372046e-05,7.269311678319283e-07,1.3134862054406945e-05,7.269311678319138e-07,1.1577439589697191e-05,7.263392073574135e-07,9.270452459999391e-06,5.18893079364549e-07,7.556823622925996e-06,8.301404083672753e-07
normal,jump_oracle,0.05,late,DtACI500,500,0.0029662586683912367,1.0337934841102632e-06,0.05070818836633656,0.0004055754915324214,0.0029681995186570482,6.514649331161489e-06,0.050939887487652956,0.00023575865937738055,0.00392430318228178,5.443490356814142e-05,4.914224073360264e-05,1.033793484110101e-06,4.914224073363696e-05,1.0337934841102632e-06,4.75848182689272e-05,1.0363821788441908e-06,3.565767311610102e-05,7.181891594395869e-07,3.486664333656801e-05,9.88040748248634e-07
normal,jump_oracle,0.05,late,InitialKupiecGate,500,0.002918597793827287,3.53681325454388e-07,0.04993670626329845,9.388650138598345e-05,0.0029196626073059906,6.2639208290731865e-06,0.050096,0.0004262122496638582,0.00018113237166127177,3.427197539109426e-05,1.481366169684355e-06,3.5368132545397595e-07,1.4813661696868094e-06,3.53681325454388e-07,-7.605629502294414e-08,3.6034122390033334e-07,-1.2003201447849135e-05,6.271189215622358e-07,-1.2794231227382137e-05,8.605975758152529e-07
normal,jump_oracle,0.05,late,PastSelectedRolling,500,0.0029313920250546694,8.886815936315183e-07,0.04937221649905248,0.0003012482948193404,0.0029334730832401056,6.31838194434944e-06,0.049536000000000004,0.0003690444357949085,0.002040982481421281,6.376555501378165e-05,1.4275597397034188e-05,8.886815936313697e-07,1.4275597397068945e-05,8.886815936315183e-07,1.2718174932359193e-05,8.973916849747875e-07,7.910297795330027e-07,8.113835491829953e-07,0.0,0.0
normal,jump_oracle,0.05,late,Raw,500,0.0029171164276576007,3.882844402217134e-20,0.0499999999999999,0.0,0.0029180659140443034,6.281646563592351e-06,0.05017200000000001,0.0004313060186961539,0.0,0.0,0.0,0.0,0.0,0.0,-1.5574224647097535e-06,8.991347375738738e-08,-1.3484567617535943e-05,5.579465349977885e-07,-1.4275597397068945e-05,8.886815936315183e-07
normal,jump_oracle,0.05,late,Rolling1000,500,0.0029215126025513884,2.4554300171424073e-07,0.04966711551647707,0.00022334933544675324,0.0029229055440282447,6.249781537741927e-06,0.049688,0.00039340926998154846,0.0012269451402188395,3.535753347049206e-05,4.3961748937536e-06,2.4554300171429796e-07,4.396174893788353e-06,2.4554300171424073e-07,2.838752429078599e-06,2.5957418783076704e-07,-9.08839272374759e-06,4.4144225257568666e-07,-9.879422503280593e-06,8.409960188996555e-07
normal,jump_oracle,0.05,late,Rolling125,500,0.0029725568243101825,1.3389361027693243e-06,0.04757118829149951,0.0003801024943261517,0.0029735392276075082,6.666763708186204e-06,0.047792,0.00024092646829738842,0.004565310191588905,6.496344359596521e-05,5.544039665254208e-05,1.3389361027689493e-06,5.544039665258254e-05,1.3389361027693243e-06,5.388297418787279e-05,1.3407696797122774e-06,4.19558290350466e-05,1.2172988886381518e-06,4.11647992555136e-05,1.2963277746860259e-06
normal,jump_oracle,0.05,late,Rolling250,500,0.0029450981727036883,8.968039638124011e-07,0.0474826136483124,0.0003713816624602115,0.002946615122864709,6.419687198968353e-06,0.047704,0.00025459458912085943,0.0032267494556628452,5.87157603226325e-05,2.7981745046051494e-05,8.968039638123662e-07,2.7981745046088557e-05,8.96803963812401e-07,2.64243225813788e-05,9.024776664861883e-07,1.449717742855261e-05,6.725177081853386e-07,1.3706147649019607e-05,9.52524182140689e-07
normal,jump_oracle,0.05,late,Rolling500,500,0.0029306009952751355,5.579465349977885e-07,0.04951677185733503,0.00034871482421592427,0.0029320577998154427,6.320302455736087e-06,0.049536000000000004,0.0003547352282538748,0.0021913471371964705,4.944508020616143e-05,1.348456761749954e-05,5.579465349977695e-07,1.3484567617535943e-05,5.579465349977885e-07,1.192714515282619e-05,5.664375543395623e-07,0.0,0.0,-7.910297795330027e-07,8.113835491829953e-07
normal,jump_oracle,0.05,late,Static-CP,500,0.0029186738501223095,8.991347375738738e-08,0.05006617896043998,0.0001506970282700507,0.0029198823876477754,6.2895967113215e-06,0.050156000000000006,0.0004592920927393654,0.0007467494451002936,2.445385575755299e-05,1.5574224646740354e-06,8.991347375727923e-08,1.5574224647097535e-06,8.991347375738738e-08,0.0,0.0,-1.192714515282619e-05,5.664375543395623e-07,-1.2718174932359193e-05,8.973916849747875e-07
normal,jump_oracle,0.05,late,VolRolling250,500,0.0029450981727036883,8.968039638124011e-07,0.0474826136483124,0.0003713816624602115,0.002946615122864709,6.419687198968353e-06,0.047704,0.00025459458912085943,0.0032267494556628452,5.87157603226325e-05,2.7981745046051494e-05,8.968039638123662e-07,2.7981745046088557e-05,8.96803963812401e-07,2.64243225813788e-05,9.024776664861883e-07,1.449717742855261e-05,6.725177081853386e-07,1.3706147649019607e-05,9.52524182140689e-07
normal,jump_oracle,0.05,late,VolRolling500,500,0.0029306009952751355,5.579465349977885e-07,0.04951677185733503,0.00034871482421592427,0.0029320577998154427,6.320302455736087e-06,0.049536000000000004,0.0003547352282538748,0.0021913471371964705,4.944508020616143e-05,1.348456761749954e-05,5.579465349977695e-07,1.3484567617535943e-05,5.579465349977885e-07,1.192714515282619e-05,5.664375543395623e-07,0.0,0.0,-7.910297795330027e-07,8.113835491829953e-07
normal,jump_oracle,0.05,middle,DtACI500,500,0.0029562074024030503,1.0020822612530655e-06,0.05059449790560778,0.00039906246994056785,0.0029740124003807735,7.846333932826428e-06,0.051603230536034245,0.0003054206431966895,0.0034160710580386144,5.7586966103673285e-05,3.90909747454138e-05,1.0020822612528671e-06,3.9090974745450954e-05,1.0020822612530655e-06,3.7533552280741e-05,9.986982956672633e-07,3.158592596457041e-05,7.70758781118674e-07,2.7579585838737406e-05,1.1340569896352758e-06
normal,jump_oracle,0.05,middle,InitialKupiecGate,500,0.002918845817399074,5.076023791697856e-07,0.049871589208332026,9.139569492472264e-05,0.002934967113511396,7.671686023723682e-06,0.05100266666666664,0.0004985608180896528,0.0001767441311765982,3.811219975374117e-05,1.7293897414710406e-06,5.076023791695842e-07,1.729389741473613e-06,5.076023791697855e-07,1.7196727676365917e-07,5.090340386425819e-07,-5.775659039406934e-06,5.997933888325722e-07,-9.781999165239934e-06,8.770059867070524e-07
normal,jump_oracle,0.05,middle,PastSelectedRolling,500,0.0029286278165643136,9.792836737658047e-07,0.049237171038056755,0.00026719139291245925,0.002943961226358483,7.695409325987007e-06,0.05003733333333331,0.0004303565231637773,0.0016716181564901305,6.856136343174998e-05,1.1511388906674894e-05,9.792836737656797e-07,1.1511388906713547e-05,9.792836737658047e-07,9.953966442003593e-06,9.828997390559528e-07,4.006340125833e-06,9.391074482731947e-07,0.0,0.0
normal,jump_oracle,0.05,middle,Raw,500,0.0029171164276576007,3.882844402217134e-20,0.0499999999999999,0.0,0.0029332624647417397,7.630215461514222e-06,0.051151999999999975,0.0005049053660192649,0.0,0.0,0.0,0.0,0.0,0.0,-1.5574224647099539e-06,8.991347375739986e-08,-7.505048780880547e-06,3.5997883920556144e-07,-1.1511388906713547e-05,9.792836737658047e-07
normal,jump_oracle,0.05,middle,Rolling1000,500,0.0029192882941860964,1.1770342575061432e-07,0.04995281928927191,0.00016309709674380276,0.0029353548190908275,7.626492516153205e-06,0.05086399999999998,0.0004648101098403011,0.0008713472680499984,2.476757384461248e-05,2.1718665284599986e-06,1.1770342575058084e-07,2.1718665284963516e-06,1.1770342575061432e-07,6.144440637863976e-07,1.3127663574398688e-07,-5.333182252384196e-06,3.186789653212971e-07,-9.339522378217197e-06,9.675457913958956e-07
normal,jump_oracle,0.05,middle,Rolling125,500,0.002972664360457807,1.5194439433939047e-06,0.04686337062802749,0.0004155418362189554,0.0029882319329274216,8.091982804277323e-06,0.04765866666666664,0.00027688160116618604,0.004603769644830089,7.364633255444015e-05,5.554793280016583e-05,1.5194439433934028e-06,5.554793280020735e-05,1.5194439433939051e-06,5.39905103354974e-05,1.5165795074224997e-06,4.8042884019326795e-05,1.401100329705491e-06,4.4036543893493804e-05,1.5061367161638865e-06
normal,jump_oracle,0.05,middle,Rolling250,500,0.0029423783473426623,9.454808089659677e-07,0.047147773022416545,0.0003871002732627545,0.002958709355027812,7.645738447809656e-06,0.048117333333333304,0.0003323311909607872,0.003052061870713081,6.388067057807719e-05,2.526191968502819e-05,9.454808089658933e-07,2.5261919685062543e-05,9.454808089659677e-07,2.3704497220352587e-05,9.453306432189718e-07,1.7756870904181993e-05,7.554320377167641e-07,1.3750530778348997e-05,1.0772323027018156e-06
normal,jump_oracle,0.05,middle,Rolling500,500,0.0029246214764384803,3.5997883920556144e-07,0.04950718004885787,0.0002728464661967913,0.00294080715494346,7.609398964342461e-06,0.050533333333333305,0.00041131188415021206,0.0016000060700159077,4.0924788962094566e-05,7.5050487808424205e-06,3.59978839205508e-07,7.505048780880547e-06,3.5997883920556144e-07,5.947626316170593e-06,3.637562069985087e-07,0.0,0.0,-4.006340125833e-06,9.391074482731947e-07
normal,jump_oracle,0.05,middle,Static-CP,500,0.0029186738501223095,8.991347375739986e-08,0.05006617896043998,0.0001506970282700507,0.0029349673006434152,7.664886298360859e-06,0.0511253333333333,0.0005341665635483035,0.0007467494451002936,2.445385575755299e-05,1.5574224646740354e-06,8.991347375727923e-08,1.5574224647099539e-06,8.991347375739986e-08,0.0,0.0,-5.947626316170593e-06,3.637562069985087e-07,-9.953966442003593e-06,9.828997390559528e-07
normal,jump_oracle,0.05,middle,VolRolling250,500,0.002945393301024343,1.0193924266403963e-06,0.04714765710334232,0.00040595262379517215,0.002961943562874255,7.634036158742357e-06,0.04816533333333331,0.00035425145835557206,0.0032523984493515847,6.663102848733756e-05,2.8276873366707742e-05,1.0193924266402127e-06,2.8276873366743345e-05,1.0193924266403963e-06,2.6719450902033392e-05,1.0183923531185662e-06,2.07718245858628e-05,8.141631711047909e-07,1.6765484460029798e-05,1.1294904005496607e-06
normal,jump_oracle,0.05,middle,VolRolling500,500,0.002930001656685821,6.056293745445812e-07,0.04960457764571508,0.00036198522881352574,0.0029464596962441494,7.620969973059248e-06,0.0505973333333333,0.00044342062615918844,0.002129900871583885,5.341861648053467e-05,1.2885229028184719e-05,6.05629374544644e-07,1.2885229028221152e-05,6.056293745445813e-07,1.1327806563511197e-05,6.041418645601413e-07,5.380180247340604e-06,2.948179474872644e-07,1.3738401215076038e-06,1.0061714446099677e-06
normal,jump_oracle,0.05,post,DtACI500,500,0.002959433698549273,7.604562903554986e-07,0.0506503592162047,0.00029183004845255374,0.0029683797297992776,4.822863229705907e-06,0.05112805400092538,0.0001107256692636383,0.003569758688870447,4.180473257389309e-05,4.231727089163792e-05,7.60456290355441e-07,4.231727089167335e-05,7.604562903554986e-07,4.075984842696359e-05,7.600157843663585e-07,3.22863491053302e-05,5.212776467427683e-07,3.0192935283839605e-05,8.402723749380301e-07
normal,jump_oracle,0.05,post,InitialKupiecGate,500,0.0029185756240233712,3.625731132037269e-07,0.04991153611844699,7.084336200256109e-05,0.0029264961622914205,4.656839761390459e-06,0.05039200000000001,0.00029098111970375,0.00017111449847881981,3.303633317619256e-05,1.4591963657688126e-06,3.625731132035173e-07,1.4591963657708097e-06,3.625731132037269e-07,-9.822609893894458e-08,3.6756955790333304e-07,-8.571725420572336e-06,4.816657603663382e-07,-1.0665139242062932e-05,7.273545846066213e-07
normal,jump_oracle,0.05,post,PastSelectedRolling,500,0.002929240763265433,7.733880492468087e-07,0.049343431658868585,0.00021576340422804042,0.0029375805091162027,4.706030202982422e-06,0.049726,0.00019842528363687106,0.0017962244762509067,5.606338517162328e-05,1.2124335607798714e-05,7.733880492468043e-07,1.2124335607833742e-05,7.733880492468087e-07,1.0566913143123985e-05,7.804445508750729e-07,2.093413821490595e-06,7.154465727338374e-07,0.0,0.0
normal,jump_oracle,0.05,post,Raw,500,0.0029171164276576007,3.882844402217134e-20,0.0499999999999999,0.0,0.0029249091634389168,4.646428443362911e-06,0.05048400000000001,0.00029837819473645924,0.0,0.0,0.0,0.0,0.0,0.0,-1.5574224647097544e-06,8.991347375735814e-08,-1.0030921786343145e-05,3.562484755397052e-07,-1.2124335607833742e-05,7.733880492468087e-07
normal,jump_oracle,0.05,post,Rolling1000,500,0.002920328545252296,1.5335440022502474e-07,0.04982975280529999,0.00016868151177605944,0.0029284599757855643,4.626128557378762e-06,0.050156000000000006,0.00021774791919241214,0.0010333713809093027,2.4884958454157133e-05,3.2121175946628124e-06,1.5335440022499787e-07,3.2121175946961385e-06,1.5335440022502474e-07,1.6546951299863839e-06,1.686911590195504e-07,-6.818804191647007e-06,2.6164511987725476e-07,-8.912218013137601e-06,7.450190390276182e-07
normal,jump_oracle,0.05,post,Rolling125,500,0.0029693375745316404,9.553389563763844e-07,0.04727594701740897,0.0002556516138954413,0.002977020380363914,4.902765886042994e-06,0.047748000000000006,0.00014690184581757037,0.004409524680713247,4.625052547788756e-05,5.222114687400353e-05,9.553389563761828e-07,5.2221146874040335e-05,9.553389563763844e-07,5.066372440933059e-05,9.550031013305293e-07,4.2190225087697193e-05,8.197091450782863e-07,4.009681126620661e-05,1.0042200055837187e-06
normal,jump_oracle,0.05,post,Rolling250,500,0.0029417947431392465,6.253688908144449e-07,0.04747654028724582,0.00025303253579534227,0.0029499893804332167,4.7649450141974535e-06,0.047928000000000005,0.00013950108639796476,0.0029871335590939204,4.1931993663174605e-05,2.4678315481611246e-05,6.253688908144405e-07,2.467831548164675e-05,6.253688908144449e-07,2.3120893016936995e-05,6.298439298378236e-07,1.4647393695303602e-05,4.209877302059298e-07,1.2553979873813008e-05,8.039049098062368e-07
normal,jump_oracle,0.05,post,Rolling500,500,0.0029271473494439427,3.562484755397052e-07,0.04953904453113631,0.00023641172677297094,0.0029353851954348246,4.686162890054807e-06,0.049916,0.00015878385505223918,0.001840016880478249,3.4089852399475804e-05,1.0030921786309716e-05,3.562484755396452e-07,1.0030921786343145e-05,3.562484755397052e-07,8.473499321633392e-06,3.6520690605299856e-07,0.0,0.0,-2.093413821490595e-06,7.154465727338374e-07
normal,jump_oracle,0.05,post,Static-CP,500,0.0029186738501223095,8.991347375735814e-08,0.05006617896043997,0.00015069702827005073,0.0029268531781902456,4.654132230798515e-06,0.05047600000000001,0.00034381283065797603,0.0007467494451002934,2.445385575755298e-05,1.5574224646740354e-06,8.991347375727923e-08,1.5574224647097544e-06,8.991347375735814e-08,0.0,0.0,-8.473499321633392e-06,3.6520690605299856e-07,-1.0566913143123985e-05,7.804445508750729e-07
normal,jump_oracle,0.05,post,VolRolling250,500,0.0029452437742407164,6.881715273793297e-07,0.04742065543758782,0.00026898564801635684,0.00295350653636302,4.761653172509537e-06,0.047928,0.00015108701656047846,0.0032305752853273315,4.439614307780709e-05,2.8127346583081198e-05,6.881715273793658e-07,2.8127346583116746e-05,6.881715273793297e-07,2.656992411840699e-05,6.907712230977563e-07,1.8096424796773598e-05,4.797503785903224e-07,1.6003010975283005e-05,8.436494401046688e-07
normal,jump_oracle,0.05,post,VolRolling500,500,0.002930335559953453,4.442011264398254e-07,0.04959371572686518,0.0002696922204629475,0.00293874160332983,4.688463273314928e-06,0.05000200000000001,0.00018386845084034632,0.0021643721658829223,3.9119328705504116e-05,1.3219132295818867e-05,4.442011264398275e-07,1.321913229585316e-05,4.442011264398254e-07,1.1661709831143405e-05,4.4848319619896487e-07,3.1882105095100135e-06,1.5381783068618494e-07,1.0947966880194186e-06,7.3033645624585e-07
normal,jump_oracle,0.05,pre,DtACI500,500,0.0014889207592223993,7.321419720520732e-07,0.05162616167124834,0.00048555672090280197,0.001492349768451079,4.962338320837507e-06,0.05161219295914396,0.0004101941855911971,0.0021551135101484926,3.543057420098072e-05,3.0362545393603877e-05,7.321419720520215e-07,3.0362545393599276e-05,7.321419720520733e-07,2.7251745093896003e-05,7.425969953108256e-07,2.3614486571544396e-05,5.984401729286831e-07,2.0906064971594798e-05,6.898018926703682e-07
normal,jump_oracle,0.05,pre,InitialKupiecGate,500,0.001459956643759943,3.412416705940507e-07,0.04987337993665348,0.00015074306369475358,0.0014636908343277925,4.778756894538353e-06,0.049704000000000005,0.0005995997061500534,0.0001293069858256814,2.6142960449243037e-05,1.3984299311433032e-06,3.412416705940773e-07,1.3984299311428058e-06,3.412416705940507e-07,-1.7123703685604686e-06,3.664304307745944e-07,-5.3496288909120715e-06,3.616387752002284e-07,-8.05805049086167e-06,6.652670373422222e-07
normal,jump_oracle,0.05,pre,PastSelectedRolling,500,0.0014680146942508043,7.168411979932693e-07,0.049356453280047216,0.0004122963189607493,0.0014718878728205537,4.8711036889820395e-06,0.049176000000000004,0.0006058515992556603,0.0011796247909470626,4.322078085016595e-05,9.456480422012292e-06,7.168411979931043e-07,9.456480422004476e-06,7.168411979932693e-07,6.345680122301201e-06,7.173609409562553e-07,2.7084215999495983e-06,6.092402278904052e-07,0.0,0.0
normal,jump_oracle,0.05,pre,Raw,500,0.0014585582138288004,1.941422201108567e-20,0.0499999999999999,0.0,0.001461948596958595,4.724322320408102e-06,0.049688,0.000585514274746452,0.0,0.0,0.0,0.0,0.0,0.0,-3.1108002997032744e-06,1.7907220416406226e-07,-6.7480588220548765e-06,3.501156689907337e-07,-9.456480422004476e-06,7.168411979932693e-07
normal,jump_oracle,0.05,pre,Rolling1000,500,0.001461684355765971,1.6447833944147144e-07,0.0502911368503036,0.00028605002591577293,0.0014658048490941082,4.762777943638131e-06,0.04992,0.0006027219487416979,0.0007505232513759563,2.137727443177965e-05,3.126141937176235e-06,1.6447833944149166e-07,3.1261419371708753e-06,1.6447833944147144e-07,1.5341637467601153e-08,1.1165553237435906e-07,-3.621916884884002e-06,2.9640694478554727e-07,-6.3303384848336e-06,6.923166375089102e-07
normal,jump_oracle,0.05,pre,Rolling125,500,0.0014866289189269092,9.855055966179782e-07,0.04743697853559949,0.0004953680467478173,0.001490527228377999,5.023550022801061e-06,0.047824000000000005,0.0004057330237645764,0.002274540689439351,4.6237031570623284e-05,2.807070509811414e-05,9.855055966177963e-07,2.8070705098109274e-05,9.855055966179782e-07,2.4959904798405998e-05,9.97245701860133e-07,2.1322646276054398e-05,9.378826565400229e-07,1.8614224676104803e-05,8.596392187050338e-07
normal,jump_oracle,0.05,pre,Rolling250,500,0.001472798835890147,6.46579170262256e-07,0.0475171354512603,0.0004776646991788387,0.001475809738952446,4.814038237692699e-06,0.047408000000000006,0.0005122028656217204,0.0016065276328616372,4.0884870458930566e-05,1.424062206135479e-05,6.465791702621469e-07,1.4240622061346877e-05,6.46579170262256e-07,1.1129821761643602e-05,6.599258632509133e-07,7.492563239292e-06,5.106698373862289e-07,4.784141639342401e-06,5.26545696158698e-07
normal,jump_oracle,0.05,pre,Rolling500,500,0.0014653062726508548,3.501156689907338e-07,0.05028632148478142,0.00040094341033848136,0.001469571317289955,4.805629428346489e-06,0.05026400000000001,0.0006030422272575208,0.0010832195159810102,3.0479053197594042e-05,6.7480588220644284e-06,3.501156689907964e-07,6.7480588220548765e-06,3.501156689907337e-07,3.637258522351603e-06,3.4329159012365177e-07,0.0,0.0,-2.7084215999495983e-06,6.092402278904052e-07
normal,jump_oracle,0.05,pre,Static-CP,500,0.0014616690141285031,1.7907220416406226e-07,0.05031293371215322,0.00030158784058243425,0.0014655575340643031,4.7596173237088975e-06,0.05000800000000001,0.0006706201120376115,0.0007467494451002929,2.445385575755299e-05,3.110800299710482e-06,1.7907220416408942e-07,3.1108002997032744e-06,1.7907220416406226e-07,0.0,0.0,-3.637258522351603e-06,3.4329159012365177e-07,-6.345680122301201e-06,7.173609409562553e-07
normal,jump_oracle,0.05,pre,VolRolling250,500,0.001472798835890147,6.46579170262256e-07,0.0475171354512603,0.0004776646991788387,0.001475809738952446,4.814038237692699e-06,0.047408000000000006,0.0005122028656217204,0.0016065276328616372,4.0884870458930566e-05,1.424062206135479e-05,6.465791702621469e-07,1.4240622061346877e-05,6.46579170262256e-07,1.1129821761643602e-05,6.599258632509133e-07,7.492563239292e-06,5.106698373862289e-07,4.784141639342401e-06,5.26545696158698e-07
normal,jump_oracle,0.05,pre,VolRolling500,500,0.0014653062726508548,3.501156689907338e-07,0.05028632148478142,0.00040094341033848136,0.001469571317289955,4.805629428346489e-06,0.05026400000000001,0.0006030422272575208,0.0010832195159810102,3.0479053197594042e-05,6.7480588220644284e-06,3.501156689907964e-07,6.7480588220548765e-06,3.501156689907337e-07,3.637258522351603e-06,3.4329159012365177e-07,0.0,0.0,-2.7084215999495983e-06,6.092402278904052e-07
normal,reverses,0.01,acute,DtACI500,500,0.0004648852310351738,1.2914867630767437e-06,0.0008290342921708273,2.6427515375601106e-05,0.000464343839134709,2.145682649124134e-06,0.0007582081210370176,0.00021970967110397334,0.013256350844314209,0.00013889116449224058,8.796702133094015e-05,1.2914867630759232e-06,5.533005602397379e-05,1.2914867630767437e-06,-9.692143292548601e-06,1.4581909638137628e-06,-1.16250086112166e-05,8.075465191499661e-07,-1.39634376332754e-05,1.297434711396882e-06
normal,reverses,0.01,acute,InitialKupiecGate,500,0.00046259525716404857,1.8538481158951329e-06,0.0009365300672827169,3.924729812415614e-05,0.0004610731687389804,2.5088322224615586e-06,0.0009000000000000001,0.00029758547381963544,0.012982053574069187,0.00020004658388799156,8.567704745981529e-05,1.8538481158941558e-06,5.30400821528486e-05,1.8538481158951329e-06,-1.19821171636738e-05,1.823353704944204e-06,-1.3914982482341796e-05,1.6627715511845353e-06,-1.62534115044006e-05,1.3289852067472531e-06
normal,reverses,0.01,acute,PastSelectedRolling,500,0.0004788486686684492,1.3220116911438581e-06,0.0004544481388603595,1.1935120851386698e-05,0.0004781603819711378,2.021203260702626e-06,0.0004,0.00019939789125784696,0.014814625641610636,0.0001360931634979733,0.00010193045896420874,1.3220116911429586e-06,6.92934936572492e-05,1.3220116911438581e-06,4.2712943407268e-06,1.3171881830886715e-06,2.338429022058802e-06,1.153038165635096e-06,0.0,0.0
normal,reverses,0.01,acute,Raw,500,0.00040955517501119985,7.280333254157127e-21,0.0023541050829545994,1.941422201108567e-20,0.0004087282872006282,2.8709346785011993e-06,0.0022,0.000459065880855822,0.007071067811865399,3.882844402217134e-20,3.2636965306990494e-05,3.033472189232136e-22,0.0,0.0,-6.50221993165224e-05,7.359331596579654e-07,-6.695506463519039e-05,1.0579999928425342e-06,-6.92934936572492e-05,1.3220116911438581e-06
normal,reverses,0.01,acute,Rolling1000,500,0.0004739528033333714,7.116552183767755e-07,0.00045470131394932136,8.265923174775067e-06,0.000473235286236712,1.6656291854629726e-06,0.00030000000000000003,0.0001728576278879184,0.014326068667486317,7.43296105957911e-05,9.703459362913467e-05,7.116552183758503e-07,6.439762832217139e-05,7.116552183767754e-07,-6.245709943509992e-07,5.588552843194542e-07,-2.5574363130189974e-06,8.443364295094794e-07,-4.8958653350778e-06,1.1113501565893593e-06
normal,reverses,0.01,acute,Rolling125,500,0.0005028317067328322,2.5425021574476314e-06,0.00045835332394717496,2.7039442604816553e-05,0.0005029409219370808,3.041407500862606e-06,0.0009000000000000001,0.00029758547381963544,0.01720449455266612,0.00026225500176814805,0.00012591349702858264,2.5425021574467784e-06,9.32765317216322e-05,2.5425021574476314e-06,2.82543324051098e-05,2.6463527707612045e-06,2.6321467086441798e-05,2.437394251151665e-06,2.3983038064382996e-05,2.302589451228568e-06
normal,reverses,0.01,acute,Rolling250,500,0.0004940969944585613,1.7598155917882798e-06,0.00037654171149635883,1.4987799417740979e-05,0.0004930167692576208,2.2875104337443664e-06,0.00030000000000000003,0.0001728576278879184,0.016368496645916962,0.00018094155107004274,0.0001171787847543137,1.7598155917875924e-06,8.454181944736119e-05,1.7598155917882798e-06,1.95196201308388e-05,1.9402106894753644e-06,1.75867548121708e-05,1.507546673716404e-06,1.5248325790112002e-05,1.5177066021020024e-06
normal,reverses,0.01,acute,Rolling500,500,0.0004765102396463904,1.0579999928425342e-06,0.00046806714893722303,1.2640877898863737e-05,0.00047586734729021383,1.876216022703312e-06,0.0004,0.00019939789125784696,0.014575263433816286,0.0001104727754281346,9.9592029942152e-05,1.0579999928415114e-06,6.695506463519039e-05,1.0579999928425342e-06,1.9328653186679985e-06,1.1182386729045806e-06,0.0,0.0,-2.338429022058802e-06,1.153038165635096e-06
normal,reverses,0.01,acute,Static-CP,500,0.0004745773743277224,7.359331596579654e-07,0.0004490497514764574,8.383927505296483e-06,0.00047446021408041204,1.7624680493801891e-06,0.00030000000000000003,0.0001728576278879184,0.014390730916903852,7.677727628745777e-05,9.765916462348235e-05,7.359331596570759e-07,6.50221993165224e-05,7.359331596579654e-07,0.0,0.0,-1.9328653186679985e-06,1.1182386729045806e-06,-4.2712943407268e-06,1.3171881830886715e-06
normal,reverses,0.01,acute,VolRolling250,500,0.0004940969944585613,1.7598155917882798e-06,0.00037654171149635883,1.4987799417740979e-05,0.0004930167692576208,2.2875104337443664e-06,0.00030000000000000003,0.0001728576278879184,0.016368496645916962,0.00018094155107004274,0.0001171787847543137,1.7598155917875924e-06,8.454181944736119e-05,1.7598155917882798e-06,1.95196201308388e-05,1.9402106894753644e-06,1.75867548121708e-05,1.507546673716404e-06,1.5248325790112002e-05,1.5177066021020024e-06
normal,reverses,0.01,acute,VolRolling500,500,0.0004765102396463904,1.0579999928425342e-06,0.00046806714893722303,1.2640877898863737e-05,0.00047586734729021383,1.876216022703312e-06,0.0004,0.00019939789125784696,0.014575263433816286,0.0001104727754281346,9.9592029942152e-05,1.0579999928415114e-06,6.695506463519039e-05,1.0579999928425342e-06,1.9328653186679985e-06,1.1182386729045806e-06,0.0,0.0,-2.338429022058802e-06,1.153038165635096e-06
normal,reverses,0.01,early,DtACI500,500,0.00044170604299979696,1.061870161019432e-06,0.0019678345755809886,5.0553031756337227e-05,0.0004419466336630832,1.620195653616508e-06,0.002065940811102924,0.0001358319271243137,0.010504572228857988,0.00012185663556880217,6.47878332955753e-05,1.0618701610190847e-06,3.215086798859699e-05,1.061870161019432e-06,-3.2871331327924994e-05,1.3032767126049904e-06,-2.8407868861386604e-05,6.71038121424539e-07,-2.8246474242692802e-05,9.640476812960065e-07
normal,reverses,0.01,early,InitialKupiecGate,500,0.00045537747528279237,1.5617706820637837e-06,0.0010875923246364994,4.205081120757655e-05,0.00045614851710080686,1.8925766822586803e-06,0.001180952380952378,0.00016872894214876077,0.01220314023911665,0.0001718202115342564,7.845926557856417e-05,1.5617706820629095e-06,4.582230027159239e-05,1.5617706820637835e-06,-1.9199899044929602e-05,1.55169845803732e-06,-1.47364365783912e-05,1.4046169290873579e-06,-1.4575041959697398e-05,1.1983706862921205e-06
normal,reverses,0.01,early,PastSelectedRolling,500,0.00046995251724248977,1.0947230543503638e-06,0.0006405007557965353,2.6976823804987314e-05,0.00046994625400477864,1.4237930704629523e-06,0.000590476190476189,0.00011292571209004,0.013854223937264001,0.00011677419390036373,9.30343075382573e-05,1.0947230543495187e-06,6.03973422312898e-05,1.0947230543503638e-06,-4.624857085232201e-06,1.137254672500265e-06,-1.6139461869380055e-07,8.834653916328225e-07,0.0,0.0
normal,reverses,0.01,early,Raw,500,0.00040955517501119985,7.280333254157127e-21,0.0023541050829545994,1.941422201108567e-20,0.00041038344734269376,1.370080555294052e-06,0.0024380952380952323,0.00022498054099303623,0.007071067811865399,3.882844402217134e-20,3.263696530699049e-05,0.0,0.0,0.0,-6.502219931652199e-05,7.359331596579763e-07,-6.055873684998359e-05,1.0214202658709214e-06,-6.03973422312898e-05,1.0947230543503638e-06
normal,reverses,0.01,early,Rolling1000,500,0.00047062563223952724,6.986678945536517e-07,0.0004967762874415764,8.758730754375519e-06,0.0004709228899752792,1.059849222279054e-06,0.000533333333333332,0.00010858311380388401,0.01397655720204699,7.32458917377622e-05,9.370742253529319e-05,6.986678945527086e-07,6.10704572283272e-05,6.986678945536517e-07,-3.9517420881948e-06,5.900597260954485e-07,5.11720378343601e-07,8.219688337266039e-07,6.731149970374014e-07,8.511456052975063e-07
normal,reverses,0.01,early,Rolling125,500,0.00046376624191411917,1.9999783704125067e-06,0.001862346048557596,7.209898461102018e-05,0.0004637597549813812,2.4862645406097925e-06,0.0020190476190476143,0.00019211812591258452,0.012795184743933088,0.0002173188293300137,8.684803220988577e-05,1.9999783704115356e-06,5.421106690291919e-05,1.999978370412507e-06,-1.08111324136028e-05,2.135519580778618e-06,-6.347669947064399e-06,1.9107277717844057e-06,-6.186275328370598e-06,1.8052960042518293e-06
normal,reverses,0.01,early,Rolling250,500,0.0004786241149288144,1.6385214895926973e-06,0.0005925200145284277,2.2875870743642995e-05,0.0004780173181069977,1.8348626223171452e-06,0.000514285714285713,0.00010006291787342243,0.014731661403381956,0.00017157771449236435,0.0001017059052245754,1.638521489591813e-06,6.90689399176144e-05,1.6385214895926973e-06,4.0467406010923985e-06,1.792871999588886e-06,8.510203067630799e-06,1.3720167341846588e-06,8.671597686324599e-06,1.3307201791162462e-06
normal,reverses,0.01,early,Rolling500,500,0.00047011391186118354,1.0214202658709214e-06,0.0005569245824797697,1.4407996311183527e-05,0.00047014905579958967,1.2878449120899895e-06,0.000495238095238094,0.00010205224898350657,0.013899610836079946,0.00010754692825442254,9.319570215695085e-05,1.021420265870072e-06,6.055873684998359e-05,1.0214202658709214e-06,-4.463462466538401e-06,1.138680187810629e-06,0.0,0.0,1.6139461869380055e-07,8.834653916328225e-07
normal,reverses,0.01,early,Static-CP,500,0.00047457737432772204,7.359331596579763e-07,0.00044904975147645764,8.38392750529647e-06,0.0004749626814248654,1.0756764302810754e-06,0.000533333333333332,0.000108583113803884,0.014390730916903852,7.677727628745781e-05,9.765916462348235e-05,7.359331596570759e-07,6.502219931652199e-05,7.359331596579763e-07,0.0,0.0,4.463462466538401e-06,1.138680187810629e-06,4.624857085232201e-06,1.137254672500265e-06
normal,reverses,0.01,early,VolRolling250,500,0.0004786241149288144,1.6385214895926973e-06,0.0005925200145284277,2.2875870743642995e-05,0.0004780173181069977,1.8348626223171452e-06,0.000514285714285713,0.00010006291787342243,0.014731661403381956,0.00017157771449236435,0.0001017059052245754,1.638521489591813e-06,6.90689399176144e-05,1.6385214895926973e-06,4.0467406010923985e-06,1.792871999588886e-06,8.510203067630799e-06,1.3720167341846588e-06,8.671597686324599e-06,1.3307201791162462e-06
normal,reverses,0.01,early,VolRolling500,500,0.00047011391186118354,1.0214202658709214e-06,0.0005569245824797697,1.4407996311183527e-05,0.00047014905579958967,1.2878449120899895e-06,0.000495238095238094,0.00010205224898350657,0.013899610836079946,0.00010754692825442254,9.319570215695085e-05,1.021420265870072e-06,6.055873684998359e-05,1.0214202658709214e-06,-4.463462466538401e-06,1.138680187810629e-06,0.0,0.0,1.6139461869380055e-07,8.834653916328225e-07
normal,reverses,0.01,late,DtACI500,500,0.000395047734111714,5.148280605998828e-07,0.015274119723732838,0.00021472587868372152,0.00039500008686986775,1.447181604023315e-06,0.015222919397412934,0.00014403391086620533,0.0031327876505309995,4.3379346753943646e-05,1.8129524407497805e-05,5.148280605997977e-07,-1.4507440899486007e-05,5.148280605998828e-07,-7.9529640216008e-05,8.676136102359043e-07,1.25830955015672e-05,4.808900181305996e-07,-4.9639968927725995e-06,8.735084701221281e-07
normal,reverses,0.01,late,InitialKupiecGate,500,0.0004034079259701578,6.50067286032025e-07,0.0050064956677182216,0.00016070925674305036,0.0004039105157765886,1.1476101313629748e-06,0.0052000000000000015,0.00018339921085185225,0.005617839217933479,0.00010615118624026536,2.6489716265944143e-05,6.500672860321042e-07,-6.147249041042206e-06,6.50067286032025e-07,-7.116944835756419e-05,1.015669375949207e-06,2.0943287360011003e-05,6.637125894435922e-07,3.396194965671202e-06,4.407276406254027e-07
normal,reverses,0.01,late,PastSelectedRolling,500,0.00040001173100448663,7.301725493615463e-07,0.0060936339619641535,0.000169248494557452,0.0004005153482198568,1.298363958040931e-06,0.00628,0.00019161584816119217,0.004914628895293948,0.00011609789463397177,2.3093521300270272e-05,7.301725493616652e-07,-9.54344400671341e-06,7.301725493615463e-07,-7.45656433232354e-05,1.0537128493841772e-06,1.7547092394339802e-05,7.221691039105642e-07,0.0,0.0
normal,reverses,0.01,late,Raw,500,0.00040955517501119985,7.280333254157127e-21,0.0023541050829545994,1.941422201108567e-20,0.0004092226735669156,5.571166639527852e-07,0.0024600000000000004,9.746691540824711e-05,0.007071067811865399,3.882844402217134e-20,3.263696530699049e-05,0.0,0.0,0.0,-6.502219931652199e-05,7.359331596579763e-07,2.709053640105321e-05,2.5682338867995925e-07,9.54344400671341e-06,7.301725493615463e-07
normal,reverses,0.01,late,Rolling1000,500,0.0004124833274380512,4.771743740814605e-07,0.003132958293483905,3.885831837910525e-05,0.00041236184914756257,8.562790721657748e-07,0.0032400000000000003,0.00011109222729755607,0.007014373540086074,6.228689449150027e-05,3.556511773383611e-05,4.771743740815871e-07,2.9281524268511912e-06,4.771743740814605e-07,-6.209404688967081e-05,8.748041366956501e-07,3.00186888279044e-05,5.057177050991136e-07,1.2471596433564599e-05,7.337969456826147e-07
normal,reverses,0.01,late,Rolling125,500,0.000404735651445889,7.066034665234648e-07,0.007848152167422571,0.000143767102588484,0.00040578841681940833,1.6216662618773692e-06,0.008060000000000003,0.00011962198308703693,0.0052635402437283185,9.261919907602963e-05,2.7817441741670195e-05,7.066034665234728e-07,-4.819523565311008e-06,7.066034665234648e-07,-6.9841722881833e-05,1.0156576650276418e-06,2.2271012835742205e-05,6.810073420746728e-07,4.7239204414024005e-06,8.874618025126714e-07
normal,reverses,0.01,late,Rolling250,500,0.0003915509223303444,4.893553509307632e-07,0.007655742040919842,0.0001372192838453176,0.0003919836727376778,1.4018570822853402e-06,0.007772000000000001,0.00012357416051219036,0.0036106848455792003,7.62636738222022e-05,1.4632712626129139e-05,4.893553509306575e-07,-1.8004252680855605e-05,4.893553509307632e-07,-8.30264519973776e-05,8.871812343722693e-07,9.086283720197598e-06,4.2656586437242876e-07,-8.4608086741422e-06,7.560686912784242e-07
normal,reverses,0.01,late,Rolling500,500,0.0003824646386101468,2.5682338867995925e-07,0.009694397384709392,0.00015458421542757816,0.000382556102763664,1.2627998291475113e-06,0.00978,0.00016944800161259205,0.001996638660219348,5.0066553412316486e-05,5.546428905930117e-06,2.5682338867999276e-07,-2.709053640105321e-05,2.5682338867995925e-07,-9.211273571757519e-05,7.740384364267967e-07,0.0,0.0,-1.7547092394339802e-05,7.221691039105642e-07
normal,reverses,0.01,late,Static-CP,500,0.00047457737432772204,7.359331596579763e-07,0.0004490497514764574,8.383927505296483e-06,0.0004742446286802886,8.239728429141522e-07,0.00044000000000000007,4.271356807614638e-05,0.014390730916903852,7.677727628745782e-05,9.765916462348235e-05,7.359331596570759e-07,6.502219931652199e-05,7.359331596579763e-07,0.0,0.0,9.211273571757519e-05,7.740384364267967e-07,7.45656433232354e-05,1.0537128493841772e-06
normal,reverses,0.01,late,VolRolling250,500,0.0003915509223303444,4.893553509307632e-07,0.007655742040919842,0.0001372192838453176,0.0003919836727376778,1.4018570822853402e-06,0.007772000000000001,0.00012357416051219036,0.0036106848455792003,7.62636738222022e-05,1.4632712626129139e-05,4.893553509306575e-07,-1.8004252680855605e-05,4.893553509307632e-07,-8.30264519973776e-05,8.871812343722693e-07,9.086283720197598e-06,4.2656586437242876e-07,-8.4608086741422e-06,7.560686912784242e-07
normal,reverses,0.01,late,VolRolling500,500,0.0003824646386101468,2.5682338867995925e-07,0.009694397384709392,0.00015458421542757816,0.000382556102763664,1.2627998291475113e-06,0.00978,0.00016944800161259205,0.001996638660219348,5.0066553412316486e-05,5.546428905930117e-06,2.5682338867999276e-07,-2.709053640105321e-05,2.5682338867995925e-07,-9.211273571757519e-05,7.740384364267967e-07,0.0,0.0,-1.7547092394339802e-05,7.221691039105642e-07
normal,reverses,0.01,middle,DtACI500,500,0.0004051007873430146,5.401142895234146e-07,0.009726288111870625,0.00019491045407037157,0.00040822808373200913,1.395193947707067e-06,0.010321538265218347,0.00012601078510565282,0.00506654015047917,5.980427903283148e-05,2.8182577638799097e-05,5.401142895233325e-07,-4.454387668185408e-06,5.401142895234146e-07,-6.94765869847076e-05,9.538065858905464e-07,-2.3664217728861e-05,6.199120533786458e-07,-3.25209808815128e-05,1.1528191399016952e-06
normal,reverses,0.01,middle,InitialKupiecGate,500,0.00043030432816798997,1.1669856567790874e-06,0.0025784428543263634,0.00011452846169344475,0.000430312563078258,1.4321084522615995e-06,0.002751999999999975,0.00015095219485075526,0.009178784496971376,0.00014541320141986608,5.338611846377096e-05,1.1669856567788157e-06,2.0749153156789992e-05,1.1669856567790874e-06,-4.427304615973219e-05,1.291785353690963e-06,1.5393230961144006e-06,1.179046541049434e-06,-7.3174400565373976e-06,7.390770503382153e-07
normal,reverses,0.01,middle,PastSelectedRolling,500,0.00043762176822452736,1.1399783296339442e-06,0.002544691234565974,0.0001292757957080986,0.00043763676388393997,1.436464679984841e-06,0.0027839999999999757,0.00015683641509540313,0.009955194742825092,0.00014838019421718548,6.070355852030696e-05,1.1399783296337115e-06,2.806659321332739e-05,1.1399783296339442e-06,-3.69556061031948e-05,1.3146801860420825e-06,8.856763152651798e-06,1.0730749054837774e-06,0.0,0.0
normal,reverses,0.01,middle,Raw,500,0.00040955517501119985,7.280333254157127e-21,0.0023541050829545994,1.941422201108567e-20,0.0004095940707867798,7.263268130842925e-07,0.002522666666666636,0.0001190826062529775,0.007071067811865399,3.882844402217134e-20,3.263696530699049e-05,0.0,0.0,0.0,-6.50221993165222e-05,7.359331596579792e-07,-1.9209830060675595e-05,7.512679223825748e-07,-2.806659321332739e-05,1.1399783296339442e-06
normal,reverses,0.01,middle,Rolling1000,500,0.0004564484828370618,6.807969014347337e-07,0.0007419252069917696,1.3107039256625657e-05,0.0004561497375872584,8.480617885050245e-07,0.0008106666666666502,6.62064542864079e-05,0.012458336315049851,7.326347219410963e-05,7.953027313283939e-05,6.807969014343354e-07,4.689330782586179e-05,6.807969014347337e-07,-1.8128891490660403e-05,7.678297422829302e-07,2.7683477765186197e-05,6.121901410640441e-07,1.88267146125344e-05,1.0873083827376063e-06
normal,reverses,0.01,middle,Rolling125,500,0.0004063746614828954,8.543968665919064e-07,0.007591688033822141,0.0001735600870423459,0.0004072336402549746,1.9559766439734603e-06,0.00807999999999997,0.0001510524202630818,0.005507790568501747,0.00011102192196073587,2.9456451778678067e-05,8.543968665920121e-07,-3.1805135283046077e-06,8.543968665919066e-07,-6.820271284482681e-05,1.153546618850417e-06,-2.2390343588980198e-05,1.0120646772866003e-06,-3.1247106741632e-05,1.3112091537577727e-06
normal,reverses,0.01,middle,Rolling250,500,0.0004066053039277168,6.691834424558341e-07,0.005847501665370819,0.0001347893754092545,0.0004080174933193126,1.4905047946765976e-06,0.006410666666666636,0.0001386403551420929,0.005723309734564914,9.304903209514129e-05,2.9687094223496947e-05,6.691834424557992e-07,-2.949871083483208e-06,6.691834424558341e-07,-6.797207040000541e-05,1.0089703605304275e-06,-2.21597011441588e-05,6.439744239758308e-07,-3.1016464296810596e-05,1.1225535784784036e-06
normal,reverses,0.01,middle,Rolling500,500,0.00042876500507187565,7.512679223825749e-07,0.002351201809460589,4.04581379797564e-05,0.000428457245288015,1.0419202833188778e-06,0.002645333333333301,0.00010966630626949573,0.009004639958502288,8.90015303625757e-05,5.1846795367658363e-05,7.512679223824613e-07,1.9209830060675595e-05,7.512679223825748e-07,-4.58123692558466e-05,1.0549670088752339e-06,0.0,0.0,-8.856763152651798e-06,1.0730749054837774e-06
normal,reverses,0.01,middle,Static-CP,500,0.0004745773743277222,7.359331596579792e-07,0.00044904975147645764,8.38392750529647e-06,0.00047434789443402643,8.465169427116174e-07,0.0005066666666666568,5.673833339950875e-05,0.014390730916903852,7.67772762874578e-05,9.765916462348235e-05,7.359331596570759e-07,6.50221993165222e-05,7.359331596579792e-07,0.0,0.0,4.58123692558466e-05,1.0549670088752339e-06,3.69556061031948e-05,1.3146801860420825e-06
normal,reverses,0.01,middle,VolRolling250,500,0.0004066053039277168,6.691834424558341e-07,0.005847501665370819,0.0001347893754092545,0.0004080174933193126,1.4905047946765976e-06,0.006410666666666636,0.0001386403551420929,0.005723309734564914,9.304903209514129e-05,2.9687094223496947e-05,6.691834424557992e-07,-2.949871083483208e-06,6.691834424558341e-07,-6.797207040000541e-05,1.0089703605304275e-06,-2.21597011441588e-05,6.439744239758308e-07,-3.1016464296810596e-05,1.1225535784784036e-06
normal,reverses,0.01,middle,VolRolling500,500,0.00042876500507187565,7.512679223825749e-07,0.002351201809460589,4.04581379797564e-05,0.000428457245288015,1.0419202833188778e-06,0.002645333333333301,0.00010966630626949573,0.009004639958502288,8.90015303625757e-05,5.1846795367658363e-05,7.512679223824613e-07,1.9209830060675595e-05,7.512679223825748e-07,-4.58123692558466e-05,1.0549670088752339e-06,0.0,0.0,-8.856763152651798e-06,1.0730749054837774e-06
normal,reverses,0.01,post,DtACI500,500,0.0004051135014451686,4.111709172301879e-07,0.011507621220097323,0.00015094157028474944,0.00040627684815175647,8.959908145856155e-07,0.011714124495749888,7.048402883123609e-05,0.004834453482611562,4.063747803305954e-05,2.8195291740953586e-05,4.111709172302146e-07,-4.441673566031409e-06,4.111709172301879e-07,-6.94638728825534e-05,8.448619656375108e-07,-5.797860300210402e-06,3.586756111514311e-07,-1.7922514825104e-05,7.587444140040581e-07
normal,reverses,0.01,post,InitialKupiecGate,500,0.0004201346260960502,7.085414648832968e-07,0.003603091699663981,0.00010638687290488118,0.00042043952671300697,9.24771593560202e-07,0.003774,0.00011693243514430696,0.007791934591919636,9.262336369502044e-05,4.321641639183419e-05,7.085414648831892e-07,1.0579451084850192e-05,7.085414648832968e-07,-5.444274823167179e-05,9.571124165921811e-07,9.2232643506712e-06,6.760317946305899e-07,-2.901390174222397e-06,4.015344322981853e-07
normal,reverses,0.01,post,PastSelectedRolling,500,0.0004230360162702725,7.350063897991104e-07,0.004077417736080157,0.00011568266488125518,0.0004232790248763316,9.802899142578506e-07,0.004254,0.00012361848996862989,0.007941498502451315,0.0001030480586370035,4.6117806566054504e-05,7.350063897990921e-07,1.348084125907259e-05,7.350063897991106e-07,-5.15413580574494e-05,9.996696118990182e-07,1.21246545248936e-05,6.544101404670188e-07,0.0,0.0
normal,reverses,0.01,post,Raw,500,0.00040955517501119985,7.280333254157127e-21,0.0023541050829545994,1.941422201108567e-20,0.0004094739410434966,4.182958521229486e-07,0.0024760000000000003,7.181338541420603e-05,0.007071067811865399,3.882844402217134e-20,3.263696530699049e-05,0.0,0.0,0.0,-6.502219931652199e-05,7.359331596579763e-07,-1.356186734178992e-06,4.032615183922644e-07,-1.348084125907259e-05,7.350063897991106e-07
normal,reverses,0.01,post,Rolling1000,500,0.0004363045922347428,5.090606603317592e-07,0.0019059566358242148,2.2285321109902998e-05,0.00043614868534114275,6.555762418519969e-07,0.001986,6.127901954562381e-05,0.009933122767751393,5.857973628736446e-05,5.938638253052526e-05,5.090606603317797e-07,2.674941722354279e-05,5.090606603317592e-07,-3.82727820929792e-05,7.46080654347269e-07,2.5393230489363803e-05,2.854568863627134e-07,1.3268575964470201e-05,6.630191064599913e-07
normal,reverses,0.01,post,Rolling125,500,0.00041351041331466875,5.462621392511018e-07,0.006975672497972079,0.00010274105654883496,0.00041436041621710783,1.1871202206836264e-06,0.00729,7.904616747943173e-05,0.006384775874218608,6.965784564318067e-05,3.659220361045151e-05,5.462621392511807e-07,3.955238303468792e-06,5.462621392511018e-07,-6.10669610130532e-05,9.27051655666584e-07,2.599051569289799e-06,5.345774609346094e-07,-9.525602955603799e-06,7.91323108834404e-07
normal,reverses,0.01,post,Rolling250,500,0.000408389922094764,4.695342805741009e-07,0.006090429580729389,9.409261492192998e-05,0.00040905055014996784,9.845391341322641e-07,0.006350000000000001,7.014871120246424e-05,0.005825777953524888,6.365778072154892e-05,3.1471712390545776e-05,4.6953428057409994e-07,-1.1652529164360093e-06,4.695342805741009e-07,-6.6187452232958e-05,8.81512989253263e-07,-2.5214396506150016e-06,3.5998494176766744e-07,-1.4646094175508598e-05,7.045295995486242e-07
normal,reverses,0.01,post,Rolling500,500,0.000410911361745379,4.032615183922644e-07,0.005796737795041533,8.338876811832659e-05,0.0004108325161695978,7.918460864348147e-07,0.005942000000000001,8.349379874492306e-05,0.0061260237210127525,5.111718845509043e-05,3.3993152041162176e-05,4.0326151839223504e-07,1.356186734178992e-06,4.032615183922644e-07,-6.3666012582343e-05,8.149436178339163e-07,0.0,0.0,-1.21246545248936e-05,6.544101404670188e-07
normal,reverses,0.01,post,Static-CP,500,0.00047457737432772204,7.359331596579763e-07,0.0004490497514764574,8.383927505296483e-06,0.00047436306058412295,7.849545838926331e-07,0.0004720000000000001,3.2070063578919076e-05,0.014390730916903852,7.677727628745784e-05,9.765916462348235e-05,7.359331596570759e-07,6.502219931652199e-05,7.359331596579763e-07,0.0,0.0,6.3666012582343e-05,8.149436178339163e-07,5.15413580574494e-05,9.996696118990182e-07
normal,reverses,0.01,post,VolRolling250,500,0.000408389922094764,4.695342805741009e-07,0.006090429580729389,9.409261492192998e-05,0.00040905055014996784,9.845391341322641e-07,0.006350000000000001,7.014871120246424e-05,0.005825777953524888,6.365778072154892e-05,3.1471712390545776e-05,4.695342805740999e-07,-1.1652529164360093e-06,4.695342805741009e-07,-6.6187452232958e-05,8.81512989253263e-07,-2.5214396506150016e-06,3.5998494176766744e-07,-1.4646094175508598e-05,7.045295995486242e-07
normal,reverses,0.01,post,VolRolling500,500,0.000410911361745379,4.032615183922644e-07,0.005796737795041533,8.338876811832659e-05,0.0004108325161695978,7.918460864348147e-07,0.005942000000000001,8.349379874492306e-05,0.0061260237210127525,5.111718845509043e-05,3.3993152041162176e-05,4.0326151839223504e-07,1.356186734178992e-06,4.032615183922644e-07,-6.3666012582343e-05,8.149436178339163e-07,0.0,0.0,-1.21246545248936e-05,6.544101404670188e-07
normal,reverses,0.01,pre,DtACI500,500,0.00039264448581128263,4.2984835204790125e-07,0.01325953531627542,0.0002201760579820696,0.0003927320070807718,2.0882340042791468e-06,0.013089237509689348,0.00022086193930181912,0.00299989240931185,4.914753402986826e-05,1.5726276107065578e-05,4.2984835204796843e-07,-5.45206424980174e-05,4.2984835204790125e-07,1.3057179252745599e-05,4.5705074258623274e-07,1.0536761573103799e-05,3.719282556919219e-07,7.241470215194799e-06,6.954986973187429e-07
normal,reverses,0.01,pre,InitialKupiecGate,500,0.0004022202268887256,1.35496135946414e-06,0.01556410387800485,0.0005105339909543696,0.000403806682812381,2.8901856204360617e-06,0.015344000000000002,0.0006121051162559362,0.003687204826157477,0.00013068209326727814,2.5302017184514485e-05,1.3549613594645292e-06,-4.4944901420574396e-05,1.3549613594641398e-06,2.26329203301886e-05,1.3550428647907686e-06,2.0112502650546802e-05,1.3223963852520511e-06,1.68172112926378e-05,1.281662922258859e-06
normal,reverses,0.01,pre,PastSelectedRolling,500,0.0003854030155960878,6.701713333438891e-07,0.009620494077977073,0.0001714690614533123,0.0003864425232239252,2.051552620838277e-06,0.009600000000000001,0.00027832882327875327,0.0023404789859213905,0.00010207018679782973,8.484805891870368e-06,6.70171333343806e-07,-6.17621127132122e-05,6.701713333438891e-07,5.8157090375508e-06,6.767207946310564e-07,3.2952913579090005e-06,6.062822318009079e-07,0.0,0.0
normal,reverses,0.01,pre,Raw,500,0.0004471651283093,0.0,0.0338989391228427,0.0,0.0004489178969644836,3.90899786098348e-06,0.033664,0.0005249660815457957,0.007071067811865399,3.882844402217134e-20,7.024691860510674e-05,0.0,0.0,0.0,6.757782175076298e-05,1.692812308878747e-07,6.50574040711212e-05,2.485459105585803e-07,6.17621127132122e-05,6.701713333438891e-07
normal,reverses,0.01,pre,Rolling1000,500,0.0003794509961023178,1.368254909917648e-07,0.009971767866903632,0.00012604489572100557,0.0003806504069201346,1.913015983387537e-06,0.009920000000000002,0.00028185472174213557,0.0013398530745844057,4.049162509062417e-05,2.5327863981015894e-06,1.368254909917876e-07,-6.77141322069822e-05,1.368254909917648e-07,-1.3631045621919973e-07,9.308989166222965e-08,-2.6567281358609993e-06,2.2182706716674113e-07,-5.95201949377e-06,6.595168474421403e-07
normal,reverses,0.01,pre,Rolling125,500,0.0004067831490007058,1.0730292926193559e-06,0.00798540518774376,0.00020424696406331518,0.0004058477450423242,2.3841463824715196e-06,0.007744000000000002,0.00019842296072452242,0.005499661689922826,0.00013662010852452533,2.9864939296488673e-05,1.073029292619156e-06,-4.0381979308594204e-05,1.0730292926193559e-06,2.71958424421688e-05,1.0812084616978944e-06,2.4675424762527e-05,1.0378998385363951e-06,2.1380133404618002e-05,9.97666027416468e-07
normal,reverses,0.01,pre,Rolling250,500,0.0003921583224886884,6.754832679774839e-07,0.007832477691480304,0.000184231969548553,0.00039334562374534045,2.030284197041287e-06,0.007640000000000001,0.00020804654943898238,0.0036924132285412166,0.00010387449975361378,1.5240112784471063e-05,6.754832679774648e-07,-5.50068058206116e-05,6.754832679774839e-07,1.25710159301514e-05,6.861948508995905e-07,1.00505982505096e-05,6.105920136222837e-07,6.755306892600599e-06,6.671238767524713e-07
normal,reverses,0.01,pre,Rolling500,500,0.00038210772423817883,2.485459105585803e-07,0.009927699245152629,0.0001687231721236768,0.0003836277710570624,1.9074576923793384e-06,0.009976,0.00027821152259136433,0.001930286862713022,5.47794735575343e-05,5.189514533961071e-06,2.485459105585048e-07,-6.50574040711212e-05,2.485459105585803e-07,2.520417679641799e-06,2.569790407442421e-07,0.0,0.0,-3.2952913579090005e-06,6.062822318009079e-07
normal,reverses,0.01,pre,Static-CP,500,0.000379587306558537,1.692812308878747e-07,0.009973444335096329,0.00013882483010727625,0.0003810037835544244,1.9350299634076135e-06,0.009968,0.00032141650414730814,0.0013592616408971657,4.8124915496463864e-05,2.6690968543184118e-06,1.6928123088786992e-07,-6.757782175076298e-05,1.692812308878747e-07,0.0,0.0,-2.520417679641799e-06,2.569790407442421e-07,-5.8157090375508e-06,6.767207946310564e-07
normal,reverses,0.01,pre,VolRolling250,500,0.0003921583224886884,6.754832679774839e-07,0.007832477691480304,0.000184231969548553,0.00039334562374534045,2.030284197041287e-06,0.007640000000000001,0.00020804654943898238,0.0036924132285412166,0.00010387449975361378,1.5240112784471063e-05,6.754832679774648e-07,-5.50068058206116e-05,6.754832679774839e-07,1.25710159301514e-05,6.861948508995905e-07,1.00505982505096e-05,6.105920136222837e-07,6.755306892600599e-06,6.671238767524713e-07
normal,reverses,0.01,pre,VolRolling500,500,0.00038210772423817883,2.485459105585803e-07,0.009927699245152629,0.0001687231721236768,0.0003836277710570624,1.9074576923793384e-06,0.009976,0.00027821152259136433,0.001930286862713022,5.47794735575343e-05,5.189514533961071e-06,2.485459105585048e-07,-6.50574040711212e-05,2.485459105585803e-07,2.520417679641799e-06,2.569790407442421e-07,0.0,0.0,-3.2952913579090005e-06,6.062822318009079e-07
normal,reverses,0.05,acute,DtACI500,500,0.0018631948617098342,4.177182053404118e-06,0.005432329236948959,0.00010234435576941733,0.001859519386818017,8.459816455826204e-06,0.00466570459015039,0.0005789482680863558,0.013501456817446354,9.317927139839338e-05,0.0004046366478809886,4.177182053404189e-06,0.0002658040123335342,4.177182053404118e-06,-2.5602901492463805e-05,4.589224043341337e-06,-2.440961388174801e-05,2.9654300268771245e-06,-2.6146239466536004e-05,3.6614063088508406e-06
normal,reverses,0.05,acute,InitialKupiecGate,500,0.0018875634698548483,3.051016219112355e-06,0.004319421520450115,7.076237673583952e-05,0.0018846314241007726,7.711334153240896e-06,0.0037,0.0005859237264580202,0.014105865016785046,6.755878655614298e-05,0.00042900525602600643,3.051016219112588e-06,0.00029017262047854826,3.051016219112355e-06,-1.234293347449799e-06,3.0577179465847416e-06,-4.100573673400431e-08,2.7169738193253907e-06,-1.7776313215220005e-06,1.026325950944763e-06
normal,reverses,0.05,acute,PastSelectedRolling,500,0.0018893411011763703,2.8800399897323227e-06,0.004247536742114108,5.8000919497203686e-05,0.0018865888235453905,7.659093379924838e-06,0.0036000000000000003,0.0005785754047641465,0.014149003514670211,6.29897711279258e-05,0.0004307828873475288,2.8800399897324985e-06,0.00029195025180007024,2.8800399897323236e-06,5.433379740722015e-07,2.898839840141203e-06,1.736625584787996e-06,2.617491185014506e-06,0.0,0.0
normal,reverses,0.05,acute,Raw,500,0.0015973908493762993,2.9121333016628507e-20,0.015982275968578298,1.5531377608868536e-19,0.0015896739726049547,9.248517241872102e-06,0.0148,0.001210309753492385,0.007071067811865399,3.882844402217134e-20,0.00013883263554740003,1.2133888756928544e-21,0.0,0.0,-0.000291406913825998,1.9014194623916024e-06,-0.00029021362621528226,2.7671557395395274e-06,-0.00029195025180007024,2.8800399897323236e-06
normal,reverses,0.05,acute,Rolling1000,500,0.0018850469920628147,1.8818260850844928e-06,0.004220229118138803,3.645107567314701e-05,0.0018831587572176165,7.4713567314796045e-06,0.0035,0.0005710974563147857,0.01406693178397398,4.111881893068881e-05,0.0004264887782339732,1.881826085084504e-06,0.00028765614268651485,1.8818260850844924e-06,-3.7507711394832e-06,1.4046181445697171e-06,-2.557483528767405e-06,2.0996363984328803e-06,-4.294109113555401e-06,2.1884339829106336e-06
normal,reverses,0.05,acute,Rolling125,500,0.0018959811351816009,5.531772636668362e-06,0.004648566352495319,0.000118749295502605,0.0018925310043155527,9.03635935155591e-06,0.0036000000000000003,0.0005785754047641465,0.014237142027797616,0.00012157879635572971,0.0004374229213527599,5.531772636668263e-06,0.0002985902858053008,5.531772636668362e-06,7.183371979302796e-06,5.856584095568912e-06,8.376659590018589e-06,4.8952844720373024e-06,6.640034005230593e-06,4.827218423942959e-06
normal,reverses,0.05,acute,Rolling250,500,0.0019014326498250937,3.949333436297134e-06,0.004171857213586517,7.562794448850885e-05,0.0018982897601940957,8.23907682915014e-06,0.0031,0.0005397802566331062,0.01439664846792472,8.604170464540662e-05,0.000442874435996253,3.949333436297179e-06,0.0003040418004487938,3.949333436297134e-06,1.2634886622795801e-05,4.450873310340609e-06,1.3828174233511596e-05,3.0382902075643246e-06,1.20915486487236e-05,3.232187083983713e-06
normal,reverses,0.05,acute,Rolling500,500,0.0018876044755915821,2.7671557395395274e-06,0.004259333077271732,5.322437064116799e-05,0.0018852018757363105,7.75923780148096e-06,0.0035000000000000005,0.0005710974563147857,0.01411342648002464,6.0386166539153596e-05,0.0004290462617627432,2.767155739539591e-06,0.00029021362621528226,2.7671557395395274e-06,-1.1932876107157947e-06,2.8421176127543224e-06,0.0,0.0,-1.736625584787996e-06,2.617491185014506e-06
normal,reverses,0.05,acute,Static-CP,500,0.0018887977632022978,1.9014194623916024e-06,0.004148727502199158,3.557659130991584e-05,0.0018870678735567548,7.423024141881874e-06,0.0034000000000000002,0.0005809949313207826,0.014148836264460786,4.141745478361574e-05,0.00043023954937345245,1.9014194623916365e-06,0.000291406913825998,1.9014194623916024e-06,0.0,0.0,1.1932876107157947e-06,2.8421176127543224e-06,-5.433379740722015e-07,2.898839840141203e-06
normal,reverses,0.05,acute,VolRolling250,500,0.0019014326498250937,3.949333436297134e-06,0.004171857213586517,7.562794448850885e-05,0.0018982897601940957,8.23907682915014e-06,0.0031,0.0005397802566331062,0.01439664846792472,8.604170464540662e-05,0.000442874435996253,3.949333436297179e-06,0.0003040418004487938,3.949333436297134e-06,1.2634886622795801e-05,4.450873310340609e-06,1.3828174233511596e-05,3.0382902075643246e-06,1.20915486487236e-05,3.232187083983713e-06
normal,reverses,0.05,acute,VolRolling500,500,0.0018876044755915821,2.7671557395395274e-06,0.004259333077271732,5.3224370641167996e-05,0.0018852018757363105,7.75923780148096e-06,0.0035000000000000005,0.0005710974563147857,0.01411342648002464,6.0386166539153596e-05,0.0004290462617627432,2.767155739539591e-06,0.00029021362621528226,2.7671557395395274e-06,-1.1932876107157947e-06,2.8421176127543224e-06,0.0,0.0,-1.736625584787996e-06,2.617491185014506e-06
normal,reverses,0.05,early,DtACI500,500,0.0016939570782741338,2.7933372174653834e-06,0.017405372812667987,0.0003467410455591939,0.0016967772433854561,5.387238298869481e-06,0.017495847426967956,0.0003639177591378716,0.009056478167053164,7.613698802149245e-05,0.00023539886444529461,2.7933372174653495e-06,9.656622889783386e-05,2.7933372174653834e-06,-0.0001948406849281642,3.547379248233359e-06,-0.00015518220837035818,2.506342899444381e-06,-0.00014507440009715576,3.3962056637976417e-06
normal,reverses,0.05,early,InitialKupiecGate,500,0.0018377625314105928,3.336989727404374e-06,0.005924072857436725,0.00015669479553953892,0.001840909141119336,4.7096738329324765e-06,0.006361904761904748,0.00038836569664694244,0.012946057974842664,8.134801109049416e-05,0.0003792043175817507,3.3369897274044333e-06,0.00024037168203429289,3.336989727404374e-06,-5.1035231791705196e-05,3.480775321366115e-06,-1.1376755233899196e-05,3.272511387627259e-06,-1.2689469606968004e-06,7.670966008199179e-07
normal,reverses,0.05,early,PastSelectedRolling,500,0.0018390314783712895,3.240588979331715e-06,0.005867780321940452,0.00015291842768337072,0.0018420857661778612,4.648042173249938e-06,0.006285714285714272,0.0003842778794533166,0.01297742444214876,7.895637239695872e-05,0.0003804732645424478,3.240588979331729e-06,0.00024164062899498966,3.240588979331715e-06,-4.976628483100839e-05,3.392127186036759e-06,-1.0107808273202393e-05,3.2122752144922314e-06,0.0,0.0
normal,reverses,0.05,early,Raw,500,0.0015973908493762993,2.9121333016628507e-20,0.015982275968578298,1.5531377608868536e-19,0.0016005016087661504,4.416625204983567e-06,0.01638095238095235,0.0005652238124707246,0.007071067811865399,3.882844402217134e-20,0.00013883263554740003,1.2133888756928544e-21,0.0,0.0,-0.0002914069138259981,1.901419462391602e-06,-0.0002517484372681921,2.645417487241596e-06,-0.00024164062899498966,3.240588979331715e-06
normal,reverses,0.05,early,Rolling1000,500,0.00186661932779552,1.846170468836343e-06,0.004592441206052319,3.860147306922072e-05,0.0018690121020798944,3.905942425920962e-06,0.0049142857142857035,0.00031030834236600807,0.013662352994097814,4.064307171608546e-05,0.00040806111396667836,1.8461704688364065e-06,0.00026922847841922003,1.846170468836343e-06,-2.2178435406777998e-05,1.5178721482623668e-06,1.7480041151028008e-05,2.0320933830074736e-06,2.75878494242304e-05,2.770077060767939e-06
normal,reverses,0.05,early,Rolling125,500,0.0016922848621875014,3.6302486547887534e-06,0.015320414999084478,0.00025568677729030583,0.0016964740282329532,5.832265539175382e-06,0.015923809523809493,0.0005312078487023999,0.009058220244393208,9.45123896947795e-05,0.00023372664835866062,3.630248654788672e-06,9.489401281120125e-05,3.6302486547887538e-06,-0.0001965129010147968,4.252963864536738e-06,-0.0001568544244569908,3.654453580545445e-06,-0.00014674661618378844,3.9847442671828345e-06
normal,reverses,0.05,early,Rolling250,500,0.0018130159668701836,3.6321667308543974e-06,0.006400149244740634,0.00010365805520668353,0.0018163338639188775,5.103740141447114e-06,0.006799999999999985,0.00036481818356971356,0.012405010855834694,8.27832188108913e-05,0.0003544577530413418,3.632166730854384e-06,0.00021562511749388362,3.6321667308543974e-06,-7.57817963321144e-05,4.1742940887977955e-06,-3.61233197743084e-05,2.7650299140447946e-06,-2.6015511501106e-05,3.5179675403329636e-06
normal,reverses,0.05,early,Rolling500,500,0.001849139286644492,2.645417487241596e-06,0.005091879369752737,6.0345436524073865e-05,0.0018520696024640904,4.37424695717976e-06,0.005542857142857131,0.00033442244335389355,0.013262693927853519,5.87520627153416e-05,0.0003905810728156488,2.6454174872415587e-06,0.0002517484372681921,2.645417487241596e-06,-3.9658476557806006e-05,2.900594433959254e-06,0.0,0.0,1.0107808273202393e-05,3.2122752144922314e-06
normal,reverses,0.05,early,Static-CP,500,0.0018887977632022978,1.901419462391602e-06,0.004148727502199158,3.5576591309915846e-05,0.0018914065959097805,3.927391590499826e-06,0.004457142857142847,0.00030176501495119773,0.014148836264460786,4.141745478361574e-05,0.0004302395493734526,1.9014194623916301e-06,0.0002914069138259981,1.901419462391602e-06,0.0,0.0,3.9658476557806006e-05,2.900594433959254e-06,4.976628483100839e-05,3.392127186036759e-06
normal,reverses,0.05,early,VolRolling250,500,0.0018130159668701836,3.6321667308543974e-06,0.006400149244740634,0.00010365805520668355,0.0018163338639188775,5.103740141447114e-06,0.006799999999999985,0.00036481818356971356,0.012405010855834694,8.27832188108913e-05,0.0003544577530413418,3.632166730854384e-06,0.00021562511749388362,3.6321667308543974e-06,-7.57817963321144e-05,4.1742940887977955e-06,-3.61233197743084e-05,2.7650299140447946e-06,-2.6015511501106e-05,3.5179675403329636e-06
normal,reverses,0.05,early,VolRolling500,500,0.001849139286644492,2.645417487241596e-06,0.005091879369752737,6.0345436524073865e-05,0.0018520696024640904,4.37424695717976e-06,0.005542857142857131,0.00033442244335389355,0.013262693927853519,5.875206271534161e-05,0.0003905810728156488,2.6454174872415587e-06,0.0002517484372681921,2.645417487241596e-06,-3.9658476557806006e-05,2.900594433959254e-06,0.0,0.0,1.0107808273202393e-05,3.2122752144922314e-06
normal,reverses,0.05,late,DtACI500,500,0.0015043018511097914,8.063295227923533e-07,0.05862036465445121,0.0004296600634250847,0.0015049957330794865,3.4378850577072607e-06,0.058725595011043526,0.00019579833036105919,0.0027667197601045244,2.7792980793441896e-05,4.574363728099672e-05,8.063295227921779e-07,-9.308899826650834e-05,8.063295227923533e-07,-0.0003844959120925064,2.024760742567368e-06,3.9001353472249796e-05,7.646235127378665e-07,-1.6302371099679202e-05,2.51881414308344e-06
normal,reverses,0.05,late,InitialKupiecGate,500,0.0015211587297387292,2.3563184001402086e-06,0.03559433930574884,0.0006554780283766087,0.0015220172679135096,3.5320244291532145e-06,0.035488,0.0006619002461638334,0.0036162679402900848,0.00010228625556505777,6.260051590991915e-05,2.3563184001393742e-06,-7.623211963757074e-05,2.3563184001402086e-06,-0.0003676390334635688,3.0505179425500585e-06,5.5858232101187404e-05,2.3452987219965827e-06,5.545075292583998e-07,3.5588987917147497e-07
normal,reverses,0.05,late,PastSelectedRolling,500,0.001520604222209471,2.347226027404292e-06,0.03571451052989555,0.0006528700673158077,0.0015214507864639297,3.5319286352344124e-06,0.035643999999999995,0.0006582317723509436,0.0035924231785039334,0.00010182162839995916,6.204600838066126e-05,2.3472260274034924e-06,-7.678662716682912e-05,2.347226027404292e-06,-0.0003681935409928272,3.036598375031849e-06,5.530372457192901e-05,2.3371361823550218e-06,0.0,0.0
normal,reverses,0.05,late,Raw,500,0.0015973908493762993,2.9121333016628507e-20,0.015982275968578298,1.5531377608868536e-19,0.0015973158949155026,1.83340281846919e-06,0.0159,0.0002455128369479128,0.007071067811865399,3.882844402217134e-20,0.00013883263554740003,1.2133888756928544e-21,0.0,0.0,-0.0002914069138259981,1.901419462391602e-06,0.00013209035173875817,2.7897326749888574e-07,7.678662716682912e-05,2.347226027404292e-06
normal,reverses,0.05,late,Rolling1000,500,0.0015709713816980022,9.757922553077868e-07,0.022449174000667326,0.00012036732670108499,0.0015716034351832841,2.4576543029793897e-06,0.022476000000000003,0.0002715258746440243,0.0057619287568716985,3.231353424819853e-05,0.00011241316786917622,9.75792255307112e-07,-2.6419467678297743e-05,9.757922553077868e-07,-0.00031782638150429577,2.104921588058577e-06,0.00010567088406046041,9.911436912733262e-07,5.03671594885314e-05,2.4061426566466604e-06
normal,reverses,0.05,late,Rolling125,500,0.0014862784121550663,6.694680513846614e-07,0.04757118829149951,0.0003801024943261517,0.0014867696138037296,3.3333818540930933e-06,0.047792,0.00024092646829738842,0.002282655095794427,3.2481721797982626e-05,2.772019832627322e-05,6.69468051384689e-07,-0.00011111243722123375,6.694680513846614e-07,-0.0004025193510472318,1.991788998602287e-06,2.09779145175244e-05,6.086494443190717e-07,-3.4325810054404604e-05,2.4120498842300165e-06
normal,reverses,0.05,late,Rolling250,500,0.001472549086351819,4.4840198190616993e-07,0.0474826136483124,0.0003713816624602115,0.0014733075614323293,3.209843599484119e-06,0.047704,0.00025459458912085943,0.001613374727831396,2.935788016131631e-05,1.3990872523026013e-05,4.4840198190623473e-07,-0.00012484176302448116,4.4840198190616993e-07,-0.00041624867685047923,1.945813912600321e-06,7.248588714277004e-06,3.362588540927093e-07,-4.8055135857652005e-05,2.3438258218640218e-06
normal,reverses,0.05,late,Rolling500,500,0.0014653004976375417,2.7897326749888574e-07,0.04951677185733503,0.00034871482421592427,0.0014660288999076955,3.1601512278679907e-06,0.049536000000000004,0.0003547352282538748,0.00109567356859821,2.4722540103080795e-05,6.74228380874977e-06,2.7897326749888473e-07,-0.00013209035173875817,2.7897326749888574e-07,-0.0004234972655647562,1.917207249265454e-06,0.0,0.0,-5.530372457192901e-05,2.3371361823550218e-06
normal,reverses,0.05,late,Static-CP,500,0.0018887977632022978,1.901419462391602e-06,0.004148727502199157,3.557659130991585e-05,0.0018885683412047476,2.37067300356069e-06,0.0041400000000000005,0.00013088568341972507,0.014148836264460786,4.141745478361574e-05,0.00043023954937345245,1.9014194623916365e-06,0.0002914069138259981,1.901419462391602e-06,0.0,0.0,0.0004234972655647562,1.917207249265454e-06,0.0003681935409928272,3.036598375031849e-06
normal,reverses,0.05,late,VolRolling250,500,0.001472549086351819,4.4840198190616993e-07,0.0474826136483124,0.0003713816624602115,0.0014733075614323293,3.209843599484119e-06,0.047704,0.00025459458912085943,0.001613374727831396,2.935788016131631e-05,1.3990872523026013e-05,4.4840198190623473e-07,-0.00012484176302448116,4.4840198190616993e-07,-0.00041624867685047923,1.945813912600321e-06,7.248588714277004e-06,3.362588540927093e-07,-4.8055135857652005e-05,2.3438258218640218e-06
normal,reverses,0.05,late,VolRolling500,500,0.0014653004976375417,2.7897326749888574e-07,0.04951677185733503,0.00034871482421592427,0.0014660288999076955,3.1601512278679907e-06,0.049536000000000004,0.0003547352282538748,0.00109567356859821,2.4722540103080795e-05,6.74228380874977e-06,2.7897326749888473e-07,-0.00013209035173875817,2.7897326749888574e-07,-0.0004234972655647562,1.917207249265454e-06,0.0,0.0,-5.530372457192901e-05,2.3371361823550218e-06
normal,reverses,0.05,middle,DtACI500,500,0.0015243050759198046,9.382249602459352e-07,0.05279124187981489,0.0004944109404414502,0.001532988354313619,3.751038530569265e-06,0.053724118991546256,0.00027019828555651315,0.003536798702229744,2.9345237443329112e-05,6.574686209101166e-05,9.382249602455743e-07,-7.308577345649514e-05,9.382249602459352e-07,-0.00036449268728249297,2.170920766276118e-06,-0.00011268585332802019,1.5582705569328957e-06,-0.0001559235108732816,5.2845414287276215e-06
normal,reverses,0.05,middle,InitialKupiecGate,500,0.001680227522560409,5.254214751917448e-06,0.017496570099328593,0.0006456928466923692,0.001680868165328794,5.902528793246402e-06,0.0181173333333333,0.0006606549411272159,0.00865392774699664,0.0001633242917502538,0.00022166930873157497,5.254214751916614e-06,8.283667318410906e-05,5.254214751917448e-06,-0.00020857024064188878,5.4889605109457e-06,4.3236593312584004e-05,5.306571636378534e-06,-1.0642326774001898e-09,4.084956235500192e-07
normal,reverses,0.05,middle,PastSelectedRolling,500,0.0016802285867930863,5.270036811738148e-06,0.017576604482457597,0.0006496515107898269,0.0016810024216790248,5.9110091508921935e-06,0.018181333333333303,0.0006651833973623178,0.008647952323484849,0.00016397732097836814,0.0002216703729642532,5.270036811737284e-06,8.283773741678647e-05,5.270036811738148e-06,-0.0002085691764092114,5.498968442294594e-06,4.3237657545261404e-05,5.329581149051096e-06,0.0,0.0
normal,reverses,0.05,middle,Raw,500,0.0015973908493762993,2.9121333016628507e-20,0.015982275968578298,1.5531377608868536e-19,0.0016004284345953956,2.3374854222438226e-06,0.016794666666666635,0.00029428632465978353,0.007071067811865399,3.882844402217134e-20,0.00013883263554740003,1.2133888756928544e-21,0.0,0.0,-0.00029140691382599786,1.9014194623915967e-06,-3.960007987152506e-05,1.5868391563043334e-06,-8.283773741678647e-05,5.270036811738148e-06
normal,reverses,0.05,middle,Rolling1000,500,0.0017826036301509772,1.671434411809914e-06,0.006856988814866778,5.234714283979901e-05,0.0017825204377553115,2.5617497393237844e-06,0.007434666666666633,0.00020437629294027675,0.011755285807504175,3.870665323072946e-05,0.0003240454163221332,1.6714344118098046e-06,0.00018521278077467706,1.6714344118099136e-06,-0.00010619413305132081,1.8903836465707307e-06,0.00014561270090315202,1.5243236383084758e-06,0.00010237504335789061,5.270104542048713e-06
normal,reverses,0.05,middle,Rolling125,500,0.0014863321802288788,7.597219716969696e-07,0.04686337062802749,0.0004155418362189554,0.0014941159664636863,4.045991402138616e-06,0.04765866666666664,0.00027688160116618604,0.002301884822415018,3.6823166277220016e-05,2.777396640008575e-05,7.59721971696974e-07,-0.00011105866914742094,7.597219716969696e-07,-0.00040246558297341885,2.0406362469110127e-06,-0.000150658749018946,1.6480080867531953e-06,-0.0001938964065642074,5.275122486708204e-06
normal,reverses,0.05,middle,Rolling250,500,0.0015125403377888426,8.750045664603029e-07,0.038331517742379174,0.00034498992534323197,0.0015195524666429103,3.4930652744159437e-06,0.039258666666666636,0.00033315888020086034,0.003216780574701743,3.7090663523120236e-05,5.3982123960048924e-05,8.750045664602341e-07,-8.485051158745734e-05,8.750045664603029e-07,-0.0003762574254134552,2.1721848081464898e-06,-0.00012445059145898242,1.215527505330267e-06,-0.00016768824900424378,5.238285252782177e-06
normal,reverses,0.05,middle,Rolling500,500,0.0016369909292478248,1.5868391563043334e-06,0.017433613227405262,0.00013089091441245143,0.0016399629234207227,2.9024326689232814e-06,0.018175999999999966,0.00028375806743990555,0.007663040826523908,4.455495472666763e-05,0.00017843271541898508,1.5868391563042082e-06,3.960007987152506e-05,1.5868391563043334e-06,-0.0002518068339544728,2.5259871533123183e-06,0.0,0.0,-4.3237657545261404e-05,5.329581149051096e-06
normal,reverses,0.05,middle,Static-CP,500,0.0018887977632022976,1.9014194623915967e-06,0.004148727502199158,3.5576591309915846e-05,0.0018874462310920109,2.619045852937883e-06,0.004618666666666633,0.00016158537647325085,0.014148836264460786,4.1417454783615714e-05,0.0004302395493734526,1.9014194623916301e-06,0.00029140691382599786,1.9014194623915967e-06,0.0,0.0,0.0002518068339544728,2.5259871533123183e-06,0.0002085691764092114,5.498968442294594e-06
normal,reverses,0.05,middle,VolRolling250,500,0.0015125403377888426,8.750045664603029e-07,0.038331517742379174,0.00034498992534323197,0.0015195524666429103,3.4930652744159437e-06,0.039258666666666636,0.00033315888020086034,0.003216780574701743,3.7090663523120236e-05,5.3982123960048924e-05,8.750045664602341e-07,-8.485051158745734e-05,8.750045664603029e-07,-0.0003762574254134552,2.1721848081464898e-06,-0.00012445059145898242,1.215527505330267e-06,-0.00016768824900424378,5.238285252782177e-06
normal,reverses,0.05,middle,VolRolling500,500,0.0016369909292478248,1.5868391563043334e-06,0.017433613227405262,0.00013089091441245143,0.0016399629234207227,2.9024326689232814e-06,0.018175999999999966,0.00028375806743990555,0.007663040826523908,4.455495472666763e-05,0.00017843271541898508,1.5868391563042082e-06,3.960007987152506e-05,1.5868391563043334e-06,-0.0002518068339544728,2.5259871533123183e-06,0.0,0.0,-4.3237657545261404e-05,5.329581149051096e-06
normal,reverses,0.05,post,DtACI500,500,0.0015388947194778023,7.700223858065108e-07,0.0510431087622253,0.000298937785996424,0.0015427204976991805,2.331294823951468e-06,0.05143972019898625,9.923028179976254e-05,0.003930618737277926,2.339287069980789e-05,8.033650564900461e-05,7.700223858059193e-07,-5.849612989849754e-05,7.700223858065108e-07,-0.0003499030437244956,2.080668281519456e-06,-3.9538842418407e-05,7.825925590411908e-07,-8.237823892685081e-05,3.2326889512042135e-06
normal,reverses,0.05,post,InitialKupiecGate,500,0.0016213810210247248,3.1999980065226422e-06,0.0250667995205625,0.0005308671240050596,0.0016223222842545995,3.6045103292330934e-06,0.02528,0.0005241227043531284,0.006694810262962965,0.00010992351212790509,0.00016282280719589714,3.1999980065219138e-06,2.3990171648424856e-05,3.1999980065226422e-06,-0.0002674167421775732,3.628521305456845e-06,4.29474591285154e-05,3.1841798877084735e-06,1.0806262007159988e-07,2.629441391012504e-07
normal,reverses,0.05,post,PastSelectedRolling,500,0.0016212729584046532,3.212400567541723e-06,0.025149549614515408,0.0005316805854431515,0.0016222520832811834,3.613016633613847e-06,0.025372,0.0005255889262901928,0.00668480334727781,0.00011034939516893385,0.00016271474457582626,3.2124005675409796e-06,2.3882109028353257e-05,3.212400567541723e-06,-0.0002675248047976448,3.6342081458178146e-06,4.28393965084438e-05,3.2002203668214007e-06,0.0,0.0
normal,reverses,0.05,post,Raw,500,0.0015973908493762993,2.9121333016628507e-20,0.015982275968578298,1.5531377608868536e-19,0.001598664758803569,1.4134557376684244e-06,0.016264000000000004,0.0001809477609266518,0.007071067811865399,3.882844402217134e-20,0.00013883263554740003,1.2133888756928544e-21,0.0,0.0,-0.0002914069138259981,1.901419462391602e-06,1.895728748009054e-05,8.67658115099213e-07,-2.3882109028353257e-05,3.212400567541723e-06
normal,reverses,0.05,post,Rolling1000,500,0.0016876580214154025,1.1553988120010373e-06,0.014362568714906977,7.226601819782605e-05,0.001688156327612628,1.8082862834644311e-06,0.014612000000000002,0.00015030667381185961,0.009005082256309667,2.9930148636192424e-05,0.0002290998075865624,1.1553988120010748e-06,9.026717203910245e-05,1.155398812001037e-06,-0.0002011397417868956,1.7942479628752015e-06,0.00010922445951919298,6.858536187738993e-07,6.63850630107492e-05,3.183392140348045e-06
normal,reverses,0.05,post,Rolling125,500,0.001516123306896682,6.516202700249111e-07,0.043060973033213844,0.0002494404803583118,0.0015196586873765163,2.42369365229953e-06,0.043512,0.00014368368732743469,0.0032403903225200867,2.4740303193215777e-05,5.756509306788909e-05,6.516202700248752e-07,-8.126754247961794e-05,6.516202700249111e-07,-0.000372674456305616,2.0294543590140645e-06,-6.23102549995274e-05,7.666155379482158e-07,-0.00010514965150797121,3.194065087394455e-06
normal,reverses,0.05,post,Rolling250,500,0.0015318724993645975,7.049391481779809e-07,0.03887107879251788,0.00023615942249513033,0.001535166806622619,2.2641459585630322e-06,0.03935,0.00014215278692188667,0.003603439188649989,2.524432181653222e-05,7.331428553580124e-05,7.049391481776442e-07,-6.551835001170253e-05,7.049391481779809e-07,-0.0003569252638377006,2.0737445525385647e-06,-4.6561062531612e-05,5.040048321782751e-07,-8.940045904005581e-05,3.1709124899667122e-06
normal,reverses,0.05,post,Rolling500,500,0.0015784335618962092,8.67658115099213e-07,0.03191582488431396,0.00019312214050642602,0.001580171892010077,2.0608631075564042e-06,0.032236,0.00017205759393663076,0.005096328486270684,2.61344799374866e-05,0.00011987534806737363,8.676581150986953e-07,-1.895728748009054e-05,8.67658115099213e-07,-0.00031036420130608854,2.0389271066166806e-06,0.0,0.0,-4.28393965084438e-05,3.2002203668214007e-06
normal,reverses,0.05,post,Static-CP,500,0.0018887977632022978,1.901419462391602e-06,0.004148727502199157,3.557659130991585e-05,0.00188841555730354,2.1815164050860995e-06,0.004338000000000001,9.949527939175045e-05,0.014148836264460786,4.1417454783615735e-05,0.0004302395493734526,1.9014194623916301e-06,0.0002914069138259981,1.901419462391602e-06,0.0,0.0,0.00031036420130608854,2.0389271066166806e-06,0.0002675248047976448,3.6342081458178146e-06
normal,reverses,0.05,post,VolRolling250,500,0.0015318724993645975,7.049391481779809e-07,0.03887107879251788,0.00023615942249513033,0.001535166806622619,2.2641459585630322e-06,0.03935,0.00014215278692188667,0.003603439188649989,2.524432181653222e-05,7.331428553580124e-05,7.049391481776442e-07,-6.551835001170253e-05,7.049391481779809e-07,-0.0003569252638377006,2.0737445525385647e-06,-4.6561062531612e-05,5.040048321782751e-07,-8.940045904005581e-05,3.1709124899667122e-06
normal,reverses,0.05,post,VolRolling500,500,0.0015784335618962092,8.67658115099213e-07,0.03191582488431396,0.00019312214050642602,0.001580171892010077,2.0608631075564042e-06,0.032236,0.00017205759393663076,0.005096328486270684,2.61344799374866e-05,0.00011987534806737363,8.676581150986953e-07,-1.895728748009054e-05,8.67658115099213e-07,-0.00031036420130608854,2.0389271066166806e-06,0.0,0.0,-4.28393965084438e-05,3.2002203668214007e-06
normal,reverses,0.05,pre,DtACI500,500,0.0014889207592223993,7.321419720520732e-07,0.05162616167124834,0.00048555672090280197,0.001492349768451079,4.962338320837507e-06,0.05161219295914396,0.00041019418559119715,0.002155113510148492,3.543057420098074e-05,3.0362545393603877e-05,7.321419720520215e-07,-0.0002080311952074009,7.321419720520733e-07,2.7251745093896003e-05,7.425969953108256e-07,2.3614486571544396e-05,5.984401729286831e-07,2.0906064971594798e-05,6.898018926703682e-07
normal,reverses,0.05,pre,InitialKupiecGate,500,0.00146940013492622,1.067566731686044e-06,0.049800956726608114,0.0004899072261421914,0.001473416144899683,4.9259650669665316e-06,0.049671999999999994,0.0006875538470441209,0.0012162134480799003,4.774617953230083e-05,1.0841921097427882e-05,1.0675667316859115e-06,-0.0002275518195035801,1.067566731686044e-06,7.731120797716801e-06,1.0711653940190386e-06,4.093862275365199e-06,9.874509998328615e-07,1.3854406754156005e-06,7.985786706338118e-07
normal,reverses,0.05,pre,PastSelectedRolling,500,0.0014680146942508043,7.168411979932693e-07,0.049356453280047216,0.0004122963189607493,0.0014718878728205537,4.8711036889820395e-06,0.049176000000000004,0.0006058515992556603,0.0011796247909470626,4.322078085016595e-05,9.456480422012292e-06,7.168411979931043e-07,-0.0002289372601789957,7.168411979932693e-07,6.345680122301201e-06,7.173609409562553e-07,2.7084215999495983e-06,6.092402278904052e-07,0.0,0.0
normal,reverses,0.05,pre,Raw,500,0.0016969519544298,0.0,0.12613489819343024,1.2425102087094829e-18,0.001696794790430711,8.177343317715434e-06,0.12508800000000003,0.0009170837460092665,0.007071067811865399,3.882844402217134e-20,0.000238393740601,0.0,0.0,0.0,0.0002352829403012969,1.7907220416406226e-07,0.00023164568177894528,3.501156689907337e-07,0.0002289372601789957,7.168411979932693e-07
normal,reverses,0.05,pre,Rolling1000,500,0.001461684355765971,1.6447833944147144e-07,0.0502911368503036,0.00028605002591577293,0.0014658048490941082,4.762777943638131e-06,0.04992,0.0006027219487416979,0.0007505232513759563,2.137727443177965e-05,3.126141937176235e-06,1.6447833944149166e-07,-0.00023526759866382928,1.6447833944147144e-07,1.5341637467601153e-08,1.1165553237435906e-07,-3.621916884884002e-06,2.9640694478554727e-07,-6.3303384848336e-06,6.923166375089102e-07
normal,reverses,0.05,pre,Rolling125,500,0.0014866289189269092,9.855055966179782e-07,0.04743697853559949,0.0004953680467478173,0.001490527228377999,5.023550022801061e-06,0.047824000000000005,0.0004057330237645764,0.002274540689439351,4.6237031570623284e-05,2.807070509811414e-05,9.855055966177963e-07,-0.00021032303550289088,9.855055966179782e-07,2.4959904798405998e-05,9.97245701860133e-07,2.1322646276054398e-05,9.378826565400229e-07,1.8614224676104803e-05,8.596392187050338e-07
normal,reverses,0.05,pre,Rolling250,500,0.001472798835890147,6.46579170262256e-07,0.0475171354512603,0.0004776646991788387,0.001475809738952446,4.814038237692699e-06,0.047408000000000006,0.0005122028656217204,0.0016065276328616372,4.0884870458930566e-05,1.424062206135479e-05,6.465791702621469e-07,-0.00022415311853965332,6.46579170262256e-07,1.1129821761643602e-05,6.599258632509133e-07,7.492563239292e-06,5.106698373862289e-07,4.784141639342401e-06,5.26545696158698e-07
normal,reverses,0.05,pre,Rolling500,500,0.0014653062726508548,3.501156689907338e-07,0.05028632148478142,0.00040094341033848136,0.001469571317289955,4.805629428346489e-06,0.05026400000000001,0.0006030422272575208,0.0010832195159810102,3.0479053197594042e-05,6.7480588220644284e-06,3.501156689907964e-07,-0.00023164568177894528,3.501156689907337e-07,3.637258522351603e-06,3.4329159012365177e-07,0.0,0.0,-2.7084215999495983e-06,6.092402278904052e-07
normal,reverses,0.05,pre,Static-CP,500,0.0014616690141285031,1.7907220416406226e-07,0.05031293371215322,0.00030158784058243425,0.0014655575340643031,4.7596173237088975e-06,0.05000800000000001,0.0006706201120376115,0.0007467494451002929,2.445385575755299e-05,3.110800299710482e-06,1.7907220416408942e-07,-0.0002352829403012969,1.7907220416406226e-07,0.0,0.0,-3.637258522351603e-06,3.4329159012365177e-07,-6.345680122301201e-06,7.173609409562553e-07
normal,reverses,0.05,pre,VolRolling250,500,0.001472798835890147,6.46579170262256e-07,0.0475171354512603,0.0004776646991788387,0.001475809738952446,4.814038237692699e-06,0.047408000000000006,0.0005122028656217204,0.0016065276328616372,4.0884870458930566e-05,1.424062206135479e-05,6.465791702621469e-07,-0.00022415311853965332,6.46579170262256e-07,1.1129821761643602e-05,6.599258632509133e-07,7.492563239292e-06,5.106698373862289e-07,4.784141639342401e-06,5.26545696158698e-07
normal,reverses,0.05,pre,VolRolling500,500,0.0014653062726508548,3.501156689907338e-07,0.05028632148478142,0.00040094341033848136,0.001469571317289955,4.805629428346489e-06,0.05026400000000001,0.0006030422272575208,0.0010832195159810102,3.0479053197594042e-05,6.7480588220644284e-06,3.501156689907964e-07,-0.00023164568177894528,3.501156689907337e-07,3.637258522351603e-06,3.4329159012365177e-07,0.0,0.0,-2.7084215999495983e-06,6.092402278904052e-07
normal,steady_ewma,0.01,acute,DtACI500,500,0.00040979296231299456,1.4645530986485922e-06,0.013131716328305775,0.0004646480546050936,0.0003980697647645432,6.998283391527925e-06,0.011545380087632388,0.0009522076134153191,0.004786254521565376,0.00011735081984436158,3.28747526087759e-05,1.464553098648357e-06,1.62558947140366e-05,1.066769413183246e-06,1.6126804000582203e-05,1.2118524337928408e-06,1.1941245196516399e-05,9.036447729399454e-07,1.1467490492502599e-05,1.3791036904336865e-06
normal,steady_ewma,0.01,acute,InitialKupiecGate,500,0.00039467197488773903,1.001883591689544e-06,0.012934147577400523,0.000344197702926686,0.00038452938801343816,7.257181992062753e-06,0.012100000000000001,0.0010768003519668779,0.0033933142351830164,0.00010446636078436629,1.7753765183523024e-05,1.001883591689316e-06,1.1349072887809992e-06,5.524390702366664e-07,1.0058165753266003e-06,8.024564240334767e-07,-3.1797422287392024e-06,9.60843159382903e-07,-3.6534969327530014e-06,9.037857397286928e-07
normal,steady_ewma,0.01,acute,PastSelectedRolling,500,0.000398325471820492,1.09310718398045e-06,0.009687156517042632,0.00032474623921914704,0.00039279221841092215,6.4024644438978574e-06,0.009800000000000001,0.000984814560939712,0.004226557782022063,0.00013825727898693073,2.140726211627416e-05,1.0931071839802345e-06,4.7884042215340015e-06,1.0513794895038557e-06,4.6593135080796015e-06,9.348341427884407e-07,4.737547040137998e-07,9.776040767064993e-07,0.0,0.0
normal,steady_ewma,0.01,acute,Raw,500,0.000393537067598958,8.131652855308464e-07,0.013176122824724077,0.0003408710900888606,0.00038229809178347263,7.1978912681837005e-06,0.012100000000000001,0.0010580259154081958,0.003244648764117687,7.682941923653846e-05,1.6618857894742556e-05,8.131652855307357e-07,0.0,0.0,-1.2909071345439918e-07,6.421401028986934e-07,-4.314649517520201e-06,8.257968756224289e-07,-4.7884042215340015e-06,1.0513794895038557e-06
normal,steady_ewma,0.01,acute,Rolling1000,500,0.0003944939711765324,8.007895115605258e-07,0.010189062043373585,0.00031769407941950286,0.000387453216389608,6.512571035967969e-06,0.009800000000000001,0.0009745869069911401,0.0037042801342950207,9.914543393626557e-05,1.7575761472315894e-05,8.007895115605349e-07,9.569035775743996e-07,6.152892702466739e-07,8.278128641200003e-07,3.456634676384141e-07,-3.3577459399458024e-06,5.739115132230169e-07,-3.831500643959602e-06,8.3781297623383e-07
normal,steady_ewma,0.01,acute,Rolling125,500,0.00042165544060290556,2.053288943559279e-06,0.007638983816037016,0.00038773121190793813,0.0004192395139643314,6.509067651892364e-06,0.0071,0.0008779074227307635,0.007176405360059772,0.00024015294901373464,4.473723089868358e-05,2.0532889435587823e-06,2.81183730039476e-05,2.0940451323275045e-06,2.7989282290493202e-05,1.9694208195823038e-06,2.38037234864274e-05,1.8557527503569911e-06,2.3329968782413598e-05,1.8726099921310982e-06
normal,steady_ewma,0.01,acute,Rolling250,500,0.0004066625921562308,1.2949130798182954e-06,0.007798576691085648,0.00032195018216661734,0.000402609877699399,5.618766693688622e-06,0.0074,0.000867170091698204,0.005527690869093598,0.000170314724862973,2.974438245200845e-05,1.2949130798181174e-06,1.31255245572728e-05,1.3960597872624207e-06,1.2996433843818398e-05,1.2471677359099303e-06,8.810875039752598e-06,1.0968476568361652e-06,8.337120335738798e-06,1.1207620472914604e-06
normal,steady_ewma,0.01,acute,Rolling500,500,0.00039785171711647813,1.0142089244551309e-06,0.010090819355344472,0.00035409947208246483,0.00038815469817976225,6.121493041026632e-06,0.0095,0.0009650713576989536,0.004100527654014757,0.00011858045869303708,2.0933507412261643e-05,1.0142089244549553e-06,4.314649517520201e-06,8.257968756224289e-07,4.185558804065803e-06,6.935937719989106e-07,0.0,0.0,-4.737547040137998e-07,9.776040767064993e-07
normal,steady_ewma,0.01,acute,Static-CP,500,0.0003936661583124124,7.463158838241002e-07,0.009984361496971145,0.00030736809714299246,0.00038479687350544877,6.205190869535383e-06,0.009,0.0009485776716739631,0.003641952756744895,9.53920971032539e-05,1.674794860819359e-05,7.463158838240853e-07,1.2909071345439918e-07,6.421401028986934e-07,0.0,0.0,-4.185558804065803e-06,6.935937719989106e-07,-4.6593135080796015e-06,9.348341427884407e-07
normal,steady_ewma,0.01,acute,VolRolling250,500,0.0004114741815040136,1.5754312979213486e-06,0.007762732464685556,0.0003280552959622095,0.000407389494426231,5.820897650316452e-06,0.0071,0.0008310000735526375,0.006081952369486453,0.00019959990686429054,3.455597179979393e-05,1.5754312979210504e-06,1.79371139050556e-05,1.6545656237101458e-06,1.7808023191601203e-05,1.4932364161858358e-06,1.36224643875354e-05,1.3108463898428315e-06,1.3148709683521598e-05,1.3330299368429781e-06
normal,steady_ewma,0.01,acute,VolRolling500,500,0.0003998925002800488,1.083551306528343e-06,0.010040742953971777,0.0003565983519339529,0.0003897938377127878,6.199198145964884e-06,0.009100000000000002,0.0009413566298747879,0.004377149982146086,0.00013151190836974128,2.2974290575830098e-05,1.0835513065282943e-06,6.355432681090798e-06,9.049266036920395e-07,6.2263419676364e-06,7.5174192880037e-07,2.040783163570596e-06,1.831261911436996e-07,1.5670284595567969e-06,9.94585120598863e-07
normal,steady_ewma,0.01,early,DtACI500,500,0.0004086159952960142,9.102695026500697e-07,0.012692690018246492,0.00031473210328765335,0.0004101767460519426,3.4374646434619856e-06,0.01286311494701891,0.0003521820640622608,0.004754028147993058,7.276423219401245e-05,3.169778559179672e-05,9.102695026497574e-07,1.4484954047314002e-05,7.308198226456877e-07,1.483704449587e-05,8.199799564360856e-07,1.09011096238852e-05,5.218764692318748e-07,1.02115750284282e-05,8.162941527036281e-07
normal,steady_ewma,0.01,early,InitialKupiecGate,500,0.0003947138540501784,5.692631187276224e-07,0.013031439239467623,0.0002202853697320468,0.0003950122848053706,3.499065025507806e-06,0.013447619047619017,0.00045884151751620495,0.0033904756016721,5.34842829672155e-05,1.7795644345958095e-05,5.692631187274858e-07,5.828128014782002e-07,2.777403740109949e-07,9.34903250034201e-07,4.876082982398842e-07,-3.0010316219506e-06,6.044348616341982e-07,-3.6905662174076e-06,6.744934059647881e-07
normal,steady_ewma,0.01,early,PastSelectedRolling,500,0.00039840442026758597,7.303698906486711e-07,0.009749067860237656,0.00023593266539812004,0.00039795800675701,3.1169053156814758e-06,0.009523809523809502,0.0003916802302507196,0.004235502101764306,9.233334338359522e-05,2.1486210563368178e-05,7.303698906484719e-07,4.2733790188858e-06,7.235054881225924e-07,4.625469467441801e-06,6.477846033883036e-07,6.895345954570001e-07,6.11339463046448e-07,0.0,0.0
normal,steady_ewma,0.01,early,Raw,500,0.0003941310412487002,4.901861619139256e-07,0.01323600062923679,0.00021379818692927662,0.00039449810448135,3.536726103297253e-06,0.013657142857142826,0.000462665844853321,0.003302765422587224,4.0638001878945865e-05,1.7212831544479694e-05,4.90186161913855e-07,0.0,0.0,3.5209044855600096e-07,4.252454818533353e-07,-3.5838444234288005e-06,5.65223010759112e-07,-4.2733790188858e-06,7.235054881225924e-07
normal,steady_ewma,0.01,early,Rolling1000,500,0.0003939728086744822,4.3674845019840294e-07,0.0100803808316211,0.00020527212369660653,0.0003948546581097922,3.136652896141091e-06,0.010038095238095214,0.00041227380458475196,0.003684345718904657,5.728323862347631e-05,1.7054598970265046e-05,4.3674845019837737e-07,-1.5823257421800074e-07,4.1321626405853457e-07,1.938578743380002e-07,2.423017868567106e-07,-3.7420769976468007e-06,4.102019816847881e-07,-4.4316115931038006e-06,5.73233540152049e-07
normal,steady_ewma,0.01,early,Rolling125,500,0.00042123742916218667,1.5681827420882752e-06,0.007691510337297773,0.0002826748331274217,0.0004210643109393074,3.517638459470516e-06,0.008190476190476172,0.00033904423076673356,0.007127285891029146,0.0001879325671154824,4.431921945796523e-05,1.5681827420878303e-06,2.7106387913486402e-05,1.5797515070828782e-06,2.7458478362042398e-05,1.5203350042615439e-06,2.3522543490057598e-05,1.46256112781346e-06,2.2833008894600598e-05,1.4681806925812798e-06
normal,steady_ewma,0.01,early,Rolling250,500,0.00040715053609743777,9.346703009362977e-07,0.007837946148678538,0.0002536534742271862,0.0004064373184835226,2.8873941689323894e-06,0.007790476190476173,0.00037481359834664387,0.005553001079496243,0.00012544498112285435,3.0232326393220666e-05,9.346703009362497e-07,1.3019494848737601e-05,9.935930992156103e-07,1.33715852972936e-05,8.984308801812176e-07,9.435650425308799e-06,8.100596429561444e-07,8.7461158298518e-06,8.662347217789639e-07
normal,steady_ewma,0.01,early,Rolling500,500,0.000397714885672129,6.391045005699077e-07,0.009954769703567568,0.00025931175429694204,0.0003991447705553348,3.1964783009083787e-06,0.009885714285714263,0.0004027895224975291,0.004109745174182574,7.101010443059888e-05,2.0796675967911242e-05,6.391045005697224e-07,3.5838444234288005e-06,5.65223010759112e-07,3.935934871984801e-06,5.184234694586968e-07,0.0,0.0,-6.895345954570001e-07,6.11339463046448e-07
normal,steady_ewma,0.01,early,Static-CP,500,0.00039377895080014425,4.2053475685386746e-07,0.009979108896753821,0.0002055328927580152,0.00039472641540269415,3.1632124206412783e-06,0.009714285714285693,0.0004296568837338443,0.003675942555159249,5.745253783569428e-05,1.6860741095927215e-05,4.2053475685385205e-07,-3.5209044855600096e-07,4.252454818533353e-07,0.0,0.0,-3.935934871984801e-06,5.184234694586968e-07,-4.625469467441801e-06,6.477846033883036e-07
normal,steady_ewma,0.01,early,VolRolling250,500,0.00041217625822778756,1.1349832809971819e-06,0.00781924162980867,0.0002568941618251105,0.00041103033898009963,3.020578463849504e-06,0.007619047619047601,0.000365762633188107,0.0061336975460408285,0.0001473636707055657,3.525804852356905e-05,1.1349832809969818e-06,1.8045216979087398e-05,1.1767238849863954e-06,1.83973074276434e-05,1.0827602219286965e-06,1.44613725556586e-05,9.977404698678663e-07,1.37718379602016e-05,1.0177458739748279e-06
normal,steady_ewma,0.01,early,VolRolling500,500,0.0003997137564110198,6.627963603656325e-07,0.009950644183205747,0.00026019012255333276,0.00040114345645037144,3.220702488282869e-06,0.00996190476190474,0.00040979735513995953,0.00437423812249191,7.929122440823801e-05,2.2795546706800715e-05,6.62796360365614e-07,5.5827151623196004e-06,5.932393429841853e-07,5.934805610875602e-06,5.24093538709999e-07,1.998870738890801e-06,1.4084280338127853e-07,1.3093361434338008e-06,6.166694139984393e-07
normal,steady_ewma,0.01,late,DtACI500,500,0.00040598900411584313,4.04913941762641e-07,0.011909901836747614,0.00017696710695821896,0.0004064889039869426,1.3843912441725561e-06,0.01195727998892599,0.00011370175736579626,0.004638359593880395,4.236690586187446e-05,2.907079441162712e-05,4.049139417627864e-07,1.2731147877565997e-05,3.7350116779432447e-07,1.27462368617814e-05,4.1267009541706243e-07,9.408733892661e-06,2.5573353841872925e-07,7.678942736891998e-06,5.009345462119192e-07
normal,steady_ewma,0.01,late,InitialKupiecGate,500,0.0003936074007017542,2.402543495123042e-07,0.012872907773131792,0.00011096379017790164,0.00039427184441539077,1.4497865914264877e-06,0.01306,0.00020379367931183464,0.003287577245705795,2.6122529415561413e-05,1.6689190997536982e-05,2.4025434951226085e-07,3.4954446347699986e-07,1.3149381008007005e-07,3.6463344769240186e-07,2.4905780240832637e-07,-2.972869521427999e-06,3.28893966898109e-07,-4.702660677197001e-06,4.949080843595127e-07
normal,steady_ewma,0.01,late,PastSelectedRolling,500,0.0003983100613789512,5.140070946929619e-07,0.009183937769701968,0.00014635035217156142,0.0003984441386616122,1.3753562529387733e-06,0.009344000000000002,0.00015703709529470158,0.004299597657073381,6.795202316162612e-05,2.1391851674734242e-05,5.140070946930075e-07,5.052205140674e-06,5.056048866210826e-07,5.0672941248894016e-06,5.236452174830792e-07,1.729791155769001e-06,4.563507319288197e-07,0.0,0.0
normal,steady_ewma,0.01,late,Raw,500,0.0003932578562382772,2.0923947625482956e-07,0.01312100774070346,0.00010004007017947581,0.00039368034101318816,1.4462910455094076e-06,0.013328000000000001,0.00019978152395711986,0.003218773995037836,1.8230310136385414e-05,1.6339646534059658e-05,2.0923947625480455e-07,0.0,0.0,1.508898421540201e-08,2.1926636115429455e-07,-3.322413984904999e-06,3.0768982809316455e-07,-5.052205140674e-06,5.056048866210826e-07
normal,steady_ewma,0.01,late,Rolling1000,500,0.00039381147606084866,2.2484501809653262e-07,0.009725837143996404,0.00013898211061870593,0.00039380642531940677,1.2704907056023203e-06,0.009924,0.0001633456813731128,0.003701625875379028,3.370624689807983e-05,1.689326635663285e-05,2.248450180965835e-07,5.536198225713991e-07,2.3161127766466222e-07,5.687088067868011e-07,2.536594106901541e-07,-2.7687941623336e-06,2.0980207938460093e-07,-4.498585318102601e-06,4.6451706833562096e-07
normal,steady_ewma,0.01,late,Rolling125,500,0.000421382585167024,8.065261661693525e-07,0.007532738491283093,0.00013999774468643512,0.00042247399297983224,1.6378540262627563e-06,0.007692,0.00011653941337478699,0.00713684496459853,9.672487722217198e-05,4.446437546280835e-05,8.065261661693644e-07,2.81247289287468e-05,8.177506847624826e-07,2.81398179129622e-05,8.121648479257161e-07,2.48023149438418e-05,7.487716303888216e-07,2.30725237880728e-05,7.848571234919728e-07
normal,steady_ewma,0.01,late,Rolling250,500,0.000406125704261727,5.344221977786818e-07,0.007551827556224046,0.00013556657371366937,0.0004071352248792282,1.4057471994094351e-06,0.007784000000000001,0.00011424882313255725,0.005481624301022702,7.38620815721341e-05,2.9207494557511107e-05,5.344221977786973e-07,1.28678480234498e-05,5.514807208357491e-07,1.2882937007665202e-05,5.49901290148445e-07,9.545434038544802e-06,4.3913927797409347e-07,7.815642882775798e-06,5.406687340640481e-07
normal,steady_ewma,0.01,late,Rolling500,500,0.0003965802702231822,3.0669021857873537e-07,0.009596387674740307,0.00015561298376648807,0.00039695271111643804,1.3025964625082948e-06,0.009684000000000002,0.0001501645323421849,0.004053957099854943,4.31699515800811e-05,1.9662060518963758e-05,3.066902185787808e-07,3.322413984904999e-06,3.0768982809316455e-07,3.337502969120401e-06,3.210862443850334e-07,0.0,0.0,-1.729791155769001e-06,4.563507319288197e-07
normal,steady_ewma,0.01,late,Static-CP,500,0.0003932427672540618,2.3034076347317778e-07,0.009909399343642607,0.0001511733251295731,0.00039335954018081,1.254638795199546e-06,0.010164000000000001,0.00021627704343974666,0.003597961935083988,3.2913195826778155e-05,1.6324557549845195e-05,2.303407634732239e-07,-1.508898421540201e-08,2.1926636115429455e-07,0.0,0.0,-3.337502969120401e-06,3.210862443850334e-07,-5.0672941248894016e-06,5.236452174830792e-07
normal,steady_ewma,0.01,late,VolRolling250,500,0.0004106950829779382,6.412982475981415e-07,0.007539532406261809,0.00013574724954951598,0.0004115603978106119,1.49831911264932e-06,0.007684000000000001,0.00011271956085257605,0.006010328413717268,8.486117230739227e-05,3.3776873273721615e-05,6.412982475980618e-07,1.7437226739661e-05,6.509109495815352e-07,1.74523157238764e-05,6.499485171692352e-07,1.4114812754755997e-05,5.390866601888404e-07,1.2385021598986999e-05,6.111018538587428e-07
normal,steady_ewma,0.01,late,VolRolling500,500,0.00039877247534203064,3.5049505896271005e-07,0.009592286795136054,0.00015587313100163638,0.00039911095445519104,1.3450123819515396e-06,0.009632000000000002,0.00014486934200342395,0.004335771024653701,5.050096654122037e-05,2.18542656378132e-05,3.5049505896277046e-07,5.514619103753399e-06,3.431293227309683e-07,5.5297080879688e-06,3.5731189244591885e-07,2.1922051188483993e-06,9.537603100487954e-08,4.6241396307939864e-07,4.6340958346525404e-07
normal,steady_ewma,0.01,middle,DtACI500,500,0.0004073413950237034,4.86075916033067e-07,0.011825922731212407,0.00020332815619884578,0.0004118989950423884,1.7723818366461876e-06,0.01242897779968813,0.0001485765271344665,0.004805848969851602,5.4938780432983986e-05,3.042318531948849e-05,4.860759160330598e-07,1.4202060759249798e-05,4.3542663720042145e-07,1.3911271871066e-05,4.865015610800847e-07,1.0047962528041798e-05,3.062139858848929e-07,8.498588528421e-06,5.849323164343114e-07
normal,steady_ewma,0.01,middle,InitialKupiecGate,500,0.0003937933570838766,3.35839608166159e-07,0.012725274282023646,0.0001268639851782662,0.0003989188703125698,1.8010188582120951e-06,0.013322666666666637,0.00024441523195419386,0.003335357324722085,3.9358097960827796e-05,1.687514737965829e-05,3.358396081661695e-07,6.540228194229996e-07,2.469496787936433e-07,3.632339312392006e-07,3.3863868410575133e-07,-3.500075411785e-06,4.286431764594017e-07,-5.049449411405799e-06,5.329856128755475e-07
normal,steady_ewma,0.01,middle,PastSelectedRolling,500,0.0003988428064952824,5.698066446844672e-07,0.009167969948971007,0.00016314760675045334,0.000402630958149763,1.7353907008227666e-06,0.009743999999999968,0.00019754120737907094,0.004374147881978566,7.686277248958141e-05,2.1924596791065224e-05,5.698066446843956e-07,5.703472230828798e-06,5.760395075339743e-07,5.412683342645e-06,5.661292818256997e-07,1.5493739996207995e-06,5.367493529320058e-07,0.0,0.0
normal,steady_ewma,0.01,middle,Raw,500,0.00039313933426445355,2.463278846493525e-07,0.012963782528630244,0.00011646412061757099,0.0003981443765834336,1.7990145973447602e-06,0.013541333333333303,0.00024112601583201675,0.003229310077062405,2.300073895569507e-05,1.6221124560234424e-05,2.4632788464929645e-07,0.0,0.0,-2.90788888183799e-07,2.6101819157354575e-07,-4.154098231207999e-06,3.7373003935773503e-07,-5.703472230828798e-06,5.760395075339743e-07
normal,steady_ewma,0.01,middle,Rolling1000,500,0.00039390632898239674,2.723878533145452e-07,0.009751105019096304,0.0001431372397881842,0.00039801015049562184,1.6317564855595358e-06,0.010293333333333304,0.00020232097930874093,0.0037052591852891935,4.017038193510737e-05,1.6988119278179087e-05,2.72387853314623e-07,7.669947179431994e-07,2.499474449563082e-07,4.7620582975940036e-07,2.1834610351719137e-07,-3.3871035132648004e-06,2.6836772001668994e-07,-4.936477512885599e-06,5.081185493951151e-07
normal,steady_ewma,0.01,middle,Rolling125,500,0.00042396813509522623,1.0293651288394734e-06,0.0073193273000130765,0.0001694406328797384,0.0004255113831855308,2.0847274256841176e-06,0.0075893333333333,0.00014276758053912274,0.007446618559896233,0.00012231841919501077,4.70499253910069e-05,1.0293651288392288e-06,3.08288008307726e-05,1.0456893850157702e-06,3.05380119425888e-05,1.0122829447835125e-06,2.66747025995646e-05,9.252708095518763e-07,2.51253285999438e-05,9.464416187162305e-07
normal,steady_ewma,0.01,middle,Rolling250,500,0.000407591207903076,6.731026580267068e-07,0.0074107128853325875,0.00016474095854536867,0.0004101802150330186,1.7625333132675645e-06,0.007829333333333303,0.0001606889642127699,0.00566517266932678,9.180622589275742e-05,3.067299819885683e-05,6.731026580266842e-07,1.44518736386224e-05,6.947916079579617e-07,1.4161084750438601e-05,6.621819176191801e-07,1.02977754074144e-05,5.199191498444812e-07,8.748401407793601e-06,6.223342588507153e-07
normal,steady_ewma,0.01,middle,Rolling500,500,0.00039729343249566163,3.849101663751131e-07,0.009548672849781144,0.0001749479248332189,0.00040099371594789145,1.6512841151766672e-06,0.009957333333333304,0.00019142123113964545,0.004154404642218375,5.48922973727367e-05,2.0375222791444456e-05,3.849101663751282e-07,4.154098231207999e-06,3.7373003935773503e-07,3.863309343024201e-06,3.8464841192515564e-07,0.0,0.0,-1.5493739996207995e-06,5.367493529320058e-07
normal,steady_ewma,0.01,middle,Static-CP,500,0.0003934301231526374,2.7033844182825913e-07,0.009803132877261906,0.0001559033045337362,0.0003974823738063628,1.6271982509239438e-06,0.010490666666666634,0.0002443470051337557,0.003643523539881147,4.039415150212862e-05,1.651191344842065e-05,2.7033844182826527e-07,2.90788888183799e-07,2.6101819157354575e-07,0.0,0.0,-3.863309343024201e-06,3.8464841192515564e-07,-5.412683342645e-06,5.661292818256997e-07
normal,steady_ewma,0.01,middle,VolRolling250,500,0.000412437594557589,8.032023683393755e-07,0.0073773970438255655,0.00016405319699819412,0.000415143986249268,1.8651710879961796e-06,0.007807999999999969,0.00015595949208299572,0.006225598086519293,0.00010557010765853437,3.551938485337211e-05,8.032023683393039e-07,1.9298260293135394e-05,8.18186987926052e-07,1.9007471404951596e-05,7.90044983437308e-07,1.51441620619274e-05,6.295237730819046e-07,1.3594788062306601e-05,7.113962543816645e-07
normal,steady_ewma,0.01,middle,VolRolling500,500,0.0003995966609229692,4.5680176660504036e-07,0.009530831230715124,0.00017603495994122413,0.0004033786361755074,1.710649542434738e-06,0.009925333333333302,0.00018968139091676923,0.004449215912957694,6.493234769099703e-05,2.2678451218751536e-05,4.5680176660505105e-07,6.457326658515599e-06,4.43608959688108e-07,6.1665377703318e-06,4.4419422705408124e-07,2.3032284273076e-06,1.2043486224755068e-07,7.538544276868007e-07,5.613628107790806e-07
normal,steady_ewma,0.01,post,DtACI500,500,0.0004068480639441532,3.1045196951425083e-07,0.011985038721060461,0.00013680375323197862,0.0004087365287651108,1.050393532434656e-06,0.012221041340535673,6.067538748136414e-05,0.004716271206605128,3.483259079688476e-05,2.9929854239936005e-05,3.104519695141993e-07,1.35373847927524e-05,2.857160244090485e-07,1.3470271134619401e-05,3.251842795221153e-07,9.855794308787001e-06,1.896857679282571e-07,8.3280072544418e-06,4.2751728512075673e-07
normal,steady_ewma,0.01,post,InitialKupiecGate,500,0.000393814603430354,2.1997527804025314e-07,0.012835415814016876,8.575634433983744e-05,0.0003958973762397406,1.0745993575619949e-06,0.013180000000000002,0.00015090641302138873,0.0033184138425029126,2.6454279873145453e-05,1.6896393726136437e-05,2.1997527804029504e-07,5.039242789532005e-07,1.576822754943893e-07,4.3681062082020114e-07,2.377210402080004e-07,-3.1776662050121996e-06,2.7260799797199137e-07,-4.7054532593574005e-06,4.1534103963384446e-07
normal,steady_ewma,0.01,post,PastSelectedRolling,500,0.00039852005668971144,4.3930666017372e-07,0.00924735287138092,0.0001183797427658992,0.0003998501137146716,1.0703142862798951e-06,0.009522000000000003,0.00010322957274627632,0.0043193631606043455,5.89712403147123e-05,2.160184698549577e-05,4.393066601736383e-07,5.2093775383106e-06,4.3343754232126813e-07,5.1422638801776e-06,4.4978070757813405e-07,1.5277870543451999e-06,4.0732207448265375e-07,0.0,0.0
normal,steady_ewma,0.01,post,Raw,500,0.00039331067915140077,1.5188123767333745e-07,0.013075224841152417,7.121710738450349e-05,0.00039521257453159074,1.0689906625931736e-06,0.013418000000000003,0.0001447219433319064,0.0032320616210713337,1.3616118289636685e-05,1.639246944718297e-05,1.5188123767340985e-07,0.0,0.0,-6.711365813299932e-08,1.7889350578374446e-07,-3.6815904839654002e-06,2.2966290102896082e-07,-5.2093775383106e-06,4.3343754232126813e-07
normal,steady_ewma,0.01,post,Rolling1000,500,0.0003938776357331738,1.715212982178917e-07,0.009781804182347002,0.00011196806979197131,0.0003953658225248814,9.517783865797973e-07,0.010072000000000001,0.00010068717801006869,0.00370122703534385,2.7259091607894367e-05,1.6959426028957732e-05,1.71521298217995e-07,5.669565817730002e-07,1.6334362489971604e-07,4.998429236400009e-07,1.8202345815835573e-07,-3.1146339021924003e-06,1.5067106685946913e-07,-4.642420956537599e-06,4.056679845631917e-07
normal,steady_ewma,0.01,post,Rolling125,500,0.00042234238211830984,6.1314734147336e-07,0.00747150524488346,0.00010572139741394519,0.00042340030811240434,1.25951323316299e-06,0.007694,8.033452103884782e-05,0.00725279756801961,7.422997777024656e-05,4.542417241409276e-05,6.131473414733243e-07,2.9031702966909e-05,6.160744512966389e-07,2.8964589308776002e-05,6.180024587901997e-07,2.53501124829436e-05,5.423195694431052e-07,2.3822325428598403e-05,6.206129204822087e-07
normal,steady_ewma,0.01,post,Rolling250,500,0.000406793613227871,4.1366210527153894e-07,0.007533886989544703,0.00010599621174665732,0.0004081133090717556,1.0597971475116434e-06,0.007794000000000001,7.753160839684161e-05,0.005558870832237872,5.7557856441311124e-05,2.987540352365526e-05,4.1366210527151104e-07,1.3482934076470198e-05,4.2738100695472075e-07,1.34158204183372e-05,4.2686438426986276e-07,9.801343592504798e-06,3.253083361147776e-07,8.273556538159597e-06,4.63889539775959e-07
normal,steady_ewma,0.01,post,Rolling500,500,0.0003969922696353662,2.3449482867534815e-07,0.009626013362019566,0.00012231049902180027,0.0003985222939105832,9.84379205599605e-07,0.009804000000000002,8.700752046366147e-05,0.004098414087128826,3.499651870050594e-05,2.007405993114952e-05,2.3449482867534445e-07,3.6815904839654002e-06,2.2966290102896082e-07,3.614476825832401e-06,2.5284399332494816e-07,0.0,0.0,-1.5277870543451999e-06,4.0732207448265375e-07
normal,steady_ewma,0.01,post,Static-CP,500,0.0003933777928095338,1.8606449282261328e-07,0.009878368164893092,0.00013877163909921592,0.0003948778713551848,9.534673758950815e-07,0.010216000000000001,0.00018187039804038127,0.0036241153184240417,2.9487033768952394e-05,1.645958310531657e-05,1.8606449282260658e-07,6.711365813299932e-08,1.7889350578374446e-07,0.0,0.0,-3.614476825832401e-06,2.5284399332494816e-07,-5.1422638801776e-06,4.4978070757813405e-07
normal,steady_ewma,0.01,post,VolRolling250,500,0.0004115196301920644,5.004048757663947e-07,0.007512565114989113,0.00010584477122719644,0.00041276516923021756,1.1392653087404849e-06,0.007712000000000001,7.58261908738985e-05,0.0061054407790273844,6.664269986900132e-05,3.4601420487846266e-05,5.004048757664664e-07,1.82089510406636e-05,5.068814268569121e-07,1.81418373825306e-05,5.082015855917946e-07,1.4527360556698201e-05,4.0308855316092264e-07,1.2999573502352999e-05,5.146487269423594e-07
normal,steady_ewma,0.01,post,VolRolling500,500,0.0003992027799458844,2.763890248669726e-07,0.009615837607402238,0.00012224413423841534,0.0004007384054749538,1.0311508499131617e-06,0.009766000000000002,8.656485978675063e-05,0.00438317948219056,4.1312779818056246e-05,2.2284570241669133e-05,2.7638902486697534e-07,5.8921007944836e-06,2.662167558526677e-07,5.8249871363506005e-06,2.839234663775398e-07,2.2105103105181997e-06,7.738492973636038e-08,6.827232561730001e-07,4.158227315019344e-07
normal,steady_ewma,0.01,pre,DtACI500,500,0.000409587479238115,6.245837276364461e-07,0.013280064298709088,0.0002542720106971925,0.0004100589248973842,2.237032699751378e-06,0.013064563775775166,0.00019380911253478477,0.004720859743288529,5.093866798298196e-05,3.266926953389793e-05,6.245837276364254e-07,1.61331068929778e-05,4.6983291549776516e-07,1.57603448269086e-05,5.442357157404282e-07,1.2253700758289798e-05,4.44910805427549e-07,1.0498207701651398e-05,7.165049737018938e-07
normal,steady_ewma,0.01,pre,InitialKupiecGate,500,0.00039434907014599416,4.748192440883805e-07,0.012843776632136794,0.00015591230312641323,0.0003961263259400762,2.2897972927142394e-06,0.012784,0.0002969225724461785,0.003358658557220588,5.000853636767015e-05,1.7430860441775407e-05,4.7481924408830003e-07,8.946978008570002e-07,3.406578123773803e-07,5.219357347878011e-07,4.473457345247383e-07,-2.9847083338310003e-06,4.897810172263993e-07,-4.7402013904693995e-06,5.398532725444816e-07
normal,steady_ewma,0.01,pre,PastSelectedRolling,500,0.00039908927153646355,6.641198499664637e-07,0.009530610324797614,0.00019653683846112928,0.0004010599822645574,2.1478744828583957e-06,0.009624000000000002,0.00024455031734886556,0.004323923764000271,8.306274057918753e-05,2.2171061832246996e-05,6.641198499665296e-07,5.6348991913264e-06,6.248928816983058e-07,5.262137125257201e-06,5.809412490598952e-07,1.7554930566383998e-06,5.721367773700605e-07,0.0,0.0
normal,steady_ewma,0.01,pre,Raw,500,0.0003934543723451372,3.3958897758896846e-07,0.013012074728338159,0.00014659708348676784,0.00039513135471019645,2.2510040832339956e-06,0.012976000000000001,0.0002966459938906689,0.0032349342511240834,2.80732847674696e-05,1.653616264091893e-05,3.395889775889032e-07,0.0,0.0,-3.7276206606919914e-07,3.031843821228424e-07,-3.879406134688e-06,3.7478841480328947e-07,-5.6348991913264e-06,6.248928816983058e-07
normal,steady_ewma,0.01,pre,Rolling1000,500,0.0003942047994697012,3.64673760411207e-07,0.009926483106265177,0.00017376804419105127,0.00039555965615159863,2.0343721538947565e-06,0.009920000000000002,0.0002502808042218257,0.003693279914918373,4.449522643291744e-05,1.7286589765483723e-05,3.646737604112149e-07,7.504271245639991e-07,2.933004364455014e-07,3.7766505849479995e-07,1.2912955318101116e-07,-3.128979010124001e-06,2.682802080189601e-07,-4.884472066762401e-06,5.656017092522988e-07
normal,steady_ewma,0.01,pre,Rolling125,500,0.00042331139650811475,1.2064792985621117e-06,0.0077573474144371525,0.00022221275261030763,0.00042317703456603477,2.550093215977513e-06,0.00784,0.00018491399723316105,0.00731333464201048,0.0001461664514537068,4.6393186803894965e-05,1.2064792985618229e-06,2.9857024162977597e-05,1.2019841816114119e-06,2.9484262096908404e-05,1.1906934745257634e-06,2.59776180282896e-05,1.1389988261361965e-06,2.42221249716512e-05,1.1200799853704605e-06
normal,steady_ewma,0.01,pre,Rolling250,500,0.00040792715549213375,7.816545316416885e-07,0.007780641086055098,0.00020961292987806032,0.00040960726804642055,2.182660177336772e-06,0.0078000000000000005,0.00019999999999999996,0.005630849967254073,0.00010445962554698682,3.100894578791473e-05,7.816545316416422e-07,1.4472783146996598e-05,7.776405890572706e-07,1.4100021080927401e-05,7.398712058093298e-07,1.05933770123086e-05,6.641942653021749e-07,8.837883955670199e-06,7.733480295795346e-07
normal,steady_ewma,0.01,pre,Rolling500,500,0.0003973337784798252,4.323136215415228e-07,0.00993817985518947,0.00020281749413322196,0.0003986252618732954,2.059653303899539e-06,0.009792000000000002,0.0002449519849886908,0.004067607219847784,5.533958893017729e-05,2.0415568775606078e-05,4.3231362154163314e-07,3.879406134688e-06,3.7478841480328947e-07,3.5066440686188014e-06,3.062838214829417e-07,0.0,0.0,-1.7554930566383998e-06,5.721367773700605e-07
normal,steady_ewma,0.01,pre,Static-CP,500,0.0003938271344112064,3.614751987543603e-07,0.009861849991945814,0.00017919834823648957,0.0003950863060307572,2.0062384296003493e-06,0.009784000000000003,0.00027572947155312565,0.0036514656353336507,4.496642847881313e-05,1.690892470698912e-05,3.61475198754406e-07,3.7276206606919914e-07,3.031843821228424e-07,0.0,0.0,-3.5066440686188014e-06,3.062838214829417e-07,-5.262137125257201e-06,5.809412490598952e-07
normal,steady_ewma,0.01,pre,VolRolling250,500,0.00041263287128638306,9.398554564140789e-07,0.007759761415527998,0.0002088267312432615,0.000414278981403298,2.323880349552102e-06,0.007736000000000001,0.00019856349847303684,0.0061751712378261756,0.00012090662675467642,3.571466158216606e-05,9.398554564140496e-07,1.91784989412458e-05,9.277042727806522e-07,1.88057368751766e-05,8.89449459256577e-07,1.52990928065578e-05,8.138430927227765e-07,1.3543599749919401e-05,9.019120321039832e-07
normal,steady_ewma,0.01,pre,VolRolling500,500,0.00039946372741453564,4.768711683699764e-07,0.009885646810549889,0.00020420039189318647,0.00040069090345498437,2.0940571257129343e-06,0.009664,0.0002454520348312591,0.004352160743950202,6.452829699980432e-05,2.2545517710319213e-05,4.768711683699867e-07,6.009355069398399e-06,4.2945007645709115e-07,5.6365930033292e-06,3.426971842286438e-07,2.129948934710399e-06,1.1754675939573677e-07,3.7445587807199934e-07,5.825698305445716e-07
normal,steady_ewma,0.05,acute,DtACI500,500,0.001521143280242517,2.5626795620383107e-06,0.05209116523368693,0.0010566765180000277,0.0015029495009778562,1.7237109529912e-05,0.05096403091800662,0.0019383457115422335,0.003335841985796919,7.632055085437278e-05,6.258506641371356e-05,2.562679562037604e-06,3.22476114969794e-05,1.907373871729488e-06,3.235299679964401e-05,2.0178885328584727e-06,2.74008495928436e-05,1.5323350826319848e-06,2.7684477317063e-05,1.7721016355061948e-06
normal,steady_ewma,0.05,acute,InitialKupiecGate,500,0.001489654679231296,1.3572503235157918e-06,0.054507195625677185,0.0008146954249480331,0.0014697037075061014,1.7167659025633646e-05,0.054200000000000005,0.0021850099626944835,0.0023347095602616274,5.569936730887913e-05,3.109646540250104e-05,1.3572503235154952e-06,7.590104857579999e-07,3.3726382886449337e-07,8.643957884226054e-07,8.068234773221469e-07,-4.087751418377804e-06,9.445324206344674e-07,-3.8041236941584014e-06,9.919871941181907e-07
normal,steady_ewma,0.05,acute,PastSelectedRolling,500,0.001493458802925454,1.6441442771267924e-06,0.050000826132620566,0.0008458305388582676,0.001475731881686038,1.661765441875023e-05,0.0493,0.0020875189749896606,0.002529613230029626,6.532428160116192e-05,3.490058909665954e-05,1.6441442771263327e-06,4.5631341799164015e-06,1.0422153612445897e-06,4.668519482581007e-06,9.349697242345691e-07,-2.836277242194026e-07,8.154841166810973e-07,0.0,0.0
normal,steady_ewma,0.05,acute,Raw,500,0.001488895668745538,1.3357644443682962e-06,0.054939031284666075,0.0008034502836549407,0.0014686718063462165,1.7225006867220238e-05,0.0548,0.0021916950184978326,0.0022941419670705968,5.432255007858591e-05,3.0337454916743847e-05,1.3357644443680294e-06,0.0,0.0,1.0538530266460555e-07,7.735712927621075e-07,-4.846761904135805e-06,9.61767877611345e-07,-4.5631341799164015e-06,1.0422153612445897e-06
normal,steady_ewma,0.05,acute,Rolling1000,500,0.0014900151056128782,1.4612315064593204e-06,0.050464786455524664,0.0008002090903672251,0.001471592122341825,1.663892998369646e-05,0.05,0.0020465524067335814,0.002394359822895649,6.0103711191149887e-05,3.1456891784082525e-05,1.4612315064589182e-06,1.1194368673401985e-06,7.252457076701633e-07,1.224822170004804e-06,4.4442111356630565e-07,-3.7273250367956054e-06,6.697165251425059e-07,-3.4436973125762028e-06,7.607698938081166e-07
normal,steady_ewma,0.05,acute,Rolling125,500,0.001519045891873231,2.92614973746946e-06,0.0482420721678667,0.0011071153357520877,0.0014955485424679826,1.6592088249679296e-05,0.045200000000000004,0.001985397594240113,0.0034399454641452503,9.433627722849245e-05,6.048767804443286e-05,2.9261497374688994e-06,3.01502231276932e-05,2.42707145878328e-06,3.0255608430357804e-05,2.4518680305952114e-06,2.5303461223557395e-05,2.094471471098245e-06,2.5587088947776798e-05,2.1571295105930516e-06
normal,steady_ewma,0.05,acute,Rolling250,500,0.0015015269759435092,2.0394471340017203e-06,0.048451835624615525,0.0009237163489688974,0.001485439326890758,1.6474569047851766e-05,0.046900000000000004,0.00206865624920012,0.0028554419185597042,7.589605750673824e-05,4.296876211470883e-05,2.039447134001098e-06,1.2631307197971398e-05,1.4771168322778925e-06,1.2736692500636002e-05,1.4741788663274377e-06,7.784545293835593e-06,1.0366295140188017e-06,8.068173018054996e-06,1.2627312312208553e-06
normal,steady_ewma,0.05,acute,Rolling500,500,0.0014937424306496734,1.6579798927233204e-06,0.050468060425437083,0.0008623630246934618,0.0014749921040959357,1.6765000566236114e-05,0.04930000000000001,0.002125571949434892,0.002544807136130805,6.338139284966118e-05,3.518421682088008e-05,1.6579798927228964e-06,4.846761904135805e-06,9.61767877611345e-07,4.952147206800409e-06,9.053105551933459e-07,0.0,0.0,2.836277242194026e-07,8.154841166810973e-07
normal,steady_ewma,0.05,acute,Static-CP,500,0.001488790283442873,1.3894759240876388e-06,0.05015092923830179,0.000777513328631229,0.0014685995675074797,1.6579315375684838e-05,0.0493,0.002063379526442065,0.002352381162182243,5.951134602467037e-05,3.023206961407871e-05,1.3894759240871844e-06,-1.0538530266460555e-07,7.735712927621075e-07,0.0,0.0,-4.952147206800409e-06,9.053105551933459e-07,-4.668519482581007e-06,9.349697242345691e-07
normal,steady_ewma,0.05,acute,VolRolling250,500,0.001504423946851269,2.2414999920753334e-06,0.04828691224383,0.00093266857765138,0.0014876527000158917,1.6548073460380765e-05,0.046799999999999994,0.002041532686836742,0.0029600207541515596,8.184631812040337e-05,4.586573302247409e-05,2.2414999920750526e-06,1.5528278105731e-05,1.6989444520364398e-06,1.5633663408395605e-05,1.6597575447010232e-06,1.0681516201595195e-05,1.2596783562343599e-06,1.09651439258146e-05,1.465954916436916e-06
normal,steady_ewma,0.05,acute,VolRolling500,500,0.0014954015689202973,1.7109155168360047e-06,0.05042477841181292,0.0008699835076757615,0.0014770137071938522,1.6814214383165414e-05,0.0492,0.002113682878442564,0.0026155533348918877,6.616842562658376e-05,3.6843355091503476e-05,1.7109155168355442e-06,6.5059001747594004e-06,1.0227243726329554e-06,6.611285477424006e-06,9.20364309063622e-07,1.659138270623597e-06,2.52746640169773e-07,1.9427659948429997e-06,8.43662102990621e-07
normal,steady_ewma,0.05,early,DtACI500,500,0.0015188402722506242,1.2865277545108314e-06,0.05151938850425627,0.000665545671886549,0.0015267538023564383,7.81715318810576e-06,0.051188172047530525,0.0006290348964708666,0.0032988818258467612,4.3197678181923556e-05,6.028205842182662e-05,1.286527754510289e-06,2.89175041660702e-05,1.0331435696045266e-06,2.8554030813499397e-05,1.0691725413231853e-06,2.4577478910779396e-05,7.860969416233592e-07,2.40228943838348e-05,9.134200791136951e-07
normal,steady_ewma,0.05,early,InitialKupiecGate,500,0.001490248563424987,7.845947547484277e-07,0.05452676012039167,0.0005079763904172508,0.0014979071603669633,7.758202507376432e-06,0.053980952380952345,0.0008647304420624427,0.0023552061531178703,2.9581737555024186e-05,3.169034959619571e-05,7.845947547483481e-07,3.257953404326012e-07,2.412235131537459e-07,-3.7678012138199056e-08,5.11047846091417e-07,-4.014229914858202e-06,6.600068143882395e-07,-4.568814441802799e-06,6.237566018874882e-07
normal,steady_ewma,0.05,early,PastSelectedRolling,500,0.0014948173778667898,9.498479661134864e-07,0.05011391210305253,0.0005751199558149469,0.0015027173462873868,7.6200981772820405e-06,0.04954285714285711,0.0008113092809487529,0.002581224480877572,3.8418868468625455e-05,3.625916403799406e-05,9.498479661134203e-07,4.8946097822354e-06,6.64300501293914e-07,4.5311364296645994e-06,6.298957148541234e-07,5.545845269445964e-07,5.611088539996188e-07,0.0,0.0
normal,steady_ewma,0.05,early,Raw,500,0.0014899227680845542,7.73494195628565e-07,0.05496703353471389,0.0004989346412703016,0.0014976542975092073,7.786151798511257e-06,0.05445714285714283,0.000860590029370124,0.002335233584337568,2.873326278005812e-05,3.136455425576333e-05,7.734941956285273e-07,0.0,0.0,-3.6347335257080025e-07,4.786173243485655e-07,-4.340025255290803e-06,6.393437397841128e-07,-4.8946097822354e-06,6.64300501293914e-07
normal,steady_ewma,0.05,early,Rolling1000,500,0.001491367564163888,8.582067486396392e-07,0.050439601219553716,0.0005301787503901825,0.0014999040309823977,7.615001930012062e-06,0.049847619047619016,0.0008305777241775804,0.0024463116602402896,3.493457360763505e-05,3.280935033509379e-05,8.582067486395539e-07,1.4447960793340024e-06,4.645533548843938e-07,1.081322726763202e-06,3.4280373721008707e-07,-2.895229175956801e-06,4.266029464731606e-07,-3.4498137029013976e-06,4.821392594195567e-07
normal,steady_ewma,0.05,early,Rolling125,500,0.0015167154871135625,1.664791013232397e-06,0.047174016556409605,0.0007370787452331548,0.0015253789344182186,7.823405226554284e-06,0.04748571428571424,0.0007064723918842086,0.00339632812690993,5.909031236650424e-05,5.8157273284763484e-05,1.6647910132318923e-06,2.6792719029008395e-05,1.5485131127269353e-06,2.64292456764376e-05,1.514993387508102e-06,2.2452693773717594e-05,1.394621191362491e-06,2.1898109246772998e-05,1.407583451010973e-06
normal,steady_ewma,0.05,early,Rolling250,500,0.0015026672221379698,1.2945767496182069e-06,0.04806420307674314,0.0006443223248940116,0.001509358867594884,7.60338970406578e-06,0.04758095238095234,0.0007740214131412761,0.0028974279741217526,4.95330242397902e-05,4.410900830917647e-05,1.2945767496177611e-06,1.2744454053415597e-05,1.0870841316944597e-06,1.2380980700844796e-05,1.061339930712153e-06,8.404428798124794e-06,7.938843701153807e-07,7.849844271180196e-06,8.977495663298514e-07
normal,steady_ewma,0.05,early,Rolling500,500,0.0014942627933398449,9.59855426595518e-07,0.05032227531124628,0.0005730293029236017,0.0015027926884070562,7.625296322799459e-06,0.050171428571428534,0.0008245299731832788,0.0025574406410819954,3.81999288745361e-05,3.570457951105132e-05,9.598554265953498e-07,4.340025255290803e-06,6.393437397841128e-07,3.976551902720003e-06,6.29734727161695e-07,0.0,0.0,-5.545845269445964e-07,5.611088539996188e-07
normal,steady_ewma,0.05,early,Static-CP,500,0.0014902862414371252,8.34277104418403e-07,0.0502362530283486,0.0005275038627660389,0.001499540671264998,7.603660876522305e-06,0.049790476190476156,0.0008716645827236591,0.002407505463298741,3.381798645863835e-05,3.1728027608332306e-05,8.342771044181875e-07,3.6347335257080025e-07,4.786173243485655e-07,0.0,0.0,-3.976551902720003e-06,6.29734727161695e-07,-4.5311364296645994e-06,6.298957148541234e-07
normal,steady_ewma,0.05,early,VolRolling250,500,0.0015061232232927942,1.4338912488594947e-06,0.04799956922749879,0.0006503690751060745,0.0015125328940756501,7.691016563742167e-06,0.04742857142857139,0.0007767894276879702,0.003019206415681378,5.336559573236158e-05,4.75650094639989e-05,1.433891248859142e-06,1.62004552082402e-05,1.2191198468126552e-06,1.5836981855669396e-05,1.1747672755763644e-06,1.1860429952949395e-05,9.165418487291957e-07,1.13058454260048e-05,1.0025699392457105e-06
normal,steady_ewma,0.05,early,VolRolling500,500,0.0014964454696866176,1.0517832470142993e-06,0.050319083323943886,0.0005802722127850726,0.0015046382533080588,7.667705549143204e-06,0.04990476190476187,0.000818580993894117,0.0026418531687575283,4.126588416841347e-05,3.788725585782449e-05,1.0517832470140404e-06,6.522701602063198e-06,7.245581153949609e-07,6.159228249492398e-06,6.873252805102407e-07,2.182676346772394e-06,1.8057300662939022e-07,1.6280918198277977e-06,6.041830609771907e-07
normal,steady_ewma,0.05,late,DtACI500,500,0.0015131357927326357,6.382878095652959e-07,0.05049879508625921,0.0003947110509656778,0.0015138195260599651,3.3131087992144585e-06,0.05090080758569473,0.00020045708421993777,0.0031520022335206556,2.2401273806082666e-05,5.457757890384418e-05,6.382878095652406e-07,2.47659553956972e-05,5.565357897269596e-07,2.447939153521741e-05,5.626365558069523e-07,1.9419895220523405e-05,3.7633782388458407e-07,1.9435254870219e-05,5.511382779806901e-07
normal,steady_ewma,0.05,late,InitialKupiecGate,500,0.0014887971069700184,3.519687685355059e-07,0.054570056589144066,0.00024685120902833877,0.0014886675342151367,3.2992860408380566e-06,0.054744000000000015,0.00037417233713324063,0.0022978029581804497,1.3811958947535127e-05,3.0238893141224292e-05,3.519687685353998e-07,4.272696330800004e-07,1.4094834925782195e-07,1.407057726002083e-07,2.6025037576302417e-07,-4.918790542093798e-06,3.852204484553134e-07,-4.9034308923982005e-06,4.425201613876366e-07
normal,steady_ewma,0.05,late,PastSelectedRolling,500,0.0014937005378624166,5.413067591849917e-07,0.04960392001698408,0.0003445412138119436,0.0014937922332822072,3.2383456287758186e-06,0.049808000000000005,0.000323888993576998,0.00254596173670769,2.1623349498553578e-05,3.514232403362523e-05,5.413067591849077e-07,5.3307005254782015e-06,4.552948359410807e-07,5.04413666499841e-06,4.678885053727731e-07,-1.535964969559631e-08,4.008415744118027e-07,0.0,0.0
normal,steady_ewma,0.05,late,Raw,500,0.0014883698373369385,3.338373318545834e-07,0.05484635084197351,0.00023649040448184207,0.0014880804274241607,3.2930176280201798e-06,0.05502400000000001,0.00036977874552397217,0.0022758471074571913,1.2889814151568831e-05,2.9811623508143946e-05,3.338373318544664e-07,0.0,0.0,-2.865638604797921e-07,2.4273766035058535e-07,-5.346060175173798e-06,3.678108004304396e-07,-5.3307005254782015e-06,4.552948359410807e-07
normal,steady_ewma,0.05,late,Rolling1000,500,0.0014902092781780552,3.9510621356482854e-07,0.050045232700914516,0.00032663030453941876,0.0014901331005906697,3.207315930892333e-06,0.050120000000000005,0.00034961645173912123,0.0024113612312018644,1.629997029200852e-05,3.1651064349264936e-05,3.9510621356487666e-07,1.8394408411168003e-06,2.748882523227609e-07,1.552876980637008e-06,3.0083179285971845e-07,-3.5066193340569978e-06,2.3050535479506893e-07,-3.4912596843614012e-06,3.617770261718693e-07
normal,steady_ewma,0.05,late,Rolling125,500,0.0015160886088932614,8.412733513146351e-07,0.04740136261302506,0.0003768944613032244,0.001516169731988698,3.4054898073992475e-06,0.047776000000000006,0.00021724188378888703,0.0033549772980931945,2.9514787888826476e-05,5.753039506446533e-05,8.412733513145121e-07,2.77187715563232e-05,7.774322836583995e-07,2.743220769584341e-05,7.600342426194545e-07,2.2372711381149404e-05,6.732380854317631e-07,2.2388071030845e-05,7.241781383225908e-07
normal,steady_ewma,0.05,late,Rolling250,500,0.0015007644945065723,5.927199855752585e-07,0.04752134114900036,0.00036855203969922656,0.0015011535227840813,3.2548718162839447e-06,0.04799200000000001,0.00022924436297521434,0.0028467672370119357,2.423111351656731e-05,4.220628067778017e-05,5.927199855752039e-07,1.2394657169634195e-05,5.308778216834519e-07,1.2108093309154404e-05,5.133573290547912e-07,7.0485969944603985e-06,3.6623306160084727e-07,7.063956644155996e-06,5.115352788445102e-07
normal,steady_ewma,0.05,late,Rolling500,500,0.001493715897512112,4.558999261482634e-07,0.04973048212299597,0.0003653635975086021,0.001493836223778464,3.227767863614154e-06,0.04997200000000001,0.0003020544749074631,0.0025539636574730953,1.8853095390703038e-05,3.515768368331684e-05,4.55899926148269e-07,5.346060175173798e-06,3.678108004304396e-07,5.059496314694005e-06,3.701084842077988e-07,0.0,0.0,1.535964969559631e-08,4.008415744118027e-07
normal,steady_ewma,0.05,late,Static-CP,500,0.0014886564011974183,3.434873094724693e-07,0.05010254837294268,0.0003183252058999105,0.0014883238313351827,3.187933304356907e-06,0.049940000000000005,0.0004303989853300612,0.0023510931969023987,1.5359308236767392e-05,3.009818736862443e-05,3.4348730947242325e-07,2.865638604797921e-07,2.4273766035058535e-07,0.0,0.0,-5.059496314694005e-06,3.701084842077988e-07,-5.04413666499841e-06,4.678885053727731e-07
normal,steady_ewma,0.05,late,VolRolling250,500,0.0015041932080737462,6.682940960186392e-07,0.04738513603123344,0.00036745945623509744,0.0015046989513719602,3.304213928805599e-06,0.047768,0.00022753438375679218,0.002970938078158458,2.6640962908052507e-05,4.56349942449544e-05,6.682940960185901e-07,1.5823370736807797e-05,5.953276014680688e-07,1.553680687632801e-05,5.772946867526904e-07,1.0477310561634003e-05,4.3623458240293456e-07,1.0492670211329599e-05,5.663238124571009e-07
normal,steady_ewma,0.05,late,VolRolling500,500,0.0014958582527757499,4.945272731507861e-07,0.04965793899042856,0.00036463504491270223,0.0014960624590420694,3.2686474789330013e-06,0.04985600000000001,0.0003034975279948718,0.002639864871721131,2.0649757652184082e-05,3.730003894695519e-05,4.945272731508493e-07,7.488415438811397e-06,4.004520963860631e-07,7.201851578331604e-06,4.008418331430962e-07,2.1423552636375986e-06,1.1921114463520175e-07,2.1577149133331947e-06,4.2015532416058506e-07
normal,steady_ewma,0.05,middle,DtACI500,500,0.0015157105973653982,7.804066603336506e-07,0.050520378647478326,0.00045249080569047224,0.0015233660488687653,3.9577643108790025e-06,0.05116478515500268,0.000260722914199986,0.003231497374418106,2.69714657058587e-05,5.715238353660471e-05,7.804066603335493e-07,2.72891192328224e-05,6.529095066364405e-07,2.6427682610794003e-05,6.734402632408716e-07,2.17725061535058e-05,4.462063921760314e-07,2.1657635112390396e-05,6.297963758581152e-07
normal,steady_ewma,0.05,middle,InitialKupiecGate,500,0.0014888117415760313,4.5277091594877524e-07,0.05398506617753384,0.0002876796626662972,0.0014963603967041341,3.897292555001567e-06,0.054757333333333304,0.0004428340381045039,0.0023043409095264635,1.8276556202472337e-05,3.0253527747238383e-05,4.527709159488523e-07,3.902634434558008e-07,2.044990700264308e-07,-4.7117317857259643e-07,3.3061765537251937e-07,-5.126349635860801e-06,4.521473907422699e-07,-5.241220676976201e-06,5.425642413309778e-07
normal,steady_ewma,0.05,middle,PastSelectedRolling,500,0.0014940529622530076,6.707930721483279e-07,0.04916255122592814,0.0003697105688541471,0.0015014031184327128,3.840668140013031e-06,0.0497333333333333,0.00037922444266077875,0.002566392904700118,2.605823668891767e-05,3.549474842421443e-05,6.707930721482775e-07,5.631484120432002e-06,5.727107488496886e-07,4.770047498403605e-06,5.751160650035819e-07,1.1487104111540091e-07,5.000296352885414e-07,0.0,0.0
normal,steady_ewma,0.05,middle,Raw,500,0.0014884214781325756,4.1124608658778625e-07,0.05446296954092742,0.0002772243704562217,0.0014959474653968164,3.902141382145676e-06,0.05522666666666664,0.00044452121358802506,0.002283296686656142,1.6262765047311636e-05,2.98632643037816e-05,4.112460865878363e-07,0.0,0.0,-8.614366220283973e-07,2.818517980953272e-07,-5.516613079316601e-06,4.161038120028502e-07,-5.631484120432002e-06,5.727107488496886e-07
normal,steady_ewma,0.05,middle,Rolling1000,500,0.0014900866788441927,4.4038113484760963e-07,0.0498368099808567,0.00034190444666246794,0.0014973929680554118,3.8235491588675546e-06,0.050458666666666645,0.00040334236617410276,0.002409989033908633,1.892477634486325e-05,3.15284650154003e-05,4.403811348476341e-07,1.665200711617e-06,2.8027871011519134e-07,8.037640895886028e-07,2.6618199530086007e-07,-3.851412367699601e-06,3.039053657664737e-07,-3.966283408815002e-06,4.876153190721669e-07
normal,steady_ewma,0.05,middle,Rolling125,500,0.0015168907693602657,9.989458179124173e-07,0.04687691936362719,0.00044728228775389224,0.0015240890190437422,4.051760066337382e-06,0.04770133333333331,0.0002572403707192296,0.0034066445375092193,3.550021324326469e-05,5.833255553146924e-05,9.989458179121236e-07,2.84692912276902e-05,9.124483827992699e-07,2.76078546056618e-05,8.860375253352911e-07,2.2952678148373597e-05,7.902799442592686e-07,2.2837807107258196e-05,8.253763261040684e-07
normal,steady_ewma,0.05,middle,Rolling250,500,0.00150210576085435,7.755229977859757e-07,0.04719831852232276,0.00043529691768410476,0.0015084165666481933,3.889792908902505e-06,0.04764266666666664,0.0003036022195679146,0.0029041448063201235,3.0610128565815105e-05,4.354754702555776e-05,7.755229977859588e-07,1.3684282721774396e-05,6.856055794636474e-07,1.2822846099745998e-05,6.605322017395405e-07,8.167669642457794e-06,4.851963810875121e-07,8.052798601342392e-06,5.936079778261718e-07
normal,steady_ewma,0.05,middle,Rolling500,500,0.0014939380912118922,5.351884117693385e-07,0.04954571158954493,0.00039934121429205236,0.0015011568081371082,3.838438767147173e-06,0.05004266666666663,0.0003795952373245877,0.002568608848970206,2.2446186976494758e-05,3.537987738309973e-05,5.351884117691731e-07,5.516613079316601e-06,4.161038120028502e-07,4.655176457288204e-06,4.421779050966735e-07,0.0,0.0,-1.1487104111540091e-07,5.000296352885414e-07
normal,steady_ewma,0.05,middle,Static-CP,500,0.0014892829147546039,4.3958531637097744e-07,0.049785911997770264,0.0003600831341954663,0.0014961467878472677,3.832409690364403e-06,0.05037866666666665,0.0004891859974513037,0.0023780107707298353,1.9077741301609812e-05,3.072470092581152e-05,4.395853163709519e-07,8.614366220283973e-07,2.818517980953272e-07,0.0,0.0,-4.655176457288204e-06,4.421779050966735e-07,-4.770047498403605e-06,5.751160650035819e-07
normal,steady_ewma,0.05,middle,VolRolling250,500,0.001505644999728521,8.702249686600197e-07,0.04701262508606253,0.00043523656279055226,0.0015120606914541205,3.9590247312214565e-06,0.047509333333333306,0.00030421415419789363,0.003031571325542036,3.3570742738370474e-05,4.7086785899727474e-05,8.702249686597044e-07,1.72235215959452e-05,7.797777692917253e-07,1.6362084973916802e-05,7.52994900285115e-07,1.17069085166286e-05,5.849999502749917e-07,1.1592037475513198e-05,6.819621668478948e-07
normal,steady_ewma,0.05,middle,VolRolling500,500,0.0014959771354300403,5.807854590740851e-07,0.04947507904942877,0.00040086680398925456,0.0015032674031141122,3.870041884833451e-06,0.04993066666666664,0.0003815532530078505,0.00265045612467465,2.4303691041281094e-05,3.741892160124446e-05,5.807854590741344e-07,7.555657297464798e-06,4.6068871828135463e-07,6.694220675436401e-06,4.789849545314556e-07,2.0390442181481964e-06,1.340205220618424e-07,1.9241731770327956e-06,5.143994982702643e-07
normal,steady_ewma,0.05,post,DtACI500,500,0.0015148604645695068,5.068696453420487e-07,0.05064589863355462,0.00029740883604921774,0.001518540170622754,2.419983205744217e-06,0.05103123690932421,0.00010413379939266848,0.003200912063596966,1.7359893109640284e-05,5.630225074071602e-05,5.068696453420739e-07,2.6297687577537203e-05,4.456627709275092e-07,2.5795309918067805e-05,4.546206273066327e-07,2.1003289695314404e-05,2.910082691596605e-07,2.0915334058896606e-05,4.6285600974393806e-07
normal,steady_ewma,0.05,post,InitialKupiecGate,500,0.0014889721493202667,2.786583979193266e-07,0.05434488183630189,0.00018107371673148205,0.001492143241860271,2.3573622971467887e-06,0.054658000000000005,0.0002649953151172075,0.0023070201574452564,1.1203801520647599e-05,3.0413935491477213e-05,2.7865839791930025e-07,4.093723282974004e-07,1.4418126380010937e-07,-9.300533117199537e-08,2.2842208940337915e-07,-4.885025553925397e-06,3.09099038655503e-07,-4.972981190343198e-06,3.8937307318247284e-07
normal,steady_ewma,0.05,post,PastSelectedRolling,500,0.00149394513051061,4.471520426343273e-07,0.049499894011688014,0.0002639455829183469,0.0014972222450472651,2.35000589614228e-06,0.049742,0.00017766824141645586,0.002556999042709131,1.757705962475174e-05,3.5386916681815886e-05,4.471520426342595e-07,5.382353518640599e-06,4.052654739198517e-07,4.879975859171203e-06,4.209088845276369e-07,8.795563641780108e-08,3.6782773332673985e-07,0.0,0.0
normal,steady_ewma,0.05,post,Raw,500,0.0014885627769919694,2.4708540714568875e-07,0.05471710814567281,0.00016852192220460671,0.001491647650601277,2.3566601510760638e-06,0.05503600000000001,0.00026031699498064184,0.002285242176921505,9.627331236065955e-06,3.0004563163180182e-05,2.470854071457518e-07,0.0,0.0,-5.023776594693958e-07,1.9455379011313842e-07,-5.294397882222798e-06,2.762528487501566e-07,-5.382353518640599e-06,4.052654739198517e-07
normal,steady_ewma,0.05,post,Rolling1000,500,0.0014902810400050672,2.818815507292373e-07,0.050016873950442145,0.00025694996262766147,0.0014935106790160987,2.3130183714808606e-06,0.05021600000000001,0.0002008067097219081,0.0024141764240998144,1.1967893472048373e-05,3.172282617627419e-05,2.8188155072921944e-07,1.7182630130977996e-06,1.9114336972407393e-07,1.2158853536284038e-06,2.118156540235121e-07,-3.5761348691249976e-06,1.7423061776275124e-07,-3.6640905055427986e-06,3.483796042219754e-07
normal,steady_ewma,0.05,post,Rolling125,500,0.0015165143869411155,6.210070355244729e-07,0.04719763924965306,0.00027317010980265854,0.0015196940070990221,2.474294122633245e-06,0.04766600000000001,0.00013750164145494997,0.003380393713221003,2.1709099898584198e-05,5.7956173112324055e-05,6.210070355244266e-07,2.7951609949146008e-05,5.811034181077355e-07,2.744923228967661e-05,5.681268086131165e-07,2.265721206692321e-05,4.7396956883430355e-07,2.2569256430505404e-05,5.649239908564425e-07
normal,steady_ewma,0.05,post,Rolling250,500,0.0015014825054170237,4.5802286173694796e-07,0.04747581805592155,0.00027446172911787213,0.0015044244415203893,2.3589313452230798e-06,0.047796000000000005,0.00013668259678733448,0.002873776696529992,1.8309119676390834e-05,4.292429158823265e-05,4.5802286173691334e-07,1.2919728425054397e-05,4.1541013786837967e-07,1.2417350765585002e-05,4.1139847099978793e-07,7.6253305428316005e-06,2.6545899904480605e-07,7.5373749064138e-06,4.225243872996017e-07
normal,steady_ewma,0.05,post,Rolling500,500,0.0014938571748741923,3.4413239441428403e-07,0.049738083023766935,0.00027624721681418317,0.0014971449893053062,2.3415568426693285e-06,0.050006,0.00016317223525071114,0.002559637557136601,1.4298827484755365e-05,3.5298961045398955e-05,3.4413239441421595e-07,5.294397882222798e-06,2.762528487501566e-07,4.792020222753402e-06,2.950321926546658e-07,0.0,0.0,-8.795563641780108e-08,3.6782773332673985e-07
normal,steady_ewma,0.05,post,Static-CP,500,0.0014890651546514387,2.7347888205768406e-07,0.04999881633837782,0.0002856940339025284,0.001492040722943291,2.304596763632406e-06,0.05007600000000001,0.000347560130176314,0.002367136334364897,1.2104435894845577e-05,3.0506940822648106e-05,2.7347888205770746e-07,5.023776594693958e-07,1.9455379011313842e-07,0.0,0.0,-4.792020222753402e-06,2.950321926546658e-07,-4.879975859171203e-06,4.209088845276369e-07
normal,steady_ewma,0.05,post,VolRolling250,500,0.0015049448963178396,5.118143086818261e-07,0.047327995436654134,0.0002732905099225481,0.001507941242859534,2.3899899790832207e-06,0.047616000000000006,0.000140515398281856,0.0029985253748870664,1.9962323308294965e-05,4.638668248904522e-05,5.118143086818478e-07,1.6382119325870203e-05,4.646297540250843e-07,1.5879741666400805e-05,4.610447122883657e-07,1.1087721443647406e-05,3.224625226034388e-07,1.0999765807229604e-05,4.636525679822213e-07
normal,steady_ewma,0.05,post,VolRolling500,500,0.0014959553578696378,3.735189214339461e-07,0.04967412345600044,0.0002754227211471728,0.0014992837964300503,2.3645309250735223e-06,0.049876000000000004,0.0001634830309322824,0.0026435591320309376,1.557470757337687e-05,3.7397144040846106e-05,3.7351892143395883e-07,7.392580877668599e-06,3.052134547134591e-07,6.890203218199203e-06,3.2148724651539834e-07,2.0981829954458014e-06,9.227546721453078e-08,2.0102273590280004e-06,3.8079392539220935e-07
normal,steady_ewma,0.05,pre,DtACI500,500,0.0015206165960520034,1.0517036323278162e-06,0.051933159491081494,0.0005258389242306667,0.001522248245992719,4.979572082122448e-06,0.051445394425063455,0.0003408923500708613,0.00331254332892705,3.230778547498321e-05,6.205838222320718e-05,1.0517036323273927e-06,3.18606158337214e-05,8.13666612384257e-07,3.10532379559588e-05,8.374120649651822e-07,2.6443996157386198e-05,6.403013713501737e-07,2.6440165720270603e-05,7.463995211791228e-07
normal,steady_ewma,0.05,pre,InitialKupiecGate,500,0.0014898341828646954,6.413951361537937e-07,0.05421184050958951,0.0003719489760116941,0.0014907765695732697,4.907206207497116e-06,0.05388800000000001,0.0005438736149309287,0.0023280007054814968,2.3450415459285156e-05,3.1275969035901944e-05,6.413951361537039e-07,1.0782026464138e-06,3.4344192795062265e-07,2.7082476865120414e-07,4.5741585626000294e-07,-4.338417029921401e-06,4.848570430793951e-07,-4.3422474670369984e-06,4.983208013150325e-07
normal,steady_ewma,0.05,pre,PastSelectedRolling,500,0.0014941764303317323,7.486184960099776e-07,0.04971602471525169,0.0004408427078324494,0.0014964538189234818,4.822117888782779e-06,0.04936000000000001,0.0005088838034865147,0.0025511580995715706,2.9084793286999893e-05,3.5618216502939895e-05,7.486184960098185e-07,5.420450113450798e-06,5.895007704959854e-07,4.6130722356882025e-06,5.340658161370822e-07,3.830437115597863e-09,4.6253289197804057e-07,0.0,0.0
normal,steady_ewma,0.05,pre,Raw,500,0.0014887559802182816,5.35866883894751e-07,0.05451220121869935,0.00034132317019478376,0.0014898782362352651,4.900210521762542e-06,0.054352000000000004,0.0005337883963746387,0.002287273281561479,1.9849328978475608e-05,3.019776638948816e-05,5.358668838947918e-07,0.0,0.0,-8.073778777625958e-07,3.332589152678488e-07,-5.4166196763352e-06,5.067641615878264e-07,-5.420450113450798e-06,5.895007704959854e-07
normal,steady_ewma,0.05,pre,Rolling1000,500,0.0014903459032223033,5.586366952362554e-07,0.049924154742784624,0.0003927333772616605,0.0014926649818717194,4.7999586670561505e-06,0.04964000000000002,0.0005232211011047648,0.0024090240582014056,2.295513403528363e-05,3.178768939350997e-05,5.586366952361613e-07,1.5899230040215996e-06,3.125479327494042e-07,7.825451262590036e-07,1.524882209589671e-07,-3.826696672313601e-06,3.846189077904462e-07,-3.830527109429199e-06,4.866581805754244e-07
normal,steady_ewma,0.05,pre,Rolling125,500,0.0015182687586235814,1.3337051220277503e-06,0.047923741952641666,0.0005396376464137272,0.0015209068316942396,5.0276252646220924e-06,0.047776,0.00035995386032535646,0.0033974800236872575,4.3929147495735175e-05,5.971054479478516e-05,1.3337051220272425e-06,2.9512778405299796e-05,1.1674000886999505e-06,2.87054005275372e-05,1.1626255324646238e-06,2.4096158728964598e-05,1.0413049660747408e-06,2.4092328291849e-05,1.0740416562986894e-06
normal,steady_ewma,0.05,pre,Rolling250,500,0.0015016783136267225,9.335607860998983e-07,0.047870253911631376,0.0005192688524869736,0.001503710852818419,4.844647657714585e-06,0.047768000000000005,0.00043812813711180214,0.0028554084499060944,3.4148448421926936e-05,4.312009979792807e-05,9.335607860997223e-07,1.2922333408441005e-05,7.704804791599076e-07,1.211495553067841e-05,7.500356922432267e-07,7.505713732105806e-06,5.518065292577942e-07,7.501883294990207e-06,6.410675087626157e-07
normal,steady_ewma,0.05,pre,Rolling500,500,0.0014941725998946166,7.303325436216945e-07,0.04993059980927809,0.00045976766220488335,0.001496011224387489,4.824017960448843e-06,0.049328000000000004,0.000506907034359325,0.002548231804634765,2.704642814114808e-05,3.561438606582279e-05,7.303325436215539e-07,5.4166196763352e-06,5.067641615878264e-07,4.6092417985726045e-06,4.508961757805439e-07,0.0,0.0,-3.830437115597863e-09,4.6253289197804057e-07
normal,steady_ewma,0.05,pre,Static-CP,500,0.001489563358096044,5.450471840217152e-07,0.049828859838032105,0.00040474645143860665,0.0014918160880872447,4.784417206076195e-06,0.049504000000000006,0.0005885377825109325,0.002382473606620543,2.2788157940640688e-05,3.1005144267252806e-05,5.450471840217268e-07,8.073778777625958e-07,3.332589152678488e-07,0.0,0.0,-4.6092417985726045e-06,4.508961757805439e-07,-4.6130722356882025e-06,5.340658161370822e-07
normal,steady_ewma,0.05,pre,VolRolling250,500,0.0015047159553058717,1.0195360374050286e-06,0.047730776830420964,0.0005156375967552692,0.0015069362933820129,4.9136345614421006e-06,0.04780000000000001,0.0004366937173873826,0.0029677485135995345,3.724699603398787e-05,4.615774147707567e-05,1.019536037404744e-06,1.59599750875902e-05,8.69922061219617e-07,1.5152597209827603e-05,8.287136054602544e-07,1.0543355411254999e-05,6.543453710503483e-07,1.05395249741394e-05,7.177275454860054e-07
normal,steady_ewma,0.05,pre,VolRolling500,500,0.0014960874234039216,7.634933768496131e-07,0.049827887384175484,0.00046029648789979637,0.0014979218899937325,4.843938254537946e-06,0.049272,0.0005044690377218804,0.002626742816537367,2.908483476859496e-05,3.752920957512881e-05,7.634933768494467e-07,7.3314431856401994e-06,5.476894234960798e-07,6.524065307877604e-06,4.7636679030381904e-07,1.9148235093049987e-06,1.6012947531246944e-07,1.910993072189401e-06,4.7235326758426894e-07
t5,appears,0.01,acute,DtACI500,500,0.0005690858395094288,3.2865802061642816e-06,0.025713366837468707,0.0006104001516548573,0.0006185077408422189,2.5770983983987836e-05,0.027889794905307994,0.001372551697166597,0.008253255379039079,0.00016117226594289684,8.134666746238414e-05,3.286580206163619e-06,4.805959472492878e-05,3.2865802061642816e-06,4.56621642875486e-05,3.471772022373348e-06,3.9385372897678396e-05,2.249053451739613e-06,4.05187332604112e-05,2.931382532686508e-06
t5,appears,0.01,acute,InitialKupiecGate,500,0.0005226039442520553,7.40323901629628e-07,0.020941751236301577,0.00014667099229556194,0.0005743123408757984,2.580296029341548e-05,0.0235,0.0015066652183415932,0.0070912042914013755,5.879664821645995e-05,3.48647722050657e-05,7.403239016291711e-07,1.5776994675551981e-06,7.40323901629628e-07,-8.197309698249774e-07,1.5778297076429508e-06,-7.096522359695178e-06,2.254585493653299e-06,-5.963161996962379e-06,2.083383989632798e-06
t5,appears,0.01,acute,PastSelectedRolling,500,0.0005285671062490176,2.2024669355296155e-06,0.01946798169789555,0.00043360818462886606,0.000573329876190415,2.4466776772413846e-05,0.021700000000000004,0.001375501366053859,0.00662996066715081,0.00020236027864342182,4.082793420198551e-05,2.2024669355290844e-06,7.540861464517578e-06,2.202466935529616e-06,5.143431027137401e-06,2.165058536673587e-06,-1.1333603627327985e-06,2.021108940563595e-06,0.0,0.0
t5,appears,0.01,acute,Raw,500,0.0005210262447845,0.0,0.020901603772527807,3.106275521773707e-19,0.0005731739952047939,2.5792583732450522e-05,0.023600000000000003,0.0015134930864213719,0.007071067811865399,3.882844402217134e-20,3.328707273751502e-05,0.0,0.0,0.0,-2.397430437380176e-06,1.4935618626946152e-06,-8.674221827250377e-06,2.2884230957296808e-06,-7.540861464517578e-06,2.202466935529616e-06
t5,appears,0.01,acute,Rolling1000,500,0.0005248678615671019,1.5402994416929772e-06,0.020561440649420712,0.0003245153521783432,0.0005680370381742904,2.4650112461314996e-05,0.0221,0.0013917809124342928,0.006431962067033985,0.00013803069932714847,3.712868952007233e-05,1.5402994416926522e-06,3.841616782601775e-06,1.5402994416929772e-06,1.4441863452216001e-06,1.2038177492557338e-06,-4.832605044648601e-06,1.866127784348568e-06,-3.6992446819158017e-06,1.684038696799858e-06
t5,appears,0.01,acute,Rolling125,500,0.0005612579612203758,4.7154378825116195e-06,0.015505278327053567,0.0006424335521457088,0.0006079312385042186,2.3403393017426186e-05,0.0174,0.0012399818991503226,0.010427873554749922,0.0004992065373640573,7.351878917333433e-05,4.715437882510906e-06,4.023171643587577e-05,4.7154378825116195e-06,3.78342859984956e-05,4.891285009829518e-06,3.1557494608625395e-05,5.002852451519114e-06,3.26908549713582e-05,4.782861849492149e-06
t5,appears,0.01,acute,Rolling250,500,0.000531413617678628,2.7252969470702106e-06,0.016424558748519204,0.0005457394116501324,0.000574129293811986,2.254281728482862e-05,0.019100000000000002,0.0012975929619838341,0.006933891609669049,0.00024691805106544793,4.367444563159174e-05,2.7252969470694622e-06,1.0387372894127976e-05,2.7252969470702106e-06,7.989942456747802e-06,3.0638745043026866e-06,1.7131510668775993e-06,2.560907955919161e-06,2.846511429610398e-06,2.6541186657815713e-06
t5,appears,0.01,acute,Rolling500,500,0.0005297004666117505,2.2884230957296808e-06,0.020460918628822995,0.00045986442655222576,0.0005740024065746927,2.478961893297053e-05,0.0225,0.0014427970497104944,0.006286814096219674,0.00016886999807496736,4.196129456471465e-05,2.2884230957291433e-06,8.674221827250377e-06,2.2884230957296808e-06,6.276791389870201e-06,2.3121243425080515e-06,0.0,0.0,1.1333603627327985e-06,2.021108940563595e-06
t5,appears,0.01,acute,Static-CP,500,0.0005234236752218802,1.4935618626946152e-06,0.020348129390737008,0.0003137261934609158,0.0005670169205454643,2.48599483980257e-05,0.0227,0.0014912638047880537,0.006360634698987102,0.00013386415061109944,3.568450317484833e-05,1.493561862694316e-06,2.397430437380176e-06,1.4935618626946152e-06,0.0,0.0,-6.276791389870201e-06,2.3121243425080515e-06,-5.143431027137401e-06,2.165058536673587e-06
t5,appears,0.01,acute,VolRolling250,500,0.000531413617678628,2.7252969470702106e-06,0.016424558748519204,0.0005457394116501324,0.000574129293811986,2.254281728482862e-05,0.019100000000000002,0.0012975929619838341,0.006933891609669049,0.00024691805106544793,4.367444563159174e-05,2.7252969470694622e-06,1.0387372894127976e-05,2.7252969470702106e-06,7.989942456747802e-06,3.0638745043026866e-06,1.7131510668775993e-06,2.560907955919161e-06,2.846511429610398e-06,2.6541186657815713e-06
t5,appears,0.01,acute,VolRolling500,500,0.0005297004666117505,2.2884230957296808e-06,0.020460918628822995,0.00045986442655222576,0.0005740024065746927,2.478961893297053e-05,0.0225,0.0014427970497104944,0.006286814096219674,0.00016886999807496736,4.196129456471465e-05,2.2884230957291433e-06,8.674221827250377e-06,2.2884230957296808e-06,6.276791389870201e-06,2.3121243425080515e-06,0.0,0.0,1.1333603627327985e-06,2.021108940563595e-06
t5,appears,0.01,early,DtACI500,500,0.0005357678837770378,1.7940752062377496e-06,0.01899846746069644,0.00039553286925723394,0.0005315793963302455,9.545958771702658e-06,0.019141252235964523,0.0004806030106926401,0.006820658804548215,0.00013163314273513172,4.8028711730005445e-05,1.7940752062371887e-06,1.4741638992537775e-05,1.7940752062377496e-06,1.2344208555157599e-05,2.2391878130820566e-06,1.7125139564434794e-05,1.146455306640966e-06,1.4889276194279196e-05,1.614598696378287e-06
t5,appears,0.01,early,InitialKupiecGate,500,0.0005219935567363763,5.562867899268335e-07,0.020703131229460766,0.0001274076300716688,0.0005175225703407735,1.0516615323005614e-05,0.02057142857142854,0.0006441044615909853,0.007086576410811214,5.239074851664116e-05,3.4254384689386975e-05,5.562867899266208e-07,9.67311951876198e-07,5.562867899268335e-07,-1.430118485503978e-06,1.5089299641478427e-06,3.3508125237732203e-06,1.5596243253448355e-06,1.1149491536176209e-06,1.530174283302065e-06
t5,appears,0.01,early,PastSelectedRolling,500,0.0005208786075827586,1.6294818163495965e-06,0.017492009283148768,0.0003537711836056002,0.0005156989473305622,9.76360981948798e-06,0.01729523809523807,0.0006092613233839729,0.00615074343439106,0.00018142416082135045,3.313943553572868e-05,1.6294818163492966e-06,-1.4763720174142321e-07,1.6294818163495965e-06,-2.545067639121599e-06,1.7724768701985334e-06,2.235863370155599e-06,1.371802798730045e-06,0.0,0.0
t5,appears,0.01,early,Raw,500,0.0005210262447845,0.0,0.020901603772527807,3.106275521773707e-19,0.0005156741919266985,1.0475333595904163e-05,0.02055238095238092,0.0006348144454254215,0.007071067811865399,3.882844402217134e-20,3.328707273751502e-05,0.0,0.0,0.0,-2.397430437380176e-06,1.493561862694617e-06,2.3835005718970225e-06,1.6308263962997658e-06,1.4763720174142321e-07,1.6294818163495965e-06
t5,appears,0.01,early,Rolling1000,500,0.000518420046237065,1.3007463939257015e-06,0.01912545997082005,0.0002911928860214274,0.0005132374934898742,9.931669036781097e-06,0.01931428571428568,0.0006299539172383496,0.005830300333541624,0.00012937312838603407,3.0680874190035394e-05,1.3007463939254696e-06,-2.606198547435024e-06,1.3007463939257015e-06,-5.0036289848152005e-06,1.2453706350054842e-06,-2.2269797553800151e-07,1.2702650795327143e-06,-2.4585613456936005e-06,1.1657039485293224e-06
t5,appears,0.01,early,Rolling125,500,0.0005629458251639926,5.466732366682737e-06,0.010452719141197369,0.0003675669470748176,0.0005576304203446408,1.1913496162379187e-05,0.009942857142857121,0.00040132200570691277,0.0121005485029532,0.0006295126898869175,7.520665311695093e-05,5.466732366682084e-06,4.1919580379492576e-05,5.466732366682737e-06,3.95221499421124e-05,5.720893529437822e-06,4.43030809513896e-05,5.668683352895012e-06,4.2067217581234004e-05,5.589406686399816e-06
t5,appears,0.01,early,Rolling250,500,0.0005213362064858076,1.9005530376866507e-06,0.012470378761646684,0.0003592667082004439,0.0005189707477781236,9.05803693657132e-06,0.012380952380952355,0.0004946328526480462,0.006767902119113256,0.0002464082424906348,3.359703443877384e-05,1.900553037686232e-06,3.099617013075785e-07,1.9005530376866507e-06,-2.087468736072597e-06,2.3900300455205937e-06,2.693462273204601e-06,2.0540058092432767e-06,4.575989030490011e-07,2.0091765411180308e-06
t5,appears,0.01,early,Rolling500,500,0.000518642744212603,1.6308263962997658e-06,0.018056417079978144,0.0003664264943251409,0.0005154446028074555,9.776268474219245e-06,0.01784761904761901,0.0005923154126916643,0.005473663426713667,0.00014317905580660912,3.090357216557309e-05,1.6308263962995743e-06,-2.3835005718970225e-06,1.6308263962997658e-06,-4.780931009277198e-06,1.9347550973788327e-06,0.0,0.0,-2.235863370155599e-06,1.371802798730045e-06
t5,appears,0.01,early,Static-CP,500,0.0005234236752218801,1.493561862694617e-06,0.020348129390737,0.0003137261934609158,0.0005156472246221647,1.0134508542326186e-05,0.020323809523809494,0.0006974403234253362,0.006360634698987102,0.00013386415061109944,3.568450317484833e-05,1.493561862694316e-06,2.397430437380176e-06,1.493561862694617e-06,0.0,0.0,4.780931009277198e-06,1.9347550973788327e-06,2.545067639121599e-06,1.7724768701985334e-06
t5,appears,0.01,early,VolRolling250,500,0.0005213362064858076,1.9005530376866507e-06,0.012470378761646684,0.0003592667082004439,0.0005189707477781236,9.05803693657132e-06,0.012380952380952355,0.0004946328526480462,0.006767902119113256,0.0002464082424906348,3.359703443877384e-05,1.900553037686232e-06,3.099617013075785e-07,1.9005530376866507e-06,-2.087468736072597e-06,2.3900300455205937e-06,2.693462273204601e-06,2.0540058092432767e-06,4.575989030490011e-07,2.0091765411180308e-06
t5,appears,0.01,early,VolRolling500,500,0.000518642744212603,1.6308263962997658e-06,0.018056417079978144,0.0003664264943251409,0.0005154446028074555,9.776268474219245e-06,0.01784761904761901,0.0005923154126916643,0.005473663426713667,0.00014317905580660912,3.090357216557309e-05,1.6308263962995743e-06,-2.3835005718970225e-06,1.6308263962997658e-06,-4.780931009277198e-06,1.9347550973788327e-06,0.0,0.0,-2.235863370155599e-06,1.371802798730045e-06
t5,appears,0.01,late,DtACI500,500,0.0005145254166080903,7.030075577116858e-07,0.011607452223228207,0.00017873918353836037,0.0005134170082704055,3.989586508320042e-06,0.011719559755032725,0.0001249917394281956,0.005975874225921096,0.00011143786390686186,2.6786244561061815e-05,7.030075577115695e-07,-6.500828176409824e-06,7.030075577116858e-07,-8.89825861379e-06,1.6432581915206045e-06,1.5743893048368798e-05,4.862306242513446e-07,1.0409947556247001e-05,1.2537208452287777e-06
t5,appears,0.01,late,InitialKupiecGate,500,0.0005209834065211453,6.959818724302331e-07,0.01987517207926869,0.00015580094872118166,0.0005191065412760978,4.733651542486672e-06,0.020020000000000003,0.0003112570672673115,0.007033878617287562,9.54920172073568e-05,3.324423447415627e-05,6.959818724301155e-07,-4.283826335460246e-08,6.959818724302331e-07,-2.4402687007347783e-06,1.7084014880215383e-06,2.220188296142402e-05,8.363644873786716e-07,1.6867937469302222e-05,1.0213397549889568e-06
t5,appears,0.01,late,PastSelectedRolling,500,0.0005041154690518432,1.2347588821111266e-06,0.010377585743032519,0.00017058960297162848,0.0005026527302779572,4.194740141004029e-06,0.010396,0.0001939112455281657,0.004487627588917726,0.00018806635659394157,1.637629700481174e-05,1.2347588821109458e-06,-1.6910775732656827e-05,1.2347588821111266e-06,-1.9308206170037e-05,2.020226261371032e-06,5.3339454921217976e-06,1.1951530954772675e-06,0.0,0.0
t5,appears,0.01,late,Raw,500,0.0005210262447845,0.0,0.020901603772527807,3.106275521773707e-19,0.0005200430944373529,4.754485200959787e-06,0.021064000000000003,0.0002828565425216369,0.007071067811865399,3.882844402217134e-20,3.328707273751502e-05,0.0,0.0,0.0,-2.397430437380176e-06,1.493561862694617e-06,2.2244721224778622e-05,5.058479755089683e-07,1.6910775732656827e-05,1.2347588821111266e-06
t5,appears,0.01,late,Rolling1000,500,0.0004942614105006578,3.6690751886939466e-07,0.011468434343035667,0.00015209580451800963,0.0004933625704412588,3.870752318184403e-06,0.011384,0.00020853792012067376,0.0027574804294646605,7.532993627355525e-05,6.522238453628848e-06,3.6690751886934495e-07,-2.6764834283842223e-05,3.6690751886939456e-07,-2.91622647212224e-05,1.5196421615370638e-06,-4.5201130590636005e-06,4.6611516148971217e-07,-9.854058551185399e-06,1.2257482014699225e-06
t5,appears,0.01,late,Rolling125,500,0.0005623561592510995,2.8806108960483903e-06,0.007814581826131272,0.00014565290219772963,0.0005618819578968817,5.8808660672473376e-06,0.007996,0.00011748861710949107,0.012854527271856285,0.00033641867236565437,7.461698720405874e-05,2.880610896047713e-06,4.1329914466599575e-05,2.8806108960483903e-06,3.89324840292194e-05,3.3171302372580455e-06,6.35746356913782e-05,2.831164388685584e-06,5.82406901992564e-05,2.896687295257091e-06
t5,appears,0.01,late,Rolling250,500,0.0005219615654211703,1.411330310602423e-06,0.007881263654399982,0.00014857385689534078,0.0005198957152168891,4.325292329745233e-06,0.007980000000000001,0.00012591628099510913,0.007840965033817959,0.00020703431673062882,3.4222393374142497e-05,1.4113303106020636e-06,9.353206366703756e-07,1.411330310602423e-06,-1.4621098007098002e-06,2.07407483211507e-06,2.3180041861448998e-05,1.2654018534332216e-06,1.78460963693272e-05,1.5848108221208095e-06
t5,appears,0.01,late,Rolling500,500,0.0004987815235597214,5.058479755089683e-07,0.00994013742238058,0.0001552293290148126,0.0004978570736670672,3.824750916954864e-06,0.010020000000000001,0.00017048557317650854,0.003893485602184625,0.00010385116631263628,1.1042351512691047e-05,5.058479755089813e-07,-2.2244721224778622e-05,5.058479755089683e-07,-2.4642151662158796e-05,1.5839723020481484e-06,0.0,0.0,-5.3339454921217976e-06,1.1951530954772675e-06
t5,appears,0.01,late,Static-CP,500,0.0005234236752218801,1.493561862694617e-06,0.020348129390737005,0.00031372619346091576,0.0005221901821770982,4.97656399787898e-06,0.020347999999999998,0.00042904306065451233,0.006360634698987102,0.00013386415061109944,3.568450317484833e-05,1.493561862694316e-06,2.397430437380176e-06,1.493561862694617e-06,0.0,0.0,2.4642151662158796e-05,1.5839723020481484e-06,1.9308206170037e-05,2.020226261371032e-06
t5,appears,0.01,late,VolRolling250,500,0.0005219615654211703,1.411330310602423e-06,0.007881263654399982,0.00014857385689534075,0.0005198957152168891,4.325292329745233e-06,0.007980000000000001,0.00012591628099510913,0.007840965033817959,0.00020703431673062882,3.4222393374142497e-05,1.4113303106020636e-06,9.353206366703756e-07,1.411330310602423e-06,-1.4621098007098002e-06,2.07407483211507e-06,2.3180041861448998e-05,1.2654018534332216e-06,1.78460963693272e-05,1.5848108221208095e-06
t5,appears,0.01,late,VolRolling500,500,0.0004987815235597214,5.058479755089683e-07,0.00994013742238058,0.0001552293290148126,0.0004978570736670672,3.824750916954864e-06,0.010020000000000001,0.00017048557317650854,0.003893485602184625,0.00010385116631263628,1.1042351512691047e-05,5.058479755089813e-07,-2.2244721224778622e-05,5.058479755089683e-07,-2.4642151662158796e-05,1.5839723020481484e-06,0.0,0.0,-5.3339454921217976e-06,1.1951530954772675e-06
t5,appears,0.01,middle,DtACI500,500,0.0005182916620670336,8.301378781747744e-07,0.013344710593596584,0.00022297821021860178,0.0005171424626369096,4.5925921423359125e-06,0.013176300984297914,0.0001671462531790216,0.006045955819350009,0.00011565164446905334,3.055249002000476e-05,8.301378781747613e-07,-2.7345827174664254e-06,8.301378781747744e-07,-5.132013154846602e-06,1.7105541859160868e-06,1.6010441284211196e-05,5.750698308770927e-07,8.583980165542598e-06,1.3147795126791122e-06
t5,appears,0.01,middle,InitialKupiecGate,500,0.0005212509506324216,6.007760587231998e-07,0.020208568073459204,0.00013071392816621912,0.0005222893248698976,5.512978053293397e-06,0.0199733333333333,0.00034188157374356296,0.0070829271344658405,8.175224908404149e-05,3.35117785854326e-05,6.007760587229198e-07,2.2470584792159768e-07,6.007760587231998e-07,-2.172724589458578e-06,1.5916334339016312e-06,1.896972984959922e-05,8.902874976815871e-07,1.154326873093062e-05,1.211409750624058e-06
t5,appears,0.01,middle,PastSelectedRolling,500,0.000509707681901491,1.356038940775087e-06,0.01316606613232361,0.00024719541729671294,0.0005096811171745306,4.851734690598372e-06,0.0132373333333333,0.00027778309965955164,0.005226232509607552,0.00019324586227970715,2.1968509854460707e-05,1.3560389407747374e-06,-1.1318562883009025e-05,1.356038940775087e-06,-1.3715993320389199e-05,1.8946198792263637e-06,7.4264611186686e-06,1.2747119065415908e-06,0.0,0.0
t5,appears,0.01,middle,Raw,500,0.0005210262447845,0.0,0.020901603772527807,3.106275521773707e-19,0.000522228828605147,5.52972977726543e-06,0.020581333333333302,0.00033208264498394444,0.007071067811865399,3.882844402217134e-20,3.328707273751502e-05,0.0,0.0,0.0,-2.397430437380176e-06,1.493561862694617e-06,1.8745024001677623e-05,6.690981731152756e-07,1.1318562883009025e-05,1.356038940775087e-06
t5,appears,0.01,middle,Rolling1000,500,0.0005041785272021693,7.97846623512443e-07,0.01545213145726358,0.00022121882877312207,0.0005045116258537144,4.764516786299389e-06,0.015578666666666635,0.0002856324667020378,0.0041905366844781616,0.00010377639580363504,1.6439355155138937e-05,7.978466235124739e-07,-1.6847717582330626e-05,7.978466235124431e-07,-1.9245148019710803e-05,1.3755294391018095e-06,1.897306419346997e-06,6.992825430983557e-07,-5.529154699321604e-06,1.3525279477117135e-06
t5,appears,0.01,middle,Rolling125,500,0.0005635883044623072,2.9039611127693435e-06,0.008066647721037377,0.00017911018701850768,0.0005630545308501176,6.13964071355794e-06,0.007994666666666638,0.00015165952327426504,0.012909644860568406,0.00035361111603223323,7.584913241526689e-05,2.9039611127684715e-06,4.2562059677807174e-05,2.903961112769343e-06,4.0164629240427e-05,3.2328961246637726e-06,6.13070836794848e-05,2.927555193212574e-06,5.388062256081619e-05,2.9115263147161832e-06
t5,appears,0.01,middle,Rolling250,500,0.0005214161802230963,1.6862402218795725e-06,0.008514840424543563,0.00018675458868524125,0.0005199200356587453,4.921597007425342e-06,0.008618666666666634,0.00016958911666890825,0.007614699566264015,0.00024370779318780788,3.367700817606814e-05,1.6862402218792885e-06,3.8993543859617687e-07,1.6862402218795725e-06,-2.007494998783999e-06,2.298332446142841e-06,1.91349594402738e-05,1.6394085527409368e-06,1.1708498321605199e-05,1.92523337282269e-06
t5,appears,0.01,middle,Rolling500,500,0.0005022812207828223,6.690981731152756e-07,0.012527200765929485,0.00022357306981494484,0.000502703454710615,4.527316343008668e-06,0.012431999999999967,0.00023969864550951465,0.004146035388643405,0.00010470461198560301,1.4542048735794648e-05,6.690981731152567e-07,-1.8745024001677623e-05,6.690981731152756e-07,-2.1142454439057797e-05,1.5989113899400274e-06,0.0,0.0,-7.4264611186686e-06,1.2747119065415908e-06
t5,appears,0.01,middle,Static-CP,500,0.0005234236752218801,1.493561862694617e-06,0.020348129390737,0.00031372619346091576,0.0005230793372981689,5.5821856004789226e-06,0.020223999999999968,0.000421365599163647,0.006360634698987102,0.00013386415061109947,3.568450317484833e-05,1.493561862694316e-06,2.397430437380176e-06,1.493561862694617e-06,0.0,0.0,2.1142454439057797e-05,1.5989113899400274e-06,1.3715993320389199e-05,1.8946198792263637e-06
t5,appears,0.01,middle,VolRolling250,500,0.0005214161802230963,1.6862402218795725e-06,0.008514840424543563,0.00018675458868524125,0.0005199200356587453,4.921597007425342e-06,0.008618666666666634,0.00016958911666890825,0.007614699566264015,0.00024370779318780788,3.367700817606814e-05,1.6862402218792885e-06,3.8993543859617687e-07,1.6862402218795725e-06,-2.007494998783999e-06,2.298332446142841e-06,1.91349594402738e-05,1.6394085527409368e-06,1.1708498321605199e-05,1.92523337282269e-06
t5,appears,0.01,middle,VolRolling500,500,0.0005022812207828223,6.690981731152756e-07,0.012527200765929485,0.00022357306981494484,0.000502703454710615,4.527316343008668e-06,0.012431999999999967,0.00023969864550951465,0.004146035388643405,0.00010470461198560301,1.4542048735794648e-05,6.690981731152567e-07,-1.8745024001677623e-05,6.690981731152756e-07,-2.1142454439057797e-05,1.5989113899400274e-06,0.0,0.0,-7.4264611186686e-06,1.2747119065415908e-06
t5,appears,0.01,post,DtACI500,500,0.000519259426165959,5.896808500388702e-07,0.013317099004335326,0.00015041873484243943,0.0005188229190555637,2.9527562886763975e-06,0.013368520129510515,7.348653712586368e-05,0.006136404827275146,8.119220410130105e-05,3.1520254118931847e-05,5.896808500389624e-07,-1.7668186185410253e-06,5.896808500388702e-07,-4.164249055921202e-06,1.5821255289447318e-06,1.64617091179806e-05,3.583042971517369e-07,1.07977150058086e-05,9.69456984946798e-07
t5,appears,0.01,post,InitialKupiecGate,500,0.000521222212090091,4.600964396702571e-07,0.02010846287100096,0.00012973491208683054,0.0005212378841675572,3.398529596930294e-06,0.02013,0.00023347638519749655,0.007058951593031676,6.40097550226595e-05,3.348304004310228e-05,4.600964396699678e-07,1.9596730559099804e-07,4.600964396702572e-07,-2.2014631317891774e-06,1.577610842545306e-06,1.842449504211262e-05,6.648919474010781e-07,1.2760500929940623e-05,8.656088270662056e-07
t5,appears,0.01,post,PastSelectedRolling,500,0.0005084617111601504,9.853882404673932e-07,0.012352088279826142,0.00018390946950975923,0.0005080717710729454,3.0990579498198702e-06,0.012412000000000003,0.00015861535127256325,0.0049820782595157735,0.00014593410783039307,2.0722539113120217e-05,9.853882404671707e-07,-1.2564533624349625e-05,9.853882404673932e-07,-1.49619640617298e-05,1.718624999506271e-06,5.6639941121719995e-06,9.373011039674426e-07,0.0,0.0
t5,appears,0.01,post,Raw,500,0.0005210262447845,0.0,0.020901603772527807,3.106275521773707e-19,0.0005214666280020046,3.3982818764470814e-06,0.020880000000000003,0.0002084661033176975,0.007071067811865399,3.882844402217134e-20,3.328707273751502e-05,0.0,0.0,0.0,-2.397430437380176e-06,1.493561862694617e-06,1.8228527736521623e-05,4.850334912477985e-07,1.2564533624349625e-05,9.853882404673932e-07
t5,appears,0.01,post,Rolling1000,500,0.000501129115037376,5.32478687194622e-07,0.013948168577916193,0.00016769141766500396,0.0005011238224956958,2.8863574854418406e-06,0.014004,0.00015364628978510825,0.003691012247774194,7.23474644535178e-05,1.3389942990346928e-05,5.3247868719467e-07,-1.989712974712402e-05,5.32478687194622e-07,-2.2294560184504202e-05,1.3447783101112564e-06,-1.6686020106023991e-06,4.0811946433439457e-07,-7.332596122774398e-06,9.684650185762588e-07
t5,appears,0.01,post,Rolling125,500,0.0005628581646655396,1.9873860971774285e-06,0.008339924884821447,0.00011168133129342605,0.000562796246923505,4.197934644002231e-06,0.008388,8.481331615491985e-05,0.012747495522546379,0.00023556344365748862,7.51189926185017e-05,1.9873860971766395e-06,4.183191988103957e-05,1.9873860971774285e-06,3.94344894436594e-05,2.5281920879897783e-06,6.00604476175612e-05,1.9506225267278603e-06,5.43964535053892e-05,2.073119779184136e-06
t5,appears,0.01,post,Rolling250,500,0.0005218804243288295,1.0392009543424722e-06,0.008771577931347111,0.00012153198954785032,0.0005208923853734162,3.2268627578074984e-06,0.008904,8.506491685859875e-05,0.007625302408958259,0.0001483524544275472,3.414125228180145e-05,1.039200954342458e-06,8.541795443295717e-07,1.0392009543424722e-06,-1.5432508930506043e-06,1.846407049332391e-06,1.9082707280851194e-05,9.576405390826644e-07,1.3418713168679198e-05,1.2735832790603886e-06
t5,appears,0.01,post,Rolling500,500,0.0005027977170479785,4.850334912477985e-07,0.011972911164388013,0.0001535760970296011,0.0005030440637762905,2.8734220819867415e-06,0.011996,0.00011514549478785471,0.004201977013562919,7.573475645951829e-05,1.505854500094836e-05,4.850334912478e-07,-1.8228527736521623e-05,4.850334912477985e-07,-2.06259581739018e-05,1.506179751826267e-06,0.0,0.0,-5.6639941121719995e-06,9.373011039674426e-07
t5,appears,0.01,post,Static-CP,500,0.0005234236752218801,1.493561862694617e-06,0.020348129390737005,0.0003137261934609158,0.0005227331395715998,3.635338910514853e-06,0.020346,0.00036148847261242416,0.006360634698987102,0.00013386415061109944,3.568450317484833e-05,1.493561862694316e-06,2.397430437380176e-06,1.493561862694617e-06,0.0,0.0,2.06259581739018e-05,1.506179751826267e-06,1.49619640617298e-05,1.718624999506271e-06
t5,appears,0.01,post,VolRolling250,500,0.0005218804243288295,1.0392009543424722e-06,0.008771577931347111,0.00012153198954785032,0.0005208923853734162,3.2268627578074984e-06,0.008904,8.506491685859875e-05,0.007625302408958259,0.0001483524544275472,3.414125228180145e-05,1.039200954342458e-06,8.541795443295717e-07,1.0392009543424722e-06,-1.5432508930506043e-06,1.846407049332391e-06,1.9082707280851194e-05,9.576405390826644e-07,1.3418713168679198e-05,1.2735832790603886e-06
t5,appears,0.01,post,VolRolling500,500,0.0005027977170479785,4.850334912477985e-07,0.011972911164388013,0.0001535760970296011,0.0005030440637762905,2.8734220819867415e-06,0.011996,0.00011514549478785471,0.004201977013562919,7.573475645951829e-05,1.505854500094836e-05,4.850334912478e-07,-1.8228527736521623e-05,4.850334912477985e-07,-2.06259581739018e-05,1.506179751826267e-06,0.0,0.0,-5.6639941121719995e-06,9.373011039674426e-07
t5,appears,0.01,pre,DtACI500,500,0.000514864593344362,7.35684022921447e-07,0.013203006593376884,0.00022462604855417472,0.0005044667016985982,5.115684342592623e-06,0.012673685110551626,0.00021265169272775857,0.005680111630622838,0.00010203928523143971,2.712542129733202e-05,7.356840229213633e-07,2.712542129736198e-05,7.35684022921447e-07,2.19231496160756e-05,7.605874428379878e-07,1.53997887491964e-05,6.111844649599306e-07,1.0437022980433801e-05,1.7300605475083594e-06
t5,appears,0.01,pre,InitialKupiecGate,500,0.000489568085449061,5.936125046496383e-07,0.01012026103701725,6.339241094777931e-05,0.00048020187725472083,4.827272090694426e-06,0.009776,0.00027734001327960566,0.00044075227137791616,9.744756559354034e-05,1.8289134020584102e-06,5.936125046493363e-07,1.828913402060998e-06,5.936125046496383e-07,-3.3733582792253833e-06,6.641753624868574e-07,-9.896719146104581e-06,7.617969379285953e-07,-1.4859484914867181e-05,1.6694694078542386e-06
t5,appears,0.01,pre,PastSelectedRolling,500,0.0005044275703639282,1.7408558859411248e-06,0.009414620688720917,0.0001705397350859614,0.0004947834081738061,5.296456766193033e-06,0.008848,0.0002554452908025246,0.004588141131860646,0.00024228672406488585,1.6688398316896217e-05,1.7408558859408786e-06,1.6688398316928177e-05,1.7408558859411248e-06,1.1486126635641799e-05,1.7235301552703273e-06,4.9627657687626e-06,1.7120951721089544e-06,0.0,0.0
t5,appears,0.01,pre,Raw,500,0.000487739172047,0.0,0.0099999999999993,0.0,0.0004788654472248625,4.770546619112344e-06,0.009696000000000001,0.0002790320515129814,0.0,0.0,0.0,0.0,0.0,0.0,-5.202271681286381e-06,3.341607649463624e-07,-1.172563254816558e-05,6.687043821633761e-07,-1.6688398316928177e-05,1.7408558859411248e-06
t5,appears,0.01,pre,Rolling1000,500,0.0004930763012479366,3.0904027806475167e-07,0.009775436889058629,0.00013060148270905287,0.0004828100216883066,4.702757653611296e-06,0.009224,0.00025827322376938816,0.0027103515838353856,8.601984885295749e-05,5.3371292009051e-06,3.090402780647454e-07,5.33712920093658e-06,3.0904027806475167e-07,1.3485751965019824e-07,1.9673916991667706e-07,-6.388503347229001e-06,5.734397538484079e-07,-1.1351269115991602e-05,1.7091018866990103e-06
t5,appears,0.01,pre,Rolling125,500,0.0005616336905742407,3.899575244550998e-06,0.008034563717922596,0.00019858872328026357,0.0005533916873984415,7.210624299506524e-06,0.0077280000000000005,0.0002009497290049786,0.012699554598503597,0.00045416766351854876,7.389451852720458e-05,3.899575244550388e-06,7.389451852724058e-05,3.899575244550998e-06,6.869224684595421e-05,3.903487234742446e-06,6.2168885979075e-05,3.877881490811987e-06,5.72061202103124e-05,3.6733701403461565e-06
t5,appears,0.01,pre,Rolling250,500,0.0005197221945036859,1.8136876150333148e-06,0.00802011074165502,0.00019059017232918285,0.0005107491823562295,5.497490101098372e-06,0.007344000000000002,0.00021104598744736954,0.007537948203240942,0.0002621184368265937,3.198302245665388e-05,1.8136876150331069e-06,3.198302245668578e-05,1.8136876150333148e-06,2.6780750775399404e-05,1.810550070971555e-06,2.0257389908520204e-05,1.7066368405196775e-06,1.5294624139757604e-05,1.93897891520083e-06
t5,appears,0.01,pre,Rolling500,500,0.0004994648045951656,6.68704382163376e-07,0.009873709429929179,0.00018709884930523182,0.0004899798842525156,4.7692283705470395e-06,0.009312,0.0002550282156577251,0.004092105713294253,0.0001273718364416782,1.172563254813688e-05,6.687043821632493e-07,1.172563254816558e-05,6.687043821633761e-07,6.523360866879199e-06,6.492520871336535e-07,0.0,0.0,-4.9627657687626e-06,1.7120951721089544e-06
t5,appears,0.01,pre,Static-CP,500,0.0004929414437282864,3.341607649463624e-07,0.00972279380599466,0.00013741204918313503,0.00048198719666501524,4.640326860244223e-06,0.009256,0.0002830922295310164,0.0026909553634429945,9.358416407132454e-05,5.202271681259151e-06,3.3416076494640737e-07,5.202271681286381e-06,3.341607649463624e-07,0.0,0.0,-6.523360866879199e-06,6.492520871336535e-07,-1.1486126635641799e-05,1.7235301552703273e-06
t5,appears,0.01,pre,VolRolling250,500,0.0005197221945036859,1.8136876150333148e-06,0.00802011074165502,0.00019059017232918285,0.0005107491823562295,5.497490101098372e-06,0.007344000000000002,0.00021104598744736954,0.007537948203240942,0.0002621184368265937,3.198302245665388e-05,1.8136876150331069e-06,3.198302245668578e-05,1.8136876150333148e-06,2.6780750775399404e-05,1.810550070971555e-06,2.0257389908520204e-05,1.7066368405196775e-06,1.5294624139757604e-05,1.93897891520083e-06
t5,appears,0.01,pre,VolRolling500,500,0.0004994648045951656,6.68704382163376e-07,0.009873709429929179,0.00018709884930523182,0.0004899798842525156,4.7692283705470395e-06,0.009312,0.0002550282156577251,0.004092105713294253,0.0001273718364416782,1.172563254813688e-05,6.687043821632493e-07,1.172563254816558e-05,6.687043821633761e-07,6.523360866879199e-06,6.492520871336535e-07,0.0,0.0,-4.9627657687626e-06,1.7120951721089544e-06
t5,appears,0.05,acute,DtACI500,500,0.0017890979791771605,5.8462321499030376e-06,0.10526288328600644,0.001342809999456703,0.0018543359035929905,4.171809229611173e-05,0.10369256310489261,0.0025787187570273503,0.006527194484054075,8.921354156637734e-05,0.00020610916120477113,5.846232149902537e-06,8.964349954260338e-06,5.8462321499030376e-06,9.792155727746198e-06,6.502814940395323e-06,1.1392483571887596e-05,3.946698032667437e-06,1.8972260187898598e-05,5.003017500624745e-06
t5,appears,0.05,acute,InitialKupiecGate,500,0.0017779382792825814,1.2956741812901134e-06,0.11380299107063624,0.0003395138270372149,0.0018493266423403802,4.391077862040718e-05,0.11130000000000001,0.0031709193397054165,0.00700278720427647,2.690238824013715e-05,0.00019494946131018299,1.2956741812898553e-06,-2.195349940318204e-06,1.2956741812901136e-06,-1.3675441668323428e-06,3.405313665751512e-06,2.3278367730905463e-07,4.4828907761693535e-06,7.812560293320058e-06,4.217510374856454e-06
t5,appears,0.05,acute,PastSelectedRolling,500,0.0017701257189892618,4.404250520302853e-06,0.11004483670434868,0.000998869972889987,0.0018373527478484355,4.2817820588434815e-05,0.10740000000000001,0.0031224957902165123,0.0065837476602892105,7.807324352135442e-05,0.00018713690101687127,4.404250520302257e-06,-1.0007910233638264e-05,4.404250520302853e-06,-9.180104460152402e-06,4.2154410482353e-06,-7.579776616011004e-06,3.64479026768814e-06,0.0,0.0
t5,appears,0.05,acute,Raw,500,0.0017801336292228994,2.9121333016628507e-20,0.11456675174466645,1.8637653130642244e-18,0.001851140904871861,4.403261286398628e-05,0.11159999999999999,0.003154485942768846,0.007071067811865399,3.882844402217134e-20,0.00019714481125050005,2.4267777513857088e-21,0.0,0.0,8.278057734858613e-07,3.331649532479838e-06,2.4281336176272588e-06,4.5638911364529116e-06,1.0007910233638264e-05,4.404250520302853e-06
t5,appears,0.05,acute,Rolling1000,500,0.0017790792804779625,3.4187591546634585e-06,0.1133710325359221,0.0007123257970528298,0.0018516394375143734,4.362869386664146e-05,0.11040000000000001,0.003140606122013274,0.006898374690381857,5.471177716641808e-05,0.00019609046250556626,3.418759154663166e-06,-1.0543487449374647e-06,3.4187591546634585e-06,-2.2654297145160334e-07,2.500788742813802e-06,1.373784872689794e-06,3.2730422826274605e-06,8.953561488700797e-06,3.008883046306915e-06
t5,appears,0.05,acute,Rolling125,500,0.001750777817667636,7.517986714746453e-06,0.09966295377768036,0.0016740170364382702,0.001823764664390913,4.117800632539601e-05,0.10030000000000001,0.003064081786504527,0.005587722218065192,0.00012411709682600062,0.00016778899969525855,7.517986714745701e-06,-2.935581155526386e-05,7.5179867147464534e-06,-2.8528005781778e-05,8.087402519404813e-06,-2.6927677937636606e-05,6.926531187026974e-06,-1.93479013216256e-05,6.781200605714218e-06
t5,appears,0.05,acute,Rolling250,500,0.0017603953305104073,5.939572317659716e-06,0.1063126827816819,0.0012971696452346911,0.0018358110773689686,4.2213275399787045e-05,0.10410000000000001,0.0031202326361037267,0.006107099620781776,0.00010626065688049961,0.00017740651253802557,5.939572317658911e-06,-1.9738298712492665e-05,5.939572317659716e-06,-1.8910492939006803e-05,6.635852371296927e-06,-1.7310165094865406e-05,4.42166484682878e-06,-9.730388478854403e-06,4.965472921648909e-06
t5,appears,0.05,acute,Rolling500,500,0.0017777054956052728,4.5638911364529116e-06,0.11210618839571866,0.0009730526547562043,0.0018437174571894297,4.3315498905618743e-05,0.10920000000000002,0.0030902782462552715,0.006718085122472794,7.770929612924994e-05,0.00019471667763288215,4.563891136452353e-06,-2.4281336176272588e-06,4.5638911364529116e-06,-1.6003278441413968e-06,4.573876288878481e-06,0.0,0.0,7.579776616011004e-06,3.64479026768814e-06
t5,appears,0.05,acute,Static-CP,500,0.001779305823449414,3.331649532479838e-06,0.11351326455048909,0.0006885476395592353,0.0018503448851190554,4.3879034290763064e-05,0.1105,0.003201562118716424,0.006917448554848841,5.225236716014286e-05,0.00019631700547701755,3.331649532479608e-06,-8.278057734858613e-07,3.331649532479838e-06,0.0,0.0,1.6003278441413968e-06,4.573876288878481e-06,9.180104460152402e-06,4.2154410482353e-06
t5,appears,0.05,acute,VolRolling250,500,0.0017603953305104073,5.939572317659716e-06,0.1063126827816819,0.0012971696452346911,0.0018358110773689686,4.2213275399787045e-05,0.10410000000000001,0.0031202326361037267,0.006107099620781776,0.00010626065688049961,0.00017740651253802557,5.939572317658911e-06,-1.9738298712492665e-05,5.939572317659716e-06,-1.8910492939006803e-05,6.635852371296927e-06,-1.7310165094865406e-05,4.42166484682878e-06,-9.730388478854403e-06,4.965472921648909e-06
t5,appears,0.05,acute,VolRolling500,500,0.0017777054956052728,4.5638911364529116e-06,0.11210618839571866,0.0009730526547562043,0.0018437174571894297,4.3315498905618743e-05,0.10920000000000002,0.0030902782462552715,0.006718085122472794,7.770929612924994e-05,0.00019471667763288215,4.563891136452353e-06,-2.4281336176272588e-06,4.5638911364529116e-06,-1.6003278441413968e-06,4.573876288878481e-06,0.0,0.0,7.579776616011004e-06,3.64479026768814e-06
t5,appears,0.05,early,DtACI500,500,0.00168496346241689,2.413200656300239e-06,0.07361996570310875,0.0008015793104798334,0.001682496905040743,1.513386938174845e-05,0.07374335435252041,0.0008243577052546235,0.004684404632071834,5.8623891314013e-05,0.00010197464444451745,2.4132006562994116e-06,-9.517016680601026e-05,2.413200656300239e-06,-9.434236103252419e-05,4.030265769398189e-06,-2.7118077769266003e-05,2.2700023083575464e-06,-2.6237417565184598e-05,2.963063701732397e-06
t5,appears,0.05,early,InitialKupiecGate,500,0.001773696226972757,1.3906766467665892e-06,0.11263826042376412,0.00042315023838659303,0.0017697864454583074,1.821563213763189e-05,0.11293333333333329,0.0014302459251328786,0.006906030805903498,3.528955198776323e-05,0.00019070740900035968,1.3906766467661202e-06,-6.437402250142603e-06,1.3906766467665892e-06,-5.609596476656542e-06,3.477078693678391e-06,6.161468678660167e-05,3.43775561196376e-06,6.249534699068306e-05,3.1432626233137195e-06
t5,appears,0.05,early,PastSelectedRolling,500,0.0017112008799820744,3.1939984023628708e-06,0.09544084574680468,0.0009433807658930536,0.0017054298310543784,1.6792484393357457e-05,0.09563809523809519,0.001398788436897542,0.005436350628289288,7.808378207385773e-05,0.0001282120620096947,3.1939984023619035e-06,-6.893274924082566e-05,3.1939984023628716e-06,-6.810494346733961e-05,3.6926073713942775e-06,-8.806602040814038e-07,2.947151684393092e-06,0.0,0.0
t5,appears,0.05,early,Raw,500,0.0017801336292228994,2.9121333016628507e-20,0.11456675174466645,1.8637653130642244e-18,0.0017778877372381366,1.8432925517405173e-05,0.1152380952380952,0.0014138954138474753,0.007071067811865399,3.882844402217134e-20,0.00019714481125050005,2.4267777513857088e-21,0.0,0.0,8.278057734860613e-07,3.331649532479838e-06,6.805208903674425e-05,3.3537786351393594e-06,6.893274924082566e-05,3.1939984023628716e-06
t5,appears,0.05,early,Rolling1000,500,0.001739177250418083,2.7247156824697224e-06,0.10481550716708572,0.0006115332266501707,0.0017383622880210881,1.7743462703641524e-05,0.10579047619047616,0.001365655693475891,0.0062259237957072435,5.084290323032827e-05,0.0001561884324456924,2.724715682469099e-06,-4.095637880481727e-05,2.7247156824697224e-06,-4.01285730313312e-05,2.612746153770526e-06,2.7095710231926992e-05,2.360712268169488e-06,2.7976370436008397e-05,2.4244470520283303e-06
t5,appears,0.05,early,Rolling125,500,0.0016400547615116516,2.279951792059882e-06,0.06379992505032886,0.0008859427151269917,0.001637588367785371,1.4903720320298669e-05,0.06436190476190473,0.0010235313883056854,0.003362278516961615,7.041273638355517e-05,5.706594353929449e-05,2.279951792059227e-06,-0.00014007886771124844,2.2799517920598816e-06,-0.00013925106193776239,4.113408424788604e-06,-7.202677867450421e-05,3.4137986564408654e-06,-7.114611847042279e-05,3.343160968794318e-06
t5,appears,0.05,early,Rolling250,500,0.0016607463005846668,2.9820216572529402e-06,0.08054732254117417,0.0008923780916514613,0.001658778891461389,1.5691653017685796e-05,0.08114285714285711,0.0012346034871376596,0.003941710449595909,7.944885821756936e-05,7.775748261230359e-05,2.9820216572521114e-06,-0.00011938732863823345,2.9820216572529402e-06,-0.0001185595228647474,4.4792815822985875e-06,-5.13352396014892e-05,2.497027284228184e-06,-5.045457939740779e-05,3.0520767798679057e-06
t5,appears,0.05,early,Rolling500,500,0.0017120815401861559,3.353778635139359e-06,0.09723006050487913,0.0008110875223510087,0.001709678648835479,1.6955470862940055e-05,0.09742857142857139,0.0013396371913176929,0.005481378711729414,7.258879405472061e-05,0.0001290927222137775,3.353778635138437e-06,-6.805208903674425e-05,3.3537786351393594e-06,-6.72242832632582e-05,4.0605323558888705e-06,0.0,0.0,8.806602040814038e-07,2.947151684393092e-06
t5,appears,0.05,early,Static-CP,500,0.0017793058234494138,3.331649532479838e-06,0.11351326455048909,0.0006885476395592354,0.0017781627289221186,1.8788681645290062e-05,0.11417142857142852,0.001563228103456401,0.006917448554848841,5.2252367160142886e-05,0.00019631700547701755,3.331649532479608e-06,-8.278057734860613e-07,3.331649532479838e-06,0.0,0.0,6.72242832632582e-05,4.0605323558888705e-06,6.810494346733961e-05,3.6926073713942775e-06
t5,appears,0.05,early,VolRolling250,500,0.0016607463005846668,2.9820216572529402e-06,0.08054732254117417,0.0008923780916514613,0.001658778891461389,1.5691653017685796e-05,0.08114285714285711,0.0012346034871376596,0.003941710449595909,7.944885821756936e-05,7.775748261230359e-05,2.9820216572521114e-06,-0.00011938732863823345,2.9820216572529402e-06,-0.0001185595228647474,4.4792815822985875e-06,-5.13352396014892e-05,2.497027284228184e-06,-5.045457939740779e-05,3.0520767798679057e-06
t5,appears,0.05,early,VolRolling500,500,0.0017120815401861559,3.353778635139359e-06,0.09723006050487913,0.0008110875223510087,0.001709678648835479,1.6955470862940055e-05,0.09742857142857139,0.0013396371913176929,0.005481378711729414,7.258879405472061e-05,0.0001290927222137775,3.353778635138438e-06,-6.805208903674425e-05,3.3537786351393594e-06,-6.72242832632582e-05,4.0605323558888705e-06,0.0,0.0,8.806602040814038e-07,2.947151684393092e-06
t5,appears,0.05,late,DtACI500,500,0.0016209170791006095,8.851684021167327e-07,0.04755897868553682,0.0003925250290768792,0.00162157345555655,6.114930176050088e-06,0.047983322626934416,0.00022482396779835933,0.0028206690220222734,4.513824860600121e-05,3.792826112825876e-05,8.851684021166072e-07,-0.00015921655012229063,8.851684021167327e-07,-0.0001583887443488046,3.3893302922313472e-06,2.9751131224267008e-05,7.487551676162056e-07,2.2642382487986397e-05,8.908447431141292e-07
t5,appears,0.05,late,InitialKupiecGate,500,0.001770407379207376,1.8138267504163639e-06,0.11078885642814978,0.0007005727068933219,0.0017741307136784287,8.230978643131195e-06,0.11141600000000003,0.0009139258223825581,0.006799416080686515,5.20987413731282e-05,0.00018741856123497957,1.8138267504158074e-06,-9.726250015523404e-06,1.8138267504163639e-06,-8.898444242037342e-06,3.7619051188744112e-06,0.00017924143133103427,1.840125886108324e-06,0.00017213268259475367,1.9826564173647e-06
t5,appears,0.05,late,PastSelectedRolling,500,0.001598274696612623,7.145987949766368e-07,0.05472439218070525,0.0004185466006795952,0.0015999889208748752,6.166543894256759e-06,0.055428000000000005,0.0004666359718887101,0.0017798235507948293,4.1493849423446976e-05,1.5285878640273562e-05,7.145987949764989e-07,-0.00018185893261027706,7.145987949766368e-07,-0.00018103112683679102,3.407658076729428e-06,7.108748736280611e-06,6.827801670177609e-07,0.0,0.0
t5,appears,0.05,late,Raw,500,0.0017801336292228994,2.9121333016628507e-20,0.11456675174466645,1.8637653130642244e-18,0.001784565402298985,8.13440072855222e-06,0.11516800000000002,0.0006359878245894745,0.007071067811865399,3.882844402217134e-20,0.00019714481125050005,2.4267777513857088e-21,0.0,0.0,8.278057734860613e-07,3.331649532479838e-06,0.00018896768134655766,3.3984317830008757e-07,0.00018185893261027706,7.145987949766368e-07
t5,appears,0.05,late,Rolling1000,500,0.0015953350046806983,4.873943209659264e-07,0.05910006328872792,0.00033304132621210855,0.0015967703183133075,6.215991959024086e-06,0.059792000000000005,0.00045513048625535736,0.001603853230644264,3.4011812920507714e-05,1.2346186708348957e-05,4.873943209659705e-07,-0.00018479862454220147,4.873943209659264e-07,-0.0001839708187687154,3.3480239908403354e-06,4.169056804356208e-06,5.033360322001385e-07,-2.939691931924404e-06,7.058502107784214e-07
t5,appears,0.05,late,Rolling125,500,0.0016196188669547853,9.33522287341287e-07,0.047212248099150686,0.0003707329271022232,0.0016207587335675584,6.193337849982808e-06,0.04745200000000001,0.00023611627175519934,0.002959307570350161,4.369895268808338e-05,3.663004898243441e-05,9.335222873411678e-07,-0.00016051476226811468,9.33522287341287e-07,-0.0001596869564946286,3.4420966713071493e-06,2.8452919078443008e-05,8.723115619015041e-07,2.1344170342162397e-05,9.117713682716178e-07
t5,appears,0.05,late,Rolling250,500,0.0016007506000596478,5.896928833809882e-07,0.04760722515319968,0.00036727767826315864,0.001601927314731459,5.994901709972522e-06,0.04809600000000001,0.00027771896522797035,0.002033008088748675,3.794016029255762e-05,1.7761782087295592e-05,5.896928833810017e-07,-0.00017938302916325205,5.896928833809882e-07,-0.00017855522338976602,3.3713777877589365e-06,9.584652183305611e-06,4.6712937660972146e-07,2.4759034470249995e-06,7.166090170541758e-07
t5,appears,0.05,late,Rolling500,500,0.0015911659478763424,3.3984317830008757e-07,0.05024528729470171,0.00034417636583060384,0.0015925286735422148,5.962315744550857e-06,0.05095200000000001,0.0003760081864968171,0.0013523192988988005,3.0176970974875576e-05,8.177129903994225e-06,3.398431783001296e-07,-0.00018896768134655766,3.3984317830008757e-07,-0.0001881398755730716,3.3458382991588245e-06,0.0,0.0,-7.108748736280611e-06,6.827801670177609e-07
t5,appears,0.05,late,Static-CP,500,0.0017793058234494138,3.331649532479838e-06,0.11351326455048909,0.0006885476395592354,0.0017822319893837754,8.600260560848467e-06,0.11399200000000002,0.0008969508982255691,0.006917448554848842,5.2252367160142866e-05,0.00019631700547701755,3.331649532479608e-06,-8.278057734860613e-07,3.331649532479838e-06,0.0,0.0,0.0001881398755730716,3.3458382991588245e-06,0.00018103112683679102,3.407658076729428e-06
t5,appears,0.05,late,VolRolling250,500,0.0016007506000596478,5.896928833809882e-07,0.04760722515319968,0.00036727767826315864,0.001601927314731459,5.994901709972522e-06,0.04809600000000001,0.00027771896522797035,0.002033008088748675,3.794016029255762e-05,1.7761782087295592e-05,5.896928833810016e-07,-0.00017938302916325205,5.896928833809882e-07,-0.00017855522338976602,3.3713777877589365e-06,9.584652183305611e-06,4.6712937660972146e-07,2.4759034470249995e-06,7.166090170541758e-07
t5,appears,0.05,late,VolRolling500,500,0.0015911659478763424,3.3984317830008757e-07,0.05024528729470171,0.00034417636583060384,0.0015925286735422148,5.962315744550857e-06,0.05095200000000001,0.0003760081864968171,0.0013523192988988005,3.0176970974875576e-05,8.177129903994225e-06,3.398431783001296e-07,-0.00018896768134655766,3.3984317830008757e-07,-0.0001881398755730716,3.3458382991588245e-06,0.0,0.0,-7.108748736280611e-06,6.827801670177609e-07
t5,appears,0.05,middle,DtACI500,500,0.0016336985843896051,1.0472004322430902e-06,0.0515158482358128,0.0004690444100918627,0.0016295273134210833,7.485917307208142e-06,0.050265449260174726,0.0002910039937691226,0.0032659624437165083,4.726709763489469e-05,5.070976641725173e-05,1.0472004322428653e-06,-0.00014643504483329486,1.0472004322430902e-06,-0.0001456072390598088,3.4367198432183127e-06,1.9941551017052198e-05,1.2794982584696233e-06,1.0172927608999685e-07,1.740961607064872e-06
t5,appears,0.05,middle,InitialKupiecGate,500,0.0017708725873792283,1.7180593974924945e-06,0.11130474126023562,0.0006177776768289579,0.0017555516076570672,9.608367984225843e-06,0.10955733333333331,0.000919066018317174,0.0068235860455959935,4.714928707393921e-05,0.00018788376940683188,1.718059397491946e-06,-9.261041843671203e-06,1.718059397492494e-06,-8.433236070185143e-06,3.70502100742286e-06,0.00015711555400667586,1.9615724366632585e-06,0.00013727573226571366,2.1168724471776106e-06
t5,appears,0.05,middle,PastSelectedRolling,500,0.0016335968551135151,1.528862628285797e-06,0.07113392793763854,0.0007541497551009482,0.00162573849066134,7.897236942762363e-06,0.06942399999999997,0.0007973489273569307,0.003379623688669337,5.919266050468769e-05,5.0608037141160604e-05,1.5288626282853144e-06,-0.00014653677410938486,1.528862628285797e-06,-0.0001457089683358988,3.3844270843707867e-06,1.9839821740962203e-05,1.2446060534725914e-06,0.0,0.0
t5,appears,0.05,middle,Raw,500,0.0017801336292228994,2.9121333016628507e-20,0.11456675174466645,1.8637653130642244e-18,0.0017653620353768747,9.613090518702633e-06,0.1128533333333333,0.0007348545587018495,0.007071067811865399,3.882844402217134e-20,0.00019714481125050005,2.4267777513857088e-21,0.0,0.0,8.278057734860613e-07,3.331649532479838e-06,0.00016637659585034707,1.0328363266146562e-06,0.00014653677410938486,1.528862628285797e-06
t5,appears,0.05,middle,Rolling1000,500,0.0016519798215189826,1.547226484512457e-06,0.08224993022744166,0.0004646717516859807,0.0016428680298471332,8.25096634972372e-06,0.08086933333333332,0.000633704552459982,0.004120091854263313,4.8545799705781485e-05,6.899100354662319e-05,1.5472264845118202e-06,-0.00012815380770391747,1.547226484512457e-06,-0.0001273260019304314,3.0826255562766984e-06,3.82227881464296e-05,9.97803206857197e-07,1.83829664054674e-05,1.399098252906552e-06
t5,appears,0.05,middle,Rolling125,500,0.0016204414275357462,1.124033249861923e-06,0.048888808305132814,0.00044840907678392485,0.0016161370652565106,7.4784096591087995e-06,0.047765333333333305,0.0003040762130673385,0.0029687384943141355,5.1851292309911494e-05,3.745260956339484e-05,1.1240332498617014e-06,-0.00015969220168715386,1.124033249861923e-06,-0.0001588643959136678,3.49700066764721e-06,6.684394163193203e-06,1.4968217749413217e-06,-1.3155427577769e-05,1.9049165469662158e-06
t5,appears,0.05,middle,Rolling250,500,0.0016025853830505868,7.112104723830203e-07,0.051756137099365544,0.00046566445633912645,0.0015985346326339665,7.295844720103486e-06,0.05044799999999997,0.0003906231323535847,0.0020844571370109348,4.2531904125735606e-05,1.959656507823674e-05,7.112104723830316e-07,-0.00017754824617231347,7.112104723830203e-07,-0.0001767204403988274,3.4370732297551132e-06,-1.1171650321966395e-05,1.0303980848136386e-06,-3.1011472062928595e-05,1.5867705670421577e-06
t5,appears,0.05,middle,Rolling500,500,0.001613757033372553,1.0328363266146562e-06,0.06556290302705368,0.0004980205816473745,0.0016067917135347569,7.561211079441126e-06,0.06421333333333332,0.0005299236363316021,0.002478298939410634,4.6186084559501526e-05,3.076821540020212e-05,1.032836326614608e-06,-0.00016637659585034707,1.0328363266146562e-06,-0.000165548790076861,3.438295994851255e-06,0.0,0.0,-1.9839821740962203e-05,1.2446060534725914e-06
t5,appears,0.05,middle,Static-CP,500,0.0017793058234494138,3.331649532479838e-06,0.11351326455048909,0.0006885476395592354,0.0017652561088790963,1.0316513016671832e-05,0.11186666666666664,0.0010142041752561972,0.00691744855484884,5.22523671601429e-05,0.00019631700547701755,3.331649532479608e-06,-8.278057734860613e-07,3.331649532479838e-06,0.0,0.0,0.000165548790076861,3.438295994851255e-06,0.0001457089683358988,3.3844270843707867e-06
t5,appears,0.05,middle,VolRolling250,500,0.0016025853830505868,7.112104723830203e-07,0.051756137099365544,0.00046566445633912645,0.0015985346326339665,7.295844720103486e-06,0.05044799999999997,0.0003906231323535847,0.0020844571370109348,4.2531904125735606e-05,1.959656507823674e-05,7.112104723830316e-07,-0.00017754824617231347,7.112104723830203e-07,-0.0001767204403988274,3.4370732297551132e-06,-1.1171650321966395e-05,1.0303980848136386e-06,-3.1011472062928595e-05,1.5867705670421577e-06
t5,appears,0.05,middle,VolRolling500,500,0.001613757033372553,1.0328363266146562e-06,0.06556290302705368,0.0004980205816473745,0.0016067917135347569,7.561211079441126e-06,0.06421333333333332,0.0005299236363316021,0.002478298939410634,4.6186084559501526e-05,3.076821540020212e-05,1.032836326614608e-06,-0.00016637659585034707,1.0328363266146562e-06,-0.000165548790076861,3.438295994851255e-06,0.0,0.0,-1.9839821740962203e-05,1.2446060534725914e-06
t5,appears,0.05,post,DtACI500,500,0.0016357986318337198,8.190357069358764e-07,0.05293328649574476,0.0003130863304821877,0.0016356083634123193,4.642797380455159e-06,0.05265810825514522,0.00011498826463904613,0.0032574768034534505,3.4575745608105476e-05,5.2809813861371636e-05,8.190357069357779e-07,-0.00014433499738918026,8.190357069358764e-07,-0.00014350719161569382,3.361094277335817e-06,1.97340987491888e-05,7.259791763526188e-07,8.983856081936203e-06,9.937941249532593e-07
t5,appears,0.05,post,InitialKupiecGate,500,0.0017710777792886905,1.6787457976283944e-06,0.11123678335257123,0.000619562669368404,0.0017682113193305444,6.059035772442509e-06,0.110876,0.0007328159977601106,0.006823741786147151,4.6505529516268374e-05,0.00018808896131629338,1.6787457976279325e-06,-9.055849934209205e-06,1.6787457976283944e-06,-8.228044160722745e-06,3.6816709826868457e-06,0.00015501324620415986,1.7918082983450573e-06,0.00014426300353690728,1.8309318438300412e-06
t5,appears,0.05,post,PastSelectedRolling,500,0.0016268147757517836,9.66607514913854e-07,0.06625960460446854,0.000525210423816917,0.0016254635816531182,4.699398536206341e-06,0.06593800000000001,0.00047711170931589243,0.002859762427824575,3.672797585895069e-05,4.382595777943263e-05,9.66607514913795e-07,-0.00015331885347111645,9.66607514913854e-07,-0.00015249104769763,3.1987356376622853e-06,1.0750242667252594e-05,7.287760802188721e-07,0.0,0.0
t5,appears,0.05,post,Raw,500,0.0017801336292228994,2.9121333016628507e-20,0.11456675174466645,1.8637653130642244e-18,0.0017779944949232625,5.932605311088086e-06,0.11423599999999999,0.00045187718905469876,0.007071067811865399,3.882844402217134e-20,0.00019714481125050005,2.4267777513857088e-21,0.0,0.0,8.278057734864611e-07,3.3316495324798582e-06,0.00016406909613836905,7.596670670385334e-07,0.00015331885347111645,9.66607514913854e-07
t5,appears,0.05,post,Rolling1000,500,0.0016353551323134252,1.0152752488743576e-06,0.07366680438291703,0.0003570798837896531,0.0016340214993418303,4.7766576996211076e-06,0.07353799999999999,0.00032773148743401416,0.003138650553027773,3.540949497105442e-05,5.236631434107372e-05,1.0152752488742092e-06,-0.00014477849690947486,1.0152752488743576e-06,-0.0001439506911359884,3.0018261304156432e-06,1.9290599228894196e-05,5.842782523484585e-07,8.540356561641604e-06,7.763586967898788e-07
t5,appears,0.05,post,Rolling125,500,0.0016246962751153738,7.563539757322289e-07,0.050631678369838284,0.0002874069481883896,0.0016248528381602539,4.620838792617311e-06,0.05040200000000001,0.00016786049652191894,0.003057724409185155,3.1978259095133705e-05,4.170745714302348e-05,7.563539757322184e-07,-0.00015543735410752623,7.563539757322289e-07,-0.0001546095483340398,3.4030815399855742e-06,8.631742030842794e-06,8.900924489237584e-07,-2.1185006364097987e-06,1.0617817775726085e-06
t5,appears,0.05,post,Rolling250,500,0.0016109310868453917,6.060217281768741e-07,0.05379588651131884,0.00030789851571938015,0.0016113021497542919,4.533171012200308e-06,0.05356800000000001,0.0001934880545524943,0.002334197060376644,2.8517157540447635e-05,2.7942268873041407e-05,6.060217281769244e-07,-0.0001692025423775085,6.060217281768742e-07,-0.000168374736604022,3.3859985280077703e-06,-5.133446239139402e-06,5.661420213074346e-07,-1.5883688906391995e-05,8.579493362369929e-07
t5,appears,0.05,post,Rolling500,500,0.001616064533084531,7.596670670385333e-07,0.06216001240342267,0.00034317091718888757,0.001615201836618154,4.570226510097428e-06,0.061970000000000004,0.0002485755007218496,0.002315428218909432,2.9146756181755584e-05,3.3075715112181186e-05,7.596670670385292e-07,-0.00016406909613836905,7.596670670385334e-07,-0.00016324129036488261,3.2713715756166193e-06,0.0,0.0,-1.0750242667252594e-05,7.287760802188721e-07
t5,appears,0.05,post,Static-CP,500,0.0017793058234494134,3.3316495324798582e-06,0.11351326455048909,0.0006885476395592354,0.001776801019760752,6.796976154489959e-06,0.11314400000000001,0.0008087438786925348,0.006917448554848841,5.2252367160142866e-05,0.00019631700547701755,3.331649532479608e-06,-8.278057734864611e-07,3.3316495324798582e-06,0.0,0.0,0.00016324129036488261,3.2713715756166193e-06,0.00015249104769763,3.1987356376622853e-06
t5,appears,0.05,post,VolRolling250,500,0.0016109310868453917,6.060217281768741e-07,0.05379588651131884,0.00030789851571938015,0.0016113021497542919,4.533171012200308e-06,0.05356800000000001,0.0001934880545524943,0.002334197060376644,2.8517157540447635e-05,2.7942268873041407e-05,6.060217281769244e-07,-0.0001692025423775085,6.060217281768742e-07,-0.000168374736604022,3.3859985280077703e-06,-5.133446239139402e-06,5.661420213074346e-07,-1.5883688906391995e-05,8.579493362369929e-07
t5,appears,0.05,post,VolRolling500,500,0.001616064533084531,7.596670670385333e-07,0.06216001240342267,0.00034317091718888757,0.001615201836618154,4.570226510097428e-06,0.061970000000000004,0.0002485755007218496,0.002315428218909432,2.9146756181755584e-05,3.3075715112181186e-05,7.596670670385292e-07,-0.00016406909613836905,7.596670670385334e-07,-0.00016324129036488261,3.2713715756166193e-06,0.0,0.0,-1.0750242667252594e-05,7.287760802188721e-07
t5,appears,0.05,pre,DtACI500,500,0.0016221242889163884,9.739979746957615e-07,0.051833597411735995,0.0004709878439834821,0.0016077321053156104,8.592481919089455e-06,0.051099176548389955,0.000399230007957177,0.002725257716838692,4.566492829788515e-05,3.913547094403709e-05,9.739979746955195e-07,3.91354709439887e-05,9.739979746957615e-07,3.5164660199579797e-05,9.826918989654047e-07,3.06645029339026e-05,7.947877586493638e-07,2.6965462342084e-05,9.968707448567824e-07
t5,appears,0.05,pre,InitialKupiecGate,500,0.0015847485148099798,4.1495632308572906e-07,0.04981872282424936,0.0001483212875711239,0.0015695203953627398,8.228537909523827e-06,0.04856,0.0006243271327897538,0.00015616978993348083,3.256524370138173e-05,1.7596968375826152e-06,4.149563230861193e-07,1.759696837580005e-06,4.1495632308572906e-07,-2.211113906828901e-06,4.521276225901977e-07,-6.711271172506099e-06,4.6890605427992926e-07,-1.0410311764324699e-05,8.643761400209193e-07
t5,appears,0.05,pre,PastSelectedRolling,500,0.0015951588265743046,9.197347688947561e-07,0.049321325349247505,0.00040829273298348406,0.0015786363641396252,8.330150754121275e-06,0.04818400000000001,0.0005856229131384679,0.0015005811775216649,5.5507782775937055e-05,1.2170008601951739e-05,9.197347688946506e-07,1.2170008601904703e-05,9.197347688947563e-07,8.199197857495796e-06,9.055077193673054e-07,3.6990405918185994e-06,8.062446064750352e-07,0.0,0.0
t5,appears,0.05,pre,Raw,500,0.0015829888179724,0.0,0.05,0.0,0.0015682374398590644,8.258470266819795e-06,0.048720000000000006,0.0006204943403874895,0.0,0.0,0.0,0.0,0.0,0.0,-3.970810744408906e-06,2.1777647473437053e-07,-8.470968010086104e-06,4.516977785129392e-07,-1.2170008601904703e-05,9.197347688947563e-07
t5,appears,0.05,pre,Rolling1000,500,0.0015870751977572904,2.0715509042420663e-07,0.049939205494058746,0.0002923971307236307,0.0015715760365165247,8.234332684656072e-06,0.04854400000000001,0.000582923431897286,0.0009642497535526,2.7398733601967887e-05,4.086379784940141e-06,2.071550904241918e-07,4.0863797848905026e-06,2.0715509042420663e-07,1.155690404815962e-07,1.4297353368356802e-07,-4.384588225195601e-06,3.956597891316107e-07,-8.083628817014201e-06,8.777502524932924e-07
t5,appears,0.05,pre,Rolling125,500,0.0016183716379919721,1.178262804586683e-06,0.04807071892783172,0.0005259148976205556,0.0016042684560089926,8.642511840790275e-06,0.04718400000000001,0.00040810953773414696,0.002900185344668912,5.810036935310004e-05,3.538282001962156e-05,1.1782628045864686e-06,3.5382820019572306e-05,1.1782628045866832e-06,3.14120092751634e-05,1.1818722094461813e-06,2.6911852009486197e-05,1.0693994237409605e-06,2.32128114176676e-05,1.0127164584743614e-06
t5,appears,0.05,pre,Rolling250,500,0.0016008469625324224,7.697431916982893e-07,0.04807578317585923,0.00048418463692730335,0.0015863448592423877,8.29941764853766e-06,0.047192000000000005,0.0005084045853893232,0.002039897377403384,4.982705850556469e-05,1.785814456007344e-05,7.697431916982322e-07,1.7858144560022496e-05,7.697431916982893e-07,1.3887333815613589e-05,7.757305342716249e-07,9.387176549936392e-06,5.807358857165497e-07,5.688135958117793e-06,7.511354113976607e-07
t5,appears,0.05,pre,Rolling500,500,0.001591459785982486,4.5169777851293916e-07,0.04973496834093544,0.0003905753567202597,0.0015765142683955436,8.240745136700562e-06,0.04872800000000001,0.0005782670815767317,0.0013631978603209115,3.939650066134477e-05,8.470968010134122e-06,4.516977785130196e-07,8.470968010086104e-06,4.516977785129392e-07,4.500157265677199e-06,4.4718671491321736e-07,0.0,0.0,-3.6990405918185994e-06,8.062446064750352e-07
t5,appears,0.05,pre,Static-CP,500,0.0015869596287168088,2.177764747343705e-07,0.049588969790814674,0.00030142886211891024,0.0015710942914515904,8.224554655846235e-06,0.048088000000000006,0.000662527280037273,0.0009683556848726931,2.997362804615316e-05,3.9708107444604515e-06,2.1777647473427764e-07,3.970810744408906e-06,2.1777647473437053e-07,0.0,0.0,-4.500157265677199e-06,4.4718671491321736e-07,-8.199197857495796e-06,9.055077193673054e-07
t5,appears,0.05,pre,VolRolling250,500,0.0016008469625324224,7.697431916982893e-07,0.04807578317585923,0.00048418463692730335,0.0015863448592423877,8.29941764853766e-06,0.047192000000000005,0.0005084045853893232,0.002039897377403384,4.982705850556469e-05,1.785814456007344e-05,7.697431916982322e-07,1.7858144560022496e-05,7.697431916982893e-07,1.3887333815613589e-05,7.757305342716249e-07,9.387176549936392e-06,5.807358857165497e-07,5.688135958117793e-06,7.511354113976607e-07
t5,appears,0.05,pre,VolRolling500,500,0.001591459785982486,4.5169777851293916e-07,0.04973496834093544,0.0003905753567202597,0.0015765142683955436,8.240745136700562e-06,0.04872800000000001,0.0005782670815767317,0.0013631978603209115,3.939650066134477e-05,8.470968010134122e-06,4.516977785130196e-07,8.470968010086104e-06,4.516977785129392e-07,4.500157265677199e-06,4.4718671491321736e-07,0.0,0.0,-3.6990405918185994e-06,8.062446064750352e-07
t5,biased,0.01,acute,DtACI500,500,0.0005149109112059834,1.0386148222455907e-06,0.013201674836529436,0.0002917409933152817,0.0005501232982815465,2.1002436723600158e-05,0.015576439203121734,0.0010692977744583213,0.005732065844803129,0.00013851837307856567,2.7171739158955574e-05,1.0386148222455806e-06,-6.115333578516626e-06,1.0386148222455907e-06,2.1969467477696797e-05,1.0814681832274326e-06,1.61064253277658e-05,8.47171425725568e-07,1.2508504240253397e-05,1.7511231736780771e-06
t5,biased,0.01,acute,InitialKupiecGate,500,0.0005157859044020457,7.69986348616697e-07,0.01727980597972364,0.0002714686337610566,0.0005530111532274981,2.3432764807465482e-05,0.018600000000000002,0.0013082442455489814,0.006385617762803328,0.00012456434781184106,2.804673235504866e-05,7.699863486170616e-07,-5.240340382454208e-06,7.69986348616697e-07,2.2844460673759217e-05,8.184187097080526e-07,1.698141852382822e-05,9.438898624847758e-07,1.3383497436315814e-05,1.4589832398824364e-06
t5,biased,0.01,acute,PastSelectedRolling,500,0.00050240240696573,1.562181982346243e-06,0.009517419930075016,0.00019807543138360427,0.0005299732974373226,1.9543433848639332e-05,0.011400000000000002,0.0010403098043265553,0.004382780286392962,0.0002339213545893775,1.4663234918700707e-05,1.5621819823462121e-06,-1.862383781877002e-05,1.562181982346243e-06,9.460963237443401e-06,1.5709577440328724e-06,3.597921087512402e-06,1.55690461664449e-06,0.0,0.0
t5,biased,0.01,acute,Raw,500,0.0005210262447845,0.0,0.020901603772527807,3.106275521773707e-19,0.0005731739952047939,2.5792583732450522e-05,0.023600000000000003,0.0015134930864213719,0.007071067811865399,3.882844402217134e-20,3.328707273751502e-05,0.0,0.0,0.0,2.808480105621342e-05,3.3416076494636576e-07,2.2221758906282424e-05,6.601854158137717e-07,1.862383781877002e-05,1.562181982346243e-06
t5,biased,0.01,acute,Rolling1000,500,0.0004933750332330218,3.58247576693146e-07,0.009923412708172305,0.00014413958141603123,0.0005211736331422385,1.9348470504149156e-05,0.011800000000000001,0.0010410030618348337,0.0027958166032194254,9.630963039359106e-05,5.635861185993378e-06,3.582475766929923e-07,-2.7651211551478226e-05,3.58247576693146e-07,4.335895047351977e-07,3.1775086297396613e-07,-5.429452645195801e-06,6.279785155632403e-07,-9.027373732708203e-06,1.5286570054791562e-06
t5,biased,0.01,acute,Rolling125,500,0.0005522826223667748,4.7527396958675506e-06,0.007997096613025553,0.0003105352072272801,0.000584846511170576,1.9443018973495508e-05,0.01,0.0009496334067493775,0.011606371203469763,0.0005800344988246926,6.454345031973659e-05,4.752739695866869e-06,3.125637758227478e-05,4.7527396958675506e-06,5.934117863848819e-05,4.766827352874953e-06,5.3478136488557204e-05,4.6525345402935955e-06,4.98802154010448e-05,4.649097792881585e-06
t5,biased,0.01,acute,Rolling250,500,0.0005193126289394754,2.1229123551022344e-06,0.008297589782835032,0.00025822363549145186,0.0005442113361821232,1.83612087808379e-05,0.0105,0.0009753987931155247,0.00752930195882425,0.00030707064926821395,3.157345689244258e-05,2.1229123551018986e-06,-1.7136158450246213e-06,2.1229123551022344e-06,2.6371185211188802e-05,2.148015161574713e-06,2.0508143061257804e-05,1.9485804730261035e-06,1.69102219737454e-05,2.2633557501859157e-06
t5,biased,0.01,acute,Rolling500,500,0.0004988044858782176,6.601854158137717e-07,0.009958489487996512,0.00020734375347505651,0.000526831186935658,1.9649256521637768e-05,0.0122,0.0010884343704411004,0.003923642464901335,0.00013741185642493676,1.1065313831188435e-05,6.601854158136646e-07,-2.2221758906282424e-05,6.601854158137717e-07,5.863042149930999e-06,6.933005856682753e-07,0.0,0.0,-3.597921087512402e-06,1.55690461664449e-06
t5,biased,0.01,acute,Static-CP,500,0.0004929414437282866,3.3416076494636576e-07,0.00972279380599466,0.000137412049183135,0.000521919402723038,1.942733703959438e-05,0.0123,0.0010907793540393018,0.0026909553634429945,9.358416407132458e-05,5.202271681259151e-06,3.3416076494640737e-07,-2.808480105621342e-05,3.3416076494636576e-07,0.0,0.0,-5.863042149930999e-06,6.933005856682753e-07,-9.460963237443401e-06,1.5709577440328724e-06
t5,biased,0.01,acute,VolRolling250,500,0.0005193126289394754,2.1229123551022344e-06,0.008297589782835032,0.00025822363549145186,0.0005442113361821232,1.83612087808379e-05,0.0105,0.0009753987931155247,0.00752930195882425,0.00030707064926821395,3.157345689244258e-05,2.1229123551018986e-06,-1.7136158450246213e-06,2.1229123551022344e-06,2.6371185211188802e-05,2.148015161574713e-06,2.0508143061257804e-05,1.9485804730261035e-06,1.69102219737454e-05,2.2633557501859157e-06
t5,biased,0.01,acute,VolRolling500,500,0.0004988044858782176,6.601854158137717e-07,0.009958489487996512,0.00020734375347505651,0.000526831186935658,1.9649256521637768e-05,0.0122,0.0010884343704411004,0.003923642464901335,0.00013741185642493676,1.1065313831188435e-05,6.601854158136646e-07,-2.2221758906282424e-05,6.601854158137717e-07,5.863042149930999e-06,6.933005856682753e-07,0.0,0.0,-3.597921087512402e-06,1.55690461664449e-06
t5,biased,0.01,early,DtACI500,500,0.0005142445712788096,9.893166953645832e-07,0.012916299502547204,0.0002568299627225753,0.0005102228193330671,8.580865363496495e-06,0.0128872291961018,0.0003928762416889336,0.005639715129828977,0.00013289647709965896,2.6505399231780086e-05,9.893166953644362e-07,-6.781673505690424e-06,9.893166953645832e-07,2.1303127550523e-05,1.0301893011039972e-06,1.58150047840112e-05,7.601153272278072e-07,1.2341338118081797e-05,1.2708700389367288e-06
t5,biased,0.01,early,InitialKupiecGate,500,0.0005159752766020219,7.302746046684062e-07,0.01729225923200729,0.000267342173313108,0.0005115507424184053,9.839511979626114e-06,0.01718095238095235,0.000633172769910548,0.006395537878474187,0.00011872139547045789,2.823610455502437e-05,7.302746046688767e-07,-5.050968182478006e-06,7.302746046684064e-07,2.3033832873735417e-05,7.841991434535e-07,1.754571010722362e-05,8.449189337861008e-07,1.4072043441294216e-05,1.1411269887073602e-06
t5,biased,0.01,early,PastSelectedRolling,500,0.0005019032331607279,1.2452277979448632e-06,0.009627088561861848,0.00018381956631044615,0.0004984379933739366,8.114988014131979e-06,0.009219047619047597,0.0004320565319809909,0.004285607367321363,0.00020013679035543128,1.4164061113697914e-05,1.2452277979446947e-06,-1.9123011623772223e-05,1.245227797944863e-06,8.9617894324412e-06,1.2573683786819868e-06,3.4736666659294022e-06,1.1647792098476362e-06,0.0,0.0
t5,biased,0.01,early,Raw,500,0.0005210262447845,0.0,0.020901603772527807,3.106275521773707e-19,0.0005156741919266985,1.0475333595904163e-05,0.02055238095238092,0.0006348144454254215,0.007071067811865399,3.882844402217134e-20,3.328707273751502e-05,0.0,0.0,0.0,2.808480105621342e-05,3.3416076494636576e-07,2.2596678289701626e-05,5.948051623266028e-07,1.9123011623772223e-05,1.245227797944863e-06
t5,biased,0.01,early,Rolling1000,500,0.0004935199843436218,3.59513399001817e-07,0.009948119006095914,0.0001430047662757425,0.0004896428164799766,8.035098659215046e-06,0.009428571428571406,0.00042246823288287787,0.002824551649905299,9.426798311303484e-05,5.780812296592199e-06,3.595133990017907e-07,-2.7506260440878225e-05,3.5951339900181695e-07,5.785406153352003e-07,3.4024573975741384e-07,-4.9095821511765984e-06,5.600495980462701e-07,-8.383248817106e-06,1.2054920291282e-06
t5,biased,0.01,early,Rolling125,500,0.0005638199003524582,5.583335559150659e-06,0.008060450738732754,0.00027468261461313745,0.0005605346910496127,1.151097958861351e-05,0.007390476190476173,0.00033511418820761504,0.012893788544475046,0.0006455977487908683,7.608072830541645e-05,5.583335559150022e-06,4.279365556795818e-05,5.583335559150659e-06,7.087845662417161e-05,5.581220009651853e-06,6.53903338576598e-05,5.524535955982265e-06,6.191666719173039e-05,5.558835873144921e-06
t5,biased,0.01,early,Rolling250,500,0.0005212669888060423,2.0494842139436653e-06,0.007999405307740178,0.00022842854700650742,0.000521015583222258,8.160661153610636e-06,0.007752380952380934,0.0003849876933339013,0.007785034756271066,0.00029887926759473375,3.352781675901134e-05,2.04948421394337e-06,2.4074402154217774e-07,2.0494842139436653e-06,2.83255450777556e-05,2.073327639631167e-06,2.28374223112438e-05,1.8947132527227506e-06,1.93637556453144e-05,1.9852601250396098e-06
t5,biased,0.01,early,Rolling500,500,0.0004984295664947983,5.948051623266028e-07,0.009984267149934695,0.0001947416598243843,0.0004960099672010188,8.126667213490995e-06,0.009828571428571407,0.0004428598620608996,0.0038647528162354733,0.00012419814550381083,1.069039444776858e-05,5.948051623264953e-07,-2.2596678289701626e-05,5.948051623266028e-07,5.488122766511798e-06,6.34309515910227e-07,0.0,0.0,-3.4736666659294022e-06,1.1647792098476362e-06
t5,biased,0.01,early,Static-CP,500,0.0004929414437282866,3.3416076494636576e-07,0.009722793805994662,0.000137412049183135,0.00048725028052108856,7.870210999863573e-06,0.009066666666666645,0.0004215628649350985,0.0026909553634429945,9.358416407132454e-05,5.202271681259151e-06,3.3416076494640737e-07,-2.808480105621342e-05,3.3416076494636576e-07,0.0,0.0,-5.488122766511798e-06,6.34309515910227e-07,-8.9617894324412e-06,1.2573683786819868e-06
t5,biased,0.01,early,VolRolling250,500,0.0005212669888060423,2.0494842139436653e-06,0.007999405307740178,0.00022842854700650742,0.000521015583222258,8.160661153610636e-06,0.007752380952380934,0.0003849876933339013,0.007785034756271066,0.00029887926759473375,3.352781675901134e-05,2.04948421394337e-06,2.4074402154217774e-07,2.0494842139436653e-06,2.83255450777556e-05,2.073327639631167e-06,2.28374223112438e-05,1.8947132527227506e-06,1.93637556453144e-05,1.9852601250396098e-06
t5,biased,0.01,early,VolRolling500,500,0.0004984295664947983,5.948051623266028e-07,0.009984267149934695,0.0001947416598243843,0.0004960099672010188,8.126667213490995e-06,0.009828571428571407,0.0004428598620608996,0.0038647528162354733,0.00012419814550381083,1.069039444776858e-05,5.948051623264953e-07,-2.2596678289701626e-05,5.948051623266028e-07,5.488122766511798e-06,6.34309515910227e-07,0.0,0.0,-3.4736666659294022e-06,1.1647792098476362e-06
t5,biased,0.01,late,DtACI500,500,0.0005135757531038996,6.610789954793294e-07,0.01218473354106881,0.0001879432370361143,0.0005125986637796284,3.9957046569022185e-06,0.012266186710416285,0.00012951210503394481,0.005721678465012371,9.976754219088585e-05,2.5836581056871246e-05,6.610789954792919e-07,-7.450491680600425e-06,6.610789954793294e-07,2.0634309375612998e-05,7.364805782570756e-07,1.4794229544178196e-05,4.326962698972052e-07,1.0395516531061202e-05,1.2622126058530732e-06
t5,biased,0.01,late,InitialKupiecGate,500,0.0005162967379596048,8.339672475980929e-07,0.017476762294476957,0.0002495017781850264,0.0005157271178532056,4.617315604360753e-06,0.017584,0.00035363257768480553,0.0063662623807317084,0.00012269281764583183,2.8557565912607318e-05,8.339672475983832e-07,-4.729506824895209e-06,8.339672475980929e-07,2.3355294231318213e-05,8.833014825359239e-07,1.7515214399883414e-05,9.421155577295369e-07,1.3116501386766416e-05,1.0372285278878922e-06
t5,biased,0.01,late,PastSelectedRolling,500,0.0005031802365728383,1.2339808696312743e-06,0.009567226986013179,0.0001464814311794291,0.0005018993708657148,4.114987513368238e-06,0.009652,0.00018278022108104823,0.004352445695604736,0.0001909866216890232,1.5441064525808806e-05,1.2339808696310657e-06,-1.784600821166162e-05,1.233980869631274e-06,1.0238792844551797e-05,1.2616799444839993e-06,4.398713013116996e-06,1.1991307346614165e-06,0.0,0.0
t5,biased,0.01,late,Raw,500,0.0005210262447845,0.0,0.020901603772527807,3.106275521773707e-19,0.0005200430944373529,4.754485200959787e-06,0.021064000000000003,0.0002828565425216369,0.007071067811865399,3.882844402217134e-20,3.328707273751502e-05,0.0,0.0,0.0,2.808480105621342e-05,3.3416076494636576e-07,2.2244721224778622e-05,5.058479755089683e-07,1.784600821166162e-05,1.233980869631274e-06
t5,biased,0.01,late,Rolling1000,500,0.0004930998380509074,3.0452771676209933e-07,0.009967337207171651,0.00013014483584368737,0.000491857907976116,3.7189630717861684e-06,0.010056,0.00019736167627613281,0.0026520555182012657,8.051744011012265e-05,5.360666003878873e-06,3.045277167620763e-07,-2.7926406733592624e-05,3.045277167620993e-07,1.5839432262079906e-07,4.4959215256983757e-07,-5.681685508814003e-06,4.0714687082203845e-07,-1.0080398521931e-05,1.2085682866910469e-06
t5,biased,0.01,late,Rolling125,500,0.0005623561592510995,2.8806108960483903e-06,0.007814581826131272,0.00014565290219772963,0.0005618819578968817,5.8808660672473376e-06,0.007996,0.00011748861710949107,0.012854527271856285,0.00033641867236565437,7.461698720405874e-05,2.880610896047713e-06,4.1329914466599575e-05,2.8806108960483903e-06,6.9414715522813e-05,2.900866536529188e-06,6.35746356913782e-05,2.831164388685584e-06,5.91759226782612e-05,2.8828194356191837e-06
t5,biased,0.01,late,Rolling250,500,0.0005219615654211703,1.411330310602423e-06,0.007881263654399982,0.00014857385689534078,0.0005198957152168891,4.325292329745233e-06,0.007980000000000001,0.00012591628099510913,0.007840965033817959,0.00020703431673062882,3.4222393374142497e-05,1.4113303106020636e-06,9.353206366703756e-07,1.411330310602423e-06,2.90201216928838e-05,1.450916903363689e-06,2.3180041861448998e-05,1.2654018534332216e-06,1.8781328848332e-05,1.5689315787284989e-06
t5,biased,0.01,late,Rolling500,500,0.0004987815235597214,5.058479755089683e-07,0.00994013742238058,0.0001552293290148126,0.0004978570736670672,3.824750916954864e-06,0.010020000000000001,0.00017048557317650854,0.003893485602184625,0.00010385116631263628,1.1042351512691047e-05,5.058479755089813e-07,-2.2244721224778622e-05,5.058479755089683e-07,5.840079831434802e-06,6.070541719405649e-07,0.0,0.0,-4.398713013116996e-06,1.1991307346614165e-06
t5,biased,0.01,late,Static-CP,500,0.0004929414437282866,3.3416076494636576e-07,0.009722793805994662,0.00013741204918313503,0.0004918413987188994,3.6810663443505464e-06,0.009704,0.00024633743577566334,0.0026909553634429945,9.358416407132454e-05,5.202271681259151e-06,3.3416076494640737e-07,-2.808480105621342e-05,3.3416076494636576e-07,0.0,0.0,-5.840079831434802e-06,6.070541719405649e-07,-1.0238792844551797e-05,1.2616799444839993e-06
t5,biased,0.01,late,VolRolling250,500,0.0005219615654211703,1.411330310602423e-06,0.007881263654399982,0.00014857385689534075,0.0005198957152168891,4.325292329745233e-06,0.007980000000000001,0.00012591628099510913,0.007840965033817959,0.00020703431673062882,3.4222393374142497e-05,1.4113303106020636e-06,9.353206366703756e-07,1.411330310602423e-06,2.90201216928838e-05,1.450916903363689e-06,2.3180041861448998e-05,1.2654018534332216e-06,1.8781328848332e-05,1.5689315787284989e-06
t5,biased,0.01,late,VolRolling500,500,0.0004987815235597214,5.058479755089683e-07,0.00994013742238058,0.0001552293290148126,0.0004978570736670672,3.824750916954864e-06,0.010020000000000001,0.00017048557317650854,0.003893485602184625,0.00010385116631263628,1.1042351512691047e-05,5.058479755089813e-07,-2.2244721224778622e-05,5.058479755089683e-07,5.840079831434802e-06,6.070541719405649e-07,0.0,0.0,-4.398713013116996e-06,1.1991307346614165e-06
t5,biased,0.01,middle,DtACI500,500,0.0005142162221610615,7.312443703462568e-07,0.01269351226454128,0.00021066102566566453,0.0005130928721033037,4.49272801318529e-06,0.012602932200387933,0.00016194805039254786,0.005686660331586291,0.00011017963489469638,2.6477050114033336e-05,7.312443703461833e-07,-6.810022623438426e-06,7.312443703462567e-07,2.1274778432774996e-05,8.09957169842556e-07,1.5470899891329198e-05,5.16301488968409e-07,1.1215114037198999e-05,1.3051600576408495e-06
t5,biased,0.01,middle,InitialKupiecGate,500,0.0005164258188416838,7.59165784459662e-07,0.017350600291950985,0.00026046160627391705,0.0005173545544501779,5.3160009674724955e-06,0.0171413333333333,0.00038610127968465225,0.0064053822949001055,0.00012068577926643267,2.8686646794685098e-05,7.591657844599258e-07,-4.600425942816207e-06,7.59165784459662e-07,2.3484375113397217e-05,8.342883583696621e-07,1.768049657195142e-05,8.278058137707577e-07,1.3424710717821216e-05,1.1912621979568625e-06
t5,biased,0.01,middle,PastSelectedRolling,500,0.0005030011081238626,1.3220838466227664e-06,0.009523414753259005,0.0001571409241039971,0.0005030718337082433,4.47804042431903e-06,0.009546666666666636,0.0002068900036586941,0.004375632559114301,0.00020279713410979494,1.526193607683289e-05,1.3220838466223685e-06,-1.8025136660637424e-05,1.3220838466227664e-06,1.0059664395576e-05,1.3566310291086545e-06,4.2557858541302005e-06,1.255912738861965e-06,0.0,0.0
t5,biased,0.01,middle,Raw,500,0.0005210262447845,0.0,0.020901603772527807,3.106275521773707e-19,0.000522228828605147,5.52972977726543e-06,0.020581333333333302,0.00033208264498394444,0.007071067811865399,3.882844402217134e-20,3.328707273751502e-05,0.0,0.0,0.0,2.808480105621342e-05,3.3416076494636576e-07,2.2280922514767627e-05,5.561487225462175e-07,1.8025136660637424e-05,1.3220838466227664e-06
t5,biased,0.01,middle,Rolling1000,500,0.000493657250435489,3.1657162774058246e-07,0.00996884661811138,0.00013901334416106505,0.0004933863926944486,4.181906897867514e-06,0.010149333333333302,0.00022638637233534685,0.0028275757670728915,8.648325925659227e-05,5.918078388460259e-06,3.165716277405423e-07,-2.7368994349011027e-05,3.1657162774058246e-07,7.158067072023985e-07,3.857800670528454e-07,-5.088071834243401e-06,4.568162199242704e-07,-9.343857688373601e-06,1.2886219205560961e-06
t5,biased,0.01,middle,Rolling125,500,0.0005635883044623072,2.9039611127693435e-06,0.008066647721037377,0.00017911018701850768,0.0005630545308501176,6.13964071355794e-06,0.007994666666666638,0.00015165952327426504,0.012909644860568406,0.00035361111603223323,7.584913241526689e-05,2.9039611127684715e-06,4.2562059677807174e-05,2.903961112769343e-06,7.06468607340206e-05,2.9315193119565247e-06,6.484298219257482e-05,2.835631522803186e-06,6.05871963384446e-05,2.822324648628987e-06
t5,biased,0.01,middle,Rolling250,500,0.0005217553227762235,1.6953654183746086e-06,0.008118978294948032,0.00017570115960109127,0.0005202298095066655,4.853160835650926e-06,0.008255999999999968,0.000163627722647457,0.007730197272780728,0.00024548267709519837,3.4016150729192813e-05,1.6953654183742224e-06,7.290779917233769e-07,1.6953654183746086e-06,2.88138790479368e-05,1.7344785231227205e-06,2.3010000506491e-05,1.5059200522601022e-06,1.8754214652360804e-05,1.7876781386410904e-06
t5,biased,0.01,middle,Rolling500,500,0.0004987453222697324,5.561487225462174e-07,0.010059959632554715,0.0001733170390336555,0.0004983605772963319,4.276168968955115e-06,0.010058666666666636,0.00020287019980586577,0.0039075915239270564,0.00011688353450101011,1.1006150222703813e-05,5.561487225462006e-07,-2.2280922514767627e-05,5.561487225462175e-07,5.8038785414458e-06,6.472472006844518e-07,0.0,0.0,-4.2557858541302005e-06,1.255912738861965e-06
t5,biased,0.01,middle,Static-CP,500,0.0004929414437282866,3.3416076494636576e-07,0.00972279380599466,0.00013741204918313503,0.0004934114807113868,4.162707130384777e-06,0.009802666666666633,0.0002647633882317197,0.0026909553634429945,9.358416407132454e-05,5.202271681259151e-06,3.3416076494640737e-07,-2.808480105621342e-05,3.3416076494636576e-07,0.0,0.0,-5.8038785414458e-06,6.472472006844518e-07,-1.0059664395576e-05,1.3566310291086545e-06
t5,biased,0.01,middle,VolRolling250,500,0.0005217553227762235,1.6953654183746086e-06,0.008118978294948032,0.00017570115960109127,0.0005202298095066655,4.853160835650926e-06,0.008255999999999968,0.000163627722647457,0.007730197272780728,0.00024548267709519837,3.4016150729192813e-05,1.6953654183742228e-06,7.290779917233769e-07,1.6953654183746086e-06,2.88138790479368e-05,1.7344785231227205e-06,2.3010000506491e-05,1.5059200522601022e-06,1.8754214652360804e-05,1.7876781386410904e-06
t5,biased,0.01,middle,VolRolling500,500,0.0004987453222697324,5.561487225462174e-07,0.010059959632554715,0.0001733170390336555,0.0004983605772963319,4.276168968955115e-06,0.010058666666666636,0.00020287019980586577,0.0039075915239270564,0.00011688353450101011,1.1006150222703813e-05,5.561487225462006e-07,-2.2280922514767627e-05,5.561487225462175e-07,5.8038785414458e-06,6.472472006844518e-07,0.0,0.0,-4.2557858541302005e-06,1.255912738861965e-06
t5,biased,0.01,post,DtACI500,500,0.0005139128580707427,5.072354868736279e-07,0.01247267881423543,0.0001439402530562456,0.0005132850209241529,2.859767109533687e-06,0.01252388078000674,6.589783689698895e-05,0.005700148262379148,7.701630984429029e-05,2.6173686023714376e-05,5.072354868736728e-07,-7.113386713757422e-06,5.072354868736279e-07,2.0971414342456002e-05,6.049405444049436e-07,1.5181406240215603e-05,3.1793220286013304e-07,1.0949436616684401e-05,1.0159980076523405e-06
t5,biased,0.01,post,InitialKupiecGate,500,0.0005163011731766873,6.51875325790421e-07,0.017406139595675333,0.00025091669268141923,0.0005166445678639018,3.3289107130460886e-06,0.017396000000000002,0.00030736837611776934,0.00638439338344925,0.00010164910915410945,2.8562001129689108e-05,6.518753257907957e-07,-4.725071607812609e-06,6.51875325790421e-07,2.3359729448400813e-05,7.227062484670278e-07,1.7569721346160417e-05,7.16796524322752e-07,1.3337751722629217e-05,9.223291053574613e-07
t5,biased,0.01,post,PastSelectedRolling,500,0.0005029634214540581,1.0114543519266706e-06,0.009556086723075712,0.00012390375192156708,0.0005025370783264597,2.963171456936092e-06,0.009602000000000001,0.00011590539297306435,0.004354729436766831,0.0001609065015292619,1.522424940702924e-05,1.0114543519264066e-06,-1.8062823330441826e-05,1.0114543519266709e-06,1.0021977725771599e-05,1.0469226566200255e-06,4.231969623531199e-06,9.68196907392078e-07,0.0,0.0
t5,biased,0.01,post,Raw,500,0.0005210262447845,0.0,0.020901603772527807,3.106275521773707e-19,0.0005214666280020046,3.3982818764470814e-06,0.020880000000000003,0.0002084661033176975,0.007071067811865399,3.882844402217134e-20,3.328707273751502e-05,0.0,0.0,0.0,2.808480105621342e-05,3.3416076494636576e-07,2.2294792953973025e-05,3.9051282834016357e-07,1.8062823330441826e-05,1.0114543519266709e-06
t5,biased,0.01,post,Rolling1000,500,0.0004933584869595028,2.59087864883094e-07,0.009965006835181109,0.00011727717197810044,0.0004927848196417237,2.6493002568818615e-06,0.010060000000000003,0.00012566775548858615,0.002738862927057411,7.03547395135814e-05,5.619314912474081e-06,2.590878648831304e-07,-2.7667757824997225e-05,2.59087864883094e-07,4.170432312161987e-07,3.716040334639755e-07,-5.372964871024201e-06,2.7605282583486306e-07,-9.604934494555399e-06,9.85929140420478e-07
t5,biased,0.01,post,Rolling125,500,0.0005627704357832581,1.9905551581108552e-06,0.007938573068282105,0.00010635776717124177,0.0005626395008008595,4.1618139654013135e-06,0.007972000000000002,8.199926682305786e-05,0.01285435567988057,0.000236116964594633,7.503126373621792e-05,1.9905551581101255e-06,4.1744190998758176e-05,1.9905551581108552e-06,6.98289920549716e-05,2.0202404575123468e-06,6.40389839527312e-05,1.927484173502738e-06,5.980701432920001e-05,2.068294485037088e-06
t5,biased,0.01,post,Rolling250,500,0.0005217583151550944,1.052280226817983e-06,0.007991138040774922,0.00010958348141712192,0.0005206248991354227,3.164044665369894e-06,0.008110000000000001,7.766507405169268e-05,0.0077873211827867,0.0001519717821039012,3.4019143108064875e-05,1.0522802268178217e-06,7.32070370594377e-07,1.052280226817983e-06,2.8816871426807802e-05,1.1075738693712964e-06,2.3026863324567403e-05,9.159017410923452e-07,1.87948937010362e-05,1.2582159403441945e-06
t5,biased,0.01,post,Rolling500,500,0.0004987314518305271,3.9051282834016357e-07,0.009990071413901383,0.00012564288255231397,0.0004984314236144758,2.746980415565722e-06,0.010058,9.604019699520485e-05,0.003896361517567709,8.168551815801457e-05,1.0992279783498943e-05,3.9051282834020756e-07,-2.2294792953973025e-05,3.9051282834016357e-07,5.790008102240399e-06,5.058869691809487e-07,0.0,0.0,-4.231969623531199e-06,9.68196907392078e-07
t5,biased,0.01,post,Static-CP,500,0.0004929414437282866,3.3416076494636576e-07,0.009722793805994662,0.00013741204918313503,0.0004925496721353948,2.6233068286581193e-06,0.009726,0.00019384788367172857,0.0026909553634429945,9.358416407132458e-05,5.202271681259151e-06,3.3416076494640737e-07,-2.808480105621342e-05,3.3416076494636576e-07,0.0,0.0,-5.790008102240399e-06,5.058869691809487e-07,-1.0021977725771599e-05,1.0469226566200255e-06
t5,biased,0.01,post,VolRolling250,500,0.0005217583151550944,1.052280226817983e-06,0.007991138040774922,0.00010958348141712192,0.0005206248991354227,3.164044665369894e-06,0.008110000000000001,7.766507405169268e-05,0.0077873211827867,0.0001519717821039012,3.4019143108064875e-05,1.0522802268178217e-06,7.32070370594377e-07,1.052280226817983e-06,2.8816871426807802e-05,1.1075738693712964e-06,2.3026863324567403e-05,9.159017410923452e-07,1.87948937010362e-05,1.2582159403441945e-06
t5,biased,0.01,post,VolRolling500,500,0.0004987314518305271,3.9051282834016357e-07,0.009990071413901383,0.00012564288255231397,0.0004984314236144758,2.746980415565722e-06,0.010058,9.604019699520485e-05,0.003896361517567709,8.168551815801457e-05,1.0992279783498943e-05,3.9051282834020756e-07,-2.2294792953973025e-05,3.9051282834016357e-07,5.790008102240399e-06,5.058869691809487e-07,0.0,0.0,-4.231969623531199e-06,9.68196907392078e-07
t5,biased,0.01,pre,DtACI500,500,0.000514864593344362,7.35684022921447e-07,0.013203006593376884,0.00022462604855417472,0.0005044667016985982,5.115684342592623e-06,0.012673685110551627,0.00021265169272775865,0.005680111630622839,0.00010203928523143971,2.7125421297332024e-05,7.356840229213631e-07,-6.161651440138025e-06,7.35684022921447e-07,2.19231496160756e-05,7.605874428379878e-07,1.53997887491964e-05,6.111844649599306e-07,1.0437022980433801e-05,1.7300605475083594e-06
t5,biased,0.01,pre,InitialKupiecGate,500,0.0005168218868862815,7.609582508348177e-07,0.01702792330863653,0.0002794508533521094,0.0005052715021025176,5.977631936055238e-06,0.016456000000000002,0.00045388561588202947,0.0065661854832002025,0.00012117610535623381,2.9082714839282125e-05,7.609582508349858e-07,-4.204357898218608e-06,7.609582508348177e-07,2.3880443157995013e-05,7.858772492020375e-07,1.7357082291115816e-05,8.755630452538541e-07,1.2394316522353217e-05,1.6310671485046347e-06
t5,biased,0.01,pre,PastSelectedRolling,500,0.0005044275703639282,1.7408558859411248e-06,0.009414620688720917,0.0001705397350859614,0.0004947834081738061,5.296456766193033e-06,0.008848,0.0002554452908025246,0.004588141131860646,0.00024228672406488585,1.6688398316896217e-05,1.7408558859408786e-06,-1.6598674420571828e-05,1.7408558859411248e-06,1.1486126635641799e-05,1.7235301552703273e-06,4.9627657687626e-06,1.7120951721089544e-06,0.0,0.0
t5,biased,0.01,pre,Raw,500,0.0005210262447845,0.0,0.020901603772527807,3.106275521773707e-19,0.0005090333334182209,6.3362712297990785e-06,0.020552000000000004,0.00040434339262354293,0.007071067811865399,3.882844402217134e-20,3.328707273751502e-05,0.0,0.0,0.0,2.8084801056213625e-05,3.341607649463624e-07,2.1561440189334425e-05,6.687043821633761e-07,1.6598674420571828e-05,1.7408558859411248e-06
t5,biased,0.01,pre,Rolling1000,500,0.0004930763012479366,3.0904027806475167e-07,0.009775436889058629,0.00013060148270905287,0.0004828100216883066,4.702757653611296e-06,0.009224,0.00025827322376938816,0.0027103515838353856,8.601984885295749e-05,5.3371292009051e-06,3.090402780647454e-07,-2.7949943536563425e-05,3.0904027806475167e-07,1.3485751965019824e-07,1.9673916991667706e-07,-6.388503347229001e-06,5.734397538484079e-07,-1.1351269115991602e-05,1.7091018866990103e-06
t5,biased,0.01,pre,Rolling125,500,0.0005616336905742407,3.899575244550998e-06,0.008034563717922596,0.00019858872328026357,0.0005533916873984415,7.210624299506524e-06,0.0077280000000000005,0.0002009497290049786,0.012699554598503597,0.00045416766351854876,7.389451852720458e-05,3.899575244550388e-06,4.060744578974057e-05,3.899575244550998e-06,6.869224684595421e-05,3.903487234742446e-06,6.2168885979075e-05,3.877881490811987e-06,5.72061202103124e-05,3.6733701403461565e-06
t5,biased,0.01,pre,Rolling250,500,0.0005197221945036859,1.8136876150333148e-06,0.00802011074165502,0.00019059017232918285,0.0005107491823562295,5.497490101098372e-06,0.007344000000000002,0.00021104598744736954,0.007537948203240942,0.0002621184368265937,3.198302245665388e-05,1.8136876150331069e-06,-1.3040502808142218e-06,1.8136876150333152e-06,2.6780750775399404e-05,1.810550070971555e-06,2.0257389908520204e-05,1.7066368405196775e-06,1.5294624139757604e-05,1.93897891520083e-06
t5,biased,0.01,pre,Rolling500,500,0.0004994648045951656,6.68704382163376e-07,0.009873709429929179,0.00018709884930523182,0.0004899798842525156,4.7692283705470395e-06,0.009312,0.0002550282156577251,0.004092105713294253,0.0001273718364416782,1.172563254813688e-05,6.687043821632493e-07,-2.1561440189334425e-05,6.687043821633761e-07,6.523360866879199e-06,6.492520871336535e-07,0.0,0.0,-4.9627657687626e-06,1.7120951721089544e-06
t5,biased,0.01,pre,Static-CP,500,0.0004929414437282864,3.341607649463624e-07,0.00972279380599466,0.00013741204918313503,0.00048198719666501524,4.640326860244223e-06,0.009256,0.0002830922295310164,0.0026909553634429945,9.358416407132454e-05,5.202271681259151e-06,3.3416076494640737e-07,-2.8084801056213625e-05,3.341607649463624e-07,0.0,0.0,-6.523360866879199e-06,6.492520871336535e-07,-1.1486126635641799e-05,1.7235301552703273e-06
t5,biased,0.01,pre,VolRolling250,500,0.0005197221945036859,1.8136876150333148e-06,0.00802011074165502,0.00019059017232918285,0.0005107491823562295,5.497490101098372e-06,0.007344000000000002,0.00021104598744736954,0.007537948203240942,0.0002621184368265937,3.198302245665388e-05,1.8136876150331069e-06,-1.3040502808142218e-06,1.8136876150333152e-06,2.6780750775399404e-05,1.810550070971555e-06,2.0257389908520204e-05,1.7066368405196775e-06,1.5294624139757604e-05,1.93897891520083e-06
t5,biased,0.01,pre,VolRolling500,500,0.0004994648045951656,6.68704382163376e-07,0.009873709429929179,0.00018709884930523182,0.0004899798842525156,4.7692283705470395e-06,0.009312,0.0002550282156577251,0.004092105713294253,0.0001273718364416782,1.172563254813688e-05,6.687043821632493e-07,-2.1561440189334425e-05,6.687043821633761e-07,6.523360866879199e-06,6.492520871336535e-07,0.0,0.0,-4.9627657687626e-06,1.7120951721089544e-06
t5,biased,0.05,acute,DtACI500,500,0.001622231162937124,1.5976115670823073e-06,0.05218658237147169,0.0006737823855112045,0.0016880447799339149,3.3704942179550044e-05,0.05504545282837984,0.0020126489021986944,0.0027583183601959317,6.700122833107126e-05,3.9242344964771403e-05,1.597611567081865e-06,-0.00015790246628577607,1.5976115670823073e-06,3.5271534220315406e-05,1.5934585040323587e-06,3.0579161143732404e-05,1.4801948987806382e-06,2.8833154330500002e-05,1.5817640609356026e-06
t5,biased,0.05,acute,InitialKupiecGate,500,0.0015986272636690018,1.6882024627657765e-06,0.05120017873725367,0.0006632476259621592,0.0016594354151459336,3.269537508924844e-05,0.0535,0.0022170545012070958,0.0015676304707398852,7.221544823584967e-05,1.5638445696647908e-05,1.6882024627653472e-06,-0.00018150636555389846,1.6882024627657765e-06,1.1667634952192999e-05,1.6757347172547517e-06,6.9752618756100025e-06,1.6143153704363952e-06,5.229255062377602e-06,1.3908938584037785e-06
t5,biased,0.05,acute,PastSelectedRolling,500,0.0015933980086066239,9.901679633060743e-07,0.04927221309447198,0.00044959020818683836,0.0016582658479857727,3.249491007966064e-05,0.0521,0.0021933539621334292,0.0014137969571165314,6.093736846974082e-05,1.0409190634271533e-05,9.901679633058289e-07,-0.00018673562061627608,9.901679633060745e-07,6.438379889815397e-06,9.94802813996095e-07,1.7460068132324016e-06,9.467131080352546e-07,0.0,0.0
t5,biased,0.05,acute,Raw,500,0.0017801336292228994,2.9121333016628507e-20,0.11456675174466645,1.8637653130642244e-18,0.001851140904871861,4.403261286398628e-05,0.11159999999999999,0.003154485942768846,0.007071067811865399,3.882844402217134e-20,0.00019714481125050005,2.4267777513857088e-21,0.0,0.0,0.00019317400050609146,2.1777647473436407e-07,0.00018848162742950847,5.471601659637317e-07,0.00018673562061627608,9.901679633060745e-07
t5,biased,0.05,acute,Rolling1000,500,0.0015873913858943274,2.687728269655716e-07,0.050064879780115826,0.00031714653078166876,0.0016531207532744143,3.264599997135865e-05,0.0525,0.0022107181071086826,0.000982085625521692,3.3412364180136756e-05,4.4025679219751314e-06,2.687728269655317e-07,-0.00019274224332857266,2.687728269655716e-07,4.3175717751879617e-07,2.582525190726304e-07,-4.2606158990642005e-06,4.6043686624891723e-07,-6.006622712296602e-06,9.391920942265121e-07
t5,biased,0.05,acute,Rolling125,500,0.001619050058730447,2.2214452548094536e-06,0.047723539850356204,0.0008101828898645411,0.0016873968649568937,3.2660809128498756e-05,0.0502,0.002170101075377529,0.002907111259628043,0.00010130229343088175,3.6061240758091915e-05,2.2214452548089263e-06,-0.00016108357049245304,2.2214452548094536e-06,3.20904300136384e-05,2.2171445002471837e-06,2.73980569370554e-05,2.1717366335753536e-06,2.5652050123822998e-05,2.083531051177714e-06
t5,biased,0.05,acute,Rolling250,500,0.0016008018950343943,1.027534677384063e-06,0.04862773914316031,0.0005954960769327753,0.0016688010647275381,3.247227372052657e-05,0.0522,0.0022539922275650924,0.0020464491750275095,6.666652434817739e-05,1.7813077062044124e-05,1.0275346773839122e-06,-0.00017933173418850583,1.027534677384063e-06,1.3842266317585601e-05,1.050884873097458e-06,9.149893241002604e-06,9.100917629498343e-07,7.403886427770203e-06,1.0733110380424672e-06
t5,biased,0.05,acute,Rolling500,500,0.0015916520017933914,5.471601659637317e-07,0.05006666841974189,0.00043467396830078255,0.0016530395822111706,3.283772224814734e-05,0.05330000000000001,0.0022266872866536715,0.0013837645516225677,4.772236941126598e-05,8.663183821039e-06,5.471601659636774e-07,-0.00018848162742950847,5.471601659637317e-07,4.692373076582996e-06,5.662358540610154e-07,0.0,0.0,-1.7460068132324016e-06,9.467131080352546e-07
t5,biased,0.05,acute,Static-CP,500,0.0015869596287168086,2.1777647473436407e-07,0.04958896979081467,0.00030142886211891035,0.0016519775766194345,3.250889122747014e-05,0.0516,0.0022416355323110486,0.0009683556848726926,2.997362804615313e-05,3.9708107444604515e-06,2.1777647473427764e-07,-0.00019317400050609146,2.1777647473436407e-07,0.0,0.0,-4.692373076582996e-06,5.662358540610154e-07,-6.438379889815397e-06,9.94802813996095e-07
t5,biased,0.05,acute,VolRolling250,500,0.0016008018950343943,1.027534677384063e-06,0.04862773914316031,0.0005954960769327753,0.0016688010647275381,3.247227372052657e-05,0.0522,0.0022539922275650924,0.0020464491750275095,6.666652434817739e-05,1.7813077062044124e-05,1.0275346773839122e-06,-0.00017933173418850583,1.027534677384063e-06,1.3842266317585601e-05,1.050884873097458e-06,9.149893241002604e-06,9.100917629498343e-07,7.403886427770203e-06,1.0733110380424672e-06
t5,biased,0.05,acute,VolRolling500,500,0.0015916520017933914,5.471601659637317e-07,0.05006666841974189,0.00043467396830078255,0.0016530395822111706,3.283772224814734e-05,0.05330000000000001,0.0022266872866536715,0.0013837645516225677,4.772236941126598e-05,8.663183821039e-06,5.471601659636774e-07,-0.00018848162742950847,5.471601659637317e-07,4.692373076582996e-06,5.662358540610154e-07,0.0,0.0,-1.7460068132324016e-06,9.467131080352546e-07
t5,biased,0.05,early,DtACI500,500,0.0016198608680523926,1.2017048660751546e-06,0.0515312214825559,0.0005452272637902226,0.0016151373537418745,1.3759751060720755e-05,0.05136878227147028,0.0007430111425998612,0.002678016679413304,5.5976928815251315e-05,3.687205008004203e-05,1.201704866074853e-06,-0.00016027276117050747,1.2017048660751546e-06,3.29012393355838e-05,1.2121152317074772e-06,2.80212790848016e-05,1.019885246333675e-06,2.68119294052592e-05,1.0840704235617066e-06
t5,biased,0.05,early,InitialKupiecGate,500,0.0015983275364764124,1.6720416293033032e-06,0.05111341238708246,0.000643134472641433,0.0015931874461480448,1.3758023983358125e-05,0.05131428571428567,0.0010997249360611525,0.0015113337675666534,7.068853945297736e-05,1.5338718504061716e-05,1.6720416293028642e-06,-0.00018180609274648745,1.672041629303303e-06,1.1367907759603796e-05,1.6606992032128702e-06,6.4879475088216035e-06,1.597959119586811e-06,5.278597829279202e-06,1.3770760216099248e-06
t5,biased,0.05,early,PastSelectedRolling,500,0.0015930489386471334,9.195889068966831e-07,0.04916799894906299,0.00041775079142534176,0.0015873617213825759,1.3553008399489406e-05,0.04906666666666663,0.0009449943534094154,0.0013601830520698903,5.791727815274447e-05,1.0060120674784064e-05,9.195889068964602e-07,-0.00018708469057576664,9.195889068966831e-07,6.089309930324596e-06,9.281801386862467e-07,1.2093496795424017e-06,8.499278324261516e-07,0.0,0.0
t5,biased,0.05,early,Raw,500,0.0017801336292228994,2.9121333016628507e-20,0.11456675174466645,1.8637653130642244e-18,0.0017778877372381366,1.8432925517405173e-05,0.1152380952380952,0.0014138954138474753,0.007071067811865399,3.882844402217134e-20,0.00019714481125050005,2.4267777513857088e-21,0.0,0.0,0.00019317400050609127,2.1777647473437053e-07,0.00018829404025530905,5.028047706960634e-07,0.00018708469057576664,9.195889068966831e-07
t5,biased,0.05,early,Rolling1000,500,0.0015872479034143897,2.7351923646016284e-07,0.05000262647210877,0.0003058517196073411,0.0015837223571420287,1.3502901318253768e-05,0.049790476190476156,0.0009729635776858465,0.0009518353703541928,3.2321056728579134e-05,4.2590854420395725e-06,2.735192364601606e-07,-0.00019288572580851044,2.7351923646016284e-07,2.882746975807959e-07,2.7835400500884157e-07,-4.591685553201398e-06,4.097121532235857e-07,-5.801035232743801e-06,8.725048129459003e-07
t5,biased,0.05,early,Rolling125,500,0.0016194764798880261,1.7490858716776065e-06,0.047139772324342466,0.0006590080840292458,0.0016137665398723898,1.3847050094517693e-05,0.0468380952380952,0.0008226650431576281,0.0029461269514680284,8.339794768942038e-05,3.648766191567427e-05,1.7490858716771361e-06,-0.00016065714933487384,1.7490858716776065e-06,3.251685117121739e-05,1.7420208147650447e-06,2.7636890920435195e-05,1.6380204431284815e-06,2.642754124089279e-05,1.575744014414835e-06
t5,biased,0.05,early,Rolling250,500,0.0016002388691611186,9.710811533917735e-07,0.04788098823264508,0.0005270893363921422,0.0015969581694513213,1.3435098320255376e-05,0.047790476190476154,0.0009209111186013421,0.001987992765793672,6.076907645257681e-05,1.725005118876674e-05,9.710811533916122e-07,-0.00017989476006178147,9.710811533917735e-07,1.3279240444309802e-05,9.885800557358615e-07,8.399280193527607e-06,7.789606014252671e-07,7.189930513985206e-06,8.790194547461626e-07
t5,biased,0.05,early,Rolling500,500,0.001591839588967591,5.028047706960634e-07,0.050252410545364126,0.00042689695298705164,0.0015873528459811586,1.3576517358669757e-05,0.05017142857142853,0.0009620820922373139,0.0014144701655445355,4.2901163482320056e-05,8.85077099523895e-06,5.02804770696148e-07,-0.00018829404025530905,5.028047706960634e-07,4.8799602507821946e-06,5.293165159368706e-07,0.0,0.0,-1.2093496795424017e-06,8.499278324261516e-07
t5,biased,0.05,early,Static-CP,500,0.0015869596287168088,2.177764747343705e-07,0.04958896979081467,0.00030142886211891035,0.0015831761678089572,1.3477268524095937e-05,0.04921904761904758,0.0010005725007250434,0.0009683556848726929,2.997362804615314e-05,3.9708107444604515e-06,2.1777647473427764e-07,-0.00019317400050609127,2.1777647473437053e-07,0.0,0.0,-4.8799602507821946e-06,5.293165159368706e-07,-6.089309930324596e-06,9.281801386862467e-07
t5,biased,0.05,early,VolRolling250,500,0.0016002388691611186,9.710811533917735e-07,0.04788098823264508,0.0005270893363921422,0.0015969581694513213,1.3435098320255376e-05,0.047790476190476154,0.0009209111186013421,0.001987992765793672,6.076907645257681e-05,1.725005118876674e-05,9.710811533916122e-07,-0.00017989476006178147,9.710811533917735e-07,1.3279240444309802e-05,9.885800557358615e-07,8.399280193527607e-06,7.789606014252671e-07,7.189930513985206e-06,8.790194547461626e-07
t5,biased,0.05,early,VolRolling500,500,0.001591839588967591,5.028047706960634e-07,0.050252410545364126,0.00042689695298705164,0.0015873528459811586,1.3576517358669757e-05,0.05017142857142853,0.0009620820922373139,0.0014144701655445355,4.2901163482320056e-05,8.85077099523895e-06,5.02804770696148e-07,-0.00018829404025530905,5.028047706960634e-07,4.8799602507821946e-06,5.293165159368706e-07,0.0,0.0,-1.2093496795424017e-06,8.499278324261516e-07
t5,biased,0.05,late,DtACI500,500,0.0016166114380163292,7.426566247084316e-07,0.05075708797702619,0.0003992690379149936,0.0016178938717397787,6.12627988108317e-06,0.05123487863373893,0.00024233690196801664,0.002555698669640346,3.727217047396135e-05,3.362262004397974e-05,7.426566247082079e-07,-0.00016352219120657085,7.426566247084313e-07,2.9651809299520395e-05,7.692182927935355e-07,2.544549013998681e-05,5.933326080711264e-07,2.2963459534213796e-05,7.666010025753908e-07
t5,biased,0.05,late,InitialKupiecGate,500,0.0015989196716462485,1.572672997002227e-06,0.05195416697775611,0.0005909576498095493,0.0016003553089595024,6.2884306399501114e-06,0.05258800000000001,0.0006447541607897629,0.001572012735732044,6.07503797228795e-05,1.5930853673895586e-05,1.5726729970018425e-06,-0.00018121395757665165,1.572672997002227e-06,1.1960042929439596e-05,1.5649112239840068e-06,7.75372376990601e-06,1.5644481160938043e-06,5.271693164133001e-06,1.3582260571480986e-06
t5,biased,0.05,late,PastSelectedRolling,500,0.0015936479784821153,6.994305552765224e-07,0.04991562914497146,0.00032995278206314656,0.0015948114285498972,6.037860443325373e-06,0.05050400000000001,0.0003825082916570211,0.0014194177700890293,4.4011957902416414e-05,1.0659160509763728e-05,6.994305552763875e-07,-0.00018648565074078465,6.994305552765224e-07,6.688349765306594e-06,7.278657027635433e-07,2.4820306057730087e-06,6.712018087888036e-07,0.0,0.0
t5,biased,0.05,late,Raw,500,0.0017801336292228994,2.9121333016628507e-20,0.11456675174466645,1.8637653130642244e-18,0.001784565402298985,8.13440072855222e-06,0.11516800000000002,0.0006359878245894745,0.007071067811865399,3.882844402217134e-20,0.00019714481125050005,2.4267777513857088e-21,0.0,0.0,0.00019317400050609127,2.1777647473437053e-07,0.00018896768134655766,3.3984317830008757e-07,0.00018648565074078465,6.994305552765224e-07
t5,biased,0.05,late,Rolling1000,500,0.0015872753518576337,2.2547990197584365e-07,0.05054363406070737,0.000287290438356895,0.0015877554516793829,5.963353378923931e-06,0.05106800000000001,0.00040790627238877834,0.0009688812075952457,2.7167452678861937e-05,4.286533885282386e-06,2.2547990197579796e-07,-0.0001928582773652663,2.254799019758437e-07,3.1572314082499313e-07,3.0317130276883793e-07,-3.8905960187085924e-06,2.75446741395591e-07,-6.3726266244816015e-06,6.771198639687464e-07
t5,biased,0.05,late,Rolling125,500,0.0016196188669547853,9.33522287341287e-07,0.047212248099150686,0.0003707329271022232,0.0016207587335675584,6.193337849982808e-06,0.04745200000000001,0.00023611627175519934,0.002959307570350161,4.369895268808338e-05,3.663004898243441e-05,9.335222873411678e-07,-0.00016051476226811468,9.33522287341287e-07,3.2659238237976595e-05,9.583285903374515e-07,2.8452919078443008e-05,8.723115619015041e-07,2.5970888472670002e-05,8.884144266824442e-07
t5,biased,0.05,late,Rolling250,500,0.0016007506000596478,5.896928833809882e-07,0.04760722515319968,0.00036727767826315864,0.001601927314731459,5.994901709972522e-06,0.04809600000000001,0.00027771896522797035,0.002033008088748675,3.794016029255762e-05,1.7761782087295592e-05,5.896928833810017e-07,-0.00017938302916325205,5.896928833809882e-07,1.3790971342839197e-05,6.193789404336851e-07,9.584652183305611e-06,4.6712937660972146e-07,7.102621577532603e-06,6.703400560355529e-07
t5,biased,0.05,late,Rolling500,500,0.0015911659478763424,3.3984317830008757e-07,0.05024528729470171,0.00034417636583060384,0.0015925286735422148,5.962315744550857e-06,0.05095200000000001,0.0003760081864968171,0.0013523192988988005,3.0176970974875576e-05,8.177129903994225e-06,3.398431783001296e-07,-0.00018896768134655766,3.3984317830008757e-07,4.206319159533586e-06,4.009731395574218e-07,0.0,0.0,-2.4820306057730087e-06,6.712018087888036e-07
t5,biased,0.05,late,Static-CP,500,0.0015869596287168088,2.177764747343705e-07,0.04958896979081467,0.00030142886211891035,0.001586689520050768,5.9437406138756425e-06,0.04999200000000001,0.0005129503954735125,0.0009683556848726929,2.997362804615314e-05,3.9708107444604515e-06,2.1777647473427764e-07,-0.00019317400050609127,2.1777647473437053e-07,0.0,0.0,-4.206319159533586e-06,4.009731395574218e-07,-6.688349765306594e-06,7.278657027635433e-07
t5,biased,0.05,late,VolRolling250,500,0.0016007506000596478,5.896928833809882e-07,0.04760722515319968,0.00036727767826315864,0.001601927314731459,5.994901709972522e-06,0.04809600000000001,0.00027771896522797035,0.002033008088748675,3.794016029255762e-05,1.7761782087295592e-05,5.896928833810016e-07,-0.00017938302916325205,5.896928833809882e-07,1.3790971342839197e-05,6.193789404336851e-07,9.584652183305611e-06,4.6712937660972146e-07,7.102621577532603e-06,6.703400560355529e-07
t5,biased,0.05,late,VolRolling500,500,0.0015911659478763424,3.3984317830008757e-07,0.05024528729470171,0.00034417636583060384,0.0015925286735422148,5.962315744550857e-06,0.05095200000000001,0.0003760081864968171,0.0013523192988988005,3.0176970974875576e-05,8.177129903994225e-06,3.398431783001296e-07,-0.00018896768134655766,3.3984317830008757e-07,4.206319159533586e-06,4.009731395574218e-07,0.0,0.0,-2.4820306057730087e-06,6.712018087888036e-07
t5,biased,0.05,middle,DtACI500,500,0.0016190327522377533,8.250056980841543e-07,0.052300237684812866,0.00046617267962472357,0.0016142884759078409,7.359265745687537e-06,0.051013157968312905,0.0003114631077979987,0.002651497778986557,4.1517998663880727e-05,3.604393426540378e-05,8.250056980840091e-07,-0.00016110087698514668,8.250056980841544e-07,3.207312352094459e-05,8.297019500646225e-07,2.7239754944343803e-05,6.241516188463462e-07,2.61073733019186e-05,8.288426435754131e-07
t5,biased,0.05,middle,InitialKupiecGate,500,0.0015982342050817745,1.551609867774225e-06,0.05174248532358106,0.0005994928586596036,0.0015953597209474926,7.50909512711146e-06,0.05044266666666664,0.000708827882054028,0.0015239736958870104,6.095382287669163e-05,1.524538710942216e-05,1.5516098677738542e-06,-0.00018189942414112547,1.551609867774225e-06,1.1274576364965799e-05,1.5379444990502361e-06,6.4412077883650044e-06,1.5288262415243709e-06,5.308826145939801e-06,1.363286450394246e-06
t5,biased,0.05,middle,PastSelectedRolling,500,0.0015929253789358348,6.289774171487009e-07,0.04974985603600658,0.00034764963681503344,0.001589669056675238,7.151584138088024e-06,0.0483573333333333,0.00044455557906893735,0.001369970611160447,4.3909813889886146e-05,9.936560963484141e-06,6.289774171486685e-07,-0.00018720825028706528,6.289774171487009e-07,5.965750219025997e-06,6.397898688553725e-07,1.1323816424252034e-06,5.930541732496988e-07,0.0,0.0
t5,biased,0.05,middle,Raw,500,0.0017801336292228994,2.9121333016628507e-20,0.11456675174466645,1.8637653130642244e-18,0.0017653620353768747,9.613090518702633e-06,0.1128533333333333,0.0007348545587018495,0.007071067811865399,3.882844402217134e-20,0.00019714481125050005,2.4267777513857088e-21,0.0,0.0,0.00019317400050609127,2.1777647473437053e-07,0.00018834063192949045,4.27048563091296e-07,0.00018720825028706528,6.289774171487009e-07
t5,biased,0.05,middle,Rolling1000,500,0.001587381914506452,2.7010828612914775e-07,0.05030427961905566,0.00029469217799716105,0.0015848215071426173,7.038774838758221e-06,0.04866666666666664,0.000494101480006982,0.0009731026393049292,2.953575018209525e-05,4.39309653410094e-06,2.701082861290519e-07,-0.00019275171471644806,2.7010828612914775e-07,4.222857896431986e-07,3.0631053488383205e-07,-4.4110827869575945e-06,3.2399961153533844e-07,-5.543464429382798e-06,5.810421405954958e-07
t5,biased,0.05,middle,Rolling125,500,0.0016204414275357462,1.124033249861923e-06,0.048888808305132814,0.00044840907678392485,0.0016161370652565106,7.4784096591087995e-06,0.047765333333333305,0.0003040762130673385,0.0029687384943141355,5.1851292309911494e-05,3.745260956339484e-05,1.1240332498617014e-06,-0.00015969220168715386,1.124033249861923e-06,3.3481798818937396e-05,1.1238967971102573e-06,2.86484302423366e-05,1.0168754631320607e-06,2.75160485999114e-05,1.0656582092220748e-06
t5,biased,0.05,middle,Rolling250,500,0.0016011774012021417,7.174115835456837e-07,0.04899859729375315,0.0004405485459489309,0.0015978903152309332,7.212654546263037e-06,0.04773333333333331,0.0003633830011463875,0.0020406167901510994,4.490052409756953e-05,1.8188583229791332e-05,7.174115835456601e-07,-0.00017895622802075828,7.174115835456838e-07,1.4217772485332992e-05,7.316660985187905e-07,9.3844039087322e-06,5.094392982102303e-07,8.252022266306996e-06,7.050983256612264e-07
t5,biased,0.05,middle,Rolling500,500,0.0015917929972934096,4.27048563091296e-07,0.05077399482659871,0.00038886853527327753,0.0015881930639419742,7.109971764594428e-06,0.049311999999999974,0.0004567287827898787,0.0014088015870741474,3.5911489737871224e-05,8.804179321059262e-06,4.2704856309123146e-07,-0.00018834063192949045,4.27048563091296e-07,4.833368576600793e-06,4.6256099828614033e-07,0.0,0.0,-1.1323816424252034e-06,5.930541732496988e-07
t5,biased,0.05,middle,Static-CP,500,0.0015869596287168088,2.177764747343705e-07,0.04958896979081467,0.0003014288621189102,0.0015848746827070866,7.034141874098908e-06,0.048069333333333304,0.0005732220798988337,0.0009683556848726929,2.997362804615314e-05,3.9708107444604515e-06,2.1777647473427764e-07,-0.00019317400050609127,2.1777647473437053e-07,0.0,0.0,-4.833368576600793e-06,4.6256099828614033e-07,-5.965750219025997e-06,6.397898688553725e-07
t5,biased,0.05,middle,VolRolling250,500,0.0016011774012021417,7.174115835456837e-07,0.04899859729375315,0.0004405485459489309,0.0015978903152309332,7.212654546263037e-06,0.04773333333333331,0.0003633830011463875,0.0020406167901510994,4.490052409756953e-05,1.8188583229791332e-05,7.174115835456601e-07,-0.00017895622802075828,7.174115835456838e-07,1.4217772485332992e-05,7.316660985187905e-07,9.3844039087322e-06,5.094392982102303e-07,8.252022266306996e-06,7.050983256612264e-07
t5,biased,0.05,middle,VolRolling500,500,0.0015917929972934096,4.27048563091296e-07,0.05077399482659871,0.00038886853527327753,0.0015881930639419742,7.109971764594428e-06,0.049311999999999974,0.0004567287827898787,0.0014088015870741474,3.5911489737871224e-05,8.804179321059262e-06,4.2704856309123146e-07,-0.00018834063192949045,4.27048563091296e-07,4.833368576600793e-06,4.6256099828614033e-07,0.0,0.0,-1.1323816424252034e-06,5.930541732496988e-07
t5,biased,0.05,post,DtACI500,500,0.0016179730155015681,5.856062941755064e-07,0.05144564302341572,0.00030999132301802316,0.001617655432076905,4.550683263354873e-06,0.05124200475005878,0.0001179219120191839,0.0026085191204824484,2.9344133855030564e-05,3.498419752921673e-05,5.856062941755689e-07,-0.00016216061372133206,5.856062941755064e-07,3.101338678475899e-05,6.068782848317934e-07,2.6491470700904006e-05,4.313371942864015e-07,2.4663910429491197e-05,6.35713712193566e-07
t5,biased,0.05,post,InitialKupiecGate,500,0.0015985945993321927,1.5337869013850034e-06,0.05177142736060969,0.0005613996651865596,0.0015989109399835238,4.803814141889248e-06,0.051668000000000006,0.0005710549531516543,0.0015475391588329454,5.734212287940645e-05,1.5605781359840704e-05,1.5337869013846271e-06,-0.00018153902989070768,1.5337869013850034e-06,1.1634970615383396e-05,1.5230512895127633e-06,7.1130545315284055e-06,1.512534229803709e-06,5.285494260115603e-06,1.3534190476859796e-06
t5,biased,0.05,post,PastSelectedRolling,500,0.001593309105072077,5.817729836080295e-07,0.04976209473752927,0.0002712974568919481,0.001593369908233048,4.4642898172074515e-06,0.049580000000000006,0.00022103600120264416,0.0013945430238393496,3.852377716148894e-05,1.032028709972641e-05,5.817729836079645e-07,-0.00018682452415082326,5.817729836080295e-07,6.349476355267794e-06,6.047708336858626e-07,1.8275602714128026e-06,5.422284607075826e-07,0.0,0.0
t5,biased,0.05,post,Raw,500,0.0017801336292228994,2.9121333016628507e-20,0.11456675174466645,1.8637653130642244e-18,0.0017779944949232625,5.932605311088086e-06,0.11423599999999999,0.00045187718905469876,0.007071067811865399,3.882844402217134e-20,0.00019714481125050005,2.4267777513857088e-21,0.0,0.0,0.00019317400050609108,2.1777647473438217e-07,0.00018865208442223608,2.8069877093422515e-07,0.00018682452415082326,5.817729836080295e-07
t5,biased,0.05,post,Rolling1000,500,0.0015873147514451338,2.094903781097966e-07,0.050387495262673304,0.0002568633388987769,0.0015875390535835755,4.365574694048234e-06,0.050062,0.0002486764805605225,0.0009689385199345922,2.355791486742488e-05,4.325933472782703e-06,2.09490378109761e-07,-0.00019281887777776628,2.094903781097966e-07,3.551227283247957e-07,2.691034854320561e-07,-4.166793355530195e-06,1.8247480821895824e-07,-5.994353626942998e-06,5.490903646651997e-07
t5,biased,0.05,post,Rolling125,500,0.0016199010003661494,7.068575372769855e-07,0.04784357405506324,0.0002756420828158409,0.0016196241902407104,4.614589822318673e-06,0.047560000000000005,0.00015195717147909753,0.0029604162756395875,3.295388802187408e-05,3.6912182393799244e-05,7.068575372769367e-07,-0.00016023262885675067,7.068575372769855e-07,3.2941371649340394e-05,7.211281912254264e-07,2.8419455565485397e-05,6.190417330608536e-07,2.6591895294072595e-05,7.148423233191066e-07
t5,biased,0.05,post,Rolling250,500,0.0016008579446432317,4.5389148678495e-07,0.04817814510904821,0.0002792969581246678,0.001601229154664269,4.478412955576866e-06,0.048010000000000004,0.00016233454656979225,0.002031403564589885,2.895851136601217e-05,1.7869126670881122e-05,4.538914867848987e-07,-0.00017927568457966846,4.5389148678495e-07,1.3898315926422599e-05,4.860874544199718e-07,9.376399842567606e-06,3.068071213351252e-07,7.548839571154804e-06,5.469531655258811e-07
t5,biased,0.05,post,Rolling500,500,0.001591481544800664,2.8069877093422515e-07,0.05044072818298344,0.0002840520358637806,0.0015915695762215925,4.396790505755964e-06,0.050302000000000006,0.00019493997843023572,0.0013806549030168337,2.4177123532325705e-05,8.492726828315207e-06,2.806987709342547e-07,-0.00018865208442223608,2.8069877093422515e-07,4.5219160838549915e-06,3.4143789826003156e-07,0.0,0.0,-1.8275602714128026e-06,5.422284607075826e-07
t5,biased,0.05,post,Static-CP,500,0.001586959628716809,2.1777647473438217e-07,0.04958896979081467,0.00030142886211891024,0.0015869458151928733,4.3488010142301035e-06,0.04922200000000001,0.0004222582575535312,0.0009683556848726929,2.997362804615314e-05,3.9708107444604515e-06,2.1777647473427764e-07,-0.00019317400050609108,2.1777647473438217e-07,0.0,0.0,-4.5219160838549915e-06,3.4143789826003156e-07,-6.349476355267794e-06,6.047708336858626e-07
t5,biased,0.05,post,VolRolling250,500,0.0016008579446432317,4.5389148678495e-07,0.04817814510904821,0.0002792969581246678,0.001601229154664269,4.478412955576866e-06,0.048010000000000004,0.00016233454656979225,0.002031403564589885,2.895851136601217e-05,1.7869126670881122e-05,4.538914867848987e-07,-0.00017927568457966846,4.5389148678495e-07,1.3898315926422599e-05,4.860874544199718e-07,9.376399842567606e-06,3.068071213351252e-07,7.548839571154804e-06,5.469531655258811e-07
t5,biased,0.05,post,VolRolling500,500,0.001591481544800664,2.8069877093422515e-07,0.05044072818298344,0.0002840520358637806,0.0015915695762215925,4.396790505755964e-06,0.050302000000000006,0.00019493997843023572,0.0013806549030168337,2.4177123532325705e-05,8.492726828315207e-06,2.806987709342547e-07,-0.00018865208442223608,2.8069877093422515e-07,4.5219160838549915e-06,3.4143789826003156e-07,0.0,0.0,-1.8275602714128026e-06,5.422284607075826e-07
t5,biased,0.05,pre,DtACI500,500,0.0016221242889163884,9.739979746957615e-07,0.051833597411735995,0.0004709878439834821,0.0016077321053156101,8.592481919089455e-06,0.051099176548389955,0.0003992300079571771,0.0027252577168386926,4.566492829788513e-05,3.913547094403709e-05,9.739979746955193e-07,-0.00015800934030651146,9.739979746957615e-07,3.5164660199579797e-05,9.826918989654047e-07,3.06645029339026e-05,7.947877586493638e-07,2.6965462342084e-05,9.968707448567824e-07
t5,biased,0.05,pre,InitialKupiecGate,500,0.0016003560197383805,1.6723493798755042e-06,0.05090407436298401,0.0006334483071497807,0.0015844110115089602,8.58205969185704e-06,0.049928000000000014,0.0007999534254979673,0.001649709888755893,6.910334396329065e-05,1.7367201766025936e-05,1.6723493798751461e-06,-0.00017977760948451965,1.6723493798755042e-06,1.33963910215716e-05,1.6472865415979473e-06,8.896233755894401e-06,1.5383084653979569e-06,5.197193164075802e-06,1.3394047708209615e-06
t5,biased,0.05,pre,PastSelectedRolling,500,0.0015951588265743046,9.197347688947561e-07,0.049321325349247505,0.00040829273298348406,0.0015786363641396252,8.330150754121275e-06,0.04818400000000001,0.0005856229131384679,0.0015005811775216649,5.5507782775937055e-05,1.2170008601951739e-05,9.197347688946506e-07,-0.00018497480264859545,9.197347688947561e-07,8.199197857495796e-06,9.055077193673054e-07,3.6990405918185994e-06,8.062446064750352e-07,0.0,0.0
t5,biased,0.05,pre,Raw,500,0.0017801336292228994,2.9121333016628507e-20,0.11456675174466645,1.8637653130642244e-18,0.0017542951560922141,1.130263526495549e-05,0.11316000000000002,0.0009256427112324256,0.007071067811865399,3.882844402217134e-20,0.00019714481125050005,2.4267777513857088e-21,0.0,0.0,0.00019317400050609127,2.1777647473437053e-07,0.0001886738432404141,4.5169777851293916e-07,0.00018497480264859545,9.197347688947561e-07
t5,biased,0.05,pre,Rolling1000,500,0.0015870751977572904,2.0715509042420663e-07,0.049939205494058746,0.0002923971307236307,0.0015715760365165247,8.234332684656072e-06,0.04854400000000001,0.000582923431897286,0.0009642497535526,2.7398733601967887e-05,4.086379784940141e-06,2.071550904241918e-07,-0.00019305843146560965,2.0715509042420663e-07,1.155690404815962e-07,1.4297353368356802e-07,-4.384588225195601e-06,3.956597891316107e-07,-8.083628817014201e-06,8.777502524932924e-07
t5,biased,0.05,pre,Rolling125,500,0.0016183716379919721,1.178262804586683e-06,0.04807071892783172,0.0005259148976205556,0.0016042684560089926,8.642511840790275e-06,0.04718400000000001,0.00040810953773414696,0.002900185344668912,5.810036935310004e-05,3.538282001962156e-05,1.1782628045864686e-06,-0.00016176199123092786,1.178262804586683e-06,3.14120092751634e-05,1.1818722094461813e-06,2.6911852009486197e-05,1.0693994237409605e-06,2.32128114176676e-05,1.0127164584743614e-06
t5,biased,0.05,pre,Rolling250,500,0.0016008469625324224,7.697431916982893e-07,0.04807578317585923,0.00048418463692730335,0.0015863448592423877,8.29941764853766e-06,0.047192000000000005,0.0005084045853893232,0.002039897377403384,4.982705850556469e-05,1.785814456007344e-05,7.697431916982322e-07,-0.00017928666669047766,7.697431916982893e-07,1.3887333815613589e-05,7.757305342716249e-07,9.387176549936392e-06,5.807358857165497e-07,5.688135958117793e-06,7.511354113976607e-07
t5,biased,0.05,pre,Rolling500,500,0.001591459785982486,4.5169777851293916e-07,0.04973496834093544,0.0003905753567202597,0.0015765142683955436,8.240745136700562e-06,0.04872800000000001,0.0005782670815767317,0.0013631978603209115,3.939650066134477e-05,8.470968010134122e-06,4.516977785130196e-07,-0.0001886738432404141,4.5169777851293916e-07,4.500157265677199e-06,4.4718671491321736e-07,0.0,0.0,-3.6990405918185994e-06,8.062446064750352e-07
t5,biased,0.05,pre,Static-CP,500,0.0015869596287168088,2.177764747343705e-07,0.049588969790814674,0.00030142886211891024,0.0015710942914515904,8.224554655846235e-06,0.048088000000000006,0.000662527280037273,0.0009683556848726931,2.997362804615316e-05,3.9708107444604515e-06,2.1777647473427764e-07,-0.00019317400050609127,2.1777647473437053e-07,0.0,0.0,-4.500157265677199e-06,4.4718671491321736e-07,-8.199197857495796e-06,9.055077193673054e-07
t5,biased,0.05,pre,VolRolling250,500,0.0016008469625324224,7.697431916982893e-07,0.04807578317585923,0.00048418463692730335,0.0015863448592423877,8.29941764853766e-06,0.047192000000000005,0.0005084045853893232,0.002039897377403384,4.982705850556469e-05,1.7858144560073436e-05,7.697431916982322e-07,-0.00017928666669047766,7.697431916982893e-07,1.3887333815613589e-05,7.757305342716249e-07,9.387176549936392e-06,5.807358857165497e-07,5.688135958117793e-06,7.511354113976607e-07
t5,biased,0.05,pre,VolRolling500,500,0.001591459785982486,4.5169777851293916e-07,0.04973496834093544,0.0003905753567202597,0.0015765142683955436,8.240745136700562e-06,0.04872800000000001,0.0005782670815767317,0.0013631978603209115,3.939650066134477e-05,8.470968010134122e-06,4.516977785130196e-07,-0.0001886738432404141,4.5169777851293916e-07,4.500157265677199e-06,4.4718671491321736e-07,0.0,0.0,-3.6990405918185994e-06,8.062446064750352e-07
t5,correct,0.01,acute,DtACI500,500,0.0005149109112059833,1.0386148222455846e-06,0.013201674836529436,0.0002917409933152819,0.0005501232982815465,2.1002436723600158e-05,0.015576439203121737,0.0010692977744583213,0.005732065844803131,0.00013851837307856567,2.7171739158955574e-05,1.0386148222455806e-06,2.717173915898318e-05,1.0386148222455846e-06,2.1969467477696597e-05,1.0814681832274246e-06,1.61064253277656e-05,8.471714257255582e-07,1.2508504240253198e-05,1.7511231736780712e-06
t5,correct,0.01,acute,InitialKupiecGate,500,0.0004891516992723428,4.5686550003482726e-07,0.01003612333257735,6.570099780232995e-05,0.0005237238033727169,2.0191935080397113e-05,0.0128,0.0010838216360072143,0.00040192494223050955,8.81878966596776e-05,1.4125272253395838e-06,4.568655000344691e-07,1.4125272253427983e-06,4.5686550003482726e-07,-3.789744455943783e-06,5.533057940715682e-07,-9.652786605874781e-06,7.760368636128969e-07,-1.3250707693387185e-05,1.5187838681945259e-06
t5,correct,0.01,acute,PastSelectedRolling,500,0.00050240240696573,1.562181982346243e-06,0.009517419930075016,0.00019807543138360427,0.0005299732974373226,1.9543433848639332e-05,0.011400000000000002,0.0010403098043265553,0.004382780286392962,0.0002339213545893775,1.4663234918700707e-05,1.5621819823462121e-06,1.4663234918729982e-05,1.562181982346243e-06,9.460963237443401e-06,1.5709577440328724e-06,3.597921087512402e-06,1.55690461664449e-06,0.0,0.0
t5,correct,0.01,acute,Raw,500,0.000487739172047,0.0,0.0099999999999993,0.0,0.0005225663467671373,2.0159838206319777e-05,0.0128,0.0010838216360072143,0.0,0.0,0.0,0.0,0.0,0.0,-5.20227168128658e-06,3.3416076494636576e-07,-1.1065313831217581e-05,6.601854158137717e-07,-1.4663234918729982e-05,1.562181982346243e-06
t5,correct,0.01,acute,Rolling1000,500,0.0004933750332330218,3.58247576693146e-07,0.009923412708172305,0.00014413958141603123,0.0005211736331422385,1.9348470504149156e-05,0.011800000000000001,0.0010410030618348337,0.0027958166032194254,9.630963039359106e-05,5.635861185993378e-06,3.582475766929923e-07,5.635861186021778e-06,3.58247576693146e-07,4.335895047351977e-07,3.1775086297396613e-07,-5.429452645195801e-06,6.279785155632403e-07,-9.027373732708203e-06,1.5286570054791562e-06
t5,correct,0.01,acute,Rolling125,500,0.0005522826223667748,4.7527396958675506e-06,0.007997096613025553,0.0003105352072272801,0.000584846511170576,1.9443018973495508e-05,0.01,0.0009496334067493775,0.011606371203469763,0.0005800344988246926,6.454345031973659e-05,4.752739695866869e-06,6.454345031977479e-05,4.7527396958675506e-06,5.934117863848819e-05,4.766827352874953e-06,5.3478136488557204e-05,4.6525345402935955e-06,4.98802154010448e-05,4.649097792881585e-06
t5,correct,0.01,acute,Rolling250,500,0.0005193126289394754,2.1229123551022344e-06,0.008297589782835032,0.00025822363549145186,0.0005442113361821232,1.83612087808379e-05,0.0105,0.0009753987931155247,0.00752930195882425,0.00030707064926821395,3.157345689244258e-05,2.1229123551018986e-06,3.157345689247538e-05,2.122912355102235e-06,2.6371185211188802e-05,2.148015161574713e-06,2.0508143061257804e-05,1.9485804730261035e-06,1.69102219737454e-05,2.2633557501859157e-06
t5,correct,0.01,acute,Rolling500,500,0.0004988044858782176,6.601854158137717e-07,0.009958489487996512,0.00020734375347505651,0.000526831186935658,1.9649256521637768e-05,0.0122,0.0010884343704411004,0.003923642464901335,0.00013741185642493676,1.1065313831188435e-05,6.601854158136646e-07,1.1065313831217581e-05,6.601854158137717e-07,5.863042149930999e-06,6.933005856682753e-07,0.0,0.0,-3.597921087512402e-06,1.55690461664449e-06
t5,correct,0.01,acute,Static-CP,500,0.0004929414437282866,3.3416076494636576e-07,0.00972279380599466,0.000137412049183135,0.000521919402723038,1.942733703959438e-05,0.0123,0.0010907793540393018,0.0026909553634429945,9.358416407132458e-05,5.202271681259151e-06,3.3416076494640737e-07,5.20227168128658e-06,3.3416076494636576e-07,0.0,0.0,-5.863042149930999e-06,6.933005856682753e-07,-9.460963237443401e-06,1.5709577440328724e-06
t5,correct,0.01,acute,VolRolling250,500,0.0005193126289394754,2.1229123551022344e-06,0.008297589782835032,0.00025822363549145186,0.0005442113361821232,1.83612087808379e-05,0.0105,0.0009753987931155247,0.00752930195882425,0.00030707064926821395,3.157345689244258e-05,2.1229123551018986e-06,3.157345689247538e-05,2.122912355102235e-06,2.6371185211188802e-05,2.148015161574713e-06,2.0508143061257804e-05,1.9485804730261035e-06,1.69102219737454e-05,2.2633557501859157e-06
t5,correct,0.01,acute,VolRolling500,500,0.0004988044858782176,6.601854158137717e-07,0.009958489487996512,0.00020734375347505651,0.000526831186935658,1.9649256521637768e-05,0.0122,0.0010884343704411004,0.003923642464901335,0.00013741185642493676,1.1065313831188435e-05,6.601854158136646e-07,1.1065313831217581e-05,6.601854158137717e-07,5.863042149930999e-06,6.933005856682753e-07,0.0,0.0,-3.597921087512402e-06,1.55690461664449e-06
t5,correct,0.01,early,DtACI500,500,0.0005142445712788096,9.893166953645832e-07,0.012916299502547203,0.00025682996272257525,0.0005102228193330668,8.580865363496487e-06,0.0128872291961018,0.0003928762416889336,0.005639715129828977,0.00013289647709965896,2.6505399231780086e-05,9.893166953644365e-07,2.6505399231809583e-05,9.893166953645832e-07,2.1303127550523e-05,1.0301893011039972e-06,1.58150047840112e-05,7.601153272278072e-07,1.2341338118081797e-05,1.2708700389367288e-06
t5,correct,0.01,early,InitialKupiecGate,500,0.0004893287430920858,4.2033444190972055e-07,0.010050819534796232,6.178613944119667e-05,0.0004854637638340526,8.181604668497408e-06,0.009714285714285694,0.0004486956938944985,0.0004248774104519154,8.339308633578846e-05,1.5895710450824564e-06,4.2033444190935993e-07,1.589571045085799e-06,4.2033444190972055e-07,-3.6127006362007823e-06,5.284647821840371e-07,-9.10082340271258e-06,7.252022119105337e-07,-1.2574490068641985e-05,1.2058290226274075e-06
t5,correct,0.01,early,PastSelectedRolling,500,0.0005019032331607279,1.2452277979448632e-06,0.009627088561861848,0.00018381956631044615,0.0004984379933739366,8.114988014131979e-06,0.009219047619047597,0.0004320565319809909,0.004285607367321363,0.00020013679035543128,1.4164061113697914e-05,1.2452277979446947e-06,1.4164061113727782e-05,1.245227797944863e-06,8.9617894324412e-06,1.2573683786819868e-06,3.4736666659294022e-06,1.1647792098476362e-06,0.0,0.0
t5,correct,0.01,early,Raw,500,0.000487739172047,0.0,0.0099999999999993,0.0,0.0004839439898343656,8.102448260787155e-06,0.009809523809523789,0.0004465638214819667,0.0,0.0,0.0,0.0,0.0,0.0,-5.20227168128658e-06,3.3416076494636576e-07,-1.069039444779838e-05,5.948051623266028e-07,-1.4164061113727782e-05,1.245227797944863e-06
t5,correct,0.01,early,Rolling1000,500,0.0004935199843436218,3.59513399001817e-07,0.009948119006095914,0.0001430047662757425,0.0004896428164799766,8.035098659215046e-06,0.009428571428571406,0.00042246823288287787,0.002824551649905299,9.426798311303484e-05,5.780812296592199e-06,3.595133990017907e-07,5.780812296621781e-06,3.5951339900181695e-07,5.785406153352003e-07,3.4024573975741384e-07,-4.9095821511765984e-06,5.600495980462701e-07,-8.383248817106e-06,1.2054920291282e-06
t5,correct,0.01,early,Rolling125,500,0.0005638199003524582,5.583335559150659e-06,0.008060450738732754,0.00027468261461313745,0.0005605346910496127,1.151097958861351e-05,0.007390476190476173,0.00033511418820761504,0.012893788544475046,0.0006455977487908683,7.608072830541645e-05,5.583335559150022e-06,7.608072830545818e-05,5.583335559150659e-06,7.087845662417161e-05,5.581220009651853e-06,6.53903338576598e-05,5.524535955982265e-06,6.191666719173039e-05,5.558835873144921e-06
t5,correct,0.01,early,Rolling250,500,0.0005212669888060423,2.0494842139436653e-06,0.007999405307740178,0.00022842854700650742,0.000521015583222258,8.160661153610636e-06,0.007752380952380934,0.0003849876933339013,0.007785034756271066,0.00029887926759473375,3.352781675901134e-05,2.04948421394337e-06,3.352781675904219e-05,2.0494842139436653e-06,2.83255450777556e-05,2.073327639631167e-06,2.28374223112438e-05,1.8947132527227506e-06,1.93637556453144e-05,1.9852601250396098e-06
t5,correct,0.01,early,Rolling500,500,0.0004984295664947983,5.948051623266028e-07,0.009984267149934695,0.0001947416598243843,0.0004960099672010188,8.126667213490995e-06,0.009828571428571407,0.0004428598620608996,0.0038647528162354733,0.00012419814550381083,1.069039444776858e-05,5.948051623264953e-07,1.069039444779838e-05,5.948051623266028e-07,5.488122766511798e-06,6.34309515910227e-07,0.0,0.0,-3.4736666659294022e-06,1.1647792098476362e-06
t5,correct,0.01,early,Static-CP,500,0.0004929414437282866,3.3416076494636576e-07,0.009722793805994662,0.000137412049183135,0.00048725028052108856,7.870210999863573e-06,0.009066666666666645,0.0004215628649350985,0.0026909553634429945,9.358416407132454e-05,5.202271681259151e-06,3.3416076494640737e-07,5.20227168128658e-06,3.3416076494636576e-07,0.0,0.0,-5.488122766511798e-06,6.34309515910227e-07,-8.9617894324412e-06,1.2573683786819868e-06
t5,correct,0.01,early,VolRolling250,500,0.0005212669888060423,2.0494842139436653e-06,0.007999405307740178,0.00022842854700650742,0.000521015583222258,8.160661153610636e-06,0.007752380952380934,0.0003849876933339013,0.007785034756271066,0.00029887926759473375,3.352781675901134e-05,2.04948421394337e-06,3.352781675904219e-05,2.0494842139436653e-06,2.83255450777556e-05,2.073327639631167e-06,2.28374223112438e-05,1.8947132527227506e-06,1.93637556453144e-05,1.9852601250396098e-06
t5,correct,0.01,early,VolRolling500,500,0.0004984295664947983,5.948051623266028e-07,0.009984267149934695,0.0001947416598243843,0.0004960099672010188,8.126667213490995e-06,0.009828571428571407,0.0004428598620608996,0.0038647528162354733,0.00012419814550381083,1.069039444776858e-05,5.948051623264953e-07,1.069039444779838e-05,5.948051623266028e-07,5.488122766511798e-06,6.34309515910227e-07,0.0,0.0,-3.4736666659294022e-06,1.1647792098476362e-06
t5,correct,0.01,late,DtACI500,500,0.0005135757531038996,6.610789954793294e-07,0.01218473354106881,0.0001879432370361143,0.0005125986637796284,3.9957046569022185e-06,0.012266186710416285,0.0001295121050339448,0.005721678465012371,9.97675421908859e-05,2.5836581056871246e-05,6.610789954792919e-07,2.583658105689958e-05,6.610789954793294e-07,2.0634309375612998e-05,7.364805782570756e-07,1.4794229544178196e-05,4.326962698972052e-07,1.0395516531061202e-05,1.2622126058530732e-06
t5,correct,0.01,late,InitialKupiecGate,500,0.000490544938667234,8.083149589450141e-07,0.009871034288387296,4.294833085342171e-05,0.0004889949709454943,3.860911559185792e-06,0.009888000000000001,0.0001954361855061913,0.0005759885485138941,0.00012695114279029436,2.8057666202312683e-06,8.083149589446996e-07,2.8057666202339983e-06,8.083149589450141e-07,-2.3965050610525833e-06,8.641944552413805e-07,-8.236584892487384e-06,9.463220273971484e-07,-1.2635297905604382e-05,1.0056971135005748e-06
t5,correct,0.01,late,PastSelectedRolling,500,0.0005031802365728383,1.2339808696312743e-06,0.009567226986013179,0.0001464814311794291,0.0005018993708657148,4.114987513368238e-06,0.009652,0.00018278022108104823,0.004352445695604736,0.0001909866216890232,1.5441064525808806e-05,1.2339808696310657e-06,1.5441064525838377e-05,1.233980869631274e-06,1.0238792844551797e-05,1.2616799444839993e-06,4.398713013116996e-06,1.1991307346614165e-06,0.0,0.0
t5,correct,0.01,late,Raw,500,0.000487739172047,0.0,0.0099999999999993,0.0,0.0004864381364672192,3.7024506496142235e-06,0.010016000000000002,0.00019696974936352196,0.0,0.0,0.0,0.0,0.0,0.0,-5.20227168128658e-06,3.3416076494636576e-07,-1.1042351512721385e-05,5.058479755089683e-07,-1.5441064525838377e-05,1.233980869631274e-06
t5,correct,0.01,late,Rolling1000,500,0.0004930998380509074,3.0452771676209933e-07,0.009967337207171651,0.00013014483584368737,0.000491857907976116,3.7189630717861684e-06,0.010056,0.00019736167627613281,0.0026520555182012657,8.051744011012265e-05,5.360666003878873e-06,3.045277167620763e-07,5.36066600390738e-06,3.045277167620993e-07,1.5839432262079906e-07,4.4959215256983757e-07,-5.681685508814003e-06,4.0714687082203845e-07,-1.0080398521931e-05,1.2085682866910469e-06
t5,correct,0.01,late,Rolling125,500,0.0005623561592510995,2.8806108960483903e-06,0.007814581826131272,0.00014565290219772963,0.0005618819578968817,5.8808660672473376e-06,0.007996,0.00011748861710949107,0.012854527271856285,0.00033641867236565437,7.461698720405874e-05,2.880610896047713e-06,7.46169872040996e-05,2.8806108960483903e-06,6.9414715522813e-05,2.900866536529188e-06,6.35746356913782e-05,2.831164388685584e-06,5.91759226782612e-05,2.8828194356191837e-06
t5,correct,0.01,late,Rolling250,500,0.0005219615654211703,1.411330310602423e-06,0.007881263654399982,0.00014857385689534078,0.0005198957152168891,4.325292329745233e-06,0.007980000000000001,0.00012591628099510913,0.007840965033817959,0.00020703431673062882,3.4222393374142497e-05,1.4113303106020636e-06,3.422239337417038e-05,1.411330310602423e-06,2.90201216928838e-05,1.450916903363689e-06,2.3180041861448998e-05,1.2654018534332216e-06,1.8781328848332e-05,1.5689315787284989e-06
t5,correct,0.01,late,Rolling500,500,0.0004987815235597214,5.058479755089683e-07,0.00994013742238058,0.0001552293290148126,0.0004978570736670672,3.824750916954864e-06,0.010020000000000001,0.00017048557317650854,0.003893485602184625,0.00010385116631263628,1.1042351512691047e-05,5.058479755089813e-07,1.1042351512721385e-05,5.058479755089683e-07,5.840079831434802e-06,6.070541719405649e-07,0.0,0.0,-4.398713013116996e-06,1.1991307346614165e-06
t5,correct,0.01,late,Static-CP,500,0.0004929414437282866,3.3416076494636576e-07,0.009722793805994662,0.00013741204918313503,0.0004918413987188994,3.6810663443505464e-06,0.009704,0.00024633743577566334,0.0026909553634429945,9.358416407132454e-05,5.202271681259151e-06,3.3416076494640737e-07,5.20227168128658e-06,3.3416076494636576e-07,0.0,0.0,-5.840079831434802e-06,6.070541719405649e-07,-1.0238792844551797e-05,1.2616799444839993e-06
t5,correct,0.01,late,VolRolling250,500,0.0005219615654211703,1.411330310602423e-06,0.007881263654399982,0.00014857385689534078,0.0005198957152168891,4.325292329745233e-06,0.007980000000000001,0.00012591628099510913,0.007840965033817959,0.00020703431673062882,3.4222393374142497e-05,1.4113303106020636e-06,3.422239337417038e-05,1.411330310602423e-06,2.90201216928838e-05,1.450916903363689e-06,2.3180041861448998e-05,1.2654018534332216e-06,1.8781328848332e-05,1.5689315787284989e-06
t5,correct,0.01,late,VolRolling500,500,0.0004987815235597214,5.058479755089683e-07,0.00994013742238058,0.0001552293290148126,0.0004978570736670672,3.824750916954864e-06,0.010020000000000001,0.00017048557317650854,0.003893485602184625,0.00010385116631263628,1.1042351512691047e-05,5.058479755089813e-07,1.1042351512721385e-05,5.058479755089683e-07,5.840079831434802e-06,6.070541719405649e-07,0.0,0.0,-4.398713013116996e-06,1.1991307346614165e-06
t5,correct,0.01,middle,DtACI500,500,0.0005142162221610615,7.312443703462568e-07,0.012693512264541278,0.00021066102566566453,0.0005130928721033037,4.49272801318529e-06,0.012602932200387933,0.00016194805039254786,0.005686660331586291,0.0001101796348946964,2.6477050114033336e-05,7.312443703461833e-07,2.6477050114061583e-05,7.312443703462567e-07,2.1274778432774996e-05,8.09957169842556e-07,1.5470899891329198e-05,5.16301488968409e-07,1.1215114037198999e-05,1.3051600576408495e-06
t5,correct,0.01,middle,InitialKupiecGate,500,0.0004901765668146686,7.064449951971354e-07,0.010001239428494539,5.470399394621809e-05,0.0004911670349033722,4.368774288798762e-06,0.01017599999999997,0.00023166846449997568,0.0005532024235117658,0.00011647621020948502,2.4373947676660783e-06,7.064449951967395e-07,2.437394767668598e-06,7.064449951971354e-07,-2.764876913617983e-06,7.713851619458778e-07,-8.568755455063782e-06,9.036943773635991e-07,-1.2824541309193981e-05,1.172231041517737e-06
t5,correct,0.01,middle,PastSelectedRolling,500,0.0005030011081238626,1.3220838466227664e-06,0.009523414753259005,0.0001571409241039971,0.0005030718337082433,4.47804042431903e-06,0.009546666666666636,0.0002068900036586941,0.004375632559114301,0.00020279713410979494,1.526193607683289e-05,1.3220838466223685e-06,1.526193607686258e-05,1.3220838466227664e-06,1.0059664395576e-05,1.3566310291086545e-06,4.2557858541302005e-06,1.255912738861965e-06,0.0,0.0
t5,correct,0.01,middle,Raw,500,0.000487739172047,0.0,0.0099999999999993,0.0,0.0004887082773212838,4.272397580827042e-06,0.01014399999999997,0.000232020054569764,0.0,0.0,0.0,0.0,0.0,0.0,-5.20227168128658e-06,3.3416076494636576e-07,-1.100615022273238e-05,5.561487225462174e-07,-1.526193607686258e-05,1.3220838466227664e-06
t5,correct,0.01,middle,Rolling1000,500,0.000493657250435489,3.1657162774058246e-07,0.00996884661811138,0.00013901334416106505,0.0004933863926944486,4.181906897867514e-06,0.010149333333333302,0.00022638637233534685,0.0028275757670728915,8.648325925659227e-05,5.918078388460259e-06,3.165716277405423e-07,5.9180783884889795e-06,3.1657162774058246e-07,7.158067072023985e-07,3.857800670528454e-07,-5.088071834243401e-06,4.568162199242704e-07,-9.343857688373601e-06,1.2886219205560961e-06
t5,correct,0.01,middle,Rolling125,500,0.0005635883044623072,2.9039611127693435e-06,0.008066647721037377,0.00017911018701850768,0.0005630545308501176,6.13964071355794e-06,0.007994666666666638,0.00015165952327426504,0.012909644860568406,0.00035361111603223323,7.584913241526689e-05,2.9039611127684715e-06,7.584913241530719e-05,2.9039611127693435e-06,7.06468607340206e-05,2.9315193119565247e-06,6.484298219257482e-05,2.835631522803186e-06,6.05871963384446e-05,2.822324648628987e-06
t5,correct,0.01,middle,Rolling250,500,0.0005217553227762235,1.6953654183746086e-06,0.008118978294948032,0.00017570115960109127,0.0005202298095066655,4.853160835650926e-06,0.008255999999999968,0.000163627722647457,0.007730197272780728,0.00024548267709519837,3.4016150729192813e-05,1.6953654183742224e-06,3.401615072922339e-05,1.6953654183746086e-06,2.88138790479368e-05,1.7344785231227205e-06,2.3010000506491e-05,1.5059200522601022e-06,1.8754214652360804e-05,1.7876781386410904e-06
t5,correct,0.01,middle,Rolling500,500,0.0004987453222697324,5.561487225462174e-07,0.010059959632554715,0.0001733170390336555,0.0004983605772963319,4.276168968955115e-06,0.010058666666666636,0.00020287019980586577,0.0039075915239270564,0.00011688353450101011,1.1006150222703813e-05,5.561487225462006e-07,1.100615022273238e-05,5.561487225462174e-07,5.8038785414458e-06,6.472472006844518e-07,0.0,0.0,-4.2557858541302005e-06,1.255912738861965e-06
t5,correct,0.01,middle,Static-CP,500,0.0004929414437282866,3.3416076494636576e-07,0.00972279380599466,0.00013741204918313503,0.0004934114807113868,4.162707130384777e-06,0.009802666666666633,0.0002647633882317197,0.0026909553634429945,9.358416407132454e-05,5.202271681259151e-06,3.3416076494640737e-07,5.20227168128658e-06,3.3416076494636576e-07,0.0,0.0,-5.8038785414458e-06,6.472472006844518e-07,-1.0059664395576e-05,1.3566310291086545e-06
t5,correct,0.01,middle,VolRolling250,500,0.0005217553227762235,1.6953654183746086e-06,0.008118978294948032,0.00017570115960109127,0.0005202298095066655,4.853160835650926e-06,0.008255999999999968,0.000163627722647457,0.007730197272780728,0.00024548267709519837,3.4016150729192813e-05,1.6953654183742224e-06,3.401615072922339e-05,1.6953654183746086e-06,2.88138790479368e-05,1.7344785231227205e-06,2.3010000506491e-05,1.5059200522601022e-06,1.8754214652360804e-05,1.7876781386410904e-06
t5,correct,0.01,middle,VolRolling500,500,0.0004987453222697324,5.561487225462174e-07,0.010059959632554715,0.0001733170390336555,0.0004983605772963319,4.276168968955115e-06,0.010058666666666636,0.00020287019980586577,0.0039075915239270564,0.00011688353450101011,1.1006150222703813e-05,5.561487225462006e-07,1.100615022273238e-05,5.561487225462174e-07,5.8038785414458e-06,6.472472006844518e-07,0.0,0.0,-4.2557858541302005e-06,1.255912738861965e-06
t5,correct,0.01,post,DtACI500,500,0.0005139128580707427,5.072354868736279e-07,0.01247267881423543,0.00014394025305624562,0.0005132850209241529,2.859767109533687e-06,0.012523880780006741,6.589783689698892e-05,0.005700148262379148,7.701630984429029e-05,2.6173686023714376e-05,5.072354868736729e-07,2.6173686023742582e-05,5.07235486873628e-07,2.0971414342456002e-05,6.049405444049436e-07,1.5181406240215603e-05,3.1793220286013304e-07,1.0949436616684401e-05,1.0159980076523405e-06
t5,correct,0.01,post,InitialKupiecGate,500,0.0004902512338992342,6.104386187964469e-07,0.009942040447684253,4.011714128508987e-05,0.0004901332948315428,2.7520251722619834e-06,0.010036000000000002,0.0001364795271190712,0.0005480958100159206,0.00010532910053489665,2.5120618522308463e-06,6.104386187959657e-07,2.5120618522341984e-06,6.104386187964469e-07,-2.690209829052383e-06,6.841597349891039e-07,-8.480217931292782e-06,7.32106854964869e-07,-1.2712187554823981e-05,8.822674122674132e-07
t5,correct,0.01,post,PastSelectedRolling,500,0.0005029634214540581,1.0114543519266706e-06,0.009556086723075712,0.00012390375192156708,0.0005025370783264597,2.963171456936092e-06,0.009602000000000001,0.00011590539297306435,0.004354729436766831,0.0001609065015292619,1.522424940702924e-05,1.0114543519264066e-06,1.522424940705818e-05,1.0114543519266709e-06,1.0021977725771599e-05,1.0469226566200255e-06,4.231969623531199e-06,9.68196907392078e-07,0.0,0.0
t5,correct,0.01,post,Raw,500,0.000487739172047,0.0,0.0099999999999993,0.0,0.000487750118097044,2.6344892404283775e-06,0.010098,0.00013838747843781515,0.0,0.0,0.0,0.0,0.0,0.0,-5.20227168128658e-06,3.3416076494636576e-07,-1.099227978352698e-05,3.9051282834016357e-07,-1.522424940705818e-05,1.0114543519266709e-06
t5,correct,0.01,post,Rolling1000,500,0.0004933584869595028,2.59087864883094e-07,0.009965006835181109,0.00011727717197810044,0.0004927848196417237,2.6493002568818615e-06,0.010060000000000003,0.00012566775548858615,0.002738862927057411,7.03547395135814e-05,5.619314912474081e-06,2.590878648831304e-07,5.6193149125027806e-06,2.59087864883094e-07,4.170432312161987e-07,3.716040334639755e-07,-5.372964871024201e-06,2.7605282583486306e-07,-9.604934494555399e-06,9.85929140420478e-07
t5,correct,0.01,post,Rolling125,500,0.0005627704357832581,1.9905551581108552e-06,0.007938573068282105,0.00010635776717124177,0.0005626395008008595,4.1618139654013135e-06,0.007972000000000002,8.199926682305786e-05,0.01285435567988057,0.000236116964594633,7.503126373621792e-05,1.9905551581101255e-06,7.503126373625818e-05,1.9905551581108552e-06,6.98289920549716e-05,2.0202404575123468e-06,6.40389839527312e-05,1.927484173502738e-06,5.980701432920001e-05,2.068294485037088e-06
t5,correct,0.01,post,Rolling250,500,0.0005217583151550944,1.052280226817983e-06,0.007991138040774922,0.00010958348141712192,0.0005206248991354227,3.164044665369894e-06,0.008110000000000001,7.766507405169268e-05,0.0077873211827867,0.0001519717821039012,3.4019143108064875e-05,1.0522802268178217e-06,3.401914310809438e-05,1.052280226817983e-06,2.8816871426807802e-05,1.1075738693712964e-06,2.3026863324567403e-05,9.159017410923452e-07,1.87948937010362e-05,1.2582159403441945e-06
t5,correct,0.01,post,Rolling500,500,0.0004987314518305271,3.9051282834016357e-07,0.009990071413901383,0.00012564288255231397,0.0004984314236144758,2.746980415565722e-06,0.010058,9.604019699520485e-05,0.003896361517567709,8.168551815801457e-05,1.0992279783498943e-05,3.9051282834020756e-07,1.099227978352698e-05,3.9051282834016357e-07,5.790008102240399e-06,5.058869691809487e-07,0.0,0.0,-4.231969623531199e-06,9.68196907392078e-07
t5,correct,0.01,post,Static-CP,500,0.0004929414437282866,3.3416076494636576e-07,0.009722793805994662,0.00013741204918313503,0.0004925496721353948,2.6233068286581193e-06,0.009726,0.00019384788367172857,0.0026909553634429945,9.358416407132458e-05,5.202271681259151e-06,3.3416076494640737e-07,5.20227168128658e-06,3.3416076494636576e-07,0.0,0.0,-5.790008102240399e-06,5.058869691809487e-07,-1.0021977725771599e-05,1.0469226566200255e-06
t5,correct,0.01,post,VolRolling250,500,0.0005217583151550944,1.052280226817983e-06,0.007991138040774922,0.00010958348141712192,0.0005206248991354227,3.164044665369894e-06,0.008110000000000001,7.766507405169268e-05,0.0077873211827867,0.0001519717821039012,3.4019143108064875e-05,1.0522802268178217e-06,3.401914310809438e-05,1.052280226817983e-06,2.8816871426807802e-05,1.1075738693712964e-06,2.3026863324567403e-05,9.159017410923452e-07,1.87948937010362e-05,1.2582159403441945e-06
t5,correct,0.01,post,VolRolling500,500,0.0004987314518305271,3.9051282834016357e-07,0.009990071413901383,0.00012564288255231397,0.0004984314236144758,2.746980415565722e-06,0.010058,9.604019699520485e-05,0.003896361517567709,8.168551815801457e-05,1.0992279783498943e-05,3.9051282834020756e-07,1.099227978352698e-05,3.9051282834016357e-07,5.790008102240399e-06,5.058869691809487e-07,0.0,0.0,-4.231969623531199e-06,9.68196907392078e-07
t5,correct,0.01,pre,DtACI500,500,0.000514864593344362,7.35684022921447e-07,0.013203006593376884,0.00022462604855417472,0.0005044667016985982,5.115684342592623e-06,0.012673685110551626,0.00021265169272775857,0.005680111630622838,0.00010203928523143971,2.712542129733202e-05,7.356840229213633e-07,2.712542129736198e-05,7.35684022921447e-07,2.19231496160756e-05,7.605874428379878e-07,1.53997887491964e-05,6.111844649599306e-07,1.0437022980433801e-05,1.7300605475083594e-06
t5,correct,0.01,pre,InitialKupiecGate,500,0.000489568085449061,5.936125046496383e-07,0.01012026103701725,6.339241094777931e-05,0.00048020187725472083,4.827272090694426e-06,0.009776,0.00027734001327960566,0.00044075227137791616,9.744756559354034e-05,1.8289134020584102e-06,5.936125046493363e-07,1.828913402060998e-06,5.936125046496383e-07,-3.3733582792253833e-06,6.641753624868574e-07,-9.896719146104581e-06,7.617969379285953e-07,-1.4859484914867181e-05,1.6694694078542386e-06
t5,correct,0.01,pre,PastSelectedRolling,500,0.0005044275703639282,1.7408558859411248e-06,0.009414620688720917,0.0001705397350859614,0.0004947834081738061,5.296456766193033e-06,0.008848,0.0002554452908025246,0.004588141131860646,0.00024228672406488585,1.6688398316896217e-05,1.7408558859408786e-06,1.6688398316928177e-05,1.7408558859411248e-06,1.1486126635641799e-05,1.7235301552703273e-06,4.9627657687626e-06,1.7120951721089544e-06,0.0,0.0
t5,correct,0.01,pre,Raw,500,0.000487739172047,0.0,0.0099999999999993,0.0,0.0004788654472248625,4.770546619112344e-06,0.009696000000000001,0.0002790320515129814,0.0,0.0,0.0,0.0,0.0,0.0,-5.202271681286381e-06,3.341607649463624e-07,-1.172563254816558e-05,6.687043821633761e-07,-1.6688398316928177e-05,1.7408558859411248e-06
t5,correct,0.01,pre,Rolling1000,500,0.0004930763012479366,3.0904027806475167e-07,0.009775436889058629,0.00013060148270905287,0.0004828100216883066,4.702757653611296e-06,0.009224,0.00025827322376938816,0.0027103515838353856,8.601984885295749e-05,5.3371292009051e-06,3.090402780647454e-07,5.33712920093658e-06,3.0904027806475167e-07,1.3485751965019824e-07,1.9673916991667706e-07,-6.388503347229001e-06,5.734397538484079e-07,-1.1351269115991602e-05,1.7091018866990103e-06
t5,correct,0.01,pre,Rolling125,500,0.0005616336905742407,3.899575244550998e-06,0.008034563717922596,0.00019858872328026357,0.0005533916873984415,7.210624299506524e-06,0.0077280000000000005,0.0002009497290049786,0.012699554598503597,0.00045416766351854876,7.389451852720458e-05,3.899575244550388e-06,7.389451852724058e-05,3.899575244550998e-06,6.869224684595421e-05,3.903487234742446e-06,6.2168885979075e-05,3.877881490811987e-06,5.72061202103124e-05,3.6733701403461565e-06
t5,correct,0.01,pre,Rolling250,500,0.0005197221945036859,1.8136876150333148e-06,0.00802011074165502,0.00019059017232918285,0.0005107491823562295,5.497490101098372e-06,0.007344000000000002,0.00021104598744736954,0.007537948203240942,0.0002621184368265937,3.198302245665388e-05,1.8136876150331069e-06,3.198302245668578e-05,1.8136876150333148e-06,2.6780750775399404e-05,1.810550070971555e-06,2.0257389908520204e-05,1.7066368405196775e-06,1.5294624139757604e-05,1.93897891520083e-06
t5,correct,0.01,pre,Rolling500,500,0.0004994648045951656,6.68704382163376e-07,0.009873709429929179,0.00018709884930523182,0.0004899798842525156,4.7692283705470395e-06,0.009312,0.0002550282156577251,0.004092105713294253,0.0001273718364416782,1.172563254813688e-05,6.687043821632493e-07,1.172563254816558e-05,6.687043821633761e-07,6.523360866879199e-06,6.492520871336535e-07,0.0,0.0,-4.9627657687626e-06,1.7120951721089544e-06
t5,correct,0.01,pre,Static-CP,500,0.0004929414437282864,3.341607649463624e-07,0.00972279380599466,0.00013741204918313503,0.00048198719666501524,4.640326860244223e-06,0.009256,0.0002830922295310164,0.0026909553634429945,9.358416407132454e-05,5.202271681259151e-06,3.3416076494640737e-07,5.202271681286381e-06,3.341607649463624e-07,0.0,0.0,-6.523360866879199e-06,6.492520871336535e-07,-1.1486126635641799e-05,1.7235301552703273e-06
t5,correct,0.01,pre,VolRolling250,500,0.0005197221945036859,1.8136876150333148e-06,0.00802011074165502,0.00019059017232918285,0.0005107491823562295,5.497490101098372e-06,0.007344000000000002,0.00021104598744736954,0.007537948203240942,0.0002621184368265937,3.198302245665388e-05,1.8136876150331069e-06,3.198302245668578e-05,1.8136876150333148e-06,2.6780750775399404e-05,1.810550070971555e-06,2.0257389908520204e-05,1.7066368405196775e-06,1.5294624139757604e-05,1.93897891520083e-06
t5,correct,0.01,pre,VolRolling500,500,0.0004994648045951656,6.68704382163376e-07,0.009873709429929179,0.00018709884930523182,0.0004899798842525156,4.7692283705470395e-06,0.009312,0.0002550282156577251,0.004092105713294253,0.0001273718364416782,1.172563254813688e-05,6.687043821632493e-07,1.172563254816558e-05,6.687043821633761e-07,6.523360866879199e-06,6.492520871336535e-07,0.0,0.0,-4.9627657687626e-06,1.7120951721089544e-06
t5,correct,0.05,acute,DtACI500,500,0.001622231162937124,1.5976115670823073e-06,0.05218658237147169,0.0006737823855112046,0.0016880447799339149,3.3704942179550044e-05,0.055045452828379846,0.0020126489021986944,0.0027583183601959317,6.700122833107127e-05,3.9242344964771403e-05,1.597611567081865e-06,3.9242344964824075e-05,1.5976115670823073e-06,3.5271534220315406e-05,1.5934585040323587e-06,3.0579161143732404e-05,1.4801948987806382e-06,2.8833154330500002e-05,1.5817640609356026e-06
t5,correct,0.05,acute,InitialKupiecGate,500,0.0015843075038189393,4.988043603100015e-07,0.04979881969307552,0.00015104323673923692,0.0016522408128155936,3.2634438608864316e-05,0.0525,0.0022511408819843068,0.0001254391153655428,3.237471526948826e-05,1.3186858466361131e-06,4.988043603096285e-07,1.3186858466392035e-06,4.988043603100015e-07,-2.652124897869466e-06,5.231842080665735e-07,-7.344497974452463e-06,6.585618803465837e-07,-9.090504787684865e-06,8.829909275000742e-07
t5,correct,0.05,acute,PastSelectedRolling,500,0.0015933980086066239,9.901679633060743e-07,0.04927221309447198,0.00044959020818683836,0.0016582658479857727,3.249491007966064e-05,0.0521,0.0021933539621334292,0.0014137969571165314,6.093736846974082e-05,1.0409190634271533e-05,9.901679633058289e-07,1.0409190634324068e-05,9.901679633060743e-07,6.438379889815397e-06,9.94802813996095e-07,1.7460068132324016e-06,9.467131080352546e-07,0.0,0.0
t5,correct,0.05,acute,Raw,500,0.0015829888179723004,1.941422201108567e-20,0.05,0.0,0.0016508727893642155,3.2626881831946713e-05,0.05260000000000001,0.002253138536915355,0.0,0.0,0.0,0.0,0.0,0.0,-3.97081074450867e-06,2.1777647473436407e-07,-8.663183821091666e-06,5.471601659637317e-07,-1.0409190634324068e-05,9.901679633060743e-07
t5,correct,0.05,acute,Rolling1000,500,0.0015873913858943274,2.687728269655716e-07,0.050064879780115826,0.00031714653078166876,0.0016531207532744143,3.264599997135865e-05,0.0525,0.0022107181071086826,0.000982085625521692,3.3412364180136756e-05,4.4025679219751314e-06,2.687728269655317e-07,4.402567922027466e-06,2.687728269655716e-07,4.3175717751879617e-07,2.582525190726304e-07,-4.2606158990642005e-06,4.6043686624891723e-07,-6.006622712296602e-06,9.391920942265121e-07
t5,correct,0.05,acute,Rolling125,500,0.001619050058730447,2.2214452548094536e-06,0.047723539850356204,0.0008101828898645411,0.0016873968649568937,3.2660809128498756e-05,0.0502,0.002170101075377529,0.002907111259628043,0.00010130229343088175,3.6061240758091915e-05,2.2214452548089263e-06,3.606124075814707e-05,2.2214452548094536e-06,3.20904300136384e-05,2.2171445002471837e-06,2.73980569370554e-05,2.1717366335753536e-06,2.5652050123822998e-05,2.083531051177714e-06
t5,correct,0.05,acute,Rolling250,500,0.0016008018950343943,1.027534677384063e-06,0.04862773914316031,0.0005954960769327753,0.0016688010647275381,3.247227372052657e-05,0.0522,0.0022539922275650924,0.0020464491750275095,6.666652434817739e-05,1.7813077062044124e-05,1.0275346773839122e-06,1.7813077062094272e-05,1.027534677384063e-06,1.3842266317585601e-05,1.050884873097458e-06,9.149893241002604e-06,9.100917629498343e-07,7.403886427770203e-06,1.0733110380424672e-06
t5,correct,0.05,acute,Rolling500,500,0.0015916520017933914,5.471601659637317e-07,0.05006666841974189,0.00043467396830078255,0.0016530395822111706,3.283772224814734e-05,0.05330000000000001,0.0022266872866536715,0.0013837645516225677,4.772236941126598e-05,8.663183821039e-06,5.471601659636774e-07,8.663183821091666e-06,5.471601659637317e-07,4.692373076582996e-06,5.662358540610154e-07,0.0,0.0,-1.7460068132324016e-06,9.467131080352546e-07
t5,correct,0.05,acute,Static-CP,500,0.0015869596287168086,2.1777647473436407e-07,0.04958896979081467,0.00030142886211891035,0.0016519775766194345,3.250889122747014e-05,0.0516,0.0022416355323110486,0.0009683556848726926,2.997362804615313e-05,3.9708107444604515e-06,2.1777647473427764e-07,3.97081074450867e-06,2.1777647473436407e-07,0.0,0.0,-4.692373076582996e-06,5.662358540610154e-07,-6.438379889815397e-06,9.94802813996095e-07
t5,correct,0.05,acute,VolRolling250,500,0.0016008018950343943,1.027534677384063e-06,0.04862773914316031,0.0005954960769327753,0.0016688010647275381,3.247227372052657e-05,0.0522,0.0022539922275650924,0.0020464491750275095,6.666652434817739e-05,1.7813077062044124e-05,1.0275346773839122e-06,1.7813077062094272e-05,1.027534677384063e-06,1.3842266317585601e-05,1.050884873097458e-06,9.149893241002604e-06,9.100917629498343e-07,7.403886427770203e-06,1.0733110380424672e-06
t5,correct,0.05,acute,VolRolling500,500,0.0015916520017933914,5.471601659637317e-07,0.05006666841974189,0.00043467396830078255,0.0016530395822111706,3.283772224814734e-05,0.05330000000000001,0.0022266872866536715,0.0013837645516225677,4.772236941126598e-05,8.663183821039e-06,5.471601659636774e-07,8.663183821091666e-06,5.471601659637317e-07,4.692373076582996e-06,5.662358540610154e-07,0.0,0.0,-1.7460068132324016e-06,9.467131080352546e-07
t5,correct,0.05,early,DtACI500,500,0.0016198608680523926,1.2017048660751671e-06,0.0515312214825559,0.0005452272637902228,0.0016151373537418748,1.3759751060720755e-05,0.05136878227147028,0.0007430111425998611,0.002678016679413304,5.597692881525132e-05,3.6872050080042044e-05,1.201704866074853e-06,3.6872050080092656e-05,1.2017048660751671e-06,3.29012393355838e-05,1.2121152317074907e-06,2.80212790848016e-05,1.0198852463337003e-06,2.68119294052592e-05,1.0840704235617255e-06
t5,correct,0.05,early,InitialKupiecGate,500,0.001583933341338124,3.5422435332558355e-07,0.049812250615333786,0.00012081606470843004,0.0015790271046382167,1.35410839149034e-05,0.049657142857142816,0.0009617067973190437,0.000107676501759047,2.5727140430458663e-05,9.44523365820825e-07,3.5422435332524156e-07,9.445233658238036e-07,3.5422435332558355e-07,-3.026287378685066e-06,3.9943065090694597e-07,-7.906247629467262e-06,6.011301798624616e-07,-9.115597309009662e-06,8.687217396826831e-07
t5,correct,0.05,early,PastSelectedRolling,500,0.0015930489386471334,9.195889068966831e-07,0.04916799894906299,0.00041775079142534176,0.0015873617213825759,1.3553008399489406e-05,0.04906666666666663,0.0009449943534094154,0.0013601830520698903,5.791727815274447e-05,1.0060120674784064e-05,9.195889068964602e-07,1.0060120674833465e-05,9.195889068966831e-07,6.089309930324596e-06,9.281801386862467e-07,1.2093496795424017e-06,8.499278324261516e-07,0.0,0.0
t5,correct,0.05,early,Raw,500,0.0015829888179723004,1.941422201108567e-20,0.05,0.0,0.0015782349746485116,1.3550501879206482e-05,0.049828571428571396,0.0009565873326566712,0.0,0.0,0.0,0.0,0.0,0.0,-3.97081074450887e-06,2.1777647473437053e-07,-8.850770995291063e-06,5.028047706960634e-07,-1.0060120674833465e-05,9.195889068966831e-07
t5,correct,0.05,early,Rolling1000,500,0.0015872479034143897,2.7351923646016284e-07,0.05000262647210877,0.0003058517196073411,0.0015837223571420287,1.3502901318253768e-05,0.049790476190476156,0.0009729635776858465,0.0009518353703541928,3.2321056728579134e-05,4.2590854420395725e-06,2.735192364601606e-07,4.259085442089666e-06,2.7351923646016284e-07,2.882746975807959e-07,2.7835400500884157e-07,-4.591685553201398e-06,4.097121532235857e-07,-5.801035232743801e-06,8.725048129459003e-07
t5,correct,0.05,early,Rolling125,500,0.0016194764798880261,1.7490858716776065e-06,0.047139772324342466,0.0006590080840292458,0.0016137665398723898,1.3847050094517693e-05,0.0468380952380952,0.0008226650431576281,0.0029461269514680284,8.339794768942038e-05,3.648766191567427e-05,1.7490858716771361e-06,3.648766191572626e-05,1.7490858716776067e-06,3.251685117121739e-05,1.7420208147650447e-06,2.7636890920435195e-05,1.6380204431284815e-06,2.642754124089279e-05,1.575744014414835e-06
t5,correct,0.05,early,Rolling250,500,0.0016002388691611186,9.710811533917735e-07,0.04788098823264508,0.0005270893363921422,0.0015969581694513213,1.3435098320255376e-05,0.047790476190476154,0.0009209111186013421,0.001987992765793672,6.076907645257681e-05,1.725005118876674e-05,9.710811533916122e-07,1.7250051188818672e-05,9.710811533917735e-07,1.3279240444309802e-05,9.885800557358615e-07,8.399280193527607e-06,7.789606014252671e-07,7.189930513985206e-06,8.790194547461626e-07
t5,correct,0.05,early,Rolling500,500,0.001591839588967591,5.028047706960634e-07,0.050252410545364126,0.00042689695298705164,0.0015873528459811586,1.3576517358669757e-05,0.05017142857142853,0.0009620820922373139,0.0014144701655445355,4.2901163482320056e-05,8.85077099523895e-06,5.02804770696148e-07,8.850770995291063e-06,5.028047706960634e-07,4.8799602507821946e-06,5.293165159368706e-07,0.0,0.0,-1.2093496795424017e-06,8.499278324261516e-07
t5,correct,0.05,early,Static-CP,500,0.0015869596287168088,2.177764747343705e-07,0.04958896979081467,0.00030142886211891035,0.0015831761678089572,1.3477268524095937e-05,0.04921904761904758,0.0010005725007250434,0.0009683556848726929,2.997362804615314e-05,3.9708107444604515e-06,2.1777647473427764e-07,3.97081074450887e-06,2.1777647473437053e-07,0.0,0.0,-4.8799602507821946e-06,5.293165159368706e-07,-6.089309930324596e-06,9.281801386862467e-07
t5,correct,0.05,early,VolRolling250,500,0.0016002388691611186,9.710811533917735e-07,0.04788098823264508,0.0005270893363921422,0.0015969581694513213,1.3435098320255376e-05,0.047790476190476154,0.0009209111186013421,0.001987992765793672,6.076907645257681e-05,1.725005118876674e-05,9.710811533916122e-07,1.7250051188818672e-05,9.710811533917735e-07,1.3279240444309802e-05,9.885800557358615e-07,8.399280193527607e-06,7.789606014252671e-07,7.189930513985206e-06,8.790194547461626e-07
t5,correct,0.05,early,VolRolling500,500,0.001591839588967591,5.028047706960634e-07,0.050252410545364126,0.00042689695298705164,0.0015873528459811586,1.3576517358669757e-05,0.05017142857142853,0.0009620820922373139,0.0014144701655445355,4.2901163482320056e-05,8.85077099523895e-06,5.02804770696148e-07,8.850770995291063e-06,5.028047706960634e-07,4.8799602507821946e-06,5.293165159368706e-07,0.0,0.0,-1.2093496795424017e-06,8.499278324261516e-07
t5,correct,0.05,late,DtACI500,500,0.0016166114380163292,7.426566247084316e-07,0.05075708797702619,0.0003992690379149937,0.0016178938717397791,6.126279881083185e-06,0.05123487863373893,0.00024233690196801658,0.002555698669640346,3.727217047396135e-05,3.362262004397975e-05,7.42656624708208e-07,3.36226200439293e-05,7.426566247084313e-07,2.9651809299520395e-05,7.692182927935355e-07,2.544549013998681e-05,5.933326080711264e-07,2.2963459534213796e-05,7.666010025753908e-07
t5,correct,0.05,late,InitialKupiecGate,500,0.0015842498848168075,3.895035942270029e-07,0.04974154602712513,9.187473792877982e-05,0.0015850105428972154,5.976674207392529e-06,0.05032800000000001,0.00042778362481436647,0.000117317069348316,2.68680825558739e-05,1.2610668444108346e-06,3.895035942272038e-07,1.2610668444080053e-06,3.8950359422700303e-07,-2.7097439000009013e-06,4.4067924560870537e-07,-6.916063059534487e-06,4.952119091014873e-07,-9.398093665307497e-06,6.204768746916263e-07
t5,correct,0.05,late,PastSelectedRolling,500,0.0015936479784821153,6.994305552765224e-07,0.04991562914497146,0.00032995278206314656,0.0015948114285498972,6.037860443325373e-06,0.05050400000000001,0.0003825082916570211,0.0014194177700890293,4.4011957902416414e-05,1.0659160509763728e-05,6.994305552763874e-07,1.0659160509715502e-05,6.994305552765225e-07,6.688349765306594e-06,7.278657027635433e-07,2.4820306057730087e-06,6.712018087888036e-07,0.0,0.0
t5,correct,0.05,late,Raw,500,0.0015829888179724,0.0,0.05,0.0,0.0015836212590805687,5.960868959732251e-06,0.05057600000000001,0.00042987676847224985,0.0,0.0,0.0,0.0,0.0,0.0,-3.970810744408906e-06,2.1777647473437053e-07,-8.177129903942492e-06,3.3984317830008757e-07,-1.0659160509715502e-05,6.994305552765225e-07
t5,correct,0.05,late,Rolling1000,500,0.0015872753518576337,2.2547990197584365e-07,0.05054363406070737,0.000287290438356895,0.0015877554516793829,5.963353378923931e-06,0.05106800000000001,0.00040790627238877834,0.0009688812075952457,2.7167452678861937e-05,4.286533885282386e-06,2.2547990197579796e-07,4.286533885233899e-06,2.2547990197584365e-07,3.1572314082499313e-07,3.0317130276883793e-07,-3.8905960187085924e-06,2.75446741395591e-07,-6.3726266244816015e-06,6.771198639687464e-07
t5,correct,0.05,late,Rolling125,500,0.0016196188669547853,9.33522287341287e-07,0.047212248099150686,0.0003707329271022232,0.0016207587335675584,6.193337849982808e-06,0.04745200000000001,0.00023611627175519934,0.002959307570350161,4.369895268808338e-05,3.663004898243441e-05,9.335222873411676e-07,3.66300489823855e-05,9.33522287341287e-07,3.2659238237976595e-05,9.583285903374515e-07,2.8452919078443008e-05,8.723115619015041e-07,2.5970888472670002e-05,8.884144266824442e-07
t5,correct,0.05,late,Rolling250,500,0.0016007506000596478,5.896928833809882e-07,0.04760722515319968,0.00036727767826315864,0.001601927314731459,5.994901709972522e-06,0.04809600000000001,0.00027771896522797035,0.002033008088748675,3.794016029255762e-05,1.7761782087295592e-05,5.896928833810016e-07,1.77617820872481e-05,5.896928833809882e-07,1.3790971342839197e-05,6.193789404336851e-07,9.584652183305611e-06,4.6712937660972146e-07,7.102621577532603e-06,6.703400560355529e-07
t5,correct,0.05,late,Rolling500,500,0.0015911659478763424,3.3984317830008757e-07,0.05024528729470171,0.00034417636583060384,0.0015925286735422148,5.962315744550857e-06,0.05095200000000001,0.0003760081864968171,0.0013523192988988005,3.0176970974875576e-05,8.177129903994225e-06,3.398431783001296e-07,8.177129903942492e-06,3.3984317830008757e-07,4.206319159533586e-06,4.009731395574218e-07,0.0,0.0,-2.4820306057730087e-06,6.712018087888036e-07
t5,correct,0.05,late,Static-CP,500,0.0015869596287168088,2.177764747343705e-07,0.04958896979081467,0.00030142886211891035,0.001586689520050768,5.9437406138756425e-06,0.04999200000000001,0.0005129503954735125,0.0009683556848726929,2.997362804615314e-05,3.9708107444604515e-06,2.1777647473427764e-07,3.970810744408906e-06,2.1777647473437053e-07,0.0,0.0,-4.206319159533586e-06,4.009731395574218e-07,-6.688349765306594e-06,7.278657027635433e-07
t5,correct,0.05,late,VolRolling250,500,0.0016007506000596478,5.896928833809882e-07,0.04760722515319968,0.00036727767826315864,0.001601927314731459,5.994901709972522e-06,0.04809600000000001,0.00027771896522797035,0.002033008088748675,3.794016029255762e-05,1.7761782087295592e-05,5.896928833810016e-07,1.77617820872481e-05,5.896928833809882e-07,1.3790971342839197e-05,6.193789404336851e-07,9.584652183305611e-06,4.6712937660972146e-07,7.102621577532603e-06,6.703400560355529e-07
t5,correct,0.05,late,VolRolling500,500,0.0015911659478763424,3.3984317830008757e-07,0.05024528729470171,0.00034417636583060384,0.0015925286735422148,5.962315744550857e-06,0.05095200000000001,0.0003760081864968171,0.0013523192988988005,3.0176970974875576e-05,8.177129903994225e-06,3.398431783001296e-07,8.177129903942492e-06,3.3984317830008757e-07,4.206319159533586e-06,4.009731395574218e-07,0.0,0.0,-2.4820306057730087e-06,6.712018087888036e-07
t5,correct,0.05,middle,DtACI500,500,0.0016190327522377533,8.250056980841543e-07,0.052300237684812866,0.0004661726796247237,0.0016142884759078409,7.359265745687548e-06,0.051013157968312905,0.00031146310779799877,0.002651497778986557,4.151799866388074e-05,3.604393426540379e-05,8.250056980840092e-07,3.6043934265453467e-05,8.250056980841543e-07,3.207312352094459e-05,8.297019500646225e-07,2.7239754944343803e-05,6.241516188463462e-07,2.61073733019186e-05,8.288426435754131e-07
t5,correct,0.05,middle,InitialKupiecGate,500,0.0015840484134531725,2.987923483954618e-07,0.04984269257136316,9.191331390911585e-05,0.0015818755964177363,7.086813646782022e-06,0.048357333333333315,0.0004986454187279251,0.00010883760452772,2.3925707935773577e-05,1.0595954808690568e-06,2.9879234839519983e-07,1.0595954808720036e-06,2.987923483954618e-07,-2.911215263636866e-06,3.551969832828969e-07,-7.74458384023766e-06,5.083141080309419e-07,-8.876965482662864e-06,5.865450473732352e-07
t5,correct,0.05,middle,PastSelectedRolling,500,0.0015929253789358348,6.289774171487009e-07,0.04974985603600658,0.00034764963681503344,0.001589669056675238,7.151584138088024e-06,0.0483573333333333,0.00044455557906893735,0.001369970611160447,4.3909813889886146e-05,9.936560963484141e-06,6.289774171486685e-07,9.936560963534866e-06,6.289774171487009e-07,5.965750219025997e-06,6.397898688553725e-07,1.1323816424252034e-06,5.930541732496988e-07,0.0,0.0
t5,correct,0.05,middle,Raw,500,0.0015829888179723004,1.941422201108567e-20,0.05,0.0,0.001580760726466458,7.042782953086935e-06,0.04845866666666664,0.0004969617384613676,0.0,0.0,0.0,0.0,0.0,0.0,-3.97081074450887e-06,2.1777647473437053e-07,-8.804179321109664e-06,4.27048563091296e-07,-9.936560963534866e-06,6.289774171487009e-07
t5,correct,0.05,middle,Rolling1000,500,0.001587381914506452,2.7010828612914775e-07,0.05030427961905566,0.00029469217799716105,0.0015848215071426173,7.038774838758221e-06,0.04866666666666664,0.000494101480006982,0.0009731026393049292,2.953575018209525e-05,4.39309653410094e-06,2.701082861290519e-07,4.3930965341520685e-06,2.7010828612914775e-07,4.222857896431986e-07,3.0631053488383205e-07,-4.4110827869575945e-06,3.2399961153533844e-07,-5.543464429382798e-06,5.810421405954958e-07
t5,correct,0.05,middle,Rolling125,500,0.0016204414275357462,1.124033249861923e-06,0.048888808305132814,0.00044840907678392485,0.0016161370652565106,7.4784096591087995e-06,0.047765333333333305,0.0003040762130673385,0.0029687384943141355,5.1851292309911494e-05,3.745260956339484e-05,1.1240332498617014e-06,3.7452609563446275e-05,1.124033249861923e-06,3.3481798818937396e-05,1.1238967971102573e-06,2.86484302423366e-05,1.0168754631320607e-06,2.75160485999114e-05,1.0656582092220748e-06
t5,correct,0.05,middle,Rolling250,500,0.0016011774012021417,7.174115835456837e-07,0.04899859729375315,0.0004405485459489309,0.0015978903152309332,7.212654546263037e-06,0.04773333333333331,0.0003633830011463875,0.0020406167901510994,4.490052409756953e-05,1.8188583229791332e-05,7.174115835456601e-07,1.8188583229841863e-05,7.174115835456838e-07,1.4217772485332992e-05,7.316660985187905e-07,9.3844039087322e-06,5.094392982102303e-07,8.252022266306996e-06,7.050983256612264e-07
t5,correct,0.05,middle,Rolling500,500,0.0015917929972934096,4.27048563091296e-07,0.05077399482659871,0.00038886853527327753,0.0015881930639419742,7.109971764594428e-06,0.049311999999999974,0.0004567287827898787,0.0014088015870741474,3.5911489737871224e-05,8.804179321059262e-06,4.2704856309123146e-07,8.804179321109664e-06,4.27048563091296e-07,4.833368576600793e-06,4.6256099828614033e-07,0.0,0.0,-1.1323816424252034e-06,5.930541732496988e-07
t5,correct,0.05,middle,Static-CP,500,0.0015869596287168088,2.177764747343705e-07,0.04958896979081467,0.0003014288621189102,0.0015848746827070866,7.034141874098908e-06,0.048069333333333304,0.0005732220798988337,0.0009683556848726929,2.997362804615314e-05,3.9708107444604515e-06,2.1777647473427764e-07,3.97081074450887e-06,2.1777647473437053e-07,0.0,0.0,-4.833368576600793e-06,4.6256099828614033e-07,-5.965750219025997e-06,6.397898688553725e-07
t5,correct,0.05,middle,VolRolling250,500,0.0016011774012021417,7.174115835456837e-07,0.04899859729375315,0.0004405485459489309,0.0015978903152309332,7.212654546263037e-06,0.04773333333333331,0.0003633830011463875,0.0020406167901510994,4.490052409756953e-05,1.8188583229791332e-05,7.174115835456601e-07,1.8188583229841863e-05,7.174115835456838e-07,1.4217772485332992e-05,7.316660985187905e-07,9.3844039087322e-06,5.094392982102303e-07,8.252022266306996e-06,7.050983256612264e-07
t5,correct,0.05,middle,VolRolling500,500,0.0015917929972934096,4.27048563091296e-07,0.05077399482659871,0.00038886853527327753,0.0015881930639419742,7.109971764594428e-06,0.049311999999999974,0.0004567287827898787,0.0014088015870741474,3.5911489737871224e-05,8.804179321059262e-06,4.2704856309123146e-07,8.804179321109664e-06,4.27048563091296e-07,4.833368576600793e-06,4.6256099828614033e-07,0.0,0.0,-1.1323816424252034e-06,5.930541732496988e-07
t5,correct,0.05,post,DtACI500,500,0.0016179730155015681,5.856062941755064e-07,0.05144564302341572,0.00030999132301802316,0.001617655432076905,4.550683263354873e-06,0.05124200475005878,0.00011792191201918389,0.0026085191204824484,2.9344133855030554e-05,3.4984197529216734e-05,5.856062941755689e-07,3.4984197529268064e-05,5.856062941755064e-07,3.101338678475899e-05,6.068782848317934e-07,2.6491470700904006e-05,4.313371942864015e-07,2.4663910429491197e-05,6.35713712193566e-07
t5,correct,0.05,post,InitialKupiecGate,500,0.0015841422483701781,2.980969019103181e-07,0.049788045436295315,6.317172716605526e-05,0.0015845512823485825,4.390993049189639e-06,0.04956200000000001,0.0003066992678207164,0.00011328745136406421,2.384204779708343e-05,1.153430397875342e-06,2.980969019099593e-07,1.153430397878003e-06,2.980969019103181e-07,-2.8173803466310666e-06,3.5778905977399367e-07,-7.339296430486059e-06,3.9748451893696134e-07,-9.166856701898861e-06,5.403481492345589e-07
t5,correct,0.05,post,PastSelectedRolling,500,0.001593309105072077,5.817729836080295e-07,0.04976209473752927,0.0002712974568919481,0.001593369908233048,4.4642898172074515e-06,0.049580000000000006,0.00022103600120264416,0.0013945430238393496,3.852377716148894e-05,1.032028709972641e-05,5.817729836079645e-07,1.0320287099776866e-05,5.817729836080295e-07,6.349476355267794e-06,6.047708336858626e-07,1.8275602714128026e-06,5.422284607075826e-07,0.0,0.0
t5,correct,0.05,post,Raw,500,0.0015829888179723004,1.941422201108567e-20,0.05,0.0,0.0015833280300905832,4.354523445241995e-06,0.049744000000000003,0.00030909546747895226,0.0,0.0,0.0,0.0,0.0,0.0,-3.9708107445090695e-06,2.1777647473438217e-07,-8.49272682836406e-06,2.8069877093422515e-07,-1.0320287099776866e-05,5.817729836080295e-07
t5,correct,0.05,post,Rolling1000,500,0.0015873147514451338,2.094903781097966e-07,0.050387495262673304,0.0002568633388987769,0.0015875390535835755,4.365574694048234e-06,0.050062,0.0002486764805605225,0.0009689385199345922,2.355791486742488e-05,4.325933472782703e-06,2.09490378109761e-07,4.325933472833866e-06,2.0949037810979662e-07,3.551227283247957e-07,2.691034854320561e-07,-4.166793355530195e-06,1.8247480821895824e-07,-5.994353626942998e-06,5.490903646651997e-07
t5,correct,0.05,post,Rolling125,500,0.0016199010003661494,7.068575372769855e-07,0.04784357405506324,0.0002756420828158409,0.0016196241902407104,4.614589822318673e-06,0.047560000000000005,0.00015195717147909753,0.0029604162756395875,3.295388802187408e-05,3.6912182393799244e-05,7.068575372769367e-07,3.691218239384947e-05,7.068575372769855e-07,3.2941371649340394e-05,7.211281912254264e-07,2.8419455565485397e-05,6.190417330608536e-07,2.6591895294072595e-05,7.148423233191066e-07
t5,correct,0.05,post,Rolling250,500,0.0016008579446432317,4.5389148678495e-07,0.04817814510904821,0.0002792969581246678,0.001601229154664269,4.478412955576866e-06,0.048010000000000004,0.00016233454656979225,0.002031403564589885,2.895851136601217e-05,1.7869126670881122e-05,4.538914867848987e-07,1.786912667093167e-05,4.5389148678495e-07,1.3898315926422599e-05,4.860874544199718e-07,9.376399842567606e-06,3.068071213351252e-07,7.548839571154804e-06,5.469531655258811e-07
t5,correct,0.05,post,Rolling500,500,0.001591481544800664,2.8069877093422515e-07,0.05044072818298344,0.0002840520358637806,0.0015915695762215925,4.396790505755964e-06,0.050302000000000006,0.00019493997843023572,0.0013806549030168337,2.4177123532325705e-05,8.492726828315207e-06,2.806987709342547e-07,8.49272682836406e-06,2.8069877093422515e-07,4.5219160838549915e-06,3.4143789826003156e-07,0.0,0.0,-1.8275602714128026e-06,5.422284607075826e-07
t5,correct,0.05,post,Static-CP,500,0.001586959628716809,2.1777647473438217e-07,0.04958896979081467,0.00030142886211891024,0.0015869458151928733,4.3488010142301035e-06,0.04922200000000001,0.0004222582575535312,0.0009683556848726929,2.997362804615314e-05,3.9708107444604515e-06,2.1777647473427764e-07,3.9708107445090695e-06,2.1777647473438217e-07,0.0,0.0,-4.5219160838549915e-06,3.4143789826003156e-07,-6.349476355267794e-06,6.047708336858626e-07
t5,correct,0.05,post,VolRolling250,500,0.0016008579446432317,4.5389148678495e-07,0.04817814510904821,0.0002792969581246678,0.001601229154664269,4.478412955576866e-06,0.048010000000000004,0.00016233454656979225,0.002031403564589885,2.895851136601217e-05,1.7869126670881122e-05,4.538914867848987e-07,1.786912667093167e-05,4.5389148678495e-07,1.3898315926422599e-05,4.860874544199718e-07,9.376399842567606e-06,3.068071213351252e-07,7.548839571154804e-06,5.469531655258811e-07
t5,correct,0.05,post,VolRolling500,500,0.001591481544800664,2.8069877093422515e-07,0.05044072818298344,0.0002840520358637806,0.0015915695762215925,4.396790505755964e-06,0.050302000000000006,0.00019493997843023572,0.0013806549030168337,2.4177123532325705e-05,8.492726828315207e-06,2.806987709342547e-07,8.49272682836406e-06,2.8069877093422515e-07,4.5219160838549915e-06,3.4143789826003156e-07,0.0,0.0,-1.8275602714128026e-06,5.422284607075826e-07
t5,correct,0.05,pre,DtACI500,500,0.0016221242889163884,9.739979746957615e-07,0.051833597411735995,0.0004709878439834821,0.0016077321053156104,8.592481919089455e-06,0.051099176548389955,0.000399230007957177,0.002725257716838692,4.566492829788515e-05,3.913547094403709e-05,9.739979746955195e-07,3.91354709439887e-05,9.739979746957615e-07,3.5164660199579797e-05,9.826918989654047e-07,3.06645029339026e-05,7.947877586493638e-07,2.6965462342084e-05,9.968707448567824e-07
t5,correct,0.05,pre,InitialKupiecGate,500,0.0015847485148099798,4.1495632308572906e-07,0.04981872282424936,0.0001483212875711239,0.0015695203953627398,8.228537909523827e-06,0.04856,0.0006243271327897538,0.00015616978993348083,3.256524370138173e-05,1.7596968375826152e-06,4.149563230861193e-07,1.759696837580005e-06,4.1495632308572906e-07,-2.211113906828901e-06,4.521276225901977e-07,-6.711271172506099e-06,4.6890605427992926e-07,-1.0410311764324699e-05,8.643761400209193e-07
t5,correct,0.05,pre,PastSelectedRolling,500,0.0015951588265743046,9.197347688947561e-07,0.049321325349247505,0.00040829273298348406,0.0015786363641396252,8.330150754121275e-06,0.04818400000000001,0.0005856229131384679,0.0015005811775216649,5.5507782775937055e-05,1.2170008601951739e-05,9.197347688946506e-07,1.2170008601904703e-05,9.197347688947563e-07,8.199197857495796e-06,9.055077193673054e-07,3.6990405918185994e-06,8.062446064750352e-07,0.0,0.0
t5,correct,0.05,pre,Raw,500,0.0015829888179724,0.0,0.05,0.0,0.0015682374398590644,8.258470266819795e-06,0.048720000000000006,0.0006204943403874895,0.0,0.0,0.0,0.0,0.0,0.0,-3.970810744408906e-06,2.1777647473437053e-07,-8.470968010086104e-06,4.516977785129392e-07,-1.2170008601904703e-05,9.197347688947563e-07
t5,correct,0.05,pre,Rolling1000,500,0.0015870751977572904,2.0715509042420663e-07,0.049939205494058746,0.0002923971307236307,0.0015715760365165247,8.234332684656072e-06,0.04854400000000001,0.000582923431897286,0.0009642497535526,2.7398733601967887e-05,4.086379784940141e-06,2.071550904241918e-07,4.0863797848905026e-06,2.0715509042420663e-07,1.155690404815962e-07,1.4297353368356802e-07,-4.384588225195601e-06,3.956597891316107e-07,-8.083628817014201e-06,8.777502524932924e-07
t5,correct,0.05,pre,Rolling125,500,0.0016183716379919721,1.178262804586683e-06,0.04807071892783172,0.0005259148976205556,0.0016042684560089926,8.642511840790275e-06,0.04718400000000001,0.00040810953773414696,0.002900185344668912,5.810036935310004e-05,3.538282001962156e-05,1.1782628045864686e-06,3.5382820019572306e-05,1.1782628045866832e-06,3.14120092751634e-05,1.1818722094461813e-06,2.6911852009486197e-05,1.0693994237409605e-06,2.32128114176676e-05,1.0127164584743614e-06
t5,correct,0.05,pre,Rolling250,500,0.0016008469625324224,7.697431916982893e-07,0.04807578317585923,0.00048418463692730335,0.0015863448592423877,8.29941764853766e-06,0.047192000000000005,0.0005084045853893232,0.002039897377403384,4.982705850556469e-05,1.785814456007344e-05,7.697431916982322e-07,1.7858144560022496e-05,7.697431916982893e-07,1.3887333815613589e-05,7.757305342716249e-07,9.387176549936392e-06,5.807358857165497e-07,5.688135958117793e-06,7.511354113976607e-07
t5,correct,0.05,pre,Rolling500,500,0.001591459785982486,4.5169777851293916e-07,0.04973496834093544,0.0003905753567202597,0.0015765142683955436,8.240745136700562e-06,0.04872800000000001,0.0005782670815767317,0.0013631978603209115,3.939650066134477e-05,8.470968010134122e-06,4.516977785130196e-07,8.470968010086104e-06,4.516977785129392e-07,4.500157265677199e-06,4.4718671491321736e-07,0.0,0.0,-3.6990405918185994e-06,8.062446064750352e-07
t5,correct,0.05,pre,Static-CP,500,0.0015869596287168088,2.177764747343705e-07,0.049588969790814674,0.00030142886211891024,0.0015710942914515904,8.224554655846235e-06,0.048088000000000006,0.000662527280037273,0.0009683556848726931,2.997362804615316e-05,3.9708107444604515e-06,2.1777647473427764e-07,3.970810744408906e-06,2.1777647473437053e-07,0.0,0.0,-4.500157265677199e-06,4.4718671491321736e-07,-8.199197857495796e-06,9.055077193673054e-07
t5,correct,0.05,pre,VolRolling250,500,0.0016008469625324224,7.697431916982893e-07,0.04807578317585923,0.00048418463692730335,0.0015863448592423877,8.29941764853766e-06,0.047192000000000005,0.0005084045853893232,0.002039897377403384,4.982705850556469e-05,1.785814456007344e-05,7.697431916982322e-07,1.7858144560022496e-05,7.697431916982893e-07,1.3887333815613589e-05,7.757305342716249e-07,9.387176549936392e-06,5.807358857165497e-07,5.688135958117793e-06,7.511354113976607e-07
t5,correct,0.05,pre,VolRolling500,500,0.001591459785982486,4.5169777851293916e-07,0.04973496834093544,0.0003905753567202597,0.0015765142683955436,8.240745136700562e-06,0.04872800000000001,0.0005782670815767317,0.0013631978603209115,3.939650066134477e-05,8.470968010134122e-06,4.516977785130196e-07,8.470968010086104e-06,4.516977785129392e-07,4.500157265677199e-06,4.4718671491321736e-07,0.0,0.0,-3.6990405918185994e-06,8.062446064750352e-07
t5,disappears,0.01,acute,DtACI500,500,0.0005165311109320462,1.275318070002546e-06,0.006817982434582462,0.00013776192808512597,0.0005382008923341823,1.7044365848436162e-05,0.008598852469875315,0.0007893301256546567,0.007397791280956835,0.00021528879881132208,2.879193888501658e-05,1.2753180700022753e-06,2.8791938885046185e-05,1.275318070002546e-06,2.6490870048498015e-06,1.403834119345076e-06,-1.4039010953167965e-06,8.684698544665742e-07,-7.329121220015396e-06,1.9921853272852036e-06
t5,disappears,0.01,acute,InitialKupiecGate,500,0.0004998422820414599,1.2839230656115402e-06,0.008374688581935958,0.0001227814934053946,0.0005257398282109218,1.8571626581858876e-05,0.01,0.0009601269121187831,0.002958986965259618,0.0002498665605868943,1.2103109994449742e-05,1.2839230656108844e-06,1.2103109994459796e-05,1.2839230656115402e-06,-1.4039741885736587e-05,1.3124978313779093e-06,-1.8092729985903182e-05,1.3090449875729724e-06,-2.4017950110601784e-05,1.93155198487289e-06
t5,disappears,0.01,acute,PastSelectedRolling,500,0.0005238602321520616,2.052864765401802e-06,0.004891586373771643,9.32446802015086e-05,0.0005403096019227515,1.576705408038291e-05,0.0061,0.0007725111954490941,0.009128045835165483,0.0002852338599610958,3.612106010503041e-05,2.052864765401489e-06,3.6121060105061575e-05,2.052864765401802e-06,9.978208224865198e-06,2.0407725835643143e-06,5.925220124698599e-06,1.928183333761761e-06,0.0,0.0
t5,disappears,0.01,acute,Raw,500,0.000487739172047,0.0,0.0099999999999993,0.0,0.0005225663467671373,2.0159838206319777e-05,0.0128,0.0010838216360072143,0.0,0.0,0.0,0.0,0.0,0.0,-2.6142851880196384e-05,7.990100241930711e-07,-3.019583998036298e-05,1.1649780770292602e-06,-3.6121060105061575e-05,2.052864765401802e-06
t5,disappears,0.01,acute,Rolling1000,500,0.0005130481550289512,8.306003740251155e-07,0.005074691914296992,6.70840568145013e-05,0.0005278319865029863,1.539408138307945e-05,0.0065,0.0007916776534764815,0.007732569035466027,0.00015353078363331528,2.530898298192202e-05,8.306003740250387e-07,2.530898298195118e-05,8.306003740251156e-07,-8.338688982452031e-07,6.05503968582023e-07,-4.886856998411801e-06,8.947076328615464e-07,-1.0812077123110401e-05,1.9007646534979091e-06
t5,disappears,0.01,acute,Rolling125,500,0.0005792200557794784,5.441983966049532e-06,0.004232543970612762,0.00015387773968021575,0.0005967066756202725,1.6249399792159986e-05,0.006000000000000001,0.0007675795442255004,0.015909681030198967,0.0006465371290925398,9.148088373243059e-05,5.441983966048839e-06,9.148088373247836e-05,5.441983966049532e-06,6.5338031852282e-05,5.4717952893608615e-06,6.12850437521154e-05,5.182968391571683e-06,5.53598236274168e-05,5.20461009377174e-06
t5,disappears,0.01,acute,Rolling250,500,0.0005459618789983922,2.805356658280124e-06,0.004342399364428005,0.00012388166842227234,0.0005581544992533783,1.4994699725006565e-05,0.005600000000000001,0.0007472595222459023,0.012103386806524771,0.0003844029600412043,5.8222706951353244e-05,2.805356658279442e-06,5.822270695139219e-05,2.805356658280124e-06,3.20798550711958e-05,2.8726634403680904e-06,2.80268669710292e-05,2.3567857446739875e-06,2.21016468463306e-05,2.6822873263535135e-06
t5,disappears,0.01,acute,Rolling500,500,0.000517935012027363,1.1649780770292602e-06,0.005096580307683298,9.55857577734435e-05,0.0005327768801353125,1.582004158994926e-05,0.0064,0.0007741308397901663,0.008313950295561914,0.00020625198978365406,3.0195839980333873e-05,1.1649780770290651e-06,3.019583998036298e-05,1.1649780770292602e-06,4.052988100166598e-06,1.1423217055608922e-06,0.0,0.0,-5.925220124698599e-06,1.928183333761761e-06
t5,disappears,0.01,acute,Static-CP,500,0.0005138820239271964,7.990100241930711e-07,0.004960414353652188,6.371049679762971e-05,0.0005317340886818742,1.539324061598027e-05,0.006200000000000001,0.0007773857840960492,0.007935560439824215,0.0001474586470534381,2.6142851880167808e-05,7.99010024192995e-07,2.6142851880196384e-05,7.990100241930711e-07,0.0,0.0,-4.052988100166598e-06,1.1423217055608922e-06,-9.978208224865198e-06,2.0407725835643143e-06
t5,disappears,0.01,acute,VolRolling250,500,0.0005459618789983922,2.805356658280124e-06,0.004342399364428005,0.00012388166842227234,0.0005581544992533783,1.4994699725006565e-05,0.005600000000000001,0.0007472595222459023,0.012103386806524771,0.0003844029600412043,5.8222706951353244e-05,2.805356658279442e-06,5.822270695139219e-05,2.805356658280124e-06,3.20798550711958e-05,2.8726634403680904e-06,2.80268669710292e-05,2.3567857446739875e-06,2.21016468463306e-05,2.6822873263535135e-06
t5,disappears,0.01,acute,VolRolling500,500,0.000517935012027363,1.1649780770292602e-06,0.005096580307683298,9.55857577734435e-05,0.0005327768801353125,1.582004158994926e-05,0.0064,0.0007741308397901663,0.008313950295561914,0.00020625198978365406,3.0195839980333873e-05,1.1649780770290651e-06,3.019583998036298e-05,1.1649780770292602e-06,4.052988100166598e-06,1.1423217055608922e-06,0.0,0.0,-5.925220124698599e-06,1.928183333761761e-06
t5,disappears,0.01,early,DtACI500,500,0.0005133204159122981,1.0570807464715952e-06,0.008279366902988741,0.00015361705154646194,0.0005103944544321291,7.61601785124353e-06,0.008017418562258733,0.0002982340080412349,0.006539674392128437,0.00018041739578904703,2.5581243865268604e-05,1.0570807464715166e-06,2.5581243865298182e-05,1.0570807464715954e-06,-5.616080148982009e-07,1.2414915785474468e-06,-8.633371052347995e-07,6.951638814602509e-07,-5.707826409687001e-06,1.3490009939646996e-06
t5,disappears,0.01,early,InitialKupiecGate,500,0.000498490681631712,1.1380668574302615e-06,0.008512301877492618,0.00011684889054741727,0.0004949159232419058,7.826380599523032e-06,0.008133333333333315,0.00041874821218697045,0.002713094051949388,0.00022880677515798271,1.0751509584703836e-05,1.1380668574296752e-06,1.0751509584711993e-05,1.1380668574302615e-06,-1.5391342295484385e-05,1.2083671378158207e-06,-1.569307138582098e-05,1.2014698683389627e-06,-2.053756069027319e-05,1.413165262173607e-06
t5,disappears,0.01,early,PastSelectedRolling,500,0.0005190282423219852,1.551522829184817e-06,0.005324879973093633,9.838386684317005e-05,0.000517249294270948,6.844208663657036e-06,0.00516190476190475,0.0003027452602521872,0.008287270861494106,0.00023593849943700989,3.128907027495488e-05,1.5515228291844425e-06,3.1289070274985184e-05,1.551522829184817e-06,5.1462183947888e-06,1.5581177320224986e-06,4.844489304452201e-06,1.3345327133963899e-06,0.0,0.0
t5,disappears,0.01,early,Raw,500,0.000487739172047,0.0,0.0099999999999993,0.0,0.0004839439898343656,8.102448260787155e-06,0.009809523809523789,0.0004465638214819667,0.0,0.0,0.0,0.0,0.0,0.0,-2.6142851880196384e-05,7.990100241930711e-07,-2.6444580970532983e-05,1.052472536172998e-06,-3.1289070274985184e-05,1.551522829184817e-06
t5,disappears,0.01,early,Rolling1000,500,0.0005116434530101644,8.060654374554564e-07,0.005230272852135961,6.94691686225762e-05,0.0005105748319649209,6.631197655133115e-06,0.005257142857142846,0.00031540717248875236,0.0074302570192550255,0.0001525239809842007,2.3904280963135356e-05,8.060654374554159e-07,2.3904280963164382e-05,8.060654374554564e-07,-2.238570917032003e-06,6.387875986088345e-07,-2.540300007368601e-06,8.22196676270622e-07,-7.384789311820803e-06,1.37693707120303e-06
t5,disappears,0.01,early,Rolling125,500,0.0005743909870516746,5.762336328516936e-06,0.00586324708139392,0.0001901130289135474,0.0005729453908699051,1.1011428118719238e-05,0.005695238095238082,0.00028293202700084607,0.014726518507863199,0.0006615593800679057,8.665181500463277e-05,5.762336328516275e-06,8.665181500467458e-05,5.762336328516936e-06,6.05089631244782e-05,5.761784962595977e-06,6.02072340341416e-05,5.600522634688181e-06,5.53627447296894e-05,5.661640783136138e-06
t5,disappears,0.01,early,Rolling250,500,0.0005409122090605004,2.570954574087063e-06,0.004808693970520992,0.00012989618171131654,0.000541748702904491,7.229244363779072e-06,0.004685714285714274,0.0002922670029266586,0.011250323543746457,0.0003567911960322459,5.3173037013464336e-05,2.5709545740864624e-06,5.317303701350038e-05,2.5709545740870625e-06,2.7030185133304e-05,2.6390061723502604e-06,2.6728456042967406e-05,2.194816243337559e-06,2.1883966738515202e-05,2.30276196464933e-06
t5,disappears,0.01,early,Rolling500,500,0.0005141837530175331,1.052472536172998e-06,0.005476264426874248,9.903409735288795e-05,0.0005124586123129588,6.809301667221869e-06,0.00535238095238094,0.0003115978724048379,0.007560395529253746,0.00019567842998021755,2.6444580970502205e-05,1.0524725361729175e-06,2.6444580970532983e-05,1.052472536172998e-06,3.017290903365986e-07,1.1086929800318792e-06,0.0,0.0,-4.844489304452201e-06,1.3345327133963899e-06
t5,disappears,0.01,early,Static-CP,500,0.0005138820239271964,7.990100241930711e-07,0.004960414353652186,6.371049679762967e-05,0.0005119420076107752,6.442041196008846e-06,0.00476190476190475,0.0002922869039891171,0.007935560439824215,0.00014745864705343812,2.6142851880167808e-05,7.99010024192995e-07,2.6142851880196384e-05,7.990100241930711e-07,0.0,0.0,-3.017290903365986e-07,1.1086929800318792e-06,-5.1462183947888e-06,1.5581177320224986e-06
t5,disappears,0.01,early,VolRolling250,500,0.0005409122090605004,2.570954574087063e-06,0.004808693970520992,0.00012989618171131654,0.000541748702904491,7.229244363779072e-06,0.004685714285714274,0.0002922670029266586,0.011250323543746457,0.0003567911960322459,5.3173037013464336e-05,2.5709545740864624e-06,5.317303701350038e-05,2.5709545740870625e-06,2.7030185133304e-05,2.6390061723502604e-06,2.6728456042967406e-05,2.194816243337559e-06,2.1883966738515202e-05,2.30276196464933e-06
t5,disappears,0.01,early,VolRolling500,500,0.0005141837530175331,1.052472536172998e-06,0.005476264426874248,9.903409735288795e-05,0.0005124586123129588,6.809301667221869e-06,0.00535238095238094,0.0003115978724048379,0.007560395529253746,0.00019567842998021755,2.6444580970502205e-05,1.0524725361729175e-06,2.6444580970532983e-05,1.052472536172998e-06,3.017290903365986e-07,1.1086929800318792e-06,0.0,0.0,-4.844489304452201e-06,1.3345327133963899e-06
t5,disappears,0.01,late,DtACI500,500,0.000513495243220788,6.525502675616677e-07,0.013043221882114864,0.00019832846540659914,0.0005124415238491685,4.020819801349433e-06,0.013094196801210736,0.00013788698998222097,0.005571375651691303,9.006338487130928e-05,2.5756071173757425e-05,6.525502675617688e-07,2.5756071173787982e-05,6.525502675616677e-07,-3.8678070640840085e-07,1.0136654593478585e-06,1.4713719661066597e-05,4.7215789823460416e-07,9.136194981957003e-06,1.2918629766178873e-06
t5,disappears,0.01,late,InitialKupiecGate,500,0.0004933703614111378,8.568007737268387e-07,0.009450612323704746,7.293982065477141e-05,0.0004925675111213433,3.831528783923018e-06,0.009548000000000003,0.00019083035515582366,0.0015487012462247751,0.00015429226365216254,5.631189364129724e-06,8.568007737265053e-07,5.631189364137794e-06,8.568007737268387e-07,-2.051166251605859e-05,1.0599923895359244e-06,-5.41116214858359e-06,9.835398410918738e-07,-1.0988686827693188e-05,1.0117529824209253e-06
t5,disappears,0.01,late,PastSelectedRolling,500,0.0005043590482388309,1.2287140150057328e-06,0.008458188579930869,0.00012306104436352289,0.0005035426314332172,3.976687231375314e-06,0.008588,0.00016977089359670945,0.004776677810524032,0.00018917577212108224,1.6619876191798787e-05,1.2287140150055687e-06,1.661987619183098e-05,1.228714015005733e-06,-9.522975688365402e-06,1.3746724291624078e-06,5.577524679109597e-06,1.1934273563456735e-06,0.0,0.0
t5,disappears,0.01,late,Raw,500,0.000487739172047,0.0,0.0099999999999993,0.0,0.0004864381364672192,3.7024506496142235e-06,0.010016000000000002,0.00019696974936352196,0.0,0.0,0.0,0.0,0.0,0.0,-2.6142851880196384e-05,7.990100241930711e-07,-1.1042351512721385e-05,5.058479755089683e-07,-1.661987619183098e-05,1.228714015005733e-06
t5,disappears,0.01,late,Rolling1000,500,0.0004959988949040847,4.0355472659696577e-07,0.008018459851032897,9.54732927284208e-05,0.00049426029162158,3.486471378591904e-06,0.008076,0.00017297482064495488,0.003580867032497989,0.00010320209313418018,8.259722857052808e-06,4.0355472659695e-07,8.25972285708478e-06,4.0355472659696577e-07,-1.78831290231116e-05,8.274004021787159e-07,-2.7826286556366017e-06,4.5785874018007024e-07,-8.360153334746199e-06,1.1529696398154065e-06
t5,disappears,0.01,late,Rolling125,500,0.0005623561592510995,2.8806108960483903e-06,0.007814581826131272,0.00014565290219772963,0.0005618819578968817,5.8808660672473376e-06,0.007996,0.00011748861710949107,0.012854527271856285,0.00033641867236565437,7.461698720405874e-05,2.880610896047713e-06,7.46169872040996e-05,2.8806108960483903e-06,4.84741353239032e-05,2.954983198214943e-06,6.35746356913782e-05,2.831164388685584e-06,5.799711101226859e-05,2.8696014540982084e-06
t5,disappears,0.01,late,Rolling250,500,0.0005219615654211703,1.411330310602423e-06,0.007881263654399982,0.00014857385689534078,0.0005198957152168891,4.325292329745233e-06,0.007980000000000001,0.00012591628099510913,0.007840965033817959,0.00020703431673062882,3.4222393374142497e-05,1.4113303106020636e-06,3.422239337417038e-05,1.411330310602423e-06,8.079541493973999e-06,1.6115661591391513e-06,2.3180041861448998e-05,1.2654018534332216e-06,1.76025171823394e-05,1.5421128578717997e-06
t5,disappears,0.01,late,Rolling500,500,0.0004987815235597214,5.058479755089683e-07,0.00994013742238058,0.0001552293290148126,0.0004978570736670672,3.824750916954864e-06,0.010020000000000001,0.00017048557317650854,0.003893485602184625,0.00010385116631263628,1.1042351512691047e-05,5.058479755089813e-07,1.1042351512721385e-05,5.058479755089683e-07,-1.5100500367474997e-05,9.411053551909114e-07,0.0,0.0,-5.577524679109597e-06,1.1934273563456735e-06
t5,disappears,0.01,late,Static-CP,500,0.0005138820239271964,7.990100241930711e-07,0.004960414353652188,6.371049679762971e-05,0.0005124941182487377,3.047888964874776e-06,0.005084000000000002,0.00015600822135471105,0.007935560439824215,0.00014745864705343812,2.6142851880167808e-05,7.99010024192995e-07,2.6142851880196384e-05,7.990100241930711e-07,0.0,0.0,1.5100500367474997e-05,9.411053551909114e-07,9.522975688365402e-06,1.3746724291624078e-06
t5,disappears,0.01,late,VolRolling250,500,0.0005219615654211703,1.411330310602423e-06,0.007881263654399982,0.00014857385689534078,0.0005198957152168891,4.325292329745233e-06,0.007980000000000001,0.00012591628099510913,0.007840965033817959,0.00020703431673062882,3.4222393374142497e-05,1.4113303106020636e-06,3.422239337417038e-05,1.411330310602423e-06,8.079541493973999e-06,1.6115661591391513e-06,2.3180041861448998e-05,1.2654018534332216e-06,1.76025171823394e-05,1.5421128578717997e-06
t5,disappears,0.01,late,VolRolling500,500,0.0004987815235597214,5.058479755089683e-07,0.00994013742238058,0.0001552293290148126,0.0004978570736670672,3.824750916954864e-06,0.010020000000000001,0.00017048557317650854,0.003893485602184625,0.00010385116631263628,1.1042351512691047e-05,5.058479755089813e-07,1.1042351512721385e-05,5.058479755089683e-07,-1.5100500367474997e-05,9.411053551909114e-07,0.0,0.0,-5.577524679109597e-06,1.1934273563456735e-06
t5,disappears,0.01,middle,DtACI500,500,0.0005122821202989406,7.158763936846417e-07,0.011727737183285647,0.0001953549268299725,0.0005106431677139377,4.322633206661946e-06,0.011529467332493347,0.0001531845752646149,0.005602361490753825,0.0001143968352676029,2.4542948251910292e-05,7.15876393684668e-07,2.4542948251940582e-05,7.158763936846417e-07,-1.599903628255799e-06,1.0589186080227222e-06,8.305234621697805e-06,6.128394938591008e-07,1.2330097074148022e-06,1.2687500022150313e-06
t5,disappears,0.01,middle,InitialKupiecGate,500,0.0004957644833974047,8.790040163803776e-07,0.008895036100730842,9.689422040326225e-05,0.0004968270161893255,4.2773997857377245e-06,0.009125333333333301,0.00023110715102031727,0.002152400948646001,0.00018335378196211415,8.0253113503945e-06,8.79004016379793e-07,8.025311350404594e-06,8.790040163803776e-07,-1.8117540529791787e-05,1.076701420957553e-06,-8.212402279838185e-06,9.519363475565062e-07,-1.5284627194121188e-05,1.2326812299796494e-06
t5,disappears,0.01,middle,PastSelectedRolling,500,0.0005110491105915258,1.3418316695599326e-06,0.006583277778525398,0.00010734289727562423,0.0005119262732572554,4.078520267782097e-06,0.006682666666666632,0.00017520144336786458,0.006546987003514798,0.00020463391049897845,2.3309938544495475e-05,1.3418316695595608e-06,2.330993854452578e-05,1.3418316695599326e-06,-2.832913335670601e-06,1.4456991168835036e-06,7.072224914283001e-06,1.1433688590215997e-06,0.0,0.0
t5,disappears,0.01,middle,Raw,500,0.000487739172047,0.0,0.0099999999999993,0.0,0.0004887082773212838,4.272397580827042e-06,0.01014399999999997,0.000232020054569764,0.0,0.0,0.0,0.0,0.0,0.0,-2.6142851880196384e-05,7.990100241930711e-07,-1.6237713630242777e-05,7.570053944178875e-07,-2.330993854452578e-05,1.3418316695599326e-06
t5,disappears,0.01,middle,Rolling1000,500,0.0005057758860641515,6.822920260597995e-07,0.005959001928522575,7.767617778927437e-05,0.0005054597085731413,3.623557083529377e-06,0.006005333333333299,0.00017868600778672496,0.006101151377599438,0.00014393725391075962,1.8036714017121732e-05,6.822920260598251e-07,1.8036714017151378e-05,6.822920260597995e-07,-8.106137863045004e-06,7.362889481172963e-07,1.7990003869086004e-06,5.828585727928595e-07,-5.273224527374401e-06,1.1561345134560944e-06
t5,disappears,0.01,middle,Rolling125,500,0.0005635883044623072,2.9039611127693435e-06,0.008066647721037377,0.00017911018701850768,0.0005630545308501176,6.13964071355794e-06,0.007994666666666638,0.00015165952327426504,0.012909644860568406,0.00035361111603223323,7.584913241526689e-05,2.9039611127684715e-06,7.584913241530719e-05,2.9039611127693435e-06,4.970628053511081e-05,3.039677629196432e-06,5.9611418785064395e-05,2.766277046966923e-06,5.25391938707814e-05,2.755251428466881e-06
t5,disappears,0.01,middle,Rolling250,500,0.0005237477477563171,1.7213046488934887e-06,0.0075850025468064105,0.00016185874748297633,0.0005226898438336363,4.769044170516125e-06,0.0076106666666666345,0.00015234804110665761,0.008119840994554045,0.0002481833616016125,3.600857570928702e-05,1.7213046488930354e-06,3.6008575709317185e-05,1.7213046488934887e-06,9.8657238291208e-06,1.8774768664129745e-06,1.9770862079074402e-05,1.4192500593400351e-06,1.2698637164791402e-05,1.673764632247422e-06
t5,disappears,0.01,middle,Rolling500,500,0.0005039768856772429,7.570053944178875e-07,0.007508638213646666,0.00012167728917013285,0.0005036477856576026,3.952614821184681e-06,0.007546666666666633,0.00018061376346223705,0.005245662484486542,0.00015134109692998624,1.6237713630212758e-05,7.570053944178691e-07,1.6237713630242777e-05,7.570053944178875e-07,-9.905138249953604e-06,1.023459987018765e-06,0.0,0.0,-7.072224914283001e-06,1.1433688590215997e-06
t5,disappears,0.01,middle,Static-CP,500,0.0005138820239271964,7.990100241930711e-07,0.004960414353652186,6.371049679762971e-05,0.00051379928589204,3.35210217027253e-06,0.004991999999999965,0.00017559354698576377,0.007935560439824215,0.00014745864705343812,2.6142851880167808e-05,7.99010024192995e-07,2.6142851880196384e-05,7.990100241930711e-07,0.0,0.0,9.905138249953604e-06,1.023459987018765e-06,2.832913335670601e-06,1.4456991168835036e-06
t5,disappears,0.01,middle,VolRolling250,500,0.0005237477477563171,1.7213046488934887e-06,0.0075850025468064105,0.00016185874748297633,0.0005226898438336363,4.769044170516125e-06,0.0076106666666666345,0.00015234804110665761,0.008119840994554045,0.0002481833616016125,3.600857570928702e-05,1.7213046488930354e-06,3.6008575709317185e-05,1.7213046488934887e-06,9.8657238291208e-06,1.8774768664129745e-06,1.9770862079074402e-05,1.4192500593400351e-06,1.2698637164791402e-05,1.673764632247422e-06
t5,disappears,0.01,middle,VolRolling500,500,0.0005039768856772429,7.570053944178875e-07,0.007508638213646665,0.00012167728917013283,0.0005036477856576026,3.952614821184681e-06,0.007546666666666633,0.00018061376346223705,0.005245662484486542,0.00015134109692998624,1.6237713630212758e-05,7.570053944178691e-07,1.6237713630242777e-05,7.570053944178875e-07,-9.905138249953604e-06,1.023459987018765e-06,0.0,0.0,-7.072224914283001e-06,1.1433688590215997e-06
t5,disappears,0.01,post,DtACI500,500,0.0005130826826119266,5.221526607058304e-07,0.011925205558295017,0.00014305168805538968,0.0005120673853793661,2.75293025009019e-06,0.01188445464872504,6.083107427746719e-05,0.005721195021670959,8.027243163362806e-05,2.5343510564898764e-05,5.221526607058627e-07,2.5343510564926577e-05,5.221526607058304e-07,-7.993413152698028e-07,9.236862359693818e-07,1.03525943957118e-05,3.6891985017279047e-07,4.284571933838398e-06,9.98686813881214e-07
t5,disappears,0.01,post,InitialKupiecGate,500,0.000494935229191755,7.428413651225691e-07,0.009122230168401883,7.474444430132902e-05,0.0004950748551362888,2.758259413106098e-06,0.00925,0.00014198351537159003,0.0019255555936145154,0.0001576927403999045,7.1960571447458125e-06,7.428413651220674e-07,7.196057144754995e-06,7.428413651225691e-07,-1.8946794735441384e-05,9.541198908652296e-07,-7.794859024459786e-06,7.904661931295118e-07,-1.3862881486333186e-05,9.473896055949413e-07
t5,disappears,0.01,post,PastSelectedRolling,500,0.0005087981106780882,1.0244649066869177e-06,0.007354767581562724,8.72641513759199e-05,0.0005088610361249853,2.7738913583324846e-06,0.007464,9.689264352228951e-05,0.005896183388740255,0.0001591479088430398,2.1058938631056408e-05,1.024464906686624e-06,2.1058938631088182e-05,1.0244649066869177e-06,-5.083913249108201e-06,1.1615764546930828e-06,6.068022461873401e-06,8.954936110346706e-07,0.0,0.0
t5,disappears,0.01,post,Raw,500,0.000487739172047,0.0,0.0099999999999993,0.0,0.000487750118097044,2.6344892404283775e-06,0.010098,0.00013838747843781515,0.0,0.0,0.0,0.0,0.0,0.0,-2.6142851880196384e-05,7.990100241930711e-07,-1.499091616921478e-05,4.916095683303513e-07,-2.1058938631088182e-05,1.0244649066869177e-06
t5,disappears,0.01,post,Rolling1000,500,0.0005016489303927427,4.922975529180221e-07,0.00689452813647263,7.461491565484925e-05,0.0005008445336120961,2.426513657678312e-06,0.006972000000000001,0.00010041213668869304,0.005013193650579881,0.00010952534175899423,1.3909758345714758e-05,4.922975529181132e-07,1.3909758345742783e-05,4.922975529180221e-07,-1.2233093534453599e-05,7.07181818733132e-07,-1.0811578234719989e-06,3.353637799537574e-07,-7.1491802853454e-06,8.865826723521288e-07
t5,disappears,0.01,post,Rolling125,500,0.0005644191485549313,1.9946139794801876e-06,0.00763257563141327,0.00010343880995653829,0.0005641798275709806,4.129020662840419e-06,0.007714,7.927785287147869e-05,0.013132858522570906,0.00023660103895018424,7.66799765078893e-05,1.994613979479407e-06,7.667997650793119e-05,1.9946139794801876e-06,5.0537124627734796e-05,2.122220971853056e-06,6.16890603387164e-05,1.9152768112273754e-06,5.562103787684301e-05,2.0372977410643704e-06
t5,disappears,0.01,post,Rolling250,500,0.0005251012076505271,1.0939697230929007e-06,0.00737676863644566,0.00010169528291398398,0.0005240032528360972,3.092889439972656e-06,0.007448000000000001,7.392917587862171e-05,0.008388774598090617,0.00015738764719723376,3.736203560349663e-05,1.0939697230927387e-06,3.736203560352717e-05,1.0939697230929007e-06,1.1219183723330798e-05,1.3247821481488667e-06,2.2371119434312402e-05,9.015782937320639e-07,1.6303096972438993e-05,1.1934053504795841e-06
t5,disappears,0.01,post,Rolling500,500,0.0005027300882162147,4.916095683303513e-07,0.008462747412283258,0.00010502002138267625,0.0005022601483507014,2.6177048410787953e-06,0.008530000000000001,8.658634065935316e-05,0.004873986769257647,9.887794625843928e-05,1.4990916169184937e-05,4.916095683303448e-07,1.499091616921478e-05,4.916095683303513e-07,-1.1151935710981602e-05,8.638261648331234e-07,0.0,0.0,-6.068022461873401e-06,8.954936110346706e-07
t5,disappears,0.01,post,Static-CP,500,0.0005138820239271964,7.990100241930711e-07,0.004960414353652186,6.371049679762971e-05,0.0005133103839066532,2.2534721057178854e-06,0.005038000000000001,0.00011725446353310765,0.007935560439824215,0.00014745864705343812,2.6142851880167808e-05,7.99010024192995e-07,2.6142851880196384e-05,7.990100241930711e-07,0.0,0.0,1.1151935710981602e-05,8.638261648331234e-07,5.083913249108201e-06,1.1615764546930828e-06
t5,disappears,0.01,post,VolRolling250,500,0.0005251012076505271,1.0939697230929007e-06,0.00737676863644566,0.00010169528291398398,0.0005240032528360972,3.092889439972656e-06,0.007448000000000001,7.392917587862171e-05,0.008388774598090617,0.00015738764719723376,3.736203560349663e-05,1.0939697230927387e-06,3.736203560352717e-05,1.0939697230929007e-06,1.1219183723330798e-05,1.3247821481488667e-06,2.2371119434312402e-05,9.015782937320639e-07,1.6303096972438993e-05,1.1934053504795841e-06
t5,disappears,0.01,post,VolRolling500,500,0.0005027300882162147,4.916095683303513e-07,0.008462747412283258,0.00010502002138267625,0.0005022601483507014,2.6177048410787953e-06,0.008530000000000001,8.658634065935316e-05,0.004873986769257647,9.887794625843928e-05,1.499091616918494e-05,4.916095683303448e-07,1.499091616921478e-05,4.916095683303513e-07,-1.1151935710981602e-05,8.638261648331234e-07,0.0,0.0,-6.068022461873401e-06,8.954936110346706e-07
t5,disappears,0.01,pre,DtACI500,500,0.000514864593344362,7.35684022921447e-07,0.013203006593376884,0.00022462604855417472,0.0005044667016985982,5.115684342592623e-06,0.012673685110551627,0.00021265169272775865,0.005680111630622839,0.00010203928523143971,2.7125421297332024e-05,7.356840229213631e-07,-6.161651440138025e-06,7.35684022921447e-07,2.19231496160756e-05,7.605874428379878e-07,1.53997887491964e-05,6.111844649599306e-07,1.0437022980433801e-05,1.7300605475083594e-06
t5,disappears,0.01,pre,InitialKupiecGate,500,0.0005168218868862815,7.609582508348177e-07,0.01702792330863653,0.0002794508533521094,0.0005052715021025176,5.977631936055238e-06,0.016456000000000002,0.00045388561588202947,0.0065661854832002025,0.00012117610535623381,2.9082714839282125e-05,7.609582508349858e-07,-4.204357898218608e-06,7.609582508348177e-07,2.3880443157995013e-05,7.858772492020375e-07,1.7357082291115816e-05,8.755630452538541e-07,1.2394316522353217e-05,1.6310671485046347e-06
t5,disappears,0.01,pre,PastSelectedRolling,500,0.0005044275703639282,1.7408558859411248e-06,0.009414620688720917,0.0001705397350859614,0.0004947834081738061,5.296456766193033e-06,0.008848,0.0002554452908025246,0.004588141131860646,0.00024228672406488585,1.6688398316896217e-05,1.7408558859408786e-06,-1.6598674420571828e-05,1.7408558859411248e-06,1.1486126635641799e-05,1.7235301552703273e-06,4.9627657687626e-06,1.7120951721089544e-06,0.0,0.0
t5,disappears,0.01,pre,Raw,500,0.0005210262447845,0.0,0.020901603772527807,3.106275521773707e-19,0.0005090333334182209,6.3362712297990785e-06,0.020552000000000004,0.00040434339262354293,0.007071067811865399,3.882844402217134e-20,3.328707273751502e-05,0.0,0.0,0.0,2.8084801056213625e-05,3.341607649463624e-07,2.1561440189334425e-05,6.687043821633761e-07,1.6598674420571828e-05,1.7408558859411248e-06
t5,disappears,0.01,pre,Rolling1000,500,0.0004930763012479366,3.0904027806475167e-07,0.009775436889058629,0.00013060148270905287,0.0004828100216883066,4.702757653611296e-06,0.009224,0.00025827322376938816,0.0027103515838353856,8.601984885295749e-05,5.3371292009051e-06,3.090402780647454e-07,-2.7949943536563425e-05,3.0904027806475167e-07,1.3485751965019824e-07,1.9673916991667706e-07,-6.388503347229001e-06,5.734397538484079e-07,-1.1351269115991602e-05,1.7091018866990103e-06
t5,disappears,0.01,pre,Rolling125,500,0.0005616336905742407,3.899575244550998e-06,0.008034563717922596,0.00019858872328026357,0.0005533916873984415,7.210624299506524e-06,0.0077280000000000005,0.0002009497290049786,0.012699554598503597,0.00045416766351854876,7.389451852720458e-05,3.899575244550388e-06,4.060744578974057e-05,3.899575244550998e-06,6.869224684595421e-05,3.903487234742446e-06,6.2168885979075e-05,3.877881490811987e-06,5.72061202103124e-05,3.6733701403461565e-06
t5,disappears,0.01,pre,Rolling250,500,0.0005197221945036859,1.8136876150333148e-06,0.00802011074165502,0.00019059017232918285,0.0005107491823562295,5.497490101098372e-06,0.007344000000000002,0.00021104598744736954,0.007537948203240942,0.0002621184368265937,3.198302245665388e-05,1.8136876150331069e-06,-1.3040502808142218e-06,1.8136876150333152e-06,2.6780750775399404e-05,1.810550070971555e-06,2.0257389908520204e-05,1.7066368405196775e-06,1.5294624139757604e-05,1.93897891520083e-06
t5,disappears,0.01,pre,Rolling500,500,0.0004994648045951656,6.68704382163376e-07,0.009873709429929179,0.00018709884930523182,0.0004899798842525156,4.7692283705470395e-06,0.009312,0.0002550282156577251,0.004092105713294253,0.0001273718364416782,1.172563254813688e-05,6.687043821632493e-07,-2.1561440189334425e-05,6.687043821633761e-07,6.523360866879199e-06,6.492520871336535e-07,0.0,0.0,-4.9627657687626e-06,1.7120951721089544e-06
t5,disappears,0.01,pre,Static-CP,500,0.0004929414437282864,3.341607649463624e-07,0.00972279380599466,0.00013741204918313503,0.00048198719666501524,4.640326860244223e-06,0.009256,0.0002830922295310164,0.0026909553634429945,9.358416407132454e-05,5.202271681259151e-06,3.3416076494640737e-07,-2.8084801056213625e-05,3.341607649463624e-07,0.0,0.0,-6.523360866879199e-06,6.492520871336535e-07,-1.1486126635641799e-05,1.7235301552703273e-06
t5,disappears,0.01,pre,VolRolling250,500,0.0005197221945036859,1.8136876150333148e-06,0.00802011074165502,0.00019059017232918285,0.0005107491823562295,5.497490101098372e-06,0.007344000000000002,0.00021104598744736954,0.007537948203240942,0.0002621184368265937,3.198302245665388e-05,1.8136876150331069e-06,-1.3040502808142218e-06,1.8136876150333152e-06,2.6780750775399404e-05,1.810550070971555e-06,2.0257389908520204e-05,1.7066368405196775e-06,1.5294624139757604e-05,1.93897891520083e-06
t5,disappears,0.01,pre,VolRolling500,500,0.0004994648045951656,6.68704382163376e-07,0.009873709429929179,0.00018709884930523182,0.0004899798842525156,4.7692283705470395e-06,0.009312,0.0002550282156577251,0.004092105713294253,0.0001273718364416782,1.172563254813688e-05,6.687043821632493e-07,-2.1561440189334425e-05,6.687043821633761e-07,6.523360866879199e-06,6.492520871336535e-07,0.0,0.0,-4.9627657687626e-06,1.7120951721089544e-06
t5,disappears,0.05,acute,DtACI500,500,0.0017042016236863667,3.399148852926766e-06,0.024922410591138276,0.00030583565685781674,0.001753567486590508,2.680583531661061e-05,0.026859069851705327,0.001463079048820247,0.006912298768783943,0.00011684276946233795,0.00012121280571399073,3.3991488529259e-06,0.00012121280571406668,3.399148852926766e-06,3.952078130452398e-06,3.593785397570008e-06,4.133660259212595e-06,2.4490706510984205e-06,-9.74813126788402e-07,2.9020897355409325e-06
t5,disappears,0.05,acute,InitialKupiecGate,500,0.0017013622841883461,2.6379221305159072e-06,0.023180589178341888,0.0002833022001359412,0.0017468359094037589,2.538519094938865e-05,0.0252,0.0015409962163085782,0.007087523042190498,9.977558757165116e-05,0.00011837346621596675,2.6379221305150322e-06,0.00011837346621604626,2.6379221305159072e-06,1.1127386324319986e-06,2.4598373787492366e-06,1.2943207611921954e-06,2.169030091901687e-06,-3.8141526248088008e-06,1.272417646115666e-06
t5,disappears,0.05,acute,PastSelectedRolling,500,0.001705176436813155,2.6015539147183302e-06,0.022377445600134528,0.00019518880261820045,0.0017526783039720163,2.5182282887676023e-05,0.024399999999999998,0.001521153449074505,0.007305308252579599,8.640501497288263e-05,0.0001221876188407732,2.6015539147176416e-06,0.00012218761884085505,2.6015539147183302e-06,4.926891257240799e-06,2.5089324929913084e-06,5.108473386000996e-06,2.28061750852997e-06,0.0,0.0
t5,disappears,0.05,acute,Raw,500,0.0015829888179723004,1.941422201108567e-20,0.05,0.0,0.0016508727893642155,3.2626881831946713e-05,0.05260000000000001,0.002253138536915355,0.0,0.0,0.0,0.0,0.0,0.0,-0.00011726072758361427,1.457272070733357e-06,-0.00011707914545485408,2.2084392142753014e-06,-0.00012218761884085505,2.6015539147183302e-06
t5,disappears,0.05,acute,Rolling1000,500,0.0016970692174778006,1.5352895277110596e-06,0.022574464516728794,0.00013494633210125374,0.0017442191494356587,2.5129067399495306e-05,0.0246,0.001508054527168639,0.007102583297309504,5.5132123750384573e-05,0.00011408039950541764,1.5352895277102947e-06,0.00011408039950550048,1.5352895277110596e-06,-3.180328078113801e-06,1.1118255773056836e-06,-2.9987459493536035e-06,1.608130381267784e-06,-8.1072193353546e-06,2.030787242661299e-06
t5,disappears,0.05,acute,Rolling125,500,0.0017311392320907264,4.6975008217001725e-06,0.022314194565151227,0.0003615908325733999,0.0017818133074197484,2.6250162456237337e-05,0.0245,0.0015473488866943707,0.007864600431619103,0.00015506148220670787,0.00014815041411834579,4.697500821699402e-06,0.00014815041411842645,4.6975008217001725e-06,3.08896865348122e-05,4.893811067556583e-06,3.107126866357239e-05,4.2675903102313774e-06,2.5962795277571394e-05,4.035201794380467e-06
t5,disappears,0.05,acute,Rolling250,500,0.0017136647450747057,3.2062662452007756e-06,0.022273723115970718,0.0002587412586550878,0.001762347073059933,2.547440674952642e-05,0.0248,0.001514763683891343,0.007500172897112028,0.00011012756970330985,0.00013067592710232348,3.2062662452000306e-06,0.00013067592710240547,3.2062662452007756e-06,1.3415199518791203e-05,3.4267559833771648e-06,1.3596781647551397e-05,2.405273599114493e-06,8.488308261550401e-06,2.6036280471212394e-06
t5,disappears,0.05,acute,Rolling500,500,0.0017000679634271538,2.2084392142753014e-06,0.02267916209791191,0.00018509732460308696,0.0017459762166869657,2.5311906439798426e-05,0.024399999999999998,0.0015012619941736688,0.007146916562689536,7.745698264278992e-05,0.00011707914545477505,2.208439214274456e-06,0.00011707914545485408,2.2084392142753014e-06,-1.8158212876019696e-07,2.1817263510264513e-06,0.0,0.0,-5.108473386000996e-06,2.28061750852997e-06
t5,disappears,0.05,acute,Static-CP,500,0.001700249545555914,1.457272070733357e-06,0.022251772391635734,0.00012731991955953356,0.0017466206016768162,2.4986392316757362e-05,0.0249,0.001553965771578794,0.007224687068882006,5.2252367160142954e-05,0.00011726072758353021,1.4572720707325917e-06,0.00011726072758361427,1.457272070733357e-06,0.0,0.0,1.8158212876019696e-07,2.1817263510264513e-06,-4.926891257240799e-06,2.5089324929913084e-06
t5,disappears,0.05,acute,VolRolling250,500,0.0017136647450747057,3.2062662452007756e-06,0.022273723115970718,0.00025874125865508774,0.001762347073059933,2.547440674952642e-05,0.0248,0.001514763683891343,0.007500172897112028,0.00011012756970330985,0.00013067592710232348,3.2062662452000306e-06,0.00013067592710240547,3.2062662452007756e-06,1.3415199518791203e-05,3.4267559833771648e-06,1.3596781647551397e-05,2.405273599114493e-06,8.488308261550401e-06,2.6036280471212394e-06
t5,disappears,0.05,acute,VolRolling500,500,0.0017000679634271538,2.2084392142753014e-06,0.02267916209791191,0.00018509732460308696,0.0017459762166869657,2.5311906439798426e-05,0.024399999999999998,0.0015012619941736688,0.007146916562689536,7.745698264278994e-05,0.00011707914545477505,2.208439214274456e-06,0.00011707914545485408,2.2084392142753014e-06,-1.8158212876019696e-07,2.1817263510264513e-06,0.0,0.0,-5.108473386000996e-06,2.28061750852997e-06
t5,disappears,0.05,early,DtACI500,500,0.0016576494512517473,2.018270981947116e-06,0.03287069574610427,0.00036468871844993583,0.0016528233930275314,1.2073288324600944e-05,0.03271879138089775,0.000605781458938159,0.005014599794680475,8.236294023892687e-05,7.466063327938471e-05,2.018270981946415e-06,7.466063327944728e-05,2.018270981947116e-06,-4.26000943041672e-05,2.4175596525103794e-06,-2.5016672401997606e-05,1.330860730020632e-06,-2.7783441081844004e-05,1.8601191082159088e-06
t5,disappears,0.05,early,InitialKupiecGate,500,0.001682423017121157,2.087874201916528e-06,0.02525744666259139,0.0003022203687597866,0.0016773983698732367,1.115554559089826e-05,0.025371428571428538,0.0007471498093135008,0.006360830191544963,8.958311990327759e-05,9.943419914878493e-05,2.0878742019155527e-06,9.943419914885726e-05,2.087874201916528e-06,-1.78265284347572e-05,2.0088779462473385e-06,-2.431065325876002e-07,1.7620490131895675e-06,-3.009875212434003e-06,9.249832045981489e-07
t5,disappears,0.05,early,PastSelectedRolling,500,0.001685432892333591,2.0038152141035025e-06,0.024534749594858695,0.00023658801614859766,0.001680902834401042,1.1053949840937744e-05,0.0246285714285714,0.0007106794480975137,0.006549123506461005,7.665871776856644e-05,0.00010244407436121673,2.003815214102672e-06,0.00010244407436129126,2.0038152141035025e-06,-1.4816653222323197e-05,2.002346050705155e-06,2.7667686798464022e-06,1.7696924087986468e-06,0.0,0.0
t5,disappears,0.05,early,Raw,500,0.0015829888179723004,1.941422201108567e-20,0.05,0.0,0.0015782349746485116,1.3550501879206482e-05,0.049828571428571396,0.0009565873326566712,0.0,0.0,0.0,0.0,0.0,0.0,-0.00011726072758361448,1.4572720707333648e-06,-9.967730568144485e-05,1.9868723708669627e-06,-0.00010244407436129126,2.0038152141035025e-06
t5,disappears,0.05,early,Rolling1000,500,0.0016887030250532752,1.4330379701653768e-06,0.02334225563492995,0.0001349295054879232,0.001684519038970067,1.0643485100217042e-05,0.0233333333333333,0.0006810174096759246,0.0067954426818586,5.2983487556902936e-05,0.00010571420708089885,1.4330379701645319e-06,0.00010571420708097526,1.4330379701653768e-06,-1.1546520502639199e-05,1.1312453652500763e-06,6.0369013995304004e-06,1.4338954781205585e-06,3.270132719683998e-06,1.4520970259961065e-06
t5,disappears,0.05,early,Rolling125,500,0.0016648088106596356,2.8487079730882413e-06,0.03210574329017572,0.00043335063924986793,0.0016590802312327585,1.2605187977734858e-05,0.03234285714285711,0.0006873515883442042,0.005147290931355433,0.00011276028386775688,8.181999268727251e-05,2.848707973087394e-06,8.181999268733587e-05,2.848707973088241e-06,-3.54407348962786e-05,3.1179659714375166e-06,-1.7857312994109003e-05,2.6287051503471253e-06,-2.0624081673955404e-05,2.43720153500836e-06
t5,disappears,0.05,early,Rolling250,500,0.001680038182837483,2.5277855040938374e-06,0.025709534032719715,0.00027282608573225316,0.0016776740735166607,1.1330235536275132e-05,0.025371428571428534,0.0007035460712206884,0.0062092931797476675,9.768577386748437e-05,9.70493648651131e-05,2.5277855040929632e-06,9.704936486518308e-05,2.5277855040938374e-06,-2.02113627184314e-05,2.8156990887479933e-06,-2.6279408162617985e-06,1.8373715241423981e-06,-5.394709496108201e-06,1.9657651908657317e-06
t5,disappears,0.05,early,Rolling500,500,0.0016826661236537448,1.9868723708669627e-06,0.024412880474019103,0.00019447422757485304,0.001678657242971808,1.101801561132946e-05,0.024666666666666632,0.0006919266678554241,0.006484613620647119,7.44342130715031e-05,9.967730568137195e-05,1.986872370866095e-06,9.967730568144485e-05,1.9868723708669627e-06,-1.75834219021696e-05,2.090196191629653e-06,0.0,0.0,-2.7667686798464022e-06,1.7696924087986468e-06
t5,disappears,0.05,early,Static-CP,500,0.0017002495455559143,1.4572720707333648e-06,0.022251772391635734,0.00012731991955953348,0.0016955948737214354,1.0391697597186984e-05,0.022152380952380916,0.0006821140550608332,0.007224687068882006,5.225236716014295e-05,0.00011726072758353021,1.4572720707325917e-06,0.00011726072758361448,1.4572720707333648e-06,0.0,0.0,1.75834219021696e-05,2.090196191629653e-06,1.4816653222323197e-05,2.002346050705155e-06
t5,disappears,0.05,early,VolRolling250,500,0.001680038182837483,2.5277855040938374e-06,0.025709534032719715,0.00027282608573225316,0.0016776740735166607,1.1330235536275132e-05,0.025371428571428534,0.0007035460712206884,0.0062092931797476675,9.768577386748437e-05,9.70493648651131e-05,2.5277855040929632e-06,9.704936486518308e-05,2.5277855040938374e-06,-2.02113627184314e-05,2.8156990887479933e-06,-2.6279408162617985e-06,1.8373715241423981e-06,-5.394709496108201e-06,1.9657651908657317e-06
t5,disappears,0.05,early,VolRolling500,500,0.0016826661236537448,1.9868723708669627e-06,0.024412880474019103,0.00019447422757485304,0.001678657242971808,1.101801561132946e-05,0.024666666666666632,0.0006919266678554241,0.006484613620647119,7.44342130715031e-05,9.967730568137195e-05,1.986872370866095e-06,9.967730568144485e-05,1.9868723708669627e-06,-1.75834219021696e-05,2.090196191629653e-06,0.0,0.0,-2.7667686798464022e-06,1.7696924087986468e-06
t5,disappears,0.05,late,DtACI500,500,0.001621359039476658,8.269587889454753e-07,0.05510322664152912,0.00042334646723366236,0.0016230767863149656,6.2284654384437935e-06,0.0554335393523247,0.00024651567640949617,0.0027205342372574226,3.6901621574393496e-05,3.837022150430546e-05,8.269587889454073e-07,3.83702215042579e-05,8.269587889454753e-07,-7.88905060792566e-05,1.6633533793499207e-06,3.019309160031541e-05,7.19428613901802e-07,1.8617728555187e-05,1.011203162716736e-06
t5,disappears,0.05,late,InitialKupiecGate,500,0.001601924362748592,7.430655802996607e-07,0.04368501283085048,0.0003649141406123234,0.0016023244249012121,5.852346520384755e-06,0.044176,0.0004332868830764349,0.002150484213977292,4.842331927240582e-05,1.8935544776239593e-05,7.430655802996706e-07,1.89355447761921e-05,7.430655802996607e-07,-9.83251828073224e-05,1.5709951092191325e-06,1.0758414872249608e-05,6.940471200057542e-07,-8.169481728788034e-07,2.8148039124088086e-07
t5,disappears,0.05,late,PastSelectedRolling,500,0.0016027413109214708,7.545702283911559e-07,0.043461759586676335,0.00036399485201070176,0.0016030457716558145,5.848292292950863e-06,0.043960000000000006,0.00042735707334297455,0.0022269245194169625,4.614789275892999e-05,1.975249294911976e-05,7.545702283910645e-07,1.9752492949070903e-05,7.545702283911559e-07,-9.750823463444359e-05,1.5994088522170139e-06,1.157536304512841e-05,7.100281078888541e-07,0.0,0.0
t5,disappears,0.05,late,Raw,500,0.0015829888179724,0.0,0.05,0.0,0.0015836212590805687,5.960868959732251e-06,0.05057600000000001,0.00042987676847224985,0.0,0.0,0.0,0.0,0.0,0.0,-0.0001172607275835145,1.4572720707333644e-06,-8.177129903942492e-06,3.3984317830008757e-07,-1.9752492949070903e-05,7.545702283911559e-07
t5,disappears,0.05,late,Rolling1000,500,0.001603897893454727,5.989445313626222e-07,0.03891343431811613,0.00020239777199346657,0.0016032583777803242,5.58160419549958e-06,0.039228,0.00036755165683326977,0.0024539753268550133,4.1595039944431515e-05,2.0909075482378942e-05,5.989445313626477e-07,2.09090754823273e-05,5.989445313626222e-07,-9.63516521011872e-05,1.5050543978594766e-06,1.2731945578384807e-05,5.986232841765611e-07,1.1565825332563966e-06,6.822910452043928e-07
t5,disappears,0.05,late,Rolling125,500,0.0016196188669547853,9.33522287341287e-07,0.047212248099150686,0.0003707329271022232,0.0016207587335675584,6.193337849982808e-06,0.04745200000000001,0.00023611627175519934,0.002959307570350161,4.369895268808338e-05,3.663004898243441e-05,9.335222873411676e-07,3.66300489823855e-05,9.33522287341287e-07,-8.063067860112899e-05,1.745601061355856e-06,2.8452919078443008e-05,8.723115619015041e-07,1.68775560333146e-05,9.051900671061482e-07
t5,disappears,0.05,late,Rolling250,500,0.0016007506000596478,5.896928833809882e-07,0.04760722515319968,0.00036727767826315864,0.001601927314731459,5.994901709972522e-06,0.04809600000000001,0.00027771896522797035,0.002033008088748675,3.794016029255762e-05,1.7761782087295592e-05,5.896928833810016e-07,1.77617820872481e-05,5.896928833809882e-07,-9.949894549626639e-05,1.5780093864566995e-06,9.584652183305611e-06,4.6712937660972146e-07,-1.9907108618228e-06,6.84025395336994e-07
t5,disappears,0.05,late,Rolling500,500,0.0015911659478763424,3.3984317830008757e-07,0.05024528729470171,0.00034417636583060384,0.0015925286735422148,5.962315744550857e-06,0.05095200000000001,0.0003760081864968171,0.0013523192988988005,3.0176970974875576e-05,8.177129903994225e-06,3.398431783001296e-07,8.177129903942492e-06,3.3984317830008757e-07,-0.00010908359767957201,1.4983369824891023e-06,0.0,0.0,-1.157536304512841e-05,7.100281078888541e-07
t5,disappears,0.05,late,Static-CP,500,0.0017002495455559143,1.4572720707333648e-06,0.022251772391635734,0.00012731991955953348,0.0016989387718529376,4.811739041177235e-06,0.022332000000000005,0.0003137266338735097,0.007224687068882006,5.225236716014297e-05,0.00011726072758353021,1.4572720707325917e-06,0.0001172607275835145,1.4572720707333644e-06,0.0,0.0,0.00010908359767957201,1.4983369824891023e-06,9.750823463444359e-05,1.5994088522170139e-06
t5,disappears,0.05,late,VolRolling250,500,0.0016007506000596478,5.896928833809882e-07,0.04760722515319968,0.00036727767826315864,0.001601927314731459,5.994901709972522e-06,0.04809600000000001,0.00027771896522797035,0.002033008088748675,3.794016029255762e-05,1.7761782087295592e-05,5.896928833810016e-07,1.77617820872481e-05,5.896928833809882e-07,-9.949894549626639e-05,1.5780093864566995e-06,9.584652183305611e-06,4.6712937660972146e-07,-1.9907108618228e-06,6.84025395336994e-07
t5,disappears,0.05,late,VolRolling500,500,0.0015911659478763424,3.3984317830008757e-07,0.05024528729470171,0.00034417636583060384,0.0015925286735422148,5.962315744550857e-06,0.05095200000000001,0.0003760081864968171,0.0013523192988988005,3.0176970974875576e-05,8.177129903994225e-06,3.398431783001296e-07,8.177129903942492e-06,3.3984317830008757e-07,-0.00010908359767957201,1.4983369824891023e-06,0.0,0.0,-1.157536304512841e-05,7.100281078888541e-07
t5,disappears,0.05,middle,DtACI500,500,0.001622049273709766,8.521654433555742e-07,0.05043133658807524,0.0004507418380612885,0.001618342502397308,7.122084811888939e-06,0.049221146177359086,0.0003052095887889607,0.002928562685316804,4.022076220631657e-05,3.906045573741661e-05,8.521654433555471e-07,3.9060455737466064e-05,8.521654433555742e-07,-7.82002718461484e-05,1.693823507998721e-06,-2.267266150377963e-07,8.987080962244406e-07,-1.6602100592717195e-05,1.3481625648562796e-06
t5,disappears,0.05,middle,InitialKupiecGate,500,0.0016374410803060024,1.451266892523654e-06,0.03363871443998505,0.00044156327971051377,0.0016385844510508698,6.4370765864688405e-06,0.03273066666666664,0.0005247529422613417,0.004280765865288165,8.131096623458733e-05,5.445226233364978e-05,1.4512668925231654e-06,5.4452262333702456e-05,1.451266892523654e-06,-6.2808465249912e-05,1.719689476818447e-06,1.51650799811986e-05,1.2648954951196023e-06,-1.2102939964808019e-06,3.62057615096733e-07
t5,disappears,0.05,middle,PastSelectedRolling,500,0.0016386513743024832,1.4046779142070394e-06,0.033283094145675214,0.00043077604597213973,0.0016399017970102898,6.43127340978599e-06,0.03234666666666663,0.0005040610849658761,0.004383209362789882,7.523086364464806e-05,5.566255633012927e-05,1.4046779142066528e-06,5.5662556330183266e-05,1.4046779142070394e-06,-6.15981712534312e-05,1.728461315727765e-06,1.6375373977679402e-05,1.1914265413174292e-06,0.0,0.0
t5,disappears,0.05,middle,Raw,500,0.0015829888179723004,1.941422201108567e-20,0.05,0.0,0.001580760726466458,7.042782953086935e-06,0.04845866666666664,0.0004969617384613676,0.0,0.0,0.0,0.0,0.0,0.0,-0.00011726072758361448,1.4572720707333648e-06,-3.9287182352503864e-05,1.0740020306754344e-06,-5.5662556330183266e-05,1.4046779142070394e-06
t5,disappears,0.05,middle,Rolling1000,500,0.0016563721141550824,1.1787032770709906e-06,0.02710652614787916,0.00014929521887655658,0.0016591190243094216,5.9698796126528646e-06,0.026527999999999972,0.00036966796923946496,0.005471040023736015,5.0090480233647285e-05,7.338329618272334e-05,1.1787032770704377e-06,7.338329618278247e-05,1.1787032770709906e-06,-4.3877431400832e-05,1.3416824078215002e-06,3.4096113830278604e-05,8.278307506784993e-07,1.7720739852599205e-05,1.1670692499301857e-06
t5,disappears,0.05,middle,Rolling125,500,0.0016204414275357462,1.124033249861923e-06,0.048888808305132814,0.00044840907678392485,0.0016161370652565106,7.4784096591087995e-06,0.047765333333333305,0.0003040762130673385,0.0029687384943141355,5.1851292309911494e-05,3.745260956339484e-05,1.1240332498617014e-06,3.7452609563446275e-05,1.124033249861923e-06,-7.98081180201682e-05,1.8378713479984366e-06,-1.8345727890575953e-06,1.2451440164844261e-06,-1.8209946766736998e-05,1.533738854657619e-06
t5,disappears,0.05,middle,Rolling250,500,0.0016080293855594056,8.514381139320012e-07,0.045326721776868736,0.00040013682405883733,0.0016051657094344127,7.0575264700854125e-06,0.044213333333333306,0.00034671804767988606,0.0024677979674451135,4.9075440695659287e-05,2.50405675870551e-05,8.514381139319565e-07,2.5040567587105666e-05,8.514381139320012e-07,-9.222015999650881e-05,1.6304929581892333e-06,-1.4246614765398194e-05,7.683842668449366e-07,-3.0621988743077596e-05,1.2653739154582841e-06
t5,disappears,0.05,middle,Rolling500,500,0.0016222760003248037,1.0740020306754342e-06,0.03557985583508566,0.0002480805886136565,0.0016232667058042626,6.533764517435959e-06,0.03469866666666664,0.00038600973379530857,0.003473188588306469,5.705355565664161e-05,3.928718235245251e-05,1.0740020306752125e-06,3.9287182352503864e-05,1.0740020306754344e-06,-7.79735452311106e-05,1.7078418504103089e-06,0.0,0.0,-1.6375373977679402e-05,1.1914265413174292e-06
t5,disappears,0.05,middle,Static-CP,500,0.0017002495455559143,1.4572720707333648e-06,0.022251772391635734,0.00012731991955953345,0.0017043408516395978,5.4392245045613706e-06,0.022010666666666637,0.0003684359378546396,0.007224687068882005,5.225236716014295e-05,0.00011726072758353021,1.4572720707325917e-06,0.00011726072758361448,1.4572720707333648e-06,0.0,0.0,7.79735452311106e-05,1.7078418504103089e-06,6.15981712534312e-05,1.728461315727765e-06
t5,disappears,0.05,middle,VolRolling250,500,0.0016080293855594056,8.514381139320012e-07,0.045326721776868736,0.00040013682405883733,0.0016051657094344127,7.0575264700854125e-06,0.044213333333333306,0.00034671804767988606,0.0024677979674451135,4.9075440695659287e-05,2.50405675870551e-05,8.514381139319565e-07,2.5040567587105666e-05,8.514381139320012e-07,-9.222015999650881e-05,1.6304929581892333e-06,-1.4246614765398194e-05,7.683842668449366e-07,-3.0621988743077596e-05,1.2653739154582841e-06
t5,disappears,0.05,middle,VolRolling500,500,0.0016222760003248037,1.0740020306754342e-06,0.03557985583508566,0.0002480805886136565,0.0016232667058042626,6.533764517435959e-06,0.03469866666666664,0.00038600973379530857,0.003473188588306469,5.705355565664161e-05,3.928718235245251e-05,1.0740020306752125e-06,3.9287182352503864e-05,1.0740020306754344e-06,-7.79735452311106e-05,1.7078418504103089e-06,0.0,0.0,-1.6375373977679402e-05,1.1914265413174292e-06
t5,disappears,0.05,post,DtACI500,500,0.001627085222234652,6.979316616742958e-07,0.050413235806456486,0.00030487153752407323,0.0016270346375561768,4.44594467860769e-06,0.05014735398470038,0.00011011591513664425,0.003123257079439643,3.032390095389039e-05,4.409640426230133e-05,6.979316616742769e-07,4.409640426235247e-05,6.979316616742958e-07,-7.316432332126201e-05,1.5954043859922757e-06,1.2467445922493197e-05,5.667379518432263e-07,1.4631897919619796e-07,8.375217101982846e-07
t5,disappears,0.05,post,InitialKupiecGate,500,0.0016256842489705333,9.097668868500273e-07,0.03757266801355857,0.00032135374027224484,0.0016266949286194469,4.221446857001977e-06,0.03753,0.000332914198747147,0.0034901669374277377,5.348264051520243e-05,4.26954309981846e-05,9.097668868497285e-07,4.269543099823306e-05,9.097668868500273e-07,-7.45652965853814e-05,1.4327111981477994e-06,1.1066472658373797e-05,6.74004147451524e-07,-1.2546542849232018e-06,3.503400953900748e-07
t5,disappears,0.05,post,PastSelectedRolling,500,0.0016269389032554562,8.577368746900915e-07,0.03723573771742923,0.00030961447926442794,0.001628034423398315,4.223545862854399e-06,0.037183999999999995,0.0003145188901553117,0.0035909299039846836,4.64215730641076e-05,4.3950085283106116e-05,8.577368746899274e-07,4.395008528315626e-05,8.577368746900915e-07,-7.331064230045821e-05,1.4492811629451667e-06,1.2321126943296997e-05,6.143601183095718e-07,0.0,0.0
t5,disappears,0.05,post,Raw,500,0.0015829888179723004,1.941422201108567e-20,0.05,0.0,0.0015833280300905832,4.354523445241995e-06,0.049744000000000003,0.00030909546747895226,0.0,0.0,0.0,0.0,0.0,0.0,-0.00011726072758361448,1.4572720707333648e-06,-3.162895833985926e-05,6.339863180527925e-07,-4.395008528315626e-05,8.577368746900915e-07
t5,disappears,0.05,post,Rolling1000,500,0.0016343436915156708,8.152059312035672e-07,0.03252409059651497,0.0001510314242941037,0.001635557705086767,4.006884024575267e-06,0.032504000000000005,0.00021421424669469102,0.004134200819869854,4.021551789030351e-05,5.135487354331938e-05,8.152059312034674e-07,5.1354873543371064e-05,8.152059312035672e-07,-6.59058540402434e-05,1.2915687807277844e-06,1.97259152035118e-05,4.3520346743571863e-07,7.4047882602148e-06,6.231480015394396e-07
t5,disappears,0.05,post,Rolling125,500,0.0016269026785643722,7.576951392891132e-07,0.045756814100771634,0.0002668791732530001,0.0016262704566828055,4.576113646685261e-06,0.045524,0.00014443188407784675,0.0032906882769675825,3.375872341886792e-05,4.3913860592023396e-05,7.576951392891143e-07,4.3913860592072266e-05,7.576951392891134e-07,-7.334686699154221e-05,1.631302992495986e-06,1.2284902252212998e-05,6.904043427629847e-07,-3.622469108399912e-08,8.160864601166059e-07
t5,disappears,0.05,post,Rolling250,500,0.0016140636237140292,6.130123943261439e-07,0.043946108778680604,0.0002565078235295133,0.0016143035175840838,4.39049526197885e-06,0.043788,0.00015108860822401582,0.002743907523981999,3.2144542219212064e-05,3.1074805741679616e-05,6.130123943260985e-07,3.1074805741729265e-05,6.130123943261439e-07,-8.61859218418852e-05,1.5371551888175943e-06,-5.541525981299983e-07,3.879080008189728e-07,-1.2875279541426997e-05,6.325449759429647e-07
t5,disappears,0.05,post,Rolling500,500,0.001614617776312159,6.339863180527925e-07,0.041482025277238224,0.00022815235914238046,0.001616167886293486,4.224295914424922e-06,0.041566000000000006,0.00017983316695168258,0.0028024281314860677,3.31845196452341e-05,3.16289583398096e-05,6.339863180528813e-07,3.162895833985926e-05,6.339863180527925e-07,-8.563176924375521e-05,1.4730246919008088e-06,0.0,0.0,-1.2321126943296997e-05,6.143601183095718e-07
t5,disappears,0.05,post,Static-CP,500,0.0017002495455559143,1.4572720707333648e-06,0.022251772391635734,0.00012731991955953353,0.0017015670790656052,3.573591909449513e-06,0.022244000000000003,0.00025104376898838935,0.007224687068882006,5.225236716014297e-05,0.00011726072758353021,1.4572720707325917e-06,0.00011726072758361448,1.4572720707333648e-06,0.0,0.0,8.563176924375521e-05,1.4730246919008088e-06,7.331064230045821e-05,1.4492811629451667e-06
t5,disappears,0.05,post,VolRolling250,500,0.0016140636237140292,6.130123943261439e-07,0.043946108778680604,0.0002565078235295133,0.0016143035175840838,4.39049526197885e-06,0.043788,0.00015108860822401582,0.002743907523981999,3.2144542219212064e-05,3.107480574167962e-05,6.130123943260986e-07,3.1074805741729265e-05,6.130123943261439e-07,-8.61859218418852e-05,1.5371551888175943e-06,-5.541525981299983e-07,3.879080008189728e-07,-1.2875279541426997e-05,6.325449759429647e-07
t5,disappears,0.05,post,VolRolling500,500,0.001614617776312159,6.339863180527925e-07,0.041482025277238224,0.00022815235914238046,0.001616167886293486,4.224295914424922e-06,0.041566000000000006,0.00017983316695168258,0.0028024281314860677,3.31845196452341e-05,3.16289583398096e-05,6.339863180528814e-07,3.162895833985926e-05,6.339863180527925e-07,-8.563176924375521e-05,1.4730246919008088e-06,0.0,0.0,-1.2321126943296997e-05,6.143601183095718e-07
t5,disappears,0.05,pre,DtACI500,500,0.0016221242889163884,9.739979746957615e-07,0.051833597411735995,0.0004709878439834821,0.0016077321053156101,8.592481919089455e-06,0.051099176548389955,0.0003992300079571771,0.0027252577168386926,4.566492829788513e-05,3.913547094403709e-05,9.739979746955193e-07,-0.00015800934030651146,9.739979746957615e-07,3.5164660199579797e-05,9.826918989654047e-07,3.06645029339026e-05,7.947877586493638e-07,2.6965462342084e-05,9.968707448567824e-07
t5,disappears,0.05,pre,InitialKupiecGate,500,0.0016003560197383805,1.6723493798755042e-06,0.05090407436298401,0.0006334483071497807,0.0015844110115089602,8.58205969185704e-06,0.049928000000000014,0.0007999534254979673,0.001649709888755893,6.910334396329065e-05,1.7367201766025936e-05,1.6723493798751461e-06,-0.00017977760948451965,1.6723493798755042e-06,1.33963910215716e-05,1.6472865415979473e-06,8.896233755894401e-06,1.5383084653979569e-06,5.197193164075802e-06,1.3394047708209615e-06
t5,disappears,0.05,pre,PastSelectedRolling,500,0.0015951588265743046,9.197347688947561e-07,0.049321325349247505,0.00040829273298348406,0.0015786363641396252,8.330150754121275e-06,0.04818400000000001,0.0005856229131384679,0.0015005811775216649,5.5507782775937055e-05,1.2170008601951739e-05,9.197347688946506e-07,-0.00018497480264859545,9.197347688947561e-07,8.199197857495796e-06,9.055077193673054e-07,3.6990405918185994e-06,8.062446064750352e-07,0.0,0.0
t5,disappears,0.05,pre,Raw,500,0.0017801336292228994,2.9121333016628507e-20,0.11456675174466645,1.8637653130642244e-18,0.0017542951560922141,1.130263526495549e-05,0.11316000000000002,0.0009256427112324256,0.007071067811865399,3.882844402217134e-20,0.00019714481125050005,2.4267777513857088e-21,0.0,0.0,0.00019317400050609127,2.1777647473437053e-07,0.0001886738432404141,4.5169777851293916e-07,0.00018497480264859545,9.197347688947561e-07
t5,disappears,0.05,pre,Rolling1000,500,0.0015870751977572904,2.0715509042420663e-07,0.049939205494058746,0.0002923971307236307,0.0015715760365165247,8.234332684656072e-06,0.04854400000000001,0.000582923431897286,0.0009642497535526,2.7398733601967887e-05,4.086379784940141e-06,2.071550904241918e-07,-0.00019305843146560965,2.0715509042420663e-07,1.155690404815962e-07,1.4297353368356802e-07,-4.384588225195601e-06,3.956597891316107e-07,-8.083628817014201e-06,8.777502524932924e-07
t5,disappears,0.05,pre,Rolling125,500,0.0016183716379919721,1.178262804586683e-06,0.04807071892783172,0.0005259148976205556,0.0016042684560089926,8.642511840790275e-06,0.04718400000000001,0.00040810953773414696,0.002900185344668912,5.810036935310004e-05,3.538282001962156e-05,1.1782628045864686e-06,-0.00016176199123092786,1.178262804586683e-06,3.14120092751634e-05,1.1818722094461813e-06,2.6911852009486197e-05,1.0693994237409605e-06,2.32128114176676e-05,1.0127164584743614e-06
t5,disappears,0.05,pre,Rolling250,500,0.0016008469625324224,7.697431916982893e-07,0.04807578317585923,0.00048418463692730335,0.0015863448592423877,8.29941764853766e-06,0.047192000000000005,0.0005084045853893232,0.002039897377403384,4.982705850556469e-05,1.785814456007344e-05,7.697431916982322e-07,-0.00017928666669047766,7.697431916982893e-07,1.3887333815613589e-05,7.757305342716249e-07,9.387176549936392e-06,5.807358857165497e-07,5.688135958117793e-06,7.511354113976607e-07
t5,disappears,0.05,pre,Rolling500,500,0.001591459785982486,4.5169777851293916e-07,0.04973496834093544,0.0003905753567202597,0.0015765142683955436,8.240745136700562e-06,0.04872800000000001,0.0005782670815767317,0.0013631978603209115,3.939650066134477e-05,8.470968010134122e-06,4.516977785130196e-07,-0.0001886738432404141,4.5169777851293916e-07,4.500157265677199e-06,4.4718671491321736e-07,0.0,0.0,-3.6990405918185994e-06,8.062446064750352e-07
t5,disappears,0.05,pre,Static-CP,500,0.0015869596287168088,2.177764747343705e-07,0.049588969790814674,0.00030142886211891024,0.0015710942914515904,8.224554655846235e-06,0.048088000000000006,0.000662527280037273,0.0009683556848726931,2.997362804615316e-05,3.9708107444604515e-06,2.1777647473427764e-07,-0.00019317400050609127,2.1777647473437053e-07,0.0,0.0,-4.500157265677199e-06,4.4718671491321736e-07,-8.199197857495796e-06,9.055077193673054e-07
t5,disappears,0.05,pre,VolRolling250,500,0.0016008469625324224,7.697431916982893e-07,0.04807578317585923,0.00048418463692730335,0.0015863448592423877,8.29941764853766e-06,0.047192000000000005,0.0005084045853893232,0.002039897377403384,4.982705850556469e-05,1.7858144560073436e-05,7.697431916982322e-07,-0.00017928666669047766,7.697431916982893e-07,1.3887333815613589e-05,7.757305342716249e-07,9.387176549936392e-06,5.807358857165497e-07,5.688135958117793e-06,7.511354113976607e-07
t5,disappears,0.05,pre,VolRolling500,500,0.001591459785982486,4.5169777851293916e-07,0.04973496834093544,0.0003905753567202597,0.0015765142683955436,8.240745136700562e-06,0.04872800000000001,0.0005782670815767317,0.0013631978603209115,3.939650066134477e-05,8.470968010134122e-06,4.516977785130196e-07,-0.0001886738432404141,4.5169777851293916e-07,4.500157265677199e-06,4.4718671491321736e-07,0.0,0.0,-3.6990405918185994e-06,8.062446064750352e-07
t5,jump_ewma,0.01,acute,DtACI500,500,0.0013082441023211044,1.1583426297035032e-05,0.03743709185218327,0.0009301024640625754,0.0013679088420242142,5.618810880839891e-05,0.03696154964509467,0.0014705534652078977,0.02181990629852643,0.0003749843581737013,0.0003327657582269554,1.1583426297034745e-05,-5.129053980855619e-05,6.171405855229465e-06,4.37739121518666e-05,7.012492389551539e-06,4.75709777374728e-05,4.2242512721889195e-06,5.30136458611708e-05,6.079103416921212e-06
t5,jump_ewma,0.01,acute,InitialKupiecGate,500,0.0013518301679970538,1.0630702335006616e-05,0.04285443493136692,0.0008397281767610567,0.001416119970934914,5.940786954832394e-05,0.0431,0.0017666414588388263,0.023639360739729384,0.0003523039313034982,0.00037635182390289825,1.0630702335006411e-05,-7.704474132606799e-06,2.5852103916065916e-06,8.735997782781599e-05,4.7258203755678505e-06,9.11570434134222e-05,6.1505593705892095e-06,9.659971153712019e-05,5.6028354635835646e-06
t5,jump_ewma,0.01,acute,PastSelectedRolling,500,0.0012552304564599338,9.931147532147633e-06,0.034539750618620566,0.0008147361535962378,0.0013162522104197528,5.6115857634518864e-05,0.033,0.00157701425101227,0.020710835612627827,0.0003824542378345927,0.00027975211236578744,9.931147532147295e-06,-0.00010430418566972699,5.923859565700969e-06,-9.239733709304195e-06,4.822832006257244e-06,-5.442668123697996e-06,4.24466909620692e-06,0.0,0.0
t5,jump_ewma,0.01,acute,Raw,500,0.0013595346421296608,1.0800709097538518e-05,0.043513852502997,0.0008455926693653688,0.0014282665993798794,5.9769094299312286e-05,0.0437,0.0017880195826825028,0.023804017657115196,0.0003551509513532493,0.00038405629803550396,1.0800709097538356e-05,0.0,0.0,9.506445196042279e-05,4.560451785649127e-06,9.8861517546029e-05,5.822513597159626e-06,0.00010430418566972699,5.923859565700969e-06
t5,jump_ewma,0.01,acute,Rolling1000,500,0.0012655157866218617,9.678808778399509e-06,0.03590084493715744,0.000787433230606569,0.001329616075236369,5.61858497629458e-05,0.0354,0.001618307089421332,0.02101222952125024,0.0003591489892229426,0.00029003744252771135,9.678808778399241e-06,-9.40188555077994e-05,4.6049376182753565e-06,1.045596452623403e-06,2.919842789742161e-06,4.842662038229601e-06,3.864357202547353e-06,1.0285330161927599e-05,3.5866222006113746e-06
t5,jump_ewma,0.01,acute,Rolling125,500,0.0012219683583685299,1.0862511233288049e-05,0.02599176778606533,0.0008573417089429603,0.001273491832388425,5.365573225446978e-05,0.025799999999999997,0.0014327685267699754,0.022680188754150767,0.0007473550381758879,0.00024649001427438667,1.0862511233287458e-05,-0.0001375662837611308,1.1249421376141437e-05,-4.2501831800708e-05,1.0573157606928983e-05,-3.87047662151018e-05,1.012925097859496e-05,-3.3262098091403795e-05,1.0076019499704724e-05
t5,jump_ewma,0.01,acute,Rolling250,500,0.0012069825531223672,9.499990050795336e-06,0.029155917077337605,0.0008101239019971567,0.0012741202357010168,5.2758716320244046e-05,0.0294,0.0014613524907442451,0.01936725500123918,0.0003922311493760922,0.00023150420902822574,9.499990050794794e-06,-0.00015255208900729359,7.82004836037958e-06,-5.7487637046870795e-05,7.604240200655044e-06,-5.3690571461264596e-05,5.801653702389819e-06,-4.824790333756661e-05,6.0302989365968356e-06
t5,jump_ewma,0.01,acute,Rolling500,500,0.001260673124583632,1.0272186963272581e-05,0.035166682959789114,0.0008350325794977584,0.0013160267628936821,5.5496497977053905e-05,0.0343,0.0015754313593222245,0.020667244959500043,0.0003663587977252203,0.0002851947804894883,1.0272186963272346e-05,-9.8861517546029e-05,5.822513597159626e-06,-3.7970655856061986e-06,5.2406117442788505e-06,0.0,0.0,5.442668123697996e-06,4.24466909620692e-06
t5,jump_ewma,0.01,acute,Static-CP,500,0.0012644701901692382,9.609736789927311e-06,0.03598360103737912,0.0007808048135047647,0.0013274276138818134,5.6387784128223345e-05,0.035300000000000005,0.0016257632707208174,0.021052197185531103,0.0003587966711217569,0.0002889918460750897,9.60973678992709e-06,-9.506445196042279e-05,4.560451785649127e-06,0.0,0.0,3.7970655856061986e-06,5.2406117442788505e-06,9.239733709304195e-06,4.822832006257244e-06
t5,jump_ewma,0.01,acute,VolRolling250,500,0.0012261100140649494,9.818164119654671e-06,0.026638800585080554,0.0008504706105284662,0.0012790466622627176,5.15037725530965e-05,0.026400000000000003,0.0013892227610284532,0.022646855451181672,0.000615969272329353,0.0002506316699708044,9.818164119654212e-06,-0.0001334246280647114,9.423489287343654e-06,-3.83601761042886e-05,8.828007655947903e-06,-3.4563110518682396e-05,7.39715049458965e-06,-2.91204423949844e-05,7.434303359300657e-06
t5,jump_ewma,0.01,acute,VolRolling500,500,0.0012561091433173424,1.0360183664082988e-05,0.03321718403403323,0.000879662931058456,0.0013006172739441456,5.381807550397033e-05,0.032299999999999995,0.0015323564312733934,0.020975489508713068,0.0003978384017877104,0.0002806307992231969,1.036018366408255e-05,-0.0001034254988123184,6.521811907221352e-06,-8.361046851895598e-06,5.722503707936387e-06,-4.563981266289399e-06,1.5541887224483598e-06,8.786868574085969e-07,4.509498632397546e-06
t5,jump_ewma,0.01,early,DtACI500,500,0.001048322931802475,2.1280947811902237e-06,0.012180303282887887,0.0002464053613352172,0.0010404774017013945,1.8273077222138758e-05,0.012018007607659307,0.00035570699284551534,0.014241197338294395,0.0002786507555274862,7.284458770835922e-05,2.1280947811894923e-06,1.6774255611984598e-05,1.6532478091344097e-06,2.5800455627820795e-05,1.5635990311959114e-06,2.1157796245179397e-05,1.117578336321746e-06,1.3642977694152398e-05,2.9088755438304194e-06
t5,jump_ewma,0.01,early,InitialKupiecGate,500,0.0010322516031340285,1.6216391537725295e-06,0.014348149818277528,0.00021250646277126676,0.0010233102262675665,1.873345326209411e-05,0.014152380952380923,0.00047891272650292825,0.011485944348215387,0.00019146034506815375,5.6773259039915007e-05,1.6216391537720008e-06,7.029269435380004e-07,4.6832153978426354e-07,9.729126959374201e-06,9.707081471535896e-07,5.086467576732801e-06,1.2551711307499915e-06,-2.428350974294199e-06,2.8715199621897707e-06
t5,jump_ewma,0.01,early,PastSelectedRolling,500,0.0010346799541083229,3.261619085857108e-06,0.011175231369068483,0.00020677741087835898,0.0010244292766676346,1.850714171647824e-05,0.010952380952380927,0.0004158769252850359,0.012920612443714348,0.00041882020177641354,5.9201610014210394e-05,3.2616190858567047e-06,3.131277917832199e-06,2.90828307796453e-06,1.21574779336684e-05,2.7606289032603807e-06,7.514818551027e-06,2.6949143939457286e-06,0.0,0.0
t5,jump_ewma,0.01,early,Raw,500,0.0010315486761904907,1.599559820033951e-06,0.014581205228300547,0.0002051890648025932,0.0010236174124426687,1.8816955164119694e-05,0.014419047619047588,0.0004811846140736394,0.011288154526674745,0.00017879055216284267,5.607033209637718e-05,1.599559820033396e-06,0.0,0.0,9.026200015836203e-06,8.627746123183023e-07,4.383540633194801e-06,1.1955586020677989e-06,-3.131277917832199e-06,2.90828307796453e-06
t5,jump_ewma,0.01,early,Rolling1000,500,0.0010228931972452652,1.53573189299858e-06,0.011835227660327878,0.0001865707591681778,0.001015453313306407,1.794315656366814e-05,0.011542857142857117,0.0004320733599543091,0.011114997270314916,0.0002139359009623967,4.741485315115511e-05,1.535731892998279e-06,-8.655478945225203e-06,9.432206332166741e-07,3.7072107061099805e-07,5.35189157754627e-07,-4.271938312030402e-06,7.129797101500755e-07,-1.1786756863057403e-05,2.6998267475923853e-06
t5,jump_ewma,0.01,early,Rolling125,500,0.0011646628643370788,1.2407292727862607e-05,0.006847772944318514,0.00024567778929284877,0.0011547038452696058,2.4463566043657502e-05,0.006552380952380937,0.00029864069328179273,0.030780587373813294,0.0014123094845680075,0.0001891845202429454,1.240729272786208e-05,0.00013311418814658822,1.1975993233572072e-05,0.0001421403881624244,1.1695778997959621e-05,0.000137497728779783,1.1599292575740314e-05,0.000129982910228756,1.1451379669355999e-05
t5,jump_ewma,0.01,early,Rolling250,500,0.00105596894696301,3.5175052211353203e-06,0.008668019117587487,0.00021023096824525583,0.0010476269873017222,1.7539593932843532e-05,0.008171428571428553,0.00035513121152312016,0.016968526918530052,0.0005070127623128479,8.04906028688896e-05,3.5175052211346566e-06,2.44202707725194e-05,3.5549994683321932e-06,3.3446470788355604e-05,3.2383569121632814e-06,2.88038114057142e-05,2.9402294355580613e-06,2.12889928546872e-05,3.7678974976476046e-06
t5,jump_ewma,0.01,early,Rolling500,500,0.0010271651355572957,1.6393519433141378e-06,0.011356389851478308,0.00020530301008729926,0.0010207252305148406,1.7867300738274602e-05,0.011066666666666641,0.0004026089714426878,0.011915043837048498,0.00023523064561644844,5.1686791463182386e-05,1.639351943313782e-06,-4.383540633194801e-06,1.1955586020677989e-06,4.6426593826413995e-06,9.17199485389902e-07,0.0,0.0,-7.514818551027e-06,2.6949143939457286e-06
t5,jump_ewma,0.01,early,Static-CP,500,0.0010225224761746543,1.5682133865286802e-06,0.012187463249885545,0.0001904340817091907,0.0010154160220321772,1.80045007266422e-05,0.012133333333333307,0.00045098357264586835,0.01091526256262357,0.00021069396918553974,4.704413208054315e-05,1.5682133865281972e-06,-9.026200015836203e-06,8.627746123183023e-07,0.0,0.0,-4.6426593826413995e-06,9.17199485389902e-07,-1.21574779336684e-05,2.7606289032603807e-06
t5,jump_ewma,0.01,early,VolRolling250,500,0.0011339229654908109,7.3069015128526994e-06,0.006843190354826255,0.00022857416401974735,0.0011316726353532759,1.8639755433909487e-05,0.006742857142857128,0.00034180368531048014,0.02742791719250071,0.0009196771853005426,0.00015844462139667542,7.306901512851844e-06,0.0001023742893003202,7.374202976520178e-06,0.0001114004893161564,7.068498346924379e-06,0.00010675782993351499,6.837222854501558e-06,9.9243011382488e-05,7.061937783700939e-06
t5,jump_ewma,0.01,early,VolRolling500,500,0.0010541506291305571,2.8388975688186414e-06,0.009770166739790625,0.00023519647779890059,0.0010481785443350598,1.7594326654030154e-05,0.009866666666666642,0.00040056036619278145,0.01629159039943961,0.0004176141827355789,7.867228503643567e-05,2.838897568817934e-06,2.2601952940066594e-05,2.6677123483297595e-06,3.1628152955902795e-05,2.3416251473609076e-06,2.6985493573261397e-05,1.787511516845729e-06,1.9470675022234396e-05,3.1426620484060527e-06
t5,jump_ewma,0.01,late,DtACI500,500,0.0010719660485396972,1.7403328860747872e-06,0.012077197733308325,0.00019051736876275044,0.0010696554254474818,8.319000974887459e-06,0.012160655723172178,0.00011932201378930948,0.016838458703150393,0.00023392317929232966,9.648770444557196e-05,1.7403328860739264e-06,4.88847013054516e-05,1.5155438089457843e-06,5.4859039102339e-05,1.502888242576375e-06,3.531699967926619e-05,9.592445877454097e-07,3.1355479472469595e-05,2.3213152351611828e-06
t5,jump_ewma,0.01,late,InitialKupiecGate,500,0.0010244726633258756,9.132749095454114e-07,0.013159421807268127,0.00010666817813698158,0.0010241974263434858,8.231227224568303e-06,0.013372000000000002,0.00020082802541374338,0.010978835892745736,0.000122650712347616,4.899431923176891e-05,9.132749095451203e-07,1.3913160916301988e-06,5.458011552114858e-07,7.3656538885176e-06,6.825109393827314e-07,-1.21763855345552e-05,1.2244916781882192e-06,-1.61379057413518e-05,2.300759550415906e-06
t5,jump_ewma,0.01,late,PastSelectedRolling,500,0.0010406105690672273,2.3669351911152727e-06,0.009580040411085122,0.000141095299070238,0.001037199607312509,8.199440033183713e-06,0.009604000000000001,0.00016496300672324795,0.014333645108729117,0.00033184227098657893,6.513222497311221e-05,2.366935191114488e-06,1.7529221832982e-05,2.3455067074509185e-06,2.35035596298694e-05,2.2917708561080572e-06,3.961520206796599e-06,2.1634129316275044e-06,0.0,0.0
t5,jump_ewma,0.01,late,Raw,500,0.0010230813472342454,7.473711750617787e-07,0.013373735400847232,9.471008860496079e-05,0.0010222318607136685,8.2291462438751e-06,0.013532,0.00019605823027692214,0.010715119188357342,8.763853858031356e-05,4.760300314013884e-05,7.473711750616222e-07,0.0,0.0,5.974337796887401e-06,4.3347943055725306e-07,-1.3567701626185398e-05,1.1087033436723278e-06,-1.7529221832982e-05,2.3455067074509185e-06
t5,jump_ewma,0.01,late,Rolling1000,500,0.0010219522010239547,8.485164266479158e-07,0.009959131921373203,0.00012000018988400776,0.0010198839442788878,7.734061521892943e-06,0.01014,0.00016762157972044037,0.011714658737366719,0.00013346110495236153,4.6473856929844745e-05,8.485164266476945e-07,-1.1291462102910018e-06,6.389331814115368e-07,4.845191586596399e-06,5.396245987618383e-07,-1.4696847836476401e-05,8.35245023285866e-07,-1.8658368043273e-05,2.141438885847029e-06
t5,jump_ewma,0.01,late,Rolling125,500,0.0011719334383479526,6.447041943198854e-06,0.007658926789399264,0.00015464024356168313,0.001168032164496854,1.24298875411642e-05,0.007632000000000002,0.00011680942120293006,0.031215193568722783,0.0007355982131726128,0.0001964550942538075,6.4470419431984484e-06,0.000148852091113707,6.218550050219034e-06,0.0001548264289105944,6.109262489006112e-06,0.00013528438948752158,5.924076359221344e-06,0.000131322869280725,6.068531184340486e-06
t5,jump_ewma,0.01,late,Rolling250,500,0.0010858307536354658,3.201213535839954e-06,0.007783759180945232,0.00015495312405197604,0.0010818973504354327,8.917994300354654e-06,0.007828000000000002,0.000125172554246821,0.021256658557999856,0.0004318461419058472,0.00011035240954133787,3.2012135358392737e-06,6.27494064012204e-05,3.1446088619802867e-06,6.872374419810781e-05,3.0583067132435013e-06,4.9181704775035e-05,2.6644160403185488e-06,4.5220184568238396e-05,3.187112451268577e-06
t5,jump_ewma,0.01,late,Rolling500,500,0.001036649048860431,1.2730836727574717e-06,0.00980060620182962,0.00015993151684627296,0.0010342346338680585,7.833050396782499e-06,0.009864000000000001,0.00015474786526348987,0.013856998276164819,0.00019756640980064165,6.117070476631775e-05,1.2730836727570075e-06,1.3567701626185398e-05,1.1087033436723278e-06,1.9542039423072798e-05,1.0538149842148244e-06,0.0,0.0,-3.961520206796599e-06,2.1634129316275044e-06
t5,jump_ewma,0.01,late,Static-CP,500,0.0010171070094373582,7.221748458738988e-07,0.01116073095837997,0.00010192977963733788,0.0010161136711898035,7.926275058552015e-06,0.011316000000000003,0.00019853241104785118,0.010582654848472603,0.00010073341430715386,4.162866534324765e-05,7.221748458737128e-07,-5.974337796887401e-06,4.3347943055725306e-07,0.0,0.0,-1.9542039423072798e-05,1.0538149842148244e-06,-2.35035596298694e-05,2.2917708561080572e-06
t5,jump_ewma,0.01,late,VolRolling250,500,0.0011109646473860273,4.213428608740526e-06,0.007707356232629474,0.00015320509941590496,0.0011070424936118117,9.75459975069777e-06,0.007692,0.00012283504751411787,0.024244822340299826,0.0005302797932962848,0.00013548630329189476,4.2134286087399694e-06,8.7883300151782e-05,4.139017704990319e-06,9.38576379486694e-05,4.0529367295295035e-06,7.431559852559661e-05,3.669640905155269e-06,7.03540783188e-05,4.06829231978491e-06
t5,jump_ewma,0.01,late,VolRolling500,500,0.0010477468106539019,1.5611759235795554e-06,0.009754928981040028,0.00015966857129089118,0.0010454615776141437,8.055889178553019e-06,0.009808,0.0001523308286681506,0.015402066130466187,0.00023622019107118238,7.226846655978444e-05,1.5611759235788274e-06,2.4665463419656397e-05,1.4091775677922526e-06,3.06398012165438e-05,1.3408042855520507e-06,1.1097761793471002e-05,5.004529828573284e-07,7.136241586674403e-06,2.187022084495047e-06
t5,jump_ewma,0.01,middle,DtACI500,500,0.0010606352261038033,1.8588795180205561e-06,0.011826649428455923,0.00019839867425745498,0.0010583003073545178,9.272422217464345e-06,0.011613954578063617,0.0001402798119994981,0.015787024620342646,0.0002539017033901528,8.515688200968391e-05,1.85887951801976e-06,3.7824641899022206e-05,1.606255589038365e-06,4.3629627974224005e-05,1.5751244136111342e-06,3.04130853011174e-05,9.679145083592214e-07,2.3541696980745596e-05,2.6111665942014844e-06
t5,jump_ewma,0.01,middle,InitialKupiecGate,500,0.0010243999627897013,1.2800758520926515e-06,0.013170842597129168,0.00011944806401669452,0.0010247176357052093,9.221583295570854e-06,0.013098666666666635,0.00022359603488899488,0.011016312823687474,0.00016984674808763437,4.892161869559095e-05,1.2800758520926808e-06,1.5893785849202e-06,1.0379393367242845e-06,7.394364660122006e-06,1.1131700686857266e-06,-5.8221780129846e-06,1.4442787737190328e-06,-1.2693566333356405e-05,2.4633565254357393e-06
t5,jump_ewma,0.01,middle,PastSelectedRolling,500,0.0010370935291230577,2.7840266030153465e-06,0.010019666395544843,0.00014747633613379182,0.0010399932953757992,9.26524105479021e-06,0.009957333333333302,0.00018117089663512495,0.013723204168610795,0.0003671738924964342,6.161518502894465e-05,2.7840266030147502e-06,1.4282944918276604e-05,2.6579281754094674e-06,2.008793099347841e-05,2.59062374737888e-06,6.871388320371804e-06,2.502284541655049e-06,0.0,0.0
t5,jump_ewma,0.01,middle,Raw,500,0.0010228105842047812,7.612841379459943e-07,0.01342528307893577,0.00010818171263358005,0.001023361474807633,9.187611860264662e-06,0.013327999999999967,0.00022301338211837073,0.01072076566535716,9.444746940748265e-05,4.7332240110671444e-05,7.612841379460739e-07,0.0,0.0,5.804986075201806e-06,4.6530491193816077e-07,-7.4115565979048e-06,1.110595711517693e-06,-1.4282944918276604e-05,2.6579281754094674e-06
t5,jump_ewma,0.01,middle,Rolling1000,500,0.0010192131225850618,8.39801712162253e-07,0.010642870586830146,0.00012180580768011657,0.001021188609912713,8.716452473509179e-06,0.010618666666666634,0.00019255068359714982,0.011115617574943304,0.00013113996535898798,4.37347784909518e-05,8.398017121620759e-07,-3.5974616197191963e-06,5.850617818932515e-07,2.20752445548261e-06,3.842761149846253e-07,-1.1009018217623996e-05,8.219216205196808e-07,-1.78804065379958e-05,2.5269135970389245e-06
t5,jump_ewma,0.01,middle,Rolling125,500,0.0011773735300916151,6.519961632358583e-06,0.007959361175899302,0.00018544500367178427,0.001178744022787631,1.2630533790039115e-05,0.008074666666666633,0.00014420431335505397,0.031670940939997075,0.000759734909310012,0.00020189518599746797,6.51996163235808e-06,0.000154562945886834,6.2876522024516795e-06,0.0001603679319620358,6.165920122993914e-06,0.0001471513892889292,5.863549346290541e-06,0.0001402800009685574,5.893120363000652e-06
t5,jump_ewma,0.01,middle,Rolling250,500,0.0010852938338737274,3.905011654199095e-06,0.007705300529759696,0.00017329548700036613,0.001084065231656215,1.0036848060447981e-05,0.007877333333333304,0.00014871270978370851,0.021185901803315144,0.0005256650367030203,0.00010981548977960348,3.905011654198381e-06,6.248324966894661e-05,3.7779638632277146e-06,6.828823574414841e-05,3.6436957441003672e-06,5.50716930710418e-05,3.1022201288431102e-06,4.820030475067e-05,3.873189200266969e-06
t5,jump_ewma,0.01,middle,Rolling500,500,0.0010302221408026856,1.2728034745853083e-06,0.009722480564528065,0.00015661096772763471,0.0010308631916018493,8.776334436316797e-06,0.009722666666666633,0.00016698551731408312,0.013075058950790676,0.00020769880664045468,5.474379670857524e-05,1.272803474584926e-06,7.4115565979048e-06,1.110595711517693e-06,1.3216542673106606e-05,1.0015648637389945e-06,0.0,0.0,-6.871388320371804e-06,2.502284541655049e-06
t5,jump_ewma,0.01,middle,Static-CP,500,0.0010170055981295791,7.585617480973915e-07,0.011221617151923458,0.00011395836041511443,0.0010188588019312452,8.765409000288237e-06,0.010986666666666632,0.0002173043900878638,0.010604352943222508,0.00011423745630094058,4.1527254035469e-05,7.585617480973592e-07,-5.804986075201806e-06,4.6530491193816077e-07,0.0,0.0,-1.3216542673106606e-05,1.0015648637389945e-06,-2.008793099347841e-05,2.59062374737888e-06
t5,jump_ewma,0.01,middle,VolRolling250,500,0.0011230056811824612,5.138269476800115e-06,0.007354926484981149,0.0001734425079225246,0.0011206663801689159,1.0795859281195528e-05,0.007439999999999971,0.00015407881282357492,0.02585398679098273,0.0006507908100143766,0.0001475273370883265,5.13826947679939e-06,0.0001001950969776802,5.014547864855915e-06,0.000106000083052882,4.8785019962958805e-06,9.27835403797754e-05,4.334680976838105e-06,8.591215205940359e-05,4.835598153796905e-06
t5,jump_ewma,0.01,middle,VolRolling500,500,0.0010540515658627005,2.211192915578004e-06,0.008948184350481305,0.00017591680827569307,0.001053800385511849,9.045626627868166e-06,0.008815999999999966,0.0001730078234343596,0.016660346781742295,0.00033146094813209183,7.857322176858292e-05,2.2111929155773088e-06,3.1240981657919604e-05,2.091807090573716e-06,3.704596773312141e-05,1.9609449179744055e-06,2.3829425060014806e-05,1.209653496167407e-06,1.6958036739642998e-05,2.711054290101941e-06
t5,jump_ewma,0.01,post,DtACI500,500,0.0010699600239444573,1.2611756403400276e-06,0.01250126608407203,0.0001391928907147661,0.0010682986320008146,6.096423746281564e-06,0.012436682620066065,5.748069557611524e-05,0.01627108743069513,0.0001731920949183667,9.448167985033065e-05,1.2611756403390836e-06,3.936207740794739e-05,1.1042980207273885e-06,4.7375156125461795e-05,1.1070205366953428e-06,3.223639498804879e-05,6.403265875572907e-07,2.6998661679124596e-05,2.047130436648291e-06
t5,jump_ewma,0.01,post,InitialKupiecGate,500,0.00103180933939809,8.080375310184495e-07,0.013882421307103978,8.912137037288128e-05,0.0010321377997379888,5.949020589813607e-06,0.013946000000000002,0.00014491434827743367,0.011299346626612873,0.00010965805550515635,5.633099530398185e-05,8.080375310182889e-07,1.2113928615799986e-06,5.885273282021715e-07,9.224471579094402e-06,6.964589823898751e-07,-5.914289558318601e-06,9.411539797979342e-07,-1.1152022867242795e-05,1.991098530939034e-06
t5,jump_ewma,0.01,post,PastSelectedRolling,500,0.0010429613622653328,2.103541166464002e-06,0.01041158940999648,0.00011718558736705618,0.0010424874076806767,6.204904471322402e-06,0.010346,9.85901010042695e-05,0.01408390513643617,0.00028967129575098097,6.748301817121927e-05,2.1035411664634637e-06,1.2363415728822793e-05,2.063175116160074e-06,2.03764944463372e-05,2.044111968601122e-06,5.237733308924194e-06,1.9666176386149626e-06,0.0,0.0
t5,jump_ewma,0.01,post,Raw,500,0.0010305979465365098,5.725091400262504e-07,0.014122652454056027,7.399861593092377e-05,0.0010309216437037736,5.925230068094467e-06,0.014152000000000001,0.0001378106510800316,0.011039183297130757,6.121556583870046e-05,5.511960244240267e-05,5.725091400261239e-07,0.0,0.0,8.013078717514402e-06,3.8830264187044536e-07,-7.1256824198985996e-06,7.873333556027279e-07,-1.2363415728822793e-05,2.063175116160074e-06
t5,jump_ewma,0.01,post,Rolling1000,500,0.0010258951229245646,6.258132496693622e-07,0.010931358233825482,0.00010190832474052362,0.001026102620258612,5.635198811919365e-06,0.010972,9.716642748016681e-05,0.011613005263095172,9.526038276897193e-05,5.04167788304565e-05,6.258132496693163e-07,-4.702823611945406e-06,4.5820564972308277e-07,3.3102551055689965e-06,3.719753564332275e-07,-1.1828506031844006e-05,5.581808986603174e-07,-1.70662393407682e-05,1.9535105480183316e-06
t5,jump_ewma,0.01,post,Rolling125,500,0.0011742107608810942,4.500757608974393e-06,0.00805307535053662,0.00011106417681438782,0.0011727588311948637,8.785284239916077e-06,0.008048,8.178489798904291e-05,0.0311697650861937,0.0005165560804153306,0.0001987324167869436,4.500757608974021e-06,0.000143612814344584,4.340285346578415e-06,0.0001516258930620984,4.267720918727481e-06,0.00013648713192468536,4.045755164560027e-06,0.0001312493986157612,4.274235049640067e-06
t5,jump_ewma,0.01,post,Rolling250,500,0.0010849169550139455,2.363586965025612e-06,0.00827462763802594,0.00011010225870826553,0.0010829563754694979,6.641329394921169e-06,0.008314,7.195250047530869e-05,0.020742082881713548,0.00031848047979095035,0.00010943861091981654,2.3635869650248483e-06,5.431900847743539e-05,2.3208537265694333e-06,6.23320871949498e-05,2.2512803207018554e-06,4.7193326057536785e-05,1.878059442773443e-06,4.1955592748612605e-05,2.6377990711546742e-06
t5,jump_ewma,0.01,post,Rolling500,500,0.0010377236289564086,9.04676246731067e-07,0.01044198790621384,0.0001177137874267525,0.001037187698246656,5.778841036034902e-06,0.010426000000000001,8.11802220797272e-05,0.01349607074670901,0.0001450762456122133,6.224528486230082e-05,9.046762467308408e-07,7.1256824198985996e-06,7.873333556027279e-07,1.5138761137413003e-05,7.455035723004165e-07,0.0,0.0,-5.237733308924194e-06,1.9666176386149626e-06
t5,jump_ewma,0.01,post,Static-CP,500,0.0010225848678189957,5.833859488965472e-07,0.011787827573146845,9.730924486625515e-05,0.0010232961209101353,5.688748319134815e-06,0.011758000000000003,0.00015066609620312786,0.01083510629073084,7.41481728868703e-05,4.7106523724885047e-05,5.833859488966509e-07,-8.013078717514402e-06,3.8830264187044536e-07,0.0,0.0,-1.5138761137413003e-05,7.455035723004165e-07,-2.03764944463372e-05,2.044111968601122e-06
t5,jump_ewma,0.01,post,VolRolling250,500,0.001120193565794273,3.2088709633315928e-06,0.007863086547141037,0.00011063789661514707,0.0011181776993265972,7.202827421608671e-06,0.007872000000000002,7.680514344834101e-05,0.02515052463100464,0.0004048189471346114,0.00014471522170012786,3.2088709633310553e-06,8.959561925776299e-05,3.1616209841984164e-06,9.76086979752774e-05,3.097475696877228e-06,8.24699368378644e-05,2.729485650711524e-06,7.723220352894021e-05,3.2828765209373194e-06
t5,jump_ewma,0.01,post,VolRolling500,500,0.0010549507414505195,1.3128728443733242e-06,0.009923244810309182,0.0001254243940140111,0.0010539770260080807,5.9756001311409985e-06,0.009892,8.85004896785701e-05,0.016078789890501877,0.00020351124856153057,7.947239735640225e-05,1.312872844372758e-06,2.4352794914009593e-05,1.2333395110628142e-06,3.2365873631524e-05,1.1802980932141483e-06,1.7227112494110997e-05,6.308992489263521e-07,1.1989379185186801e-05,1.9973231871810006e-06
t5,jump_ewma,0.01,pre,DtACI500,500,0.0005362983618856196,9.985352898849424e-07,0.013210575888527639,0.00024037637514174668,0.0005262761182784738,5.204475088469693e-06,0.012821156161614763,0.00019127615467773198,0.008097746831570404,0.0001187205029026483,4.855918983858937e-05,9.985352898845684e-07,2.4852036842768198e-05,8.147167411667305e-07,2.5102786305748402e-05,8.518906013292096e-07,1.86535470964218e-05,6.337840999914119e-07,1.44417452238432e-05,1.38234947296631e-06
t5,jump_ewma,0.01,pre,InitialKupiecGate,500,0.00051213538600674,5.605136708607598e-07,0.013329803084236619,0.00014166042602394948,0.0005025158194778814,5.340287468771622e-06,0.013112000000000002,0.0002883282475872134,0.005459445009032705,7.048790434450085e-05,2.43962139597112e-05,5.605136708606298e-07,6.890609638884001e-07,2.510425332981334e-07,9.398104268686005e-07,5.375689366789105e-07,-5.509428782457999e-06,7.448654894679338e-07,-9.721230655036602e-06,1.4884312539322394e-06
t5,jump_ewma,0.01,pre,PastSelectedRolling,500,0.0005218566166617765,1.547917841400513e-06,0.009562666520338848,0.0001967389592750049,0.0005113872481006243,5.272672628896781e-06,0.008944,0.0002478802477699039,0.00739640134734903,0.00020818876353482555,3.411744461474589e-05,1.5479178414001797e-06,1.0410291618925e-05,1.5005339627579393e-06,1.0661041081905202e-05,1.4236366174005197e-06,4.2118018725786015e-06,1.2535020514670936e-06,0.0,0.0
t5,jump_ewma,0.01,pre,Raw,500,0.0005114463250428515,5.067506654808034e-07,0.013472445272929208,0.00012972080358024675,0.000501488762610058,5.33121838671371e-06,0.013240000000000002,0.0002866096477447344,0.005340624744849663,5.979558147813763e-05,2.3707152995822705e-05,5.067506654806959e-07,0.0,0.0,2.507494629802004e-07,4.883930580243854e-07,-6.198489746346399e-06,7.334633051309927e-07,-1.0410291618925e-05,1.5005339627579393e-06
t5,jump_ewma,0.01,pre,Rolling1000,500,0.0005120641187653399,6.127577108259565e-07,0.009774888266172326,0.00015483065818900363,0.0005025234359221091,4.952685347686707e-06,0.009304000000000002,0.00023888344144622998,0.006060154006158153,9.58826499618887e-05,2.432494671831312e-05,6.127577108260133e-07,6.177937224884026e-07,4.913682986333319e-07,8.68543185468603e-07,2.2067651539401847e-07,-5.580696023857996e-06,5.394102585756782e-07,-9.792497896436598e-06,1.3681447110674047e-06
t5,jump_ewma,0.01,pre,Rolling125,500,0.0005854461702304128,4.341453720931889e-06,0.007972988439418757,0.00021609595301495793,0.000577395936657084,7.666908494498983e-06,0.007688000000000001,0.0001935153958134434,0.015392948011279614,0.0004941642390901872,9.770699818336911e-05,4.3414537209312345e-06,7.399984518756141e-05,4.19451944703831e-06,7.425059465054159e-05,4.069163354900887e-06,6.7801355441215e-05,4.045755311384951e-06,6.35895535686364e-05,3.970305555594416e-06
t5,jump_ewma,0.01,pre,Rolling250,500,0.0005397509216112769,1.96545282265622e-06,0.008015291755151225,0.00020520183603960993,0.0005307874177999268,5.585491655071458e-06,0.007376000000000001,0.0001971064430702345,0.01018128143194185,0.0002671163109721951,5.201174956424312e-05,1.9654528226557727e-06,2.8304596568425406e-05,1.8763565752136531e-06,2.8555346031405603e-05,1.7276007286321262e-06,2.2106106822079002e-05,1.59687372652087e-06,1.7894304949500403e-05,1.7698055669089985e-06
t5,jump_ewma,0.01,pre,Rolling500,500,0.0005176448147891979,8.234686117311528e-07,0.009764322097951,0.00019444372617386616,0.0005075705955743999,4.9478882736033846e-06,0.00932,0.0002442837471020051,0.0068630443710013655,0.0001244574768198732,2.9905642742168475e-05,8.234686117310064e-07,6.198489746346399e-06,7.334633051309927e-07,6.449239209326599e-06,6.17988561460862e-07,0.0,0.0,-4.2118018725786015e-06,1.2535020514670936e-06
t5,jump_ewma,0.01,pre,Static-CP,500,0.0005111955755798712,6.088848694132568e-07,0.009700585753720768,0.00015786001539489053,0.0005012957867212976,4.905165525032489e-06,0.009272000000000002,0.00026322348909324343,0.005950870037311529,9.606752403371546e-05,2.3456403532841325e-05,6.088848694132386e-07,-2.507494629802004e-07,4.883930580243854e-07,0.0,0.0,-6.449239209326599e-06,6.17988561460862e-07,-1.0661041081905202e-05,1.4236366174005197e-06
t5,jump_ewma,0.01,pre,VolRolling250,500,0.0005511470363485016,2.3617068438028184e-06,0.007952203173386614,0.00020566849345768205,0.000542285913029811,5.905063480814544e-06,0.0074080000000000005,0.00019001917422498786,0.011556402234404321,0.00030888853009003605,6.340786430146578e-05,2.3617068438021844e-06,3.97007113056502e-05,2.2730913683785398e-06,3.99514607686304e-05,2.131103076408311e-06,3.35022215593038e-05,2.003367916840365e-06,2.9290419686725198e-05,2.052455960307788e-06
t5,jump_ewma,0.01,pre,VolRolling500,500,0.0005229203377434806,9.72856608939052e-07,0.009739630445160654,0.00019546825840120697,0.0005130373401406399,5.079803517959963e-06,0.009400000000000002,0.00024338955802151376,0.007603963749798817,0.0001448303661197566,3.5181165696452396e-05,9.7285660893889e-07,1.1474012700629201e-05,8.596844652707506e-07,1.17247621636094e-05,6.915579849114585e-07,5.275522954282801e-06,3.5732337976705483e-07,1.0637210817042e-06,1.2185050995430066e-06
t5,jump_ewma,0.05,acute,DtACI500,500,0.0036337120035614475,1.3357854925691277e-05,0.10355460026231544,0.0015778929610702238,0.0037093871516968085,7.917706343763349e-05,0.10297520818124233,0.0024162971824948265,0.012965996844454007,0.00020379316431989403,0.0004677343676166499,1.3357854925691146e-05,-9.66481349957174e-05,6.953750454682273e-06,-8.575018778701606e-06,6.909715981527812e-06,-2.3617007747596033e-06,4.582997791630728e-06,-4.555027221203006e-06,5.428991996729143e-06
t5,jump_ewma,0.05,acute,InitialKupiecGate,500,0.003721732501083225,1.4260445060037375e-05,0.11863601062006926,0.0015650046703112107,0.0037913817730206444,8.143644312998031e-05,0.1144,0.0028986348801352466,0.014146404245486093,0.00021417214275320224,0.0005557548651384265,1.4260445060037278e-05,-8.627637473940402e-06,2.2101227039093865e-06,7.94454787430754e-05,3.7011329961355887e-06,8.56587967470174e-05,4.717418848637745e-06,8.3465470300574e-05,4.48642503566341e-06
t5,jump_ewma,0.05,acute,PastSelectedRolling,500,0.003638267030782651,1.3473440841024512e-05,0.10942521441995538,0.0015381919925908062,0.0037073620586955815,8.017544261238695e-05,0.10750000000000001,0.0027518439800579466,0.013001408682318161,0.00021641668526939194,0.0004722893948378528,1.3473440841024385e-05,-9.209310777451438e-05,4.703875026632875e-06,-4.0199915574986e-06,4.297653813395219e-06,2.193326446443403e-06,3.286378913283721e-06,0.0,0.0
t5,jump_ewma,0.05,acute,Raw,500,0.003730360138557165,1.4249071338747652e-05,0.1197752789319382,0.0015429551381403587,0.00380359494900637,8.182654428352668e-05,0.1159,0.0029328455749208244,0.014254753315622311,0.0002126779300147223,0.0005643825026123665,1.4249071338747574e-05,0.0,0.0,8.80731162170158e-05,3.4174246173512306e-06,9.42864342209578e-05,4.706906776663548e-06,9.209310777451438e-05,4.703875026632875e-06
t5,jump_ewma,0.05,acute,Rolling1000,500,0.00364106882260638,1.295821906916382e-05,0.11038509944515253,0.0014800273195279797,0.0037158896984888176,8.013009891142868e-05,0.1077,0.0027976908600302127,0.013091310324177102,0.00021121480887262642,0.0004750911866615819,1.2958219069163702e-05,-8.92913159507852e-05,3.6251512162460094e-06,-1.2181997337693965e-06,2.4977306299442773e-06,4.995118270172606e-06,2.969879977881351e-06,2.8017918237292036e-06,2.8677642221654377e-06
t5,jump_ewma,0.05,acute,Rolling125,500,0.0035886375013377105,1.335242886698042e-05,0.10136027538859917,0.001580272781495988,0.0036789441813465033,7.937765273192932e-05,0.10000000000000002,0.0027266957548430218,0.01224016035429921,0.00021233548073252586,0.0004226598653929128,1.3352428866980264e-05,-0.0001417226372194552,8.48023337790286e-06,-5.36495210024394e-05,8.2736123611968e-06,-4.7436202998497404e-05,7.141109682091575e-06,-4.9629529444940806e-05,6.985500342807291e-06
t5,jump_ewma,0.05,acute,Rolling250,500,0.0036072732696995056,1.323712424582758e-05,0.10536274536333254,0.0015332391807029717,0.0036895483293719906,7.944744574858145e-05,0.1029,0.0027143905083210347,0.012550598453896422,0.00021483418632218317,0.0004412956337547094,1.3237124245827387e-05,-0.0001230868688576592,6.596973944693042e-06,-3.50137526406434e-05,6.6460056944616915e-06,-2.8800434636701394e-05,4.491593745745914e-06,-3.0993761083144796e-05,4.621636584225838e-06
t5,jump_ewma,0.05,acute,Rolling500,500,0.0036360737043362075,1.3212331298107048e-05,0.1094259474189615,0.001510150726444973,0.003710285250425322,7.993235458688498e-05,0.10710000000000001,0.002713652117650909,0.012966375699542598,0.00021458886051985528,0.0004700960683914097,1.3212331298106912e-05,-9.42864342209578e-05,4.706906776663548e-06,-6.213318003942003e-06,4.416872741171227e-06,0.0,0.0,-2.193326446443403e-06,3.286378913283721e-06
t5,jump_ewma,0.05,acute,Static-CP,500,0.0036422870223401494,1.2863814143588587e-05,0.11073967074119982,0.0014708386127953298,0.0037172463372298022,8.021650005251804e-05,0.1078,0.0027953439673484874,0.013142293876367027,0.00021123415519957759,0.0004763093863953515,1.2863814143588451e-05,-8.80731162170158e-05,3.4174246173512306e-06,0.0,0.0,6.213318003942003e-06,4.416872741171227e-06,4.0199915574986e-06,4.297653813395219e-06
t5,jump_ewma,0.05,acute,VolRolling250,500,0.0036037493756820665,1.3419434469772491e-05,0.10057425432062198,0.0016438920944781656,0.0036834133759254986,7.907146621531435e-05,0.09910000000000001,0.0026537642943297956,0.01263733352193515,0.00022506921132789753,0.00043777173973726937,1.3419434469772337e-05,-0.00012661076287509904,7.896922588904858e-06,-3.853764665808321e-05,7.63326064824788e-06,-3.2324328654141205e-05,5.619745040278776e-06,-3.451765510058461e-05,5.690665156413964e-06
t5,jump_ewma,0.05,acute,VolRolling500,500,0.003627728017816615,1.3389863385677426e-05,0.1059637768235777,0.0015854757583764838,0.003696681227453444,7.965962561793558e-05,0.1044,0.0027084962440084006,0.012848920621634645,0.00022334899067534943,0.00046175038187181697,1.3389863385677287e-05,-0.00010263212074055059,5.573467481331338e-06,-1.4559004523534788e-05,5.017245555257414e-06,-8.345686519592785e-06,1.6622595057240392e-06,-1.0539012966036189e-05,3.809718205073639e-06
t5,jump_ewma,0.05,early,DtACI500,500,0.003308073039386974,4.158718415081895e-06,0.05152595343136191,0.0006161568023986232,0.0033014794952569326,2.8950367144045227e-05,0.05181268707493634,0.0006928299829614779,0.00809334039472834,0.00013742248003029018,0.00014209540344219227,4.1587184150812644e-06,3.233384085644739e-05,2.8922587546885128e-06,4.394833117491699e-05,2.4997427501155305e-06,4.2424625122694595e-05,1.9572637765355406e-06,3.71002934481048e-05,2.1657822946510672e-06
t5,jump_ewma,0.05,early,InitialKupiecGate,500,0.0032749817056973605,3.4165197869715928e-06,0.060592964814527216,0.0006095188248894536,0.003270317660285222,2.948470618856578e-05,0.060380952380952355,0.0009583172184483796,0.006741567416409456,0.00010963961845717451,0.00010900406975259089,3.4165197869708156e-06,-7.574928331662038e-07,5.472514161445445e-07,1.0856997485303393e-05,1.0350019105647213e-06,9.333291433080998e-06,1.4378458290388586e-06,4.008959758491201e-06,2.1729818930356364e-06
t5,jump_ewma,0.05,early,PastSelectedRolling,500,0.0032709727459388693,3.872316787525655e-06,0.0545009031125972,0.0005947869143980905,0.0032622567837182234,2.9122632916186434e-05,0.05466666666666663,0.0008758651275282691,0.0067695535960148896,0.00013352595735134168,0.00010499510999409842,3.8723167875249954e-06,-4.766452591657406e-06,2.238115958577465e-06,6.848037726812191e-06,1.9027168126782714e-06,5.324331674589796e-06,1.600853188799702e-06,0.0,0.0
t5,jump_ewma,0.05,early,Raw,500,0.003275739198530527,3.3690251260752302e-06,0.061399503493121316,0.0006012450251459356,0.0032710766146784235,2.957313957784399e-05,0.061371428571428535,0.0009532264593085926,0.0067597772982779,0.00010706659913283303,0.00010976156258575714,3.3690251260744433e-06,0.0,0.0,1.1614490318469595e-05,1.0231621633016681e-06,1.0090784266247202e-05,1.492062601111745e-06,4.766452591657406e-06,2.238115958577465e-06
t5,jump_ewma,0.05,early,Rolling1000,500,0.00326411137497362,3.4009222102101237e-06,0.05576917558180014,0.0005589570122294677,0.0032593219661279497,2.914563909852991e-05,0.05609523809523806,0.0008863347670197898,0.006496330006323969,0.00011425591755414911,9.813373902885114e-05,3.4009222102094533e-06,-1.162782355690661e-05,1.1280792681394953e-06,-1.3333238437012244e-08,5.506863008258905e-07,-1.5370392906594076e-06,7.415888939407962e-07,-6.8613709652492035e-06,1.7399261574078288e-06
t5,jump_ewma,0.05,early,Rolling125,500,0.003315470809902653,5.023398348059669e-06,0.04534242208641877,0.0006481853311148328,0.0033085617944985293,2.9150164905997973e-05,0.04558095238095234,0.0006848373691113369,0.008771053423824874,0.00017912921902193577,0.00014949317395787398,5.023398348058938e-06,3.9731611372125786e-05,4.298065710062189e-06,5.134610169059539e-05,3.7867674209371758e-06,4.9822395638373e-05,3.4559182718492387e-06,4.44980639637832e-05,3.31544545661386e-06
t5,jump_ewma,0.05,early,Rolling250,500,0.003272704609431755,3.8072155901569876e-06,0.050655419761113846,0.0005848164594925244,0.0032689558939232297,2.8842037147389737e-05,0.05140952380952377,0.0008048309325087377,0.006974425077611693,0.00013185411744789078,0.00010672697348698266,3.8072155901563214e-06,-3.034589098771813e-06,2.331362958024685e-06,8.579901219697785e-06,1.8580189327135436e-06,7.056195167475389e-06,1.3349686781853679e-06,1.7318634928855927e-06,1.7496982232567304e-06
t5,jump_ewma,0.05,early,Rolling500,500,0.0032656484142642795,3.470536380502626e-06,0.05467556957766642,0.0005688533742331501,0.0032598668414411296,2.8962965276669988e-05,0.05497142857142853,0.0008497005957313307,0.006574893414616317,0.00011661470667689866,9.967077831951329e-05,3.4705363805019237e-06,-1.0090784266247202e-05,1.492062601111745e-06,1.5237060522223953e-06,1.085247839056738e-06,0.0,0.0,-5.324331674589796e-06,1.600853188799702e-06
t5,jump_ewma,0.05,early,Static-CP,500,0.0032641247082120573,3.4053598934882524e-06,0.05659083480084889,0.0005638852561971454,0.003259649670385352,2.9237457512887887e-05,0.056933333333333294,0.000917731760019289,0.006477331322577792,0.0001142866283411876,9.814707226728936e-05,3.4053598934875866e-06,-1.1614490318469595e-05,1.0231621633016681e-06,0.0,0.0,-1.5237060522223953e-06,1.085247839056738e-06,-6.848037726812191e-06,1.9027168126782714e-06
t5,jump_ewma,0.05,early,VolRolling250,500,0.00332525751610331,5.899847870560637e-06,0.04508322432117694,0.0006591775010133077,0.0033208648855034585,2.9215841584353893e-05,0.04539047619047615,0.0007897438076489757,0.00903122424134364,0.0001969188117087937,0.00015927988015853055,5.899847870559983e-06,4.95183175727832e-05,4.847840945393841e-06,6.11328078912528e-05,4.353933923533869e-06,5.960910183903039e-05,3.931925420349169e-06,5.4284770164440595e-05,3.855991204491414e-06
t5,jump_ewma,0.05,early,VolRolling500,500,0.003289984191290485,4.53139986811525e-06,0.05014068133571717,0.0006269663669479886,0.0032817876714191156,2.8925256698861723e-05,0.050285714285714246,0.0008211527838633255,0.007601393356550919,0.00015369153584449802,0.00012400655534571125,4.531399868114541e-06,1.4244992759958189e-05,3.0763298122830693e-06,2.5859483078427786e-05,2.593460917278187e-06,2.433577702620539e-05,1.899007828195176e-06,1.9011445351615593e-05,2.3400551410121914e-06
t5,jump_ewma,0.05,late,DtACI500,500,0.0033247000857754773,2.4223124413117537e-06,0.050453279282210384,0.00042195980318810887,0.0033285023191563026,1.3042164142689924e-05,0.05084877153777016,0.00022127767907509688,0.008627354081054311,8.023193863265706e-05,0.00015872244983068204,2.422312441311421e-06,6.2149447448243e-05,1.8422488148056772e-06,6.868774968366241e-05,1.7215699419103659e-06,5.48158298595614e-05,1.1924208957353693e-06,5.5607984110065206e-05,1.6196858805791462e-06
t5,jump_ewma,0.05,late,InitialKupiecGate,500,0.003263570566831281,1.7137912800381554e-06,0.057416219352693684,0.00030376932612147863,0.0032662814143764912,1.2821345033829017e-05,0.05804000000000001,0.00038650170392155915,0.006480228791658327,5.609901140096175e-05,9.75929308865113e-05,1.7137912800374051e-06,1.0199285040469993e-06,4.98289100977263e-07,7.55823073946642e-06,6.203090367065176e-07,-6.313689084634591e-06,1.1695613417136533e-06,-5.521534834130785e-06,1.4235503630968456e-06
t5,jump_ewma,0.05,late,PastSelectedRolling,500,0.0032690921016654117,2.19448920754555e-06,0.04989503965000242,0.0003484449611742591,0.0032704778185904883,1.2779860655128798e-05,0.05024800000000001,0.0003179168669141936,0.006863714011680285,7.73877788316882e-05,0.00010311446572064136,2.1944892075447166e-06,6.541463338177784e-06,1.5007385643477032e-06,1.3079765573597204e-05,1.3788913478517017e-06,-7.921542505038058e-07,1.201817067738484e-06,0.0,0.0
t5,jump_ewma,0.05,late,Raw,500,0.003262550638327234,1.6648678873445565e-06,0.05817008191794235,0.00028135283628421507,0.0032663078604996012,1.286377373023984e-05,0.05891200000000001,0.0003855097242547715,0.00641662189037527,5.2481298174075465e-05,9.657300238246494e-05,1.6648678873438139e-06,0.0,0.0,6.538302235419421e-06,4.810355597525748e-07,-7.33361758868159e-06,1.1352095645266075e-06,-6.541463338177784e-06,1.5007385643477032e-06
t5,jump_ewma,0.05,late,Rolling1000,500,0.0032589502980759646,1.8004162924473244e-06,0.050427556034992826,0.0003209429835582155,0.0032609430710055097,1.2727474987930978e-05,0.050884000000000006,0.0003360818203651603,0.006460361495073725,6.134745228142815e-05,9.297266213119967e-05,1.8004162924465267e-06,-3.600340251269014e-06,8.359663231707302e-07,2.937961984150407e-06,6.57038341144875e-07,-1.0933957839950603e-05,6.917531527748232e-07,-1.0141803589446797e-05,1.1534157214101187e-06
t5,jump_ewma,0.05,late,Rolling125,500,0.0033294567641813924,2.9138122571635416e-06,0.04768726396993044,0.0003952120252312755,0.0033335395182466326,1.328486828052479e-05,0.04773600000000001,0.00023726186880486624,0.009089805764640193,9.781691190089177e-05,0.0001634791282365991,2.913812257163123e-06,6.690612585415839e-05,2.4136531846006707e-06,7.344442808957782e-05,2.2476024408375126e-06,5.957250826547681e-05,1.9482880746317635e-06,6.0364662515980614e-05,2.034266078280827e-06
t5,jump_ewma,0.05,late,Rolling250,500,0.0032894803056677715,2.2957879797700807e-06,0.047848098587489146,0.0003946672090663906,0.003291795530750929,1.2824254649682222e-05,0.04814800000000001,0.00025431780726914975,0.007724102028867021,8.209759330471357e-05,0.00012350266972298822,2.2957879797694056e-06,2.692966734053739e-05,1.7019098641045812e-06,3.346796957595681e-05,1.5501487893926765e-06,1.95960497518558e-05,1.1081521407820309e-06,2.0388204002359607e-05,1.5114665461219285e-06
t5,jump_ewma,0.05,late,Rolling500,500,0.0032698842559159154,1.9626471325064837e-06,0.05012414628646408,0.0003894678206079921,0.0032724940927681486,1.2730542839004462e-05,0.05040800000000001,0.00030815741754495536,0.00690013887037265,6.722611613329639e-05,0.0001039066199711434,1.9626471325057074e-06,7.33361758868159e-06,1.1352095645266075e-06,1.3871919824101011e-05,1.0018990264708084e-06,0.0,0.0,7.921542505038058e-07,1.201817067738484e-06
t5,jump_ewma,0.05,late,Static-CP,500,0.003256012336091814,1.6890253105223986e-06,0.05366069090413883,0.00029762183004862703,0.0032582566738789715,1.2749175930770145e-05,0.05421600000000001,0.0003901013279805446,0.006277504752601154,5.600032954228309e-05,9.003470014705128e-05,1.6890253105216653e-06,-6.538302235419421e-06,4.810355597525748e-07,0.0,0.0,-1.3871919824101011e-05,1.0018990264708084e-06,-1.3079765573597204e-05,1.3788913478517017e-06
t5,jump_ewma,0.05,late,VolRolling250,500,0.0033072936320219693,2.6824739640447654e-06,0.04769191547104454,0.00039236944473675436,0.0033094585197591202,1.3095863069911728e-05,0.047864000000000004,0.00024485693340330663,0.008333468108926682,9.223916119970615e-05,0.000141315996077182,2.682473964044196e-06,4.474299369473519e-05,2.083566748051087e-06,5.128129593015461e-05,1.9465852907538906e-06,3.74093761060536e-05,1.5078416541306685e-06,3.820153035655741e-05,1.7825108904749223e-06
t5,jump_ewma,0.05,late,VolRolling500,500,0.003282443610782065,2.178565661166348e-06,0.0500235202118219,0.00039155190297852167,0.00328524694739683,1.2882387650534985e-05,0.05030400000000001,0.0003034193378629292,0.007369335276654878,7.47102412661437e-05,0.00011646597483728574,2.178565661165649e-06,1.9892972454831e-05,1.360430057867144e-06,2.6431274690250423e-05,1.2236409428361726e-06,1.2559354866149411e-05,5.19931725131606e-07,1.3351509116653215e-05,1.2648670341994394e-06
t5,jump_ewma,0.05,middle,DtACI500,500,0.0033139854450610555,2.6073234205973376e-06,0.050294929917666195,0.00044252879590008605,0.003306007464312333,1.5192826422560813e-05,0.0490656258270515,0.00026516312794371433,0.008306246329578106,9.04620482233138e-05,0.00014800780911626427,2.6073234205969145e-06,5.221649104077619e-05,1.9751124833872648e-06,5.9886882500088586e-05,1.7874852342936522e-06,5.18379381248818e-05,1.3310966231521663e-06,4.89845663902292e-05,1.698934832707302e-06
t5,jump_ewma,0.05,middle,InitialKupiecGate,500,0.0032629912016519944,1.7873050480075705e-06,0.057654118963523175,0.00035360607545728757,0.0032524211784910138,1.4932145204655993e-05,0.05625599999999998,0.0004779647193992724,0.006485382749495761,6.249520758482723e-05,9.701356570722602e-05,1.7873050480068226e-06,1.2222476317147995e-06,5.164025400938903e-07,8.892639091027194e-06,6.974354801607368e-07,8.436947158204028e-07,1.1442863518321217e-06,-2.0096770188321966e-06,1.3672003623485617e-06
t5,jump_ewma,0.05,middle,PastSelectedRolling,500,0.0032650008786708263,2.2773184220933057e-06,0.05112702755787876,0.00037103313726760434,0.0032575816533236,1.4937033097130889e-05,0.0495893333333333,0.00039145236423156335,0.006710631856340724,8.231876645434088e-05,9.902324272605966e-05,2.2773184220924963e-06,3.2319246505469963e-06,1.458102682375491e-06,1.0902316109859392e-05,1.2552427048332589e-06,2.8533717346525997e-06,1.1266740663578343e-06,0.0,0.0
t5,jump_ewma,0.05,middle,Raw,500,0.0032617689540202794,1.6634288917895259e-06,0.05835208745631625,0.0003277048270581015,0.0032508533382628944,1.4906891350923844e-05,0.056901333333333304,0.0004611044566833851,0.006420003216078104,5.655874554798228e-05,9.579131807551138e-05,1.6634288917887686e-06,0.0,0.0,7.670391459312395e-06,5.792213707136459e-07,-3.7855291589439665e-07,1.1321814942304115e-06,-3.2319246505469963e-06,1.458102682375491e-06
t5,jump_ewma,0.05,middle,Rolling1000,500,0.00325582393345314,1.8025618703670057e-06,0.05238244200557557,0.00033194091698655995,0.003246929504191295,1.4788193353763428e-05,0.051045333333333304,0.000405911973152784,0.006333190073174633,6.546578129894551e-05,8.984629750837528e-05,1.802561870366257e-06,-5.945020567139005e-06,7.734054872755917e-07,1.7253708921733894e-06,4.456870629505878e-07,-6.323573483033402e-06,6.059763948466336e-07,-9.176945217686002e-06,1.140917176085396e-06
t5,jump_ewma,0.05,middle,Rolling125,500,0.003332024604363782,3.419829554124358e-06,0.04879768144988213,0.0004542593517621001,0.0033209991793004975,1.5574849930615017e-05,0.047647999999999975,0.0002779849495084136,0.009081679597307069,0.00011123713867704494,0.00016604696841898966,3.4198295541239587e-06,7.025565034350259e-05,2.8806162767730833e-06,7.792604180281499e-05,2.7075782249230807e-06,6.98770974276082e-05,2.384123308269271e-06,6.70237256929556e-05,2.5224138202168954e-06
t5,jump_ewma,0.05,middle,Rolling250,500,0.0032852385654797474,2.471496013857052e-06,0.04760309393108558,0.0004255575649445566,0.003280890145105675,1.4932371579842115e-05,0.04659733333333331,0.00030240950881552,0.007583365223863553,9.176991048967199e-05,0.0001192609295349705,2.4714960138562455e-06,2.34696114594684e-05,1.8175902065624985e-06,3.1140002918780794e-05,1.5656385575306171e-06,2.3091058543574004e-05,1.1088606545538677e-06,2.0237686808921407e-05,1.5234935787550247e-06
t5,jump_ewma,0.05,middle,Rolling500,500,0.0032621475069361736,1.97621300293035e-06,0.050180073917123626,0.00037233663368232457,0.0032549186484098222,1.4827294799386256e-05,0.04894933333333331,0.00036912725609974234,0.006636018304899079,7.316823738623066e-05,9.616987099140887e-05,1.976213002929526e-06,3.7855291589439665e-07,1.1321814942304115e-06,8.048944375206792e-06,8.489667912487598e-07,0.0,0.0,-2.8533717346525997e-06,1.1266740663578343e-06
t5,jump_ewma,0.05,middle,Static-CP,500,0.0032540985625609665,1.717790995829146e-06,0.053774812140802736,0.0003170516700314157,0.0032457777486281643,1.480305011708983e-05,0.05235733333333331,0.00045663685327058647,0.0062328673070837295,6.15263732111419e-05,8.812092661620184e-05,1.717790995828428e-06,-7.670391459312395e-06,5.792213707136459e-07,0.0,0.0,-8.048944375206792e-06,8.489667912487598e-07,-1.0902316109859392e-05,1.2552427048332589e-06
t5,jump_ewma,0.05,middle,VolRolling250,500,0.0033122328033160535,3.1930798524572074e-06,0.0466474508737258,0.00043361347740047046,0.0033073828571937493,1.530586524546401e-05,0.045642666666666644,0.00031912916465964304,0.008542548092931063,0.00011135722924054473,0.00014625516737126664,3.193079852456668e-06,5.04638492957744e-05,2.553776450379093e-06,5.81342407550868e-05,2.311161069775717e-06,5.008529637988e-05,1.8556594080351553e-06,4.7231924645227405e-05,2.143726805483774e-06
t5,jump_ewma,0.05,middle,VolRolling500,500,0.0032866558585965796,2.7786847966144878e-06,0.0477009191278023,0.0004221914420488552,0.003280199172646549,1.5149786970851346e-05,0.04657599999999997,0.000376761509923198,0.007617859898504431,0.00010158588625664402,0.00012067822265180194,2.77868479661382e-06,2.48869045763008e-05,2.0976806153568583e-06,3.255729603561319e-05,1.8309282138283617e-06,2.45083516604064e-05,1.2301179511964698e-06,2.1654979925753802e-05,1.7172870074871575e-06
t5,jump_ewma,0.05,post,DtACI500,500,0.0033251164939924953,1.7717761706904052e-06,0.05156855547576933,0.0003108731021294285,0.0033248470487311915,9.602890019821904e-06,0.051323831760522555,0.00010148137307362919,0.008537640092454503,5.935956466992169e-05,0.00015913885804769636,1.7717761706902883e-06,5.21179984544246e-05,1.3826336651427953e-06,6.124453017715799e-05,1.2764906741005195e-06,5.12544933489992e-05,8.824323119745468e-07,4.9977634718994383e-05,1.2664994741913346e-06
t5,jump_ewma,0.05,post,InitialKupiecGate,500,0.003273714713155025,1.2266000993836283e-06,0.059063385805594774,0.0002465700989217409,0.0032720096389127385,9.38212988761098e-06,0.058744000000000005,0.000302317249654858,0.0066629255905227905,4.081763113560389e-05,0.00010773707721024681,1.226600099382897e-06,7.162176169552012e-07,3.628401807867689e-07,9.842749339688602e-06,5.066455368338316e-07,-1.4728748847019253e-07,8.126540537719435e-07,-1.4241461184750034e-06,1.123685839676822e-06
t5,jump_ewma,0.05,post,PastSelectedRolling,500,0.0032751388592735004,1.638799700091016e-06,0.05203125427442756,0.0002716250362742993,0.0032735162327559185,9.423830105162915e-06,0.05161,0.0001845207191390256,0.006919175253195841,5.8818811188598916e-05,0.0001091612233287253,1.6387997000902042e-06,2.1403637354302048e-06,1.1790821398808073e-06,1.1266895458163603e-05,1.09354960873045e-06,1.276858630004811e-06,9.84832100153041e-07,0.0,0.0
t5,jump_ewma,0.05,post,Raw,500,0.00327299849553807,1.1638127124491946e-06,0.05980952720050627,0.00021573187476209648,0.003271758875619749,9.394807851214804e-06,0.05955600000000001,0.00028542014174656505,0.006610683833848551,3.665821470461229e-05,0.00010702085959329154,1.1638127124484283e-06,0.0,0.0,9.1265317227334e-06,4.175029939189941e-07,-8.635051054253938e-07,7.758123489298319e-07,-2.1403637354302048e-06,1.1790821398808073e-06
t5,jump_ewma,0.05,post,Rolling1000,500,0.003265962194907268,1.242294564604098e-06,0.05292065919457931,0.0002468776900370383,0.0032646166999877,9.319609608024875e-06,0.05262800000000001,0.00019332351114109177,0.006549067882124908,4.24319515226998e-05,9.998455896249586e-05,1.24229456460324e-06,-7.0363006308020045e-06,5.556343138178049e-07,2.0902310919313946e-06,4.069250664508678e-07,-7.899805736227398e-06,4.320971204467612e-07,-9.17666436623221e-06,9.69984836301594e-07
t5,jump_ewma,0.05,post,Rolling125,500,0.0033341347937936474,2.101680158837596e-06,0.04893092235551697,0.0002830491234975957,0.0033331223234102777,9.746471828698224e-06,0.048522,0.00014244864067607287,0.009116296547897843,7.010469189723463e-05,0.00016815715784884963,2.1016801588374153e-06,6.11362982555772e-05,1.7620312814938574e-06,7.026282997831059e-05,1.6497644200370138e-06,6.02727931501518e-05,1.393952519654592e-06,5.8995934520147e-05,1.5765128067566424e-06
t5,jump_ewma,0.05,post,Rolling250,500,0.0032924840642731146,1.589670894372886e-06,0.04920128350008527,0.0002795179143581752,0.003293262905239469,9.443246338999037e-06,0.049004000000000006,0.00014260659620987076,0.007689139575609498,5.779372184908693e-05,0.0001265064283283269,1.5896708943722596e-06,1.94855687350444e-05,1.1721183230513836e-06,2.86121004577778e-05,1.0439619281888623e-06,1.8622063629619005e-05,7.08537800144166e-07,1.7345204999614195e-05,1.1423637237073696e-06
t5,jump_ewma,0.05,post,Rolling500,500,0.003273862000643496,1.3424843000145311e-06,0.05180905461618761,0.0002788724418666733,0.0032733332628975846,9.356438672993634e-06,0.05147400000000001,0.0001440143335106371,0.0068882676220490425,4.656763887522259e-05,0.0001078843646987197,1.34248430001365e-06,8.635051054253938e-07,7.758123489298319e-07,9.990036828158793e-06,6.580682128291996e-07,0.0,0.0,-1.276858630004811e-06,9.84832100153041e-07
t5,jump_ewma,0.05,post,Static-CP,500,0.003263871963815337,1.1937478285129718e-06,0.05515273107378358,0.00023833832261115672,0.0032629031348101064,9.339657248084534e-06,0.054876000000000015,0.00030119542720755485,0.006419043282854986,3.971633498568245e-05,9.789432787056927e-05,1.193747828512101e-06,-9.1265317227334e-06,4.175029939189941e-07,0.0,0.0,-9.990036828158793e-06,6.580682128291996e-07,-1.1266895458163603e-05,1.09354960873045e-06
t5,jump_ewma,0.05,post,VolRolling250,500,0.0033169611439589903,1.9819170670634057e-06,0.04808397545330546,0.0002852320385853047,0.0033173569118235893,9.69275319841258e-06,0.047796000000000005,0.00014634069563315867,0.008571214805092275,6.909214228831406e-05,0.00015098350801419626,1.981917067063066e-06,4.396264842092019e-05,1.5933419506621974e-06,5.3089180143653595e-05,1.4692758385488065e-06,4.30991433154948e-05,1.1693984025670512e-06,4.182228468549e-05,1.43770990039236e-06
t5,jump_ewma,0.05,post,VolRolling500,500,0.003291720652806582,1.6495183864428793e-06,0.05028365185555867,0.00029860994742989043,0.003291219493488948,9.526531206625896e-06,0.049986,0.00016146749364192784,0.007596489815137138,5.8847500879844634e-05,0.0001257430168617953,1.6495183864422417e-06,1.87221572685118e-05,1.166873566671068e-06,2.7848688991245196e-05,1.042507129169996e-06,1.7858652163086403e-05,6.52759057416822e-07,1.6581793533081593e-05,1.1401552590289538e-06
t5,jump_ewma,0.05,pre,DtACI500,500,0.0016682731332132996,1.5859836920610508e-06,0.05185886660710615,0.0005126217725341688,0.0016547877347915074,8.96647159367005e-06,0.051325830819740306,0.00035034929505997755,0.004442213719731073,5.074577354546448e-05,8.528431524093708e-05,1.5859836920602976e-06,3.7310454978706606e-05,1.2539618927391909e-06,4.02935076835056e-05,1.100087784148994e-06,3.5006908740488204e-05,8.709917391366986e-07,3.286459410016961e-05,1.0853876969178062e-06
t5,jump_ewma,0.05,pre,InitialKupiecGate,500,0.0016327485982119193,1.2875352146049115e-06,0.05742807099462564,0.0004455817300553401,0.001617805977323693,8.828851450260494e-06,0.056352000000000006,0.0006219564709072547,0.0032755622226217436,4.205017132699433e-05,4.9759780239566e-05,1.2875352146045264e-06,1.7859199773262005e-06,5.641952245822206e-07,4.768972682125202e-06,7.338308875135789e-07,-5.176262608922021e-07,8.122646408022485e-07,-2.6599409012108017e-06,9.952392685541547e-07
t5,jump_ewma,0.05,pre,PastSelectedRolling,500,0.0016354085391131299,1.5142816799209361e-06,0.04983256153133001,0.00047168375034218517,0.0016213982357664034,8.79896043578208e-06,0.04899200000000001,0.0005104596066487926,0.003460109365128131,5.365242421101225e-05,5.2419721140776286e-05,1.5142816799204618e-06,4.445860878537002e-06,1.135683761900969e-06,7.4289135833360035e-06,9.076602728145151e-07,2.1423146403185996e-06,8.440368898243502e-07,0.0,0.0
t5,jump_ewma,0.05,pre,Raw,500,0.001630962678234593,1.1187255001577683e-06,0.058508710973935237,0.00038987042390809575,0.0016164929507946927,8.837653409615538e-06,0.05740000000000001,0.000596570022363818,0.0031981697117580603,3.580787393174656e-05,4.797386026224058e-05,1.1187255001574365e-06,0.0,0.0,2.9830527047990018e-06,5.982841842861869e-07,-2.3035462382184026e-06,7.640800174637852e-07,-4.445860878537002e-06,1.135683761900969e-06
t5,jump_ewma,0.05,pre,Rolling1000,500,0.0016291494490641386,1.1958985687718627e-06,0.05017409401859655,0.0004090989914107197,0.0016156823418223432,8.718612626172157e-06,0.04928800000000001,0.0004995329602305673,0.0032298215761631575,4.202793510911311e-05,4.6160631091788574e-05,1.1958985687715769e-06,-1.8132291704541998e-06,6.01241774428151e-07,1.169823534344802e-06,1.9511164861217424e-07,-4.1167754086726025e-06,4.1299573531597213e-07,-6.259090048991202e-06,8.695345792460648e-07
t5,jump_ewma,0.05,pre,Rolling125,500,0.0016618027785824244,1.869706794819335e-06,0.04825888738544501,0.0005589111133236294,0.0016487664682532151,9.028108337161406e-06,0.047816000000000004,0.0003947504830747843,0.004449189132092392,6.400921907451778e-05,7.881396061006222e-05,1.8697067948185944e-06,3.0840100347831596e-05,1.5871704222159598e-06,3.3823153052630605e-05,1.398132735638321e-06,2.8536554109613197e-05,1.2508443313932718e-06,2.6394239469294595e-05,1.207487076600361e-06
t5,jump_ewma,0.05,pre,Rolling250,500,0.0016435287327876973,1.5618413586641707e-06,0.04828149661803437,0.0005282779561027824,0.0016303044110614069,8.83532500575745e-06,0.047832000000000006,0.00044845711005526295,0.0038103389728932767,5.5495111227690974e-05,6.053991481534239e-05,1.5618413586635717e-06,1.2566054553104192e-05,1.1770236846370584e-06,1.5549107257903195e-05,9.520560458858226e-07,1.0262508314885791e-05,7.371142717752828e-07,8.120193674567191e-06,8.204099750005153e-07
t5,jump_ewma,0.05,pre,Rolling500,500,0.0016332662244728116,1.2756923205079758e-06,0.050124706145897036,0.0004646829174378106,0.0016194754382771674,8.731486009837337e-06,0.04924800000000001,0.0004951599324636787,0.003390419140708243,4.551574990560588e-05,5.027740650045708e-05,1.2756923205076165e-06,2.3035462382184026e-06,7.640800174637852e-07,5.2865989430174036e-06,5.021808445950589e-07,0.0,0.0,-2.1423146403185996e-06,8.440368898243502e-07
t5,jump_ewma,0.05,pre,Static-CP,500,0.0016279796255297939,1.1999218696129596e-06,0.049913870387277175,0.00041133357446348866,0.0016143283564589983,8.696972489729862e-06,0.049016000000000004,0.0005733838383248207,0.0031843976513679295,4.2238747185426904e-05,4.499080755744315e-05,1.1999218696126843e-06,-2.9830527047990018e-06,5.982841842861869e-07,0.0,0.0,-5.2865989430174036e-06,5.021808445950589e-07,-7.4289135833360035e-06,9.076602728145151e-07
t5,jump_ewma,0.05,pre,VolRolling250,500,0.001652018282117525,1.849291104641758e-06,0.04816363955075005,0.0005274393609684114,0.001638382387233849,9.008599005817085e-06,0.04753600000000001,0.000438709859339134,0.004102604570846155,6.33554714563741e-05,6.902946414516609e-05,1.8492911046410861e-06,2.1055603882931803e-05,1.4486954846985842e-06,2.4038656587730802e-05,1.2263688274935404e-06,1.8752057644713397e-05,1.0166606928183646e-06,1.66097430043948e-05,1.032209514571887e-06
t5,jump_ewma,0.05,pre,VolRolling500,500,0.0016394234496976924,1.4560779710183778e-06,0.05007342707000248,0.00047411048419761736,0.0016255645819078116,8.833040483382005e-06,0.04924800000000001,0.0004986444470453254,0.0036210851919863656,5.1039676477777614e-05,5.643463172533883e-05,1.4560779710179054e-06,8.460771463099403e-06,9.382855381892054e-07,1.1443824167898406e-05,6.651193756336452e-07,6.157225224881002e-06,3.2619474179986124e-07,4.014910584562402e-06,9.124172756296695e-07
t5,jump_oracle,0.01,acute,DtACI500,500,0.0009899496762297325,6.340289720471412e-07,0.010896694990453717,0.00013091725890039405,0.0010612173168333765,4.0933091618021474e-05,0.013434517017383872,0.0010414206631689893,0.0060273007004478,0.0001530079223019802,1.4471332135624758e-05,6.340289720470607e-07,1.4471332135632598e-05,6.340289720471412e-07,1.1753562543221804e-05,6.57770021652097e-07,8.577839022242e-06,5.112638681521926e-07,5.4523866395844e-06,1.242634148139438e-06
t5,jump_oracle,0.01,acute,InitialKupiecGate,500,0.0009763159019194054,3.0981991744427526e-07,0.009985510156394666,3.412054162419117e-05,0.001045600175896266,4.033587048910255e-05,0.0126,0.0010792634614580803,0.00040754726064120677,8.906562916853331e-05,8.375578253043406e-07,3.0981991744406895e-07,8.375578253052005e-07,3.098199174442752e-07,-1.880211767105593e-06,3.5597827773786177e-07,-5.055935288085398e-06,4.7241812014403197e-07,-8.181387670742997e-06,1.1393752027124514e-06
t5,jump_oracle,0.01,acute,PastSelectedRolling,500,0.000984497289590148,1.169059349990097e-06,0.009427229640610567,0.00010558137040428017,0.0010454356915378501,3.931871330366266e-05,0.011600000000000001,0.0010550384885988045,0.004463374627727367,0.00023813751642433648,9.018945496039898e-06,1.169059349989787e-06,9.018945496048199e-06,1.169059349990097e-06,6.3011759036374044e-06,1.1715752924952166e-06,3.1254523826575985e-06,1.169064463018003e-06,0.0,0.0
t5,jump_oracle,0.01,acute,Raw,500,0.0009754783440941002,9.707111005542835e-21,0.0099999999999993,0.0,0.0010451326935343266,4.0319676412639385e-05,0.0128,0.0010838216360072143,0.0,0.0,0.0,0.0,0.0,0.0,-2.7177695924107935e-06,1.8581341170157797e-07,-5.893493113390599e-06,3.6694194578344787e-07,-9.018945496048199e-06,1.169059349990097e-06
t5,jump_oracle,0.01,acute,Rolling1000,500,0.000978444967416604,1.9906722132018658e-07,0.009808434003793874,7.272760709998375e-05,0.0010403229718833039,3.929547148459926e-05,0.011800000000000001,0.0010505843397413744,0.0028093529521710744,9.671717965540373e-05,2.966623322497833e-06,1.9906722132017162e-07,2.9666233225039954e-06,1.9906722132018658e-07,2.488537300932019e-07,1.7237443049541147e-07,-2.926869790886604e-06,3.4697953099988834e-07,-6.052322173544203e-06,1.1549266794792494e-06
t5,jump_oracle,0.01,acute,Rolling125,500,0.0010272295977368008,4.574556554339298e-06,0.007840796916886859,0.00017375144563457783,0.0010876718673112481,3.910813047549602e-05,0.010400000000000003,0.0009620452495201295,0.012707246721613025,0.0006465601324408342,5.175125364268422e-05,4.574556554338683e-06,5.1751253642700796e-05,4.574556554339298e-06,4.9033484050290007e-05,4.578374326378956e-06,4.58577605293102e-05,4.503811847919577e-06,4.27323081466526e-05,4.507018352920672e-06
t5,jump_oracle,0.01,acute,Rolling250,500,0.000996277967788948,1.6318008469735416e-06,0.008460578559934465,0.00013949209836552337,0.0010548237710877846,3.7862790161151385e-05,0.010600000000000002,0.0009885517027135584,0.007813462763299901,0.0003177206302786572,2.0799623694840364e-05,1.6318008469732816e-06,2.0799623694847997e-05,1.6318008469735419e-06,1.8081854102437205e-05,1.643003424119121e-06,1.4906130581457401e-05,1.5179135398636945e-06,1.1780678198799802e-05,1.7824361497342158e-06
t5,jump_oracle,0.01,acute,Rolling500,500,0.0009813718372074906,3.669419457834479e-07,0.009683694261819724,0.00010062987447750635,0.0010443586171943594,3.956689857174886e-05,0.0115,0.0010332643759179364,0.003960311667090827,0.000138068139385039,5.893493113382743e-06,3.669419457833683e-07,5.893493113390599e-06,3.6694194578344787e-07,3.1757235209798055e-06,3.82699167541184e-07,0.0,0.0,-3.1254523826575985e-06,1.169064463018003e-06
t5,jump_oracle,0.01,acute,Static-CP,500,0.0009781961136865107,1.8581341170157797e-07,0.009722591925406166,6.923093672356854e-05,0.0010416155788054336,3.939637097882862e-05,0.012100000000000001,0.001067454410190745,0.0026909553634429945,9.35841640713245e-05,2.717769592403104e-06,1.8581341170150602e-07,2.7177695924107935e-06,1.8581341170157797e-07,0.0,0.0,-3.1757235209798055e-06,3.82699167541184e-07,-6.3011759036374044e-06,1.1715752924952166e-06
t5,jump_oracle,0.01,acute,VolRolling250,500,0.001038625257878999,4.245824710204414e-06,0.008297589782835032,0.00025822363549145186,0.001088422672364299,3.672241756167594e-05,0.0105,0.0009753987931155247,0.015058603917648555,0.000614141298536428,6.314691378488021e-05,4.2458247102037175e-06,6.314691378489901e-05,4.245824710204414e-06,6.0429144192488204e-05,4.249063085425244e-06,5.725342067150841e-05,4.095654393182681e-06,5.4127968288850805e-05,4.1202419807470655e-06
t5,jump_oracle,0.01,acute,VolRolling500,500,0.0009976089717564863,1.3203708316274128e-06,0.009958489487996512,0.00020734375347505651,0.0010536623738713674,3.929851304327541e-05,0.0122,0.0010884343704411004,0.007847284929802724,0.0002748237128498735,2.213062766237528e-05,1.3203708316271083e-06,2.2130627662386397e-05,1.3203708316274128e-06,1.9412858069975604e-05,1.304076461708117e-06,1.6237134548995796e-05,9.656028934449925e-07,1.3111682166338198e-05,1.6218622143070546e-06
t5,jump_oracle,0.01,early,DtACI500,500,0.000996681286725223,9.68317418613095e-07,0.011340527486887575,0.00014670613151669855,0.0009882179743155787,1.6854060889901585e-05,0.011188232332492502,0.0003849775190406582,0.0070808530964252105,0.00018234749660680033,2.120294263111198e-05,9.683174186130507e-07,2.1202942631122997e-05,9.68317418613095e-07,1.84851730387124e-05,9.829858125938007e-07,1.47195538296746e-05,8.179145655941264e-07,8.077990700021394e-06,1.5466389035740013e-06
t5,jump_oracle,0.01,early,InitialKupiecGate,500,0.0009773813748703499,7.108539702821956e-07,0.009987354247278717,3.8906061333532427e-05,0.0009699548915341511,1.6328714979638225e-05,0.009714285714285694,0.0004470723322271013,0.0005843765991566242,0.00013289529041009176,1.9030307762486525e-06,7.108539702821405e-07,1.9030307762498009e-06,7.108539702821957e-07,-8.147388161607928e-07,7.329395611180005e-07,-4.580358025198597e-06,7.980468850525694e-07,-1.1221921154851801e-05,1.5646527218271446e-06
t5,jump_oracle,0.01,early,PastSelectedRolling,500,0.0009886032960252015,1.6934750290499657e-06,0.009460686898110967,0.00010989488070031948,0.0009815608540009984,1.6169077581346065e-05,0.009238095238095215,0.00041447592523974965,0.0051275984997990656,0.0002960255974169353,1.3124951931090493e-05,1.6934750290496523e-06,1.31249519311016e-05,1.693475029049966e-06,1.0407182338691006e-05,1.6954959516027306e-06,6.641563129653203e-06,1.6398349521738142e-06,0.0,0.0
t5,jump_oracle,0.01,early,Raw,500,0.0009754783440941002,9.707111005542835e-21,0.0099999999999993,0.0,0.0009678879796687814,1.620489652157431e-05,0.009809523809523789,0.0004465638214819667,0.0,0.0,0.0,0.0,0.0,0.0,-2.7177695924105936e-06,1.8581341170158369e-07,-6.483388801448399e-06,3.664997103236899e-07,-1.31249519311016e-05,1.693475029049966e-06
t5,jump_oracle,0.01,early,Rolling1000,500,0.0009787376821513197,2.1095690749357256e-07,0.00981135972581352,7.450863594229055e-05,0.0009709509689598808,1.6061823803746178e-05,0.009428571428571408,0.00042074368957679644,0.002944287866432771,9.756786763979358e-05,3.2593380572111756e-06,2.1095690749352338e-07,3.2593380572198027e-06,2.1095690749357256e-07,5.41568464809209e-07,1.94718986470424e-07,-3.2240507442285954e-06,3.3547587232604203e-07,-9.8656138738818e-06,1.6866136990071317e-06
t5,jump_oracle,0.01,early,Rolling125,500,0.001089116770091724,1.0224711087357836e-05,0.007596798523676363,0.0002022655350188274,0.0010815416573396624,2.2857742024162744e-05,0.00708571428571427,0.0003058003112847527,0.020892976083872448,0.0011964318345490956,0.00011363842599759873,1.0224711087357056e-05,0.00011363842599762379,1.0224711087357836e-05,0.00011092065640521319,1.0217398754511196e-05,0.0001071550371961754,1.0186448334976852e-05,0.0001005134740665222,1.0091900174994546e-05
t5,jump_oracle,0.01,early,Rolling250,500,0.0010075774110065465,2.284780836445162e-06,0.008113190743171624,0.00014608565528995265,0.00100339344854868,1.600680762535057e-05,0.00782857142857141,0.0003603343106306736,0.009790585289435251,0.0003979338844766679,3.209906691243608e-05,2.2847808364446733e-06,3.20990669124466e-05,2.284780836445162e-06,2.9381297320036005e-05,2.293247166338555e-06,2.5615678110998195e-05,2.1617967942834602e-06,1.8974114981344997e-05,2.247204590196338e-06
t5,jump_oracle,0.01,early,Rolling500,500,0.0009819617328955484,3.664997103236899e-07,0.009699358234933687,0.00010083881181435674,0.0009758484002249057,1.608200079347167e-05,0.009466666666666646,0.00042075751397034806,0.004177838560171714,0.00013340452789614357,6.483388801440251e-06,3.664997103237462e-07,6.483388801448399e-06,3.664997103236899e-07,3.765619209037805e-06,3.776107158396214e-07,0.0,0.0,-6.641563129653203e-06,1.6398349521738142e-06
t5,jump_oracle,0.01,early,Static-CP,500,0.0009781961136865107,1.8581341170158369e-07,0.009722591925406166,6.923093672356856e-05,0.0009685819304192594,1.5896328231796874e-05,0.009199999999999979,0.00042224099667403844,0.0026909553634429954,9.358416407132452e-05,2.717769592403104e-06,1.8581341170150602e-07,2.7177695924105936e-06,1.8581341170158369e-07,0.0,0.0,-3.765619209037805e-06,3.776107158396214e-07,-1.0407182338691006e-05,1.6954959516027306e-06
t5,jump_oracle,0.01,early,VolRolling250,500,0.0010425339776121345,4.0989684278873254e-06,0.007999405307740178,0.00022842854700650742,0.0010420311664445648,1.6321322307221265e-05,0.007752380952380934,0.0003849876933339013,0.015570069512542183,0.0005977585351894676,6.705563351801768e-05,4.098968427886734e-06,6.705563351803439e-05,4.0989684278873254e-06,6.43378639256238e-05,4.099988497321522e-06,6.057224471658601e-05,3.9540218859709135e-06,5.39306815869328e-05,3.943079414892142e-06
t5,jump_oracle,0.01,early,VolRolling500,500,0.0009968591329896448,1.1896103246531609e-06,0.009984267149934695,0.0001947416598243843,0.000992019934402091,1.625333442698221e-05,0.009828571428571407,0.0004428598620608996,0.007729505632470999,0.0002483962910076216,2.1380788895535888e-05,1.18961032465281e-06,2.1380788895544795e-05,1.1896103246531606e-06,1.8663019303134206e-05,1.1730406053274232e-06,1.48974000940964e-05,8.579204704538909e-07,8.255836964443196e-06,1.8347464998810367e-06
t5,jump_oracle,0.01,late,DtACI500,500,0.0010267608223720357,1.322088593270409e-06,0.01233097283605116,0.0001924339704894426,0.0010249930556515594,7.992534745696336e-06,0.012409280688138123,0.0001351853303582342,0.011336343714451892,0.00019627433663370875,5.128247827792443e-05,1.3220885932699477e-06,5.128247827793559e-05,1.322088593270409e-06,4.8564708685525e-05,1.330161553121402e-06,2.9197775252546195e-05,8.422808548994782e-07,2.24432606222772e-05,2.571684137738196e-06
t5,jump_oracle,0.01,late,InitialKupiecGate,500,0.0009809547812783773,1.6147284025060356e-06,0.009864214394203125,4.0521618549867786e-05,0.0009777676481357825,7.716660228810014e-06,0.009876000000000001,0.0001945583560472683,0.001116233780122876,0.0002523535218488191,5.476437184274951e-06,1.6147284025055877e-06,5.4764371842772e-06,1.6147284025060356e-06,2.7586675918666056e-06,1.6195389917222673e-06,-1.6608265841112206e-05,1.891084567076016e-06,-2.33627804713812e-05,2.0060889245162215e-06
t5,jump_oracle,0.01,late,PastSelectedRolling,500,0.0010043175617497585,2.4736482729974343e-06,0.009451757200560107,0.0001299613573223337,0.001001746945057996,8.224287676179642e-06,0.009516000000000002,0.00017506794558439957,0.008176640522327664,0.0003854795957525024,2.8839217655645856e-05,2.473648272996822e-06,2.8839217655658395e-05,2.4736482729974343e-06,2.6121448063247803e-05,2.4709897129549815e-06,6.754514630268996e-06,2.4384758058528794e-06,0.0,0.0
t5,jump_oracle,0.01,late,Raw,500,0.0009754783440941002,9.707111005542835e-21,0.0099999999999993,0.0,0.0009728762729344922,7.404901299228388e-06,0.010016000000000002,0.00019696974936352196,0.0,0.0,0.0,0.0,0.0,0.0,-2.7177695924105936e-06,1.8581341170158369e-07,-2.2084703025389403e-05,1.01169595101797e-06,-2.8839217655658395e-05,2.4736482729974343e-06
t5,jump_oracle,0.01,late,Rolling1000,500,0.0009825386398698425,4.1518783817529415e-07,0.009843203463607694,0.00010187474156536767,0.0009800231827624124,7.4122842808001555e-06,0.009916000000000003,0.0001865247193856186,0.004295035092506657,0.00013093867808115862,7.06029577573408e-06,4.151878381752533e-07,7.060295775742598e-06,4.1518783817529415e-07,4.342526183332003e-06,4.5680248474202233e-07,-1.5024407249646805e-05,8.336431266881751e-07,-2.17789218799158e-05,2.4438900360141487e-06
t5,jump_oracle,0.01,late,Rolling125,500,0.0011247123185022484,5.7612217920967696e-06,0.007814581826131272,0.00014565290219772963,0.0011237639157938167,1.1761732134494592e-05,0.007996,0.00011748861710949107,0.02570905454371262,0.0006728373447313087,0.00014923397440810948,5.761221792096156e-06,0.0001492339744081482,5.7612217920967696e-06,0.00014651620481573763,5.7639650297628085e-06,0.00012714927138275878,5.662328777371141e-06,0.00012039475675248981,5.758745828357812e-06
t5,jump_oracle,0.01,late,Rolling250,500,0.0010439231308423955,2.822660621204785e-06,0.007881263654399982,0.00014857385689534078,0.0010397914304338261,8.650584659490518e-06,0.007980000000000001,0.00012591628099510913,0.01568193006763597,0.00041406863346125754,6.844478674827884e-05,2.8226606212040577e-06,6.84447867482954e-05,2.8226606212047853e-06,6.57270171558848e-05,2.829189547357043e-06,4.6360083722906e-05,2.53080370686634e-06,3.9605569092637e-05,3.1478769965915373e-06
t5,jump_oracle,0.01,late,Rolling500,500,0.0009975630471194894,1.01169595101797e-06,0.00994013742238058,0.0001552293290148126,0.0009957141473341871,7.649501833909667e-06,0.010020000000000001,0.00017048557317650854,0.0077869712043692986,0.00020770233262527236,2.208470302538116e-05,1.0116959510177627e-06,2.2084703025389403e-05,1.01169595101797e-06,1.9366933432978807e-05,1.0293685075361213e-06,0.0,0.0,-6.754514630268996e-06,2.4384758058528794e-06
t5,jump_oracle,0.01,late,Static-CP,500,0.0009781961136865107,1.8581341170158369e-07,0.009722591925406166,6.923093672356854e-05,0.0009756933902152091,7.338549936423144e-06,0.009848,0.0002099379429254262,0.0026909553634429954,9.358416407132452e-05,2.717769592403104e-06,1.8581341170150602e-07,2.7177695924105936e-06,1.8581341170158369e-07,0.0,0.0,-1.9366933432978807e-05,1.0293685075361213e-06,-2.6121448063247803e-05,2.4709897129549815e-06
t5,jump_oracle,0.01,late,VolRolling250,500,0.0010439231308423955,2.822660621204785e-06,0.007881263654399982,0.00014857385689534078,0.0010397914304338261,8.650584659490518e-06,0.007980000000000001,0.00012591628099510913,0.01568193006763597,0.00041406863346125754,6.844478674827884e-05,2.8226606212040577e-06,6.84447867482954e-05,2.8226606212047853e-06,6.57270171558848e-05,2.829189547357043e-06,4.6360083722906e-05,2.53080370686634e-06,3.9605569092637e-05,3.1478769965915373e-06
t5,jump_oracle,0.01,late,VolRolling500,500,0.0009975630471194894,1.01169595101797e-06,0.00994013742238058,0.0001552293290148126,0.0009957141473341871,7.649501833909667e-06,0.010020000000000001,0.00017048557317650854,0.0077869712043692986,0.00020770233262527236,2.208470302538116e-05,1.0116959510177627e-06,2.2084703025389403e-05,1.01169595101797e-06,1.9366933432978807e-05,1.0293685075361213e-06,0.0,0.0,-6.754514630268996e-06,2.4384758058528794e-06
t5,jump_oracle,0.01,middle,DtACI500,500,0.001014567721148721,1.2861147250766766e-06,0.012179266514292216,0.0001871307585764871,0.001012986313980614,8.982677033506062e-06,0.012129044943214574,0.00015787267992072192,0.009707386427410184,0.0002068492640360875,3.908937705461051e-05,1.28611472507635e-06,3.908937705462119e-05,1.2861147250766766e-06,3.63716074622106e-05,1.303803056597794e-06,2.5362984663600394e-05,8.904686439462326e-07,1.5182388887264794e-05,2.6217350830953417e-06
t5,jump_oracle,0.01,middle,InitialKupiecGate,500,0.000979845538275997,1.4027606721968928e-06,0.00995525904743908,4.296424619418475e-05,0.0009817930165651524,8.727984827584091e-06,0.01012799999999997,0.0002295380546842017,0.0009791333734165055,0.00022662368454074707,4.367194181895914e-06,1.4027606721965695e-06,4.367194181896799e-06,1.4027606721968928e-06,1.6494245894862058e-06,1.4107269486888631e-06,-9.359198209124001e-06,1.6053766872382178e-06,-1.95397939854596e-05,2.3101625773741057e-06
t5,jump_oracle,0.01,middle,PastSelectedRolling,500,0.0009993853322614564,2.638667902228088e-06,0.009338249914905849,0.00011707577482439085,0.0010006942909121428,8.986629624323736e-06,0.0094293333333333,0.00019428316650307558,0.007000511832135082,0.00040704626215004954,2.3906988167346382e-05,2.63866790222759e-06,2.39069881673564e-05,2.638667902228088e-06,2.11892185749458e-05,2.644900137722071e-06,1.0180595776335598e-05,2.5515766538399e-06,0.0,0.0
t5,jump_oracle,0.01,middle,Raw,500,0.0009754783440941002,9.707111005542835e-21,0.0099999999999993,0.0,0.0009774165546426173,8.544795161654076e-06,0.01014399999999997,0.000232020054569764,0.0,0.0,0.0,0.0,0.0,0.0,-2.7177695924105936e-06,1.8581341170158369e-07,-1.37263923910208e-05,7.642864079111394e-07,-2.39069881673564e-05,2.638667902228088e-06
t5,jump_oracle,0.01,middle,Rolling1000,500,0.000979741346900306,2.2223270689708489e-07,0.009812278191882526,8.136935027177822e-05,0.0009805586648088686,8.380266477566548e-06,0.010031999999999968,0.00021492247130226906,0.003376080760565259,9.95654383949989e-05,4.2630028061984114e-06,2.222327068970127e-07,4.263002806205799e-06,2.2223270689708489e-07,1.5452332137952055e-06,2.3807278049011977e-07,-9.463389584815001e-06,6.802873218422781e-07,-1.96439853611506e-05,2.6230732752704505e-06
t5,jump_oracle,0.01,middle,Rolling125,500,0.00112717660892467,5.807922225538572e-06,0.008066647721037377,0.00017911018701850768,0.0011261090617002813,1.227928142711574e-05,0.007994666666666638,0.00015165952327426504,0.02581928972113686,0.0007072222320644664,0.0001516982648305324,5.80792222553775e-06,0.00015169826483057,5.807922225538572e-06,0.00014898049523815943,5.815220897717113e-06,0.0001379718724395492,5.6580772867185e-06,0.00012779127666321362,5.667122407999163e-06
t5,jump_oracle,0.01,middle,Rolling250,500,0.0010394259653559652,3.3432523856503305e-06,0.008070838902408757,0.0001673677901753847,0.001036857973763967,9.780495221964906e-06,0.008149333333333302,0.00015659999149711338,0.014792746821835834,0.00048653394703635156,6.394762126184964e-05,3.343252385649563e-06,6.394762126186521e-05,3.3432523856503305e-06,6.12298516694546e-05,3.3497754931788087e-06,5.0221228870844395e-05,3.019944196941238e-06,4.004063309450879e-05,3.615832830555772e-06
t5,jump_oracle,0.01,middle,Rolling500,500,0.0009892047364851208,7.642864079111394e-07,0.009792101629198831,0.00012877333886524887,0.0009896632709964924,8.538018086312745e-06,0.009786666666666635,0.00018788418667325455,0.006015253230595707,0.00018796747529891176,1.3726392391012791e-05,7.642864079110276e-07,1.37263923910208e-05,7.642864079111394e-07,1.1008622798610207e-05,7.872773186835595e-07,0.0,0.0,-1.0180595776335598e-05,2.5515766538399e-06
t5,jump_oracle,0.01,middle,Static-CP,500,0.0009781961136865107,1.8581341170158369e-07,0.009722591925406166,6.923093672356856e-05,0.000979715249926813,8.401651835905222e-06,0.009909333333333303,0.0002392102794242571,0.0026909553634429954,9.358416407132452e-05,2.717769592403104e-06,1.8581341170150602e-07,2.7177695924105936e-06,1.8581341170158369e-07,0.0,0.0,-1.1008622798610207e-05,7.872773186835595e-07,-2.11892185749458e-05,2.644900137722071e-06
t5,jump_oracle,0.01,middle,VolRolling250,500,0.0010435106455524983,3.3907308367492443e-06,0.008118978294948032,0.00017570115960109127,0.001040459619013382,9.70632167130179e-06,0.008255999999999968,0.000163627722647457,0.015460394545561503,0.0004909653541903968,6.80323014583796e-05,3.390730836748392e-06,6.80323014583982e-05,3.3907308367492443e-06,6.53145318659876e-05,3.397650849515555e-06,5.43059090673774e-05,3.049610023464811e-06,4.41253132910418e-05,3.6562827822184312e-06
t5,jump_oracle,0.01,middle,VolRolling500,500,0.0009974906445395155,1.112297445092384e-06,0.010059959632554715,0.0001733170390336555,0.0009967211545927122,8.552337937910296e-06,0.010058666666666636,0.00020287019980586577,0.007815183047854158,0.00023376706900202007,2.201230044540668e-05,1.1122974450922144e-06,2.20123004454154e-05,1.112297445092384e-06,1.9294530853004802e-05,1.125518717288052e-06,8.285908054394597e-06,5.092713392205903e-07,-1.8946877219410012e-06,2.618403994541729e-06
t5,jump_oracle,0.01,post,DtACI500,500,0.0010182938352475313,9.440178206714769e-07,0.012141400646817431,0.0001385708307251264,0.0010173536292083151,5.709773696938333e-06,0.012196486933033915,5.932632473355845e-05,0.010172477356638367,0.000145987641887587,4.281549115342112e-05,9.440178206711394e-07,4.2815491153431195e-05,9.440178206714769e-07,4.00977215610206e-05,9.605588899197842e-07,2.58271168076866e-05,5.729426688289115e-07,1.7872262900159793e-05,2.0263162057084086e-06
t5,jump_oracle,0.01,post,InitialKupiecGate,500,0.0009800708298924625,1.19271504665874e-06,0.009913711738983377,3.320013713584627e-05,0.0009798134724088353,5.493562895635009e-06,0.010008,0.00013468538266868166,0.0009948023932168963,0.0002027580360146076,4.592485798360891e-06,1.192715046658522e-06,4.5924857983624005e-06,1.19271504665874e-06,1.8747162059518076e-06,1.2011312220591324e-06,-1.2395888547382194e-05,1.371816131131086e-06,-2.0350742454909002e-05,1.6965852545460195e-06
t5,jump_oracle,0.01,post,PastSelectedRolling,500,0.0010004215723473716,1.98150941034798e-06,0.009409639035483613,9.75074669622609e-05,0.001000106435121914,5.928915572264662e-06,0.009496000000000001,0.00010396916453616763,0.007341177533247935,0.0003201038494030619,2.494322825326301e-05,1.9815094103475165e-06,2.49432282532714e-05,1.98150941034798e-06,2.222545866086081e-05,1.983177200097084e-06,7.954853907526806e-06,1.9367656327249036e-06,0.0,0.0
t5,jump_oracle,0.01,post,Raw,500,0.0009754783440941002,9.707111005542835e-21,0.0099999999999993,0.0,0.0009755002361941371,5.2689784808567575e-06,0.010098,0.00013838747843781515,0.0,0.0,0.0,0.0,0.0,0.0,-2.7177695924105936e-06,1.8581341170158369e-07,-1.6988374345744596e-05,6.562461092240773e-07,-2.49432282532714e-05,1.98150941034798e-06
t5,jump_oracle,0.01,post,Rolling1000,500,0.0009810086809967542,2.646879738626259e-07,0.009827567505046094,7.916396945546477e-05,0.0009804774018629862,5.291041219786555e-06,0.009946000000000002,0.00011004721158464265,0.003778885116484161,9.543022328398536e-05,5.5303369026485744e-06,2.646879738626855e-07,5.530336902654203e-06,2.6468797386262595e-07,2.81256731024361e-06,3.000796045886421e-07,-1.1458037443090393e-05,5.097364773266711e-07,-1.9412891350617197e-05,1.9620006941901168e-06
t5,jump_oracle,0.01,post,Rolling125,500,0.0011199492404122414,3.949712888018338e-06,0.00788676359177841,0.00010402968142994402,0.0011194881674014023,8.34138083912022e-06,0.007948,7.837651277972898e-05,0.0249846683405215,0.0004692861764167277,0.0001444708963181007,3.949712888017719e-06,0.0001444708963181414,3.949712888018338e-06,0.00014175312672573082,3.953840684096977e-06,0.00012748252197239678,3.822785590645367e-06,0.00011952766806487001,4.088338938236072e-06
t5,jump_oracle,0.01,post,Rolling250,500,0.001037467489941152,2.0390021382789722e-06,0.007988293014834986,0.00010372407667122106,0.0010351702428977685,6.344792885276237e-06,0.008080000000000002,7.253773808779666e-05,0.01457252580266312,0.0002959215393032151,6.198914584703754e-05,2.0390021382785233e-06,6.198914584705201e-05,2.039002138278972e-06,5.9271376254641405e-05,2.048696087455915e-06,4.500077150130741e-05,1.7853693694528887e-06,3.70459175937806e-05,2.4797934958786884e-06
t5,jump_oracle,0.01,post,Rolling500,500,0.0009924667184398445,6.562461092240773e-07,0.009854213322044286,0.00010782683341118661,0.0009923320546582827,5.490176079656396e-06,0.009904,8.506491685859877e-05,0.006667084845817885,0.00014482076537473886,1.698837434573982e-05,6.562461092239295e-07,1.6988374345744596e-05,6.562461092240773e-07,1.4270604753334003e-05,6.805701167962728e-07,0.0,0.0,-7.954853907526806e-06,1.9367656327249036e-06
t5,jump_oracle,0.01,post,Static-CP,500,0.0009781961136865107,1.8581341170158369e-07,0.009722591925406166,6.923093672356854e-05,0.0009777733281002927,5.219378036759763e-06,0.009848,0.00015131286517124928,0.0026909553634429954,9.358416407132454e-05,2.717769592403104e-06,1.8581341170150602e-07,2.7177695924105936e-06,1.8581341170158369e-07,0.0,0.0,-1.4270604753334003e-05,6.805701167962728e-07,-2.222545866086081e-05,1.983177200097084e-06
t5,jump_oracle,0.01,post,VolRolling250,500,0.0010435166303102371,2.104560453635838e-06,0.007991138040774922,0.00010958348141712192,0.0010412497982708973,6.3280893307400074e-06,0.008110000000000001,7.766507405169268e-05,0.015574642365573446,0.0003039435642078024,6.803828621612188e-05,2.1045604536352994e-06,6.803828621613741e-05,2.104560453635838e-06,6.53205166237268e-05,2.1134495979119082e-06,5.1049911870392805e-05,1.841725554988121e-06,4.3095057962866e-05,2.5267567892231224e-06
t5,jump_oracle,0.01,post,VolRolling500,500,0.0009974629036611066,7.810256566804387e-07,0.009990071413901383,0.00012564288255231397,0.000996862847229007,5.493960831131394e-06,0.010058,9.604019699520485e-05,0.007792723035135469,0.0001633710363160291,2.1984559566997706e-05,7.810256566803781e-07,2.19845595670068e-05,7.81025656680439e-07,1.9266789974596204e-05,7.963451941395711e-07,4.996185221262202e-06,2.62353480355042e-07,-2.9586686862646036e-06,1.9586090325287636e-06
t5,jump_oracle,0.01,pre,DtACI500,500,0.000514864593344362,7.35684022921447e-07,0.013203006593376884,0.00022462604855417472,0.0005044667016985982,5.115684342592623e-06,0.012673685110551626,0.00021265169272775857,0.005680111630622838,0.00010203928523143971,2.712542129733202e-05,7.356840229213633e-07,2.712542129736198e-05,7.35684022921447e-07,2.19231496160756e-05,7.605874428379878e-07,1.53997887491964e-05,6.111844649599306e-07,1.0437022980433801e-05,1.7300605475083594e-06
t5,jump_oracle,0.01,pre,InitialKupiecGate,500,0.000489568085449061,5.936125046496383e-07,0.01012026103701725,6.339241094777931e-05,0.00048020187725472083,4.827272090694426e-06,0.009776,0.00027734001327960566,0.00044075227137791616,9.744756559354034e-05,1.8289134020584102e-06,5.936125046493363e-07,1.828913402060998e-06,5.936125046496383e-07,-3.3733582792253833e-06,6.641753624868574e-07,-9.896719146104581e-06,7.617969379285953e-07,-1.4859484914867181e-05,1.6694694078542386e-06
t5,jump_oracle,0.01,pre,PastSelectedRolling,500,0.0005044275703639282,1.7408558859411248e-06,0.009414620688720917,0.0001705397350859614,0.0004947834081738061,5.296456766193033e-06,0.008848,0.0002554452908025246,0.004588141131860646,0.00024228672406488585,1.6688398316896217e-05,1.7408558859408786e-06,1.6688398316928177e-05,1.7408558859411248e-06,1.1486126635641799e-05,1.7235301552703273e-06,4.9627657687626e-06,1.7120951721089544e-06,0.0,0.0
t5,jump_oracle,0.01,pre,Raw,500,0.000487739172047,0.0,0.0099999999999993,0.0,0.0004788654472248625,4.770546619112344e-06,0.009696000000000001,0.0002790320515129814,0.0,0.0,0.0,0.0,0.0,0.0,-5.202271681286381e-06,3.341607649463624e-07,-1.172563254816558e-05,6.687043821633761e-07,-1.6688398316928177e-05,1.7408558859411248e-06
t5,jump_oracle,0.01,pre,Rolling1000,500,0.0004930763012479366,3.0904027806475167e-07,0.009775436889058629,0.00013060148270905287,0.0004828100216883066,4.702757653611296e-06,0.009224,0.00025827322376938816,0.0027103515838353856,8.601984885295749e-05,5.3371292009051e-06,3.090402780647454e-07,5.33712920093658e-06,3.0904027806475167e-07,1.3485751965019824e-07,1.9673916991667706e-07,-6.388503347229001e-06,5.734397538484079e-07,-1.1351269115991602e-05,1.7091018866990103e-06
t5,jump_oracle,0.01,pre,Rolling125,500,0.0005616336905742407,3.899575244550998e-06,0.008034563717922596,0.00019858872328026357,0.0005533916873984415,7.210624299506524e-06,0.0077280000000000005,0.0002009497290049786,0.012699554598503597,0.00045416766351854876,7.389451852720458e-05,3.899575244550388e-06,7.389451852724058e-05,3.899575244550998e-06,6.869224684595421e-05,3.903487234742446e-06,6.2168885979075e-05,3.877881490811987e-06,5.72061202103124e-05,3.6733701403461565e-06
t5,jump_oracle,0.01,pre,Rolling250,500,0.0005197221945036859,1.8136876150333148e-06,0.00802011074165502,0.00019059017232918285,0.0005107491823562295,5.497490101098372e-06,0.007344000000000002,0.00021104598744736954,0.007537948203240942,0.0002621184368265937,3.198302245665388e-05,1.8136876150331069e-06,3.198302245668578e-05,1.8136876150333148e-06,2.6780750775399404e-05,1.810550070971555e-06,2.0257389908520204e-05,1.7066368405196775e-06,1.5294624139757604e-05,1.93897891520083e-06
t5,jump_oracle,0.01,pre,Rolling500,500,0.0004994648045951656,6.68704382163376e-07,0.009873709429929179,0.00018709884930523182,0.0004899798842525156,4.7692283705470395e-06,0.009312,0.0002550282156577251,0.004092105713294253,0.0001273718364416782,1.172563254813688e-05,6.687043821632493e-07,1.172563254816558e-05,6.687043821633761e-07,6.523360866879199e-06,6.492520871336535e-07,0.0,0.0,-4.9627657687626e-06,1.7120951721089544e-06
t5,jump_oracle,0.01,pre,Static-CP,500,0.0004929414437282864,3.341607649463624e-07,0.00972279380599466,0.00013741204918313503,0.00048198719666501524,4.640326860244223e-06,0.009256,0.0002830922295310164,0.0026909553634429945,9.358416407132454e-05,5.202271681259151e-06,3.3416076494640737e-07,5.202271681286381e-06,3.341607649463624e-07,0.0,0.0,-6.523360866879199e-06,6.492520871336535e-07,-1.1486126635641799e-05,1.7235301552703273e-06
t5,jump_oracle,0.01,pre,VolRolling250,500,0.0005197221945036859,1.8136876150333148e-06,0.00802011074165502,0.00019059017232918285,0.0005107491823562295,5.497490101098372e-06,0.007344000000000002,0.00021104598744736954,0.007537948203240942,0.0002621184368265937,3.198302245665388e-05,1.8136876150331069e-06,3.198302245668578e-05,1.8136876150333148e-06,2.6780750775399404e-05,1.810550070971555e-06,2.0257389908520204e-05,1.7066368405196775e-06,1.5294624139757604e-05,1.93897891520083e-06
t5,jump_oracle,0.01,pre,VolRolling500,500,0.0004994648045951656,6.68704382163376e-07,0.009873709429929179,0.00018709884930523182,0.0004899798842525156,4.7692283705470395e-06,0.009312,0.0002550282156577251,0.004092105713294253,0.0001273718364416782,1.172563254813688e-05,6.687043821632493e-07,1.172563254816558e-05,6.687043821633761e-07,6.523360866879199e-06,6.492520871336535e-07,0.0,0.0,-4.9627657687626e-06,1.7120951721089544e-06
t5,jump_oracle,0.05,acute,DtACI500,500,0.003191095429272652,1.2041962669952172e-06,0.05017992352603484,0.0003579256623211153,0.003326800736026316,6.631266985243671e-05,0.05309728737585823,0.0020673372828514786,0.0029397753069892226,7.405927218957745e-05,2.5117793327900504e-05,1.204196266994978e-06,2.5117793327951932e-05,1.2041962669952172e-06,2.311815749452359e-05,1.1965834558444359e-06,2.063983994352639e-05,1.1496928062128047e-06,1.937126436834478e-05,1.1527848885948863e-06
t5,jump_oracle,0.05,acute,InitialKupiecGate,500,0.003166746789191069,3.327998927907379e-07,0.04986025948959896,8.45997332492567e-05,0.0033024672771031346,6.525885230295096e-05,0.0525,0.0022466853785923745,0.00012799914713106341,3.38070317329814e-05,7.691532463658759e-07,3.3279989279040127e-07,7.691532463693987e-07,3.3279989279073797e-07,-1.2304825870589462e-06,3.411336362476114e-07,-3.708800138056147e-06,4.038456527780782e-07,-4.977375713237753e-06,5.212784200930032e-07
t5,jump_oracle,0.05,acute,PastSelectedRolling,500,0.003171724164904307,6.059231080336366e-07,0.04930816310254383,0.00023765016213181167,0.0033035413298748767,6.493839321855205e-05,0.0517,0.0021757038802993154,0.0014410598238844673,6.298375104001236e-05,5.746528959556204e-06,6.05923108033564e-07,5.746528959607151e-06,6.059231080336366e-07,3.7468931261788065e-06,6.077975209957263e-07,1.2685755751816056e-06,5.811935029499738e-07,0.0,0.0
t5,jump_oracle,0.05,acute,Raw,500,0.0031659776359447005,1.941422201108567e-20,0.05,0.0,0.0033017455787284784,6.525376366389332e-05,0.05260000000000001,0.002253138536915355,0.0,0.0,0.0,0.0,0.0,0.0,-1.999635833428345e-06,1.1005519689791175e-07,-4.477953384425546e-06,2.9250224852967036e-07,-5.746528959607151e-06,6.059231080336366e-07
t5,jump_oracle,0.05,acute,Rolling1000,500,0.0031682108375094115,1.3799459526479454e-07,0.04989830513139577,0.00015944751421984637,0.003302471062799668,6.522943932128468e-05,0.0523,0.002238177579584674,0.0009865169917573483,3.350987580931255e-05,2.233201564659456e-06,1.379945952647532e-07,2.233201564711348e-06,1.3799459526479454e-07,2.3356573128300273e-07,1.315645347149689e-07,-2.244751819714198e-06,2.470834399458148e-07,-3.5133273948958038e-06,5.820777545890389e-07
t5,jump_oracle,0.05,acute,Rolling125,500,0.003186932094668414,1.400288553289685e-06,0.04772508857029965,0.0004257952014193506,0.0033236169497445844,6.479063661901737e-05,0.050699999999999995,0.0021859956894533473,0.00303305246381257,0.00010636147915485477,2.0954458723661927e-05,1.4002885532894253e-06,2.0954458723714148e-05,1.400288553289685e-06,1.89548228902858e-05,1.3962297371125123e-06,1.64765053392886e-05,1.3663202603647647e-06,1.5207929764106993e-05,1.3042388241505217e-06
t5,jump_oracle,0.05,acute,Rolling250,500,0.0031756164056077605,5.76726629666848e-07,0.048732800719157796,0.0003079088159353242,0.003313886436692865,6.491715928008594e-05,0.0525,0.002228774297621784,0.002088155597175458,6.819082434998143e-05,9.638769663011641e-06,5.767266296668326e-07,9.638769663060542e-06,5.76726629666848e-07,7.639133829632197e-06,5.881183844458397e-07,5.160816278634996e-06,5.091693853594244e-07,3.89224070345339e-06,6.374561907337145e-07
t5,jump_oracle,0.05,acute,Rolling500,500,0.0031704555893291254,2.9250224852967036e-07,0.04977692336311988,0.00022145047232000411,0.003300452109802084,6.538798454955374e-05,0.052700000000000004,0.0022192950549852907,0.0013949540356350191,4.800024918284004e-05,4.477953384376742e-06,2.9250224852962546e-07,4.477953384425546e-06,2.9250224852967036e-07,2.478317550997201e-06,3.0093293717622663e-07,0.0,0.0,-1.2685755751816056e-06,5.811935029499738e-07
t5,jump_oracle,0.05,acute,Static-CP,500,0.0031679772717781284,1.1005519689791175e-07,0.04967448471228208,0.00015098315073567436,0.0033011500270539256,6.509288914047718e-05,0.05160000000000001,0.0022326776971606983,0.0009683556848726921,2.9973628046153115e-05,1.9996358333787327e-06,1.1005519689788818e-07,1.999635833428345e-06,1.1005519689791175e-07,0.0,0.0,-2.478317550997201e-06,3.0093293717622663e-07,-3.7468931261788065e-06,6.077975209957263e-07
t5,jump_oracle,0.05,acute,VolRolling250,500,0.00320160379006884,2.055069354767995e-06,0.04862773914316031,0.0005954960769327753,0.0033376021294551244,6.49445474410533e-05,0.0522,0.0022539922275650924,0.004092898350055068,0.0001333330486963548,3.5626154124084664e-05,2.055069354767501e-06,3.562615412413976e-05,2.055069354767995e-06,3.3626518290711414e-05,2.0580554508273384e-06,3.114820073971421e-05,1.9343757316179993e-06,2.987962516453261e-05,1.891041577152568e-06
t5,jump_oracle,0.05,acute,VolRolling500,500,0.0031833040035868293,1.0943203319273823e-06,0.05006666841974189,0.00043467396830078255,0.0033060791644223897,6.567544449629488e-05,0.05330000000000001,0.0022266872866536715,0.002767529103245181,9.544473882253197e-05,1.732636764207694e-05,1.0943203319271415e-06,1.7326367642129352e-05,1.0943203319273823e-06,1.5326731808701005e-05,1.0876032796267956e-06,1.2848414257703805e-05,8.033838515469857e-07,1.15798386825222e-05,1.0688260688694996e-06
t5,jump_oracle,0.05,early,DtACI500,500,0.003200119328517439,1.4860454962510713e-06,0.05070181451152942,0.0003800745025048866,0.0031895201616008763,2.742457005534155e-05,0.05033750403091544,0.0007615732719398317,0.003406193445416914,8.274034724240896e-05,3.414169257268568e-05,1.4860454962507494e-06,3.4141692572739146e-05,1.4860454962510709e-06,3.21420567393108e-05,1.4848260979194283e-06,2.8975752608974588e-05,1.367603282879922e-06,2.617415609448679e-05,1.3614870733758533e-06
t5,jump_oracle,0.05,early,InitialKupiecGate,500,0.0031667738262181676,3.3657093415485705e-07,0.049858411034173926,7.892614508963747e-05,0.0031570086166727834,2.707571744581051e-05,0.049752380952380916,0.0009603468745930652,0.00013201836421486041,3.285125380634053e-05,7.961902734639768e-07,3.3657093415453857e-07,7.961902734673958e-07,3.3657093415485705e-07,-1.2034455599609491e-06,3.477886370874919e-07,-4.369749690297158e-06,4.4798204232838744e-07,-7.171346204784956e-06,8.655435038032741e-07
t5,jump_oracle,0.05,early,PastSelectedRolling,500,0.0031739451724229523,9.162754808038411e-07,0.04919642002187641,0.0002554550546141923,0.0031629237689869685,2.699730511129519e-05,0.04906666666666663,0.000912505822283626,0.0015746953083676702,7.604254252075204e-05,7.967536478202155e-06,9.16275480803626e-07,7.967536478252352e-06,9.162754808038411e-07,5.967900644824007e-06,9.186527395067791e-07,2.8015965144877976e-06,8.671974104340124e-07,0.0,0.0
t5,jump_oracle,0.05,early,Raw,500,0.0031659776359447005,1.941422201108567e-20,0.05,0.0,0.003156469949297072,2.7101003758413177e-05,0.049828571428571396,0.0009565873326566712,0.0,0.0,0.0,0.0,0.0,0.0,-1.999635833428345e-06,1.1005519689791175e-07,-5.165939963764554e-06,3.0399973268680783e-07,-7.967536478252352e-06,9.162754808038411e-07
t5,jump_oracle,0.05,early,Rolling1000,500,0.0031682603776762505,1.4765455993572825e-07,0.04988362594772992,0.00015814285452738855,0.0031598036160566377,2.702781994690748e-05,0.04961904761904758,0.0009538970659707291,0.0009840651229036748,3.328162185559679e-05,2.282741731501411e-06,1.4765455993562748e-07,2.282741731549946e-06,1.4765455993572825e-07,2.8310589812160105e-07,1.4736582998878358e-07,-2.883198232214608e-06,2.482707223380303e-07,-5.684794746702406e-06,8.997638009323883e-07
t5,jump_oracle,0.05,early,Rolling125,500,0.0032090792995574527,2.216757836577139e-06,0.04691563676114458,0.0004892538725527377,0.0031979592817537217,2.7488937407024317e-05,0.046628571428571394,0.0007580281183587001,0.004376694100639482,0.00012788334770213672,4.3101663612694824e-05,2.216757836576688e-06,4.310166361275235e-05,2.216757836577139e-06,4.1102027779323994e-05,2.210629501992344e-06,3.793572364898779e-05,2.1134742710229035e-06,3.5134127134499996e-05,2.07855180362745e-06
t5,jump_oracle,0.05,early,Rolling250,500,0.0031790009057931553,7.972512673439637e-07,0.048127657336429326,0.0003187963780302231,0.0031712353003131833,2.6871699280881722e-05,0.04758095238095235,0.0008729115426935499,0.0023770474061052217,7.53651072781972e-05,1.3023269848405665e-05,7.972512673439082e-07,1.3023269848455752e-05,7.972512673439636e-07,1.1023634015027407e-05,8.022032485908442e-07,7.857329884691198e-06,6.586834025328403e-07,5.055733370203401e-06,8.602078496231847e-07
t5,jump_oracle,0.05,early,Rolling500,500,0.0031711435759084645,3.0399973268680783e-07,0.04986366276425956,0.00022967285723848126,0.00316199143186788,2.709140444958802e-05,0.04942857142857139,0.0009244791530159582,0.0015204316316954295,4.592288881962881e-05,5.1659399637129e-06,3.039997326868274e-07,5.165939963764554e-06,3.0399973268680783e-07,3.166304130336209e-06,3.144451203804081e-07,0.0,0.0,-2.8015965144877976e-06,8.671974104340124e-07
t5,jump_oracle,0.05,early,Static-CP,500,0.0031679772717781284,1.1005519689791175e-07,0.04967448471228208,0.00015098315073567447,0.0031593288615444142,2.7000178441668057e-05,0.04937142857142853,0.0009716669274535466,0.0009683556848726924,2.997362804615313e-05,1.9996358333787327e-06,1.1005519689788818e-07,1.999635833428345e-06,1.1005519689791175e-07,0.0,0.0,-3.166304130336209e-06,3.144451203804081e-07,-5.967900644824007e-06,9.186527395067791e-07
t5,jump_oracle,0.05,early,VolRolling250,500,0.0032004777383222854,1.9421623067834852e-06,0.04788098823264508,0.0005270893363921422,0.0031939163389026917,2.6870196640510626e-05,0.047790476190476154,0.0009209111186013421,0.003975985531587392,0.00012153815290515359,3.450010237753075e-05,1.9421623067830325e-06,3.4500102377585154e-05,1.9421623067834852e-06,3.250046654415681e-05,1.9416610737342896e-06,2.9334162413820607e-05,1.766533863220752e-06,2.653256589933281e-05,1.696411331573299e-06
t5,jump_oracle,0.05,early,VolRolling500,500,0.00318367917793523,1.0056095413922954e-06,0.050252410545364126,0.00042689695298705164,0.003174705691962364,2.7153034717339635e-05,0.05017142857142853,0.0009620820922373139,0.0028289403310891234,8.58023269646401e-05,1.770154199047694e-05,1.0056095413920813e-06,1.770154199052955e-05,1.0056095413922954e-06,1.5701906157101202e-05,1.0013149454914398e-06,1.2535602026764992e-05,7.100710400934662e-07,9.734005512277197e-06,1.143700450054378e-06
t5,jump_oracle,0.05,late,DtACI500,500,0.0032335168928088677,1.5066715970332997e-06,0.051109915252577964,0.00040685668068695123,0.003236007736210414,1.2254467017286727e-05,0.051503644288360406,0.0002502553219709598,0.005121650212220487,7.485911220982746e-05,6.753925686411175e-05,1.5066715970327712e-06,6.75392568640678e-05,1.5066715970332997e-06,6.553962103073919e-05,1.5095121584599016e-06,5.118499705613181e-05,1.176623871593088e-06,4.789260105469839e-05,1.5774499087005688e-06
t5,jump_oracle,0.05,late,InitialKupiecGate,500,0.003168484018779215,7.787830978566047e-07,0.04974546462485569,9.144284226825053e-05,0.0031700020997279944,1.1952899512254031e-05,0.05034000000000001,0.00042793346925452843,0.00023204171300088823,5.358988853748378e-05,2.506382834418128e-06,7.787830978567714e-07,2.5063828344154104e-06,7.787830978566048e-07,5.067470010868122e-07,7.835838560996218e-07,-1.3847876973520578e-05,9.90164741775149e-07,-1.714027297495399e-05,1.2398779192760989e-06
t5,jump_oracle,0.05,late,PastSelectedRolling,500,0.0031856242917541696,1.4041423200454205e-06,0.04977480978749625,0.0003029136288195821,0.0031880133720278035,1.2073233532199856e-05,0.050376000000000004,0.00037356170131502874,0.0026298390760071404,8.898811470565591e-05,1.9646655809417108e-05,1.4041423200451075e-06,1.9646655809369403e-05,1.4041423200454205e-06,1.7647019976040803e-05,1.4070041125770451e-06,3.2923960014334126e-06,1.3741011557036683e-06,0.0,0.0
t5,jump_oracle,0.05,late,Raw,500,0.0031659776359448,0.0,0.05,0.0,0.003167242518161185,1.1921737919464662e-05,0.05057600000000001,0.00042987676847224985,0.0,0.0,0.0,0.0,0.0,0.0,-1.9996358333285985e-06,1.1005519689791175e-07,-1.635425980793599e-05,6.79686356600235e-07,-1.9646655809369403e-05,1.4041423200454205e-06
t5,jump_oracle,0.05,late,Rolling1000,500,0.003171604944695118,2.899065937904814e-07,0.05029466614862979,0.00023095696154645245,0.0031725602394024484,1.1914660434925e-05,0.05076800000000001,0.00039540997723906815,0.0015666568768209674,4.361409109646789e-05,5.627308750368069e-06,2.8990659379043676e-07,5.627308750318203e-06,2.8990659379048133e-07,3.627672916989605e-06,3.036285313992164e-07,-1.0726951057617787e-05,5.434706832815014e-07,-1.40193470590512e-05,1.3767780497442048e-06
t5,jump_oracle,0.05,late,Rolling125,500,0.0032392377339096204,1.8670445746826325e-06,0.047212248099150686,0.0003707329271022232,0.003241517467135164,1.2386675699965779e-05,0.04745200000000001,0.00023611627175519934,0.005918615140700369,8.73979053761667e-05,7.32600979648606e-05,1.8670445746819384e-06,7.32600979648208e-05,1.8670445746826325e-06,7.126046213149219e-05,1.8702029979989899e-06,5.69058381568848e-05,1.744623123802843e-06,5.361344215545139e-05,1.7876767162017862e-06
t5,jump_oracle,0.05,late,Rolling250,500,0.003201501200119342,1.1793857667619611e-06,0.04760722515319968,0.00036727767826315864,0.003203854629462967,1.1989803419945101e-05,0.04809600000000001,0.00027771896522797035,0.004066016177497401,7.588032058511507e-05,3.552356417458941e-05,1.1793857667617013e-06,3.55235641745422e-05,1.1793857667619611e-06,3.35239283412136e-05,1.1797655012944232e-06,1.9169304366606207e-05,9.342587532192252e-07,1.5876908365172796e-05,1.362873509510626e-06
t5,jump_oracle,0.05,late,Rolling500,500,0.0031823318957527355,6.796863566002348e-07,0.05024528729470171,0.00034417636583060384,0.0031850573470844786,1.1924631489101619e-05,0.05095200000000001,0.0003760081864968171,0.002704638597797652,6.035394194975125e-05,1.635425980798827e-05,6.796863566002074e-07,1.635425980793599e-05,6.79686356600235e-07,1.4354623974607391e-05,6.869755230784023e-07,0.0,0.0,-3.2923960014334126e-06,1.3741011557036683e-06
t5,jump_oracle,0.05,late,Static-CP,500,0.0031679772717781284,1.1005519689791175e-07,0.04967448471228208,0.0001509831507356744,0.003168235944580116,1.1893989433523951e-05,0.050172,0.00043900601883019584,0.0009683556848726924,2.997362804615313e-05,1.9996358333787327e-06,1.1005519689788818e-07,1.9996358333285985e-06,1.1005519689791175e-07,0.0,0.0,-1.4354623974607391e-05,6.869755230784023e-07,-1.7647019976040803e-05,1.4070041125770451e-06
t5,jump_oracle,0.05,late,VolRolling250,500,0.003201501200119342,1.1793857667619611e-06,0.04760722515319968,0.00036727767826315864,0.003203854629462967,1.1989803419945101e-05,0.04809600000000001,0.00027771896522797035,0.004066016177497401,7.588032058511507e-05,3.552356417458941e-05,1.1793857667617013e-06,3.55235641745422e-05,1.1793857667619611e-06,3.35239283412136e-05,1.1797655012944232e-06,1.9169304366606207e-05,9.342587532192252e-07,1.5876908365172796e-05,1.362873509510626e-06
t5,jump_oracle,0.05,late,VolRolling500,500,0.0031823318957527355,6.796863566002348e-07,0.05024528729470171,0.00034417636583060384,0.0031850573470844786,1.1924631489101619e-05,0.05095200000000001,0.0003760081864968171,0.002704638597797652,6.035394194975125e-05,1.635425980798827e-05,6.796863566002074e-07,1.635425980793599e-05,6.79686356600235e-07,1.4354623974607391e-05,6.869755230784023e-07,0.0,0.0,-3.2923960014334126e-06,1.3741011557036683e-06
t5,jump_oracle,0.05,middle,DtACI500,500,0.0032208090690268184,1.4980145334735452e-06,0.05227933383981315,0.00043914380946170027,0.0032120666847940873,1.4737218142972878e-05,0.050907933820462076,0.00031365506567392103,0.004510773929023184,8.049793610281599e-05,5.4831433082064016e-05,1.498014533473041e-06,5.4831433082118355e-05,1.4980145334735452e-06,5.28317972486902e-05,1.491196128264295e-06,4.44137401118582e-05,1.1549163749497033e-06,4.004065242929e-05,1.5933387875202496e-06
t5,jump_oracle,0.05,middle,InitialKupiecGate,500,0.0031678915069550573,5.588577207423001e-07,0.04985068141116652,8.587822792405747e-05,0.003163647772702726,1.4170554753544037e-05,0.04836799999999998,0.0004965678650724173,0.00019902710089357377,4.519329191453266e-05,1.913871010354286e-06,5.588577207419216e-07,1.913871010357197e-06,5.588577207423001e-07,-8.576482307094853e-08,5.620049092578275e-07,-8.503821959902944e-06,7.487825205042587e-07,-1.2876909642471146e-05,1.0971039796067591e-06
t5,jump_oracle,0.05,middle,PastSelectedRolling,500,0.0031807684165975287,1.1904547722499788e-06,0.049564618924502396,0.0002768792290155829,0.0031750049503629497,1.4287033608492053e-05,0.0482293333333333,0.0004301958914378658,0.0021350082248306266,8.511286427843693e-05,1.4790780652778783e-05,1.1904547722498253e-06,1.4790780652828343e-05,1.190454772249979e-06,1.2791144819400197e-05,1.1869747318390579e-06,4.373087682568203e-06,1.1718896204873576e-06,0.0,0.0
t5,jump_oracle,0.05,middle,Raw,500,0.0031659776359447005,1.941422201108567e-20,0.05,0.0,0.003161521452932967,1.4085565906173666e-05,0.04845866666666664,0.0004969617384613676,0.0,0.0,0.0,0.0,0.0,0.0,-1.9996358334281457e-06,1.1005519689791768e-07,-1.041769297026014e-05,5.325526351158294e-07,-1.4790780652828343e-05,1.190454772249979e-06
t5,jump_oracle,0.05,middle,Rolling1000,500,0.00316909656788835,1.9160239336660186e-07,0.05004201101168023,0.00017483144675007993,0.0031644779108068173,1.4070819625909727e-05,0.04861866666666664,0.00047700058934511,0.001157442293894433,3.489585648074856e-05,3.1189319436005017e-06,1.9160239336661335e-07,3.118931943649944e-06,1.9160239336660186e-07,1.1192961102217984e-06,1.998043061938142e-07,-7.298761026610197e-06,4.377791464991957e-07,-1.1671848709178398e-05,1.1671571741752781e-06
t5,jump_oracle,0.05,middle,Rolling125,500,0.0032408828550715405,2.248066499723818e-06,0.048888808305132814,0.00044840907678392485,0.0032322741305130754,1.4956819318217511e-05,0.047765333333333305,0.0003040762130673385,0.005937476988628322,0.00010370258461982288,7.490521912677991e-05,2.248066499723043e-06,7.490521912684075e-05,2.248066499723818e-06,7.29055832934126e-05,2.240190337488941e-06,6.44875261565806e-05,2.046890826773903e-06,6.011443847401241e-05,2.2127985726139364e-06
t5,jump_oracle,0.05,middle,Rolling250,500,0.003198533330416763,1.3394152001137429e-06,0.048963163991980946,0.0004193803415408155,0.0031920066235971048,1.4391876530125012e-05,0.04759999999999998,0.0003433290853288965,0.003828423393237542,8.60207500325871e-05,3.2555694472012804e-05,1.3394152001135665e-06,3.255569447206294e-05,1.3394152001137427e-06,3.05560586386348e-05,1.3354859830656434e-06,2.2138001501802802e-05,1.004764676071019e-06,1.7764913819234602e-05,1.4918844743522826e-06
t5,jump_oracle,0.05,middle,Rolling500,500,0.00317639532891496,5.325526351158294e-07,0.050315950208726604,0.0002925860270005763,0.0031703153865606576,1.4211313652991095e-05,0.04893333333333331,0.0004288172254821217,0.002123368346787478,5.567478669532097e-05,1.0417692970212356e-05,5.325526351157398e-07,1.041769297026014e-05,5.325526351158294e-07,8.418057136831995e-06,5.344849821773848e-07,0.0,0.0,-4.373087682568203e-06,1.1718896204873576e-06
t5,jump_oracle,0.05,middle,Static-CP,500,0.0031679772717781284,1.1005519689791768e-07,0.04967448471228208,0.00015098315073567445,0.003163694478564687,1.4051586255818922e-05,0.048015999999999975,0.0005164731673773549,0.0009683556848726924,2.997362804615313e-05,1.9996358333787327e-06,1.1005519689788817e-07,1.9996358334281457e-06,1.1005519689791768e-07,0.0,0.0,-8.418057136831995e-06,5.344849821773848e-07,-1.2791144819400197e-05,1.1869747318390579e-06
t5,jump_oracle,0.05,middle,VolRolling250,500,0.0032023548024043337,1.434823167091435e-06,0.04899859729375315,0.0004405485459489309,0.0031957806304619184,1.4425309092526022e-05,0.04773333333333331,0.0003633830011463875,0.004081233580302246,8.980104819513915e-05,3.637716645958097e-05,1.434823167091168e-06,3.637716645963375e-05,1.434823167091435e-06,3.4377530626205606e-05,1.4294871990340917e-06,2.5959473489373608e-05,1.082417400438112e-06,2.1586385806805407e-05,1.5250281353011123e-06
t5,jump_oracle,0.05,middle,VolRolling500,500,0.003183585994586869,8.540971261825096e-07,0.05077399482659871,0.00038886853527327753,0.003176386127883995,1.4219943529188852e-05,0.049311999999999974,0.0004567287827898787,0.002817603174148344,7.182297947574242e-05,1.760835864211805e-05,8.540971261823454e-07,1.7608358642168946e-05,8.540971261825096e-07,1.56087228087408e-05,8.517627190449797e-07,7.190665671908806e-06,3.754034922183762e-07,2.8175779893406034e-06,1.2809816492273688e-06
t5,jump_oracle,0.05,post,DtACI500,500,0.003224396285369274,1.0996233166401e-06,0.05148699681045019,0.0003074021668277418,0.0032239645065916074,9.083223439721873e-06,0.05118968099761677,0.00011206681617116359,0.0046688111474024975,5.73050904066699e-05,5.841864942452188e-05,1.0996233166397279e-06,5.8418649424574144e-05,1.0996233166401e-06,5.6419013591145804e-05,1.0977550878566569e-06,4.5702901892822e-05,8.124995398559201e-07,4.209725686562099e-05,1.244406447990401e-06
t5,jump_oracle,0.05,post,InitialKupiecGate,500,0.0031680475120344368,5.560737745312683e-07,0.04979907618999553,6.034756537190222e-05,0.0031689042149202224,8.776798673158328e-06,0.04958200000000001,0.00030619284792470327,0.0002070779305207156,4.4751069478745754e-05,2.0698760897327448e-06,5.560737745306828e-07,2.0698760897363963e-06,5.560737745312683e-07,7.024025630805123e-08,5.614352676116109e-07,-1.0645871442015754e-05,6.931698906488511e-07,-1.4251516469216758e-05,9.944175627145313e-07
t5,jump_oracle,0.05,post,PastSelectedRolling,500,0.0031822990285036534,1.0862100971335207e-06,0.04962592435478443,0.00022168996648344662,0.003182811364741137,8.904591271591804e-06,0.04946000000000001,0.00020536101453923813,0.0023097118261713517,7.522631314460603e-05,1.6321392558903e-05,1.0862100971331986e-06,1.6321392558953153e-05,1.0862100971335207e-06,1.432175672552481e-05,1.0868651126953973e-06,3.605645027201003e-06,1.0649861022038471e-06,0.0,0.0
t5,jump_oracle,0.05,post,Raw,500,0.0031659776359447005,1.941422201108567e-20,0.05,0.0,0.0031666560601812162,8.709046890484023e-06,0.049744000000000003,0.00030909546747895226,0.0,0.0,0.0,0.0,0.0,0.0,-1.999635833428345e-06,1.1005519689791175e-07,-1.271574753175215e-05,4.463162068391588e-07,-1.6321392558953153e-05,1.0862100971335207e-06
t5,jump_oracle,0.05,post,Rolling1000,500,0.003170245241711884,1.9927757568045303e-07,0.05014883403083453,0.0001774369528707463,0.0031707881371957204,8.719632649749842e-06,0.049872000000000014,0.00022796308107381186,0.0013404264763609301,3.2172426939476546e-05,4.267605767135059e-06,1.9927757568043614e-07,4.2676057671837425e-06,1.9927757568045305e-07,2.2679699337553973e-06,2.120000586076907e-07,-8.448141764568408e-06,3.2640160959789406e-07,-1.205378679176941e-05,1.0631659353350742e-06
t5,jump_oracle,0.05,post,Rolling125,500,0.0032356419059535384,1.3532171001956341e-06,0.04782007079532633,0.0002684125577441964,0.0032351195960890204,9.193477468872289e-06,0.047548,0.00014547066862725876,0.005706075370929203,6.394063022824607e-05,6.966427000878298e-05,1.3532171001950507e-06,6.966427000883795e-05,1.3532171001956341e-06,6.76646341754096e-05,1.3493576845483066e-06,5.694852247708579e-05,1.180407697793438e-06,5.334287744988478e-05,1.4049470891594545e-06
t5,jump_oracle,0.05,post,Rolling250,500,0.003197508022186394,8.316708066624723e-07,0.04819285910830093,0.00026323994053122177,0.0031981872338471425,8.92135702684767e-06,0.047944,0.00014747618944394315,0.003760019950797336,5.455432669742415e-05,3.153038624164326e-05,8.316708066623183e-07,3.153038624169395e-05,8.316708066624723e-07,2.953075040826561e-05,8.302288526684499e-07,1.88146387099418e-05,5.753788662049467e-07,1.5208993682740799e-05,1.0926269575096688e-06
t5,jump_oracle,0.05,post,Rolling500,500,0.003178693383476452,4.463162068391588e-07,0.05022234803313298,0.00024474807018128584,0.003179415086044656,8.777646509808153e-06,0.05007000000000001,0.00017236478537821162,0.0023361268309848504,4.225170443454553e-05,1.271574753170127e-05,4.4631620683920424e-07,1.271574753175215e-05,4.463162068391588e-07,1.0716111698323805e-05,4.535753824302708e-07,0.0,0.0,-3.605645027201003e-06,1.0649861022038471e-06
t5,jump_oracle,0.05,post,Static-CP,500,0.0031679772717781284,1.1005519689791175e-07,0.04967448471228208,0.00015098315073567445,0.0031682559327550586,8.68490330551382e-06,0.049308000000000005,0.0003346674118481006,0.0009683556848726924,2.997362804615313e-05,1.9996358333787327e-06,1.1005519689788818e-07,1.999635833428345e-06,1.1005519689791175e-07,0.0,0.0,-1.0716111698323805e-05,4.535753824302708e-07,-1.432175672552481e-05,1.0868651126953973e-06
t5,jump_oracle,0.05,post,VolRolling250,500,0.003201715889286513,9.077829735698175e-07,0.04817814510904821,0.0002792969581246678,0.003202458309328586,8.956825911153648e-06,0.048010000000000004,0.00016233454656979225,0.004062807129179822,5.791702273202437e-05,3.5738253341761444e-05,9.07782973569655e-07,3.573825334181295e-05,9.077829735698175e-07,3.37386175083846e-05,9.048909559286067e-07,2.30225058100608e-05,6.464667548179119e-07,1.9416860782859798e-05,1.1131416301536082e-06
t5,jump_oracle,0.05,post,VolRolling500,500,0.0031829630896013797,5.613975418684443e-07,0.05044072818298344,0.0002840520358637806,0.003183139152443235,8.793581011511947e-06,0.050302000000000006,0.00019493997843023572,0.0027613098060337185,4.8354247064651545e-05,1.6985453656630413e-05,5.613975418685094e-07,1.698545365667934e-05,5.613975418684443e-07,1.4985817823250994e-05,5.634329500531731e-07,4.26970612492719e-06,1.9791623200158734e-07,6.64061097726187e-07,1.0802907325748386e-06
t5,jump_oracle,0.05,pre,DtACI500,500,0.0016221242889163884,9.739979746957615e-07,0.051833597411735995,0.0004709878439834821,0.0016077321053156104,8.592481919089455e-06,0.051099176548389955,0.000399230007957177,0.002725257716838692,4.566492829788515e-05,3.913547094403709e-05,9.739979746955195e-07,3.91354709439887e-05,9.739979746957615e-07,3.5164660199579797e-05,9.826918989654047e-07,3.06645029339026e-05,7.947877586493638e-07,2.6965462342084e-05,9.968707448567824e-07
t5,jump_oracle,0.05,pre,InitialKupiecGate,500,0.0015847485148099798,4.1495632308572906e-07,0.04981872282424936,0.0001483212875711239,0.0015695203953627398,8.228537909523827e-06,0.04856,0.0006243271327897538,0.00015616978993348083,3.256524370138173e-05,1.7596968375826152e-06,4.149563230861193e-07,1.759696837580005e-06,4.1495632308572906e-07,-2.211113906828901e-06,4.521276225901977e-07,-6.711271172506099e-06,4.6890605427992926e-07,-1.0410311764324699e-05,8.643761400209193e-07
t5,jump_oracle,0.05,pre,PastSelectedRolling,500,0.0015951588265743046,9.197347688947561e-07,0.049321325349247505,0.00040829273298348406,0.0015786363641396252,8.330150754121275e-06,0.04818400000000001,0.0005856229131384679,0.0015005811775216649,5.5507782775937055e-05,1.2170008601951739e-05,9.197347688946506e-07,1.2170008601904703e-05,9.197347688947563e-07,8.199197857495796e-06,9.055077193673054e-07,3.6990405918185994e-06,8.062446064750352e-07,0.0,0.0
t5,jump_oracle,0.05,pre,Raw,500,0.0015829888179724,0.0,0.05,0.0,0.0015682374398590644,8.258470266819795e-06,0.048720000000000006,0.0006204943403874895,0.0,0.0,0.0,0.0,0.0,0.0,-3.970810744408906e-06,2.1777647473437053e-07,-8.470968010086104e-06,4.516977785129392e-07,-1.2170008601904703e-05,9.197347688947563e-07
t5,jump_oracle,0.05,pre,Rolling1000,500,0.0015870751977572904,2.0715509042420663e-07,0.049939205494058746,0.0002923971307236307,0.0015715760365165247,8.234332684656072e-06,0.04854400000000001,0.000582923431897286,0.0009642497535526,2.7398733601967887e-05,4.086379784940141e-06,2.071550904241918e-07,4.0863797848905026e-06,2.0715509042420663e-07,1.155690404815962e-07,1.4297353368356802e-07,-4.384588225195601e-06,3.956597891316107e-07,-8.083628817014201e-06,8.777502524932924e-07
t5,jump_oracle,0.05,pre,Rolling125,500,0.0016183716379919721,1.178262804586683e-06,0.04807071892783172,0.0005259148976205556,0.0016042684560089926,8.642511840790275e-06,0.04718400000000001,0.00040810953773414696,0.002900185344668912,5.810036935310004e-05,3.538282001962156e-05,1.1782628045864686e-06,3.5382820019572306e-05,1.1782628045866832e-06,3.14120092751634e-05,1.1818722094461813e-06,2.6911852009486197e-05,1.0693994237409605e-06,2.32128114176676e-05,1.0127164584743614e-06
t5,jump_oracle,0.05,pre,Rolling250,500,0.0016008469625324224,7.697431916982893e-07,0.04807578317585923,0.00048418463692730335,0.0015863448592423877,8.29941764853766e-06,0.047192000000000005,0.0005084045853893232,0.002039897377403384,4.982705850556469e-05,1.785814456007344e-05,7.697431916982322e-07,1.7858144560022496e-05,7.697431916982893e-07,1.3887333815613589e-05,7.757305342716249e-07,9.387176549936392e-06,5.807358857165497e-07,5.688135958117793e-06,7.511354113976607e-07
t5,jump_oracle,0.05,pre,Rolling500,500,0.001591459785982486,4.5169777851293916e-07,0.04973496834093544,0.0003905753567202597,0.0015765142683955436,8.240745136700562e-06,0.04872800000000001,0.0005782670815767317,0.0013631978603209115,3.939650066134477e-05,8.470968010134122e-06,4.516977785130196e-07,8.470968010086104e-06,4.516977785129392e-07,4.500157265677199e-06,4.4718671491321736e-07,0.0,0.0,-3.6990405918185994e-06,8.062446064750352e-07
t5,jump_oracle,0.05,pre,Static-CP,500,0.0015869596287168088,2.177764747343705e-07,0.049588969790814674,0.00030142886211891024,0.0015710942914515904,8.224554655846235e-06,0.048088000000000006,0.000662527280037273,0.0009683556848726931,2.997362804615316e-05,3.9708107444604515e-06,2.1777647473427764e-07,3.970810744408906e-06,2.1777647473437053e-07,0.0,0.0,-4.500157265677199e-06,4.4718671491321736e-07,-8.199197857495796e-06,9.055077193673054e-07
t5,jump_oracle,0.05,pre,VolRolling250,500,0.0016008469625324224,7.697431916982893e-07,0.04807578317585923,0.00048418463692730335,0.0015863448592423877,8.29941764853766e-06,0.047192000000000005,0.0005084045853893232,0.002039897377403384,4.982705850556469e-05,1.785814456007344e-05,7.697431916982322e-07,1.7858144560022496e-05,7.697431916982893e-07,1.3887333815613589e-05,7.757305342716249e-07,9.387176549936392e-06,5.807358857165497e-07,5.688135958117793e-06,7.511354113976607e-07
t5,jump_oracle,0.05,pre,VolRolling500,500,0.001591459785982486,4.5169777851293916e-07,0.04973496834093544,0.0003905753567202597,0.0015765142683955436,8.240745136700562e-06,0.04872800000000001,0.0005782670815767317,0.0013631978603209115,3.939650066134477e-05,8.470968010134122e-06,4.516977785130196e-07,8.470968010086104e-06,4.516977785129392e-07,4.500157265677199e-06,4.4718671491321736e-07,0.0,0.0,-3.6990405918185994e-06,8.062446064750352e-07
t5,reverses,0.01,acute,DtACI500,500,0.000549578960501048,1.8067408483450225e-06,0.0036688629384457423,6.827546946737808e-05,0.0005606579929997009,1.3902357816490825e-05,0.004389089528873578,0.0005833661254617982,0.013105603804869321,0.00025052032632166365,6.183978845401311e-05,1.8067408483443817e-06,4.234993199744803e-05,1.8067408483450223e-06,-8.892308012580001e-06,1.9785527880262295e-06,-1.1848586767557996e-05,1.1771812675923812e-06,-1.8942929217695596e-05,2.3162928121925182e-06
t5,reverses,0.01,acute,InitialKupiecGate,500,0.0005272884175626522,1.8245177000617802e-06,0.004332156730287746,5.95935922388643e-05,0.000544647123002454,1.4805725770352687e-05,0.0055,0.0007145075521533472,0.009992813690296573,0.00024975936319550086,3.954924551559142e-05,1.8245177000620582e-06,2.0059389059052206e-05,1.8245177000617806e-06,-3.118285095097583e-05,1.842161113381081e-06,-3.4139129705953815e-05,1.822010284910902e-06,-4.1233472156091415e-05,2.4079268647925534e-06
t5,reverses,0.01,acute,PastSelectedRolling,500,0.0005685218897187437,2.4107827311051947e-06,0.00266079419575493,4.686203657136857e-05,0.0005799101312685234,1.2845059379057759e-05,0.0032,0.0005658271119708586,0.01607631792549943,0.0002904938001123137,8.078271767170468e-05,2.410782731104553e-06,6.129286121514363e-05,2.4107827311051947e-06,1.0050621205115597e-05,2.3881078794394504e-06,7.0943424501376e-06,2.212804258119087e-06,0.0,0.0
t5,reverses,0.01,acute,Raw,500,0.0005072290285036001,4.8535555027714175e-21,0.005108598425749301,3.882844402217134e-20,0.0005273825966883929,1.603611517620851e-05,0.007199999999999999,0.0008232103927316532,0.007071067811865399,3.882844402217134e-20,1.9489856456530725e-05,0.0,0.0,0.0,-5.124224001002803e-05,1.1015234625891912e-06,-5.419851876500603e-05,1.5958541970877632e-06,-6.129286121514363e-05,2.4107827311051947e-06
t5,reverses,0.01,acute,Rolling1000,500,0.000556848448485644,1.148394405546281e-06,0.0027558213388027505,3.316162933577834e-05,0.0005658832845569452,1.2349150770363821e-05,0.0036,0.0005956421569686926,0.014769083354634286,0.00015416232620792672,6.910927643860896e-05,1.1483944055458145e-06,4.961941998204403e-05,1.148394405546281e-06,-1.6228200279840027e-06,8.29491386310102e-07,-4.579098782961999e-06,1.2085523582575765e-06,-1.1673441233099599e-05,2.16912067213429e-06
t5,reverses,0.01,acute,Rolling125,500,0.0006256626892663668,5.919111907138282e-06,0.0023197137140951465,7.732345006304277e-05,0.0006338769858782029,1.387922230799438e-05,0.0029000000000000002,0.0005231896930462408,0.02230817314024781,0.0006645410909931597,0.00013792351721931252,5.919111907137585e-06,0.00011843366076276683,5.919111907138282e-06,6.71914207527388e-05,5.9695728171597804e-06,6.42351419977608e-05,5.5957918568589574e-06,5.71407995476232e-05,5.609990714954157e-06
t5,reverses,0.01,acute,Rolling250,500,0.000592866180577559,3.289257832966234e-06,0.0023831194473398895,6.238499504345093e-05,0.0005998823592081766,1.2457367775534205e-05,0.0027,0.0005253303188354692,0.01889280532942589,0.000395424007180561,0.00010512700853050916,3.2892578329655514e-06,8.563715207395902e-05,3.289257832966235e-06,3.4394912063931e-05,3.405905382355832e-06,3.1438633308953e-05,2.69040718320978e-06,2.4344290858815402e-05,3.001583298760401e-06
t5,reverses,0.01,acute,Rolling500,500,0.000561427547268606,1.5958541970877634e-06,0.002764563403812713,4.7019318108211964e-05,0.0005707703417493673,1.2913411632150994e-05,0.0031,0.0005580347709697153,0.015235122668394793,0.0002136790469291349,7.368837522156701e-05,1.5958541970870856e-06,5.419851876500603e-05,1.5958541970877632e-06,2.9562787549779963e-06,1.5617104289922751e-06,0.0,0.0,-7.0943424501376e-06,2.212804258119087e-06
t5,reverses,0.01,acute,Static-CP,500,0.000558471268513628,1.1015234625891912e-06,0.0026935043490197066,3.1435095041416814e-05,0.0005687521237478612,1.230359132202372e-05,0.0037,0.000602782459421949,0.01500564884458377,0.00014756422854948247,7.073209646659315e-05,1.1015234625886798e-06,5.124224001002803e-05,1.1015234625891912e-06,0.0,0.0,-2.9562787549779963e-06,1.5617104289922751e-06,-1.0050621205115597e-05,2.3881078794394504e-06
t5,reverses,0.01,acute,VolRolling250,500,0.000592866180577559,3.289257832966234e-06,0.0023831194473398895,6.238499504345093e-05,0.0005998823592081766,1.2457367775534205e-05,0.0027,0.0005253303188354692,0.01889280532942589,0.000395424007180561,0.00010512700853050916,3.2892578329655514e-06,8.563715207395902e-05,3.289257832966235e-06,3.4394912063931e-05,3.405905382355832e-06,3.1438633308953e-05,2.69040718320978e-06,2.4344290858815402e-05,3.001583298760401e-06
t5,reverses,0.01,acute,VolRolling500,500,0.000561427547268606,1.5958541970877634e-06,0.002764563403812713,4.7019318108211964e-05,0.0005707703417493673,1.2913411632150994e-05,0.0031,0.0005580347709697153,0.015235122668394793,0.0002136790469291349,7.368837522156701e-05,1.5958541970870856e-06,5.419851876500603e-05,1.5958541970877632e-06,2.9562787549779963e-06,1.5617104289922751e-06,0.0,0.0,-7.0943424501376e-06,2.212804258119087e-06
t5,reverses,0.01,early,DtACI500,500,0.0005329449392309438,1.4119567062613453e-06,0.005151006503307235,9.085228164281597e-05,0.0005314426950274678,6.698862030999142e-06,0.0049308366965226304,0.00024508260452090055,0.010382279628384998,0.00020938483688033065,4.520576718391431e-05,1.4119567062609773e-06,2.5715910727343834e-05,1.4119567062613453e-06,-2.5526329282684e-05,1.6792744659930891e-06,-2.0456816304592798e-05,8.947649379797018e-07,-2.5535045222755203e-05,1.5620766302287143e-06
t5,reverses,0.01,early,InitialKupiecGate,500,0.0005241580557115404,1.5711983101476756e-06,0.004449342826630105,5.76354784649327e-05,0.0005227825025128253,6.482699911235386e-06,0.004228571428571419,0.00028372370163118793,0.00955814658044677,0.00021944828106643861,3.6418883664480804e-05,1.5711983101480015e-06,1.6929027207940406e-05,1.5711983101476756e-06,-3.431321280208742e-05,1.649335054482764e-06,-2.9243699823996222e-05,1.6831221052702785e-06,-3.4321928742158624e-05,1.766616252531847e-06
t5,reverses,0.01,early,PastSelectedRolling,500,0.000558479984453699,1.8057663307737987e-06,0.003005482373363169,5.520227639080766e-05,0.0005569355167251145,5.885051925933617e-06,0.0029523809523809455,0.000235803456361707,0.014716963976359217,0.00023343120430887815,7.074081240666549e-05,1.8057663307733383e-06,5.1250955950099027e-05,1.8057663307737989e-06,8.71594007119782e-09,1.8121048256859256e-06,5.0782289181624e-06,1.5576812284440903e-06,0.0,0.0
t5,reverses,0.01,early,Raw,500,0.0005072290285036001,4.8535555027714175e-21,0.005108598425749301,3.882844402217134e-20,0.0005062174318481154,6.5351216225867535e-06,0.004895238095238084,0.0002959345208810527,0.007071067811865399,3.882844402217134e-20,1.9489856456530725e-05,0.0,0.0,0.0,-5.124224001002783e-05,1.1015234625891912e-06,-4.617272703193663e-05,1.4711876535723243e-06,-5.1250955950099027e-05,1.8057663307737989e-06
t5,reverses,0.01,early,Rolling1000,500,0.0005536963789331801,1.1292463360182066e-06,0.0028646149085544428,3.477588362351416e-05,0.0005526638870025804,5.586650355007617e-06,0.0030285714285714213,0.00024150662327172097,0.014323492727039765,0.0001538098233276885,6.595720688614811e-05,1.129246336017739e-06,4.646735042958023e-05,1.1292463360182066e-06,-4.774889580447602e-06,8.798252627902527e-07,2.9462339764360026e-07,1.128759923917255e-06,-4.7836055205188e-06,1.5365757681691785e-06
t5,reverses,0.01,early,Rolling125,500,0.0005967859342196511,5.904217188598054e-06,0.004033813953522973,0.000119892335577351,0.0005954939590102255,1.0435853472709233e-05,0.003885714285714276,0.00024622479591959826,0.018069231376013097,0.0006634607832291422,0.00010904676217260477,5.904217188597357e-06,8.955690571605122e-05,5.904217188598055e-06,3.83146657060234e-05,5.931781975093102e-06,4.338417868411459e-05,5.689393156933383e-06,3.83059497659522e-05,5.729924115988968e-06
t5,reverses,0.01,early,Rolling250,500,0.000578679609665888,3.015964160559601e-06,0.0028106289469117737,6.967385716681162e-05,0.0005799111340494773,6.498617786990033e-06,0.0028380952380952316,0.00022608148513476108,0.016976370097239804,0.00037223195985872033,9.094043761884053e-05,3.0159641605588097e-06,7.145058116228803e-05,3.015964160559601e-06,2.0208341152260196e-05,3.1311441236143145e-06,2.52778541303514e-05,2.508026575621884e-06,2.0199625212188998e-05,2.603360536099008e-06
t5,reverses,0.01,early,Rolling500,500,0.0005534017555355366,1.4711876535723243e-06,0.0030314727260487328,4.953724865946816e-05,0.0005523500685269542,5.7465972572180905e-06,0.0030285714285714213,0.0002384770295177779,0.014112941177862288,0.00020351288052997027,6.566258348849887e-05,1.471187653571673e-06,4.617272703193663e-05,1.4711876535723243e-06,-5.0695129780912015e-06,1.527597742632822e-06,0.0,0.0,-5.0782289181624e-06,1.5576812284440903e-06
t5,reverses,0.01,early,Static-CP,500,0.0005584712685136278,1.1015234625891912e-06,0.0026935043490197074,3.1435095041416814e-05,0.0005568642512644488,5.431927004497515e-06,0.0027619047619047554,0.0002311320765653238,0.015005648844583771,0.00014756422854948247,7.073209646659315e-05,1.1015234625886798e-06,5.124224001002783e-05,1.1015234625891912e-06,0.0,0.0,5.0695129780912015e-06,1.527597742632822e-06,-8.71594007119782e-09,1.8121048256859256e-06
t5,reverses,0.01,early,VolRolling250,500,0.000578679609665888,3.015964160559601e-06,0.0028106289469117737,6.967385716681162e-05,0.0005799111340494773,6.498617786990033e-06,0.0028380952380952316,0.00022608148513476108,0.016976370097239804,0.00037223195985872033,9.094043761884053e-05,3.0159641605588097e-06,7.145058116228803e-05,3.015964160559601e-06,2.0208341152260196e-05,3.1311441236143145e-06,2.52778541303514e-05,2.508026575621884e-06,2.0199625212188998e-05,2.603360536099008e-06
t5,reverses,0.01,early,VolRolling500,500,0.0005534017555355366,1.4711876535723243e-06,0.0030314727260487328,4.953724865946816e-05,0.0005523500685269542,5.7465972572180905e-06,0.0030285714285714213,0.0002384770295177779,0.014112941177862288,0.00020351288052997027,6.566258348849887e-05,1.471187653571673e-06,4.617272703193663e-05,1.4711876535723243e-06,-5.0695129780912015e-06,1.527597742632822e-06,0.0,0.0,-5.0782289181624e-06,1.5576812284440903e-06
t5,reverses,0.01,late,DtACI500,500,0.0005152668522312307,7.029640422946238e-07,0.014097540909384072,0.0002100064194226194,0.0005140229542780812,4.0493971803825735e-06,0.014111713730707253,0.00014656927852041234,0.005603445368369212,8.433997423498231e-05,2.7527680184201646e-05,7.029640422945853e-07,8.037823727630628e-06,7.029640422946238e-07,-4.3204416282397206e-05,1.2841350101612178e-06,1.6485328671509197e-05,5.998671105689411e-07,4.575216917897599e-06,1.330298877156933e-06
t5,reverses,0.01,late,InitialKupiecGate,500,0.0005093268501677959,7.618561662250998e-07,0.005691468530022794,7.763410246693694e-05,0.0005080416944480842,3.28721526806618e-06,0.005836,0.00016133898641392956,0.007032446610951953,0.00010690478780737026,2.1587678120737746e-05,7.618561662251853e-07,2.0978216641958085e-06,7.618561662250998e-07,-4.9144418345832025e-05,1.2496549504741732e-06,1.0545326608074377e-05,8.836726744994163e-07,-1.3647851455372212e-06,9.401377998783579e-07
t5,reverses,0.01,late,PastSelectedRolling,500,0.000510691635313333,1.2053251208227703e-06,0.00729396606457201,0.0001234860932804094,0.000509968078842409,3.804702680469431e-06,0.007456000000000002,0.00016954533092502708,0.006337769259050549,0.0001814857190413974,2.2952463266301863e-05,1.205325120822601e-06,3.4626068097330292e-06,1.2053251208227703e-06,-4.7779633200294794e-05,1.5079752457337271e-06,1.1910111753611598e-05,1.158816621685125e-06,0.0,0.0
t5,reverses,0.01,late,Raw,500,0.0005072290285036001,4.8535555027714175e-21,0.005108598425749301,3.882844402217134e-20,0.0005058988769959523,2.9763483019494875e-06,0.005096000000000001,0.00014491227392553237,0.007071067811865399,3.882844402217134e-20,1.9489856456530725e-05,0.0,0.0,0.0,-5.124224001002783e-05,1.1015234625891912e-06,8.447504943878567e-06,5.058479755089683e-07,-3.4626068097330292e-06,1.2053251208227703e-06
t5,reverses,0.01,late,Rolling1000,500,0.0005083594606941192,5.970480596870844e-07,0.005959717989273121,6.340553499129124e-05,0.0005059182085739489,3.232564305391774e-06,0.006024000000000001,0.00014502728649345718,0.006527851941872235,0.00011658100785178709,2.0620288647090952e-05,5.970480596870572e-07,1.130432190519432e-06,5.970480596870844e-07,-5.01118078195084e-05,1.1432910716829722e-06,9.577937134398001e-06,5.889687424292462e-07,-2.3321746192135974e-06,1.0641906377090684e-06
t5,reverses,0.01,late,Rolling125,500,0.0005623561592510995,2.8806108960483903e-06,0.007814581826131272,0.00014565290219772963,0.0005618819578968817,5.8808660672473376e-06,0.007996,0.00011748861710949107,0.012854527271856285,0.00033641867236565437,7.461698720405874e-05,2.880610896047713e-06,5.512713074749963e-05,2.8806108960483903e-06,3.884890737471798e-06,3.0343376757936105e-06,6.35746356913782e-05,2.831164388685584e-06,5.1664523937766604e-05,2.852248255627523e-06
t5,reverses,0.01,late,Rolling250,500,0.0005219615654211703,1.411330310602423e-06,0.007881263654399982,0.00014857385689534078,0.0005198957152168891,4.325292329745233e-06,0.007980000000000001,0.00012591628099510913,0.007840965033817959,0.00020703431673062882,3.4222393374142497e-05,1.4113303106020636e-06,1.4732536917570431e-05,1.411330310602423e-06,-3.650970309245741e-05,1.7763752314687128e-06,2.3180041861448998e-05,1.2654018534332216e-06,1.12699301078374e-05,1.4931791311888061e-06
t5,reverses,0.01,late,Rolling500,500,0.0004987815235597214,5.058479755089683e-07,0.00994013742238058,0.0001552293290148126,0.0004978570736670672,3.824750916954864e-06,0.010020000000000001,0.00017048557317650854,0.003893485602184625,0.00010385116631263628,1.1042351512691047e-05,5.058479755089813e-07,-8.447504943878567e-06,5.058479755089683e-07,-5.96897449539064e-05,1.2066669122459698e-06,0.0,0.0,-1.1910111753611598e-05,1.158816621685125e-06
t5,reverses,0.01,late,Static-CP,500,0.0005584712685136278,1.1015234625891912e-06,0.0026935043490197066,3.143509504141683e-05,0.0005565583045387992,2.6925740702484665e-06,0.0027560000000000006,0.00011193742884286695,0.01500564884458377,0.0001475642285494824,7.073209646659315e-05,1.1015234625886798e-06,5.124224001002783e-05,1.1015234625891912e-06,0.0,0.0,5.96897449539064e-05,1.2066669122459698e-06,4.7779633200294794e-05,1.5079752457337271e-06
t5,reverses,0.01,late,VolRolling250,500,0.0005219615654211703,1.411330310602423e-06,0.007881263654399982,0.00014857385689534078,0.0005198957152168891,4.325292329745233e-06,0.007980000000000001,0.00012591628099510913,0.007840965033817959,0.00020703431673062882,3.4222393374142497e-05,1.4113303106020636e-06,1.4732536917570431e-05,1.411330310602423e-06,-3.650970309245741e-05,1.7763752314687128e-06,2.3180041861448998e-05,1.2654018534332216e-06,1.12699301078374e-05,1.4931791311888061e-06
t5,reverses,0.01,late,VolRolling500,500,0.0004987815235597214,5.058479755089683e-07,0.00994013742238058,0.0001552293290148126,0.0004978570736670672,3.824750916954864e-06,0.010020000000000001,0.00017048557317650854,0.003893485602184625,0.00010385116631263628,1.1042351512691046e-05,5.058479755089813e-07,-8.447504943878567e-06,5.058479755089683e-07,-5.96897449539064e-05,1.2066669122459698e-06,0.0,0.0,-1.1910111753611598e-05,1.158816621685125e-06
t5,reverses,0.01,middle,DtACI500,500,0.0005157351552146902,8.218832769804982e-07,0.010671389948969615,0.00018930749054969946,0.0005142819615711122,4.11605933101207e-06,0.010545578366895198,0.00014425374757779836,0.006372195390130931,0.00012376416637352734,2.7995983167661872e-05,8.218832769803154e-07,8.50612671109023e-06,8.218832769804982e-07,-4.27361132989376e-05,1.3677154715094735e-06,-6.089344454466001e-06,7.853118796367628e-07,-1.8847184402650204e-05,1.2579256667264546e-06
t5,reverses,0.01,middle,InitialKupiecGate,500,0.0005164332502657605,9.5390273295709e-07,0.004930604587671697,5.839683683731319e-05,0.0005165897850268948,3.472037077068143e-06,0.005082666666666633,0.00017021767927832878,0.008354138074210276,0.00014031385879774633,2.8694078218701796e-05,9.539027329574287e-07,9.204221762160608e-06,9.539027329570899e-07,-4.2038018247867227e-05,1.2915385202476123e-06,-5.3912494033956236e-06,1.1406274321663582e-06,-1.8149089351579828e-05,1.2874606480012722e-06
t5,reverses,0.01,middle,PastSelectedRolling,500,0.0005345823396173404,1.377662261705856e-06,0.004521121188492623,9.205298455830681e-05,0.0005358046952679712,3.6718493046114048e-06,0.0046826666666666345,0.00015585199860353158,0.010927916656095363,0.00019981635811011425,4.684316757031046e-05,1.3776622617054916e-06,2.7353311113740432e-05,1.377662261705856e-06,-2.3888928896287402e-05,1.567383511082354e-06,1.27578399481842e-05,1.0744594697972186e-06,0.0,0.0
t5,reverses,0.01,middle,Raw,500,0.0005072290285036001,4.8535555027714175e-21,0.005108598425749301,3.882844402217134e-20,0.0005074784143809953,3.3452722684699772e-06,0.0051093333333333,0.00016869468612730072,0.007071067811865399,3.882844402217134e-20,1.948985645653073e-05,0.0,0.0,0.0,-5.124224001002783e-05,1.1015234625891912e-06,-1.459547116555623e-05,1.0166778664241298e-06,-2.7353311113740432e-05,1.377662261705856e-06
t5,reverses,0.01,middle,Rolling1000,500,0.0005391026085900305,9.833368819291905e-07,0.0034506619467957163,4.1140880837897714e-05,0.0005387938497508055,3.135038295503958e-06,0.0033653333333332983,0.0001317125808853598,0.012172771071737608,0.00014520868595561167,5.1363436543002304e-05,9.833368819290834e-07,3.187358008643063e-05,9.833368819291905e-07,-1.9368659923597198e-05,1.006127371351529e-06,1.72781089208744e-05,8.095125574088683e-07,4.5202689726902e-06,1.1008535617530258e-06
t5,reverses,0.01,middle,Rolling125,500,0.0005635883044623072,2.9039611127693435e-06,0.008066647721037377,0.00017911018701850768,0.0005630545308501176,6.13964071355794e-06,0.007994666666666638,0.00015165952327426504,0.012909644860568406,0.00035361111603223323,7.584913241526689e-05,2.9039611127684715e-06,5.635927595870723e-05,2.903961112769343e-06,5.117035948679398e-06,3.1420268345618373e-06,4.1763804793151e-05,2.7583121935521846e-06,2.90059648449668e-05,2.7362080588030575e-06
t5,reverses,0.01,middle,Rolling250,500,0.0005290501106022695,1.75397060187313e-06,0.007018784474199259,0.00015044325620657,0.0005283454436125925,4.617290112994616e-06,0.007013333333333304,0.00014761700973507864,0.009034196818418334,0.00024800620719865233,4.131093855523502e-05,1.7539706018726346e-06,2.1821082098669432e-05,1.75397060187313e-06,-2.9421157911358402e-05,2.0381057668240394e-06,7.2256109331132005e-06,1.3869816801618045e-06,-5.532229015070999e-06,1.6253621431476037e-06
t5,reverses,0.01,middle,Rolling500,500,0.0005218244996691561,1.0166778664241298e-06,0.005233610435756437,7.506840794964819e-05,0.0005218427203482366,3.5725391816828032e-06,0.005285333333333297,0.00015351247413479324,0.008800639933353423,0.00016669029149431931,3.4085327622128276e-05,1.016677866423943e-06,1.459547116555623e-05,1.0166778664241298e-06,-3.66467688444716e-05,1.3799435352500958e-06,0.0,0.0,-1.27578399481842e-05,1.0744594697972186e-06
t5,reverses,0.01,middle,Static-CP,500,0.0005584712685136278,1.1015234625891912e-06,0.0026935043490197066,3.1435095041416834e-05,0.0005588108669002744,2.8146748738899624e-06,0.002666666666666636,0.00012723530205340644,0.015005648844583767,0.00014756422854948244,7.073209646659315e-05,1.1015234625886798e-06,5.124224001002783e-05,1.1015234625891912e-06,0.0,0.0,3.66467688444716e-05,1.3799435352500958e-06,2.3888928896287402e-05,1.567383511082354e-06
t5,reverses,0.01,middle,VolRolling250,500,0.0005290501106022695,1.75397060187313e-06,0.007018784474199259,0.00015044325620657,0.0005283454436125925,4.617290112994616e-06,0.007013333333333304,0.00014761700973507864,0.009034196818418334,0.00024800620719865233,4.131093855523501e-05,1.7539706018726346e-06,2.1821082098669432e-05,1.75397060187313e-06,-2.9421157911358402e-05,2.0381057668240394e-06,7.2256109331132005e-06,1.3869816801618045e-06,-5.532229015070999e-06,1.6253621431476037e-06
t5,reverses,0.01,middle,VolRolling500,500,0.0005218244996691561,1.0166778664241298e-06,0.005233610435756437,7.506840794964819e-05,0.0005218427203482366,3.5725391816828032e-06,0.005285333333333297,0.00015351247413479324,0.008800639933353423,0.00016669029149431931,3.4085327622128276e-05,1.016677866423943e-06,1.459547116555623e-05,1.0166778664241298e-06,-3.66467688444716e-05,1.3799435352500958e-06,0.0,0.0,-1.27578399481842e-05,1.0744594697972186e-06
t5,reverses,0.01,post,DtACI500,500,0.0005179849071503936,6.019905015943575e-07,0.011664774627171812,0.00014571466927259985,0.0005168818555660866,2.6610378906152187e-06,0.01161596839665167,6.266571505334379e-05,0.006543547392561517,8.406554485626093e-05,3.0245735103365958e-05,6.019905015942859e-07,1.075587864679363e-05,6.019905015943575e-07,-4.04863613632342e-05,1.2197418741382292e-06,3.5742227179960004e-06,4.791486502744528e-07,-7.840124024787e-06,9.41536402834402e-07
t5,reverses,0.01,post,InitialKupiecGate,500,0.0005139082581345217,7.028435649096801e-07,0.005248535116790199,4.5734205021806125e-05,0.0005135271218330237,2.3402743505639022e-06,0.005378000000000001,0.00010645608388246854,0.00785248674805767,9.458022846621374e-05,2.6169086087464488e-05,7.028435649101221e-07,6.679229630921607e-06,7.028435649096801e-07,-4.4563010379106225e-05,1.1386898946257483e-06,-5.024262978760202e-07,7.839319619175333e-07,-1.191677304065902e-05,9.038309656643534e-07
t5,reverses,0.01,post,PastSelectedRolling,500,0.0005258250311751805,9.959327295843893e-07,0.0057111950110889705,8.063661361111402e-05,0.0005259872320282013,2.563162392570229e-06,0.005858,0.00010202200242083031,0.009133660951588742,0.00014559469859587101,3.80858591281521e-05,9.95932729584119e-07,1.8596002671580625e-05,9.959327295843893e-07,-3.26462373384472e-05,1.2697364187183585e-06,1.1414346742783001e-05,7.633703162930722e-07,0.0,0.0
t5,reverses,0.01,post,Raw,500,0.0005072290285036001,4.8535555027714175e-21,0.005108598425749301,3.882844402217134e-20,0.0005069543261686693,2.1212800947303316e-06,0.0051220000000000016,0.000101995284578025,0.007071067811865399,3.882844402217134e-20,1.9489856456530722e-05,1.516736094616068e-22,0.0,0.0,-5.124224001002783e-05,1.1015234625891912e-06,-7.181655928797628e-06,6.206927448720687e-07,-1.8596002671580625e-05,9.959327295843893e-07
t5,reverses,0.01,post,Rolling1000,500,0.0005256182973260166,7.17235035799658e-07,0.004629758216859228,4.4732837918194205e-05,0.0005243541717699352,2.2402460268089745e-06,0.004664000000000001,8.258236915583604e-05,0.009628063526269577,0.00011601660024833603,3.787912527898987e-05,7.172350357995646e-07,1.8389268822416628e-05,7.17235035799658e-07,-3.2852971187611204e-05,9.703205071881862e-07,1.1207612893619e-05,4.3136263459021197e-07,-2.0673384916400015e-07,7.407900187758255e-07
t5,reverses,0.01,post,Rolling125,500,0.000567699470677307,1.996763400722753e-06,0.007402228547856469,0.00010201347553377799,0.0005672908334308731,4.095899326475508e-06,0.007462000000000001,7.676521214450711e-05,0.013611813215927625,0.00023618381132276442,7.996029863026395e-05,1.996763400721961e-06,6.0470442173707034e-05,1.996763400722753e-06,9.228202163679196e-06,2.242256842625051e-06,5.3288786244909404e-05,1.911580797110549e-06,4.1874439502126396e-05,1.990256504354803e-06
t5,reverses,0.01,post,Rolling250,500,0.0005319932568129058,1.1386426006551687e-06,0.006915454433397249,9.738354215588645e-05,0.0005309657152225268,3.024571077253648e-06,0.006972000000000002,7.15028482973179e-05,0.009468681290614555,0.00015891290434861006,4.425408476587623e-05,1.13864260065482e-06,2.476422830930583e-05,1.138642600655169e-06,-2.6478011700722e-05,1.54024191251494e-06,1.7582572380508203e-05,8.995866541670758e-07,6.168225637725202e-06,1.1023816993428135e-06
t5,reverses,0.01,post,Rolling500,500,0.0005144106844323976,6.206927448720687e-07,0.007306268528910328,9.14154813463169e-05,0.0005140317209944411,2.5092097996536034e-06,0.007372,8.280667782119729e-05,0.00703354405314328,0.00010530624018529662,2.66715123853688e-05,6.206927448721621e-07,7.181655928797628e-06,6.206927448720687e-07,-4.40605840812302e-05,1.1521395442288664e-06,0.0,0.0,-1.1414346742783001e-05,7.633703162930722e-07
t5,reverses,0.01,post,Static-CP,500,0.0005584712685136278,1.1015234625891912e-06,0.0026935043490197066,3.143509504141683e-05,0.0005576790162147248,2.0529744508122287e-06,0.002742000000000001,8.445790831268026e-05,0.015005648844583767,0.0001475642285494824,7.073209646659315e-05,1.1015234625886798e-06,5.124224001002783e-05,1.1015234625891912e-06,0.0,0.0,4.40605840812302e-05,1.1521395442288664e-06,3.26462373384472e-05,1.2697364187183585e-06
t5,reverses,0.01,post,VolRolling250,500,0.0005319932568129058,1.1386426006551687e-06,0.006915454433397249,9.738354215588645e-05,0.0005309657152225268,3.024571077253648e-06,0.006972000000000002,7.15028482973179e-05,0.009468681290614555,0.00015891290434861006,4.425408476587623e-05,1.13864260065482e-06,2.476422830930583e-05,1.138642600655169e-06,-2.6478011700722e-05,1.54024191251494e-06,1.7582572380508203e-05,8.995866541670758e-07,6.168225637725202e-06,1.1023816993428135e-06
t5,reverses,0.01,post,VolRolling500,500,0.0005144106844323976,6.206927448720687e-07,0.007306268528910328,9.14154813463169e-05,0.0005140317209944411,2.5092097996536034e-06,0.007372,8.280667782119729e-05,0.00703354405314328,0.00010530624018529662,2.66715123853688e-05,6.206927448721621e-07,7.181655928797628e-06,6.206927448720687e-07,-4.40605840812302e-05,1.1521395442288664e-06,0.0,0.0,-1.1414346742783001e-05,7.633703162930722e-07
t5,reverses,0.01,pre,DtACI500,500,0.000514864593344362,7.35684022921447e-07,0.013203006593376884,0.00022462604855417472,0.0005044667016985982,5.115684342592623e-06,0.012673685110551627,0.00021265169272775865,0.005680111630622839,0.00010203928523143971,2.7125421297332024e-05,7.356840229213631e-07,-6.161651440138025e-06,7.35684022921447e-07,2.19231496160756e-05,7.605874428379878e-07,1.53997887491964e-05,6.111844649599306e-07,1.0437022980433801e-05,1.7300605475083594e-06
t5,reverses,0.01,pre,InitialKupiecGate,500,0.0005168218868862815,7.609582508348177e-07,0.01702792330863653,0.0002794508533521094,0.0005052715021025176,5.977631936055238e-06,0.016456000000000002,0.00045388561588202947,0.0065661854832002025,0.00012117610535623381,2.9082714839282125e-05,7.609582508349858e-07,-4.204357898218608e-06,7.609582508348177e-07,2.3880443157995013e-05,7.858772492020375e-07,1.7357082291115816e-05,8.755630452538541e-07,1.2394316522353217e-05,1.6310671485046347e-06
t5,reverses,0.01,pre,PastSelectedRolling,500,0.0005044275703639282,1.7408558859411248e-06,0.009414620688720917,0.0001705397350859614,0.0004947834081738061,5.296456766193033e-06,0.008848,0.0002554452908025246,0.004588141131860646,0.00024228672406488585,1.6688398316896217e-05,1.7408558859408786e-06,-1.6598674420571828e-05,1.7408558859411248e-06,1.1486126635641799e-05,1.7235301552703273e-06,4.9627657687626e-06,1.7120951721089544e-06,0.0,0.0
t5,reverses,0.01,pre,Raw,500,0.0005210262447845,0.0,0.020901603772527807,3.106275521773707e-19,0.0005090333334182209,6.3362712297990785e-06,0.020552000000000004,0.00040434339262354293,0.007071067811865399,3.882844402217134e-20,3.328707273751502e-05,0.0,0.0,0.0,2.8084801056213625e-05,3.341607649463624e-07,2.1561440189334425e-05,6.687043821633761e-07,1.6598674420571828e-05,1.7408558859411248e-06
t5,reverses,0.01,pre,Rolling1000,500,0.0004930763012479366,3.0904027806475167e-07,0.009775436889058629,0.00013060148270905287,0.0004828100216883066,4.702757653611296e-06,0.009224,0.00025827322376938816,0.0027103515838353856,8.601984885295749e-05,5.3371292009051e-06,3.090402780647454e-07,-2.7949943536563425e-05,3.0904027806475167e-07,1.3485751965019824e-07,1.9673916991667706e-07,-6.388503347229001e-06,5.734397538484079e-07,-1.1351269115991602e-05,1.7091018866990103e-06
t5,reverses,0.01,pre,Rolling125,500,0.0005616336905742407,3.899575244550998e-06,0.008034563717922596,0.00019858872328026357,0.0005533916873984415,7.210624299506524e-06,0.0077280000000000005,0.0002009497290049786,0.012699554598503597,0.00045416766351854876,7.389451852720458e-05,3.899575244550388e-06,4.060744578974057e-05,3.899575244550998e-06,6.869224684595421e-05,3.903487234742446e-06,6.2168885979075e-05,3.877881490811987e-06,5.72061202103124e-05,3.6733701403461565e-06
t5,reverses,0.01,pre,Rolling250,500,0.0005197221945036859,1.8136876150333148e-06,0.00802011074165502,0.00019059017232918285,0.0005107491823562295,5.497490101098372e-06,0.007344000000000002,0.00021104598744736954,0.007537948203240942,0.0002621184368265937,3.198302245665388e-05,1.8136876150331069e-06,-1.3040502808142218e-06,1.8136876150333152e-06,2.6780750775399404e-05,1.810550070971555e-06,2.0257389908520204e-05,1.7066368405196775e-06,1.5294624139757604e-05,1.93897891520083e-06
t5,reverses,0.01,pre,Rolling500,500,0.0004994648045951656,6.68704382163376e-07,0.009873709429929179,0.00018709884930523182,0.0004899798842525156,4.7692283705470395e-06,0.009312,0.0002550282156577251,0.004092105713294253,0.0001273718364416782,1.172563254813688e-05,6.687043821632493e-07,-2.1561440189334425e-05,6.687043821633761e-07,6.523360866879199e-06,6.492520871336535e-07,0.0,0.0,-4.9627657687626e-06,1.7120951721089544e-06
t5,reverses,0.01,pre,Static-CP,500,0.0004929414437282864,3.341607649463624e-07,0.00972279380599466,0.00013741204918313503,0.00048198719666501524,4.640326860244223e-06,0.009256,0.0002830922295310164,0.0026909553634429945,9.358416407132454e-05,5.202271681259151e-06,3.3416076494640737e-07,-2.8084801056213625e-05,3.341607649463624e-07,0.0,0.0,-6.523360866879199e-06,6.492520871336535e-07,-1.1486126635641799e-05,1.7235301552703273e-06
t5,reverses,0.01,pre,VolRolling250,500,0.0005197221945036859,1.8136876150333148e-06,0.00802011074165502,0.00019059017232918285,0.0005107491823562295,5.497490101098372e-06,0.007344000000000002,0.00021104598744736954,0.007537948203240942,0.0002621184368265937,3.198302245665388e-05,1.8136876150331069e-06,-1.3040502808142218e-06,1.8136876150333152e-06,2.6780750775399404e-05,1.810550070971555e-06,2.0257389908520204e-05,1.7066368405196775e-06,1.5294624139757604e-05,1.93897891520083e-06
t5,reverses,0.01,pre,VolRolling500,500,0.0004994648045951656,6.68704382163376e-07,0.009873709429929179,0.00018709884930523182,0.0004899798842525156,4.7692283705470395e-06,0.009312,0.0002550282156577251,0.004092105713294253,0.0001273718364416782,1.172563254813688e-05,6.687043821632493e-07,-2.1561440189334425e-05,6.687043821633761e-07,6.523360866879199e-06,6.492520871336535e-07,0.0,0.0,-4.9627657687626e-06,1.7120951721089544e-06
t5,reverses,0.05,acute,DtACI500,500,0.0019229413029079082,4.559914055229475e-06,0.012059260557361996,0.00013515891871364994,0.0019568753039739197,2.1674308401202806e-05,0.014343572900159113,0.0011112542534005441,0.013611949521045302,0.00011679347558951652,0.0003399524849355082,4.559914055229488e-06,0.0002286043035207084,4.559914055229475e-06,-2.0419561984989803e-05,4.875692181621865e-06,-1.6842197979697404e-05,3.2514346593448787e-06,-2.295659723937319e-05,3.8291067598559115e-06
t5,reverses,0.05,acute,InitialKupiecGate,500,0.0019383067660069522,3.8234725632162285e-06,0.011019785674194132,0.00012188613964932255,0.0019665554929286077,2.041685870086534e-05,0.0132,0.0011017930367322089,0.014114053508364581,9.915336979563368e-05,0.0003553179480345522,3.823472563216229e-06,0.00024396976661975216,3.8234725632162285e-06,-5.054098885946013e-06,3.519614464395218e-06,-1.4767348806536116e-06,3.0979521010963204e-06,-7.591134140329398e-06,2.1931034035031947e-06
t5,reverses,0.05,acute,PastSelectedRolling,500,0.0019458979001472816,3.4649343907854355e-06,0.010677498169580961,8.51554623134282e-05,0.0019762085602188077,2.0200985187095555e-05,0.012899999999999998,0.001095253011096812,0.01433087985285826,8.588966470209182e-05,0.0003629090821748816,3.4649343907854355e-06,0.0002515609007600816,3.4649343907854355e-06,2.5370352543833855e-06,3.320183964118078e-06,6.114399259675788e-06,3.0127064604724632e-06,0.0,0.0
t5,reverses,0.05,acute,Raw,500,0.0016943369993871996,1.941422201108567e-20,0.0224272594888996,0.0,0.0017433325757468434,2.5098839777748404e-05,0.025,0.0015668151836254586,0.007071067811865399,3.882844402217134e-20,0.00011134818141480004,1.8200833135392817e-21,0.0,0.0,-0.00024902386550569816,2.061836399735235e-06,-0.0002454465015004058,3.0680794201865774e-06,-0.0002515609007600816,3.4649343907854355e-06
t5,reverses,0.05,acute,Rolling1000,500,0.0019378698415723399,2.1661691103807363e-06,0.010745419016290857,5.8710343325193774e-05,0.0019690077946310017,2.0050569711851774e-05,0.013099999999999999,0.0010904853582846797,0.014154211209701477,5.495034999430747e-05,0.0003548810235999398,2.1661691103807363e-06,0.0002435328421851398,2.1661691103807363e-06,-5.491023320558409e-06,1.5659158505920248e-06,-1.9136593152660068e-06,2.225769575402646e-06,-8.028058574941794e-06,2.6199710175919982e-06
t5,reverses,0.05,acute,Rolling125,500,0.0019672067246291423,6.285733776442506e-06,0.010760176608377118,0.00016053495761648529,0.001998518383332192,2.1320743395988023e-05,0.013300000000000001,0.0011571075125463418,0.014752448821990182,0.0001563724932155538,0.0003842179066567428,6.285733776442497e-06,0.0002728697252419422,6.285733776442506e-06,2.3845859736244002e-05,6.581554908273329e-06,2.7423223741536405e-05,5.7190654810111356e-06,2.1308824481860615e-05,5.3874951502098466e-06
t5,reverses,0.05,acute,Rolling250,500,0.0019536602119239383,4.406891878959757e-06,0.010662626232655344,0.00011418304321081215,0.0019840839198817,2.060353847115546e-05,0.013500000000000002,0.0011437290905039225,0.014492745477437263,0.00011048578086396619,0.00037067139395153734,4.406891878959734e-06,0.00025932321253673793,4.406891878959757e-06,1.0299347031039787e-05,4.7321205842261986e-06,1.3876711036332188e-05,3.319569188743944e-06,7.762311776656402e-06,3.569379720092455e-06
t5,reverses,0.05,acute,Rolling500,500,0.0019397835008876057,3.0680794201865774e-06,0.010802651937239798,8.081856980340137e-05,0.0019702783254091903,2.0242767914345438e-05,0.013099999999999999,0.0011087102763814845,0.014183077037671295,7.730839895118811e-05,0.0003567946829152058,3.0680794201865774e-06,0.0002454465015004058,3.0680794201865774e-06,-3.5773640052924013e-06,3.0283465305681523e-06,0.0,0.0,-6.114399259675788e-06,3.0127064604724632e-06
t5,reverses,0.05,acute,Static-CP,500,0.0019433608648928983,2.061836399735235e-06,0.010585004218456916,5.5508000022363355e-05,0.0019738124979154057,1.992235653893585e-05,0.013099999999999999,0.0010996355745398504,0.014295754880747477,5.225236716014286e-05,0.0003603720469204982,2.061836399735235e-06,0.00024902386550569816,2.061836399735235e-06,0.0,0.0,3.5773640052924013e-06,3.0283465305681523e-06,-2.5370352543833855e-06,3.320183964118078e-06
t5,reverses,0.05,acute,VolRolling250,500,0.0019536602119239383,4.406891878959757e-06,0.010662626232655344,0.00011418304321081215,0.0019840839198817,2.060353847115546e-05,0.013500000000000002,0.0011437290905039225,0.014492745477437263,0.00011048578086396619,0.00037067139395153734,4.406891878959734e-06,0.00025932321253673793,4.406891878959757e-06,1.0299347031039787e-05,4.7321205842261986e-06,1.3876711036332188e-05,3.319569188743944e-06,7.762311776656402e-06,3.569379720092455e-06
t5,reverses,0.05,acute,VolRolling500,500,0.0019397835008876057,3.0680794201865774e-06,0.010802651937239798,8.081856980340137e-05,0.0019702783254091903,2.0242767914345438e-05,0.013099999999999999,0.0011087102763814845,0.014183077037671295,7.730839895118811e-05,0.0003567946829152058,3.0680794201865774e-06,0.0002454465015004058,3.0680794201865774e-06,-3.5773640052924013e-06,3.0283465305681523e-06,0.0,0.0,-6.114399259675788e-06,3.0127064604724632e-06
t5,reverses,0.05,early,DtACI500,500,0.0017873027223682877,3.067183787848477e-06,0.021238016037399846,0.0002916244159560383,0.0017820186987379026,1.0862749859478832e-05,0.021247006389197715,0.0004370179154557886,0.009463833410390692,9.620933698991778e-05,0.00020431390439588982,3.0671837878483164e-06,9.296572298108779e-05,3.067183787848477e-06,-0.0001560581425246102,3.6452685288325256e-06,-0.0001153472724793122,2.420536576116536e-06,-0.0001137305430062484,3.245644764212362e-06
t5,reverses,0.05,early,InitialKupiecGate,500,0.0018954676846193628,3.5111829375635227e-06,0.012664033043067997,0.00016812454001695912,0.001891020563331753,9.522224337831294e-06,0.012628571428571404,0.0005290319091128501,0.012951695780178383,9.926477322686722e-05,0.0003124788666469627,3.5111829375635143e-06,0.00020113068523216278,3.5111829375635227e-06,-4.7893180273535205e-05,3.365428291577172e-06,-7.182310228237204e-06,3.0786753521821182e-06,-5.565580755173401e-06,1.5474034071429277e-06
t5,reverses,0.05,early,PastSelectedRolling,500,0.001901033265374536,3.1994145437027783e-06,0.012403948581494198,0.0001527784283080858,0.0018965406236465694,9.336852497644405e-06,0.012399999999999974,0.0005205584942784043,0.013113081229947091,8.969061687998595e-05,0.000318044447402136,3.1994145437027703e-06,0.00020669626598733622,3.199414543702778e-06,-4.23275995183618e-05,3.174699862791424e-06,-1.6167294730638025e-06,2.9110733060167195e-06,0.0,0.0
t5,reverses,0.05,early,Raw,500,0.0016943369993871996,1.941422201108567e-20,0.0224272594888996,0.0,0.0016890301603814896,1.0407151062002729e-05,0.02215238095238092,0.0006702864118197453,0.007071067811865399,3.882844402217134e-20,0.00011134818141480004,1.8200833135392817e-21,0.0,0.0,-0.00024902386550569794,2.061836399735238e-06,-0.0002083129954604,2.844715469736935e-06,-0.00020669626598733622,3.199414543702778e-06
t5,reverses,0.05,early,Rolling1000,500,0.0019206301422513181,2.072883558485205e-06,0.011235894552546782,6.0115410884069664e-05,0.001917047232078966,8.705843213836798e-06,0.010857142857142833,0.00045288920273984086,0.013712244760581757,5.328431648218507e-05,0.000337641324278918,2.072883558485222e-06,0.00022629314286411816,2.072883558485205e-06,-2.27307226415798e-05,1.611651710094762e-06,1.79801474037182e-05,2.018878800437099e-06,1.9596876876782e-05,2.5035639120579396e-06
t5,reverses,0.05,early,Rolling125,500,0.0017886271134820294,3.94599769451414e-06,0.02057514757695645,0.0002529921923468597,0.0017812297154888577,1.134815685083236e-05,0.02089523809523806,0.0005605031195230976,0.009464141137106991,0.00011778268350617023,0.0002056382955096336,3.9459976945138825e-06,9.429011409482959e-05,3.94599769451414e-06,-0.0001547337514108684,4.3416027891031075e-06,-0.0001140228813655704,3.7580163898028203e-06,-0.0001124061518925066,3.8185791950878316e-06
t5,reverses,0.05,early,Rolling250,500,0.0018782641797089323,3.7345014565230324e-06,0.013135529281343723,0.00013087130597118772,0.001875110159193815,9.719032836196518e-06,0.013409523809523781,0.0005217339091475067,0.01250238753505037,9.951487396036069e-05,0.00029527536173653277,3.7345014565230214e-06,0.0001839271803217324,3.7345014565230324e-06,-6.509668518396561e-05,4.139627536311317e-06,-2.4385815138667602e-05,2.8177044766860093e-06,-2.27690856656038e-05,3.3100513183988264e-06
t5,reverses,0.05,early,Rolling500,500,0.0019026499948476,2.844715469736935e-06,0.01192512486888792,8.759997283424851e-05,0.0018985525453747779,9.179189181432536e-06,0.011561904761904737,0.0004608077479075021,0.013219443128800672,7.394002552955278e-05,0.00031966117687519955,2.8447154697369387e-06,0.0002083129954604,2.844715469736935e-06,-4.0710870045297995e-05,2.9554428012238728e-06,0.0,0.0,1.6167294730638025e-06,2.9110733060167195e-06
t5,reverses,0.05,early,Static-CP,500,0.001943360864892898,2.061836399735238e-06,0.010585004218456916,5.5508000022363355e-05,0.001939779627048051,8.456300868787808e-06,0.010095238095238074,0.00044478967229006044,0.014295754880747481,5.2252367160142886e-05,0.0003603720469204982,2.061836399735235e-06,0.00024902386550569794,2.061836399735238e-06,0.0,0.0,4.0710870045297995e-05,2.9554428012238728e-06,4.23275995183618e-05,3.174699862791424e-06
t5,reverses,0.05,early,VolRolling250,500,0.0018782641797089323,3.7345014565230324e-06,0.013135529281343723,0.00013087130597118772,0.001875110159193815,9.719032836196518e-06,0.013409523809523781,0.0005217339091475067,0.01250238753505037,9.951487396036069e-05,0.00029527536173653277,3.7345014565230214e-06,0.0001839271803217324,3.7345014565230324e-06,-6.509668518396561e-05,4.139627536311317e-06,-2.4385815138667602e-05,2.8177044766860093e-06,-2.27690856656038e-05,3.3100513183988264e-06
t5,reverses,0.05,early,VolRolling500,500,0.0019026499948476,2.844715469736935e-06,0.01192512486888792,8.759997283424851e-05,0.0018985525453747779,9.179189181432536e-06,0.011561904761904737,0.0004608077479075021,0.013219443128800672,7.394002552955278e-05,0.00031966117687519955,2.8447154697369387e-06,0.0002083129954604,2.844715469736935e-06,-4.0710870045297995e-05,2.9554428012238728e-06,0.0,0.0,1.6167294730638025e-06,2.9110733060167195e-06
t5,reverses,0.05,late,DtACI500,500,0.0016402179114883124,1.0808069812925166e-06,0.05842351439903953,0.0004203586973772215,0.0016425060869394539,6.378971454291439e-06,0.05872728114287674,0.00021570755395040618,0.0034139501519595584,3.9268525453755015e-05,5.722909351595757e-05,1.0808069812922409e-06,-5.411908789888761e-05,1.0808069812925166e-06,-0.0003031429534045856,2.27832343887009e-06,4.9051963611970004e-05,1.033840909273453e-06,-2.330248426240204e-06,2.1496102534745248e-06
t5,reverses,0.05,late,InitialKupiecGate,500,0.0016444169231844324,1.9405993553543494e-06,0.03648501221682527,0.0005547547201433044,0.0016440387729098325,5.860744632716275e-06,0.03688,0.0005974857139352483,0.0042333417332902955,9.918716146042502e-05,6.142810521207121e-05,1.9405993553537324e-06,-4.992007620276761e-05,1.940599355354349e-06,-0.00029894394170846563,2.788877053689478e-06,5.3250975308090014e-05,1.9145761216455674e-06,1.8687632698797998e-06,5.506274242704976e-07
t5,reverses,0.05,late,PastSelectedRolling,500,0.0016425481599145527,1.922293784248481e-06,0.036980946209796695,0.0005485371766676507,0.0016423185470489598,5.889279834711783e-06,0.037372,0.0005907191636137437,0.004129437859323294,9.774476269749178e-05,5.955934194219282e-05,1.922293784247922e-06,-5.178883947264741e-05,1.9222937842484815e-06,-0.0003008127049783454,2.7212631702945118e-06,5.138221203821021e-05,1.8933171116621753e-06,0.0,0.0
t5,reverses,0.05,late,Raw,500,0.0016943369993871996,1.941422201108567e-20,0.0224272594888996,0.0,0.0016931553507223808,4.597508197869221e-06,0.022564000000000004,0.000288600742856901,0.007071067811865399,3.882844402217134e-20,0.00011134818141480004,1.8200833135392817e-21,0.0,0.0,-0.00024902386550569794,2.061836399735238e-06,0.00010317105151085762,3.3984317830008757e-07,5.178883947264741e-05,1.9222937842484815e-06
t5,reverses,0.05,late,Rolling1000,500,0.001676123210345236,1.062697317135742e-06,0.02726686940165803,0.0001285607679397746,0.0016748286382630578,5.088163483302514e-06,0.027452000000000004,0.00031013506657428803,0.00589198180441679,4.2273675981768764e-05,9.31343923728683e-05,1.062697317134934e-06,-1.8213789041964016e-05,1.062697317135742e-06,-0.00026723765454766203,2.2049501304919447e-06,8.49572624688936e-05,1.0520460956942653e-06,3.35750504306834e-05,1.8947208354187285e-06
t5,reverses,0.05,late,Rolling125,500,0.0016196188669547853,9.33522287341287e-07,0.047212248099150686,0.0003707329271022232,0.0016207587335675584,6.193337849982808e-06,0.04745200000000001,0.00023611627175519934,0.002959307570350161,4.369895268808338e-05,3.663004898243441e-05,9.335222873411678e-07,-7.471813243241462e-05,9.33522287341287e-07,-0.0003237419979381126,2.279703800894433e-06,2.8452919078443008e-05,8.723115619015041e-07,-2.29292929597672e-05,1.9849038375678086e-06
t5,reverses,0.05,late,Rolling250,500,0.0016007506000596478,5.896928833809882e-07,0.04760722515319968,0.00036727767826315864,0.001601927314731459,5.994901709972522e-06,0.04809600000000001,0.00027771896522797035,0.002033008088748675,3.794016029255762e-05,1.7761782087295592e-05,5.896928833810016e-07,-9.3586399327552e-05,5.896928833809882e-07,-0.00034261026483325,2.1518512511687836e-06,9.584652183305611e-06,4.6712937660972146e-07,-4.17975598549046e-05,1.8920223393049743e-06
t5,reverses,0.05,late,Rolling500,500,0.0015911659478763424,3.3984317830008757e-07,0.05024528729470171,0.00034417636583060384,0.0015925286735422148,5.962315744550857e-06,0.05095200000000001,0.0003760081864968171,0.0013523192988988005,3.0176970974875576e-05,8.177129903994225e-06,3.398431783001296e-07,-0.00010317105151085762,3.3984317830008757e-07,-0.0003521949170165556,2.091876223673863e-06,0.0,0.0,-5.138221203821021e-05,1.8933171116621753e-06
t5,reverses,0.05,late,Static-CP,500,0.001943360864892898,2.061836399735238e-06,0.010585004218456916,5.550800002236336e-05,0.0019418580902042977,4.18951782138946e-06,0.01064,0.0002134101398142813,0.01429575488074748,5.22523671601429e-05,0.0003603720469204982,2.061836399735235e-06,0.00024902386550569794,2.061836399735238e-06,0.0,0.0,0.0003521949170165556,2.091876223673863e-06,0.0003008127049783454,2.7212631702945118e-06
t5,reverses,0.05,late,VolRolling250,500,0.0016007506000596478,5.896928833809882e-07,0.04760722515319968,0.00036727767826315864,0.001601927314731459,5.994901709972522e-06,0.04809600000000001,0.00027771896522797035,0.002033008088748675,3.794016029255762e-05,1.7761782087295592e-05,5.896928833810016e-07,-9.3586399327552e-05,5.896928833809882e-07,-0.00034261026483325,2.1518512511687836e-06,9.584652183305611e-06,4.6712937660972146e-07,-4.17975598549046e-05,1.8920223393049743e-06
t5,reverses,0.05,late,VolRolling500,500,0.0015911659478763424,3.3984317830008757e-07,0.05024528729470171,0.00034417636583060384,0.0015925286735422148,5.962315744550857e-06,0.05095200000000001,0.0003760081864968171,0.0013523192988988005,3.0176970974875576e-05,8.177129903994225e-06,3.398431783001296e-07,-0.00010317105151085762,3.3984317830008757e-07,-0.0003521949170165556,2.091876223673863e-06,0.0,0.0,-5.138221203821021e-05,1.8933171116621753e-06
t5,reverses,0.05,middle,DtACI500,500,0.0016527413994552888,1.1224353040018378e-06,0.05210539277560893,0.0005142652120073444,0.0016484978302228324,7.034024571789715e-06,0.05097802319200251,0.0003122222036728726,0.00414804938451761,4.080390590710905e-05,6.975258148293218e-05,1.1224353040012972e-06,-4.1595599931911215e-05,1.1224353040018378e-06,-0.0002906194654376092,2.360924973326635e-06,-7.718231674636839e-05,1.4996395062996097e-06,-0.0001176800166786922,4.358069325598541e-06
t5,reverses,0.05,middle,InitialKupiecGate,500,0.001770329338774663,4.357971318143601e-06,0.022552267294277072,0.0005715682188729858,0.0017722637943150313,6.989612422328882e-06,0.022106666666666632,0.0006047318792125286,0.008930491909019263,0.0001606893134315301,0.00018734052080227463,4.357971318142847e-06,7.599233938746298e-05,4.357971318143601e-06,-0.00017303152611823497,4.5223462996324425e-06,4.0405622573005814e-05,4.345911905453597e-06,-9.207735931799927e-08,6.935850856851563e-07
t5,reverses,0.05,middle,PastSelectedRolling,500,0.001770421416133981,4.4096405177202054e-06,0.022821431765584592,0.0005855934007152582,0.001773018349625004,7.017471786109646e-06,0.0224213333333333,0.0006187974892202864,0.008901167332484925,0.00016403910623374648,0.00018743259816159373,4.40964051771939e-06,7.608441674678099e-05,4.4096405177202054e-06,-0.00017293944875891698,4.590629390061662e-06,4.0497699932323806e-05,4.387894448828528e-06,0.0,0.0
t5,reverses,0.05,middle,Raw,500,0.0016943369993871996,1.941422201108567e-20,0.0224272594888996,0.0,0.0016980507208528954,5.335547308446713e-06,0.02211199999999997,0.0003451348098393069,0.007071067811865399,3.882844402217134e-20,0.00011134818141480004,1.8200833135392817e-21,0.0,0.0,-0.00024902386550569794,2.061836399735238e-06,-3.558671681445719e-05,1.7290084302766456e-06,-7.608441674678099e-05,4.4096405177202054e-06
t5,reverses,0.05,middle,Rolling1000,500,0.001846040494206397,1.803597520305639e-06,0.013881366231820035,7.030716372854325e-05,0.0018497886221330866,5.141803443215569e-06,0.013946666666666635,0.00027193460646582075,0.011706649433636578,4.953981139383029e-05,0.00026305167623399684,1.8035975203056394e-06,0.0001517034948191968,1.803597520305639e-06,-9.732037068650121e-05,1.943066192967356e-06,0.0001161167780047396,1.396952016601039e-06,7.56190780724158e-05,4.226279599155223e-06
t5,reverses,0.05,middle,Rolling125,500,0.0016204414275357462,1.124033249861923e-06,0.048888808305132814,0.00044840907678392485,0.0016161370652565106,7.4784096591087995e-06,0.047765333333333305,0.0003040762130673385,0.0029687384943141355,5.1851292309911494e-05,3.745260956339484e-05,1.1240332498617014e-06,-7.389557185145381e-05,1.124033249861923e-06,-0.00032291943735715176,2.349743370217216e-06,-0.00010948228866591099,1.777645284405407e-06,-0.0001499799885982348,4.453182558072706e-06
t5,reverses,0.05,middle,Rolling250,500,0.0016340183662367797,1.0586561535748076e-06,0.04158640929485617,0.0003681355308638342,0.0016311859446339369,6.869897363572739e-06,0.04065066666666664,0.0003419350074515097,0.00357848660111304,4.917854682179707e-05,5.102954826442693e-05,1.0586561535745981e-06,-6.03186331504202e-05,1.0586561535748076e-06,-0.0003093424986561182,2.2403472855328704e-06,-9.59053499648774e-05,1.2102922256289594e-06,-0.0001364030498972012,4.3619484845040335e-06
t5,reverses,0.05,middle,Rolling500,500,0.0017299237162016572,1.7290084302766456e-06,0.023121188863151523,0.0001444143775109888,0.001732162618307072,5.935126227738998e-06,0.02291199999999997,0.0003188385960370356,0.007748255406266487,5.787674614247905e-05,0.00014693489822926266,1.7290084302762841e-06,3.558671681445719e-05,1.7290084302766456e-06,-0.00021343714869124082,2.5460257605356307e-06,0.0,0.0,-4.0497699932323806e-05,4.387894448828528e-06
t5,reverses,0.05,middle,Static-CP,500,0.001943360864892898,2.061836399735238e-06,0.010585004218456916,5.55080000223634e-05,0.0019473947156354772,4.566832653863275e-06,0.0106773333333333,0.00025131450274888076,0.014295754880747481,5.2252367160142886e-05,0.0003603720469204982,2.061836399735235e-06,0.00024902386550569794,2.061836399735238e-06,0.0,0.0,0.00021343714869124082,2.5460257605356307e-06,0.00017293944875891698,4.590629390061662e-06
t5,reverses,0.05,middle,VolRolling250,500,0.0016340183662367797,1.0586561535748076e-06,0.04158640929485617,0.0003681355308638342,0.0016311859446339369,6.869897363572739e-06,0.04065066666666664,0.0003419350074515097,0.00357848660111304,4.917854682179707e-05,5.102954826442693e-05,1.0586561535745981e-06,-6.03186331504202e-05,1.0586561535748076e-06,-0.0003093424986561182,2.2403472855328704e-06,-9.59053499648774e-05,1.2102922256289594e-06,-0.0001364030498972012,4.3619484845040335e-06
t5,reverses,0.05,middle,VolRolling500,500,0.0017299237162016572,1.7290084302766456e-06,0.023121188863151523,0.0001444143775109888,0.001732162618307072,5.935126227738998e-06,0.02291199999999997,0.0003188385960370356,0.007748255406266487,5.787674614247905e-05,0.00014693489822926266,1.7290084302762841e-06,3.558671681445719e-05,1.7290084302766456e-06,-0.00021343714869124082,2.5460257605356307e-06,0.0,0.0,-4.0497699932323806e-05,4.387894448828528e-06
t5,reverses,0.05,post,DtACI500,500,0.0016660125924467173,9.499272422997121e-07,0.05122245638544734,0.00030081089472824466,0.0016656891992502473,4.423501501040352e-06,0.050998206397308246,0.00010596220740619203,0.004528435093685811,3.1344606734986515e-05,8.302377447435672e-05,9.499272422990383e-07,-2.8324406940482805e-05,9.499272422997121e-07,-0.000277348272446181,2.2357298604527014e-06,-1.6865694543826998e-05,8.749135050077577e-07,-5.769596942807501e-05,2.6414698271803773e-06
t5,reverses,0.05,post,InitialKupiecGate,500,0.0017238722058378882,2.6240860082496795e-06,0.02824972552677256,0.0004522527407827834,0.0017245065783314572,4.620509941499073e-06,0.02832,0.0004632325212433545,0.0071078144596133964,0.00010612528491412784,0.00014088338786550373,2.624086008248859e-06,2.953520645068819e-05,2.6240860082496795e-06,-0.00021948865905501,3.0478359377636062e-06,4.0993918847343995e-05,2.505321853607294e-06,1.6364396309600028e-07,3.798872028797548e-07
t5,reverses,0.05,post,PastSelectedRolling,500,0.0017237085618747924,2.6550919837350874e-06,0.028564474581441082,0.0004571184051669271,0.0017247020913211198,4.629267552655355e-06,0.028653999999999995,0.0004680028004643615,0.0070661478055451055,0.00010798747889054303,0.000140719743902409,2.655091983734209e-06,2.937156248759219e-05,2.6550919837350874e-06,-0.000219652303018106,3.07883339313954e-06,4.083027488424801e-05,2.5265586650290955e-06,0.0,0.0
t5,reverses,0.05,post,Raw,500,0.0016943369993871996,1.941422201108567e-20,0.0224272594888996,0.0,0.0016955615140360218,3.3358891737119385e-06,0.022400000000000003,0.00021399904481647747,0.007071067811865399,3.882844402217134e-20,0.00011134818141480004,1.8200833135392817e-21,0.0,0.0,-0.00024902386550569816,2.0618363997352304e-06,1.1458712396655812e-05,9.442207561288584e-07,-2.937156248759219e-05,2.6550919837350874e-06
t5,reverses,0.05,post,Rolling1000,500,0.001770750352267854,1.282404898932836e-06,0.020233624346104755,8.441906674835473e-05,0.0017717551676923455,3.63552357280411e-06,0.020358,0.00017763665602326073,0.009058854363877227,3.976853067931844e-05,0.0001877615342954544,1.282404898932838e-06,7.64133528806542e-05,1.282404898932836e-06,-0.00017261051262504402,1.8664168481111955e-06,8.787206527731e-05,6.711869131390654e-07,4.7041790393062e-05,2.4975421699905913e-06
t5,reverses,0.05,post,Rolling125,500,0.0016446249502114938,8.271988925349042e-07,0.044315021191748113,0.0002607041027582725,0.0016434302540479456,4.516861837285402e-06,0.044098,0.00013982809371361382,0.003881714516378919,3.3630206371154007e-05,6.163613223914162e-05,8.271988925346476e-07,-4.9712049175706206e-05,8.271988925349042e-07,-0.0002987359146814044,2.2054761554204853e-06,-3.825333677905041e-05,8.481777967035651e-07,-7.908361166329841e-05,2.6301062221825753e-06
t5,reverses,0.05,post,Rolling250,500,0.00164942313047653,7.970992251443102e-07,0.040990999161365095,0.00024407361822937433,0.001649226631716441,4.3062332827593555e-06,0.04097,0.00015205407223012321,0.003961042120520761,3.2180192031442004e-05,6.643431250417875e-05,7.970992251440114e-07,-4.491386891067001e-05,7.970992251443102e-07,-0.0002939377344163682,2.152447062180483e-06,-3.34551565140142e-05,5.29680897152574e-07,-7.42854313982622e-05,2.548611411131117e-06
t5,reverses,0.05,post,Rolling500,500,0.0016828782869905442,9.442207561288584e-07,0.0352612806210107,0.00019723677837926766,0.0016845789024087956,4.0408145745718235e-06,0.035544000000000006,0.0001785493986983745,0.005253458496076833,3.307949579495828e-05,9.988946901817177e-05,9.442207561279693e-07,-1.1458712396655812e-05,9.442207561288584e-07,-0.000260482577902354,2.0962253711326426e-06,0.0,0.0,-4.083027488424801e-05,2.5265586650290955e-06
t5,reverses,0.05,post,Static-CP,500,0.0019433608648928983,2.0618363997352304e-06,0.010585004218456916,5.5508000022363355e-05,0.001944355174263805,3.277213953632524e-06,0.010646000000000003,0.00015600655142709985,0.01429575488074748,5.22523671601429e-05,0.0003603720469204982,2.061836399735235e-06,0.00024902386550569816,2.0618363997352304e-06,0.0,0.0,0.000260482577902354,2.0962253711326426e-06,0.000219652303018106,3.07883339313954e-06
t5,reverses,0.05,post,VolRolling250,500,0.00164942313047653,7.970992251443102e-07,0.040990999161365095,0.00024407361822937433,0.001649226631716441,4.3062332827593555e-06,0.04097,0.00015205407223012321,0.003961042120520761,3.2180192031442004e-05,6.643431250417875e-05,7.970992251440114e-07,-4.491386891067001e-05,7.970992251443102e-07,-0.0002939377344163682,2.152447062180483e-06,-3.34551565140142e-05,5.29680897152574e-07,-7.42854313982622e-05,2.548611411131117e-06
t5,reverses,0.05,post,VolRolling500,500,0.0016828782869905442,9.442207561288584e-07,0.0352612806210107,0.00019723677837926766,0.0016845789024087956,4.0408145745718235e-06,0.035544000000000006,0.0001785493986983745,0.005253458496076833,3.307949579495828e-05,9.988946901817177e-05,9.442207561279693e-07,-1.1458712396655812e-05,9.442207561288584e-07,-0.000260482577902354,2.0962253711326426e-06,0.0,0.0,-4.083027488424801e-05,2.5265586650290955e-06
t5,reverses,0.05,pre,DtACI500,500,0.0016221242889163884,9.739979746957615e-07,0.051833597411735995,0.0004709878439834821,0.0016077321053156101,8.592481919089455e-06,0.051099176548389955,0.0003992300079571771,0.0027252577168386926,4.566492829788513e-05,3.913547094403709e-05,9.739979746955193e-07,-0.00015800934030651146,9.739979746957615e-07,3.5164660199579797e-05,9.826918989654047e-07,3.06645029339026e-05,7.947877586493638e-07,2.6965462342084e-05,9.968707448567824e-07
t5,reverses,0.05,pre,InitialKupiecGate,500,0.0016003560197383805,1.6723493798755042e-06,0.05090407436298401,0.0006334483071497807,0.0015844110115089602,8.58205969185704e-06,0.049928000000000014,0.0007999534254979673,0.001649709888755893,6.910334396329065e-05,1.7367201766025936e-05,1.6723493798751461e-06,-0.00017977760948451965,1.6723493798755042e-06,1.33963910215716e-05,1.6472865415979473e-06,8.896233755894401e-06,1.5383084653979569e-06,5.197193164075802e-06,1.3394047708209615e-06
t5,reverses,0.05,pre,PastSelectedRolling,500,0.0015951588265743046,9.197347688947561e-07,0.049321325349247505,0.00040829273298348406,0.0015786363641396252,8.330150754121275e-06,0.04818400000000001,0.0005856229131384679,0.0015005811775216649,5.5507782775937055e-05,1.2170008601951739e-05,9.197347688946506e-07,-0.00018497480264859545,9.197347688947561e-07,8.199197857495796e-06,9.055077193673054e-07,3.6990405918185994e-06,8.062446064750352e-07,0.0,0.0
t5,reverses,0.05,pre,Raw,500,0.0017801336292228994,2.9121333016628507e-20,0.11456675174466645,1.8637653130642244e-18,0.0017542951560922141,1.130263526495549e-05,0.11316000000000002,0.0009256427112324256,0.007071067811865399,3.882844402217134e-20,0.00019714481125050005,2.4267777513857088e-21,0.0,0.0,0.00019317400050609127,2.1777647473437053e-07,0.0001886738432404141,4.5169777851293916e-07,0.00018497480264859545,9.197347688947561e-07
t5,reverses,0.05,pre,Rolling1000,500,0.0015870751977572904,2.0715509042420663e-07,0.049939205494058746,0.0002923971307236307,0.0015715760365165247,8.234332684656072e-06,0.04854400000000001,0.000582923431897286,0.0009642497535526,2.7398733601967887e-05,4.086379784940141e-06,2.071550904241918e-07,-0.00019305843146560965,2.0715509042420663e-07,1.155690404815962e-07,1.4297353368356802e-07,-4.384588225195601e-06,3.956597891316107e-07,-8.083628817014201e-06,8.777502524932924e-07
t5,reverses,0.05,pre,Rolling125,500,0.0016183716379919721,1.178262804586683e-06,0.04807071892783172,0.0005259148976205556,0.0016042684560089926,8.642511840790275e-06,0.04718400000000001,0.00040810953773414696,0.002900185344668912,5.810036935310004e-05,3.538282001962156e-05,1.1782628045864686e-06,-0.00016176199123092786,1.178262804586683e-06,3.14120092751634e-05,1.1818722094461813e-06,2.6911852009486197e-05,1.0693994237409605e-06,2.32128114176676e-05,1.0127164584743614e-06
t5,reverses,0.05,pre,Rolling250,500,0.0016008469625324224,7.697431916982893e-07,0.04807578317585923,0.00048418463692730335,0.0015863448592423877,8.29941764853766e-06,0.047192000000000005,0.0005084045853893232,0.002039897377403384,4.982705850556469e-05,1.785814456007344e-05,7.697431916982322e-07,-0.00017928666669047766,7.697431916982893e-07,1.3887333815613589e-05,7.757305342716249e-07,9.387176549936392e-06,5.807358857165497e-07,5.688135958117793e-06,7.511354113976607e-07
t5,reverses,0.05,pre,Rolling500,500,0.001591459785982486,4.5169777851293916e-07,0.04973496834093544,0.0003905753567202597,0.0015765142683955436,8.240745136700562e-06,0.04872800000000001,0.0005782670815767317,0.0013631978603209115,3.939650066134477e-05,8.470968010134122e-06,4.516977785130196e-07,-0.0001886738432404141,4.5169777851293916e-07,4.500157265677199e-06,4.4718671491321736e-07,0.0,0.0,-3.6990405918185994e-06,8.062446064750352e-07
t5,reverses,0.05,pre,Static-CP,500,0.0015869596287168088,2.177764747343705e-07,0.049588969790814674,0.00030142886211891024,0.0015710942914515904,8.224554655846235e-06,0.048088000000000006,0.000662527280037273,0.0009683556848726931,2.997362804615316e-05,3.9708107444604515e-06,2.1777647473427764e-07,-0.00019317400050609127,2.1777647473437053e-07,0.0,0.0,-4.500157265677199e-06,4.4718671491321736e-07,-8.199197857495796e-06,9.055077193673054e-07
t5,reverses,0.05,pre,VolRolling250,500,0.0016008469625324224,7.697431916982893e-07,0.04807578317585923,0.00048418463692730335,0.0015863448592423877,8.29941764853766e-06,0.047192000000000005,0.0005084045853893232,0.002039897377403384,4.982705850556469e-05,1.7858144560073436e-05,7.697431916982322e-07,-0.00017928666669047766,7.697431916982893e-07,1.3887333815613589e-05,7.757305342716249e-07,9.387176549936392e-06,5.807358857165497e-07,5.688135958117793e-06,7.511354113976607e-07
t5,reverses,0.05,pre,VolRolling500,500,0.001591459785982486,4.5169777851293916e-07,0.04973496834093544,0.0003905753567202597,0.0015765142683955436,8.240745136700562e-06,0.04872800000000001,0.0005782670815767317,0.0013631978603209115,3.939650066134477e-05,8.470968010134122e-06,4.516977785130196e-07,-0.0001886738432404141,4.5169777851293916e-07,4.500157265677199e-06,4.4718671491321736e-07,0.0,0.0,-3.6990405918185994e-06,8.062446064750352e-07
t5,steady_ewma,0.01,acute,DtACI500,500,0.0005401907875997744,2.396541900928687e-06,0.01379488483771582,0.00047405496181486713,0.00056465222922654,2.055506767760208e-05,0.015017404456878922,0.001000999566073751,0.008356695058568892,0.0002518437459565575,5.24516155527367e-05,2.396541900928111e-06,2.54158043522062e-05,1.6646186870678165e-06,2.6526418069850995e-05,1.927363227413597e-06,1.9247556177739e-05,1.405849660313022e-06,1.89121608398436e-05,1.8672479792671067e-06
t5,steady_ewma,0.01,acute,InitialKupiecGate,500,0.0005149823964663402,1.5720226247612677e-06,0.013773874960614276,0.00033129208168879436,0.0005447918302715455,2.1449445476110777e-05,0.015300000000000001,0.0011595296537976387,0.00572320726656248,0.00019180936172648994,2.7243224419311056e-05,1.5720226247609929e-06,2.074132187719999e-07,4.337448747333454e-07,1.3180269364168008e-06,1.1021647667362884e-06,-5.9608349556951985e-06,1.4281940647529039e-06,-6.296230293590597e-06,1.5326361479708402e-06
t5,steady_ewma,0.01,acute,PastSelectedRolling,500,0.0005212786267599309,1.9938874257753304e-06,0.010109365648434104,0.00032605500316447054,0.0005445440668459252,1.916315536398081e-05,0.0112,0.0009955411615844006,0.007252381912872408,0.00027029894791567947,3.353945471289951e-05,1.99388742577489e-06,6.503643512362596e-06,1.591186357580815e-06,7.614257230007397e-06,1.2659671037921537e-06,3.3539533789539813e-07,1.1714164193219188e-06,0.0,0.0
t5,steady_ewma,0.01,acute,Raw,500,0.0005147749832475683,1.5651441608338672e-06,0.01405096391291773,0.00033308246911815725,0.0005459726377746168,2.153650968341234e-05,0.0156,0.0011644706883249297,0.005635560693729925,0.00018490731003767416,2.7035811200538794e-05,1.5651441608336119e-06,0.0,0.0,1.1106137176448008e-06,1.1106348959717518e-06,-6.168248174467199e-06,1.4433106367811247e-06,-6.503643512362596e-06,1.591186357580815e-06
t5,steady_ewma,0.01,acute,Rolling1000,500,0.0005151611570790322,1.6973752523938102e-06,0.010371936242277308,0.00030119177344111017,0.0005367397413335362,1.9201028168442515e-05,0.0112,0.0009854248445459943,0.006380479315573924,0.000231475065307989,2.74219850320016e-05,1.6973752523935142e-06,3.8617383146399776e-07,1.1500665357257358e-06,1.4967875491087987e-06,5.857636408760163e-07,-5.782074343003201e-06,9.62382369032694e-07,-6.117469680898598e-06,1.0760236440214273e-06
t5,steady_ewma,0.01,acute,Rolling125,500,0.0005767184722878871,5.756134336413418e-06,0.008140328293512952,0.00039998668670205044,0.0006007585124164854,1.9194281879975022e-05,0.0095,0.0009546322041972926,0.014326879977134886,0.0006748609563468973,8.89793002408453e-05,5.756134336412736e-06,6.194348904031879e-05,5.663499561728791e-06,6.305410275796359e-05,5.425369971522443e-06,5.57752408658516e-05,5.264007782939451e-06,5.543984552795619e-05,5.339035917690814e-06
t5,steady_ewma,0.01,acute,Rolling250,500,0.0005390573216741196,2.885134719997668e-06,0.008487104846874205,0.000346601408141125,0.0005528292834840913,1.763579404864065e-05,0.009699999999999999,0.0009292723466177052,0.009948429888184371,0.0003791974982430429,5.1318149627081605e-05,2.885134719997065e-06,2.42823384265516e-05,2.642003033210301e-06,2.53929521441964e-05,2.379844789745689e-06,1.81140902520844e-05,2.1006693142586105e-06,1.7778694914189002e-05,2.230291017653483e-06
t5,steady_ewma,0.01,acute,Rolling500,500,0.0005209432314220355,1.9459970736133035e-06,0.01044788610859262,0.00035130099291845023,0.000538171816845091,1.890012631169715e-05,0.0119,0.0010338848270824673,0.007078160218965742,0.0002559090821791051,3.32040593750039e-05,1.9459970736129337e-06,6.168248174467199e-06,1.4433106367811247e-06,7.278861892111999e-06,1.2218087496890085e-06,0.0,0.0,-3.3539533789539813e-07,1.1714164193219188e-06
t5,steady_ewma,0.01,acute,Static-CP,500,0.0005136643695299234,1.6264687122556178e-06,0.010175480128339902,0.0002886239738063996,0.0005355179631844696,1.916443301235761e-05,0.011,0.000979754989616975,0.006240515997800841,0.00022299101752078698,2.5925197482894722e-05,1.6264687122555545e-06,-1.1106137176448008e-06,1.1106348959717518e-06,0.0,0.0,-7.278861892111999e-06,1.2218087496890085e-06,-7.614257230007397e-06,1.2659671037921537e-06
t5,steady_ewma,0.01,acute,VolRolling250,500,0.0005509275616366207,3.994193813382714e-06,0.008466886297453952,0.0003440795006788159,0.0005601954268043459,1.7722956384401745e-05,0.009600000000000001,0.0009150708767187587,0.011336243181560075,0.0004973955972736176,6.318838958958339e-05,3.994193813382011e-06,3.6152578389052604e-05,3.6306574902453443e-06,3.7263192106697404e-05,3.2770913327838128e-06,2.99843302145854e-05,3.015883740486923e-06,2.9648934876690003e-05,3.1138566487118565e-06
t5,steady_ewma,0.01,acute,VolRolling500,500,0.0005262534633331702,2.224717955129113e-06,0.010414997298174139,0.0003523579844766019,0.0005411833262251792,1.8723604334123065e-05,0.011699999999999999,0.0010090869700011252,0.007846668587052102,0.0002961670227910706,3.8514291286135875e-05,2.224717955128486e-06,1.1478480085601999e-05,1.6983049169442022e-06,1.2589093803246797e-05,1.4002545774429223e-06,5.310231911134801e-06,5.068695986813844e-07,4.974836573239402e-06,1.2903984981101196e-06
t5,steady_ewma,0.01,early,DtACI500,500,0.0005352135180924801,1.3655196051228854e-06,0.012769165877604873,0.00029595689411823106,0.0005330164763244674,9.050007247477537e-06,0.01279013193788624,0.0003446865505450854,0.008170407455812356,0.00016665702074917857,4.747434604544892e-05,1.365519605122444e-06,2.3732892026376602e-05,1.1295951412467492e-06,2.38402409577516e-05,1.2158002075008149e-06,1.77467450030004e-05,8.529581746023496e-07,1.5067003228213596e-05,1.7470835394315773e-06
t5,steady_ewma,0.01,early,InitialKupiecGate,500,0.0005120268325436039,7.13067408623743e-07,0.01317450057394862,0.00019383992657177188,0.0005079269430485654,9.141255390041017e-06,0.013009523809523782,0.00045201420586236246,0.005500726741065782,9.502149545077303e-05,2.4287660496575117e-05,7.130674086236607e-07,5.462064775004003e-07,2.259710163821743e-07,6.535554088754006e-07,7.202163221777771e-07,-5.439940545875799e-06,9.286584868157667e-07,-8.119682320662601e-06,1.6693119324731265e-06
t5,steady_ewma,0.01,early,PastSelectedRolling,500,0.0005201465148642665,1.8439643926623078e-06,0.009577359258448662,0.00020968240747138545,0.0005173802602581562,8.992397509448123e-06,0.009485714285714264,0.00039812063325831803,0.00717306323059705,0.00023858384186336502,3.240734281723673e-05,1.8439643926621058e-06,8.665888798163e-06,1.6792526863279352e-06,8.773237729538002e-06,1.5742107475752644e-06,2.6797417747868018e-06,1.5017182279957335e-06,0.0,0.0
t5,steady_ewma,0.01,early,Raw,500,0.0005114806260661036,7.023695705110482e-07,0.01339537444873826,0.0001861167111615995,0.0005076319153630084,9.182497682325464e-06,0.013180952380952352,0.0004488868633249261,0.005371724618861316,8.933521398757158e-05,2.3741454019074593e-05,7.02369570510925e-07,0.0,0.0,1.073489313750003e-07,6.837612914617224e-07,-5.986147023376199e-06,9.125388395278931e-07,-8.665888798163e-06,1.6792526863279352e-06
t5,steady_ewma,0.01,early,Rolling1000,500,0.0005122892668016299,8.890015771557915e-07,0.009757008991701543,0.00018885347432695489,0.0005091560262090163,8.514375720602798e-06,0.009790476190476167,0.0003961139788290432,0.006106558287605363,0.00013730896013678463,2.455009475460155e-05,8.890015771556283e-07,8.086407355262003e-07,6.79783930179808e-07,9.159896669012006e-07,4.794480479443069e-07,-5.177506287849999e-06,6.445689839409957e-07,-7.8572480626368e-06,1.530174403568608e-06
t5,steady_ewma,0.01,early,Rolling125,500,0.0005880838210022896,6.2366240474175985e-06,0.008067881447220511,0.00031230876706040604,0.0005837848428641866,1.222033947612592e-05,0.007466666666666649,0.00033280642171234283,0.015657447011711206,0.0007036622488591709,0.0001003446489552472,6.236624047416947e-06,7.6603194936186e-05,5.957265284272453e-06,7.6710543867561e-05,5.762882018028534e-06,7.06170479128098e-05,5.705295551532981e-06,6.7937306138023e-05,5.6415090761146125e-06
t5,steady_ewma,0.01,early,Rolling250,500,0.000539887324264934,2.2551486510616426e-06,0.007701590373745242,0.00023260646885805953,0.0005407345469128035,8.720852295083053e-06,0.007619047619047601,0.00035363451610070907,0.010320192558945524,0.00031038046502241583,5.214815221789879e-05,2.255148651061168e-06,2.84066981988304e-05,2.1870879697064976e-06,2.8514047130205404e-05,2.000316862733806e-06,2.24205511754542e-05,1.826337509817145e-06,1.97408094006674e-05,2.1991297425098198e-06
t5,steady_ewma,0.01,early,Rolling500,500,0.0005174667730894798,1.0739752168913102e-06,0.009815416761811238,0.00022323822218791106,0.0005153757280259515,8.600518121214825e-06,0.009885714285714262,0.00039458294411897884,0.006858909671603746,0.00016305426344362392,2.972760104244949e-05,1.0739752168912257e-06,5.986147023376199e-06,9.125388395278931e-07,6.0934959547512e-06,8.100322752726174e-07,0.0,0.0,-2.6797417747868018e-06,1.5017182279957335e-06
t5,steady_ewma,0.01,early,Static-CP,500,0.0005113732771347285,9.042883455964855e-07,0.009637391758645353,0.00018362548344171112,0.0005080928878074305,8.440137708764992e-06,0.009638095238095215,0.0004203019338457219,0.005975143301934941,0.00013963231362716736,2.3634105087700177e-05,9.042883455964475e-07,-1.073489313750003e-07,6.837612914617224e-07,0.0,0.0,-6.0934959547512e-06,8.100322752726174e-07,-8.773237729538002e-06,1.5742107475752644e-06
t5,steady_ewma,0.01,early,VolRolling250,500,0.0005517265487666852,2.937383993679033e-06,0.007668728734335901,0.000231344115486918,0.0005529382682117108,9.261930100688777e-06,0.007771428571428553,0.00035725105718557317,0.011716019372553784,0.00037874336519824286,6.398737671964584e-05,2.937383993678232e-06,4.0245922700581595e-05,2.8518123468469085e-06,4.0353271631956604e-05,2.6267498110470837e-06,3.4259775677205394e-05,2.46435574965328e-06,3.15800339024186e-05,2.6398892192070228e-06
t5,steady_ewma,0.01,early,VolRolling500,500,0.0005231951844792167,1.361131823670307e-06,0.009816509725659997,0.0002262121461255717,0.0005215087020202878,8.777664621200034e-06,0.009847619047619023,0.00039648733253817896,0.007640193860274562,0.00019960808660729264,3.5456012432184785e-05,1.3611318236699623e-06,1.1714558413113001e-05,1.1844711326577964e-06,1.1821907344488003e-05,1.0273977030424174e-06,5.7284113897368016e-06,4.174895586546481e-07,3.04866961495e-06,1.5542375858445028e-06
t5,steady_ewma,0.01,late,DtACI500,500,0.0005358001233626326,8.560693319251092e-07,0.01211802506936845,0.00018986392115228265,0.0005345436969344818,4.1528309061972295e-06,0.012202961497721545,0.00011926676036647988,0.008389530521295829,0.00011449779677146262,4.806095131560258e-05,8.560693319249376e-07,2.4259449745534803e-05,7.410854587130302e-07,2.4802524698840804e-05,7.914950125482869e-07,1.7504835815102205e-05,4.77826260196878e-07,1.4836709534314203e-05,1.1561236734684768e-06
t5,steady_ewma,0.01,late,InitialKupiecGate,500,0.0005122548391052907,4.570426937620133e-07,0.013167706395188512,0.00010602316484932222,0.0005120891276654262,4.118776296030254e-06,0.013364000000000001,0.00020173348953905299,0.005491157717323423,6.14716468831988e-05,2.4515667058262822e-05,4.570426937620158e-07,7.14165488193e-07,2.7308441472865885e-07,1.2572404414989999e-06,4.849277803144125e-07,-6.040448442239599e-06,6.122733228964813e-07,-8.7085747230276e-06,1.1473392790844135e-06
t5,steady_ewma,0.01,late,PastSelectedRolling,500,0.0005209634138283183,1.1775593982767876e-06,0.009551835277086607,0.0001467747284784637,0.000519473606622605,4.091274478515641e-06,0.00952,0.00016936519458931505,0.007270160625462545,0.00016537283559618852,3.322424178128941e-05,1.1775593982764869e-06,9.4227402112206e-06,1.1687750896584456e-06,9.9658151645266e-06,1.1557950092535943e-06,2.6681262807879994e-06,1.0708060247377808e-06,0.0,0.0
t5,steady_ewma,0.01,late,Raw,500,0.0005115406736170978,3.7368558753091907e-07,0.013373735400847204,9.471008860496075e-05,0.0005111159303568088,4.114573121937557e-06,0.013532,0.00019605823027692214,0.00535755959417864,4.3819269290156826e-05,2.380150157006969e-05,3.7368558753089117e-07,0.0,0.0,5.430749533059999e-07,4.131933321640791e-07,-6.754613930432599e-06,5.549416570643209e-07,-9.4227402112206e-06,1.1687750896584456e-06
t5,steady_ewma,0.01,late,Rolling1000,500,0.0005121712576885838,4.501310466274884e-07,0.009911261217677332,0.00013220298931162643,0.0005113128471641323,3.8524359121864036e-06,0.009980000000000001,0.00017439043565544582,0.006042294256671415,7.23014204786216e-05,2.4432085641555248e-05,4.5013104662756e-07,6.30584071486e-07,3.6821485027296627e-07,1.1736590247919998e-06,4.167247772994043e-07,-6.124029858946599e-06,4.126014397523824e-07,-8.792156139734598e-06,1.0424559325272105e-06
t5,steady_ewma,0.01,late,Rolling125,500,0.0005859667191739458,3.223520971599303e-06,0.0076589267894040846,0.00015464024356178757,0.0005840160822484034,6.21494377058213e-06,0.007632000000000002,0.00011680942120293006,0.015607596784359147,0.0003677991065862927,9.822754712690163e-05,3.2235209715985614e-06,7.4426045556848e-05,3.1092750251093655e-06,7.4969120510154e-05,3.021093720470542e-06,6.767143162641539e-05,2.9624824712007744e-06,6.50033053456274e-05,3.0339144956010627e-06
t5,steady_ewma,0.01,late,Rolling250,500,0.0005429153768077803,1.6006067679602244e-06,0.007783759185975941,0.00015495312420744253,0.0005409486752188399,4.458997150523422e-06,0.007828000000000002,0.000125172554246821,0.01062832927638312,0.0002159230709644508,5.517620476074501e-05,1.6006067679597684e-06,3.13747031906826e-05,1.5723044309879533e-06,3.19177781439886e-05,1.5370110657220304e-06,2.462008926025e-05,1.3328538083763204e-06,2.1951962979462004e-05,1.5849460091017998e-06
t5,steady_ewma,0.01,late,Rolling500,500,0.0005182952875475304,6.366456748017748e-07,0.009823740473222082,0.00016018704405034335,0.000517070338087256,3.918255244787503e-06,0.009884,0.00015534913810323774,0.006919895792666088,9.872698203589762e-05,3.055611550050447e-05,6.366456748017571e-07,6.754613930432599e-06,5.549416570643209e-07,7.297688883738599e-06,5.982678570227799e-07,0.0,0.0,-2.6681262807879994e-06,1.0708060247377808e-06
t5,steady_ewma,0.01,late,Static-CP,500,0.0005109975986637918,4.752490890421411e-07,0.009567723950072516,0.00013359813561152187,0.000510543104451631,3.823304394672925e-06,0.009620000000000002,0.00021721317438464107,0.005948131161826501,7.83803453447508e-05,2.32584266167631e-05,4.7524908904213216e-07,-5.430749533059999e-07,4.131933321640791e-07,0.0,0.0,-7.297688883738599e-06,5.982678570227799e-07,-9.9658151645266e-06,1.1557950092535943e-06
t5,steady_ewma,0.01,late,VolRolling250,500,0.0005554823236633409,2.1067143046113205e-06,0.007707356238276806,0.00015320509954937944,0.0005535212467750679,4.877299875777505e-06,0.007692,0.00012283504751411787,0.012122411165012562,0.00026513989668058266,6.774315161630598e-05,2.106714304610677e-06,4.3941650046242994e-05,2.0695088526601527e-06,4.4484724999549e-05,2.0267813376280273e-06,3.7187036115810404e-05,1.8354516739928164e-06,3.4518909835022397e-05,2.0256267756222846e-06
t5,steady_ewma,0.01,late,VolRolling500,500,0.000523786376213889,7.801609720351576e-07,0.0097810048748727,0.00015983131951412402,0.0005226152196826986,4.027791777957614e-06,0.009836000000000003,0.0001525541002628708,0.007684062060464469,0.00011800154010459025,3.604720416686122e-05,7.801609720350774e-07,1.2245702596791199e-05,7.046105815115803e-07,1.2788777550097198e-05,7.202236967836246e-07,5.491088666358599e-06,2.498799430069294e-07,2.8229623855705997e-06,1.082748949471121e-06
t5,steady_ewma,0.01,middle,DtACI500,500,0.0005363580906568066,9.942541692086448e-07,0.012758380108756823,0.0002221727038701954,0.0005347221876984656,4.623917539153256e-06,0.012581326340373115,0.00014967057003515696,0.008284842494521364,0.00012512500964115394,4.8618918609775616e-05,9.942541692084934e-07,2.4954262933729204e-05,8.604258053716814e-07,2.5391341832768798e-05,9.186940330520609e-07,1.8109611201018798e-05,5.555305592698435e-07,1.5632078487582402e-05,1.332359828590457e-06
t5,steady_ewma,0.01,middle,InitialKupiecGate,500,0.0005123287380431758,6.472070387879852e-07,0.013178140000293093,0.00012187552931703991,0.0005124396628204334,4.62017969390968e-06,0.013098666666666635,0.00022512046009685473,0.005525993662208782,8.600563537824919e-05,2.458956599614642e-05,6.472070387878764e-07,9.249103200984004e-07,5.27518183704649e-07,1.3619892191379986e-06,6.804246027240136e-07,-5.919741412612002e-06,7.963469857528508e-07,-8.3972741260484e-06,1.2510950534038064e-06
t5,steady_ewma,0.01,middle,PastSelectedRolling,500,0.0005207260121692242,1.405853752240616e-06,0.009708714891887578,0.00016529616438894402,0.000521873158437723,4.5717648545296385e-06,0.009605333333333303,0.00017992189106632043,0.007206849899481549,0.00018444202780075754,3.2986840122191276e-05,1.405853752240277e-06,9.3221844461468e-06,1.3462485307217144e-06,9.759263345186399e-06,1.3121010914693877e-06,2.4775327134363985e-06,1.229519255775203e-06,0.0,0.0
t5,steady_ewma,0.01,middle,Raw,500,0.0005114038277230775,3.8061508464888805e-07,0.013424827142445655,0.00010817571897805442,0.0005116790290884028,4.593772779361771e-06,0.013327999999999967,0.00022301338211837073,0.005360281983506215,4.722352755387689e-05,2.366465567604827e-05,3.806150846488686e-07,0.0,0.0,4.3707889903959823e-07,4.5636612321854077e-07,-6.844651732710403e-06,6.499387329543665e-07,-9.3221844461468e-06,1.3462485307217144e-06
t5,steady_ewma,0.01,middle,Rolling1000,500,0.0005124244800458066,5.314805846209775e-07,0.009886250465444401,0.00014727535491970603,0.0005128282825556179,4.275483457111618e-06,0.009871999999999968,0.00019400761416282287,0.006109165112182731,8.776662736624806e-05,2.4685307998777478e-05,5.314805846210054e-07,1.0206523227292008e-06,4.64646111574214e-07,1.457731221768799e-06,3.7169329974022153e-07,-5.823999409981202e-06,4.761488459647119e-07,-8.301532123417599e-06,1.2265825370107549e-06
t5,steady_ewma,0.01,middle,Rolling125,500,0.0005883949860377624,3.2619500495792175e-06,0.008043337771723547,0.00018758127452093786,0.0005893399532705961,6.348148328330039e-06,0.008170666666666633,0.00014561493313130686,0.015775196212586495,0.00038006207805634174,0.00010065581399071538,3.2619500495784102e-06,7.6991158314685e-05,3.145425356867748e-06,7.74282372137246e-05,3.0674549414869306e-06,7.014650658197459e-05,2.9381669981821316e-06,6.766897386853821e-05,2.928583433646168e-06
t5,steady_ewma,0.01,middle,Rolling250,500,0.0005425695627998922,1.936054358005178e-06,0.008007987364633836,0.00018466274217352946,0.0005423193003925491,5.001678097179117e-06,0.00814399999999997,0.0001541335570793945,0.01051544685163043,0.00025866906301593654,5.4830390752855984e-05,1.9360543580047567e-06,3.1165735076814804e-05,1.8686872640434921e-06,3.1602813975854404e-05,1.7878483237257316e-06,2.43210833441044e-05,1.5429943814264454e-06,2.1843550630668005e-05,1.901883821956052e-06
t5,steady_ewma,0.01,middle,Rolling500,500,0.0005182484794557878,7.35150128753154e-07,0.010066553547074435,0.00018739367021225933,0.0005179264383919108,4.397541314081445e-06,0.0099093333333333,0.00018429426674074,0.006892677867479794,0.00011371341501924322,3.05093074087578e-05,7.351501287530846e-07,6.844651732710403e-06,6.499387329543665e-07,7.28173063175e-06,6.484567723738078e-07,0.0,0.0,-2.4775327134363985e-06,1.229519255775203e-06
t5,steady_ewma,0.01,middle,Static-CP,500,0.0005109667488240378,5.125694103028804e-07,0.009629883898868957,0.00014117524924257263,0.000512257672587872,4.195232219378042e-06,0.009578666666666633,0.00022604531126140242,0.005947527068345727,8.752225024794143e-05,2.3227576777008207e-05,5.125694103029341e-07,-4.3707889903959823e-07,4.5636612321854077e-07,0.0,0.0,-7.28173063175e-06,6.484567723738078e-07,-9.759263345186399e-06,1.3121010914693877e-06
t5,steady_ewma,0.01,middle,VolRolling250,500,0.0005549023682102,2.407460158465397e-06,0.007925685641044697,0.00018192315526886746,0.000554549007772966,5.414679571018166e-06,0.007978666666666637,0.00015193834373973712,0.011985379881576157,0.00030704591114537463,6.716319616316191e-05,2.407460158464678e-06,4.3498540487122597e-05,2.3392217295615506e-06,4.3935619386162204e-05,2.247891323415798e-06,3.6653888754412204e-05,2.0106590605430356e-06,3.4176356040975795e-05,2.274838984077606e-06
t5,steady_ewma,0.01,middle,VolRolling500,500,0.0005234972589086757,9.028061825313455e-07,0.010012152625523747,0.00018661603936785575,0.0005230755979470992,4.509857616395333e-06,0.009871999999999968,0.00018030167451276938,0.007631187460525068,0.00013697267849835206,3.5758086861645574e-05,9.028061825311598e-07,1.2093431185598405e-05,8.128498008133832e-07,1.2530510084638002e-05,7.66414657400074e-07,5.248779452888002e-06,2.957172224018433e-07,2.7712467394516037e-06,1.236743686561526e-06
t5,steady_ewma,0.01,post,DtACI500,500,0.000536035580829326,6.543693865491279e-07,0.012460065189370859,0.00014302786767161836,0.000535052443452765,2.9822253239416203e-06,0.012462790069116323,6.060789014113684e-05,0.008326607880125101,8.630580959726161e-05,4.829640878229501e-05,6.543693865491499e-07,2.4487843222730397e-05,5.737090669034959e-07,2.49567691986712e-05,6.333337257843838e-07,1.7791881456804404e-05,3.4610294845304696e-07,1.5240662755759998e-05,1.0450541705574378e-06
t5,steady_ewma,0.01,post,InitialKupiecGate,500,0.0005123131616652423,3.977360526906575e-07,0.013184455757181055,8.550899285186448e-05,0.0005124376030159041,2.9363804868845134e-06,0.013266000000000002,0.00014265759839826803,0.005509866935133163,5.68004422983007e-05,2.4573989618212847e-05,3.9773605269055953e-07,7.654240586467999e-07,3.228718010146524e-07,1.2343500345876022e-06,4.75204728672735e-07,-5.930537707279196e-06,5.285099671591603e-07,-8.4817564083236e-06,1.0242985098151564e-06
t5,steady_ewma,0.01,post,PastSelectedRolling,500,0.000520794918073566,1.0783087547742469e-06,0.009624495758106939,0.00012274818135827995,0.0005206550463894714,3.050751814009312e-06,0.009582,9.993260253841186e-05,0.007235868302506991,0.00014808916958020658,3.305574602653492e-05,1.078308754773986e-06,9.2471804669704e-06,1.0617970777112818e-06,9.716106442911202e-06,1.0652344027485322e-06,2.5512187010444013e-06,9.768090670536198e-07,0.0,0.0
t5,steady_ewma,0.01,post,Raw,500,0.0005115477376065956,2.5026599245618637e-07,0.013408711474216595,7.052886584154072e-05,0.0005116584049551622,2.9168323122680953e-06,0.013460000000000001,0.00013406246861438127,0.00536562783975919,3.0184350036841453e-05,2.3808565559566593e-05,2.502659924562337e-07,0.0,0.0,4.6892597594080237e-07,3.58119864481889e-07,-6.695961765925997e-06,4.4222724236485014e-07,-9.2471804669704e-06,1.0617970777112818e-06
t5,steady_ewma,0.01,post,Rolling1000,500,0.0005123384050172206,3.572598797195959e-07,0.009894899202354528,0.00011540393562527224,0.000512163207119039,2.7412105644940937e-06,0.009944000000000001,0.00010213025593993541,0.006080882251914271,6.14199372860476e-05,2.4599232970192474e-05,3.572598797194241e-07,7.90667410624999e-07,3.1061545445802125e-07,1.2595933865658014e-06,3.3165665607546215e-07,-5.905294355300999e-06,2.9705093592311793e-07,-8.456513056345399e-06,9.717391373174702e-07
t5,steady_ewma,0.01,post,Rolling125,500,0.0005869146500021334,2.2386363028092415e-06,0.007855649176926785,0.00011240111725219936,0.0005863231023497461,4.3316735311367215e-06,0.007854,8.337427985345458e-05,0.01565006650767188,0.00025648599903615955,9.917547795508316e-05,2.2386363028084474e-06,7.53669123955378e-05,2.1607147251908953e-06,7.583583837147861e-05,2.109471437205366e-06,6.86709506296118e-05,2.0127547024872606e-06,6.611973192856739e-05,2.122115961556322e-06
t5,steady_ewma,0.01,post,Rolling250,500,0.0005423905899351491,1.1876183922303191e-06,0.007873283940906393,0.0001107471512815051,0.0005416777883521545,3.2529274640724365e-06,0.007962,7.312870582220405e-05,0.010540046024005939,0.00015967819572462855,5.465141788811715e-05,1.1876183922300098e-06,3.08428523285534e-05,1.1531229018482505e-06,3.13117783044942e-05,1.1325686288874342e-06,2.4146890562627402e-05,9.283084529107302e-07,2.1595671861583e-05,1.3040057459261097e-06
t5,steady_ewma,0.01,post,Rolling500,500,0.0005182436993725215,4.938975161748429e-07,0.009926404298925986,0.00012457210978168124,0.000517635471220222,2.8297921615588383e-06,0.009934000000000002,8.728416265337143e-05,0.006906450816535674,7.953003523859936e-05,3.050452732549401e-05,4.938975161748005e-07,6.695961765925997e-06,4.4222724236485014e-07,7.1648877418667986e-06,4.80971990487705e-07,0.0,0.0,-2.5512187010444013e-06,9.768090670536198e-07
t5,steady_ewma,0.01,post,Static-CP,500,0.0005110788116306548,3.931370130887879e-07,0.009610504174336678,0.00012882745555246622,0.0005114282919297356,2.6993343238425227e-06,0.009634,0.00017402487556274606,0.005956588598202083,6.933870787924164e-05,2.333963958362613e-05,3.931370130887826e-07,-4.6892597594080237e-07,3.58119864481889e-07,0.0,0.0,-7.1648877418667986e-06,4.80971990487705e-07,-9.716106442911202e-06,1.0652344027485322e-06
t5,steady_ewma,0.01,post,VolRolling250,500,0.0005547793887637324,1.5269622089196464e-06,0.0078003644775845125,0.00010963429033224378,0.000553978928000712,3.535140997180409e-06,0.007846,7.364383768964867e-05,0.012012629935846687,0.0001935236941527964,6.704021671669482e-05,1.526962208919045e-06,4.3231651157136796e-05,1.4870917262993736e-06,4.370057713307761e-05,1.4605558651609667e-06,3.65356893912108e-05,1.2653713222253067e-06,3.39844706901664e-05,1.5570917951548506e-06
t5,steady_ewma,0.01,post,VolRolling500,500,0.0005236652238346799,6.13009807917646e-07,0.009884093139165537,0.0001239806793331151,0.0005230430393081436,2.928115516851433e-06,0.009888000000000001,8.57766125147701e-05,0.007662880054999006,9.498081651983238e-05,3.592605178765064e-05,6.130098079176515e-07,1.21174862280844e-05,5.593979696159362e-07,1.2586412204025202e-05,5.710271719019535e-07,5.4215244621584025e-06,1.9315431460057607e-07,2.870305761114e-06,9.753842273498177e-07
t5,steady_ewma,0.01,pre,DtACI500,500,0.0005362983618856196,9.985352898849424e-07,0.013210575888527639,0.00024037637514174668,0.0005262761182784738,5.204475088469693e-06,0.012821156161614763,0.00019127615467773198,0.008097746831570404,0.0001187205029026483,4.855918983858937e-05,9.985352898845684e-07,2.4852036842768198e-05,8.147167411667305e-07,2.5102786305748402e-05,8.518906013292096e-07,1.86535470964218e-05,6.337840999914119e-07,1.44417452238432e-05,1.38234947296631e-06
t5,steady_ewma,0.01,pre,InitialKupiecGate,500,0.00051213538600674,5.605136708607598e-07,0.013329803084236619,0.00014166042602394948,0.0005025158194778814,5.340287468771622e-06,0.013112000000000002,0.0002883282475872134,0.005459445009032705,7.048790434450085e-05,2.43962139597112e-05,5.605136708606298e-07,6.890609638884001e-07,2.510425332981334e-07,9.398104268686005e-07,5.375689366789105e-07,-5.509428782457999e-06,7.448654894679338e-07,-9.721230655036602e-06,1.4884312539322394e-06
t5,steady_ewma,0.01,pre,PastSelectedRolling,500,0.0005218566166617765,1.547917841400513e-06,0.009562666520338848,0.0001967389592750049,0.0005113872481006243,5.272672628896781e-06,0.008944,0.0002478802477699039,0.00739640134734903,0.00020818876353482555,3.411744461474589e-05,1.5479178414001797e-06,1.0410291618925e-05,1.5005339627579393e-06,1.0661041081905202e-05,1.4236366174005197e-06,4.2118018725786015e-06,1.2535020514670936e-06,0.0,0.0
t5,steady_ewma,0.01,pre,Raw,500,0.0005114463250428515,5.067506654808034e-07,0.013472445272929208,0.00012972080358024675,0.000501488762610058,5.33121838671371e-06,0.013240000000000002,0.0002866096477447344,0.005340624744849663,5.979558147813763e-05,2.3707152995822705e-05,5.067506654806959e-07,0.0,0.0,2.507494629802004e-07,4.883930580243854e-07,-6.198489746346399e-06,7.334633051309927e-07,-1.0410291618925e-05,1.5005339627579393e-06
t5,steady_ewma,0.01,pre,Rolling1000,500,0.0005120641187653399,6.127577108259565e-07,0.009774888266172326,0.00015483065818900363,0.0005025234359221091,4.952685347686707e-06,0.009304000000000002,0.00023888344144622998,0.006060154006158153,9.58826499618887e-05,2.432494671831312e-05,6.127577108260133e-07,6.177937224884026e-07,4.913682986333319e-07,8.68543185468603e-07,2.2067651539401847e-07,-5.580696023857996e-06,5.394102585756782e-07,-9.792497896436598e-06,1.3681447110674047e-06
t5,steady_ewma,0.01,pre,Rolling125,500,0.0005854461702304128,4.341453720931889e-06,0.007972988439418757,0.00021609595301495793,0.000577395936657084,7.666908494498983e-06,0.007688000000000001,0.0001935153958134434,0.015392948011279614,0.0004941642390901872,9.770699818336911e-05,4.3414537209312345e-06,7.399984518756141e-05,4.19451944703831e-06,7.425059465054159e-05,4.069163354900887e-06,6.7801355441215e-05,4.045755311384951e-06,6.35895535686364e-05,3.970305555594416e-06
t5,steady_ewma,0.01,pre,Rolling250,500,0.0005397509216112769,1.96545282265622e-06,0.008015291755151225,0.00020520183603960993,0.0005307874177999268,5.585491655071458e-06,0.007376000000000001,0.0001971064430702345,0.01018128143194185,0.0002671163109721951,5.201174956424312e-05,1.9654528226557727e-06,2.8304596568425406e-05,1.8763565752136531e-06,2.8555346031405603e-05,1.7276007286321262e-06,2.2106106822079002e-05,1.59687372652087e-06,1.7894304949500403e-05,1.7698055669089985e-06
t5,steady_ewma,0.01,pre,Rolling500,500,0.0005176448147891979,8.234686117311528e-07,0.009764322097951,0.00019444372617386616,0.0005075705955743999,4.9478882736033846e-06,0.00932,0.0002442837471020051,0.0068630443710013655,0.0001244574768198732,2.9905642742168475e-05,8.234686117310064e-07,6.198489746346399e-06,7.334633051309927e-07,6.449239209326599e-06,6.17988561460862e-07,0.0,0.0,-4.2118018725786015e-06,1.2535020514670936e-06
t5,steady_ewma,0.01,pre,Static-CP,500,0.0005111955755798712,6.088848694132568e-07,0.009700585753720768,0.00015786001539489053,0.0005012957867212976,4.905165525032489e-06,0.009272000000000002,0.00026322348909324343,0.005950870037311529,9.606752403371546e-05,2.3456403532841325e-05,6.088848694132386e-07,-2.507494629802004e-07,4.883930580243854e-07,0.0,0.0,-6.449239209326599e-06,6.17988561460862e-07,-1.0661041081905202e-05,1.4236366174005197e-06
t5,steady_ewma,0.01,pre,VolRolling250,500,0.0005511470363485016,2.3617068438028184e-06,0.007952203173386614,0.00020566849345768205,0.000542285913029811,5.905063480814544e-06,0.0074080000000000005,0.00019001917422498786,0.011556402234404321,0.00030888853009003605,6.340786430146578e-05,2.3617068438021844e-06,3.97007113056502e-05,2.2730913683785398e-06,3.99514607686304e-05,2.131103076408311e-06,3.35022215593038e-05,2.003367916840365e-06,2.9290419686725198e-05,2.052455960307788e-06
t5,steady_ewma,0.01,pre,VolRolling500,500,0.0005229203377434806,9.72856608939052e-07,0.009739630445160654,0.00019546825840120697,0.0005130373401406399,5.079803517959963e-06,0.009400000000000002,0.00024338955802151376,0.007603963749798817,0.0001448303661197566,3.5181165696452396e-05,9.7285660893889e-07,1.1474012700629201e-05,8.596844652707506e-07,1.17247621636094e-05,6.915579849114585e-07,5.275522954282801e-06,3.5732337976705483e-07,1.0637210817042e-06,1.2185050995430066e-06
t5,steady_ewma,0.05,acute,DtACI500,500,0.0016741663111416233,4.2576949055428706e-06,0.053557630987903365,0.0011300382091220884,0.001721155178550797,3.397433999183114e-05,0.05439305253815706,0.0018866547692684157,0.004592424758555615,0.0001301618004133782,9.117749316925647e-05,4.2576949055422285e-06,3.71155133615828e-05,2.6376617149082603e-06,4.110812720469599e-05,2.5111282309476656e-06,3.5213878216507596e-05,2.0610042647804854e-06,3.3182973720789195e-05,2.2356792436590097e-06
t5,steady_ewma,0.05,acute,InitialKupiecGate,500,0.001639021372918831,3.6701451289745326e-06,0.05898455159691051,0.0009902728358847342,0.0016919267332493185,3.434101734026631e-05,0.0591,0.002198646878466932,0.0034574088593919317,0.00011698606676742825,5.60325549464713e-05,3.670145128974048e-06,1.9705751387906e-06,1.0445517030373334e-06,5.963188981903797e-06,1.505884740041175e-06,6.893999371539693e-08,1.6577093534992497e-06,-1.9619645020029974e-06,1.8084571646051358e-06
t5,steady_ewma,0.05,acute,PastSelectedRolling,500,0.001640983337420834,3.975542038946866e-06,0.05150819283568969,0.0009676196899748452,0.0016878639597451724,3.350784785729143e-05,0.0525,0.0020654374994485444,0.003641458188778918,0.00013023885381092593,5.79945194484749e-05,3.975542038946332e-06,3.932539640793598e-06,2.0847325466533074e-06,7.925153483906794e-06,1.6057046107880961e-06,2.0309044957183943e-06,1.376679189687563e-06,0.0,0.0
t5,steady_ewma,0.05,acute,Raw,500,0.0016370507977800405,3.531292115660956e-06,0.059905414216539825,0.0009732643614509429,0.0016908025545732362,3.449924285702648e-05,0.0605,0.002199813254963572,0.0033747886025586446,0.00011072954695336829,5.406197980768168e-05,3.531292115660491e-06,0.0,0.0,3.9926138431131975e-06,1.425360193371931e-06,-1.9016351450752028e-06,1.7874922775072665e-06,-3.932539640793598e-06,2.0847325466533074e-06
t5,steady_ewma,0.05,acute,Rolling1000,500,0.0016346993588400997,3.6553641556911114e-06,0.05155110411702961,0.0009026218417314902,0.0016836742377333955,3.3301028862710716e-05,0.052700000000000004,0.0020697796926126954,0.0034405401410020596,0.00011964466700269215,5.1710540867743264e-05,3.6553641556906608e-06,-2.351438939940604e-06,1.4686418709538195e-06,1.641174903172593e-06,6.909808388941454e-07,-4.253074085015807e-06,9.106978752642871e-07,-6.2839785807342015e-06,1.3166160746245041e-06
t5,steady_ewma,0.05,acute,Rolling125,500,0.0016646571608908204,4.6994995790235136e-06,0.04914185776967534,0.0011437470085219697,0.0017136650789895337,3.360069637301655e-05,0.05050000000000001,0.0020292204096504364,0.00448301485351878,0.00014846644714751277,8.166834291845718e-05,4.699499579022836e-06,2.76063631107798e-05,3.3837528009779775e-06,3.159897695389299e-05,3.1029856022026745e-06,2.5704727965704596e-05,2.931561237242857e-06,2.3673823469986202e-05,2.7689419578636995e-06
t5,steady_ewma,0.05,acute,Rolling250,500,0.0016497204585187776,4.183189941894693e-06,0.04952608497086737,0.001020652618078021,0.0016979282722504384,3.3145872334549134e-05,0.0513,0.0020627967084812407,0.003990605952802598,0.0001387725249486537,6.673164054641712e-05,4.183189941894053e-06,1.2669660738737197e-05,2.5388645022198175e-06,1.6662274581850395e-05,2.1227979598761837e-06,1.0768025593661995e-05,1.6588814951819916e-06,8.7371210979436e-06,1.6356548795056742e-06
t5,steady_ewma,0.05,acute,Rolling500,500,0.0016389524329251154,3.740850219680511e-06,0.051502883024760394,0.0009469525796010483,0.00168700495083516,3.340991483489861e-05,0.0525,0.0020557120186951317,0.003591470217463608,0.00012410249202103333,5.596361495275752e-05,3.7408502196800154e-06,1.9016351450752028e-06,1.7874922775072665e-06,5.8942489881884e-06,1.2490321922695347e-06,0.0,0.0,-2.0309044957183943e-06,1.376679189687563e-06
t5,steady_ewma,0.05,acute,Static-CP,500,0.001633058183936927,3.695105558677799e-06,0.05119561188199417,0.0008797278140966695,0.0016831072196809964,3.3241219019650387e-05,0.052300000000000006,0.0020513009704435582,0.003391628477056412,0.00011986883417402182,5.006936596457177e-05,3.6951055586773422e-06,-3.9926138431131975e-06,1.425360193371931e-06,0.0,0.0,-5.8942489881884e-06,1.2490321922695347e-06,-7.925153483906794e-06,1.6057046107880961e-06
t5,steady_ewma,0.05,acute,VolRolling250,500,0.0016592198664116733,4.721221895355868e-06,0.049361502142717215,0.001042613083754408,0.0017079812660919591,3.348523376119328e-05,0.0515,0.00205766079222785,0.004312694135275687,0.0001540790849577471,7.623104843931043e-05,4.7212218953552525e-06,2.21690686316328e-05,3.100390526816645e-06,2.6161682474745997e-05,2.5791678170327165e-06,2.0267433486557597e-05,2.1108951125483035e-06,1.8236528990839203e-05,2.074800927823476e-06
t5,steady_ewma,0.05,acute,VolRolling500,500,0.0016455247542079077,4.1087678601249994e-06,0.05160553160819352,0.000980481439363063,0.0016940480210686226,3.3655848182998136e-05,0.05210000000000001,0.0020468412537948495,0.0038237520139171883,0.0001342264428709398,6.253593623554636e-05,4.108767860124469e-06,8.473956427867203e-06,2.145172671721083e-06,1.24665702709804e-05,1.5643354550014668e-06,6.572321282792e-06,6.848095569813679e-07,4.541416787073606e-06,1.5694358628356757e-06
t5,steady_ewma,0.05,early,DtACI500,500,0.0016666343434505774,2.2575729738214626e-06,0.05163262846408513,0.000699739564624584,0.001663009732332823,1.4368318283968838e-05,0.05150186039047453,0.000676187495466313,0.004405760105653061,7.298041803569617e-05,8.36455254782141e-05,2.257572973820694e-06,3.535982196853281e-05,1.6348152448867645e-06,3.8458132108300804e-05,1.5680124545183142e-06,3.2400297564057e-05,1.1240871969232669e-06,3.06585211924394e-05,1.3182205400476362e-06
t5,steady_ewma,0.05,early,InitialKupiecGate,500,0.0016317652823959528,1.6688638963447326e-06,0.057355958990669635,0.0005844508182722923,0.0016289971066503935,1.4528525258146645e-05,0.05737142857142853,0.0009425414033020236,0.0032382198731833807,5.603545439432914e-05,4.877646442360213e-05,1.6688638963443345e-06,4.907609139081997e-07,3.9065623658570373e-07,3.589071053676194e-06,9.117160265711557e-07,-2.4687634905676017e-06,1.0332419141857557e-06,-4.210539862185204e-06,1.328835223542807e-06
t5,steady_ewma,0.05,early,PastSelectedRolling,500,0.001635975822258138,2.1152376272557784e-06,0.0497688624927908,0.000614425288695137,0.0016311900681973755,1.4307012427807293e-05,0.04937142857142853,0.0008554705829776274,0.0034772684389443387,7.392178244764381e-05,5.298700428578167e-05,2.1152376272552516e-06,4.701300776093404e-06,1.3820757247245313e-06,7.799610915861397e-06,1.2176765738064135e-06,1.7417763716176022e-06,9.929338425273566e-07,0.0,0.0
t5,steady_ewma,0.05,early,Raw,500,0.0016312745214820444,1.6110121559698587e-06,0.05827626893960371,0.0005690389811311507,0.0016284656674950787,1.4586844627698247e-05,0.058704761904761864,0.0009263651572584146,0.003216793502017708,5.34973320947157e-05,4.828570350969396e-05,1.6110121559694729e-06,0.0,0.0,3.0983101397679943e-06,8.798683286295928e-07,-2.9595244044758015e-06,1.0599359462544688e-06,-4.701300776093404e-06,1.3820757247245313e-06
t5,steady_ewma,0.05,early,Rolling1000,500,0.0016297767758491515,1.8019278968003661e-06,0.04991313558268571,0.000548138524477004,0.0016265232397535798,1.4230116266445476e-05,0.050038095238095194,0.0008528466943617791,0.0032594888939079096,6.35572470442754e-05,4.678795787679514e-05,1.801927896799973e-06,-1.4977456328931967e-06,8.375710574229692e-07,1.6005645068747978e-06,4.554479146460699e-07,-4.457270037368998e-06,6.790588664545053e-07,-6.1990464089866e-06,1.065699802624836e-06
t5,steady_ewma,0.05,early,Rolling125,500,0.0016666792054124534,2.6136889707214972e-06,0.047841825414522164,0.0007860296981526206,0.001663025300615931,1.4465321205804401e-05,0.047790476190476154,0.0007609589510700908,0.004640323660413613,8.941417214321697e-05,8.36903874400917e-05,2.613688970720718e-06,3.540468393040921e-05,2.209992482501115e-06,3.85029940701772e-05,1.9820962518443543e-06,3.24451595259334e-05,1.8307425031218857e-06,3.07033831543158e-05,1.7838727718543528e-06
t5,steady_ewma,0.05,early,Rolling250,500,0.0016434036933776555,2.1192115550134188e-06,0.047563682386344695,0.0006602563063716516,0.0016412080885022657,1.4149583064726818e-05,0.04790476190476187,0.0008022865726927044,0.0038299195205879783,7.569907642759977e-05,6.0414875405297325e-05,2.1192115550128174e-06,1.2129171895610805e-05,1.5606029490083697e-06,1.5227482035378801e-05,1.3704274150207744e-06,9.169647491135003e-06,1.0241789709914614e-06,7.427871119517402e-06,1.1358720139469206e-06
t5,steady_ewma,0.05,early,Rolling500,500,0.0016342340458865203,1.895281842770584e-06,0.04998190460542732,0.0006068144975594868,0.0016299281056516048,1.4173936595342267e-05,0.04990476190476187,0.0008580436572487361,0.003428487138751983,6.690808405430805e-05,5.124522791416521e-05,1.895281842770111e-06,2.9595244044758015e-06,1.0599359462544688e-06,6.057834544243795e-06,9.01516533164839e-07,0.0,0.0,-1.7417763716176022e-06,9.929338425273566e-07
t5,steady_ewma,0.05,early,Static-CP,500,0.0016281762113422764,1.8448698702494665e-06,0.049667723261453904,0.0005304355485704377,0.001625074095426823,1.4253133224099184e-05,0.04992380952380949,0.0008905836818974057,0.003196036753322153,6.608465062693738e-05,4.5187393369923135e-05,1.844869870249057e-06,-3.0983101397679943e-06,8.798683286295928e-07,0.0,0.0,-6.057834544243795e-06,9.01516533164839e-07,-7.799610915861397e-06,1.2176765738064135e-06
t5,steady_ewma,0.05,early,VolRolling250,500,0.0016525037978303576,2.4623019611854993e-06,0.04742298269280895,0.0006708837666742347,0.0016504359140907126,1.4337847495453217e-05,0.04752380952380949,0.0007886677552197547,0.004146676042735377,8.47910239501068e-05,6.951497985799585e-05,2.462301961184794e-06,2.1229276348313e-05,1.8824560132312205e-06,2.4327586488080997e-05,1.6443968645879335e-06,1.82697519438372e-05,1.3070978716338641e-06,1.65279755722196e-05,1.3992287519963317e-06
t5,steady_ewma,0.05,early,VolRolling500,500,0.0016405891380065797,2.1519386016053713e-06,0.049963904737704866,0.0006205786601773921,0.001636055610972118,1.4341844675685757e-05,0.049961904761904735,0.0008360570867424903,0.0036635152406797244,7.373503837103414e-05,5.760032003422248e-05,2.1519386016048127e-06,9.31461652453521e-06,1.295505803810649e-06,1.2412926664303204e-05,1.0888028429234635e-06,6.355092120059408e-06,4.253614270698339e-07,4.613315748441807e-06,1.1052648117315033e-06
t5,steady_ewma,0.05,late,DtACI500,500,0.0016622050609164667,1.2130391964116338e-06,0.05066180999787078,0.0004245259198584427,0.0016641258424669137,6.526676157245075e-06,0.051148395175920146,0.0002190227294606238,0.004305437133613346,4.011538291144904e-05,7.921624294410705e-05,1.213039196411009e-06,3.09297417528724e-05,9.22067070945139e-07,3.3243142815824e-05,8.740983554681779e-07,2.7253654397782597e-05,6.019086404641851e-07,2.6926325802498806e-05,8.142686994607083e-07
t5,steady_ewma,0.05,late,InitialKupiecGate,500,0.0016318188983772445,8.597471625381658e-07,0.057405259920647864,0.00030578429552182226,0.0016332157583708194,6.410317150148752e-06,0.058032000000000014,0.00038712489375747133,0.0032417397062531085,2.817472407971367e-05,4.8830080404890386e-05,8.597471625380527e-07,5.435792136503996e-07,2.514888954862921e-07,2.856980276602005e-06,4.858210575953746e-07,-3.132508141439403e-06,5.859670876087965e-07,-3.459836736723196e-06,7.206890343808995e-07
t5,steady_ewma,0.05,late,PastSelectedRolling,500,0.0016352787351139677,1.1082032973340097e-06,0.04978106260655001,0.0003667157524944558,0.001635945652113817,6.394808612381195e-06,0.05005600000000001,0.0003235476691128786,0.0034594566685022276,3.894314059227761e-05,5.2289917141615454e-05,1.1082032973336918e-06,4.003415950373596e-06,7.583544631535255e-07,6.3168170133252005e-06,7.120844775442901e-07,3.273285952837932e-07,5.901010956056684e-07,0.0,0.0
t5,steady_ewma,0.05,late,Raw,500,0.0016312753191635942,8.324339436722216e-07,0.05817008191794228,0.000281352836284215,0.0016331539302497763,6.4318868651199105e-06,0.05891200000000001,0.0003855097242547715,0.0032083109451876046,2.624064908703779e-05,4.8286501191240214e-05,8.324339436720954e-07,0.0,0.0,2.3134010629516055e-06,4.7637983416303856e-07,-3.6760873550898022e-06,5.677532129045825e-07,-4.003415950373596e-06,7.583544631535255e-07
t5,steady_ewma,0.05,late,Rolling1000,500,0.0016306611544987001,9.291535309664042e-07,0.05025441034142173,0.00035129711528423066,0.0016316034857696085,6.366657207967851e-06,0.05050800000000001,0.0003488025206284977,0.003276563231081954,3.1699664733234585e-05,4.767233652634832e-05,9.291535309663151e-07,-6.141646648940066e-07,4.740054967480462e-07,1.6992363980575987e-06,4.2863811848642085e-07,-4.290252019983809e-06,3.5143270218874184e-07,-4.617580615267602e-06,5.656937022932458e-07
t5,steady_ewma,0.05,late,Rolling125,500,0.001664728382090664,1.4569061285818326e-06,0.04768726396994893,0.00039521202523143964,0.001666769759123296,6.642434140262736e-06,0.04773600000000001,0.00023726186880486624,0.004544902882319368,4.890845595044355e-05,8.173956411830434e-05,1.4569061285810461e-06,3.3453062927069994e-05,1.206826592299993e-06,3.5766463990021605e-05,1.0921626608314606e-06,2.9776975571980192e-05,9.745064678197593e-07,2.94496469766964e-05,1.0187279466098487e-06
t5,steady_ewma,0.05,late,Rolling250,500,0.0016447401528340046,1.147893990085571e-06,0.0478480986093448,0.0003946672094273608,0.001645897765404106,6.412127325958422e-06,0.04814800000000001,0.00025431780726914975,0.0038620510139754983,4.10487966512788e-05,6.175133486165037e-05,1.1478939900851303e-06,1.3464833670410595e-05,8.509549320362121e-07,1.57782347333622e-05,7.749231834692244e-07,9.788746315320794e-06,5.544610135207579e-07,9.461417720037e-06,7.51727344307015e-07
t5,steady_ewma,0.05,late,Rolling500,500,0.001634951406518684,9.818761319862254e-07,0.050196159439758886,0.00038988077966163717,0.001636225892892329,6.367370279401102e-06,0.050480000000000004,0.0003094555306516621,0.0034493382714089593,3.358560536179265e-05,5.1962588546331647e-05,9.818761319859144e-07,3.6760873550898022e-06,5.677532129045825e-07,5.989488418041408e-06,5.482006040316322e-07,0.0,0.0,-3.273285952837932e-07,5.901010956056684e-07
t5,steady_ewma,0.05,late,Static-CP,500,0.0016289619181006426,9.14428047892259e-07,0.04965673660729439,0.00034898413456395844,0.0016293687949886922,6.340082001175586e-06,0.05017200000000001,0.00043175183995277337,0.0032288285150262335,3.2175625072373564e-05,4.597310012829128e-05,9.144280478921399e-07,-2.3134010629516055e-06,4.7637983416303856e-07,0.0,0.0,-5.989488418041408e-06,5.482006040316322e-07,-6.3168170133252005e-06,7.120844775442901e-07
t5,steady_ewma,0.05,late,VolRolling250,500,0.001653646815987002,1.341236982074662e-06,0.047691915494517526,0.0003923694450432982,0.0016547292598472585,6.547931537442864e-06,0.047864000000000004,0.00024485693340330663,0.0041667340532433,4.611958060801534e-05,7.06579980146445e-05,1.341236982074026e-06,2.2371496823407802e-05,1.0417833738687338e-06,2.4684897886359403e-05,9.652528417987536e-07,1.8695409468318e-05,7.545001545582499e-07,1.8368080873034202e-05,8.900238762514792e-07
t5,steady_ewma,0.05,late,VolRolling500,500,0.0016411580283941692,1.0881809811506213e-06,0.05009793847075418,0.0003917031287756871,0.001642568630818363,6.443524671912486e-06,0.05039200000000001,0.0003047990763665596,0.003681435027941991,3.728389488747366e-05,5.8169210421816823e-05,1.0881809811503292e-06,9.882709230574997e-06,6.779251485646715e-07,1.2196110293526604e-05,6.347421034459331e-07,6.2066218754851956e-06,2.595210946960013e-07,5.879293280201402e-06,6.223009413695873e-07
t5,steady_ewma,0.05,middle,DtACI500,500,0.001664040320081344,1.302185447221891e-06,0.05204578091453645,0.00047059799893948696,0.0016593958622641404,7.625239757818963e-06,0.05081252005850764,0.00027373147449170855,0.0043260478673085795,4.3376644724187496e-05,8.105150210898345e-05,1.3021854472211773e-06,3.31581318729016e-05,9.896343267006113e-07,3.6514724779548e-05,9.200606924565049e-07,2.97895577096226e-05,6.753855425619062e-07,2.9413482794845604e-05,8.358976899421518e-07
t5,steady_ewma,0.05,middle,InitialKupiecGate,500,0.0016316769168264068,9.030502877570468e-07,0.05761415047931938,0.0003591384829570908,0.0016264698771786545,7.470422042330637e-06,0.056154666666666644,0.00048371215063001255,0.003249019997059081,3.1464227778885796e-05,4.8688098854055325e-05,9.030502877568998e-07,7.947286179643978e-07,2.7857910043393404e-07,4.151321524610806e-06,5.481236926258645e-07,-2.5738455453145997e-06,6.764794892962541e-07,-2.949920460091596e-06,7.470354758566205e-07
t5,steady_ewma,0.05,middle,PastSelectedRolling,500,0.0016346268372864983,1.1696020574115286e-06,0.05013217537491796,0.0004133628906436868,0.0016307323047784318,7.46171526504534e-06,0.048437333333333304,0.00039312921574420596,0.0034490825860679203,4.220666274891381e-05,5.1638019314145677e-05,1.1696020574112234e-06,3.7446490780559936e-06,7.913734768555617e-07,7.101241984702401e-06,6.574899969104851e-07,3.76074914776996e-07,5.555762608497089e-07,0.0,0.0
t5,steady_ewma,0.05,middle,Raw,500,0.001630882188208442,8.316923062887176e-07,0.05835083562981958,0.00032769316773483925,0.0016254248933798357,7.453434789057082e-06,0.056901333333333304,0.0004611044566833851,0.003209941215709698,2.8279248724754583e-05,4.7893370236090914e-05,8.316923062885932e-07,0.0,0.0,3.3565929066464073e-06,5.37316048523018e-07,-3.3685741632789976e-06,6.759114153487062e-07,-3.7446490780559936e-06,7.913734768555617e-07
t5,steady_ewma,0.05,middle,Rolling1000,500,0.0016299762908865256,9.86905851610817e-07,0.05026258767461207,0.00037804375504609726,0.0016260743247049824,7.377348078624977e-06,0.04885866666666664,0.0004132271460557301,0.0032756799515750003,3.6820299888316657e-05,4.698747291417506e-05,9.869058516106654e-07,-9.058973219166076e-07,5.620230359669672e-07,2.4506955847298e-06,3.620067066432341e-07,-4.2744714851956054e-06,3.8247767398871535e-07,-4.650546399972601e-06,5.480744367284082e-07
t5,steady_ewma,0.05,middle,Rolling125,500,0.001665754224110067,1.7031790852995103e-06,0.04911895309119393,0.0004575691179299739,0.0016602476307982087,7.7899942241282e-06,0.047967999999999976,0.0002842024800294067,0.004523729139278999,5.54102588284301e-05,8.27654061377029e-05,1.7031790852987476e-06,3.48720359016248e-05,1.431624354298502e-06,3.822862880827121e-05,1.3160593147937702e-06,3.15034617383458e-05,1.1871855483979032e-06,3.1127386823568804e-05,1.229240512401796e-06
t5,steady_ewma,0.05,middle,Rolling250,500,0.0016437560891141257,1.2321199014389836e-06,0.048740708831493534,0.00045430232121210576,0.0016408583112635898,7.508670817637924e-06,0.04758933333333331,0.00031244440200140785,0.0038143127273709406,4.51691171230422e-05,6.076727114177059e-05,1.2321199014385747e-06,1.28739009056836e-05,9.087731323437479e-07,1.6230493812330008e-05,7.570651800138759e-07,9.505326742404601e-06,5.575415385550354e-07,9.129251827627607e-06,7.200362528095045e-07
t5,steady_ewma,0.05,middle,Rolling500,500,0.0016342507623717214,1.055410981366042e-06,0.05052695793151076,0.0004353843984129811,0.0016306716209879078,7.429705297962759e-06,0.04919466666666664,0.00038806135498199365,0.003434710343558324,3.893360279399794e-05,5.12619443993685e-05,1.055410981365724e-06,3.3685741632789976e-06,6.759114153487062e-07,6.725167069925405e-06,5.611605019848681e-07,0.0,0.0,-3.76074914776996e-07,5.555762608497089e-07
t5,steady_ewma,0.05,middle,Static-CP,500,0.0016275255953017958,9.566663183536738e-07,0.04971186501386255,0.00034933844137550134,0.0016246691733226833,7.339756520078308e-06,0.0484053333333333,0.0004904161307460481,0.003179551810871754,3.590034840418368e-05,4.453677732944137e-05,9.566663183534538e-07,-3.3565929066464073e-06,5.37316048523018e-07,0.0,0.0,-6.725167069925405e-06,5.611605019848681e-07,-7.101241984702401e-06,6.574899969104851e-07
t5,steady_ewma,0.05,middle,VolRolling250,500,0.0016521807963491449,1.460221681305956e-06,0.04857016311400088,0.0004513442853664656,0.001649162055743431,7.669268715299295e-06,0.0473493333333333,0.0003161213164383996,0.004106189090767886,5.110637795776081e-05,6.919197837678843e-05,1.4602216813053077e-06,2.12986081407026e-05,1.1125751149625431e-06,2.465520104734901e-05,9.564017029258198e-07,1.7930033977423603e-05,7.764464001034033e-07,1.7553959062646604e-05,9.00363676617634e-07
t5,steady_ewma,0.05,middle,VolRolling500,500,0.0016403825888943895,1.2220830623939439e-06,0.0504305988171773,0.0004404307099600923,0.0016366852611347988,7.54650361130144e-06,0.049151999999999973,0.0003862592191375339,0.0036644316026477604,4.409799517160392e-05,5.7393770922034744e-05,1.2220830623935223e-06,9.500400685947198e-06,8.227174754262514e-07,1.2856993592593604e-05,6.889769540644371e-07,6.1318265226681995e-06,3.1074923469484095e-07,5.7557516078912035e-06,6.380685975536415e-07
t5,steady_ewma,0.05,post,DtACI500,500,0.0016635975827738805,9.009593925063267e-07,0.05134065145037357,0.0003178597876116387,0.001663375495048473,4.7985556803351195e-06,0.0511244490016634,0.00010562052278146776,0.00432943982331207,2.9809109088595272e-05,8.060876480152297e-05,9.0095939250569e-07,3.23542619027036e-05,7.029844302593305e-07,3.51748596157104e-05,6.632412015549603e-07,2.8904220148559e-05,4.485983815982822e-07,2.8376023148941e-05,6.348692228952016e-07
t5,steady_ewma,0.05,post,InitialKupiecGate,500,0.0016319040751084746,5.987490320007592e-07,0.05751000311602722,0.0002468312287567187,0.0016314173139906837,4.671700378945064e-06,0.05728000000000002,0.00030695870617167574,0.003248413615895803,2.0746514544602185e-05,4.891525713612478e-05,5.987490320006433e-07,6.60754237297799e-07,2.077770017502608e-07,3.481351950304601e-06,3.953345959029386e-07,-2.789287516846802e-06,4.5150310126368454e-07,-3.3174845164648036e-06,5.990550965447714e-07
t5,steady_ewma,0.05,post,PastSelectedRolling,500,0.0016352215596249393,8.438863737531695e-07,0.04994599148732607,0.00029758639823163947,0.0016345296767044503,4.709229926463594e-06,0.04942600000000001,0.00018882891918729742,0.0034610766538913174,3.0403858364241573e-05,5.223274165259047e-05,8.438863737528743e-07,3.978238753762603e-06,6.270985184708451e-07,6.798836466769404e-06,5.825689495311045e-07,5.281969996180015e-07,4.959841931251449e-07,0.0,0.0
t5,steady_ewma,0.05,post,Raw,500,0.0016312433208711767,5.50541521012251e-07,0.058283720843142664,0.00021229569923278624,0.0016309162463207755,4.6789709144944485e-06,0.058168000000000004,0.0002830260756874498,0.003213142518247972,1.8075539598625648e-05,4.825450289882695e-05,5.505415210121959e-07,0.0,0.0,2.820597713006802e-06,3.7741238775774585e-07,-3.450041754144601e-06,4.307830100887529e-07,-3.978238753762603e-06,6.270985184708451e-07
t5,steady_ewma,0.05,post,Rolling1000,500,0.0016303922349727577,6.427049421339019e-07,0.050247576867212984,0.0002861850562811885,0.0016300380395779675,4.647213318813965e-06,0.049884,0.0002092574140398885,0.003277718734061974,2.2984319571642754e-05,4.7403417000409226e-05,6.427049421337912e-07,-8.510858984189951e-07,3.566373882510844e-07,1.969511814587807e-06,2.9396385011036364e-07,-4.301127652563596e-06,2.474327099209277e-07,-4.8293246521815985e-06,5.015953837884222e-07
t5,steady_ewma,0.05,post,Rolling125,500,0.0016653164848727307,1.0469082841455652e-06,0.04826946821809053,0.0002911162734163458,0.0016648686992554395,4.87143136116441e-06,0.047884,0.0001436605886437158,0.004545744149803115,3.49762888578177e-05,8.232766690036967e-05,1.0469082841448954e-06,3.407316400155399e-05,8.813528601519965e-07,3.6893761714560805e-05,8.064993578267848e-07,3.06231222474094e-05,6.968351855579944e-07,3.0094925247791395e-05,7.964694657300252e-07
t5,steady_ewma,0.05,post,Rolling250,500,0.0016443304068098276,8.026389961697423e-07,0.048186523466466014,0.00029107043724565417,0.001644556164163646,4.717868848996324e-06,0.047976,0.00014414021229900838,0.0038433464484696413,2.9344179787757682e-05,6.134158883747724e-05,8.026389961695595e-07,1.3087085938650795e-05,6.089843011887341e-07,1.5907683651657595e-05,5.403391094790767e-07,9.637044184506193e-06,3.6599915612676026e-07,9.108847184888192e-06,5.738957122326329e-07
t5,steady_ewma,0.05,post,Rolling500,500,0.0016346933626253213,6.880460235294225e-07,0.050323846588261056,0.00030246080267064707,0.0016344973544267507,4.674252085150266e-06,0.049978,0.00016039477849961287,0.0034445060684570815,2.4482703173374956e-05,5.170454465297299e-05,6.880460235292408e-07,3.450041754144601e-06,4.307830100887529e-07,6.270639467151403e-06,4.0122797343675243e-07,0.0,0.0,-5.281969996180015e-07,4.959841931251449e-07
t5,steady_ewma,0.05,post,Static-CP,500,0.0016284227231581699,6.429378060522252e-07,0.0497093408639382,0.0002974819086564863,0.001628230261903789,4.628765386489025e-06,0.04952600000000001,0.0003542055492821711,0.003210162615229976,2.3748669530261328e-05,4.543390518582084e-05,6.429378060520854e-07,-2.820597713006802e-06,3.7741238775774585e-07,0.0,0.0,-6.270639467151403e-06,4.0122797343675243e-07,-6.798836466769404e-06,5.825689495311045e-07
t5,steady_ewma,0.05,post,VolRolling250,500,0.0016530885027248499,9.437609310262696e-07,0.04802641214060838,0.0002889668634766233,0.0016532557971287818,4.822076195476147e-06,0.047708,0.00014070204736344293,0.004144842802852334,3.305034111765596e-05,7.009968475249668e-05,9.437609310258643e-07,2.18451818536732e-05,7.447362641932254e-07,2.466577956668e-05,6.757672490725126e-07,1.83951400995286e-05,5.207515378342649e-07,1.7866943099910597e-05,6.776188014775441e-07
t5,steady_ewma,0.05,post,VolRolling500,500,0.0016408948396073265,7.751638663961497e-07,0.050238764421441456,0.00030205773807790744,0.0016407080879081758,4.741078889533857e-06,0.04991600000000001,0.00016323964703689314,0.003676023505513616,2.750875291711432e-05,5.790602163497795e-05,7.751638663959968e-07,9.651518736150004e-06,5.166127213207825e-07,1.2472116449156806e-05,4.770609679218729e-07,6.201476982005403e-06,2.120874787007794e-07,5.673279982387401e-06,5.270007857543186e-07
t5,steady_ewma,0.05,pre,DtACI500,500,0.0016682731332132996,1.5859836920610508e-06,0.05185886660710615,0.0005126217725341688,0.0016547877347915074,8.96647159367005e-06,0.051325830819740306,0.00035034929505997755,0.004442213719731073,5.074577354546448e-05,8.528431524093708e-05,1.5859836920602976e-06,3.7310454978706606e-05,1.2539618927391909e-06,4.02935076835056e-05,1.100087784148994e-06,3.5006908740488204e-05,8.709917391366986e-07,3.286459410016961e-05,1.0853876969178062e-06
t5,steady_ewma,0.05,pre,InitialKupiecGate,500,0.0016327485982119193,1.2875352146049115e-06,0.05742807099462564,0.0004455817300553401,0.001617805977323693,8.828851450260494e-06,0.056352000000000006,0.0006219564709072547,0.0032755622226217436,4.205017132699433e-05,4.9759780239566e-05,1.2875352146045264e-06,1.7859199773262005e-06,5.641952245822206e-07,4.768972682125202e-06,7.338308875135789e-07,-5.176262608922021e-07,8.122646408022485e-07,-2.6599409012108017e-06,9.952392685541547e-07
t5,steady_ewma,0.05,pre,PastSelectedRolling,500,0.0016354085391131299,1.5142816799209361e-06,0.04983256153133001,0.00047168375034218517,0.0016213982357664034,8.79896043578208e-06,0.04899200000000001,0.0005104596066487926,0.003460109365128131,5.365242421101225e-05,5.2419721140776286e-05,1.5142816799204618e-06,4.445860878537002e-06,1.135683761900969e-06,7.4289135833360035e-06,9.076602728145151e-07,2.1423146403185996e-06,8.440368898243502e-07,0.0,0.0
t5,steady_ewma,0.05,pre,Raw,500,0.001630962678234593,1.1187255001577683e-06,0.058508710973935237,0.00038987042390809575,0.0016164929507946927,8.837653409615538e-06,0.05740000000000001,0.000596570022363818,0.0031981697117580603,3.580787393174656e-05,4.797386026224058e-05,1.1187255001574365e-06,0.0,0.0,2.9830527047990018e-06,5.982841842861869e-07,-2.3035462382184026e-06,7.640800174637852e-07,-4.445860878537002e-06,1.135683761900969e-06
t5,steady_ewma,0.05,pre,Rolling1000,500,0.0016291494490641386,1.1958985687718627e-06,0.05017409401859655,0.0004090989914107197,0.0016156823418223432,8.718612626172157e-06,0.04928800000000001,0.0004995329602305673,0.0032298215761631575,4.202793510911311e-05,4.6160631091788574e-05,1.1958985687715769e-06,-1.8132291704541998e-06,6.01241774428151e-07,1.169823534344802e-06,1.9511164861217424e-07,-4.1167754086726025e-06,4.1299573531597213e-07,-6.259090048991202e-06,8.695345792460648e-07
t5,steady_ewma,0.05,pre,Rolling125,500,0.0016618027785824244,1.869706794819335e-06,0.04825888738544501,0.0005589111133236294,0.0016487664682532151,9.028108337161406e-06,0.047816000000000004,0.0003947504830747843,0.004449189132092392,6.400921907451778e-05,7.881396061006222e-05,1.8697067948185944e-06,3.0840100347831596e-05,1.5871704222159598e-06,3.3823153052630605e-05,1.398132735638321e-06,2.8536554109613197e-05,1.2508443313932718e-06,2.6394239469294595e-05,1.207487076600361e-06
t5,steady_ewma,0.05,pre,Rolling250,500,0.0016435287327876973,1.5618413586641707e-06,0.04828149661803437,0.0005282779561027824,0.0016303044110614069,8.83532500575745e-06,0.047832000000000006,0.00044845711005526295,0.0038103389728932767,5.5495111227690974e-05,6.053991481534239e-05,1.5618413586635717e-06,1.2566054553104192e-05,1.1770236846370584e-06,1.5549107257903195e-05,9.520560458858226e-07,1.0262508314885791e-05,7.371142717752828e-07,8.120193674567191e-06,8.204099750005153e-07
t5,steady_ewma,0.05,pre,Rolling500,500,0.0016332662244728116,1.2756923205079758e-06,0.050124706145897036,0.0004646829174378106,0.0016194754382771674,8.731486009837337e-06,0.04924800000000001,0.0004951599324636787,0.003390419140708243,4.551574990560588e-05,5.027740650045708e-05,1.2756923205076165e-06,2.3035462382184026e-06,7.640800174637852e-07,5.2865989430174036e-06,5.021808445950589e-07,0.0,0.0,-2.1423146403185996e-06,8.440368898243502e-07
t5,steady_ewma,0.05,pre,Static-CP,500,0.0016279796255297939,1.1999218696129596e-06,0.049913870387277175,0.00041133357446348866,0.0016143283564589983,8.696972489729862e-06,0.049016000000000004,0.0005733838383248207,0.0031843976513679295,4.2238747185426904e-05,4.499080755744315e-05,1.1999218696126843e-06,-2.9830527047990018e-06,5.982841842861869e-07,0.0,0.0,-5.2865989430174036e-06,5.021808445950589e-07,-7.4289135833360035e-06,9.076602728145151e-07
t5,steady_ewma,0.05,pre,VolRolling250,500,0.001652018282117525,1.849291104641758e-06,0.04816363955075005,0.0005274393609684114,0.001638382387233849,9.008599005817085e-06,0.04753600000000001,0.000438709859339134,0.004102604570846155,6.33554714563741e-05,6.902946414516609e-05,1.8492911046410861e-06,2.1055603882931803e-05,1.4486954846985842e-06,2.4038656587730802e-05,1.2263688274935404e-06,1.8752057644713397e-05,1.0166606928183646e-06,1.66097430043948e-05,1.032209514571887e-06
t5,steady_ewma,0.05,pre,VolRolling500,500,0.0016394234496976924,1.4560779710183778e-06,0.05007342707000248,0.00047411048419761736,0.0016255645819078116,8.833040483382005e-06,0.04924800000000001,0.0004986444470453254,0.0036210851919863656,5.1039676477777614e-05,5.643463172533883e-05,1.4560779710179054e-06,8.460771463099403e-06,9.382855381892054e-07,1.1443824167898406e-05,6.651193756336452e-07,6.157225224881002e-06,3.2619474179986124e-07,4.014910584562402e-06,9.124172756296695e-07
