model,asset,alpha,n_test,qV,pihat_raw,p_kup_raw,miscal_raw,QS_raw,QS_static,QS_roll,pihat_static,pihat_roll,pihat_cal,p_kup_cal,TL_cal,TL_raw,TL_static,TL_roll,dQS_static,dQS_roll,rel_static,rel_roll,U,C,S
Chronos-Small,SP500,0.01,1824,0.031166722407904,0.3930921052631579,0.0,0.3830921052631579,0.0033582767580053,0.0005611056431236,0.0005893312482333,0.0131578947368421,0.0137061403508771,0.3603667136812412,0.0,Red,Red,Green,Green,0.0027971711148816,0.0027689455097719,0.8329185818928884,0.8245137936209307,True,True,True
Chronos-Small,STOXX,0.01,1498,0.0344355987433157,0.4005340453938584,0.0,0.3905340453938584,0.0027942782677583,0.0003863922336346,0.0004583714474872,0.0046728971962616,0.0066755674232309,0.3859799713876967,0.0,Red,Red,Green,Green,0.0024078860341237,0.0023359068202711,0.8617202022815776,0.8359607012744082,True,True,True
Chronos-Small,GDAXI,0.01,1843,0.0395830674936187,0.385241454150841,0.0,0.375241454150841,0.0032760550903,0.0005131792483363,0.0005390402550828,0.0054259359739555,0.0103092783505154,0.3752035357059781,0.0,Red,Red,Green,Green,0.0027628758419636,0.0027370148352171,0.8433545119995708,0.8354605645433474,True,True,True
Chronos-Small,FCHI,0.01,1856,0.0360398217600515,0.40625,0.0,0.39625,0.0033374524706728,0.0005203950811941,0.0005546146349873,0.0102370689655172,0.0091594827586206,0.3762124711316397,0.0,Red,Red,Green,Green,0.0028170573894786,0.0027828378356854,0.8440741596271255,0.8338209637857226,True,True,True
Chronos-Small,FTSE100,0.01,1833,0.0303292177099924,0.3731587561374795,0.0,0.3631587561374795,0.0025919575871696,0.0004610687338511,0.0004981154154487,0.011456628477905,0.0081833060556464,0.3803508771929824,0.0,Red,Red,Green,Green,0.0021308888533184,0.0020938421717208,0.8221156333215253,0.8078226982129306,True,True,True
Chronos-Small,ICLN,0.01,1185,0.0421235272705617,0.3721518987341772,0.0,0.3621518987341772,0.0041501482311612,0.0005196155790968,0.0005640920448392,0.0059071729957805,0.0059071729957805,0.3816075307748008,0.0,Red,Red,Green,Green,0.0036305326520643,0.0035860561863219,0.8747958988078294,0.8640790609347819,True,True,True
Chronos-Small,NIKKEI,0.01,1772,0.038378394714549,0.3905191873589165,0.0,0.3805191873589165,0.003658194613931,0.0005469759374265,0.0005549731961406,0.0079006772009029,0.0073363431151241,0.3761490082244799,0.0,Red,Red,Green,Green,0.0031112186765044,0.0031032214177903,0.8504792677394484,0.8482931460159983,True,True,True
Chronos-Small,HSI,0.01,1784,0.0389065457803636,0.3806053811659193,0.0,0.3706053811659193,0.0039298696013626,0.0005546896526858,0.0006017648239745,0.0067264573991031,0.0100896860986547,0.3711538461538461,0.0,Red,Red,Green,Green,0.0033751799486767,0.003328104777388,0.8588529114315874,0.8468740988846182,True,True,True
Chronos-Small,BOVESPA,0.01,1794,0.0418381945086304,0.3812709030100334,0.0,0.3712709030100334,0.0037519491318614,0.0007097330798421,0.0006588710942508,0.007803790412486,0.0094760312151616,0.3858098423315814,0.0,Red,Red,Green,Green,0.0030422160520193,0.0030930780376106,0.8108361667765992,0.8243923168745242,True,True,True
Chronos-Small,NIFTY,0.01,1208,0.0242198267630135,0.4263245033112582,0.0,0.4163245033112582,0.0026063345317976,0.0003219936675442,0.0003341909012741,0.0066225165562913,0.0074503311258278,0.3750887154009936,0.0,Red,Red,Green,Green,0.0022843408642534,0.0022721436305235,0.8764572760649737,0.8717774340949106,True,True,True
Chronos-Small,ASX200,0.01,1833,0.0264795140577378,0.4184397163120567,0.0,0.4084397163120567,0.0029985664212519,0.0004631911433617,0.0004258971816289,0.0103655210038188,0.0092744135297326,0.3851730589335828,0.0,Red,Red,Green,Green,0.0025353752778902,0.002572669239623,0.8455291368305382,0.8579664006738468,True,True,True
Chronos-Small,CBU0,0.01,976,0.0080380616830348,0.353483606557377,0.0,0.343483606557377,0.0011584998294083,0.000175722430959,0.0001477202639204,0.0297131147540983,0.0061475409836065,0.4312692138779095,0.0,Red,Red,Yellow,Green,0.0009827773984492,0.0010107795654878,0.8483189841738507,0.8724900425787009,True,True,True
Chronos-Small,TLT,0.01,1631,0.019462675096885,0.4022072348252605,0.0,0.3922072348252605,0.0028033566588866,0.0003300126926544,0.0003673938069549,0.0177805027590435,0.0067443286327406,0.3878516960294504,0.0,Red,Red,Yellow,Green,0.0024733439662322,0.0024359628519317,0.8822794482434926,0.8689450356627779,True,True,True
Chronos-Small,IBGL,0.01,1226,0.0190969055663022,0.3849918433931484,0.0,0.3749918433931484,0.0022722250377529,0.0002439221279227,0.0002416418888765,0.0089722675367047,0.0081566068515497,0.3807692307692307,0.0,Red,Red,Green,Green,0.0020283029098302,0.0020305831488764,0.8926505412668455,0.8936540682099519,True,True,True
Chronos-Small,DJCI,0.01,693,0.0185792424719598,0.391053391053391,0.0,0.381053391053391,0.0027641033397365,0.0004492154946674,0.0003960187156548,0.0303030303030303,0.0158730158730158,0.3883735312306741,0.0,Red,Red,Yellow,Green,0.002314887845069,0.0023680846240817,0.8374823805573446,0.8567279631113224,True,True,True
Chronos-Small,GOLD,0.01,1770,0.0311264343355035,0.3853107344632768,0.0,0.3753107344632768,0.003071707566588,0.0004656614496487,0.0004515529808851,0.007909604519774,0.011864406779661,0.3813908408044584,0.0,Red,Red,Green,Green,0.0026060461169392,0.0026201545857029,0.8484030658667122,0.8529961036015266,True,True,True
Chronos-Small,WTI,0.01,1772,0.0551972707886738,0.4125282167042889,0.0,0.4025282167042889,0.0082326813536436,0.0014635903847338,0.0014436698085293,0.0253950338600451,0.0084650112866817,0.3872216844143272,0.0,Red,Red,Yellow,Green,0.0067690909689097,0.0067890115451142,0.8222219078009011,0.8246416025939827,True,True,True
Chronos-Small,NATGAS,0.01,1771,0.0705492331125286,0.3862224731789949,0.0,0.3762224731789949,0.0117486923495883,0.001881438748958,0.0016639714189633,0.0282326369282891,0.010163749294184,0.3701282982328734,0.0,Red,Red,Yellow,Green,0.0098672536006302,0.010084720930625,0.8398597313662747,0.8583696491957565,True,True,True
Chronos-Small,BTC,0.01,1107,0.1076154902177485,0.3387533875338753,0.0,0.3287533875338753,0.0058610451379718,0.0011800301933302,0.0009145112043525,0.000903342366757,0.007226738934056,0.3560635412630763,0.0,Red,Red,Green,Green,0.0046810149446415,0.0049465339336192,0.7986655680767156,0.8439678960280128,True,True,True
Chronos-Small,ETH,0.01,762,0.1261646028124714,0.39501312335958,0.0,0.38501312335958,0.0104381071076962,0.001398603945432,0.0013846831948612,0.0039370078740157,0.0131233595800524,0.3603603603603603,0.0,Red,Red,Green,Green,0.0090395031622642,0.009053423912835,0.8660098108783721,0.8673434579110358,True,True,True
Chronos-Small,EURUSD,0.01,1582,0.0154140081092864,0.3849557522123893,0.0,0.3749557522123893,0.001277966179458,0.0001751501355325,0.0001655814019152,0.0025284450063211,0.0082174462705436,0.3816752507454595,0.0,Red,Red,Green,Green,0.0011028160439255,0.0011123847775428,0.8629461887584338,0.870433658905228,True,True,True
Chronos-Small,GBPUSD,0.01,1585,0.0152031770628759,0.3848580441640378,0.0,0.3748580441640378,0.0014955882167032,0.0002029758657124,0.0002008654942718,0.0056782334384858,0.0088328075709779,0.3831800973499188,0.0,Red,Red,Green,Green,0.0012926123509907,0.0012947227224313,0.8642835885937357,0.8656946530946554,True,True,True
Chronos-Small,USDJPY,0.01,1888,0.0167330831119531,0.3919491525423729,0.0,0.3819491525423729,0.001605538779527,0.0002197511044957,0.0002374805017625,0.0074152542372881,0.0111228813559322,0.3867817397229162,0.0,Red,Red,Green,Green,0.0013857876750313,0.0013680582777644,0.8631293698427865,0.8520867232913867,True,True,True
Chronos-Small,AUDUSD,0.01,1395,0.0216318632571926,0.382078853046595,0.0,0.372078853046595,0.0017762818418232,0.0002547314532885,0.0002390999114218,0.0007168458781362,0.0078853046594982,0.3929889298892989,0.0,Red,Red,Green,Green,0.0015215503885346,0.0015371819304013,0.8565928856047498,0.8653930329116748,True,True,True
Chronos-Mini,SP500,0.01,1824,0.0324262950359257,0.394188596491228,0.0,0.384188596491228,0.0031881215226645,0.0004607470391106,0.0004891912427378,0.0098684210526315,0.0131578947368421,0.3928067700987306,0.0,Red,Red,Green,Green,0.0027273744835538,0.0026989302799266,0.8554800888751689,0.8465581568142211,True,True,True
Chronos-Mini,STOXX,0.01,1498,0.0359080335531963,0.4052069425901201,0.0,0.3952069425901201,0.0028296668254458,0.0003962408468912,0.0004604870118611,0.0046728971962616,0.0060080106809078,0.4071530758226037,0.0,Red,Red,Green,Green,0.0024334259785546,0.0023691798135846,0.8599690806959854,0.8372645826285114,True,True,True
Chronos-Mini,GDAXI,0.01,1843,0.0411064567169019,0.4074877916440586,0.0,0.3974877916440586,0.0034445298932109,0.0005161032340377,0.0005308595576384,0.0048833423765599,0.0103092783505154,0.4054431263084438,0.0,Red,Red,Green,Green,0.0029284266591731,0.0029136703355724,0.8501672942206148,0.8458833065479389,True,True,True
Chronos-Mini,FCHI,0.01,1856,0.0378795796003128,0.4116379310344827,0.0,0.4016379310344827,0.0033904921793845,0.0005253758659991,0.0005607087684434,0.0086206896551724,0.0096982758620689,0.4083140877598152,0.0,Red,Red,Green,Green,0.0028651163133854,0.002829783410941,0.8450443657727261,0.8346231936906408,True,True,True
Chronos-Mini,FTSE100,0.01,1833,0.0307492088225881,0.4048008728859792,0.0,0.3948008728859792,0.0027703850280562,0.0004624386355888,0.0005008410437802,0.011456628477905,0.0087288597926895,0.4063157894736842,0.0,Red,Red,Green,Green,0.0023079463924674,0.002269543984276,0.833077846253993,0.8192160877610465,True,True,True
Chronos-Mini,ICLN,0.01,1185,0.0427032551402367,0.4236286919831223,0.0,0.4136286919831223,0.0048053018956072,0.0005177053218892,0.0005741154774389,0.0067510548523206,0.0050632911392405,0.4131064446053584,0.0,Red,Red,Green,Green,0.0042875965737179,0.0042311864181683,0.8922637259560009,0.8805245768296608,True,True,True
Chronos-Mini,NIKKEI,0.01,1772,0.039270611287087,0.4204288939051919,0.0,0.4104288939051919,0.0040082811888416,0.0005429211329945,0.0005512884106054,0.0084650112866817,0.0073363431151241,0.4141267537493953,0.0,Red,Red,Green,Green,0.0034653600558471,0.0034569927782361,0.86455013822235,0.8624626405602078,True,True,True
Chronos-Mini,HSI,0.01,1784,0.0376807096709936,0.4198430493273543,0.0,0.4098430493273542,0.0044689435091856,0.0005380367570907,0.0005794404760803,0.007286995515695,0.0089686098654708,0.4096153846153846,0.0,Red,Red,Green,Green,0.0039309067520949,0.0038895030331053,0.8796053796641523,0.8703406129682887,True,True,True
Chronos-Mini,BOVESPA,0.01,1794,0.043729029913938,0.4096989966555184,0.0,0.3996989966555184,0.0039304160383695,0.0006298828914738,0.0006281594934477,0.0044593088071348,0.007803790412486,0.4221213569039655,0.0,Red,Red,Green,Green,0.0033005331468956,0.0033022565449217,0.8397414204183862,0.8401798976710091,True,True,True
Chronos-Mini,NIFTY,0.01,1208,0.0259641485664293,0.4221854304635761,0.0,0.4121854304635761,0.0025637659235464,0.0003264927316759,0.0003300295807788,0.0041390728476821,0.0074503311258278,0.4084457061745919,0.0,Red,Red,Green,Green,0.0022372731918704,0.0022337363427676,0.8726511150345814,0.8712715627633021,True,True,True
Chronos-Mini,ASX200,0.01,1833,0.0252127237444315,0.4168030551009274,0.0,0.4068030551009274,0.0029493745872828,0.000448052562772,0.0004358542252614,0.0103655210038188,0.0098199672667757,0.4200187090739008,0.0,Red,Red,Green,Green,0.0025013220245108,0.0025135203620214,0.8480855688172103,0.8522214753118357,True,True,True
Chronos-Mini,CBU0,0.01,976,0.0083172451473057,0.4190573770491803,0.0,0.4090573770491803,0.0013800126898976,0.0001793486044408,0.0001481969816493,0.0297131147540983,0.0071721311475409,0.466403162055336,0.0,Red,Red,Yellow,Green,0.0012006640854567,0.0012318157082483,0.8700384382304774,0.8926118703587416,True,True,True
Chronos-Mini,TLT,0.01,1631,0.0200346036334162,0.4481912936848559,0.0,0.4381912936848559,0.0032951413502865,0.0003664838078279,0.0003857610725855,0.0196198651134273,0.0073574494175352,0.4201945832237707,0.0,Red,Red,Yellow,Green,0.0029286575424586,0.002909380277701,0.8887805502498278,0.8829303415005308,True,True,True
Chronos-Mini,IBGL,0.01,1226,0.0199181954240193,0.4371941272430669,0.0,0.4271941272430669,0.0026110599168183,0.0002453348835352,0.0002447232805663,0.0089722675367047,0.0081566068515497,0.4104895104895105,0.0,Red,Red,Green,Green,0.0023657250332831,0.002366336636252,0.9060401172891428,0.9062743528059212,True,True,True
Chronos-Mini,DJCI,0.01,693,0.0197758948041617,0.4054834054834055,0.0,0.3954834054834055,0.0029881914012385,0.0004382897043462,0.0003884410217624,0.0274170274170274,0.0158730158730158,0.4285714285714285,0.0,Red,Red,Yellow,Green,0.0025499016968922,0.0025997503794761,0.8533260941168,0.8700079848963379,True,True,True
Chronos-Mini,GOLD,0.01,1770,0.0316796073697911,0.415819209039548,0.0,0.405819209039548,0.0032944337097241,0.0004618833177853,0.0004495210742999,0.007909604519774,0.0124293785310734,0.4250060576690089,0.0,Red,Red,Green,Green,0.0028325503919387,0.0028449126354242,0.8597988733474764,0.8635513372228265,True,True,True
Chronos-Mini,WTI,0.01,1772,0.0559897566449791,0.4266365688487584,0.0,0.4166365688487584,0.0084804732286795,0.0014202190973886,0.001442556415476,0.0237020316027088,0.0084650112866817,0.4172313649564375,0.0,Red,Red,Yellow,Green,0.0070602541312908,0.0070379168132034,0.8325306785256165,0.8298967078160683,True,True,True
Chronos-Mini,NATGAS,0.01,1771,0.0763851339138,0.4285714285714285,0.0,0.4185714285714285,0.0132116912269895,0.0018394432889919,0.0016711452331414,0.0271033314511575,0.0090344438170525,0.429920116194626,0.0,Red,Red,Yellow,Green,0.0113722479379975,0.011540545993848,0.860771550183204,0.8735101203600957,True,True,True
Chronos-Mini,BTC,0.01,1107,0.1093308046365461,0.4010840108401084,0.0,0.3910840108401084,0.0067689466509374,0.0011749392680892,0.0009171612484234,0.000903342366757,0.008130081300813,0.383572258814413,0.0,Red,Red,Green,Green,0.0055940073828482,0.005851785402514,0.8264221408915248,0.8645045831028377,True,True,True
Chronos-Mini,ETH,0.01,762,0.1312263188759762,0.4291338582677165,0.0,0.4191338582677165,0.0115973826180071,0.0014257364205559,0.001397101343856,0.0039370078740157,0.0131233595800524,0.3969594594594595,0.0,Red,Red,Green,Green,0.0101716461974512,0.010200281274151,0.87706394903776,0.879533047250957,True,True,True
Chronos-Mini,EURUSD,0.01,1582,0.0162253932652264,0.4393173198482933,0.0,0.4293173198482933,0.0014158411392104,0.0001782057636351,0.0001660576964863,0.0025284450063211,0.0082174462705436,0.4161019246408241,0.0,Red,Red,Green,Green,0.0012376353755752,0.0012497834427241,0.8741343511641636,0.8827144572314275,True,True,True
Chronos-Mini,GBPUSD,0.01,1585,0.0153320363626719,0.4290220820189274,0.0,0.4190220820189274,0.0016572326386459,0.0002007893550057,0.0001994485793824,0.0050473186119873,0.0094637223974763,0.4248242293131422,0.0,Red,Red,Green,Green,0.0014564432836402,0.0014577840592635,0.8788405741454611,0.8796496190508434,True,True,True
Chronos-Mini,USDJPY,0.01,1888,0.0169221911584233,0.4152542372881356,0.0,0.4052542372881356,0.001700935363191,0.0002178949077553,0.0002346751092528,0.0084745762711864,0.0116525423728813,0.4224392459686577,0.0,Red,Red,Green,Green,0.0014830404554357,0.0014662602539382,0.8718970088630651,0.8620317301108071,True,True,True
Chronos-Mini,AUDUSD,0.01,1395,0.0225054405410518,0.421505376344086,0.0,0.411505376344086,0.0020023558565498,0.0002572986046722,0.0002373142499637,0.0007168458781362,0.0086021505376344,0.4280442804428044,0.0,Red,Red,Green,Green,0.0017450572518776,0.001765041606586,0.8715020590218395,0.8814824801558043,True,True,True
TimesFM-2.5,SP500,0.01,1824,0.0038626757775037,0.019188596491228,0.0004634626088371,0.009188596491228,0.0004664781511644,0.0004473413591711,0.0004835496167831,0.0109649122807017,0.0115131578947368,0.0169252468265162,3.6170851791972325e-05,Yellow,Yellow,Green,Green,1.9136791993243395e-05,-1.7071465618746914e-05,0.0410239835359375,-0.0365964956260727,True,True,True
TimesFM-2.5,STOXX,0.01,1498,0.0045332067164032,0.0120160213618157,0.4471908317652789,0.0020160213618157,0.0003621816007062,0.0003689054842029,0.0004295991243056,0.0060080106809078,0.0093457943925233,0.0183118741058655,9.64710575446226e-06,Yellow,Green,Green,Green,-6.7238834966817755e-06,-6.741752359939513e-05,-0.0185649505208701,-0.1861428727133697,False,False,False
TimesFM-2.5,GDAXI,0.01,1843,0.0033285771536158,0.0189907759088442,0.000559318026858,0.0089907759088442,0.0004805931901231,0.0004627326729032,0.000514898638417,0.0119370591427021,0.0103092783505154,0.017213305419865,1.6249974053916816e-05,Yellow,Yellow,Green,Green,1.786051721987985e-05,-3.43054482939575e-05,0.0371634837674353,-0.0713814698147726,True,True,True
TimesFM-2.5,FCHI,0.01,1856,0.0037894994067155,0.015625,0.0244266281059679,0.005625,0.0004695212672565,0.0004591432355004,0.0005085133537451,0.0107758620689655,0.0091594827586206,0.0161662817551963,0.0001813953033446,Yellow,Green,Green,Green,1.0378031756088117e-05,-3.8992086488627846e-05,0.0221034327512517,-0.083046475650528,False,True,True
TimesFM-2.5,FTSE100,0.01,1833,0.0029150162635849,0.0158210583742498,0.020952319537169,0.0058210583742498,0.0004152556682173,0.0004083099248448,0.0004547184188833,0.0092744135297326,0.0098199672667757,0.0173099415204678,1.3501430183859853e-05,Yellow,Green,Green,Green,6.94574337249264e-06,-3.9462750665956894e-05,0.0167264264021005,-0.0950324190284174,False,True,True
TimesFM-2.5,ICLN,0.01,1185,0.0057140767541843,0.0067510548523206,0.2323463492296038,0.0032489451476793,0.0005203892227824,0.0005541943678088,0.0005367415033987,0.0033755274261603,0.0067510548523206,0.0173787110789283,0.0004185026614467,Yellow,Green,Green,Green,-3.380514502636248e-05,-1.6352280616292974e-05,-0.0649612704229529,-0.0314231730796784,False,False,False
TimesFM-2.5,NIKKEI,0.01,1772,0.0032249850415792,0.0141083521444695,0.1016574199135753,0.0041083521444695,0.0004866732036384,0.0004897869394727,0.0005001428377662,0.0067720090293453,0.0095936794582392,0.0149975810353168,0.0026382606628642,Green,Green,Green,Green,-3.113735834299968e-06,-1.346963412780951e-05,-0.0063980013919426,-0.0276769586389969,False,True,False
TimesFM-2.5,HSI,0.01,1784,0.0037844077598133,0.0117713004484304,0.4645172052755361,0.0017713004484304,0.0005427779428998,0.0005415276274888,0.0005777115703321,0.0089686098654708,0.0089686098654708,0.0192307692307692,1.101193979335946e-07,Yellow,Green,Green,Green,1.2503154110271066e-06,-3.4933627432327894e-05,0.0023035486747068,-0.0643608088524942,False,True,True
TimesFM-2.5,BOVESPA,0.01,1794,0.0014064222951313,0.0189520624303233,0.0006959830612354,0.0089520624303233,0.000562475092196,0.0005525164887424,0.0005595848374602,0.0161649944258639,0.011705685618729,0.011705685618729,0.2801653477628599,Green,Yellow,Yellow,Green,9.95860345351081e-06,2.8902547357260782e-06,0.0177049679028996,0.0051384581749957,False,True,True
TimesFM-2.5,NIFTY,0.01,1208,0.0018181311819527,0.0115894039735099,0.5881415432867518,0.0015894039735099,0.0003166900124973,0.0003184369901407,0.0003358255222069,0.0082781456953642,0.0107615894039735,0.0145493257629524,0.0230373594811065,Green,Green,Green,Green,-1.7469776433288748e-06,-1.9135509709556665e-05,-0.0055163648185565,-0.060423470758219,False,False,False
TimesFM-2.5,ASX200,0.01,1833,0.0030173106139521,0.0245499181669394,1.287433842867003e-07,0.0145499181669394,0.0004077137671436,0.0003765233762631,0.0004162326829022,0.0141843971631205,0.0092744135297326,0.0175397567820392,7.548627111053641e-06,Yellow,Yellow,Green,Green,3.119039088056132e-05,-8.518915758603553e-06,0.0765007056275604,-0.0208943539441525,True,True,True
TimesFM-2.5,CBU0,0.01,976,0.0005288025792504,0.0102459016393442,0.938703827723006,0.0002459016393442,0.0001403084812317,0.0001411285229053,0.0001447912149,0.0071721311475409,0.0102459016393442,0.0118577075098814,0.3867411415891952,Green,Green,Green,Green,-8.200416736102911e-07,-4.482733668275101e-06,-0.00584456239859,-0.0319491282987466,False,False,False
TimesFM-2.5,TLT,0.01,1631,-0.0001956285496963,0.0067443286327406,0.1602342533841135,0.0032556713672593,0.0003107131294138,0.0003101329758789,0.0003504707419332,0.0073574494175352,0.0079705702023298,0.0094662108861425,0.7385165916206295,Green,Green,Green,Green,5.801535348857307e-07,-3.9757612519381155e-05,0.0018671677504589,-0.1279560107240476,False,True,True
TimesFM-2.5,IBGL,0.01,1226,0.0016756609539582,0.0114192495921696,0.625272163187699,0.0014192495921696,0.0002485935115024,0.0002493281566823,0.0002578263837796,0.0065252854812398,0.0106035889070146,0.0132867132867132,0.0925829432687178,Green,Green,Green,Green,-7.346451798701512e-07,-9.232872277173203e-06,-0.0029552065757069,-0.0371404395125653,False,False,False
TimesFM-2.5,DJCI,0.01,693,-0.000146061111173,0.0245310245310245,0.0011818192129882,0.0145310245310245,0.0003461865761218,0.0003483089937113,0.0003248423769726,0.0245310245310245,0.0101010101010101,0.0086580086580086,0.5788296098473178,Green,Yellow,Yellow,Green,-2.1224175894846565e-06,2.1344199149146085e-05,-0.0061308489002121,0.0616551900661663,False,False,False
TimesFM-2.5,GOLD,0.01,1770,0.0044768415429519,0.0214689265536723,2.5839286969087105e-05,0.0114689265536723,0.0004738964819669,0.000445704417137,0.000443991479086,0.0124293785310734,0.0107344632768361,0.0157499394233099,0.0006147491071542,Green,Yellow,Green,Green,2.8192064829918144e-05,2.9905002880884597e-05,0.0594899221722508,0.063104504926393,True,True,True
TimesFM-2.5,WTI,0.01,1772,0.0020717892392516,0.0180586907449209,0.002189778871612,0.0080586907449209,0.0011737534709422,0.0011609271819437,0.001277424984183,0.0135440180586907,0.0095936794582392,0.0118586640851887,0.2433909443559392,Green,Yellow,Green,Green,1.2826288998577092e-05,-0.0001036715132407,0.0109275834458492,-0.0883247767161496,True,True,True
TimesFM-2.5,NATGAS,0.01,1771,-0.0016061000796494,0.0095990965556182,0.8644566116923917,0.0004009034443817,0.0014692000461492,0.0014711604173902,0.0016601831797858,0.0124223602484472,0.0095990965556182,0.008714596949891,0.3959066184485049,Green,Green,Green,Green,-1.9603712409588334e-06,-0.0001909831336366,-0.0013343119925002,-0.1299912385227422,False,False,False
TimesFM-2.5,BTC,0.01,1107,0.0108411311071012,0.006323396567299,0.1873295213786343,0.0036766034327009,0.000844769020934,0.0009044089352963,0.000909053674912,0.003613369467028,0.010840108401084,0.0131731886865556,0.1223499615912881,Green,Green,Green,Green,-5.963991436227069e-05,-6.428465397799595e-05,-0.0705990784277647,-0.0760973146327211,False,False,False
TimesFM-2.5,ETH,0.01,762,0.0078643299864065,0.0091863517060367,0.8189685114032224,0.0008136482939632,0.0012640287660756,0.001278316343404,0.0013740773358377,0.0078740157480314,0.0091863517060367,0.0106981981981981,0.7699727850839149,Green,Green,Green,Green,-1.4287577328381911e-05,-0.000110048569762,-0.0113032058382179,-0.0870617605513244,False,False,False
TimesFM-2.5,EURUSD,0.01,1582,0.000202060508152,0.0139064475347661,0.1403436242631608,0.0039064475347661,0.000158660883182,0.000157871544408,0.0001688167309512,0.0139064475347661,0.0082174462705436,0.0100298183789644,0.985484786593607,Green,Green,Green,Green,7.893387739440192e-07,-1.0155847769204311e-05,0.0049750055471354,-0.0640097771140765,False,False,True
TimesFM-2.5,GBPUSD,0.01,1585,0.0007174227982401,0.0164037854889589,0.0189947049437548,0.0064037854889589,0.0001991283202622,0.0001951492716585,0.0002081081856678,0.0138801261829653,0.0094637223974763,0.0127095727420227,0.1119933855092075,Green,Yellow,Green,Green,3.979048603768075e-06,-8.979865405592399e-06,0.0199823339971276,-0.0450958728209238,True,True,True
TimesFM-2.5,USDJPY,0.01,1888,0.0016330913189772,0.0153601694915254,0.0300213930008735,0.0053601694915254,0.000206472826267,0.0002021167257725,0.0002286592371687,0.0100635593220338,0.010593220338983,0.0129457188280717,0.0602257949634081,Green,Green,Green,Green,4.356100494516067e-06,-2.2186410901744996e-05,0.021097693935191,-0.1074543866273687,False,True,True
TimesFM-2.5,AUDUSD,0.01,1395,0.0012526497116246,0.0114695340501792,0.5898751231023392,0.0014695340501792,0.0002117851063662,0.0002138248091153,0.0002337714703632,0.0064516129032258,0.0093189964157706,0.0138376383763837,0.0376428336251962,Green,Green,Green,Green,-2.039702749033728e-06,-2.1986363996997134e-05,-0.0096310018396954,-0.1038144956188377,False,False,False
Moirai-2.0,SP500,0.01,1824,0.0045626034746655,0.0219298245614035,9.727132023962248e-06,0.0119298245614035,0.0005006552092476,0.0004697193687107,0.0004785506303695,0.0131578947368421,0.0098684210526315,0.0192759755524212,6.945401642699522e-08,Yellow,Yellow,Green,Green,3.0935840536942675e-05,2.210457887815104e-05,0.061790709385466,0.04415130107478,True,True,True
Moirai-2.0,STOXX,0.01,1498,0.0073826395147077,0.020694259012016,0.0002763141464792,0.010694259012016,0.0003673600539151,0.0003513219545401,0.0004152181911133,0.0080106809078771,0.0080106809078771,0.0234620886981402,9.631517805530619e-12,Yellow,Yellow,Green,Green,1.6038099375016636e-05,-4.7858137198195474e-05,0.0436577118390814,-0.1302758334450011,True,True,True
Moirai-2.0,GDAXI,0.01,1843,0.004261992820224,0.0260444926749864,8.166405773835095e-09,0.0160444926749864,0.0005108870033908,0.0004602128508783,0.0005036453823807,0.016820401519262,0.0103092783505154,0.0174459176552686,9.062769872003608e-06,Yellow,Yellow,Yellow,Green,5.06741525125434e-05,7.241621010183768e-06,0.0991885723774657,0.014174604094681,False,True,True
Moirai-2.0,FCHI,0.01,1856,0.0048673596604318,0.0253232758620689,2.7145642955694882e-08,0.0153232758620689,0.0005115132768719,0.0004688275493545,0.0005009769263327,0.0145474137931034,0.0091594827586206,0.0184757505773672,5.345541176371427e-07,Yellow,Yellow,Green,Green,4.2685727517425415e-05,1.0536350539166711e-05,0.0834498916205261,0.0205983911182115,True,True,True
Moirai-2.0,FTSE100,0.01,1833,0.0045285985077533,0.0196399345335515,0.0002474776485975,0.0096399345335515,0.0004117344430662,0.0003896646968937,0.0004357622510506,0.011456628477905,0.0087288597926895,0.0182456140350877,1.183784838820756e-06,Yellow,Yellow,Green,Green,2.206974617252757e-05,-2.402780798438787e-05,0.0536018944836623,-0.05835753697322,True,True,True
Moirai-2.0,ICLN,0.01,1185,0.0068068471919723,0.0092827004219409,0.8016638096754556,0.000717299578059,0.0005074201594833,0.0005342434228385,0.0005533072985181,0.0042194092827004,0.0067510548523206,0.0188269370021723,3.2611553803962856e-05,Yellow,Green,Green,Green,-2.682326335514936e-05,-4.588713903480753e-05,-0.0528620372167688,-0.0904322348594237,False,False,False
Moirai-2.0,NIKKEI,0.01,1772,0.0043452384961572,0.0237020316027088,8.383908504105975e-07,0.0137020316027088,0.0005024754774618,0.0004759522809093,0.0004892295200403,0.0124153498871331,0.0079006772009029,0.0174165457184325,1.4466676707902693e-05,Yellow,Yellow,Green,Green,2.6523196552562017e-05,1.324595742151788e-05,0.0527850566689069,0.0263614007362627,True,True,True
Moirai-2.0,HSI,0.01,1784,0.0034564172117215,0.015134529147982,0.0427603438612212,0.005134529147982,0.0005492940540271,0.0005378380414579,0.0005737012691104,0.0117713004484304,0.0089686098654708,0.0189903846153846,2.1720527332291797e-07,Yellow,Green,Green,Green,1.1456012569195976e-05,-2.4407215083341056e-05,0.0208558830833994,-0.0444337871571723,False,True,True
Moirai-2.0,BOVESPA,0.01,1794,0.0030704200601404,0.0178372352285395,0.0026578877573845,0.0078372352285395,0.0005721113796944,0.0005560168752053,0.0005616065890763,0.0122630992196209,0.0105908584169453,0.0126612517916865,0.0965359705030983,Green,Yellow,Green,Green,1.6094504489035642e-05,1.050479061807366e-05,0.0281317677995367,0.0183614432275142,True,True,True
Moirai-2.0,NIFTY,0.01,1208,0.0021291334568381,0.0132450331125827,0.2802114540754414,0.0032450331125827,0.0003126789224825,0.00031146378869,0.0003331750553652,0.0082781456953642,0.0082781456953642,0.0163236337828246,0.0019921805992765,Yellow,Green,Green,Green,1.2151337925449084e-06,-2.049613288261149e-05,0.0038862030830125,-0.0655500943903642,False,True,True
Moirai-2.0,ASX200,0.01,1833,0.0039354084404198,0.0261865793780687,6.898137505650936e-09,0.0161865793780687,0.000430994588994,0.0003877320420337,0.0004137932812146,0.0136388434260774,0.0087288597926895,0.0205799812909261,1.163053098274247e-09,Yellow,Yellow,Green,Green,4.326254696022431e-05,1.7201307779388998e-05,0.1003783993233037,0.0399107279270921,True,True,True
Moirai-2.0,CBU0,0.01,976,0.0007356667742894,0.0051229508196721,0.0910978327285282,0.0048770491803278,0.0001409647119857,0.0001445525950242,0.0001494609247997,0.0051229508196721,0.0051229508196721,0.0144927536231884,0.0434785337860323,Green,Green,Green,Green,-3.587883038542615e-06,-8.49621281395562e-06,-0.0254523489460632,-0.0602719126955298,False,False,False
Moirai-2.0,TLT,0.01,1631,5.313815850511994e-06,0.0098099325567136,0.9383128867689868,0.0001900674432863,0.0003027953515134,0.0003027963614968,0.0003366681071986,0.0098099325567136,0.0055180870631514,0.0099921114909282,0.9960984663759236,Green,Green,Green,Green,-1.0099833928174304e-09,-3.3872755685217205e-05,-3.3355313672068904e-06,-0.111866828588736,False,False,False
Moirai-2.0,IBGL,0.01,1226,0.0031602306653665,0.0073409461663947,0.3260216257982883,0.0026590538336052,0.0002433196641595,0.0002595526425686,0.0002426579192052,0.0024469820554649,0.0073409461663947,0.0181818181818181,7.954938642940057e-05,Yellow,Green,Green,Green,-1.623297840901272e-05,6.617449543317279e-07,-0.0667146178467732,0.0027196525879539,False,False,False
Moirai-2.0,DJCI,0.01,693,0.0004024142156487,0.0303030303030303,1.5183374822091976e-05,0.0203030303030303,0.0003939873421951,0.0003863995712755,0.0003541812017967,0.0274170274170274,0.0144300144300144,0.0117501546072974,0.4912919466586543,Green,Yellow,Yellow,Green,7.587770919536576e-06,3.9806140398404414e-05,0.0192589205461799,0.1010340590553538,False,True,True
Moirai-2.0,GOLD,0.01,1770,0.0051991673264915,0.0282485875706214,2.749495076059816e-10,0.0182485875706214,0.0004995452096605,0.0004480484787347,0.000448391896197,0.0124293785310734,0.0101694915254237,0.0172037799854615,2.4562697703567334e-05,Yellow,Yellow,Green,Green,5.149673092577368e-05,5.1153313463496984e-05,0.1030872280023804,0.1023997677772887,True,True,True
Moirai-2.0,WTI,0.01,1772,0.0022702965364315,0.0186230248306997,0.0011228456881323,0.0086230248306997,0.0012307866904732,0.001214418647784,0.0013335762350146,0.0163656884875846,0.0095936794582392,0.0118586640851887,0.2433909443559392,Green,Yellow,Yellow,Green,1.6368042689209918e-05,-0.0001027895445413,0.0132988460274264,-0.083515320190741,False,True,True
Moirai-2.0,NATGAS,0.01,1771,-0.0005185650753418,0.0152456239412761,0.0394470300641396,0.0052456239412761,0.0014882751578398,0.0014909953552142,0.001626923891724,0.0152456239412761,0.0084697910784867,0.009198741224885,0.599813903248154,Green,Green,Green,Green,-2.720197374323158e-06,-0.0001386487338841,-0.0018277516492792,-0.0931606854779192,False,False,False
Moirai-2.0,BTC,0.01,1107,0.0308671834683614,0.013550135501355,0.2600570085382622,0.003550135501355,0.0008368798708476,0.000964538910845,0.0008952999436281,0.001806684733514,0.006323396567299,0.0209221232080588,1.1493902020154325e-06,Yellow,Green,Green,Green,-0.0001276590399974,-5.842007278050461e-05,-0.1525416543573407,-0.0698069995653418,False,False,False
Moirai-2.0,ETH,0.01,762,0.0287627006261014,0.0236220472440944,0.0013096190799146,0.0136220472440944,0.0013700752525741,0.0012560971539337,0.0013354603559408,0.0078740157480314,0.0078740157480314,0.018018018018018,0.0022691093300371,Yellow,Yellow,Green,Green,0.0001139780986403,3.4614896633253624e-05,0.0831911228424932,0.025264960131364,True,True,True
Moirai-2.0,EURUSD,0.01,1582,-0.0002587385426591,0.0120101137800252,0.4360353970615691,0.0020101137800252,0.0001531824344238,0.0001540722689794,0.0001680972185835,0.0139064475347661,0.0082174462705436,0.0089455136893467,0.5122013901316861,Green,Green,Green,Green,-8.898345555847522e-07,-1.4914784159691594e-05,-0.0058089855989801,-0.0973661517770696,False,False,False
Moirai-2.0,GBPUSD,0.01,1585,0.0012567122513356,0.0157728706624605,0.0331352857175109,0.0057728706624605,0.0001884937108561,0.0001868813545552,0.000199701912464,0.0082018927444794,0.0100946372239747,0.0129799891833423,0.0816228475077631,Green,Green,Green,Green,1.612356300951292e-06,-1.1208201607881965e-05,0.0085538997223182,-0.0594619393770363,False,True,True
Moirai-2.0,USDJPY,0.01,1888,0.0019161959271668,0.0185381355932203,0.0008602246216412,0.0085381355932203,0.0002089923938967,0.0002001055579182,0.000224217809057,0.0127118644067796,0.0121822033898305,0.0147626618214853,0.0030153937590744,Green,Yellow,Green,Green,8.886835978456323e-06,-1.5225415160272294e-05,0.0425222938153777,-0.0728515276388238,True,True,True
Moirai-2.0,AUDUSD,0.01,1395,0.0021283272991483,0.010752688172043,0.7801371761149006,0.000752688172043,0.000212775402522,0.0002159198423272,0.0002315451610465,0.007168458781362,0.0078853046594982,0.0144526445264452,0.016727882797688,Green,Green,Green,Green,-3.1444398052463487e-06,-1.876975852451918e-05,-0.0147782110524791,-0.0882139490845438,False,False,False
Moirai-1.1,SP500,0.01,1824,0.0035022507844252,0.0224780701754385,4.171462703372875e-06,0.0124780701754385,0.0005433844125275,0.0005137002919359,0.0005089428084527,0.0148026315789473,0.0109649122807017,0.0162200282087447,0.0001835991428289,Yellow,Yellow,Green,Green,2.9684120591657735e-05,3.4441604074855964e-05,0.0546282151406958,0.0633834966200972,True,True,True
Moirai-1.1,STOXX,0.01,1498,0.0055427429374456,0.0126835781041388,0.3162527863368554,0.0026835781041388,0.0003689501795844,0.0003770027572816,0.0004167452893243,0.0053404539385847,0.0080106809078771,0.0194563662374821,6.571610834393837e-07,Yellow,Green,Green,Green,-8.052577697174152e-06,-4.779510973987783e-05,-0.0218256505695248,-0.1295435329336514,False,False,False
Moirai-1.1,GDAXI,0.01,1843,0.0032470475330004,0.0184481823114487,0.0011095902612411,0.0084481823114487,0.0005075540966445,0.000488126033,0.0004964671548461,0.0124796527400976,0.0086814975583288,0.017213305419865,1.6249974053916816e-05,Yellow,Yellow,Green,Green,1.942806364443829e-05,1.1086941798396969e-05,0.0382778186066853,0.0218438623029426,True,True,True
Moirai-1.1,FCHI,0.01,1856,0.0032134817070712,0.0172413793103448,0.0044729607378496,0.0072413793103448,0.0005225425443299,0.0005053896299872,0.0005059543728929,0.0145474137931034,0.0091594827586206,0.0163972286374133,0.0001073831635176,Yellow,Yellow,Green,Green,1.71529143426722e-05,1.658817143699719e-05,0.0328258713645355,0.0317451116985467,True,True,True
Moirai-1.1,FTSE100,0.01,1833,0.0034951155195795,0.0141843971631205,0.0902755452086475,0.0041843971631205,0.0004109114744552,0.0004053075856697,0.0004158658326886,0.0092744135297326,0.0076377523186033,0.0166081871345029,7.316816283198246e-05,Yellow,Green,Green,Green,5.603888785471619e-06,-4.95435823339612e-06,0.0136377033347663,-0.0120569965586009,False,True,True
Moirai-1.1,ICLN,0.01,1185,0.0042772960576968,0.0067510548523206,0.2323463492296038,0.0032489451476793,0.0005550387535819,0.0005732702587676,0.0005873580270304,0.0050632911392405,0.0059071729957805,0.0144822592324402,0.0264971637443149,Green,Green,Green,Green,-1.8231505185776735e-05,-3.231927344856257e-05,-0.0328472652911542,-0.0582288592282823,False,False,False
Moirai-1.1,NIKKEI,0.01,1772,0.0060973429949328,0.0163656884875846,0.0136442790839008,0.0063656884875846,0.0004816905951167,0.000476051548274,0.0004942920700941,0.0067720090293453,0.0073363431151241,0.0200774068698597,1.0166357644614266e-08,Yellow,Yellow,Green,Green,5.639046842706517e-06,-1.2601474977388472e-05,0.0117067821125703,-0.0261609321525851,True,True,True
Moirai-1.1,HSI,0.01,1784,0.0041846823134368,0.0123318385650224,0.3395375912110068,0.0023318385650224,0.000543137273266,0.0005500623864332,0.0006202166447499,0.0044843049327354,0.0061659192825112,0.0170673076923076,3.157291687450048e-05,Yellow,Green,Green,Green,-6.92511316728703e-06,-7.707937148390199e-05,-0.0127502079274448,-0.1419150834933616,False,False,False
Moirai-1.1,BOVESPA,0.01,1794,0.0029007167219524,0.0122630992196209,0.3521456148267904,0.0022630992196209,0.0006306065655741,0.0006265971898029,0.000610679618117,0.0100334448160535,0.0100334448160535,0.0150501672240802,0.0022453267678391,Green,Green,Green,Green,4.0093757712254645e-06,1.9926947457147648e-05,0.0063579670591835,0.0315996511057635,False,True,True
Moirai-1.1,NIFTY,0.01,1208,0.001662023998094,0.0066225165562913,0.2087392166596514,0.0033774834437086,0.0003006159318291,0.0003086527463972,0.0003184123787582,0.0041390728476821,0.0074503311258278,0.0120652945351313,0.2858605350562172,Green,Green,Green,Green,-8.03681456815387e-06,-1.7796446929104718e-05,-0.0267344931429738,-0.0591999459936201,False,False,False
Moirai-1.1,ASX200,0.01,1833,0.0019394000908385,0.0218221494817239,1.089879794613502e-05,0.0118221494817239,0.0004253803557161,0.0004092607905992,0.0004045532080508,0.0158210583742498,0.0103655210038188,0.0137979420018709,0.0182641295039887,Green,Yellow,Green,Green,1.611956511688139e-05,2.0827147665225055e-05,0.0378944746748927,0.0489612352459552,True,True,True
Moirai-1.1,CBU0,0.01,976,0.0017071349745451,0.0092213114754098,0.8043329241492715,0.0007786885245901,0.0001540495482753,0.0001604518584315,0.0001615207178848,0.0030737704918032,0.0051229508196721,0.0193236714975845,7.382506844466619e-05,Yellow,Green,Green,Green,-6.402310156186782e-06,-7.4711696094982094e-06,-0.041560070950302,-0.048498484371682,False,False,False
Moirai-1.1,TLT,0.01,1631,0.0003764811378797,0.0079705702023298,0.3931344806744237,0.0020294297976701,0.0003521166957647,0.0003530454810671,0.0004197655011496,0.0073574494175352,0.0073574494175352,0.0110439127004996,0.5245650975640115,Green,Green,Green,Green,-9.28785302363748e-07,-6.764880538487556e-05,-0.0026377201465737,-0.1921204140517858,False,False,False
Moirai-1.1,IBGL,0.01,1226,0.0021507646889076,0.0114192495921696,0.625272163187699,0.0014192495921696,0.0002808933026444,0.000283608431589,0.0002775627309521,0.0073409461663947,0.0081566068515497,0.0153846153846153,0.0073196284373873,Green,Green,Green,Green,-2.715128944645194e-06,3.330571692277784e-06,-0.0096660508423813,0.0118570704994491,False,False,False
Moirai-1.1,DJCI,0.01,693,0.0013349086311602,0.0245310245310245,0.0011818192129882,0.0145310245310245,0.000362791777953,0.0003477010307863,0.0003578297140103,0.0202020202020202,0.0072150072150072,0.0111317254174397,0.6532719966394398,Green,Yellow,Yellow,Green,1.5090747166649127e-05,4.96206394262318e-06,0.0415961664065143,0.0136774432172101,False,True,True
Moirai-1.1,GOLD,0.01,1770,0.0044283634821441,0.0293785310734463,3.0346170021289254e-11,0.0193785310734463,0.000553628415786,0.0004977703252335,0.0004773019421099,0.0175141242937853,0.0112994350282485,0.0184153137872546,1.157336658286212e-06,Yellow,Yellow,Yellow,Green,5.585809055250212e-05,7.632647367615406e-05,0.100894551218419,0.1378658889243947,False,True,True
Moirai-1.1,WTI,0.01,1772,0.001093754438919,0.0186230248306997,0.0011228456881323,0.0086230248306997,0.0012943361240014,0.0012852006237485,0.0013554109259174,0.0180586907449209,0.0084650112866817,0.0106485963213939,0.6783940365194846,Green,Yellow,Yellow,Green,9.135500252817862e-06,-6.107480191603178e-05,0.0070580586320774,-0.0471861989969192,False,True,True
Moirai-1.1,NATGAS,0.01,1771,0.0012214511354535,0.0152456239412761,0.0394470300641396,0.0052456239412761,0.0016047176914908,0.0015983104181716,0.0016600107400002,0.0152456239412761,0.0090344438170525,0.0113773904623577,0.3839669942098941,Green,Green,Green,Green,6.407273319234373e-06,-5.529304850936611e-05,0.0039927729052962,-0.0344565581862533,False,False,True
Moirai-1.1,BTC,0.01,1107,0.0229276312130992,0.019873532068654,0.0036130258947458,0.009873532068654,0.0009194967008788,0.0008883846455378,0.0009157450724961,0.005420054200542,0.010840108401084,0.0209221232080588,1.1493902020154325e-06,Yellow,Yellow,Green,Green,3.111205534098594e-05,3.751628382629214e-06,0.0338359619031261,0.0040800890085234,True,True,True
Moirai-1.1,ETH,0.01,762,0.0160297227257356,0.0262467191601049,0.0001787230230931,0.0162467191601049,0.0013556595244657,0.0012305647342215,0.0013567993933174,0.0131233595800524,0.0078740157480314,0.0163288288288288,0.0140476957669526,Yellow,Yellow,Green,Green,0.0001250947902442,-1.13986885169246e-06,0.0922759645668226,-0.0008408223680954,True,True,True
Moirai-1.1,EURUSD,0.01,1582,-0.0001616132528218,0.0132743362831858,0.2126128250745976,0.0032743362831858,0.0001649795490277,0.0001655967544423,0.0001681800512173,0.0145385587863463,0.0101137800252844,0.0094876660341555,0.752422761085172,Green,Green,Green,Green,-6.172054146311168e-07,-3.2005021895918824e-06,-0.0037411025685811,-0.0193993874298524,False,False,False
Moirai-1.1,GBPUSD,0.01,1585,0.000547677282892,0.0132492113564668,0.2155513524236327,0.0032492113564668,0.0002018137005753,0.0002003608633958,0.0002080464331573,0.0126182965299684,0.007570977917981,0.0116279069767441,0.3321048394679162,Green,Green,Green,Green,1.45283717951534e-06,-6.232732582081265e-06,0.0071989026283829,-0.0308835949408459,False,True,True
Moirai-1.1,USDJPY,0.01,1888,0.001139303234721,0.0132415254237288,0.1774688556996374,0.0032415254237288,0.0002054205091815,0.0002034166020302,0.0002192967793246,0.0100635593220338,0.0100635593220338,0.0136270724506018,0.0218789966440188,Green,Green,Green,Green,2.0039071513181623e-06,-1.387627014308752e-05,0.0097551464520366,-0.0675505585998834,False,True,True
Moirai-1.1,AUDUSD,0.01,1395,0.0006695114135569,0.0064516129032258,0.1543087129769588,0.0035483870967741,0.0002237835023235,0.0002262940573547,0.0002410782761694,0.0057347670250896,0.0086021505376344,0.0116851168511685,0.3468686925820574,Green,Green,Green,Green,-2.510555031176701e-06,-1.7294773845843037e-05,-0.0112186778967579,-0.0772835068996068,False,False,False
Lag-Llama,SP500,0.01,1824,0.0082190847524919,0.0296052631578947,9.580114479490476e-12,0.0196052631578947,0.0005114043508825,0.0004574410964203,0.0004739746521666,0.0104166666666666,0.0082236842105263,0.0333803479078514,0.0,Yellow,Yellow,Green,Green,5.396325446224904e-05,3.742969871590995e-05,0.105519740630125,0.0731900279129668,True,True,True
Lag-Llama,STOXX,0.01,1498,0.0127093593842102,0.0246995994659546,1.4603314996142205e-06,0.0146995994659546,0.0003756407727849,0.0003611080798006,0.0003463356924454,0.0026702269692923,0.0066755674232309,0.0363376251788268,0.0,Red,Yellow,Green,Green,1.453269298435294e-05,2.9305080339520008e-05,0.0386877411538901,0.0780135769667734,True,True,True
Lag-Llama,GDAXI,0.01,1843,0.0114761280099575,0.0298426478567552,4.561795385882306e-12,0.0198426478567552,0.0005902657818391,0.0004947259393178,0.0004897340094552,0.0097666847531199,0.0097666847531199,0.0341939986043265,0.0,Yellow,Yellow,Green,Green,9.553984252128923e-05,0.0001005317723838,0.1618590225975867,0.1703161109401181,True,True,True
Lag-Llama,FCHI,0.01,1856,0.0113662323111291,0.0285560344827586,5.4918847247620306e-11,0.0185560344827586,0.0005645461417277,0.000487321404567,0.0004938129663073,0.0096982758620689,0.0091594827586206,0.03094688221709,0.0,Yellow,Yellow,Green,Green,7.722473716075586e-05,7.073317542045942e-05,0.1367908332955934,0.1252921066894224,True,True,True
Lag-Llama,FTSE100,0.01,1833,0.0078769980442772,0.0272776868521549,8.844633914151244e-10,0.0172776868521549,0.0004512880976766,0.0004030832653006,0.0003922153599332,0.0092744135297326,0.0092744135297326,0.0306432748538011,0.0,Yellow,Yellow,Green,Green,4.820483237598453e-05,5.907273774331557e-05,0.1068160951378063,0.1308980627839349,True,True,True
Lag-Llama,ICLN,0.01,1185,0.0109264823243096,0.0177215189873417,0.015992270577913,0.0077215189873417,0.0005752715645452,0.0005619693481725,0.000611441844208,0.0050632911392405,0.0067510548523206,0.0300506879073135,0.0,Yellow,Yellow,Green,Green,1.3302216372744458e-05,-3.617027966281219e-05,0.0231233684968585,-0.0628751391378154,True,True,True
Lag-Llama,NIKKEI,0.01,1772,0.0113815777241639,0.033295711060948,7.882583474838611e-15,0.023295711060948,0.0005422182112714,0.0004672382755904,0.000491219256711,0.0073363431151241,0.0095936794582392,0.0307208514755684,0.0,Yellow,Yellow,Green,Green,7.497993568094042e-05,5.099895456036718e-05,0.1382836911824191,0.0940561447406617,True,True,True
Lag-Llama,HSI,0.01,1784,0.0104451096587843,0.0257847533632287,2.2410250211102323e-08,0.0157847533632287,0.0006014422765624,0.0005599293589675,0.0005905376800999,0.0078475336322869,0.0084080717488789,0.0348557692307692,0.0,Yellow,Yellow,Green,Green,4.151291759489845e-05,1.0904596462496857e-05,0.0690222806287735,0.0181307448568848,True,True,True
Lag-Llama,BOVESPA,0.01,1794,0.0098590508270525,0.0250836120401337,7.013248204401634e-08,0.0150836120401337,0.000582262309562,0.0005307366002863,0.0005383000673785,0.0100334448160535,0.0094760312151616,0.0317725752508361,0.0,Yellow,Yellow,Green,Green,5.15257092757092e-05,4.3962242183518936e-05,0.0884922627302882,0.0755024693536928,True,True,True
Lag-Llama,NIFTY,0.01,1208,0.0061094856896494,0.0298013245033112,2.2529499821288823e-08,0.0198013245033112,0.0003720398559679,0.0003186927862311,0.0003311643018591,0.0115894039735099,0.0082781456953642,0.0294535131298793,0.0,Yellow,Yellow,Green,Green,5.334706973683331e-05,4.087555410879634e-05,0.1433907386025443,0.1098687504929955,True,True,True
Lag-Llama,ASX200,0.01,1833,0.0071242478366274,0.0398254228041462,0.0,0.0298254228041462,0.0004960437615424,0.0003889914697772,0.0004157068831922,0.0147299509001636,0.0076377523186033,0.034845650140318,0.0,Yellow,Red,Green,Green,0.0001070522917652,8.033687835019208e-05,0.2158121925218186,0.1619552236689349,True,True,True
Lag-Llama,CBU0,0.01,976,0.0024857182085719,0.026639344262295,1.4946868127752032e-05,0.016639344262295,0.0001895251989455,0.0001669058751008,0.0001670469876635,0.0122950819672131,0.0051229508196721,0.0281071585419411,1.1446399383885364e-12,Yellow,Yellow,Green,Green,2.2619323844685993e-05,2.2478211281977764e-05,0.1193473161908477,0.1186027578762101,True,True,True
Lag-Llama,TLT,0.01,1631,0.0045703273088647,0.0269773145309626,1.2357839973553553e-08,0.0169773145309626,0.0003474735387158,0.0003170209360096,0.0003248437718744,0.0110361741263028,0.0079705702023298,0.0299763344727846,0.0,Yellow,Yellow,Green,Green,3.045260270618524e-05,2.2629766841422423e-05,0.0876400626612471,0.0651265904306054,True,True,True
Lag-Llama,IBGL,0.01,1226,0.0058716593405501,0.0261011419249592,2.4010590227163675e-06,0.0161011419249592,0.0003221439648271,0.0002854534976718,0.0002786840122973,0.0097879282218597,0.0073409461663947,0.029020979020979,1.1102230246251563e-16,Yellow,Yellow,Green,Green,3.669046715532178e-05,4.3459952529799535e-05,0.1138946283690627,0.1349084796703296,True,True,True
Lag-Llama,DJCI,0.01,693,0.005236942707085,0.0404040404040404,1.371367353009134e-09,0.0304040404040404,0.0004752486519604,0.0003699329642999,0.0003755372282917,0.0158730158730158,0.0129870129870129,0.0216450216450216,4.5770772034492424e-05,Yellow,Red,Green,Green,0.0001053156876604,9.971142366872542e-05,0.2216012338509755,0.2098089563377186,True,True,True
Lag-Llama,GOLD,0.01,1770,0.0099047970927212,0.0418079096045197,0.0,0.0318079096045197,0.0006022874650218,0.0004930517632743,0.0004745789528482,0.011864406779661,0.0124293785310734,0.0356190937727162,0.0,Yellow,Red,Green,Green,0.0001092357017474,0.0001277085121735,0.181368047803315,0.2120391334542732,True,True,True
Lag-Llama,WTI,0.01,1772,0.0169068181263427,0.0270880361173814,2.3854026531822115e-09,0.0170880361173814,0.0013731608375594,0.0012335889507974,0.001304412411219,0.0118510158013544,0.010158013544018,0.0304937076476282,0.0,Yellow,Yellow,Green,Green,0.0001395718867619,6.874842634041261e-05,0.1016427813438366,0.0500658221964735,True,True,True
Lag-Llama,NATGAS,0.01,1771,0.017042094857963,0.0287972896668548,9.40629796275516e-11,0.0187972896668548,0.0016334267402598,0.0014744313332467,0.0015309242806491,0.0112930547713156,0.0090344438170525,0.0213023480997337,2.2323276560598515e-10,Yellow,Yellow,Green,Green,0.000158995407013,0.0001025024596106,0.0973385601534414,0.0627530192106211,True,True,True
Lag-Llama,BTC,0.01,1107,0.0368464721993544,0.019873532068654,0.0036130258947458,0.009873532068654,0.0009991644708468,0.0010422273114996,0.0010135743263266,0.002710027100271,0.008130081300813,0.0275087175513366,1.8895995879120167e-13,Yellow,Yellow,Green,Green,-4.306284065280493e-05,-1.4409855479867017e-05,-0.0430988509992834,-0.014421905402275,True,True,False
Lag-Llama,ETH,0.01,762,0.0396652840811284,0.0419947506561679,3.5021985311800557e-11,0.0319947506561679,0.0016307688952872,0.0013252669063598,0.0013546479558288,0.0052493438320209,0.0091863517060367,0.0213963963963963,2.780410810476752e-05,Yellow,Red,Green,Green,0.0003055019889273,0.0002761209394583,0.1873361638244584,0.1693194788399033,True,True,True
Lag-Llama,EURUSD,0.01,1582,0.0032323802098128,0.0290771175726927,5.695578453313033e-10,0.0190771175726927,0.0001991041756866,0.0001765345804588,0.0001958182774887,0.0101137800252844,0.0107458912768647,0.0224993223095689,5.5470850135463934e-11,Yellow,Yellow,Green,Green,2.256959522784825e-05,3.2858981979720604e-06,0.1133557101452475,0.0165034117774749,True,True,True
Lag-Llama,GBPUSD,0.01,1585,0.0035909039203538,0.0315457413249211,5.9864335710813066e-12,0.0215457413249211,0.0002476847609466,0.0002103543433175,0.0002214287926291,0.0113564668769716,0.0100946372239747,0.028664142779881,0.0,Yellow,Yellow,Green,Green,3.733041762909016e-05,2.6255968317466583e-05,0.1507174582982797,0.1060055863635718,True,True,True
Lag-Llama,USDJPY,0.01,1888,0.0048016773030434,0.0296610169491525,3.706479567711085e-12,0.0196610169491525,0.0002477963984765,0.0002199606763948,0.000235239783112,0.0100635593220338,0.010593220338983,0.0306609130138541,0.0,Yellow,Yellow,Green,Green,2.783572208167926e-05,1.2556615364520944e-05,0.1123330373355304,0.0506731148705855,True,True,True
Lag-Llama,AUDUSD,0.01,1395,0.0050699931006788,0.0236559139784946,1.312786036544722e-05,0.0136559139784946,0.0002565776491807,0.0002365790935258,0.0002538936453563,0.0057347670250896,0.010752688172043,0.033210332103321,0.0,Yellow,Yellow,Green,Green,1.999855565489375e-05,2.6840038244239895e-06,0.077943483069346,0.0104607857815901,True,True,True
GJR-GARCH,SP500,0.01,1902,0.003627977813818,0.0226077812828601,2.1039840247816244e-06,0.0126077812828601,0.0004246094453438,0.0003916155820274,0.0004088753856738,0.0152471083070452,0.0084121976866456,0.0254619197836863,0.0,Yellow,Yellow,Green,Green,3.299386331635405e-05,1.5734059669995503e-05,0.077704025848121,0.03705536898091,True,True,True
GJR-GARCH,STOXX,0.01,1577,0.0034093647142248,0.0266328471781864,3.766257739012957e-08,0.0166328471781864,0.0004002103992232,0.0003704201633673,0.000386094179801,0.014584654407102,0.0082435003170577,0.0203915171288743,2.7981692962697483e-08,Yellow,Yellow,Green,Green,2.9790235855934143e-05,1.4116219422247189e-05,0.0744364362189281,0.035271995554449,True,True,True
GJR-GARCH,GDAXI,0.01,1922,0.0038014219694766,0.028095733610822,6.555944676023273e-11,0.018095733610822,0.0004459194081898,0.000405207887484,0.0004090598470356,0.0161290322580645,0.0093652445369406,0.0194109772423025,2.048138003640787e-08,Yellow,Yellow,Yellow,Green,4.071152070585704e-05,3.685956115425119e-05,0.0912979340170824,0.0826596924854074,False,True,True
GJR-GARCH,FCHI,0.01,1935,0.0035170311998871,0.0237726098191214,2.3277905947249877e-07,0.0137726098191214,0.0004068833368881,0.0003787038459807,0.0003832741049566,0.0149870801033591,0.0093023255813953,0.0190560602703301,5.475703146462507e-08,Yellow,Yellow,Green,Green,2.8179490907356245e-05,2.3609231931509544e-05,0.0692569303104812,0.0580245731173838,True,True,True
GJR-GARCH,FTSE100,0.01,1911,0.0041584880305319,0.0225013082155939,2.371316888738484e-06,0.0125013082155939,0.0003623223105408,0.0003366875665299,0.0003611457362095,0.0109890109890109,0.0073260073260073,0.021753756447634,8.787415239908114e-12,Yellow,Yellow,Green,Green,2.5634744010891435e-05,1.1765743312293611e-06,0.0707512158791099,0.0032473140543654,True,True,True
GJR-GARCH,ICLN,0.01,1263,0.0059184228287514,0.0110847189231987,0.7033516638498996,0.0010847189231987,0.0005253345363867,0.0005358272407938,0.0005946598586114,0.007125890736342,0.004750593824228,0.0234215885947046,4.4458048353845925e-10,Yellow,Green,Green,Green,-1.0492704407041994e-05,-6.932532222464884e-05,-0.0199733763540663,-0.1319641436511393,False,False,False
GJR-GARCH,NIKKEI,0.01,1851,0.0049658237174618,0.0243111831442463,1.692022916222058e-07,0.0143111831442463,0.0004841781065042,0.0004528868277036,0.0004590036628688,0.0102647217720151,0.006482982171799,0.0189946722260829,1.2696596818351225e-07,Yellow,Yellow,Green,Green,3.1291278800578783e-05,2.5174443635373595e-05,0.0646276202501256,0.0519941800283669,True,True,True
GJR-GARCH,HSI,0.01,1862,0.0047963095652541,0.0161117078410311,0.0149015927129046,0.0061117078410311,0.0005219324642904,0.0005088038783596,0.0005562578303157,0.0091299677765843,0.0085929108485499,0.0220994475138121,4.781064433245774e-12,Yellow,Yellow,Green,Green,1.3128585930832228e-05,-3.432536602530716e-05,0.0251538021277897,-0.0657659148908659,True,True,True
GJR-GARCH,BOVESPA,0.01,1873,0.0046388837686686,0.0192205018686599,0.0003724444683723,0.0092205018686599,0.0004607256037776,0.0004401571751806,0.0004544067576615,0.0106780565936999,0.0090763481046449,0.0157930876630807,0.0003872695843042,Green,Yellow,Green,Green,2.0568428597042456e-05,6.318846116158802e-06,0.0446435544896846,0.0137149879762438,True,True,True
GJR-GARCH,NIFTY,0.01,1287,0.003519682835008,0.017094017094017,0.0201842242275448,0.007094017094017,0.0003174345924063,0.0003105031869369,0.0003202814385922,0.0101010101010101,0.0069930069930069,0.0196601132955681,2.6253035589896e-06,Yellow,Yellow,Green,Green,6.931405469370216e-06,-2.8468461859602564e-06,0.0218356966606136,-0.0089682922216497,True,True,True
GJR-GARCH,ASX200,0.01,1912,0.0023498679691079,0.0298117154811715,1.956435013994451e-12,0.0198117154811715,0.0003767433714611,0.0003399629643843,0.00034652690156,0.0203974895397489,0.0078451882845188,0.0197353666741421,8.071228574380031e-09,Yellow,Yellow,Yellow,Green,3.678040707682286e-05,3.021646990115245e-05,0.0976272175252152,0.0802043836470433,False,True,True
GJR-GARCH,CBU0,0.01,1055,0.0010767738950412,0.0142180094786729,0.1953612631717386,0.0042180094786729,0.0001355350875179,0.0001355872669531,0.0001384769624056,0.0075829383886255,0.0075829383886255,0.0178861788617886,0.0004021989007717,Yellow,Green,Green,Green,-5.2179435183378553e-08,-2.941874887668399e-06,-0.0003849883903786,-0.0217056331429889,False,True,False
GJR-GARCH,TLT,0.01,1709,0.0009471048465511,0.0140433001755412,0.1133302976968639,0.0040433001755412,0.0002745968529606,0.0002727790915088,0.0002881280580697,0.0105324751316559,0.0087770626097132,0.0127915726109857,0.089465553272792,Green,Green,Green,Green,1.8177614518724615e-06,-1.3531205109033492e-05,0.0066197461197148,-0.0492766212108425,False,True,True
GJR-GARCH,IBGL,0.01,1305,0.0042680155676434,0.0130268199233716,0.2937080020729322,0.0030268199233716,0.0002295214015522,0.0002416852380106,0.0002338891359804,0.0022988505747126,0.0084291187739463,0.0220177456457443,8.903414561167722e-09,Yellow,Green,Green,Green,-1.2163836458348724e-05,-4.367734428171836e-06,-0.0529965239671949,-0.0190297479826833,False,False,False
GJR-GARCH,DJCI,0.01,772,0.0034191592383601,0.0259067357512953,0.0002127383555541,0.0159067357512953,0.0003121803452309,0.0002834711319727,0.0003180347322112,0.0129533678756476,0.0116580310880829,0.0166666666666666,0.0094776567208506,Yellow,Yellow,Green,Green,2.870921325818566e-05,-5.854386980331096e-06,0.0919635515072203,-0.0187532209178658,True,True,True
GJR-GARCH,GOLD,0.01,1848,0.0059322111682412,0.0248917748917748,6.277910769014738e-08,0.0148917748917748,0.0004387242140317,0.0004030109337166,0.0004140001485179,0.0113636363636363,0.0097402597402597,0.0213407562050568,7.989475747649522e-11,Yellow,Yellow,Green,Green,3.5713280315087916e-05,2.472406551381215e-05,0.0814025740382411,0.05635445850277,True,True,True
GJR-GARCH,WTI,0.01,1850,0.0072910472832969,0.0227027027027027,2.489801689820048e-06,0.0127027027027027,0.0011821682368957,0.0011228454136967,0.0011634601429166,0.014054054054054,0.0097297297297297,0.0187673772011121,2.4501790318876004e-07,Yellow,Yellow,Green,Green,5.9322823199011235e-05,1.870809397912839e-05,0.0501813712697824,0.0158252382319571,True,True,True
GJR-GARCH,NATGAS,0.01,1850,0.005262514799031,0.0145945945945945,0.0630576475377294,0.0045945945945945,0.0013584911543344,0.0013453329006148,0.0015080008688122,0.0108108108108108,0.0086486486486486,0.0146036161335187,0.0044591539353201,Green,Green,Green,Green,1.3158253719555877e-05,-0.0001495097144778,0.0096859325712744,-0.1100557143863604,False,True,True
GJR-GARCH,BTC,0.01,1185,0.0278273891365437,0.0244725738396624,2.3775598187447677e-05,0.0144725738396624,0.0008869048987236,0.0008989628180026,0.0008841445613205,0.0033755274261603,0.0084388185654008,0.0227848101265822,7.051247807865479e-09,Yellow,Yellow,Green,Green,-1.2057919279035052e-05,2.7603374031042426e-06,-0.0135955042038759,0.0031123262562612,True,True,False
GJR-GARCH,ETH,0.01,841,0.0328198853766686,0.0178359096313912,0.0396883016184217,0.0078359096313912,0.0012752663542372,0.0012848760595422,0.0013316684109398,0.0071343638525564,0.0107015457788347,0.0209290454313425,2.2340692016675767e-05,Yellow,Yellow,Green,Green,-9.609705305004988e-06,-5.640205670262837e-05,-0.0075354495733973,-0.0442276678242357,True,True,False
GJR-GARCH,EURUSD,0.01,1660,0.0011164623700521,0.0150602409638554,0.0538718641854123,0.0050602409638554,0.0001519750307408,0.0001503626775298,0.0001629768363633,0.0096385542168674,0.0072289156626506,0.0139426800929512,0.0199438177070727,Green,Green,Green,Green,1.6123532110225614e-06,-1.10018056224796e-05,0.0106093297245107,-0.0723921921176541,False,True,True
GJR-GARCH,GBPUSD,0.01,1664,0.0017210491405558,0.0210336538461538,8.107349034858213e-05,0.0110336538461538,0.0001995657559968,0.0001877915364805,0.00020189202746,0.0132211538461538,0.0096153846153846,0.0180365885081164,6.1263866865113314e-06,Yellow,Yellow,Green,Green,1.1774219516326545e-05,-2.326271463189253e-06,0.0589991978208599,-0.0116566665035768,True,True,True
GJR-GARCH,USDJPY,0.01,1966,0.0024667896750301,0.0167853509664293,0.005854805968712,0.0067853509664292,0.0002001928154916,0.0001960933363572,0.0002175320770371,0.0091556459816887,0.0096642929806714,0.0167865707434052,2.5525222148714555e-05,Yellow,Yellow,Green,Green,4.099479134357924e-06,-1.7339261545489318e-05,0.0204776536275294,-0.0866128062733227,True,True,True
GJR-GARCH,AUDUSD,0.01,1473,0.003140523263739,0.0135777325186693,0.1906082725903259,0.0035777325186693,0.0002076312987987,0.0002136910680275,0.0002296925405316,0.0040733197556008,0.0067888662593346,0.0189173457508731,2.915982616480406e-06,Yellow,Green,Green,Green,-6.059769228848632e-06,-2.206124173293776e-05,-0.0291852397201596,-0.1062520046860786,False,False,False
GJR-GARCH-t,SP500,0.01,1902,0.0024391911893791,0.0184016824395373,0.0009794634574257,0.0084016824395373,0.0004140365288541,0.0003992837725191,0.0004194425277342,0.0136698212407991,0.0078864353312302,0.0180261378999549,1.3662556311855312e-06,Yellow,Yellow,Green,Green,1.475275633492604e-05,-5.405998880109587e-06,0.0356315332266831,-0.0130568162550081,True,True,True
GJR-GARCH-t,STOXX,0.01,1577,0.0022336329953424,0.0183893468611287,0.0027216857967459,0.0083893468611287,0.0003751123134726,0.0003625679954093,0.0003794503836448,0.0139505389980976,0.0088776157260621,0.0160413268080478,0.0007108384798788,Yellow,Yellow,Green,Green,1.254431806334234e-05,-4.338070172208916e-06,0.033441499019883,-0.0115647234612173,True,True,True
GJR-GARCH-t,GDAXI,0.01,1922,0.0018934902686041,0.0197710718002081,0.0001454503176245,0.0097710718002081,0.0004190546452119,0.000404421875774,0.0004183469237956,0.0156087408949011,0.0083246618106139,0.0151717983043284,0.0012242756381537,Green,Yellow,Green,Green,1.4632769437884004e-05,7.077214162592689e-07,0.0349185234075688,0.0016888523354783,True,True,True
GJR-GARCH-t,FCHI,0.01,1935,0.0033037195261292,0.0165374677002583,0.0082494644303827,0.0065374677002583,0.0003853631192596,0.0003739159803619,0.0003909323430375,0.0103359173126615,0.0103359173126615,0.0148460004431641,0.0022707310871129,Green,Yellow,Green,Green,1.1447138897749789e-05,-5.569223777874568e-06,0.029704811710423,-0.0144518857657518,True,True,True
GJR-GARCH-t,FTSE100,0.01,1911,0.0033170711723905,0.0156985871271585,0.0208182627991159,0.0056985871271585,0.0003389172027122,0.0003328740539138,0.0003533651600077,0.0094191522762951,0.0083725798011512,0.0197353666741421,8.071228574380031e-09,Yellow,Green,Green,Green,6.043148798338027e-06,-1.4447957295506814e-05,0.0178307526144352,-0.042629754936856,False,True,True
GJR-GARCH-t,ICLN,0.01,1263,0.0041756334649911,0.007125890736342,0.2791503449651721,0.0028741092636579,0.0005456846542149,0.0005576858810383,0.0006184304808377,0.007125890736342,0.0079176563737133,0.0186693822131704,2.4316439082627817e-05,Yellow,Green,Green,Green,-1.2001226823371266e-05,-7.274582662271682e-05,-0.0219929710881022,-0.1333111093757399,False,False,False
GJR-GARCH-t,NIKKEI,0.01,1851,0.0028460945981779,0.0178282009724473,0.0022967426600658,0.0078282009724473,0.0004675998760468,0.0004550533942223,0.0004704901974,0.0102647217720151,0.0070232306861156,0.0162149640954366,0.0001663296206554,Yellow,Yellow,Green,Green,1.2546481824472462e-05,-2.8903213532126704e-06,0.0268316619981641,-0.0061811850286356,True,True,True
GJR-GARCH-t,HSI,0.01,1862,0.0024471718205027,0.0123523093447905,0.3251093002173892,0.0023523093447905,0.0005064979782981,0.000505257925603,0.0005565889406251,0.0091299677765843,0.0085929108485499,0.0151933701657458,0.0013962588390076,Green,Green,Green,Green,1.240052695081163e-06,-5.009096232701617e-05,0.0024482875514088,-0.0988966678511144,False,True,True
GJR-GARCH-t,BOVESPA,0.01,1873,0.0032545857245878,0.0154831820608649,0.0272830937214851,0.0054831820608649,0.000459512407685,0.0004477361729464,0.0004791916778852,0.0122797650827549,0.0085424452749599,0.0139620050354772,0.0130123400197895,Green,Green,Green,Green,1.1776234738579884e-05,-1.967927020020367e-05,0.0256276752088296,-0.0428264174613793,False,True,True
GJR-GARCH-t,NIFTY,0.01,1287,0.0026868092780667,0.0132090132090132,0.2701296444226774,0.0032090132090132,0.0003068090374273,0.0003055494183909,0.0003138746542991,0.0093240093240093,0.0077700077700077,0.015994668443852,0.0023971164444432,Green,Green,Green,Green,1.2596190363359542e-06,-7.065616871833997e-06,0.0041055473688072,-0.0230293635776883,False,True,True
GJR-GARCH-t,ASX200,0.01,1912,0.0019765829117778,0.026673640167364,1.2749635791564626e-09,0.016673640167364,0.0003640631960856,0.0003388493962246,0.0003484601686914,0.0203974895397489,0.0094142259414225,0.0179412424310383,1.630560719889651e-06,Yellow,Yellow,Yellow,Green,2.5213799861007347e-05,1.560302739415985e-05,0.0692566568994138,0.0428580190525201,False,True,True
GJR-GARCH-t,CBU0,0.01,1055,0.0010989690774723,0.0094786729857819,0.8636886192619261,0.000521327014218,0.0001356758385609,0.0001396893350277,0.0001397719457065,0.0037914691943127,0.0066350710900473,0.0158536585365853,0.0071739219382398,Green,Green,Green,Green,-4.013496466720928e-06,-4.096107145541337e-06,-0.029581512149025,-0.0301903949073452,False,False,False
GJR-GARCH-t,TLT,0.01,1709,0.0003706869539275,0.0122878876535985,0.3587516438727754,0.0022878876535985,0.0002731601164651,0.0002726766616257,0.0002891507198988,0.0105324751316559,0.0087770626097132,0.0107850514171055,0.622754722889713,Green,Green,Green,Green,4.834548393638336e-07,-1.5990603433708615e-05,0.001769858812553,-0.0585393052274133,False,True,True
GJR-GARCH-t,IBGL,0.01,1305,0.0025695289378755,0.0122605363984674,0.4279575501884225,0.0022605363984674,0.0002354104529593,0.0002377051481252,0.0002388092843597,0.0053639846743295,0.0099616858237547,0.0167597765363128,0.0006340569352587,Yellow,Green,Green,Green,-2.2946951659559025e-06,-3.398831400423303e-06,-0.0097476349801367,-0.0144378949944543,False,False,False
GJR-GARCH-t,DJCI,0.01,772,0.0020179088658582,0.0207253886010362,0.0088601172834286,0.0107253886010362,0.0003055770554107,0.0002915320952109,0.0003222188078099,0.0155440414507772,0.0103626943005181,0.0133333333333333,0.1762499368846063,Green,Yellow,Green,Green,1.4044960199800912e-05,-1.6641752399262162e-05,0.0459620902522398,-0.054460084959241,True,True,True
GJR-GARCH-t,GOLD,0.01,1848,0.0038991280252561,0.014069264069264,0.0976115243511158,0.004069264069264,0.0004122425484398,0.0004049931261286,0.0004180633949209,0.0102813852813852,0.0086580086580086,0.0162375318951519,0.0001597707389311,Yellow,Green,Green,Green,7.249422311196617e-06,-5.820846481165078e-06,0.0175853325636396,-0.0141199556018531,False,True,True
GJR-GARCH-t,WTI,0.01,1850,0.0060372477675968,0.0183783783783783,0.0011836752307892,0.0083783783783783,0.0010668282581037,0.0010343592618287,0.0010886468685002,0.0129729729729729,0.0086486486486486,0.0166821130676552,5.677242185619935e-05,Yellow,Yellow,Green,Green,3.246899627501747e-05,-2.181861039642812e-05,0.0304350733385413,-0.0204518489557156,True,True,True
GJR-GARCH-t,NATGAS,0.01,1850,-0.0007945926122202,0.0097297297297297,0.9065746205110984,0.0002702702702702,0.0013463976858593,0.0013461829310992,0.0015083457164802,0.0097297297297297,0.0091891891891891,0.0092721372276309,0.6266631140164487,Green,Green,Green,Green,2.147547600599067e-07,-0.0001619480306208,0.0001595032153689,-0.1202824635854074,False,False,True
GJR-GARCH-t,BTC,0.01,1185,0.017441646517076,0.010970464135021,0.7409580122678089,0.000970464135021,0.0008725908206157,0.000942291024833,0.0009861285711562,0.0042194092827004,0.0092827004219409,0.0162748643761302,0.0023633148669373,Yellow,Green,Green,Green,-6.970020421727895e-05,-0.0001135377505404,-0.0798773062591874,-0.1301156829272561,False,False,False
GJR-GARCH-t,ETH,0.01,841,0.0148266462222147,0.0071343638525564,0.378666952863265,0.0028656361474435,0.0012525040325666,0.0013057506356512,0.0013184115716306,0.0047562425683709,0.0107015457788347,0.0132720775906074,0.1657212206184877,Green,Green,Green,Green,-5.3246603084632e-05,-6.590753906398554e-05,-0.0425121210791776,-0.0526206202537539,False,False,False
GJR-GARCH-t,EURUSD,0.01,1660,0.0005438647763226,0.0126506024096385,0.2971768335854877,0.0026506024096385,0.0001516924570573,0.0001509336458466,0.0001585057335551,0.0102409638554216,0.008433734939759,0.0113607022979602,0.404854881882158,Green,Green,Green,Green,7.58811210696417e-07,-6.813276497733391e-06,0.0050023002159514,-0.0449150645318869,False,True,True
GJR-GARCH-t,GBPUSD,0.01,1664,0.0011848089742299,0.016826923076923,0.0107835541694454,0.006826923076923,0.0001925487281223,0.0001880813630525,0.0002011119148388,0.0114182692307692,0.0096153846153846,0.0136562741561453,0.0301003505185024,Green,Yellow,Green,Green,4.467365069868619e-06,-8.56318671644033e-06,0.0232012182756619,-0.0444728292933588,True,True,True
GJR-GARCH-t,USDJPY,0.01,1966,0.0006439491879882,0.0116988809766022,0.4609827225645565,0.0016988809766022,0.0001999987246893,0.0001995081838578,0.000223294642912,0.0096642929806714,0.008646998982706,0.0115543928493568,0.3018178805805762,Green,Green,Green,Green,4.905408315349828e-07,-2.329591822266552e-05,0.0024527197975732,-0.1164803338563747,False,True,True
GJR-GARCH-t,AUDUSD,0.01,1473,0.0021667739019642,0.010183299389002,0.943802120886688,0.000183299389002,0.0002062119634072,0.0002112833880448,0.0002324350240921,0.0054310930074677,0.0081466395112016,0.0174621653084982,7.010821393760303e-05,Yellow,Green,Green,Green,-5.071424637617108e-06,-2.6223060684826572e-05,-0.0245932610010643,-0.1271655642647408,False,False,False
GARCH-N,SP500,0.01,1902,0.0047963656983552,0.021030494216614,2.524872545794921e-05,0.011030494216614,0.0004188816618401,0.0003934865555887,0.0004108988971786,0.0115667718191377,0.0068349106203995,0.0229833258224425,1.042499420123022e-13,Yellow,Yellow,Green,Green,2.5395106251386863e-05,7.982764661487306e-06,0.0606259680593981,0.0190573266598005,True,True,True
GARCH-N,STOXX,0.01,1577,0.0049090497884995,0.0240963855421686,1.8953797306098252e-06,0.0140963855421686,0.000414531223823,0.0003792741499168,0.0004113264833624,0.010145846544071,0.0076093849080532,0.022294725394236,1.1122902598970086e-10,Yellow,Yellow,Green,Green,3.5257073906203495e-05,3.204740460666176e-06,0.0850528787217519,0.0077309989609708,True,True,True
GARCH-N,GDAXI,0.01,1922,0.0036135898281409,0.0249739854318418,2.9479566232559762e-08,0.0149739854318418,0.000467431787989,0.0004312293297995,0.0004541902655647,0.0166493236212278,0.0088449531737773,0.0189647478804105,8.00690365121426e-08,Yellow,Yellow,Yellow,Green,3.620245818951518e-05,1.3241522424324982e-05,0.0774497137759065,0.0283282454564987,False,True,True
GARCH-N,FCHI,0.01,1935,0.0036200006666317,0.0227390180878552,1.3785884217520916e-06,0.0127390180878552,0.0004620564485778,0.0004304497998107,0.0004390273373847,0.0170542635658914,0.0103359173126615,0.017948149789497,1.3839347868804808e-06,Yellow,Yellow,Yellow,Green,3.1606648767156366e-05,2.3029111193101533e-05,0.068404301821641,0.0498404713622784,False,True,True
GARCH-N,FTSE100,0.01,1911,0.0041967514551239,0.0230245944531658,9.943912377963215e-07,0.0130245944531658,0.0003798094899936,0.000349641544379,0.0003755873435193,0.0141287284144427,0.0078492935635792,0.02108095985647,9.398637423885248e-11,Yellow,Yellow,Green,Green,3.0167945614599317e-05,4.2221464743302925e-06,0.0794291517442125,0.0111164849366998,True,True,True
GARCH-N,ICLN,0.01,1263,0.0057425397278727,0.0102929532858273,0.9170608870431668,0.0002929532858273,0.0005366870088411,0.0005452326784383,0.0006045187700021,0.0079176563737133,0.007125890736342,0.0237610319076714,1.8201340434842448e-10,Yellow,Green,Green,Green,-8.545669597263264e-06,-6.783176116103456e-05,-0.0159230043889382,-0.1263897952505042,False,False,False
GARCH-N,NIKKEI,0.01,1851,0.0041875735879723,0.0259319286871961,9.337205009174454e-09,0.0159319286871961,0.0005126901346843,0.0004812054731218,0.0004921837048657,0.012965964343598,0.0075634792004321,0.0166782487838776,5.717968898300008e-05,Yellow,Yellow,Green,Green,3.148466156247036e-05,2.0506429818535252e-05,0.0614107029421507,0.0399977070578148,True,True,True
GARCH-N,HSI,0.01,1862,0.0044859965641476,0.018796992481203,0.0006724796726268,0.008796992481203,0.0005449275636653,0.000522468719983,0.0005639077578505,0.010204081632653,0.0085929108485499,0.0184162062615101,6.053790193583097e-07,Yellow,Yellow,Green,Green,2.2458843682325548e-05,-1.8980194185177745e-05,0.0412143653208854,-0.0348306737459006,True,True,True
GARCH-N,BOVESPA,0.01,1873,0.0036149733502165,0.0170848905499199,0.0051267001280835,0.0070848905499199,0.0004801344691426,0.0004642745295173,0.0004975767480019,0.0122797650827549,0.0069407367859049,0.0144197756923781,0.0058879233062282,Green,Yellow,Green,Green,1.585993962532336e-05,-1.7442278859337802e-05,0.0330322870874995,-0.0363279039109282,True,True,True
GARCH-N,NIFTY,0.01,1287,0.0034981372973367,0.0186480186480186,0.0053744081335402,0.0086480186480186,0.0003197768542807,0.0003129567209657,0.0003193098089373,0.0093240093240093,0.0077700077700077,0.0213262245918027,6.037074107290152e-08,Yellow,Yellow,Green,Green,6.82013331502931e-06,4.670453434209472e-07,0.0213277891246057,0.0014605351737275,True,True,True
GARCH-N,ASX200,0.01,1912,0.0027927869391912,0.0277196652719665,1.583385644821078e-10,0.0177196652719665,0.0003830657361947,0.0003442937507773,0.0003515127701264,0.0183054393305439,0.0094142259414225,0.0190625700829782,6.443801736644161e-08,Yellow,Yellow,Yellow,Green,3.8771985417387336e-05,3.155296606826701e-05,0.1012149658764451,0.082369585914166,False,True,True
GARCH-N,CBU0,0.01,1055,0.0008492526288492,0.0132701421800947,0.309340451568912,0.0032701421800947,0.0001335411156985,0.0001336096810162,0.000138778243658,0.0085308056872037,0.0085308056872037,0.0174796747967479,0.0007478535204775,Yellow,Green,Green,Green,-6.856531769785937e-08,-5.237127959412818e-06,-0.0005134397547839,-0.039217344650867,False,True,False
GARCH-N,TLT,0.01,1709,0.000501783080876,0.013458162668227,0.1723133518352555,0.003458162668227,0.0002755909161441,0.0002744750467853,0.0002899456962704,0.0111176126389701,0.0087770626097132,0.0107850514171055,0.622754722889713,Green,Green,Green,Green,1.1158693588419056e-06,-1.4354780126314194e-05,0.0040490063114354,-0.0520872760508774,False,True,True
GARCH-N,IBGL,0.01,1305,0.0031866086808751,0.0122605363984674,0.4279575501884225,0.0022605363984674,0.0002288255924899,0.0002342020107913,0.0002326083059857,0.0045977011494252,0.0091954022988505,0.0213604995070653,4.4959354239537674e-08,Yellow,Green,Green,Green,-5.376418301443313e-06,-3.7827134957651818e-06,-0.023495703618378,-0.0165309896266586,False,False,False
GARCH-N,DJCI,0.01,772,0.0036353124861536,0.0233160621761658,0.0015193813781387,0.0133160621761658,0.0003176174314522,0.0002916287996557,0.0003387801788341,0.0116580310880829,0.0116580310880829,0.0161111111111111,0.0166809249960486,Yellow,Yellow,Green,Green,2.5988631796491977e-05,-2.1162747381845456e-05,0.0818236948698403,-0.0666296786202255,True,True,True
GARCH-N,GOLD,0.01,1848,0.0058154549334591,0.0227272727272727,2.4236440010483307e-06,0.0127272727272727,0.0004304332000417,0.0004027155653714,0.0004153382143193,0.0086580086580086,0.0113636363636363,0.0206448619809788,8.066067813672361e-10,Yellow,Yellow,Green,Green,2.7717634670251977e-05,1.509498572243559e-05,0.0643947415477335,0.0350692876873151,True,True,True
GARCH-N,WTI,0.01,1850,0.0053026613309212,0.0221621621621621,5.860401623203337e-06,0.0121621621621621,0.0011347460958048,0.0010929448438953,0.0011662836302287,0.0135135135135135,0.0091891891891891,0.0169138090824837,3.262360578493162e-05,Yellow,Yellow,Green,Green,4.180125190942729e-05,-3.153753442398173e-05,0.0368375375460359,-0.0277925912594694,True,True,True
GARCH-N,NATGAS,0.01,1850,0.0046755677757225,0.0118918918918918,0.4271175368964937,0.0018918918918918,0.0013434119622323,0.0013416018092068,0.0014717376518513,0.0097297297297297,0.0097297297297297,0.0141400092721372,0.0100929049979687,Green,Green,Green,Green,1.8101530254791e-06,-0.000128325689619,0.0013474295870279,-0.0955222174781223,False,True,True
GARCH-N,BTC,0.01,1185,0.026398994484491,0.0244725738396624,2.3775598187447677e-05,0.0144725738396624,0.0008923009576224,0.000918835891074,0.000916578909608,0.0033755274261603,0.0075949367088607,0.0216998191681736,8.671007833971346e-08,Yellow,Yellow,Green,Green,-2.6534933451629185e-05,-2.427795198557724e-05,-0.0297376498646058,-0.0272082549930978,True,True,False
GARCH-N,ETH,0.01,841,0.0325709864017387,0.0214030915576694,0.0039101049468285,0.0114030915576694,0.0013007291051956,0.0012790303548877,0.0013356767241564,0.0071343638525564,0.0107015457788347,0.0214395099540581,1.004636597268238e-05,Yellow,Yellow,Green,Green,2.1698750307916825e-05,-3.494761896078217e-05,0.0166819902939376,-0.0268677150539536,True,True,True
GARCH-N,EURUSD,0.01,1660,0.0011837784228271,0.0138554216867469,0.1357780366637481,0.0038554216867469,0.0001472049162871,0.0001474983187997,0.0001551683906293,0.008433734939759,0.0072289156626506,0.0131680867544539,0.0588024446102266,Green,Green,Green,Green,-2.934025125196313e-07,-7.963474342167532e-06,-0.0019931570216528,-0.0540978830260749,False,True,False
GARCH-N,GBPUSD,0.01,1664,0.0019806948548665,0.0204326923076923,0.0001777243207217,0.0104326923076923,0.0001968236971374,0.0001863742719787,0.0001952308498093,0.0084134615384615,0.0102163461538461,0.0162329296573048,0.0003440035101106,Yellow,Yellow,Green,Green,1.0449425158711752e-05,1.5928473280567529e-06,0.0530902798325889,0.0080927619551035,True,True,True
GARCH-N,USDJPY,0.01,1966,0.0022445027532049,0.0142421159715157,0.0755363541489677,0.0042421159715157,0.0002042796385699,0.000200222138763,0.0002205031085742,0.0106815869786368,0.0081383519837232,0.0159145410943972,0.0002098200277228,Green,Green,Green,Green,4.057499806900313e-06,-1.622347000438667e-05,0.0198624779018873,-0.0794179494244348,False,True,True
GARCH-N,AUDUSD,0.01,1473,0.003133816041032,0.0142566191446028,0.1227624726374485,0.0042566191446028,0.0002042981222538,0.0002120017971074,0.0002264124936016,0.0033944331296673,0.0074677528852681,0.0183352735739231,1.0891853479688685e-05,Yellow,Green,Green,Green,-7.703674853579205e-06,-2.2114371347792846e-05,-0.0377080061656478,-0.1082455927828478,False,False,False
Hist-Sim,SP500,0.01,1902,0.0032825847400032,0.0173501577287066,0.0035297881228083,0.0073501577287066,0.0005581691664894,0.0005402445365878,0.0006160456295642,0.0136698212407991,0.0189274447949526,0.0162235241099594,0.0001320490055821,Yellow,Yellow,Green,Yellow,1.792462990158391e-05,-5.787646307487478e-05,0.032113257015468,-0.1036898247871474,True,True,True
Hist-Sim,STOXX,0.01,1577,0.0047453718086177,0.014584654407102,0.086773448175389,0.004584654407102,0.0005190351938644,0.000505785174535,0.0005787628997936,0.0107799619530754,0.0126823081800887,0.0171288743882544,7.992751135421639e-05,Yellow,Green,Green,Green,1.3250019329418517e-05,-5.972770592925752e-05,0.0255281712801907,-0.1150744817216706,False,True,True
Hist-Sim,GDAXI,0.01,1922,0.0027969278978324,0.0156087408949011,0.0223806506798933,0.0056087408949011,0.0005258987234757,0.000513853903507,0.0005759958713211,0.0119667013527575,0.0124869927159209,0.0158411423471664,0.0002924130121549,Green,Green,Green,Green,1.2044819968662203e-05,-5.009714784545184e-05,0.0229033071026612,-0.0952600674030038,False,True,True
Hist-Sim,FCHI,0.01,1935,0.0035556210507943,0.0175710594315245,0.0024984144686829,0.0075710594315245,0.0005441042599438,0.0005248388424372,0.0006036305741273,0.0129198966408268,0.014470284237726,0.0157323288278307,0.0003550736696449,Green,Yellow,Green,Green,1.9265417506572472e-05,-5.952631418351076e-05,0.0354075844003909,-0.1094024042187407,True,True,True
Hist-Sim,FTSE100,0.01,1911,0.0036501061976578,0.0167451596023024,0.0068894433964651,0.0067451596023024,0.0004572788921414,0.0004419943306006,0.0005369417188329,0.010465724751439,0.0109890109890109,0.0170441803094864,1.740523472681943e-05,Yellow,Yellow,Green,Green,1.528456154081581e-05,-7.96628266915416e-05,0.0334250318645545,-0.1742105923990505,True,True,True
Hist-Sim,ICLN,0.01,1263,0.0008834086325304,0.0087094220110847,0.6373904008233857,0.0012905779889152,0.0005586609484945,0.0005598010562308,0.0006323821245138,0.0087094220110847,0.01187648456057,0.0112016293279022,0.5201517520953596,Green,Green,Green,Green,-1.140107736361559e-06,-7.37211760193251e-05,-0.0020407865261281,-0.1319604962866829,False,False,False
Hist-Sim,NIKKEI,0.01,1851,0.005297441133603,0.0162074554294975,0.0137857834764678,0.0062074554294975,0.0005509371564144,0.0005477867370027,0.0005923116528485,0.0075634792004321,0.0140464613722312,0.0162149640954366,0.0001663296206554,Yellow,Yellow,Green,Green,3.1504194117701204e-06,-4.137449643404508e-05,0.0057182917780916,-0.0750983954382602,True,True,True
Hist-Sim,HSI,0.01,1862,0.0034544758569634,0.0134264232008592,0.157914456758373,0.0034264232008592,0.0005499424920909,0.0005449821420167,0.0006026393960001,0.010204081632653,0.0096670247046186,0.0177255985267035,3.93554966660048e-06,Yellow,Green,Green,Green,4.960350074225718e-06,-5.26969039091529e-05,0.009019761421536,-0.0958225717543459,False,True,True
Hist-Sim,BOVESPA,0.01,1873,0.0044129650871144,0.0117458622530699,0.4599274365675694,0.0017458622530699,0.0006642411218491,0.0006601334722831,0.0007262395905843,0.0090763481046449,0.0181526962092899,0.0153353170061799,0.0010146275322366,Green,Green,Green,Yellow,4.107649565981671e-06,-6.199846873520729e-05,0.0061839736066727,-0.0933372937866531,False,True,True
Hist-Sim,NIFTY,0.01,1287,0.0030245018021237,0.0132090132090132,0.2701296444226774,0.0032090132090132,0.0003401709092641,0.0003411848658623,0.0003889733609666,0.0054390054390054,0.017094017094017,0.015994668443852,0.0023971164444432,Green,Green,Green,Yellow,-1.013956598163758e-06,-4.880245170249336e-05,-0.0029807269538628,-0.143464506732976,False,False,False
Hist-Sim,ASX200,0.01,1912,0.0026537138837206,0.0177824267782426,0.0020549184192512,0.0077824267782426,0.0004578809909591,0.0004467719909227,0.0005073666657707,0.0104602510460251,0.0146443514644351,0.0143529939448306,0.0060974544575614,Green,Yellow,Green,Green,1.1109000036361462e-05,-4.948567481163988e-05,0.0242617628940909,-0.108075407777866,True,True,True
Hist-Sim,CBU0,0.01,1055,0.0014170611570848,0.0170616113744075,0.0362326894786705,0.0070616113744075,0.0001510854790883,0.0001472730647749,0.0001552890809262,0.0075829383886255,0.0075829383886255,0.0178861788617886,0.0004021989007717,Yellow,Yellow,Green,Green,3.812414313321427e-06,-4.203601837890058e-06,0.0252334925654438,-0.0278226727231211,True,True,True
Hist-Sim,TLT,0.01,1709,0.0011777614133937,0.0146284376828554,0.0720295011726479,0.0046284376828554,0.0003823170512295,0.0003785242621447,0.0004083746338297,0.0117027501462843,0.0099473376243417,0.0135440180586907,0.0328513193554363,Green,Green,Green,Green,3.792789084848319e-06,-2.605758260019428e-05,0.0099205334228499,-0.0681569982724833,False,True,True
Hist-Sim,IBGL,0.01,1305,0.0017064089708547,0.0137931034482758,0.1928118884718651,0.0037931034482758,0.0002413487914412,0.0002402674124321,0.0002433952749301,0.0084291187739463,0.01455938697318,0.014788038120276,0.0132037968539076,Green,Green,Green,Green,1.081379009165278e-06,-2.046483488892843e-06,0.0044805652545739,-0.0084793608315649,False,True,True
Hist-Sim,DJCI,0.01,772,0.0015082053758471,0.0207253886010362,0.0088601172834286,0.0107253886010362,0.0004158440870746,0.0004003982080949,0.00043401514954,0.0194300518134715,0.0129533678756476,0.0116666666666666,0.48870242653385,Green,Yellow,Yellow,Green,1.544587897968526e-05,-1.8171062465414717e-05,0.0371434377926149,-0.0436968157783407,False,True,True
Hist-Sim,GOLD,0.01,1848,0.0027939702624743,0.0167748917748917,0.0076298507540519,0.0067748917748917,0.0004503799067947,0.0004377547884236,0.0004525869161842,0.0119047619047619,0.0102813852813852,0.0136859197401994,0.0212574144954212,Green,Yellow,Green,Green,1.2625118371167787e-05,-2.207009389517973e-06,0.0280321528129823,-0.0049003282700257,True,True,True
Hist-Sim,WTI,0.01,1850,0.0052915195308481,0.0145945945945945,0.0630576475377294,0.0045945945945945,0.0014301959372843,0.0014181185725394,0.0016133894377839,0.0113513513513513,0.0135135135135135,0.0166821130676552,5.677242185619935e-05,Yellow,Green,Green,Green,1.2077364744918825e-05,-0.0001831935004995,0.0084445525470104,-0.1280897922611782,False,True,True
Hist-Sim,NATGAS,0.01,1850,0.004023437531733,0.02,0.0001416260779167,0.01,0.0017675545051768,0.0017328947856528,0.0018233458491136,0.0183783783783783,0.0086486486486486,0.0125173852573018,0.1097896752783782,Green,Yellow,Yellow,Green,3.46597195239821e-05,-5.5791343936790853e-05,0.0196088547326096,-0.0315641434385128,False,True,True
Hist-Sim,BTC,0.01,1185,0.0148669648616525,0.0126582278481012,0.377099676701868,0.0026582278481012,0.0008978535932375,0.0009221359918628,0.0009522359641327,0.0042194092827004,0.0092827004219409,0.0137432188065099,0.061214294455915,Green,Green,Green,Green,-2.4282398625233336e-05,-5.438237089516913e-05,-0.0270449423025335,-0.0605693080751283,False,False,False
Hist-Sim,ETH,0.01,841,0.0068921316489597,0.0237812128418549,0.0006473892468038,0.0137812128418549,0.0013314389529404,0.0012661456650337,0.0013337327451442,0.0154577883472057,0.0142687277051129,0.0122511485451761,0.3333871384938612,Green,Yellow,Green,Green,6.529328790666998e-05,-2.293792203842673e-06,0.0490396407304077,-0.0017227918702369,True,True,True
Hist-Sim,EURUSD,0.01,1660,0.0011022546580559,0.0150602409638554,0.0538718641854123,0.0050602409638554,0.0001589254501035,0.0001562945529018,0.0001711650459143,0.0108433734939759,0.0096385542168674,0.013426284533953,0.0416980480444447,Green,Green,Green,Green,2.6308972017284593e-06,-1.2239595810711683e-05,0.0165542850437959,-0.0770146996766938,False,True,True
Hist-Sim,GBPUSD,0.01,1664,0.0014181250780124,0.0186298076923076,0.0015820132339755,0.0086298076923076,0.0001970906582906,0.000193753197712,0.0002111353233349,0.009014423076923,0.0120192307692307,0.0144292708064931,0.0092989876420637,Green,Yellow,Green,Green,3.3374605785695176e-06,-1.4044665044265998e-05,0.0169336314948394,-0.0712599225456589,True,True,True
Hist-Sim,USDJPY,0.01,1966,0.001905789692983,0.0188199389623601,0.0004609162085416,0.0088199389623601,0.0002224283494855,0.0002116751868289,0.0002409296024265,0.0127161749745676,0.0132248219735503,0.0148245040331371,0.0021808531770959,Green,Yellow,Green,Green,1.075316265660456e-05,-1.8501252940932445e-05,0.0483443890199843,-0.0831784841443098,True,True,True
Hist-Sim,AUDUSD,0.01,1473,0.0035520922886569,0.010183299389002,0.943802120886688,0.000183299389002,0.000221511427813,0.000228194100058,0.0002516709297391,0.0061099796334012,0.0108621860149355,0.0174621653084982,7.010821393760303e-05,Yellow,Green,Green,Green,-6.682672245089552e-06,-3.0159501926135996e-05,-0.0301685213763819,-0.1361532550437799,False,False,False
EWMA,SP500,0.01,1902,0.0042582975268042,0.0247108307045215,5.604504216272233e-08,0.0147108307045215,0.0004788847595772,0.0004354976012858,0.0004367808196862,0.0152471083070452,0.0094637223974763,0.0209553853086976,1.5982859480345724e-10,Yellow,Yellow,Green,Green,4.3387158291452736e-05,4.210393989099049e-05,0.0906004157028372,0.087920818211376,True,True,True
EWMA,STOXX,0.01,1577,0.0049242912702185,0.0291693088142041,5.153875104468851e-10,0.0191693088142041,0.0004796772255057,0.0004243726427126,0.0004747672824099,0.0152187698161065,0.0088776157260621,0.0228384991843393,2.0525803279269894e-11,Yellow,Yellow,Green,Green,5.53045827930496e-05,4.9099430957418445e-06,0.1152954108562109,0.0102359312359791,True,True,True
EWMA,GDAXI,0.01,1922,0.0035465989635256,0.0286160249739854,2.2169821534134823e-11,0.0186160249739854,0.000499471259582,0.000456826560481,0.0004776566725276,0.0176899063475546,0.0093652445369406,0.0185185185185185,2.989674114939334e-07,Yellow,Yellow,Yellow,Green,4.264469910095388e-05,2.181458705436052e-05,0.0853796855831954,0.0436753599648891,False,True,True
EWMA,FCHI,0.01,1935,0.003930815459453,0.0268733850129198,6.828633214439606e-10,0.0168733850129199,0.0005099357279484,0.000463758454723,0.0004874872684236,0.0186046511627906,0.0103359173126615,0.017948149789497,1.3839347868804808e-06,Yellow,Yellow,Yellow,Green,4.617727322532182e-05,2.244845952471499e-05,0.0905550850714135,0.0440221351326572,False,True,True
EWMA,FTSE100,0.01,1911,0.0042261079610299,0.0219780219780219,5.5294926354365614e-06,0.0119780219780219,0.000423102675331,0.0003884424510411,0.0004417112916978,0.0151753008895866,0.0094191522762951,0.0230993496299618,5.839773109528323e-14,Yellow,Yellow,Green,Green,3.4660224289944416e-05,-1.8608616366759263e-05,0.0819191801678433,-0.0439813252237114,True,True,True
EWMA,ICLN,0.01,1263,0.0068852846836355,0.014251781472684,0.1534332923264182,0.004251781472684,0.0005396999260363,0.0005386540546452,0.0005882488711627,0.0079176563737133,0.0055423594615993,0.0224032586558044,5.941499070516443e-09,Yellow,Green,Green,Green,1.0458713910695182e-06,-4.8548945126394285e-05,0.0019378757354121,-0.0899554415042254,False,True,True
EWMA,NIKKEI,0.01,1851,0.0046829586224131,0.0226904376012965,2.5235073768392624e-06,0.0126904376012965,0.0005061383576115,0.0004790542181708,0.0005117514985995,0.0097244732576985,0.0081037277147487,0.0194579569145239,3.2302518437887784e-08,Yellow,Yellow,Green,Green,2.7084139440630565e-05,-5.613140988043521e-06,0.0535113354546793,-0.0110901315887854,True,True,True
EWMA,HSI,0.01,1862,0.0049705585998745,0.0171858216970998,0.0046949992783726,0.0071858216970998,0.0005177003524323,0.0005052635121961,0.0005498797727351,0.0085929108485499,0.0075187969924812,0.0191068139963167,8.348991631379478e-08,Yellow,Yellow,Green,Green,1.2436840236169164e-05,-3.217942030282381e-05,0.0240232408143742,-0.0621583897936941,True,True,True
EWMA,BOVESPA,0.01,1873,0.0037767859375105,0.0186865990389749,0.0007469269671536,0.0086865990389749,0.0004977460834383,0.0004824659991608,0.0005110486656645,0.0106780565936999,0.0085424452749599,0.0171663996337834,1.5601889871152963e-05,Yellow,Yellow,Green,Green,1.5280084277559272e-05,-1.3302582226213396e-05,0.030698552506945,-0.0267256391739349,True,True,True
EWMA,NIFTY,0.01,1287,0.0035307230418005,0.0155400155400155,0.0646728363341846,0.0055400155400155,0.0003139309327243,0.000304452353294,0.0003246246443372,0.0101010101010101,0.0069930069930069,0.0193268910363212,5.3203382848199254e-06,Yellow,Green,Green,Green,9.478579430366909e-06,-1.0693711612838358e-05,0.0301931999758975,-0.0340638990877252,False,True,True
EWMA,ASX200,0.01,1912,0.0033110908513155,0.0303347280334728,6.23945339839338e-13,0.0203347280334728,0.0004080230262613,0.0003586004631367,0.0003709640778987,0.0188284518828451,0.0099372384937238,0.0197353666741421,8.071228574380031e-09,Yellow,Yellow,Yellow,Green,4.942256312460161e-05,3.7058948362613995e-05,0.1211268971201311,0.0908256298723637,False,True,True
EWMA,CBU0,0.01,1055,0.0009799736807461,0.0170616113744075,0.0362326894786705,0.0070616113744075,0.0001434621939489,0.0001397076559648,0.0001451865038491,0.0113744075829383,0.0066350710900473,0.0166666666666666,0.0024222839738243,Yellow,Yellow,Green,Green,3.754537984091539e-06,-1.72430990019051e-06,0.0261709226712946,-0.0120192634221418,True,True,True
EWMA,TLT,0.01,1709,0.0006279826341517,0.0146284376828554,0.0720295011726479,0.0046284376828554,0.0002908116735662,0.0002881976217109,0.0003032665924423,0.0140433001755412,0.0058513750731421,0.0125407574617506,0.1208782376097283,Green,Green,Green,Green,2.6140518553328116e-06,-1.245491887611578e-05,0.0089888133556547,-0.0428281255816831,False,True,True
EWMA,IBGL,0.01,1305,0.0043929904455414,0.0130268199233716,0.2937080020729322,0.0030268199233716,0.0002279680807584,0.0002349358396781,0.0002347022075324,0.003831417624521,0.0061302681992337,0.0220177456457443,8.903414561167722e-09,Yellow,Green,Green,Green,-6.967758919708655e-06,-6.734126774056063e-06,-0.0305646250849121,-0.0295397792166866,False,False,False
EWMA,DJCI,0.01,772,0.0034671998769248,0.022020725388601,0.0037673021313124,0.012020725388601,0.000307178285929,0.0002851551492981,0.0003094558176939,0.0129533678756476,0.0116580310880829,0.02,0.0001743576663272,Yellow,Yellow,Green,Green,2.2023136630852983e-05,-2.2775317649153235e-06,0.0716949655612806,-0.0074143644562224,True,True,True
EWMA,GOLD,0.01,1848,0.0056737547714173,0.0248917748917748,6.277910769014738e-08,0.0148917748917748,0.0004494492905528,0.0004196857660632,0.0004278353586886,0.0091991341991342,0.0091991341991342,0.0206448619809788,8.066067813672361e-10,Yellow,Yellow,Green,Green,2.9763524489539507e-05,2.1613931864122404e-05,0.0662222081893405,0.0480898119508386,True,True,True
EWMA,WTI,0.01,1850,0.0060938433032244,0.0237837837837837,4.197000589289957e-07,0.0137837837837837,0.0011834812456054,0.0011198407945826,0.0012014265592089,0.0167567567567567,0.0091891891891891,0.0178405931417979,3.125430236616822e-06,Yellow,Yellow,Yellow,Green,6.364045102277469e-05,-1.794531360346514e-05,0.0537739412931854,-0.0151631584109169,False,True,True
EWMA,NATGAS,0.01,1850,0.0038817884617187,0.0118918918918918,0.4271175368964937,0.0018918918918918,0.0013635889933448,0.0013576187663694,0.0014788765819443,0.0113513513513513,0.0086486486486486,0.0139082058414464,0.0148521994196989,Green,Green,Green,Green,5.970226975402556e-06,-0.0001152875885995,0.0043783185435941,-0.0845471686572608,False,True,True
EWMA,BTC,0.01,1185,0.0315509153239669,0.0227848101265822,0.0001504969471975,0.0127848101265822,0.0008857531603039,0.0009464412107348,0.0009262098887481,0.0025316455696202,0.010126582278481,0.0220614828209764,3.81705955732059e-08,Yellow,Yellow,Green,Green,-6.068805043092152e-05,-4.045672844418108e-05,-0.0685157594132622,-0.0456749467654155,True,True,False
EWMA,ETH,0.01,841,0.0327314638893264,0.0225921521997621,0.0016296579378791,0.0125921521997621,0.0013780673008461,0.0012747466419278,0.0013192036576855,0.0071343638525564,0.0118906064209274,0.0245022970903522,5.2244335746465254e-08,Yellow,Yellow,Green,Green,0.0001033206589182,5.8863643160539294e-05,0.0749750457432714,0.0427146360155255,True,True,True
EWMA,EURUSD,0.01,1660,0.0010678527689856,0.0180722891566265,0.0029839756310778,0.0080722891566265,0.0001537898760901,0.0001490088986941,0.0001547883271815,0.0114457831325301,0.008433734939759,0.0157500645494448,0.0009065872340286,Green,Yellow,Green,Green,4.780977395984993e-06,-9.984510913411124e-07,0.0310877251320619,-0.006492307014772,True,True,True
EWMA,GBPUSD,0.01,1664,0.0019804563037948,0.0192307692307692,0.0007855963620929,0.0092307692307692,0.0001978465209259,0.0001866052037903,0.0001935958523533,0.0108173076923076,0.0078125,0.0175212574078845,2.079377338182198e-05,Yellow,Yellow,Green,Green,1.1241317135571055e-05,4.250668572566146e-06,0.0568183715486202,0.0214846768731285,True,True,True
EWMA,USDJPY,0.01,1966,0.0026037473688422,0.0183112919633774,0.000904884154515,0.0083112919633774,0.0002016074151717,0.0001948786436827,0.000213598112089,0.0096642929806714,0.0076297049847405,0.0174405929801613,4.612991178931658e-06,Yellow,Yellow,Green,Green,6.728771489055102e-06,-1.1990696917287658e-05,0.0333756150949231,-0.0594754756766859,True,True,True
EWMA,AUDUSD,0.01,1473,0.0030536680909503,0.0196877121520706,0.0009669242101998,0.0096877121520706,0.0002102939869447,0.0002111944016724,0.0002252313761828,0.0054310930074677,0.0074677528852681,0.0203725261932479,8.367775294892965e-08,Yellow,Yellow,Green,Green,-9.004147276872728e-07,-1.493738923807051e-05,-0.0042816950725453,-0.0710309859786654,True,True,False
Chronos-Small-A,SP500,0.01,1824,0.0043762837227268,0.0213815789473684,2.2145433871911813e-05,0.0113815789473684,0.0005000372967452,0.0004676378348521,0.0005146204442549,0.0131578947368421,0.0120614035087719,0.0183356840620592,9.853207580956536e-07,Yellow,Yellow,Green,Green,3.2399461893053223e-05,-1.458314750967134e-05,0.0647940905687285,-0.0291641195658675,True,True,True
Chronos-Small-A,STOXX,0.01,1498,0.0075948804035196,0.0160213618157543,0.0312497528533223,0.0060213618157543,0.0003461967408074,0.0003425983710717,0.000410053313916,0.0060080106809078,0.0066755674232309,0.0226037195994277,1.2944889604682428e-10,Yellow,Yellow,Green,Green,3.5983697356562643e-06,-6.385657310857291e-05,0.010394002344631,-0.1844516876722679,True,True,True
Chronos-Small-A,GDAXI,0.01,1843,0.004223091555249,0.0265870862723819,2.969976375943872e-09,0.0165870862723819,0.0005071311733294,0.0004668376221272,0.000498981216742,0.016820401519262,0.0103092783505154,0.0183763665968829,7.724219465155002e-07,Yellow,Yellow,Yellow,Green,4.029355120217749e-05,8.149956587449056e-06,0.0794539032921967,0.0160707071780703,False,True,True
Chronos-Small-A,FCHI,0.01,1856,0.0044516365883766,0.021551724137931,1.4510567159398136e-05,0.011551724137931,0.0005084423705521,0.0004730737943827,0.0005004212474946,0.0140086206896551,0.0086206896551724,0.0189376443418013,1.4347858412477876e-07,Yellow,Yellow,Green,Green,3.5368576169303434e-05,8.021123057457328e-06,0.0695626057499846,0.0157758745573219,True,True,True
Chronos-Small-A,FTSE100,0.01,1833,0.0042253871791716,0.0207310420076377,5.4592480076331995e-05,0.0107310420076377,0.0004467511899921,0.0004165519851107,0.0004602707914982,0.0147299509001636,0.0087288597926895,0.0166081871345029,7.316816283198246e-05,Yellow,Yellow,Green,Green,3.019920488135506e-05,-1.3519601506134374e-05,0.0675973686424561,-0.0302620380403957,True,True,True
Chronos-Small-A,ICLN,0.01,1185,0.005015544869544,0.0092827004219409,0.8016638096754556,0.000717299578059,0.0004989006748824,0.0005155455458233,0.0005298385711424,0.0042194092827004,0.0084388185654008,0.0173787110789283,0.0004185026614467,Yellow,Green,Green,Green,-1.6644870940847015e-05,-3.0937896259964986e-05,-0.033363095659808,-0.062012135516258,False,False,False
Chronos-Small-A,NIKKEI,0.01,1772,0.0048908738929527,0.0186230248306997,0.0011228456881323,0.0086230248306997,0.0005139683236078,0.0004982501072956,0.000515749987962,0.010158013544018,0.0073363431151241,0.0157232704402515,0.0006422263296528,Green,Yellow,Green,Green,1.571821631220769e-05,-1.7816643542103864e-06,0.0305820720659842,-0.0034664866926115,True,True,True
Chronos-Small-A,HSI,0.01,1784,0.0041438149694174,0.015134529147982,0.0427603438612212,0.005134529147982,0.0005263355687514,0.0005182461266403,0.0005689664039659,0.0089686098654708,0.0095291479820627,0.0175480769230769,9.82849147246334e-06,Yellow,Green,Green,Green,8.089442111117e-06,-4.263083521457013e-05,0.0153693624208351,-0.0809955430443345,False,True,True
Chronos-Small-A,BOVESPA,0.01,1794,0.0021501358812262,0.0167224080267558,0.0090549897445749,0.0067224080267558,0.0005910997033302,0.0005810390329297,0.0005812505108497,0.0128205128205128,0.0105908584169453,0.0124223602484472,0.1290593072749752,Green,Yellow,Green,Green,1.006067040045975e-05,9.849192480504224e-06,0.0170202596005018,0.0166624892975156,True,True,True
Chronos-Small-A,NIFTY,0.01,1208,0.0030816502192997,0.0066225165562913,0.2087392166596514,0.0033774834437086,0.0002906716587829,0.0003042658087634,0.0003132614268891,0.0041390728476821,0.0066225165562913,0.0163236337828246,0.0019921805992765,Yellow,Green,Green,Green,-1.3594149980459278e-05,-2.2589768106250476e-05,-0.0467680613836881,-0.0777157573629115,False,False,False
Chronos-Small-A,ASX200,0.01,1833,0.0038459189645206,0.0245499181669394,1.287433842867003e-07,0.0145499181669394,0.0004284438876844,0.0003962935625174,0.0004020386494521,0.0125477359519912,0.0098199672667757,0.0182413470533208,1.194117795977334e-06,Yellow,Yellow,Green,Green,3.2150325167016464e-05,2.6405238232290735e-05,0.075039756876389,0.061630563514394,True,True,True
Chronos-Small-A,CBU0,0.01,976,0.0011033313112661,0.0102459016393442,0.938703827723006,0.0002459016393442,0.0001419350983791,0.0001442698717651,0.0001472311588867,0.0051229508196721,0.0051229508196721,0.072463768115942,0.0,Red,Green,Green,Green,-2.3347733860247587e-06,-5.296060507607562e-06,-0.0164495844416751,-0.037313254917832,False,False,False
Chronos-Small-A,TLT,0.01,1631,0.0002262152684017,0.0128755364806866,0.2637656224269527,0.0028755364806866,0.0003094446564574,0.0003088475889979,0.0003481334536655,0.012262415695892,0.0049049662783568,0.0107809623981067,0.6326557336672913,Green,Green,Green,Green,5.970674594367128e-07,-3.86887972081105e-05,0.0019294805936286,-0.1250265480458615,False,True,True
Chronos-Small-A,IBGL,0.01,1226,0.0020840840325554,0.0081566068515497,0.5027775030159605,0.0018433931484502,0.0002418178594553,0.0002493195707825,0.0002410866783104,0.0057096247960848,0.0106035889070146,0.0153846153846153,0.0073196284373873,Green,Green,Green,Green,-7.501711327138042e-06,7.311811449285828e-07,-0.0310221558657129,0.0030236854572086,False,False,False
Chronos-Small-A,DJCI,0.01,693,0.0006506499207054,0.0331890331890331,1.300439129714448e-06,0.0231890331890331,0.0003982071989602,0.0003838547330615,0.0003721460973058,0.0317460317460317,0.0115440115440115,0.0098948670377241,0.9660498871732806,Green,Yellow,Yellow,Green,1.4352465898684137e-05,2.60611016543938e-05,0.0360427082588128,0.0654460836530327,False,True,True
Chronos-Small-A,GOLD,0.01,1770,0.0045436400998788,0.023728813559322,8.144505692087023e-07,0.013728813559322,0.000476677492827,0.0004392547450698,0.0004361931147048,0.0135593220338983,0.0112994350282485,0.0155076326629512,0.0010006652564253,Green,Yellow,Green,Green,3.742274775716148e-05,4.048437812224101e-05,0.0785074779495391,0.0849303328381174,True,True,True
Chronos-Small-A,WTI,0.01,1772,0.003196345388628,0.0169300225733634,0.0076383305602458,0.0069300225733634,0.0012257467272927,0.0012094592270652,0.0013424685561069,0.0141083521444695,0.0090293453724604,0.0147628267182962,0.004059175361285,Green,Yellow,Green,Green,1.628750022747926e-05,-0.0001167218288142,0.0132878186535751,-0.0952250788970317,True,True,True
Chronos-Small-A,NATGAS,0.01,1771,0.0023954206756121,0.0129870129870129,0.2271281364685463,0.0029870129870129,0.0015138166654273,0.0015066615127599,0.0016612361692541,0.0129870129870129,0.0067758328627893,0.0111353183248608,0.4713687037904954,Green,Green,Green,Green,7.155152667413225e-06,-0.0001474195038268,0.0047265648680075,-0.097382666734748,False,False,True
Chronos-Small-A,BTC,0.01,1107,0.0200702848949333,0.011743450767841,0.570481979039452,0.001743450767841,0.0008524012475761,0.0008799689435703,0.0009050837245512,0.004516711833785,0.009936766034327,0.0174351026733824,0.0005937323969754,Yellow,Green,Green,Green,-2.7567695994241663e-05,-5.2682476975050895e-05,-0.0323412196692951,-0.0618047863313857,False,False,False
Chronos-Small-A,ETH,0.01,762,0.0154484604122742,0.0262467191601049,0.0001787230230931,0.0162467191601049,0.0014110886024538,0.0012695037441881,0.0013767158776033,0.0131233595800524,0.0131233595800524,0.0129504504504504,0.2319727842678867,Green,Yellow,Green,Green,0.0001415848582656,3.437272485043116e-05,0.1003373268124059,0.0243590124607758,True,True,True
Chronos-Small-A,EURUSD,0.01,1582,0.000545397199854,0.0164348925410872,0.018575597065795,0.0064348925410872,0.0001600017868046,0.0001576314626236,0.0001714468390817,0.0126422250316055,0.0082174462705436,0.0111141230685822,0.5040425623235683,Green,Yellow,Green,Green,2.370324181064147e-06,-1.1445052277042295e-05,0.0148143606918431,-0.071530777909453,True,True,True
Chronos-Small-A,GBPUSD,0.01,1585,0.0016590029821619,0.0157728706624605,0.0331352857175109,0.0057728706624605,0.0001970255200402,0.0001927950443643,0.0002048964313824,0.0094637223974763,0.0100946372239747,0.0151433207138994,0.0034816592679404,Green,Green,Green,Green,4.230475675910938e-06,-7.870911342216228e-06,0.0214717142989711,-0.0399486895941572,False,True,True
Chronos-Small-A,USDJPY,0.01,1888,0.0021122853365306,0.017478813559322,0.0031445719011227,0.007478813559322,0.0002058048217831,0.0001991241784457,0.0002268173142604,0.0100635593220338,0.0111228813559322,0.0147626618214853,0.0030153937590744,Green,Yellow,Green,Green,6.680643337430566e-06,-2.1012492477258296e-05,0.0324610632518045,-0.1020991262264699,True,True,True
Chronos-Small-A,AUDUSD,0.01,1395,0.002155706157315,0.0129032258064516,0.2969126723644476,0.0029032258064516,0.0002153008014346,0.0002154610617124,0.0002344785071471,0.0086021505376344,0.0078853046594982,0.0141451414514145,0.0253349886576985,Green,Green,Green,Green,-1.6026027779191205e-07,-1.9177705712484215e-05,-0.0007443552310256,-0.0890740098721939,False,True,False
Chronos-Mini-A,SP500,0.01,1824,0.0046837198213113,0.0230263157894736,1.747458165168858e-06,0.0130263157894736,0.0004810586170005,0.0004473232833924,0.000493827634119,0.0120614035087719,0.0098684210526315,0.0199811941701927,8.38106339884348e-09,Yellow,Yellow,Green,Green,3.373533360807174e-05,-1.2769017118528586e-05,0.0701272826551126,-0.0265435784066108,True,True,True
Chronos-Mini-A,STOXX,0.01,1498,0.0069153008972252,0.0180240320427236,0.005025566852817,0.0080240320427236,0.000357712761367,0.000345565971783,0.0004166941366945,0.0066755674232309,0.0053404539385847,0.0243204577968526,6.427081089555031e-13,Yellow,Yellow,Green,Green,1.2146789583982929e-05,-5.898137532756221e-05,0.0339568248489741,-0.1648847390911096,True,True,True
Chronos-Mini-A,GDAXI,0.01,1843,0.0035941312865564,0.0265870862723819,2.969976375943872e-09,0.0165870862723819,0.0005067215914461,0.0004676463278511,0.0004942000315154,0.016820401519262,0.0103092783505154,0.0183763665968829,7.724219465155002e-07,Yellow,Yellow,Yellow,Green,3.90752635949941e-05,1.252155993069137e-05,0.0771138713143811,0.0247109263589036,False,True,True
Chronos-Mini-A,FCHI,0.01,1856,0.0053588547371113,0.0231681034482758,1.124077845027216e-06,0.0131681034482758,0.000515928968191,0.0004735611320253,0.0005073845120039,0.0150862068965517,0.0086206896551724,0.0177829099307159,3.508595940449055e-06,Yellow,Yellow,Green,Green,4.2367836165617347e-05,8.544456187026934e-06,0.082119514076078,0.0165613034231947,True,True,True
Chronos-Mini-A,FTSE100,0.01,1833,0.0054422847731958,0.0196399345335515,0.0002474776485975,0.0096399345335515,0.0004362652967206,0.0004086394773632,0.0004721743025388,0.011456628477905,0.0098199672667757,0.0177777777777777,4.100551061925195e-06,Yellow,Yellow,Green,Green,2.762581935739078e-05,-3.590900581820457e-05,0.0633234400376394,-0.0823100211915339,True,True,True
Chronos-Mini-A,ICLN,0.01,1185,0.0075370196565014,0.0092827004219409,0.8016638096754556,0.000717299578059,0.0005084568839905,0.0005367311751365,0.0005575543792207,0.0042194092827004,0.0067510548523206,0.0181028240405503,0.000121326210914,Yellow,Green,Green,Green,-2.8274291146009978e-05,-4.909749523013707e-05,-0.0556080407921735,-0.096561767135099,False,False,False
Chronos-Mini-A,NIKKEI,0.01,1772,0.005024469764742,0.0180586907449209,0.002189778871612,0.0080586907449209,0.0005027470396257,0.0004925886471701,0.0005127769018944,0.0095936794582392,0.0084650112866817,0.0181422351233671,2.3245100696511756e-06,Yellow,Yellow,Green,Green,1.015839245561837e-05,-1.002986226867177e-05,0.0202057727941665,-0.019950117013394,True,True,True
Chronos-Mini-A,HSI,0.01,1784,0.0044924925074615,0.0156950672645739,0.025624259765272,0.0056950672645739,0.0005295284729263,0.0005214630830506,0.0005656072528054,0.0095291479820627,0.0100896860986547,0.0194711538461538,5.515234946518177e-08,Yellow,Green,Green,Green,8.065389875747597e-06,-3.60787798791047e-05,0.0152312676052619,-0.0681337864226986,False,True,True
Chronos-Mini-A,BOVESPA,0.01,1794,0.0022556641781728,0.0167224080267558,0.0090549897445749,0.0067224080267558,0.0005535195117809,0.0005420586966383,0.0005792163845573,0.0128205128205128,0.0094760312151616,0.0121834687052078,0.1698060493746443,Green,Yellow,Green,Green,1.1460815142621292e-05,-2.5696872776360263e-05,0.020705349854326,-0.0464245112040916,True,True,True
Chronos-Mini-A,NIFTY,0.01,1208,0.0025540741022955,0.0074503311258278,0.3509424554048755,0.0025496688741721,0.0002885056595167,0.0002980886586145,0.00031044676629,0.0049668874172185,0.0066225165562913,0.0166784953867991,0.0011484174915898,Yellow,Green,Green,Green,-9.582999097734888e-06,-2.1941106773313263e-05,-0.03321598305484,-0.076050871272551,False,False,False
Chronos-Mini-A,ASX200,0.01,1833,0.0036376829439346,0.0229132569558101,1.9772088529768084e-06,0.0129132569558101,0.0004277147250111,0.0003970672644468,0.0004106916069143,0.0136388434260774,0.0087288597926895,0.0189429373246024,1.689289603756805e-07,Yellow,Yellow,Green,Green,3.064746056430075e-05,1.702311809678264e-05,0.0716539758211607,0.0398001684331544,True,True,True
Chronos-Mini-A,CBU0,0.01,976,0.0012689598666917,0.0112704918032786,0.6958216272322967,0.0012704918032786,0.000142464469349,0.0001451602797238,0.0001510042667158,0.0061475409836065,0.0061475409836065,0.101010101010101,0.0,Red,Green,Green,Green,-2.695810374818289e-06,-8.539797366816624e-06,-0.0189226856853243,-0.0599433487229323,False,False,False
Chronos-Mini-A,TLT,0.01,1631,0.0005335758228173,0.0128755364806866,0.2637656224269527,0.0028755364806866,0.0003126176360632,0.0003116750707036,0.000346034923388,0.0104230533415082,0.0049049662783568,0.0115698133052853,0.3424786531208587,Green,Green,Green,Green,9.42565359566324e-07,-3.341728732479443e-05,0.0030150741699537,-0.1068950803467565,False,True,True
Chronos-Mini-A,IBGL,0.01,1226,0.002761601729551,0.0089722675367047,0.7128153915591119,0.0010277324632952,0.0002416814675088,0.0002494512517745,0.0002410081348208,0.0057096247960848,0.0106035889070146,0.0171328671328671,0.0005010198843203,Yellow,Green,Green,Green,-7.769784265796971e-06,6.733326879192853e-07,-0.032148862491966,0.0027860335956242,False,False,False
Chronos-Mini-A,DJCI,0.01,693,0.0006027436548715,0.0331890331890331,1.300439129714448e-06,0.0231890331890331,0.0004156111691752,0.000403078801505,0.0003856115344065,0.0274170274170274,0.0129870129870129,0.0117501546072974,0.4912919466586543,Green,Yellow,Yellow,Green,1.25323676702747e-05,2.999963476877791e-05,0.0301540685134692,0.0721819743880012,False,True,True
Chronos-Mini-A,GOLD,0.01,1770,0.0051872117833462,0.0242937853107344,3.235621498509645e-07,0.0142937853107344,0.0004841952220618,0.0004426547324243,0.000436761861495,0.011864406779661,0.0124293785310734,0.0176883935061788,7.527398891093995e-06,Yellow,Yellow,Green,Green,4.154048963741477e-05,4.743336056680069e-05,0.0857928532638677,0.0979632974584485,True,True,True
Chronos-Mini-A,WTI,0.01,1772,0.0037320246825489,0.0169300225733634,0.0076383305602458,0.0069300225733634,0.0012376941026807,0.0012206986041386,0.0013556178605438,0.0129796839729119,0.0095936794582392,0.0166989351403678,7.872848029033541e-05,Yellow,Yellow,Green,Green,1.6995498542105936e-05,-0.0001179237578631,0.0137315823880024,-0.0952769812893886,True,True,True
Chronos-Mini-A,NATGAS,0.01,1771,0.0023525315821938,0.0135516657255787,0.1541229397785221,0.0035516657255787,0.0014927484276088,0.0014859217049783,0.0016379775920054,0.0124223602484472,0.0073404856013551,0.0108932461873638,0.569487766097625,Green,Green,Green,Green,6.826722630507874e-06,-0.0001452291643965,0.0045732572912123,-0.0972897788472201,False,True,True
Chronos-Mini-A,BTC,0.01,1107,0.0226602342819538,0.015356820234869,0.0968126428159942,0.005356820234869,0.0008488689087082,0.0008944127740853,0.0009013305219372,0.005420054200542,0.009936766034327,0.0197597830298334,1.0952580459022698e-05,Yellow,Green,Green,Green,-4.5543865377057333e-05,-5.2461613228910534e-05,-0.0536524131227287,-0.0618017843399874,False,True,False
Chronos-Mini-A,ETH,0.01,762,0.0202438180956425,0.0236220472440944,0.0013096190799146,0.0136220472440944,0.0013607357392053,0.0012365141325386,0.0013315892627997,0.0078740157480314,0.0091863517060367,0.0157657657657657,0.0242861960553151,Green,Yellow,Green,Green,0.0001242216066666,2.914647640552535e-05,0.0912900301561903,0.0214196449507143,True,True,True
Chronos-Mini-A,EURUSD,0.01,1582,0.0010672704169671,0.0170670037926675,0.0102764199646215,0.0070670037926675,0.0001592363211588,0.0001554448166166,0.0001685714599748,0.0107458912768647,0.0075853350189633,0.0113851992409867,0.4080763336836718,Green,Yellow,Green,Green,3.7915045422415143e-06,-9.335138816008186e-06,0.0238105509763624,-0.0586244315874076,True,True,True
Chronos-Mini-A,GBPUSD,0.01,1585,0.0016382880850899,0.0176656151419558,0.0056449670915651,0.0076656151419558,0.0001969522396964,0.000191336243213,0.0002046656816576,0.0100946372239747,0.0100946372239747,0.0164954029204975,0.0002831746210701,Yellow,Yellow,Green,Green,5.61599648341509e-06,-7.713441961228044e-06,0.0285145093656777,-0.039164022572767,True,True,True
Chronos-Mini-A,USDJPY,0.01,1888,0.0019892150991089,0.0185381355932203,0.0008602246216412,0.0085381355932203,0.0002094220016813,0.0002000966019102,0.0002275809141005,0.0111228813559322,0.0132415254237288,0.0138541903247785,0.0151540018914657,Green,Yellow,Green,Green,9.325399771130502e-06,-1.8158912419180193e-05,0.0445292266154553,-0.0867096688666523,True,True,True
Chronos-Mini-A,AUDUSD,0.01,1395,0.0023692396744087,0.0114695340501792,0.5898751231023392,0.0014695340501792,0.0002170118180306,0.0002174053356518,0.0002349076206408,0.0086021505376344,0.0078853046594982,0.0141451414514145,0.0253349886576985,Green,Green,Green,Green,-3.9351762120897827e-07,-1.7895802610234896e-05,-0.001813346502417,-0.0824646453480702,False,True,False
