model,asset,variant,n_cal,n_original_test,gap,memory_proxy,rho,qV,n_test,viol,pihat,p_kup,p_ind,p_cc,lr_uc,lr_ind,QS,width,TL
Moirai-1.1,ASX200,Contiguous,4356,1868,0,512,0.23374779934327558,0.0019832767592025576,1868,26,0.013918629550321198,0.10805403467309115,0.05200243556188387,0.04162425821970111,2.582453885274525,3.7756904175015507,0.0004009666017294005,0.027135768678172974,Green
Moirai-1.1,ASX200,Logarithmic,4356,1868,7,512,0.23374779934327558,0.0019832767592025576,1861,26,0.013970983342289092,0.1043118293137101,0.05239706450404011,0.04073377423528814,2.6383500018121957,3.7630453919166484,0.000401525733474331,0.027158598213485916,Green
Moirai-1.1,ASX200,Full proxy,4356,1868,519,512,0.23374779934327558,0.0019832767592025576,1349,13,0.009636767976278725,0.8926920595712182,0.6148395344003842,0.8731110074160816,0.018197627812063577,0.2531875221178268,0.0002876237604785256,0.025323741675360115,Green
Lag-Llama,ASX200,Contiguous,4356,1868,0,512,0.16668919416918612,0.00723108265208303,1868,27,0.014453961456102784,0.06969483266736515,0.40612830763013097,0.1366749919014859,3.290192925464062,0.6901060614457037,0.00036822803370916844,0.02680526672170838,Green
Lag-Llama,ASX200,Logarithmic,4356,1868,6,512,0.16668919416918612,0.00723108265208303,1862,27,0.014500537056928034,0.0674264628655952,0.4075041158551025,0.13327667689706943,3.3445853983281246,0.6860706699113166,0.0003686431235906203,0.026824852727812497,Green
Lag-Llama,ASX200,Full proxy,4356,1868,518,512,0.16668919416918612,0.00723108265208303,1350,14,0.01037037037037037,0.8918645490442476,0.5878983741302808,0.8555080906563086,0.018481115858041575,0.29363834108042397,0.000293964817834836,0.025157212244355173,Green
GJR-GARCH,ASX200,Contiguous,4540,1946,0,250,0.45341264702629774,0.0028367806627021524,1946,34,0.017471736896197326,0.0027385201743440634,0.02181688283565573,0.000811072632324404,8.973975987429352,5.2603299103493555,0.00031731903604649645,0.022180768058638917,Yellow
GJR-GARCH,ASX200,Logarithmic,4540,1946,12,250,0.45341264702629774,0.0028367806627021524,1934,34,0.017580144777662874,0.002477525433355843,0.022206598300923166,0.0007515888853765976,9.157117332404578,5.229524824564521,0.000317599177683651,0.02216166992476703,Yellow
GJR-GARCH,ASX200,Full proxy,4540,1946,262,250,0.45341264702629774,0.0028367806627021524,1684,29,0.0172209026128266,0.006917906144378783,0.09977428840452425,0.006726808920348009,7.294161162512729,2.7091476479386642,0.00032528556795257345,0.022772986719641657,Yellow
GJR-GARCH-t,ASX200,Contiguous,4540,1946,0,250,0.44989963838402014,0.0022620621570280317,1946,31,0.01593011305241521,0.015505671982908642,0.012511561333104214,0.0023637894464189828,5.8580831054911755,6.236895394636008,0.00031846009397937204,0.02302794485275089,Green
GJR-GARCH-t,ASX200,Logarithmic,4540,1946,12,250,0.44989963838402014,0.0022620621570280317,1934,31,0.016028955532574975,0.014277700305878285,0.01273969188508614,0.0022334878262011376,6.0034785777011415,6.204903157768683,0.0003186689246339543,0.02300626414803121,Yellow
GJR-GARCH-t,ASX200,Full proxy,4540,1946,262,250,0.44989963838402014,0.0022620621570280317,1684,26,0.015439429928741092,0.03775387841145818,0.06402488217059844,0.020795839464928273,4.316076410073062,3.4299282659414985,0.00032714263230112974,0.02364236677122036,Green
GARCH-N,ASX200,Contiguous,4540,1946,0,250,0.47567648463138473,0.0035527055428165224,1946,31,0.01593011305241521,0.015505671982908642,0.012511561333104214,0.0023637894464189828,5.8580831054911755,6.236895394636008,0.0003274679254440758,0.023082560296130313,Green
GARCH-N,ASX200,Logarithmic,4540,1946,13,250,0.47567648463138473,0.0035527055428165224,1933,31,0.01603724780134506,0.014179121293227471,0.012758948515462857,0.002222846250231509,6.015703949349589,6.202229669811743,0.00032762234241126857,0.02305019269694647,Yellow
GARCH-N,ASX200,Full proxy,4540,1946,263,250,0.47567648463138473,0.0035527055428165224,1683,26,0.015448603683897801,0.037509996999816136,0.06410087420055793,0.020701750026229777,4.327104772378103,3.4279693075306454,0.00033585136438644216,0.023632311303223186,Green
Hist-Sim,ASX200,Contiguous,4540,1946,0,250,0.5176403679737304,0.0026695887990744287,1946,18,0.009249743062692703,0.7362045131729624,9.799397761776113e-06,5.3715378337966814e-05,0.11349068110873617,19.55013176376778,0.0004345170081743482,0.030274415668377838,Green
Hist-Sim,ASX200,Logarithmic,4540,1946,15,250,0.5176403679737304,0.0026695887990744287,1931,18,0.009321595028482652,0.7618391942102553,1.0114212527650501e-05,5.596474626666048e-05,0.09184929481491366,19.489727898023943,0.00043553981313581994,0.03029120672479791,Green
Hist-Sim,ASX200,Full proxy,4540,1946,265,250,0.5176403679737304,0.0026695887990744287,1681,16,0.009518143961927425,0.8413496854757847,5.97517689249782e-06,3.47232443785662e-05,0.040066976118192654,20.496135480791054,0.0004603666363523449,0.031102607079643328,Green
EWMA,ASX200,Contiguous,4540,1946,0,600,0.48876649917518167,0.0033615911817502855,1946,34,0.017471736896197326,0.0027385201743440634,0.1413220068385143,0.0038152827796019743,8.973975987429352,2.1635050003689003,0.000348378822945174,0.023700201556369486,Yellow
EWMA,ASX200,Logarithmic,4540,1946,13,600,0.48876649917518167,0.0033615911817502855,1933,34,0.01758923952405587,0.0024567887832535515,0.14312756467838608,0.0034886052895717833,9.172498938342194,2.1440075679308848,0.0003486995807856565,0.023674558665120762,Yellow
EWMA,ASX200,Full proxy,4540,1946,613,600,0.48876649917518167,0.0033615911817502855,1333,21,0.015753938484621154,0.051440035182333484,0.3382468535777935,0.094848318872169,3.7938878576203425,0.9170647560316354,0.00028331023178285815,0.021415973382925505,Green
Moirai-1.1,AUDUSD,Contiguous,3335,1430,0,512,0.17112421627861304,0.0008843846966506176,1430,7,0.0048951048951048955,0.031295376939228334,0.7929197661759546,0.0951023364050731,4.636686187087145,0.0689172966246332,0.00022927477290406382,0.019164942532248968,Green
Moirai-1.1,AUDUSD,Logarithmic,3335,1430,6,512,0.17112421627861304,0.0008843846966506176,1424,7,0.0049157303370786515,0.03244000684875322,0.7924915042339478,0.09806246708770777,4.57509184678759,0.06920932144163316,0.00022929749160505077,0.019142634112304335,Green
Moirai-1.1,AUDUSD,Full proxy,3335,1430,518,512,0.17112421627861304,0.0008843846966506176,912,4,0.0043859649122807015,0.05521517468591109,0.8510075134948684,0.15638590192203214,3.675575931190531,0.03528126100419371,0.00023316265176809005,0.018684555194735823,Green
Lag-Llama,AUDUSD,Contiguous,3335,1430,0,512,0.14391492678647236,0.004876360535021048,1430,9,0.006293706293706294,0.13061433271927603,0.7355402029202034,0.3013037080747289,2.2851877811432733,0.11408527086172171,0.00022455631318324057,0.019206147150135106,Green
Lag-Llama,AUDUSD,Logarithmic,3335,1430,5,512,0.14391492678647236,0.004876360535021048,1425,9,0.00631578947368421,0.13379315285523458,0.7350908950173278,0.30690719224978164,2.2479313604933857,0.11448840445406461,0.0002247189789531209,0.019207079886132714,Green
Lag-Llama,AUDUSD,Full proxy,3335,1430,517,512,0.14391492678647236,0.004876360535021048,913,5,0.00547645125958379,0.1329630283993358,0.8143705284003725,0.3146338273212566,2.2575644677167563,0.05512707083801871,0.00023019177311607767,0.01882704913721168,Green
GJR-GARCH,AUDUSD,Contiguous,3518,1509,0,250,0.4789213228287039,0.0028530408162919883,1509,6,0.003976143141153081,0.007421859519936649,0.8266941376772773,0.027107892875013983,7.1679244742922705,0.04793621270975734,0.0002090706344435824,0.01738023478360589,Green
GJR-GARCH,AUDUSD,Logarithmic,3518,1509,13,250,0.4789213228287039,0.0028530408162919883,1496,6,0.004010695187165776,0.008102620261228672,0.8259513007956065,0.029319484880058158,7.0106512107604395,0.048354731261539996,0.00020942614355703008,0.017392078319217595,Green
GJR-GARCH,AUDUSD,Full proxy,3518,1509,263,250,0.4789213228287039,0.0028530408162919883,1246,5,0.0040128410914927765,0.01571783495349998,0.8408509715700836,0.05301153840751771,5.83416867673035,0.04032268991417709,0.00021819712772073554,0.017779925876689133,Green
GJR-GARCH-t,AUDUSD,Contiguous,3518,1509,0,250,0.49533968206875223,0.0021036390339184974,1509,8,0.005301524188204109,0.043906758297636926,0.7701953420488126,0.1258406559678707,4.06014387718314,0.08533373788120002,0.00020739179936812805,0.017141893430714667,Green
GJR-GARCH-t,AUDUSD,Logarithmic,3518,1509,13,250,0.49533968206875223,0.0021036390339184974,1496,8,0.0053475935828877,0.04721692299868566,0.7692213621981085,0.13373958123821428,3.9376418173931356,0.0860797696559672,0.00020767085845456156,0.0171454796962523,Green
GJR-GARCH-t,AUDUSD,Full proxy,3518,1509,263,250,0.49533968206875223,0.0021036390339184974,1246,6,0.004815409309791332,0.040792757838571,0.8095059074681505,0.11986879980559936,4.184603331285272,0.058111607274923927,0.00021593045777900375,0.017475033018466715,Green
GARCH-N,AUDUSD,Contiguous,3518,1509,0,250,0.5111071008447879,0.0033569738350275324,1509,5,0.0033134526176275677,0.0024174395710071937,0.8552750617861019,0.009875883060384333,9.202052235619636,0.033266861093636635,0.0002109648800644325,0.017934620323771067,Green
GARCH-N,AUDUSD,Logarithmic,3518,1509,14,250,0.5111071008447879,0.0033569738350275324,1495,5,0.0033444816053511705,0.002679182519755418,0.8546038247093576,0.010847790622494647,9.014008051268148,0.03357964672002822,0.00021108318800663043,0.017927619216911026,Green
GARCH-N,AUDUSD,Full proxy,3518,1509,264,250,0.5111071008447879,0.0033569738350275324,1245,4,0.00321285140562249,0.005013981834746788,0.8723737939335251,0.019252822786988096,7.874388685057811,0.025806496369369825,0.00021881860476474896,0.01824521662344473,Green
Hist-Sim,AUDUSD,Contiguous,3518,1509,0,250,0.6825743858863762,0.003529304245843131,1509,9,0.005964214711729622,0.08845578387893746,0.7423491021239206,0.22198102946779114,2.902254009878572,0.10807269733932401,0.0002213666592432033,0.01852151333389137,Green
Hist-Sim,AUDUSD,Logarithmic,3518,1509,24,250,0.6825743858863762,0.003529304245843131,1485,9,0.006060606060606061,0.09976524500661778,0.7403364054635333,0.24425031099048491,2.7092922396313845,0.10983118999550356,0.0002209292328099038,0.01844378036072882,Green
Hist-Sim,AUDUSD,Full proxy,3518,1509,274,250,0.6825743858863762,0.003529304245843131,1235,9,0.0072874493927125505,0.3140887921833467,0.7161144915973603,0.5639301386599727,1.0134037178677175,0.13224608769321833,0.0002269865723479656,0.018265810975528086,Green
EWMA,AUDUSD,Contiguous,3518,1509,0,600,0.5305259911569837,0.002947321969043638,1509,8,0.005301524188204109,0.043906758297636926,0.7701953420488126,0.1258406559678707,4.06014387718314,0.08533373788120002,0.00020854018579880652,0.01727311395188356,Green
EWMA,AUDUSD,Logarithmic,3518,1509,15,600,0.5305259911569837,0.002947321969043638,1494,8,0.00535475234270415,0.04774603687895997,0.7690704175810187,0.13499073009132861,3.9189026346563463,0.08619570312662006,0.00020881048067901268,0.017271030753462164,Green
EWMA,AUDUSD,Full proxy,3518,1509,615,600,0.5305259911569837,0.002947321969043638,894,3,0.003355704697986577,0.020506693348905716,0.8869111526108211,0.06759434728268705,5.368237081615464,0.020224757400868043,0.00021869476336695132,0.016410476342725272,Green
Moirai-1.1,BOVESPA,Contiguous,4265,1829,0,512,0.10322471749287757,0.0034528117841090243,1829,16,0.008747949699289229,0.5823871900016334,0.12878500070452625,0.2712429595848798,0.30239125139103873,2.307089408432489,0.0005921469394419345,0.038074242348197236,Green
Moirai-1.1,BOVESPA,Logarithmic,4265,1829,5,512,0.10322471749287757,0.0034528117841090243,1824,16,0.008771929824561403,0.590301850330801,0.12918282035757156,0.2736008096278824,0.28987311858431575,2.3022971495594504,0.0005928012800456886,0.038074690585070715,Green
Moirai-1.1,BOVESPA,Full proxy,4265,1829,517,512,0.10322471749287757,0.0034528117841090243,1312,7,0.005335365853658537,0.06235532042651849,0.7839756399147426,0.1695887661678753,3.4736038548918966,0.07515373517976798,0.0003757710124012836,0.03440719503307629,Green
Lag-Llama,BOVESPA,Contiguous,4265,1829,0,512,0.07154457332052792,0.011544224795620783,1829,14,0.007654455986878075,0.29298884122381047,0.642028367091741,0.5163514046700102,1.1058362885098543,0.2160991684600333,0.0005128812027508068,0.040514545640066145,Green
Lag-Llama,BOVESPA,Logarithmic,4265,1829,4,512,0.07154457332052792,0.011544224795620783,1825,14,0.007671232876712329,0.2971430038818949,0.6416607380994441,0.5211201923644235,1.0869723914388745,0.21657674519664738,0.000513321970974065,0.040533709429376175,Green
Lag-Llama,BOVESPA,Full proxy,4265,1829,516,512,0.07154457332052792,0.011544224795620783,1313,5,0.003808073115003808,0.009881554105847063,0.8449307032196336,0.03518306122048245,6.656125414687564,0.038255640365520094,0.0003923860754468317,0.037045156821371605,Green
GJR-GARCH,BOVESPA,Contiguous,4449,1907,0,250,0.29644279637136983,0.004546748674657625,1907,21,0.01101206082852648,0.662063689371668,0.49394830751522023,0.7193046376432184,0.1910264408083222,0.4679141885719389,0.0004340389645038627,0.03357570403886111,Green
GJR-GARCH,BOVESPA,Logarithmic,4449,1907,8,250,0.29644279637136983,0.004546748674657625,1899,21,0.011058451816745656,0.6485239856672897,0.49302922983990705,0.7125983565444903,0.20776608596339852,0.4699085782237944,0.0004341628049871008,0.0335663438845107,Green
GJR-GARCH,BOVESPA,Full proxy,4449,1907,258,250,0.29644279637136983,0.004546748674657625,1649,18,0.010915706488781079,0.712663123932253,0.5283551363024281,0.7659849267139537,0.13563148214509058,0.3975540925634675,0.0004444263646337513,0.03375666311077787,Green
GJR-GARCH-t,BOVESPA,Contiguous,4449,1907,0,250,0.30759510136243884,0.002827942892720328,1907,23,0.012060828526481384,0.38097133957028506,0.4535024142244237,0.5144153562788447,0.7675651777979988,0.5618833296163643,0.0004434191488006116,0.03303254266902813,Green
GJR-GARCH-t,BOVESPA,Logarithmic,4449,1907,8,250,0.30759510136243884,0.002827942892720328,1899,23,0.012111637704054766,0.37069987646301483,0.4525405595474985,0.5052009802866333,0.8013170777385525,0.5642808184904595,0.00044360783953911,0.0330234277095581,Green
GJR-GARCH-t,BOVESPA,Full proxy,4449,1907,258,250,0.30759510136243884,0.002827942892720328,1649,20,0.01212856276531231,0.40054897405663015,0.48329773931002706,0.5493358727514137,0.7066776162968988,0.491412852631953,0.00045524506190583274,0.03320574087033215,Green
GARCH-N,BOVESPA,Contiguous,4449,1907,0,250,0.3604513247496261,0.004717618008296034,1907,19,0.009963293130571578,0.9871385574405782,0.5362020497891187,0.8257674208408321,0.00025985845958950704,0.3826243774247189,0.00045747996209372516,0.03367957929310956,Green
GARCH-N,BOVESPA,Logarithmic,4449,1907,10,250,0.3604513247496261,0.004717618008296034,1897,19,0.010015814443858724,0.9944780390081605,0.5351182163360979,0.825013592769574,4.789756987295252e-05,0.3846629358278335,0.0004577809806109214,0.03366529072982767,Green
GARCH-N,BOVESPA,Full proxy,4449,1907,260,250,0.3604513247496261,0.004717618008296034,1647,16,0.009714632665452338,0.9069001516669098,0.575165678102341,0.8488300257563092,0.013677162013733812,0.31411547388339045,0.0004714774917539354,0.033827512173897914,Green
Hist-Sim,BOVESPA,Contiguous,4449,1907,0,250,0.3967155512144966,0.004153906258618216,1907,17,0.008914525432616675,0.6274283797778917,0.00027407533925768936,0.001185424770410081,0.23556423068415278,13.239743994481444,0.0006513259123093155,0.044528763237304134,Green
Hist-Sim,BOVESPA,Logarithmic,4449,1907,10,250,0.3967155512144966,0.004153906258618216,1897,17,0.008961518186610437,0.6435565620196506,0.0002785691775314324,0.0012166051758469455,0.21412079544879203,13.20926108801686,0.000652785672643129,0.04458535459591925,Green
Hist-Sim,BOVESPA,Full proxy,4449,1907,260,250,0.3967155512144966,0.004153906258618216,1647,16,0.009714632665452338,0.9069001516669098,0.00028570279397630824,0.0013770988283892953,0.013677162013733812,13.161875420011654,0.0006935722669846229,0.045924276209049576,Green
EWMA,BOVESPA,Contiguous,4449,1907,0,600,0.413110682257171,0.0033029658715502883,1907,21,0.01101206082852648,0.662063689371668,0.49394830751522023,0.7193046376432184,0.1910264408083222,0.4679141885719389,0.0004744504081986025,0.032660545407653806,Green
EWMA,BOVESPA,Logarithmic,4449,1907,11,600,0.413110682257171,0.0033029658715502883,1896,21,0.011075949367088608,0.6434662310044232,0.4926832969491183,0.7100292256928284,0.21423742907577026,0.470660864616832,0.000474913888965975,0.03264568251613118,Green
EWMA,BOVESPA,Full proxy,4449,1907,611,600,0.413110682257171,0.0033029658715502883,1296,10,0.007716049382716049,0.38928583829978647,0.6931994431576534,0.6386443284671519,0.7411715777106194,0.15564359435971653,0.0003252922268040376,0.028300412708957348,Green
Moirai-1.1,BTC,Contiguous,2697,1157,0,512,0.0037879275140243313,0.022615959169785052,1157,5,0.00432152117545376,0.028661408519726355,0.834897807269137,0.08931029871759874,4.787836317968869,0.043440623160321934,0.0008814007113353803,0.08068820158975859,Green
Moirai-1.1,BTC,Logarithmic,2697,1157,2,512,0.0037879275140243313,0.022615959169785052,1155,5,0.004329004329004329,0.029044505731731316,0.8347562472185468,0.09033368176328979,4.764973540940641,0.043516238298948906,0.0008811481498730556,0.08066592509434826,Green
Moirai-1.1,BTC,Full proxy,2697,1157,514,512,0.0037879275140243313,0.022615959169785052,643,2,0.003110419906687403,0.03996314940971369,0.910979220366694,0.12051582260777481,4.21944843310137,0.012500020345076024,0.0008967314915817732,0.08156738991090903,Green
Lag-Llama,BTC,Contiguous,2697,1157,0,512,-0.0015552046059808726,0.03686595187484931,1157,5,0.00432152117545376,0.028661408519726355,0.834897807269137,0.08931029871759874,4.787836317968869,0.043440623160321934,0.0010086504822327572,0.09420779321988565,Green
Lag-Llama,BTC,Logarithmic,2697,1157,2,512,-0.0015552046059808726,0.03686595187484931,1155,5,0.004329004329004329,0.029044505731731316,0.8347562472185468,0.09033368176328979,4.764973540940641,0.043516238298948906,0.001008895389463471,0.09423663954969322,Green
Lag-Llama,BTC,Full proxy,2697,1157,514,512,-0.0015552046059808726,0.03686595187484931,643,3,0.004665629860031105,0.12901845884416255,0.8667118440386719,0.3115416908882072,2.304275103599089,0.0281691175665415,0.0010179334534312495,0.09323927402636951,Green
GJR-GARCH,BTC,Contiguous,2881,1235,0,250,0.3654403873852407,0.02507170271158031,1235,4,0.0032388663967611335,0.005407057340520289,0.871860502055599,0.02060936863430553,7.738002730976989,0.026016306019549518,0.0008592852552913726,0.07894505650357124,Green
GJR-GARCH,BTC,Logarithmic,2881,1235,9,250,0.3654403873852407,0.02507170271158031,1226,4,0.0032626427406199023,0.005786213146700561,0.8713932050459421,0.021906835543025326,7.615705058130123,0.0262080730865506,0.0008597245592266947,0.07885635611489329,Green
GJR-GARCH,BTC,Full proxy,2881,1235,259,250,0.3654403873852407,0.02507170271158031,976,3,0.0030737704918032786,0.010853768911438308,0.8917557681078968,0.03862671624630114,6.489103674460516,0.01851854791983243,0.000878628293959433,0.08006226590971781,Green
GJR-GARCH-t,BTC,Contiguous,2881,1235,0,250,0.44679740262892254,0.01733364807188921,1235,5,0.004048582995951417,0.01694641372174122,0.8401498967771958,0.05662530616141864,5.701914982003203,0.04068359473556882,0.0009028277811813907,0.08525854660055698,Green
GJR-GARCH-t,BTC,Logarithmic,2881,1235,11,250,0.44679740262892254,0.01733364807188921,1224,5,0.004084967320261438,0.018265983760450424,0.8394394752595628,0.060461139420740745,5.570457869478126,0.04105101841719261,0.0009024045147911027,0.08511050590496072,Green
GJR-GARCH-t,BTC,Full proxy,2881,1235,261,250,0.44679740262892254,0.01733364807188921,974,4,0.004106776180698152,0.03605445652761788,0.8557988607987981,0.10928725614387837,4.394527142009892,0.03302382959883232,0.0009191984871261151,0.08598166211760412,Green
GARCH-N,BTC,Contiguous,2881,1235,0,250,0.3511609803534542,0.026128660671875747,1235,3,0.0024291497975708503,0.0013440283815787065,0.9037523491385383,0.005811943448981595,10.28105825393104,0.01462227280075723,0.0008742122061343992,0.08013475957548301,Green
GARCH-N,BTC,Logarithmic,2881,1235,9,250,0.3511609803534542,0.026128660671875747,1226,3,0.0024469820554649264,0.0014476456339789436,0.9034002983157507,0.006223578122532337,10.14409058784927,0.014729965696446357,0.0008746588328325986,0.08004456721504097,Green
GARCH-N,BTC,Full proxy,2881,1235,259,250,0.3511609803534542,0.026128660671875747,976,3,0.0030737704918032786,0.010853768911438308,0.8917557681078968,0.03862671624630114,6.489103674460516,0.01851854791983243,0.0008996303300023865,0.08107368511808541,Green
Hist-Sim,BTC,Contiguous,2881,1235,0,250,0.11983994307720237,0.01278862557021071,1235,8,0.006477732793522267,0.18362657027456283,0.7466058006318333,0.3921089137728586,1.7680259644246448,0.10440530862558717,0.0008599610676727986,0.07369873980342614,Green
Hist-Sim,BTC,Logarithmic,2881,1235,5,250,0.11983994307720237,0.01278862557021071,1230,8,0.0065040650406504065,0.1880737148350281,0.7461053396356002,0.3990223203364394,1.732642991030592,0.10483285489753769,0.000859269588798419,0.07353399682329156,Green
Hist-Sim,BTC,Full proxy,2881,1235,255,250,0.11983994307720237,0.01278862557021071,980,7,0.007142857142857143,0.3434632268128829,0.750843133111011,0.6070507856301519,0.8974617328369163,0.10082391679505065,0.0008839735557804403,0.07429419228548617,Green
EWMA,BTC,Contiguous,2881,1235,0,600,0.414089981235812,0.031255280070011465,1235,3,0.0024291497975708503,0.0013440283815787065,0.9037523491385383,0.005811943448981595,10.28105825393104,0.01462227280075723,0.0009207674912012458,0.08510693008512013,Green
EWMA,BTC,Logarithmic,2881,1235,10,600,0.414089981235812,0.031255280070011465,1225,3,0.0024489795918367346,0.0014596313254902045,0.9033609426405136,0.006271015632414523,10.128891879653054,0.014742029574705384,0.0009218606599122067,0.08507596217526178,Green
EWMA,BTC,Full proxy,2881,1235,610,600,0.414089981235812,0.031255280070011465,625,2,0.0032,0.04627960463833947,0.9097057552803509,0.13640526038982592,3.9713881783197404,0.012861758497471953,0.0009176214577454974,0.08253335784091458,Green
Moirai-1.1,CBU0,Contiguous,2356,1010,0,512,0.27595387325061577,0.0017485311191558367,1010,5,0.0049504950495049506,0.07386406954046992,0.8234099063002225,0.19742486681729232,3.194993373727436,0.04980100266800491,0.0001592076763572924,0.014678149412188035,Green
Moirai-1.1,CBU0,Logarithmic,2356,1010,7,512,0.27595387325061577,0.0017485311191558367,1003,5,0.004985044865403789,0.07714670810663235,0.8228013185331076,0.20452185522105576,3.124010213850127,0.05015066157592685,0.00015925639321163663,0.014654813962187931,Green
Moirai-1.1,CBU0,Full proxy,2356,1010,519,512,0.27595387325061577,0.0017485311191558367,491,2,0.004073319755600814,0.13405738209479526,0.8981196454270575,0.32282777063500695,2.244879143122304,0.01639348851559319,0.0001342320915358896,0.012565625894302115,Green
Lag-Llama,CBU0,Contiguous,2356,1010,0,512,0.06136089019502464,0.0023487151044527532,1010,10,0.009900990099009901,0.9747302503771117,0.6545566015677375,0.9042915462726526,0.0010033836031890508,0.20020354368755022,0.0001553079526828479,0.013070609150500104,Green
Lag-Llama,CBU0,Logarithmic,2356,1010,4,512,0.06136089019502464,0.0023487151044527532,1006,10,0.009940357852882704,0.9848163316347003,0.6539081155549971,0.9042175498294952,0.0003621810520296753,0.20100840909969975,0.00015558052659197123,0.013072297651121025,Green
Lag-Llama,CBU0,Full proxy,2356,1010,516,512,0.06136089019502464,0.0023487151044527532,494,4,0.008097165991902834,0.6602353650364234,0.7980950668011645,0.8786759486197346,0.1932378142067679,0.06544040260148876,0.0001325736413642494,0.01103032174930025,Green
GJR-GARCH,CBU0,Contiguous,2539,1089,0,250,0.3174576186141115,0.0010147657816070698,1089,10,0.009182736455463728,0.7834383198789742,0.6666620985269827,0.877626193049653,0.07553763056566898,0.18553141791143446,0.000133300040577787,0.012256331569796785,Green
GJR-GARCH,CBU0,Logarithmic,2539,1089,8,250,0.3174576186141115,0.0010147657816070698,1081,10,0.009250693802035153,0.801997258793024,0.6654937028617738,0.8825848257661167,0.06288214095266675,0.18691860893855505,0.00013313340238917302,0.012242192020685098,Green
GJR-GARCH,CBU0,Full proxy,2539,1089,258,250,0.3174576186141115,0.0010147657816070698,831,9,0.010830324909747292,0.8123635706661962,0.65688932341768,0.8808778610038941,0.056348305598771686,0.19732429325901535,0.0001202318767232412,0.010801071622129114,Green
GJR-GARCH-t,CBU0,Contiguous,2539,1089,0,250,0.34723527585638475,0.0009858385455030934,1089,5,0.004591368227731864,0.04474963800144741,0.8298703101331666,0.13040515752099902,4.028049941739685,0.04616821572096086,0.00013650657646151505,0.012803691526113384,Green
GJR-GARCH-t,CBU0,Logarithmic,2539,1089,9,250,0.34723527585638475,0.0009858385455030934,1080,5,0.004629629629629629,0.047422811878040684,0.8291699060136827,0.13690891034391328,3.930323821587688,0.046555102993707465,0.00013638147858168696,0.012787789190894482,Green
GJR-GARCH-t,CBU0,Full proxy,2539,1089,259,250,0.34723527585638475,0.0009858385455030934,830,4,0.004819277108433735,0.09528301933389642,0.8438691921204642,0.24395270830476704,2.7827737510355552,0.03878803075892279,0.0001233982833015754,0.011408877837298794,Green
GARCH-N,CBU0,Contiguous,2539,1089,0,250,0.17546056879976835,0.0010085254312473665,1089,10,0.009182736455463728,0.7834383198789742,0.6666620985269827,0.877626193049653,0.07553763056566898,0.18553141791143446,0.000133095306018086,0.012273514468185082,Green
GARCH-N,CBU0,Logarithmic,2539,1089,5,250,0.17546056879976835,0.0010085254312473665,1084,10,0.00922509225092251,0.7950132621568681,0.6659332872360108,0.8807798005480053,0.06749926565314346,0.18639598816906755,0.00013303554821308844,0.012265936484368354,Green
GARCH-N,CBU0,Full proxy,2539,1089,255,250,0.17546056879976835,0.0010085254312473665,834,9,0.01079136690647482,0.8205895913018421,0.6574745676500005,0.8833630272783781,0.051432215948888915,0.19660585094737826,0.00012005547881999699,0.01085338518909335,Green
Hist-Sim,CBU0,Contiguous,2539,1089,0,250,0.345808123941649,0.0015421177875764793,1089,6,0.005509641873278237,0.10360719900599814,0.7964371534664778,0.2572177752795753,2.64912057743558,0.06654377911924314,0.00014510499906846602,0.013078165660559476,Green
Hist-Sim,CBU0,Logarithmic,2539,1089,9,250,0.345808123941649,0.0015421177875764793,1080,6,0.005555555555555556,0.10904023295711891,0.7956040615980436,0.267780061578947,2.568076668265469,0.06710193403846176,0.0001452802739790051,0.013087422536658549,Green
Hist-Sim,CBU0,Full proxy,2539,1089,259,250,0.345808123941649,0.0015421177875764793,830,4,0.004819277108433735,0.09528301933389642,0.8438691921204642,0.24395270830476704,2.7827737510355552,0.03878803075892279,0.00013659378276435484,0.012663520096161575,Green
EWMA,CBU0,Contiguous,2539,1089,0,600,0.4618986722708139,0.0009791190697737793,1089,13,0.011937557392102846,0.532906000485665,0.5749766664486975,0.7035356559237775,0.38884717159992466,0.3144262685924275,0.00013739331439441938,0.011589593594123338,Green
EWMA,CBU0,Logarithmic,2539,1089,12,600,0.4618986722708139,0.0009791190697737793,1077,13,0.012070566388115135,0.5083442802764659,0.5728265764464562,0.6854190598425295,0.4374737816633747,0.317975941494808,0.00013723377878759675,0.011564619096114977,Green
EWMA,CBU0,Full proxy,2539,1089,612,600,0.4618986722708139,0.0009791190697737793,477,4,0.008385744234800839,0.7155061304628383,0.7945711466687807,0.9045493989998955,0.1328393001673247,0.0677974217006252,0.00010009085110558932,0.008870812226392893,Green
Moirai-1.1,DJCI,Contiguous,1782,765,0,512,0.08588285603127184,0.006236567538119572,765,9,0.011764705882352941,0.6331982714358182,0.0029521271894870555,0.010756065752025614,0.22774857918593572,8.83682227589135,0.000398658060904859,0.030869313990780016,Green
Moirai-1.1,DJCI,Logarithmic,1782,765,4,512,0.08588285603127184,0.006236567538119572,761,9,0.011826544021024968,0.6225703684840513,0.002985205682957913,0.010787361902172747,0.24227141857696344,8.81648863003727,0.00039895726849165845,0.030842614891194116,Green
Moirai-1.1,DJCI,Full proxy,1782,765,516,512,0.08588285603127184,0.006236567538119572,249,5,0.020080321285140562,0.15968607366310889,0.0760916634458489,0.07716336711148875,1.9771963843887104,3.146464523316375,0.0004882752561175009,0.03179806830793875,Yellow
Lag-Llama,DJCI,Contiguous,1782,765,0,512,0.04308443567185739,0.01148957549145414,765,4,0.00522875816993464,0.1444150844647419,0.8374188819161931,0.33750027388273285,2.1302724567792346,0.042105457551741665,0.00037828454716234706,0.03168387904324032,Green
Lag-Llama,DJCI,Logarithmic,1782,765,3,512,0.04308443567185739,0.01148957549145414,762,4,0.005249343832020997,0.14715593601862786,0.8371015470206702,0.3423643319509648,2.10148729815851,0.042272323530795575,0.00037871472414627993,0.03168525629665501,Green
Lag-Llama,DJCI,Full proxy,1782,765,515,512,0.04308443567185739,0.01148957549145414,250,2,0.008,0.7419327009526155,0.8571765192955558,0.9320096436669147,0.10843521623681007,0.032389017899152606,0.0005017780075902699,0.033384134214278,Green
GJR-GARCH,DJCI,Contiguous,1966,843,0,250,0.4268214959785648,0.005269349798695359,843,7,0.00830367734282325,0.6100953381107694,0.04356496757436924,0.11455620485732693,0.26003612415489874,4.073343284464613,0.0003371711762253662,0.024603222538805238,Green
GJR-GARCH,DJCI,Logarithmic,1966,843,10,250,0.4268214959785648,0.005269349798695359,833,7,0.008403361344537815,0.6339086484010982,0.04415881169432168,0.11781516342292563,0.226797527287943,4.050479061296059,0.00033870541271352445,0.024608259415943363,Green
GJR-GARCH,DJCI,Full proxy,1966,843,260,250,0.4268214959785648,0.005269349798695359,583,7,0.012006861063464836,0.6368561526554679,0.06626555322821048,0.16562469230818147,0.22287743083393563,3.3731844491766623,0.00038156205845094645,0.025000784829995022,Green
GJR-GARCH-t,DJCI,Contiguous,1966,843,0,250,0.4538093302118164,0.004358149306233308,843,7,0.00830367734282325,0.6100953381107694,0.04356496757436924,0.11455620485732693,0.26003612415489874,4.073343284464613,0.00033659472644031015,0.024629619255011115,Green
GJR-GARCH-t,DJCI,Logarithmic,1966,843,11,250,0.4538093302118164,0.004358149306233308,832,7,0.008413461538461538,0.6363219704763186,0.04421904008871843,0.1181404029427752,0.2235847746175592,4.048178238154847,0.00033806988227693,0.02463266620291528,Green
GJR-GARCH-t,DJCI,Full proxy,1966,843,261,250,0.4538093302118164,0.004358149306233308,582,7,0.012027491408934709,0.633789644222748,0.06639535654845673,0.16555389733582976,0.2269566796937883,3.3699602673488442,0.00038372631872972705,0.02533632781643985,Green
GARCH-N,DJCI,Contiguous,1966,843,0,250,0.3933748864066806,0.005104180058175638,843,6,0.0071174377224199285,0.3751238540109936,0.029870810312976993,0.06382142195274326,0.7866208896087903,4.716711865799681,0.000336357832733397,0.025038698057303067,Green
GARCH-N,DJCI,Logarithmic,1966,843,9,250,0.3933748864066806,0.005104180058175638,834,6,0.007194244604316547,0.3912735423076299,0.030235414106871493,0.06617722771919408,0.7349805635928055,4.6958571711576695,0.0003379273670683701,0.025044036045535102,Green
GARCH-N,DJCI,Full proxy,1966,843,259,250,0.3933748864066806,0.005104180058175638,584,6,0.010273972602739725,0.9471830643625254,0.045288994286953495,0.13450998693269484,0.004388351140515001,4.0078453096777125,0.0003793044165300227,0.02553145258060306,Green
Hist-Sim,DJCI,Contiguous,1966,843,0,250,0.5836685206625812,0.0034457693460039802,843,8,0.009489916963226572,0.8806651759849103,0.060222946688938475,0.16916410900063142,0.022537827834755886,3.531234124278626,0.0003594943553822841,0.026873141595923668,Green
Hist-Sim,DJCI,Logarithmic,1966,843,16,250,0.5836685206625812,0.0034457693460039802,827,8,0.009673518742442563,0.9244129116506148,0.06154923702711422,0.1734145461776783,0.009001552864588036,3.4951391074611564,0.00035959769750025766,0.02666872930691131,Green
Hist-Sim,DJCI,Full proxy,1966,843,266,250,0.5836685206625812,0.0034457693460039802,577,8,0.01386481802426343,0.37805152587630486,0.09272758564169037,0.16501804021371436,0.7770283293891236,2.8263726234700357,0.00040421491556824857,0.027228341628712346,Green
EWMA,DJCI,Contiguous,1966,843,0,600,0.4388999674720838,0.005018034522880958,843,5,0.005931198102016607,0.19889237619608804,0.019010435218318557,0.028000799153376887,1.6504890915333004,5.5005553645110865,0.0003211573014383857,0.02533085404340288,Green
EWMA,DJCI,Logarithmic,1966,843,11,600,0.4388999674720838,0.005018034522880958,832,5,0.006009615384615385,0.21150122874343263,0.0192931384089137,0.02966063796228327,1.561120528607713,5.474748338039326,0.0003224147184295061,0.025341808296870598,Green
EWMA,DJCI,Full proxy,1966,843,611,600,0.4388999674720838,0.005018034522880958,232,2,0.008620689655172414,0.8287900916889804,0.8517320504054352,0.9599728500449063,0.04676561030487725,0.03493494194191982,0.00038881226413938847,0.030230355405583196,Green
Moirai-1.1,ETH,Contiguous,1893,812,0,512,-0.017101871250465958,0.015849058234102834,812,10,0.012315270935960592,0.5222239616687067,0.6172903585126441,0.7192137839815833,0.40949888398328893,0.2496943766052766,0.0012580981283335543,0.1021850824618247,Green
Moirai-1.1,ETH,Logarithmic,1893,812,3,512,-0.017101871250465958,0.015849058234102834,809,10,0.012360939431396786,0.5151036042880719,0.6166296261925619,0.7137950041771983,0.4236858074053247,0.2506331263181778,0.0012605691700653112,0.1022761623991091,Green
Moirai-1.1,ETH,Full proxy,1893,812,515,512,-0.017101871250465958,0.015849058234102834,297,3,0.010101010101010102,0.9860645146434114,0.8042428218664581,0.9696018086230446,0.00030507613731595856,0.06143452054224241,0.0011942460549124619,0.10660899222912937,Green
Lag-Llama,ETH,Contiguous,1893,812,0,512,-0.04517006692157141,0.04453995647374273,812,4,0.0049261083743842365,0.10708017917415602,0.842160187565031,0.2676103616063074,2.5967932636474513,0.03965319830412284,0.0013891117877843676,0.1259007941574529,Green
Lag-Llama,ETH,Logarithmic,1893,812,3,512,-0.04517006692157141,0.04453995647374273,809,4,0.004944375772558714,0.1091713506055202,0.8418698610141325,0.2717185335109371,2.5661759442486076,0.0398011592180012,0.0013910350508498034,0.1259764572135831,Green
Lag-Llama,ETH,Full proxy,1893,812,515,512,-0.04517006692157141,0.04453995647374273,297,1,0.003367003367003367,0.18263564132087035,0.9343773204553254,0.4100760325859013,1.7760457082891787,0.006779674001176517,0.0014453444351543237,0.12850047849063567,Green
GJR-GARCH,ETH,Contiguous,2076,891,0,250,0.3197499003755285,0.033587310382058096,891,5,0.005611672278338945,0.15121584306389355,0.8121200071593928,0.3470729967880106,2.0599428358476546,0.05649747570365804,0.0012792116768766953,0.1164512821493187,Green
GJR-GARCH,ETH,Logarithmic,2076,891,8,250,0.3197499003755285,0.033587310382058096,883,5,0.0056625141562853904,0.15838428851003938,0.8112811105617046,0.3594073422577604,1.9895848996421384,0.057012851622310734,0.001279658988962375,0.11649310295140096,Green
GJR-GARCH,ETH,Full proxy,2076,891,258,250,0.3197499003755285,0.033587310382058096,633,5,0.007898894154818325,0.5812628743657346,0.7776423782230122,0.8253303374363078,0.30419746575013473,0.07974566180195808,0.0013581703008795779,0.11996099123277297,Green
GJR-GARCH-t,ETH,Contiguous,2076,891,0,250,0.33747761773428964,0.014826858512704197,891,5,0.005611672278338945,0.15121584306389355,0.8121200071593928,0.3470729967880106,2.0599428358476546,0.05649747570365804,0.0012956461261570832,0.11519336944727931,Green
GJR-GARCH-t,ETH,Logarithmic,2076,891,8,250,0.33747761773428964,0.014826858512704197,883,5,0.0056625141562853904,0.15838428851003938,0.8112811105617046,0.3594073422577604,1.9895848996421384,0.057012851622310734,0.0012950006105778282,0.11509962111702363,Green
GJR-GARCH-t,ETH,Full proxy,2076,891,258,250,0.33747761773428964,0.014826858512704197,633,5,0.007898894154818325,0.5812628743657346,0.7776423782230122,0.8253303374363078,0.30419746575013473,0.07974566180195808,0.0013925120105013325,0.11931126069668663,Green
GARCH-N,ETH,Contiguous,2076,891,0,250,0.3246135828679986,0.0352945125675387,891,6,0.006734006734006734,0.2976680542003781,0.7753438419150468,0.558204212262171,1.084612234344494,0.08144858916783448,0.001276796276225706,0.11821391213725584,Green
GARCH-N,ETH,Logarithmic,2076,891,8,250,0.3246135828679986,0.0352945125675387,883,6,0.006795016987542469,0.3095943997743359,0.7743480025717702,0.5727540630933583,1.0324053038510401,0.08219242347938405,0.001277067214733867,0.11825625340766127,Green
GARCH-N,ETH,Full proxy,2076,891,258,250,0.3246135828679986,0.0352945125675387,633,6,0.009478672985781991,0.8942066355479076,0.7345022719400676,0.9358022101509891,0.01768454204017811,0.11501773551128736,0.0013360845247177326,0.1205734491888714,Green
Hist-Sim,ETH,Contiguous,2076,891,0,250,0.2676891238590474,0.012226974320976802,891,9,0.010101010101010102,0.9758654855475204,0.6680554462632801,0.911740207584375,0.0009152284119478826,0.18388515077405998,0.0012492375805001194,0.10238106397077863,Green
Hist-Sim,ETH,Logarithmic,2076,891,7,250,0.2676891238590474,0.012226974320976802,884,9,0.010180995475113122,0.95699521171229,0.666808555710121,0.9101617787146755,0.002907865936843501,0.1853579669925267,0.0012526971237563093,0.1026051640244934,Green
Hist-Sim,ETH,Full proxy,2076,891,257,250,0.2676891238590474,0.012226974320976802,634,7,0.011041009463722398,0.7955569410625022,0.6923503222165232,0.8941844718043757,0.06713357817856203,0.15655278341040457,0.0013695460307036943,0.10808408676966988,Green
EWMA,ETH,Contiguous,2076,891,0,600,0.36440746040159555,0.034927640855674055,891,7,0.007856341189674524,0.504032571507542,0.7390238707599034,0.7567586089163715,0.44643546996955985,0.11098643998120394,0.001285977231769297,0.11666097174046236,Green
EWMA,ETH,Logarithmic,2076,891,9,600,0.36440746040159555,0.034927640855674055,882,7,0.007936507936507936,0.5228709047035904,0.7377328084593118,0.7709143086910849,0.40822676408053526,0.11212934525582341,0.0012851923884768673,0.11651652119879015,Green
EWMA,ETH,Full proxy,2076,891,609,600,0.36440746040159555,0.034927640855674055,282,3,0.010638297872340425,0.9150879325095505,0.799140860458098,0.9626561619451228,0.011368501417001131,0.06474945819086741,0.0012607887539737744,0.10868899764146554,Green
Moirai-1.1,EURUSD,Contiguous,3772,1617,0,512,0.09100829690996223,9.055353342029421e-05,1617,21,0.012987012987012988,0.24846610604304448,0.4570969076689184,0.3896716161616708,1.3319077750317962,0.5529940337476376,0.00015773775334433594,0.012869577769137901,Green
Moirai-1.1,EURUSD,Logarithmic,3772,1617,4,512,0.09100829690996223,9.055353342029421e-05,1613,21,0.013019218846869188,0.2441950287998602,0.45653173582738094,0.3846973774339299,1.3562121528897109,0.5543844199485477,0.0001578515452475816,0.012868290147816777,Green
Moirai-1.1,EURUSD,Full proxy,3772,1617,516,512,0.09100829690996223,9.055353342029421e-05,1101,17,0.015440508628519528,0.09292850281393816,0.46504515692624315,0.18668900331012006,2.822897663670757,0.5337245973090035,0.00016986236366965579,0.013393157339679336,Green
Lag-Llama,EURUSD,Contiguous,3772,1617,0,512,0.27974785669897995,0.003313760396643108,1617,12,0.0074211502782931356,0.27475976865141044,0.6717578415746367,0.5034904083390469,1.192828436815267,0.17955279713888217,0.0001601971625950704,0.013688099450687717,Green
Lag-Llama,EURUSD,Logarithmic,3772,1617,8,512,0.27974785669897995,0.003313760396643108,1609,12,0.0074580484773151025,0.28323512632513653,0.6709843757514198,0.5137713329599847,1.1515011519704998,0.18045282807767649,0.00016038790404488285,0.013690872986221379,Green
Lag-Llama,EURUSD,Full proxy,3772,1617,520,512,0.27974785669897995,0.003313760396643108,1097,9,0.008204193254329991,0.5372519535283731,0.6994585464815581,0.7673239124912612,0.38065677017386923,0.14903574147149357,0.00016604062787341822,0.014192840306305509,Green
GJR-GARCH,EURUSD,Contiguous,3955,1696,0,250,0.49354194371588106,0.0011146739838417564,1696,18,0.01061320754716981,0.8015803111643481,0.5341916140673418,0.7986900686849423,0.06315290183497213,0.38641171313651057,0.00015062100988110657,0.011630099568221969,Green
GJR-GARCH,EURUSD,Logarithmic,3955,1696,13,250,0.49354194371588106,0.0011146739838417564,1683,18,0.0106951871657754,0.7768415535319355,0.5325988165887927,0.7906627832957646,0.08033676617193519,0.38943067194671244,0.00015065470704691075,0.011635377817089775,Green
GJR-GARCH,EURUSD,Full proxy,3955,1696,263,250,0.49354194371588106,0.0011146739838417564,1433,15,0.0104675505931612,0.8598722202642717,0.5730666651957961,0.839984567745587,0.031165250817217327,0.31757826727275074,0.00014135658609404147,0.011622585755104857,Green
GJR-GARCH-t,EURUSD,Contiguous,3955,1696,0,250,0.5926843818461743,0.0005383483763841297,1696,19,0.011202830188679245,0.6252402560414458,0.5115982210182919,0.7155642993949437,0.23857081808879332,0.43079681719780183,0.00015132820250796463,0.011816601768427982,Green
GJR-GARCH-t,EURUSD,Logarithmic,3955,1696,18,250,0.5926843818461743,0.0005383483763841297,1678,18,0.010727056019070322,0.7673510752299779,0.5319818697917815,0.7873650235716839,0.08752223429282857,0.390604408930983,0.00015012574933294983,0.01181572540246153,Green
GJR-GARCH-t,EURUSD,Full proxy,3955,1696,268,250,0.5926843818461743,0.0005383483763841297,1428,16,0.011204481792717087,0.6535819389975286,0.5469160661350859,0.7541662198489532,0.20141397472453582,0.3628709943590991,0.00014388738288991426,0.011809313424613966,Green
GARCH-N,EURUSD,Contiguous,3955,1696,0,250,0.5209305121210861,0.0011147115791097003,1696,16,0.009433962264150943,0.8130258927480677,0.5807969474056349,0.8348978663295636,0.055943720530944985,0.304948034239942,0.00014734264751572662,0.011751555362803966,Green
GARCH-N,EURUSD,Logarithmic,3955,1696,14,250,0.5209305121210861,0.0011147115791097003,1682,16,0.009512485136741973,0.8394493487326313,0.5792108012736956,0.8400624284605027,0.041045900162773874,0.30751224045823733,0.0001474925813618597,0.011767261603322572,Green
GARCH-N,EURUSD,Full proxy,3955,1696,264,250,0.5209305121210861,0.0011147115791097003,1432,13,0.009078212290502794,0.7217461697037414,0.6253878808525268,0.8331042475183132,0.12682576315631433,0.23836723197314313,0.00014157463180633988,0.011766328724063609,Green
Hist-Sim,EURUSD,Contiguous,3955,1696,0,250,0.5940792170742903,0.0010388128792993036,1696,18,0.01061320754716981,0.8015803111643481,0.5341916140673418,0.7986900686849423,0.06315290183497213,0.38641171313651057,0.00015636472450214744,0.011991231559509078,Green
Hist-Sim,EURUSD,Logarithmic,3955,1696,18,250,0.5940792170742903,0.0010388128792993036,1678,17,0.010131108462455305,0.9570459699560826,0.5551344881521302,0.838995506475547,0.0029009990833820942,0.3481988575948378,0.00015387705849407606,0.012034645809959747,Green
Hist-Sim,EURUSD,Full proxy,3955,1696,268,250,0.5940792170742903,0.0010388128792993036,1428,15,0.01050420168067227,0.8493625908059173,0.57238821215739,0.8374543876437162,0.036074080122086016,0.31870287843995015,0.00014649060585092925,0.012265497646893041,Green
EWMA,EURUSD,Contiguous,3955,1696,0,600,0.582837942491586,0.0010481949838500957,1696,21,0.012382075471698114,0.3418047580663531,0.46791497079594224,0.4890585687020613,0.903650507852717,0.5268955407123883,0.00015025724477003543,0.011449881606605117,Green
EWMA,EURUSD,Logarithmic,3955,1696,17,600,0.582837942491586,0.0010481949838500957,1679,21,0.012507444907683145,0.3203030619030053,0.476527289709768,0.4736652539123123,0.9877085851290008,0.5068002591699496,0.0001505045753708062,0.011458771671691004,Green
EWMA,EURUSD,Full proxy,3955,1696,617,600,0.582837942491586,0.0010481949838500957,1079,11,0.010194624652455977,0.9489320189351038,0.6498475950729945,0.9002369846391761,0.004102144346012082,0.20609232376142472,0.00014807233260415235,0.01168104635391689,Green
Moirai-1.1,FCHI,Contiguous,4410,1891,0,512,0.21024736476571235,0.0026687430785957283,1891,25,0.013220518244315178,0.1798237952416107,0.33973484012378946,0.25788135062644535,1.7990796937989213,0.9114316684634787,0.000484194114674532,0.03255797416169675,Green
Moirai-1.1,FCHI,Logarithmic,4410,1891,6,512,0.21024736476571235,0.0026687430785957283,1885,25,0.013262599469496022,0.17513442539875843,0.34089450095004903,0.2534091266180127,1.8384355132396752,0.9070644769563501,0.00048498356467667936,0.032598985295077064,Green
Moirai-1.1,FCHI,Full proxy,4410,1891,518,512,0.21024736476571235,0.0026687430785957283,1373,10,0.007283321194464676,0.2877191019961826,0.05908282046874602,0.09569354243794652,1.130263682186703,3.5629452376880124,0.00037353915531198315,0.031136996703540715,Green
Lag-Llama,FCHI,Contiguous,4410,1891,0,512,0.1694779688290206,0.011473754550927237,1891,18,0.009518773135906928,0.8320890470446012,0.5562954191699159,0.8223768957835178,0.044953776319367256,0.3461591803292663,0.0005044311809277501,0.03610661341100565,Green
Lag-Llama,FCHI,Logarithmic,4410,1891,6,512,0.1694779688290206,0.011473754550927237,1885,18,0.009549071618037135,0.8428446874358871,0.5556613100103945,0.8242438351248504,0.03930548604096784,0.34727226682630885,0.0005050323523955037,0.036133650587892974,Green
Lag-Llama,FCHI,Full proxy,4410,1891,518,512,0.1694779688290206,0.011473754550927237,1373,8,0.005826656955571741,0.09183818846869023,0.759348290860653,0.23042078718060263,2.841854083931702,0.09384218025257951,0.00039437252889804075,0.03473583985214138,Green
GJR-GARCH,FCHI,Contiguous,4594,1969,0,250,0.4644432869803902,0.0036419169909285495,1969,28,0.014220416455053326,0.07673566115525832,0.36863059537612697,0.1393875330027406,3.1327189496587486,0.8082754861831631,0.00037510964769239813,0.02773254523995518,Green
GJR-GARCH,FCHI,Logarithmic,4594,1969,13,250,0.4644432869803902,0.0036419169909285495,1956,28,0.014314928425357873,0.07163999574707336,0.3670201544289474,0.1314164846171398,3.2450387669478076,0.8137286872381537,0.0003755968247009998,0.027722632286012846,Green
GJR-GARCH,FCHI,Full proxy,4594,1969,263,250,0.4644432869803902,0.0036419169909285495,1706,23,0.013481828839390387,0.16990645000968344,0.4277103539895968,0.2846768520615427,1.883768505189284,0.6290326836628992,0.0003842120575589676,0.028525087618459177,Green
GJR-GARCH-t,FCHI,Contiguous,4594,1969,0,250,0.4755391061762309,0.003367686494404269,1969,20,0.01015744032503809,0.9441678647735252,0.5216221155606271,0.812373811499413,0.004904538227650468,0.410684833299797,0.0003722092969613379,0.03021227470154495,Green
GJR-GARCH-t,FCHI,Logarithmic,4594,1969,13,250,0.4755391061762309,0.003367686494404269,1956,20,0.010224948875255624,0.9206452247455464,0.5202265954156449,0.8092202102206157,0.009924342744116355,0.4134440541430138,0.000372595100664617,0.03021063287256679,Green
GJR-GARCH-t,FCHI,Full proxy,4594,1969,263,250,0.4755391061762309,0.003367686494404269,1706,16,0.009378663540445486,0.7943676451889228,0.5819190386334347,0.83065669629625,0.06793489584684087,0.303142485490298,0.00038092415754971317,0.03121123728372394,Green
GARCH-N,FCHI,Contiguous,4594,1969,0,250,0.5175348518147842,0.004444379891923238,1969,30,0.015236160487557136,0.030165849368992557,0.009889024910428265,0.003422796746255261,4.699815849020485,6.654778751039316,0.00041862729664056853,0.028363482494377878,Green
GARCH-N,FCHI,Logarithmic,4594,1969,15,250,0.5175348518147842,0.004444379891923238,1954,30,0.015353121801432957,0.02747541624782459,0.010114005571217617,0.0032221849312446195,4.860685568134901,6.61470563078683,0.00041951931626932207,0.02835198276255345,Green
GARCH-N,FCHI,Full proxy,4594,1969,265,250,0.5175348518147842,0.004444379891923238,1704,26,0.015258215962441314,0.042898666732508785,0.006233258480005323,0.0030564643349274088,4.099390853367421,7.481602100957559,0.0004306184088782986,0.029122614419371366,Green
Hist-Sim,FCHI,Contiguous,4594,1969,0,250,0.44957213971828025,0.0036519007184098173,1969,24,0.01218892839004571,0.345261252575352,0.00012357398234610223,0.0004040092442189472,0.8907976177806667,14.737347979289012,0.0005170022014676848,0.03530706415893735,Green
Hist-Sim,FCHI,Logarithmic,4594,1969,12,250,0.44957213971828025,0.0036519007184098173,1957,24,0.012263668880940215,0.331039435950989,0.00012665474672905446,0.0004024756701134545,0.9448274249312387,14.69092439478024,0.0005185440019050527,0.03536278253874657,Green
Hist-Sim,FCHI,Full proxy,4594,1969,262,250,0.44957213971828025,0.0036519007184098173,1707,22,0.012888107791446984,0.2509382648482979,0.00010217638786425024,0.0002727197983132361,1.318072527698627,15.096058811646884,0.0005448087856841143,0.036822056407458954,Green
EWMA,FCHI,Contiguous,4594,1969,0,600,0.504145871863385,0.004045214724465257,1969,34,0.017267648552564754,0.0033062011027373333,0.0023551995721911826,0.00013103496132246635,8.630283538487252,9.249809241603089,0.0004565491770022569,0.028586469895450346,Yellow
EWMA,FCHI,Logarithmic,4594,1969,14,600,0.504145871863385,0.004045214724465257,1955,34,0.017391304347826087,0.0029496588286544315,0.002420912617258286,0.00012110089132943122,8.838348866923571,9.199424227388931,0.0004574448874835402,0.02855933144996864,Yellow
EWMA,FCHI,Full proxy,4594,1969,614,600,0.504145871863385,0.004045214724465257,1355,21,0.015498154981549815,0.059791476677766964,0.0031769537532575606,0.002191750059923842,3.543159209442276,8.702950670867608,0.0003789596451335263,0.02649909058925302,Green
Moirai-1.1,FTSE100,Contiguous,4354,1867,0,512,0.21716978649457974,0.0026007913080551767,1867,18,0.0096411355115158,0.8754190337003582,0.5537426436249775,0.8289319010484294,0.02457965087716074,0.3506548953659774,0.0003868511190694959,0.027384604072409814,Green
Moirai-1.1,FTSE100,Logarithmic,4354,1867,7,512,0.21716978649457974,0.0026007913080551767,1860,18,0.00967741935483871,0.8882042100651422,0.5529897954936129,0.8303773495831361,0.019761860563154654,0.3519882263490217,0.0003875669158663203,0.027416191180349492,Green
Moirai-1.1,FTSE100,Full proxy,4354,1867,519,512,0.21716978649457974,0.0026007913080551767,1348,8,0.005934718100890208,0.10458321369088114,0.7571821183040428,0.25540400496088483,2.6342230133634352,0.09559429538764164,0.0003100392635846472,0.024945629296393688,Green
Lag-Llama,FTSE100,Contiguous,4354,1867,0,512,0.17673351478013669,0.007335534961002081,1867,18,0.0096411355115158,0.8754190337003582,0.16507776159314624,0.37687861975273124,0.02457965087716074,1.92708456291507,0.0003995347306693643,0.027756657190918545,Green
Lag-Llama,FTSE100,Logarithmic,4354,1867,6,512,0.17673351478013669,0.007335534961002081,1861,18,0.00967221923696937,0.8863739273330136,0.16567372952681175,0.3786891617153085,0.020418684350838268,1.9216604440397589,0.0003999982084782037,0.027766230869153703,Green
Lag-Llama,FTSE100,Full proxy,4354,1867,518,512,0.17673351478013669,0.007335534961002081,1349,6,0.004447739065974796,0.02132961464387431,0.017597298708553036,0.004220804127248901,5.29965777798934,5.635801457222783,0.0002946760057915644,0.025842504855406102,Green
GJR-GARCH,FTSE100,Contiguous,4538,1945,0,250,0.47755620334455645,0.004158488214538077,1945,20,0.010282776349614395,0.9007129368422289,0.5190362651429804,0.8059878762426358,0.015565252513092487,0.4158079044293572,0.000334380734288937,0.023768185749687393,Green
GJR-GARCH,FTSE100,Logarithmic,4538,1945,13,250,0.47755620334455645,0.004158488214538077,1932,20,0.010351966873706004,0.8771407129060133,0.5176181231912159,0.801501766042616,0.0238995744640651,0.4186366325621407,0.0003351967801195148,0.023770422382351802,Green
GJR-GARCH,FTSE100,Full proxy,4538,1945,263,250,0.47755620334455645,0.004158488214538077,1682,18,0.01070154577883472,0.7749422645543432,0.5324756209444679,0.7900125248598853,0.0817481041128496,0.38966485467460643,0.000341948544355406,0.02406941049462411,Green
GJR-GARCH-t,FTSE100,Contiguous,4538,1945,0,250,0.4936728342096566,0.0033164103055708764,1945,17,0.008740359897172237,0.5682797747431974,0.5839125160895657,0.7314249646512827,0.32556928561460907,0.29995199669914996,0.0003309292461314315,0.02485685000048449,Green
GJR-GARCH-t,FTSE100,Logarithmic,4538,1945,14,250,0.4936728342096566,0.0033164103055708764,1931,17,0.008803728638011392,0.5896708470066465,0.5825394354336684,0.7434134704022595,0.2908585951671956,0.30214720741454926,0.000331671111852828,0.024868092364377103,Green
GJR-GARCH-t,FTSE100,Full proxy,4538,1945,264,250,0.4936728342096566,0.0033164103055708764,1681,14,0.008328375966686495,0.47815133828280654,0.6276237802026544,0.691296253583651,0.5030767438491157,0.23529688699906615,0.0003374471077784101,0.025307789471152437,Green
GARCH-N,FTSE100,Contiguous,4538,1945,0,250,0.5396506537138631,0.004652818325507482,1945,20,0.010282776349614395,0.9007129368422289,0.5190362651429804,0.8059878762426358,0.015565252513092487,0.4158079044293572,0.00034253628024554926,0.024453938661545774,Green
GARCH-N,FTSE100,Logarithmic,4538,1945,16,250,0.5396506537138631,0.004652818325507482,1929,20,0.010368066355624676,0.8717005501913344,0.5172890900891278,0.8003642218152393,0.026081864953128475,0.41929489035169354,0.00034335173576578455,0.024452797788188492,Green
GARCH-N,FTSE100,Full proxy,4538,1945,266,250,0.5396506537138631,0.004652818325507482,1679,18,0.01072066706372841,0.7692479544848756,0.5321054531177596,0.7880338564599894,0.08605935414834365,0.3903690958446191,0.00035057917380219064,0.024768499320332517,Green
Hist-Sim,FTSE100,Contiguous,4538,1945,0,250,0.5287524845065449,0.0036501061976578555,1945,19,0.009768637532133676,0.9180065091672904,0.0005446137942319892,0.002520053586004618,0.010597702442012746,11.956352524352667,0.00043340355878909666,0.029641892515722797,Green
Hist-Sim,FTSE100,Logarithmic,4538,1945,15,250,0.5287524845065449,0.0036501061976578555,1930,19,0.009844559585492229,0.9451417355299456,0.0005577559661602334,0.00258421860729491,0.004734664403804323,11.911929528183919,0.00043489356459172656,0.029679183021144192,Green
Hist-Sim,FTSE100,Full proxy,4538,1945,265,250,0.5287524845065449,0.0036501061976578555,1680,16,0.009523809523809525,0.8432517018202621,0.007920891170362859,0.028863237293160177,0.0390994852815727,7.051273633932595,0.000456136314245196,0.03044604680354742,Green
EWMA,FTSE100,Contiguous,4538,1945,0,600,0.5350655777875155,0.00422610796102995,1945,28,0.014395886889460155,0.06753094046001189,0.0066870695340607595,0.004754817889972278,3.3420374400636206,7.355156324650466,0.00038278792290632205,0.024612243625461362,Green
EWMA,FTSE100,Logarithmic,4538,1945,15,600,0.5350655777875155,0.00422610796102995,1930,28,0.014507772020725389,0.0622183855053844,0.006842735374502503,0.0045368743770897516,3.4772412146860567,7.313792719763114,0.0003835758115606593,0.024579570457747925,Green
EWMA,FTSE100,Full proxy,4538,1945,615,600,0.5350655777875155,0.00422610796102995,1330,15,0.011278195488721804,0.646156106147241,0.009696095836961684,0.03173492375016583,0.2107808025960356,6.689894215266577,0.0003122026677395257,0.021650294885664847,Green
Moirai-1.1,GBPUSD,Contiguous,3780,1621,0,512,0.13445954081375158,0.0004990875901830939,1621,12,0.007402837754472548,0.27059774222092503,0.6721425375346326,0.498371116889641,1.2137143896209128,0.17910614008749803,0.00017868951025171162,0.015439643599496936,Green
Moirai-1.1,GBPUSD,Logarithmic,3780,1621,5,512,0.13445954081375158,0.0004990875901830939,1616,12,0.007425742574257425,0.2758081272864497,0.6716614561269008,0.5047725111028447,1.1876300388185799,0.17966480970926568,0.00017877850898305548,0.015439452872047968,Green
Moirai-1.1,GBPUSD,Full proxy,3780,1621,517,512,0.13445954081375158,0.0004990875901830939,1104,9,0.008152173913043478,0.5238039690341383,0.7003749423642369,0.7578729493570526,0.40639693163651947,0.1480821091111011,0.00018286655213405574,0.01529736540941111,Green
Lag-Llama,GBPUSD,Contiguous,3780,1621,0,512,0.1238553374035731,0.0038322324321658306,1621,18,0.011104256631708822,0.6606289192092782,0.5247728897698722,0.7418325690970367,0.19276052532403964,0.40450289346460977,0.0001984448653723776,0.0158878512840366,Green
Lag-Llama,GBPUSD,Logarithmic,3780,1621,5,512,0.1238553374035731,0.0038322324321658306,1616,18,0.011138613861386138,0.651436068693677,0.5241246425916812,0.7371735780940836,0.204094396299213,0.4057693931432311,0.00019844353567637326,0.01587390207082211,Green
Lag-Llama,GBPUSD,Full proxy,3780,1621,517,512,0.1238553374035731,0.0038322324321658306,1104,13,0.01177536231884058,0.5641618720552612,0.577619383073462,0.7251881472887359,0.3325491936053151,0.3100990949818083,0.00020361846202880915,0.015769439876913944,Green
GJR-GARCH,GBPUSD,Contiguous,3964,1699,0,250,0.26678309145937873,0.0017210491405558106,1699,21,0.012360211889346674,0.3456771759926859,0.46831332193260444,0.4928217004458074,0.8892627421297821,0.5259529233437945,0.00018538954696130077,0.0137196430887419,Green
GJR-GARCH,GBPUSD,Logarithmic,3964,1699,7,250,0.26678309145937873,0.0017210491405558106,1692,21,0.012411347517730497,0.33667770128672714,0.4673824605508171,0.48403432900156773,0.9230412617765982,0.5281576324065327,0.0001856799271339364,0.013724086844835087,Green
GJR-GARCH,GBPUSD,Full proxy,3964,1699,257,250,0.26678309145937873,0.0017210491405558106,1442,19,0.013176144244105409,0.24774457164356267,0.47611418865088195,0.39777683256750296,1.335977613981731,0.5077506923250326,0.0001687734671810419,0.013226217912396143,Green
GJR-GARCH-t,GBPUSD,Contiguous,3964,1699,0,250,0.39347939751895833,0.0009360240928770434,1699,20,0.011771630370806356,0.47527602728408025,0.23292871018802058,0.38049380695030405,0.509683202898568,1.4228875528937408,0.00018550631076193165,0.01373201734227872,Green
GJR-GARCH-t,GBPUSD,Logarithmic,3964,1699,10,250,0.39347939751895833,0.0009360240928770434,1689,20,0.011841326228537596,0.4598705712869594,0.23445134567360795,0.37533735393926004,0.546209667127882,1.413650426700201,0.00018594248291535747,0.013735995698709598,Green
GJR-GARCH-t,GBPUSD,Full proxy,3964,1699,260,250,0.39347939751895833,0.0009360240928770434,1439,18,0.01250868658790827,0.35730816935220633,0.2206537743601924,0.3092135292401038,0.8473321055998353,1.5001143095968814,0.0001695185465422685,0.013086883736628292,Green
GARCH-N,GBPUSD,Contiguous,3964,1699,0,250,0.32256829516257585,0.001961879129563495,1699,17,0.010005885815185403,0.9980547152439989,0.5576159950453343,0.8420403216121591,5.944113651439736e-06,0.34384881185829386,0.00018274096488884962,0.014049525822843485,Green
GARCH-N,GBPUSD,Logarithmic,3964,1699,9,250,0.32256829516257585,0.001961879129563495,1690,17,0.010059171597633136,0.980514444049052,0.5565575579699391,0.8410130239721241,0.0005965293725270215,0.3456997363003609,0.00018310523188650325,0.014054198068553715,Green
GARCH-N,GBPUSD,Full proxy,3964,1699,259,250,0.32256829516257585,0.001961879129563495,1440,15,0.010416666666666666,0.8745855475217454,0.5740111232449281,0.8432728243553107,0.024912396295138306,0.3160170802631228,0.00016860490037725473,0.013578785653547747,Green
Hist-Sim,GBPUSD,Contiguous,3964,1699,0,250,0.4468333691851312,0.0014181250780124811,1699,14,0.00824014125956445,0.45208504290391327,0.10259752915004197,0.19887939221733786,0.5654190123464655,2.6646944021564707,0.00018979224026641518,0.014365624427248634,Green
Hist-Sim,GBPUSD,Logarithmic,3964,1699,12,250,0.4468333691851312,0.0014181250780124811,1687,14,0.008298755186721992,0.4693519813461198,0.10342319828682221,0.20439032499031085,0.5235011945258341,2.65194631643368,0.00019027729032848045,0.014375174717515168,Green
Hist-Sim,GBPUSD,Full proxy,3964,1699,262,250,0.4468333691851312,0.0014181250780124811,1437,11,0.007654836464857342,0.3513616637452974,0.07034718343774066,0.1259693041339707,0.8685333349067959,3.2749007044826044,0.0001720132967246001,0.014132929002769485,Green
EWMA,GBPUSD,Contiguous,3964,1699,0,600,0.3946096153912154,0.001980456303794875,1699,17,0.010005885815185403,0.9980547152439989,0.5576159950453343,0.8420403216121591,5.944113651439736e-06,0.34384881185829386,0.0001835692477056823,0.01395719005774429,Green
EWMA,GBPUSD,Logarithmic,3964,1699,10,600,0.3946096153912154,0.001980456303794875,1689,17,0.010065127294256957,0.9785620906402891,0.5564394870486615,0.8408732397650783,0.0007220865663563336,0.3459066253851688,0.00018399133663711417,0.013962240133545285,Green
EWMA,GBPUSD,Full proxy,3964,1699,610,600,0.3946096153912154,0.001980456303794875,1089,9,0.008264462809917356,0.5529014634977385,0.6984008806387119,0.7779112586565939,0.352144890865858,0.15014075859988907,0.0001697961065020924,0.01375487824457802,Green
Moirai-1.1,GDAXI,Contiguous,4379,1878,0,512,0.20191734258051858,0.0026189098706347457,1878,23,0.012247071352502662,0.3444318531660159,0.4499917370755451,0.4808166593489295,0.8938658193901823,0.5706726748761923,0.0004778257722916592,0.03248684379493573,Green
Moirai-1.1,GDAXI,Logarithmic,4379,1878,6,512,0.20191734258051858,0.0026189098706347457,1872,23,0.012286324786324786,0.33711493631291267,0.44925705055799414,0.4738099914261322,0.9213721954893597,0.5725256037584074,0.00047845232539770735,0.03251393897937327,Green
Moirai-1.1,GDAXI,Full proxy,4379,1878,518,512,0.20191734258051858,0.0026189098706347457,1360,11,0.008088235294117648,0.46360455996430994,0.6717798596495438,0.6988265750711246,0.5371781287089483,0.17952721501995939,0.0003569024038282945,0.031002490642115053,Green
Lag-Llama,GDAXI,Contiguous,4379,1878,0,512,0.18248327021824995,0.011119647333617318,1878,17,0.009052183173588925,0.6748220592484246,0.5772160219516096,0.7839695426431239,0.17601320130608356,0.3107570148056027,0.00049848033937966,0.03659411655683721,Green
Lag-Llama,GDAXI,Logarithmic,4379,1878,6,512,0.18248327021824995,0.011119647333617318,1872,17,0.009081196581196582,0.6848607201501906,0.5766005134362411,0.7880181855224014,0.1647054935539427,0.31176272907893576,0.0004989345265501944,0.03661051942994486,Green
Lag-Llama,GDAXI,Full proxy,4379,1878,518,512,0.18248327021824995,0.011119647333617318,1360,6,0.004411764705882353,0.019872101381965532,0.8175600616821385,0.06468957418093757,5.423095210782842,0.05321525202447219,0.00037754528751512327,0.035193069707721826,Green
GJR-GARCH,GDAXI,Contiguous,4563,1956,0,250,0.4769497603536583,0.0038014219938672916,1956,31,0.015848670756646217,0.016594583306539082,0.5166175500001475,0.045973224902363795,5.738751597865829,0.42064064073400687,0.00040089897566013863,0.028870796864782874,Green
GJR-GARCH,GDAXI,Logarithmic,4563,1956,13,250,0.4769497603536583,0.0038014219938672916,1943,31,0.0159547092125579,0.015190774907990184,0.5201183414471975,0.04268394516826914,5.894206202187487,0.41365863946344916,0.00040169224607157733,0.02886934162106043,Green
GJR-GARCH,GDAXI,Full proxy,4563,1956,263,250,0.4769497603536583,0.0038014219938672916,1693,27,0.01594802126402835,0.023582139882414505,0.450081984739478,0.057973147956513184,5.125105294319031,0.5704453894903736,0.0004168262328154052,0.029486698641775173,Green
GJR-GARCH-t,GDAXI,Contiguous,4563,1956,0,250,0.47852962230184715,0.0018935021822101827,1956,30,0.015337423312883436,0.027822540622138174,0.48294352038710464,0.06955624597535608,4.839030003279699,0.49220911492881214,0.0004001682257273935,0.02981624524805763,Green
GJR-GARCH-t,GDAXI,Logarithmic,4563,1956,13,250,0.47852962230184715,0.0018935021822101827,1943,30,0.01544004117344313,0.025628116312870854,0.48625450192779185,0.06503239709719799,4.980935832186709,0.48480360056322525,0.0004010490734628391,0.029830362355312907,Green
GJR-GARCH-t,GDAXI,Full proxy,4563,1956,263,250,0.47852962230184715,0.0018935021822101827,1693,26,0.01535735380980508,0.040005375956094456,0.4156390529351477,0.08714911457558162,4.217656572422655,0.6626127612634036,0.000417086779798005,0.030552170063980165,Green
GARCH-N,GDAXI,Contiguous,4563,1956,0,250,0.5378434574357285,0.0043951969354318575,1956,28,0.014314928425357873,0.07163999574707336,0.06441535599545373,0.03570502893854067,3.2450387669478076,3.4198887000352443,0.00042315179785165787,0.029496348023820645,Green
GARCH-N,GDAXI,Logarithmic,4563,1956,15,250,0.5378434574357285,0.0043951969354318575,1941,28,0.014425553838227717,0.06608184277719514,0.06541146618062814,0.03383823302520988,3.3777591769508675,3.3945687453980895,0.000424082964560502,0.029490254377784873,Green
GARCH-N,GDAXI,Full proxy,4563,1956,265,250,0.5378434574357285,0.0043951969354318575,1691,25,0.01478415138971023,0.06489319031825064,0.05397419190345888,0.02842193510909653,3.4076909573406446,3.7134971805342047,0.0004402397635555536,0.030092645584788,Green
Hist-Sim,GDAXI,Contiguous,4563,1956,0,250,0.4691729176503254,0.0027969278978324102,1956,22,0.011247443762781187,0.5866980557835046,5.890310413347114e-05,0.00027014206075066347,0.29553050508485335,16.13759466772791,0.0005078663789780777,0.03515401100139441,Green
Hist-Sim,GDAXI,Logarithmic,4563,1956,13,250,0.4691729176503254,0.0027969278978324102,1943,22,0.011322696860524962,0.5660718259694173,6.051596100029554e-05,0.0002725012570341228,0.32929955645672315,16.086435105347988,0.0005095062839141823,0.03520768969879661,Green
Hist-Sim,GDAXI,Full proxy,4563,1956,263,250,0.4691729176503254,0.0027969278978324102,1693,21,0.012404016538688719,0.33795557853528063,6.985571176168604e-05,0.0002325368069180455,0.9181713348955771,15.814752737387494,0.000539026803827165,0.03628343881575701,Green
EWMA,GDAXI,Contiguous,4563,1956,0,600,0.5189250130022952,0.003726330822296049,1956,30,0.015337423312883436,0.027822540622138174,0.48294352038710464,0.06955624597535608,4.839030003279699,0.49220911492881214,0.0004518087733701364,0.029219481769318458,Green
EWMA,GDAXI,Logarithmic,4563,1956,15,600,0.5189250130022952,0.003726330822296049,1941,30,0.015455950540958269,0.02530329584031171,0.48676755249073744,0.06435529085762016,5.00300871532297,0.483663541297517,0.00045274184162025303,0.02918929262202856,Green
EWMA,GDAXI,Full proxy,4563,1956,615,600,0.5189250130022952,0.003726330822296049,1341,17,0.01267710663683818,0.34414032528653393,0.2095861304320079,0.29094683074695815,0.8949466440494671,1.5742828373791724,0.0003650989116778032,0.02694515101769333,Green
Moirai-1.1,GLD,Contiguous,3476,1490,0,512,0.09539366068159454,0.0035025168441501133,1490,16,0.010738255033557046,0.7771608771414533,0.5554766928077284,0.8074704764055739,0.08010078457294956,0.3475967879881807,0.00046045439726403824,0.030986497416638798,Green
Moirai-1.1,GLD,Logarithmic,3476,1490,4,512,0.09539366068159454,0.0035025168441501133,1486,16,0.010767160161507403,0.7690837245959158,0.5549388869645884,0.8046367102580234,0.08618547922749409,0.34854331083494117,0.00046026994161981665,0.030940480806634852,Green
Moirai-1.1,GLD,Full proxy,3476,1490,516,512,0.09539366068159454,0.0035025168441501133,974,11,0.011293634496919919,0.6909688107429854,0.61597544911971,0.8148089143363698,0.15803857467749172,0.2515647336595208,0.0005091470441271736,0.031060126315961945,Green
Lag-Llama,GLD,Contiguous,3476,1490,0,512,0.11340293513314201,0.008594590549568966,1490,21,0.014093959731543624,0.13465228841727567,0.4382584955291834,0.2418506692929456,2.2380316925981614,0.6008379320584822,0.0004676572679958251,0.0319472313424777,Green
Lag-Llama,GLD,Logarithmic,3476,1490,5,512,0.11340293513314201,0.008594590549568966,1485,21,0.014141414141414142,0.13107629956319244,0.43747690300439523,0.23661965960134648,2.279710959879953,0.6028915176110274,0.00046797846418691896,0.031938374361702264,Green
Lag-Llama,GLD,Full proxy,3476,1490,517,512,0.11340293513314201,0.008594590549568966,973,17,0.017471736896197326,0.03415380217057916,0.43657523803612,0.07838460136732016,4.486987993714676,0.6052675703814998,0.0005137189088345538,0.03259341644599885,Yellow
GJR-GARCH,GLD,Contiguous,3659,1569,0,250,0.4084910549100762,0.004357036505982983,1569,19,0.012109623964308477,0.4162621105629035,0.2265768305505219,0.34592500285824057,0.6608440766764732,1.462222487651701,0.0004166240893114583,0.027923731502861822,Green
GJR-GARCH,GLD,Logarithmic,3659,1569,11,250,0.4084910549100762,0.004357036505982983,1558,19,0.012195121951219513,0.3998675953794467,0.2283467027048804,0.339620224477061,0.7087244309787826,1.4511301140188664,0.00041756787457130235,0.027920952431291536,Green
GJR-GARCH,GLD,Full proxy,3659,1569,261,250,0.4084910549100762,0.004357036505982983,1308,15,0.011467889908256881,0.6021109160975856,0.16174622648185727,0.32797301330368783,0.27182387703849864,1.9578240239535774,0.0004098330934333076,0.02792873895583723,Green
GJR-GARCH-t,GLD,Contiguous,3659,1569,0,250,0.44879190184471845,0.0030563348672879957,1569,19,0.012109623964308477,0.4162621105629035,0.2265768305505219,0.34592500285824057,0.6608440766764732,1.462222487651701,0.0003997529006873461,0.028919888686977126,Green
GJR-GARCH-t,GLD,Logarithmic,3659,1569,12,250,0.44879190184471845,0.0030563348672879957,1557,19,0.012202954399486191,0.3983928340742585,0.2285088736344611,0.3390372179762874,0.7131718719247333,1.4501189082497206,0.00040065528109078024,0.02892349776330594,Green
GJR-GARCH-t,GLD,Full proxy,3659,1569,262,250,0.44879190184471845,0.0030563348672879957,1307,15,0.011476664116296864,0.600129659559447,0.1494644640206844,0.3084319121734066,0.2748003855825365,2.077707946575117,0.00039072684286107524,0.028798809587568048,Green
GARCH-N,GLD,Contiguous,3659,1569,0,250,0.4137942939644109,0.0047088183763510615,1569,17,0.010834926704907584,0.7429421607200848,0.5415523332176684,0.7865382686362862,0.10755754129981376,0.3726702602747878,0.0004165987109394601,0.02902940267498356,Green
GARCH-N,GLD,Logarithmic,3659,1569,11,250,0.4137942939644109,0.0047088183763510615,1558,17,0.010911424903722721,0.7215966480334921,0.5401119589722989,0.7779055528757319,0.12696802055328327,0.37533229845664096,0.0004174609812178078,0.029026296430746643,Green
GARCH-N,GLD,Full proxy,3659,1569,261,250,0.4137942939644109,0.0047088183763510615,1308,13,0.009938837920489297,0.9822453600856913,0.6092901133476494,0.8773470868105451,0.0004952395329393955,0.2612099582113103,0.00040563914802209004,0.02895462279307563,Green
Hist-Sim,GLD,Contiguous,3659,1569,0,250,0.4586170284294769,0.0044801891046381825,1569,10,0.006373486297004461,0.1219537346921221,0.720127489171152,0.28359460679134596,2.392048416750699,0.12837058617080288,0.00043728559203985376,0.03192954469878643,Green
Hist-Sim,GLD,Logarithmic,3659,1569,12,250,0.4586170284294769,0.0044801891046381825,1557,10,0.006422607578676943,0.12896780118264098,0.7190892512800553,0.29607983438037316,2.3048852923717043,0.12936700818625013,0.0004378822130015279,0.031896846708600594,Green
Hist-Sim,GLD,Full proxy,3659,1569,262,250,0.4586170284294769,0.0044801891046381825,1307,8,0.00612088752869166,0.12889256036447233,0.7534994211871617,0.3005314171041867,2.305792086584745,0.0986138754956869,0.0004259793474521378,0.030385490138535733,Green
EWMA,GLD,Contiguous,3659,1569,0,600,0.444901105859139,0.00418085633016196,1569,17,0.010834926704907584,0.7429421607200848,0.5415523332176684,0.7865382686362862,0.10755754129981376,0.3726702602747878,0.000424088191983092,0.02896282372704924,Green
EWMA,GLD,Logarithmic,3659,1569,12,600,0.444901105859139,0.00418085633016196,1557,17,0.010918432883750802,0.719661556822011,0.5399803463055135,0.7770918675613483,0.1288172148584774,0.37557618900922307,0.00042503833782414483,0.028952784729879798,Green
EWMA,GLD,Full proxy,3659,1569,612,600,0.444901105859139,0.00418085633016196,957,8,0.008359456635318705,0.5996437011073792,0.7132801368349877,0.8144207484889703,0.27553361332148185,0.1350226996498094,0.0004536367794308679,0.030900912897508813,Green
Moirai-1.1,HSI,Contiguous,4238,1817,0,512,0.22483402086080215,0.004164222877199926,1817,11,0.006053935057787562,0.06814047907792334,0.7142459870776148,0.17716667716748669,3.3272557691370803,0.1340728520576988,0.000554844193041709,0.04178204449523292,Green
Moirai-1.1,HSI,Logarithmic,4238,1817,7,512,0.22483402086080215,0.004164222877199926,1810,11,0.0060773480662983425,0.07048332670090973,0.7137147333908678,0.18210685838473234,3.271728427484165,0.13459483295386576,0.0005557840220999683,0.041820159925039825,Green
Moirai-1.1,HSI,Full proxy,4238,1817,519,512,0.22483402086080215,0.004164222877199926,1298,5,0.003852080123266564,0.010972684904895802,0.8440446121904125,0.03861101241469028,6.469735707964624,0.038699787001519326,0.0005863913018924953,0.043851350770163965,Green
Lag-Llama,HSI,Contiguous,4238,1817,0,512,0.26123724820311234,0.009144033120657815,1817,19,0.010456796917996699,0.8459808507562696,0.526167181553971,0.8027110487581546,0.03773270688726971,0.4017882320063393,0.0005772215717590751,0.04198779812377038,Green
Lag-Llama,HSI,Logarithmic,4238,1817,7,512,0.26123724820311234,0.009144033120657815,1810,19,0.010497237569060774,0.8329637245002576,0.5253593361926179,0.7993794044273309,0.044479663849675166,0.40335952980129264,0.0005784438035966462,0.042046295328910466,Green
Lag-Llama,HSI,Full proxy,4238,1817,519,512,0.26123724820311234,0.009144033120657815,1298,9,0.006933744221879815,0.23993397337236894,0.7228509696694738,0.470772820599335,1.3809818499534883,0.12577742106705614,0.0005940604294944301,0.04387989146840545,Green
GJR-GARCH,HSI,Contiguous,4421,1896,0,250,0.4701643634705739,0.004796309990335874,1896,17,0.008966244725738396,0.6451819395042546,0.5790466388685485,0.7711259373718872,0.2120287204126119,0.3077784313134089,0.0005060102087004712,0.03672398733596027,Green
GJR-GARCH,HSI,Logarithmic,4421,1896,13,250,0.4701643634705739,0.004796309990335874,1883,17,0.009028146574614976,0.6665165264095445,0.5777269098152338,0.7805051900063189,0.18570391594121638,0.30992386297290864,0.0005072817939339823,0.03674195786354886,Green
GJR-GARCH,HSI,Full proxy,4421,1896,263,250,0.4701643634705739,0.004796309990335874,1633,15,0.009185548071034905,0.7373351447821181,0.5978195182937621,0.8225138919183909,0.11248268636255787,0.2782971268671588,0.0005342318137146958,0.03793201968959279,Green
GJR-GARCH-t,HSI,Contiguous,4421,1896,0,250,0.4739814434192302,0.0024478045441099494,1896,17,0.008966244725738396,0.6451819395042546,0.5790466388685485,0.7711259373718872,0.2120287204126119,0.3077784313134089,0.0005005931980617818,0.03622244566297,Green
GJR-GARCH-t,HSI,Logarithmic,4421,1896,13,250,0.4739814434192302,0.0024478045441099494,1883,17,0.009028146574614976,0.6665165264095445,0.5777269098152338,0.7805051900063189,0.18570391594121638,0.30992386297290864,0.0005018629993350583,0.03624051505002182,Green
GJR-GARCH-t,HSI,Full proxy,4421,1896,263,250,0.4739814434192302,0.0024478045441099494,1633,15,0.009185548071034905,0.7373351447821181,0.5978195182937621,0.8225138919183909,0.11248268636255787,0.2782971268671588,0.000528778552829805,0.03747385622415789,Green
GARCH-N,HSI,Contiguous,4421,1896,0,250,0.5422286343831964,0.005592825233431398,1896,18,0.00949367088607595,0.8231671876720457,0.16225279247949956,0.3673199591299526,0.0499403006194048,1.953103674385261,0.000521804983592849,0.038534599229606746,Green
GARCH-N,HSI,Logarithmic,4421,1896,16,250,0.5422286343831964,0.005592825233431398,1880,18,0.009574468085106383,0.85184778709148,0.16380013075157931,0.37275490273948936,0.034879785085751625,1.9387885599832089,0.0005232276883710312,0.038562054290677814,Green
GARCH-N,HSI,Full proxy,4421,1896,266,250,0.5422286343831964,0.005592825233431398,1630,17,0.010429447852760737,0.8626179772934903,0.1685690496879408,0.38182861360986287,0.029943726191479225,1.89562312685473,0.0005543643154482926,0.039882071583721784,Green
Hist-Sim,HSI,Contiguous,4421,1896,0,250,0.5103762779278196,0.00345447585696345,1896,19,0.010021097046413503,0.9926361307756667,0.01315886841431274,0.046242537607121464,8.518131546775276e-05,6.147625172838673,0.0005397833753489243,0.036877263504736905,Green
Hist-Sim,HSI,Logarithmic,4421,1896,14,250,0.5103762779278196,0.00345447585696345,1882,19,0.010095642933049946,0.9667894100128003,0.013364076854102241,0.04684086717509222,0.0017335005340192167,6.120264953196454,0.0005413532490256361,0.03689225088933159,Green
Hist-Sim,HSI,Full proxy,4421,1896,264,250,0.5103762779278196,0.00345447585696345,1632,19,0.011642156862745098,0.5158125803399867,0.017984666912595967,0.04929414619081304,0.4222578206851697,5.597642066327893,0.000574214404495952,0.03761698577197282,Green
EWMA,HSI,Contiguous,4421,1896,0,600,0.5315796789735621,0.004970558599874594,1896,16,0.008438818565400843,0.48263806326710945,0.006140748905797956,0.01830258503872304,0.49289653632276487,7.508529404005742,0.0005001150189980761,0.03774784003353981,Green
EWMA,HSI,Logarithmic,4421,1896,15,600,0.5315796789735621,0.004970558599874594,1881,16,0.008506113769271665,0.503934604109826,0.00624434261554314,0.019015099691930704,0.4466406170020365,7.478403172619949,0.0005013432122322757,0.0377698501346163,Green
EWMA,HSI,Full proxy,4421,1896,615,600,0.5315796789735621,0.004970558599874594,1281,10,0.0078064012490242,0.4118682931121366,0.0016283309449102194,0.004989501803054446,0.6734012234024567,9.927437203137956,0.0005508828555373127,0.039985647410891854,Green
Moirai-1.1,IBGL,Contiguous,2939,1260,0,512,0.019792254618229456,0.0018867539764772755,1260,9,0.007142857142857143,0.28273853150732475,0.7188459705312249,0.5263756038689534,1.153879370790321,0.12960111976718736,0.00028230367067407115,0.025724602231732844,Green
Moirai-1.1,IBGL,Logarithmic,2939,1260,3,512,0.019792254618229456,0.0018867539764772755,1257,9,0.007159904534606206,0.2863634840122522,0.7185223474920328,0.5308497050795825,1.1366397620101543,0.1299129161605066,0.0002824657773731447,0.025730668556719,Green
Moirai-1.1,IBGL,Full proxy,2939,1260,515,512,0.019792254618229456,0.0018867539764772755,745,3,0.004026845637583893,0.06252211844924495,0.8761453357268791,0.17434169398968785,3.4691847293823477,0.02429156433650803,0.00024501294709674735,0.023771362511598323,Green
Lag-Llama,IBGL,Contiguous,2939,1260,0,512,0.0021778409203671214,0.005161581977397935,1260,10,0.007936507936507936,0.44506812897138226,0.6890370289878021,0.6895917987830247,0.5831810915436222,0.16012981329518539,0.000278820551431293,0.024687179075208354,Green
Lag-Llama,IBGL,Logarithmic,2939,1260,2,512,0.0021778409203671214,0.005161581977397935,1258,10,0.00794912559618442,0.4483270730001948,0.6888007933870978,0.6923717568593106,0.5748778505665078,0.16038664287547988,0.0002790198246664595,0.024698066606824543,Green
Lag-Llama,IBGL,Full proxy,2939,1260,514,512,0.0021778409203671214,0.005161581977397935,746,1,0.0013404825737265416,0.0027637351832969794,0.9586501331571824,0.011333873028126974,8.957230675225702,0.002688172852371551,0.00023261840427438754,0.022862342915842337,Green
GJR-GARCH,IBGL,Contiguous,3122,1339,0,250,0.25909579086981177,0.004222414017023758,1339,3,0.0022404779686333084,0.0005656204833578541,0.9075598168327187,0.0026067112868562834,11.885848633623942,0.013483157415521418,0.0002398864473803015,0.023919037123935297,Green
GJR-GARCH,IBGL,Logarithmic,3122,1339,7,250,0.25909579086981177,0.004222414017023758,1332,3,0.0022522522522522522,0.0005997902502595038,0.907317602492087,0.0027529251224299722,11.776628275059494,0.013554228395918244,0.0002403914519882946,0.02394400262856939,Green
GJR-GARCH,IBGL,Full proxy,3122,1339,257,250,0.25909579086981177,0.004222414017023758,1082,2,0.0018484288354898336,0.0009312854958117943,0.9313819994685856,0.004155089779983744,10.959428209700864,0.007414276720169255,0.00024871437465346025,0.024681543815186707,Green
GJR-GARCH-t,IBGL,Contiguous,3122,1339,0,250,0.304277119322894,0.0026159959858605107,1339,8,0.00597460791635549,0.10954171861709322,0.03564194182703268,0.0305776051287419,2.560820491535109,4.414154301466581,0.00023539627339974942,0.02260995736701573,Green
GJR-GARCH-t,IBGL,Logarithmic,3122,1339,8,250,0.304277119322894,0.0026159959858605107,1331,8,0.006010518407212622,0.11412252210093426,0.03588414819984827,0.03176491726455704,2.496183991437295,4.402601666317167,0.00023592693574131393,0.022632013535067025,Green
GJR-GARCH-t,IBGL,Full proxy,3122,1339,258,250,0.304277119322894,0.0026159959858605107,1081,6,0.005550416281221091,0.10842421404433998,0.02256620480290274,0.020459325842567842,2.577040419444409,5.201592518600876,0.00024165183273244995,0.02332358455630397,Green
GARCH-N,IBGL,Contiguous,3122,1339,0,250,0.25443276438295404,0.003539003507322334,1339,6,0.004480955937266617,0.022741581284733716,0.017744662160037634,0.00449558127423682,5.188137083506163,5.621183523858505,0.00023690655737359576,0.02329416416836933,Green
GARCH-N,IBGL,Logarithmic,3122,1339,7,250,0.25443276438295404,0.003539003507322334,1332,6,0.0045045045045045045,0.023781848957371773,0.01784922500616475,0.004697712710191725,5.110472032670856,5.610887059585721,0.00023743182466071008,0.02331943808229372,Green
GARCH-N,IBGL,Full proxy,3122,1339,257,250,0.25443276438295404,0.003539003507322334,1082,4,0.0036968576709796672,0.01674872781044547,0.008197967734596677,0.0017361039520088883,5.722514488545214,6.989709080149332,0.0002455976145540877,0.02404578254334844,Green
Hist-Sim,IBGL,Contiguous,3122,1339,0,250,0.36762999035657595,0.0016175538564103496,1339,14,0.010455563853622106,0.8679165799723042,0.5863516582188864,0.8505536714842503,0.027657501567488252,0.2960780251039523,0.00023631910816785084,0.020815603381356417,Green
Hist-Sim,IBGL,Logarithmic,3122,1339,9,250,0.36762999035657595,0.0016175538564103496,1330,14,0.010526315789473684,0.8483135754730395,0.5850731820328958,0.8459081702133855,0.036584451293945275,0.2981044909350601,0.00023681130252860703,0.02082303172158384,Green
Hist-Sim,IBGL,Full proxy,3122,1339,259,250,0.36762999035657595,0.0016175538564103496,1080,9,0.008333333333333333,0.5708630529574599,0.6971975686486811,0.7895263122855436,0.3212405816624284,0.15140365445297732,0.00023423848866579444,0.021465299921301306,Green
EWMA,IBGL,Contiguous,3122,1339,0,600,0.4522801169218264,0.0038927794574633474,1339,7,0.005227781926811053,0.05343120551359889,0.786124167500432,0.1492690222918323,3.730380974666728,0.07362918991171341,0.0002317768255831646,0.022850979122092857,Green
EWMA,IBGL,Logarithmic,3122,1339,12,600,0.4522801169218264,0.0038927794574633474,1327,7,0.0052750565184626974,0.057242226578861785,0.7851772108462212,0.15803824643652536,3.6155373584724178,0.07429905991652674,0.00023244943488319323,0.022901032052390885,Green
EWMA,IBGL,Full proxy,3122,1339,612,600,0.4522801169218264,0.0038927794574633474,727,3,0.0041265474552957355,0.07123117640389237,0.8746256425787252,0.19404645869211104,3.2544190045874197,0.024896337001884206,0.00020739948181223834,0.019973956771282157,Green
Moirai-1.1,ICLN,Contiguous,2842,1219,0,512,0.08466917851814657,0.005968859020210323,1219,5,0.004101722723543888,0.01889754352887316,0.8391134101290693,0.062281176439661606,5.510971853192366,0.04122023214569026,0.0006192123666722412,0.05318526381731471,Green
Moirai-1.1,ICLN,Logarithmic,2842,1219,4,512,0.08466917851814657,0.005968859020210323,1215,5,0.00411522633744856,0.019417663436125953,0.8388511229836871,0.06377266626178188,5.463504607002639,0.041356610861001286,0.0006194848829373281,0.05318479529730269,Green
Moirai-1.1,ICLN,Full proxy,2842,1219,516,512,0.08466917851814657,0.005968859020210323,703,5,0.007112375533428165,0.41711567757480283,0.7888248347045589,0.6941397176539101,0.6584274061871946,0.07173662675292292,0.0006590924954292167,0.0499572232646546,Green
Lag-Llama,ICLN,Contiguous,2842,1219,0,512,0.08410067644774176,0.010417942441513776,1219,10,0.008203445447087777,0.5152678010408984,0.6840839677220079,0.7449338959788387,0.4233547846381813,0.16556480489998648,0.000588240335840164,0.05082743418228296,Green
Lag-Llama,ICLN,Logarithmic,2842,1219,4,512,0.08410067644774176,0.010417942441513776,1215,10,0.00823045267489712,0.5224982816914928,0.6835879860401929,0.7501088123970335,0.4089591328451845,0.16611486671338582,0.0005886643338325261,0.05084454798626817,Green
Lag-Llama,ICLN,Full proxy,2842,1219,516,512,0.08410067644774176,0.010417942441513776,703,7,0.00995732574679943,0.9909204800359175,0.7072794104941532,0.9318629370165853,0.0001294983990736548,0.14100957839760042,0.0006033109338075875,0.046838969555150926,Green
GJR-GARCH,ICLN,Contiguous,3026,1297,0,250,0.42251835577493213,0.005827330095895582,1297,10,0.007710100231303007,0.387813600448507,0.6933126945365644,0.6372110036075846,0.7457863021302709,0.15552256268570375,0.00055372715911283,0.045560864732988156,Green
GJR-GARCH,ICLN,Logarithmic,3026,1297,11,250,0.42251835577493213,0.005827330095895582,1286,10,0.007776049766718507,0.4042365878696925,0.692059993164875,0.652936179786185,0.6956874233261274,0.1568643533677232,0.0005552946698337011,0.04558725061969469,Green
GJR-GARCH,ICLN,Full proxy,3026,1297,261,250,0.42251835577493213,0.005827330095895582,1036,8,0.007722007722007722,0.4427073182595779,0.7240596447633392,0.6998105656958781,0.5892550826974139,0.12463611929760532,0.000557012200856577,0.044187441590511425,Green
GJR-GARCH-t,ICLN,Contiguous,3026,1297,0,250,0.48962101940635383,0.004051716792189061,1297,10,0.007710100231303007,0.387813600448507,0.6933126945365644,0.6372110036075846,0.7457863021302709,0.15552256268570375,0.0005708789367515669,0.04675149080257437,Green
GJR-GARCH-t,ICLN,Logarithmic,3026,1297,13,250,0.48962101940635383,0.004051716792189061,1284,10,0.00778816199376947,0.4072767281708102,0.6918305776327649,0.6557841879266668,0.686736245217558,0.15711080674952882,0.00057283475458834,0.04679802184062624,Green
GJR-GARCH-t,ICLN,Full proxy,3026,1297,263,250,0.48962101940635383,0.004051716792189061,1034,8,0.007736943907156673,0.44627636712547303,0.7238015706311585,0.7029387452113907,0.5800917321003514,0.1248793166591895,0.000575917122232349,0.04543353417747349,Green
GARCH-N,ICLN,Contiguous,3026,1297,0,250,0.42728178638689085,0.006156702498093851,1297,11,0.008481110254433308,0.5724146950278559,0.6643109061452956,0.7760843706185001,0.31865893098900244,0.18832914838142756,0.0005647729465772101,0.046374913327465433,Green
GARCH-N,ICLN,Logarithmic,3026,1297,11,250,0.42728178638689085,0.006156702498093851,1286,11,0.008553654743390357,0.592967187086505,0.6629538531132392,0.7883250667728803,0.2857342413371655,0.18995526446761346,0.0005664947486408128,0.04641424325383269,Green
GARCH-N,ICLN,Full proxy,3026,1297,261,250,0.42728178638689085,0.006156702498093851,1036,8,0.007722007722007722,0.4427073182595779,0.7240596447633392,0.6998105656958781,0.5892550826974139,0.12463611929760532,0.0005693376564922383,0.045245812419926625,Green
Hist-Sim,ICLN,Contiguous,3026,1297,0,250,0.7539902198034529,0.0006036326608543849,1297,14,0.01079414032382421,0.7765673219946699,0.5802824125828769,0.8243508785096838,0.08053972384614694,0.30577830870515754,0.0005744610881173291,0.043427433425161546,Green
Hist-Sim,ICLN,Logarithmic,3026,1297,32,250,0.7539902198034529,0.0006036326608543849,1265,14,0.011067193675889328,0.7076267623800556,0.575475444652029,0.796814978824691,0.14065899166580076,0.3136065566595505,0.0005728632602014397,0.04287718336199365,Green
Hist-Sim,ICLN,Full proxy,3026,1297,282,250,0.7539902198034529,0.0006036326608543849,1015,10,0.009852216748768473,0.9621660204140821,0.6553621154480527,0.904178655163066,0.002250140412787982,0.1992064810330305,0.0005327706644498242,0.04042434666069702,Green
EWMA,ICLN,Contiguous,3026,1297,0,600,0.47115768682075393,0.0059736721367458015,1297,11,0.008481110254433308,0.5724146950278559,0.6643109061452956,0.7760843706185001,0.31865893098900244,0.18832914838142756,0.0005541056730576668,0.04539609674142732,Green
EWMA,ICLN,Logarithmic,3026,1297,12,600,0.47115768682075393,0.0059736721367458015,1285,11,0.008560311284046693,0.5948580518083242,0.6628296683233754,0.7894152231150442,0.28282117628408976,0.19010448677003922,0.0005564038288243449,0.045480263287597404,Green
EWMA,ICLN,Full proxy,3026,1297,612,600,0.47115768682075393,0.0059736721367458015,685,5,0.0072992700729927005,0.455497886291099,0.7861111617523148,0.7295797448637462,0.5569348371425811,0.07363836802025503,0.0005963715819788454,0.04378837937160655,Green
Moirai-1.1,NIFTY,Contiguous,2895,1242,0,512,0.11171115830376933,0.0017611793690417502,1242,7,0.005636070853462158,0.092157032915414,0.7780890919096546,0.23273584570421693,2.836285398422504,0.07941695752761291,0.00031330951772330916,0.025345457031482835,Green
Moirai-1.1,NIFTY,Logarithmic,2895,1242,5,512,0.11171115830376933,0.0017611793690417502,1237,7,0.005658852061438965,0.0947113016356966,0.7776499870862168,0.23785873908443295,2.7924165727054895,0.07974005685439067,0.00031337987371484773,0.025340719514907534,Green
Moirai-1.1,NIFTY,Full proxy,2895,1242,517,512,0.11171115830376933,0.0017611793690417502,725,5,0.006896551724137931,0.37367400148628405,0.7920053974836141,0.6501995396521489,0.7914103685308636,0.06954158971353053,0.0003135388933512195,0.023393089889589682,Green
Lag-Llama,NIFTY,Contiguous,2895,1242,0,512,0.1664063433968704,0.006083985553782142,1242,17,0.013687600644122383,0.21613343838954754,0.49195965423191157,0.367493823879254,1.5298601270467405,0.4722374054356635,0.0003250293212054665,0.025832075441953494,Green
Lag-Llama,NIFTY,Logarithmic,2895,1242,5,512,0.1664063433968704,0.006083985553782142,1237,17,0.0137429264349232,0.2105765202827476,0.4910729379316888,0.3603006746876026,1.5674582596522253,0.474174517663954,0.0003248308761780413,0.025797687565043075,Green
Lag-Llama,NIFTY,Full proxy,2895,1242,517,512,0.1664063433968704,0.006083985553782142,725,9,0.012413793103448275,0.5290134616634516,0.634071825968317,0.7323968110760082,0.3962862304177488,0.22657941011330252,0.0003136722467700713,0.02408528721887885,Green
GJR-GARCH,NIFTY,Contiguous,3079,1320,0,250,0.5899751658722796,0.0042764601656730475,1320,12,0.00909090909090909,0.7360181886955317,0.6387695234813197,0.8461943975359811,0.11365727593516128,0.22035504696643216,0.000298524914501525,0.023297617657309477,Green
GJR-GARCH,NIFTY,Logarithmic,3079,1320,17,250,0.5899751658722796,0.0042764601656730475,1303,12,0.00920951650038373,0.7713203464461134,0.6365678394984794,0.8573854263292489,0.08447641105151327,0.22325903390716917,0.0002984859615121049,0.02322419008983041,Green
GJR-GARCH,NIFTY,Full proxy,3079,1320,267,250,0.5899751658722796,0.0042764601656730475,1053,7,0.006647673314339981,0.24432145405506442,0.7594248175673869,0.4845023722267773,1.355485297204532,0.09378060564827706,0.0002840277926358201,0.02219501260654234,Green
GJR-GARCH-t,NIFTY,Contiguous,3079,1320,0,250,0.6008429611685704,0.0028553133057813533,1320,11,0.008333333333333333,0.530921563765278,0.6670962971916797,0.7491452234215477,0.39262737758741295,0.18501747143400848,0.0002924103013331195,0.02333998905827777,Green
GJR-GARCH-t,NIFTY,Logarithmic,3079,1320,18,250,0.6008429611685704,0.0028553133057813533,1302,11,0.008448540706605223,0.5632232726157227,0.664922362212379,0.7703760102794952,0.3341539438615304,0.18759917271441395,0.0002920447202034044,0.023242532304643883,Green
GJR-GARCH-t,NIFTY,Full proxy,3079,1320,268,250,0.6008429611685704,0.0028553133057813533,1052,6,0.005703422053231939,0.12760812466328605,0.7929453092191748,0.3026640868870207,2.321363525076439,0.0688999000961843,0.0002769557781903576,0.022282625140730337,Green
GARCH-N,NIFTY,Contiguous,3079,1320,0,250,0.5969007775150352,0.004438779402596547,1320,12,0.00909090909090909,0.7360181886955317,0.6387695234813197,0.8461943975359811,0.11365727593516128,0.22035504696643216,0.000301017806890037,0.02322605893846524,Green
GARCH-N,NIFTY,Logarithmic,3079,1320,18,250,0.5969007775150352,0.004438779402596547,1302,12,0.009216589861751152,0.7734221712491585,0.6364370746201246,0.8579926502296219,0.08288724919991752,0.22343224219369517,0.0003010039301056882,0.023150297771319536,Green
GARCH-N,NIFTY,Full proxy,3079,1320,268,250,0.5969007775150352,0.004438779402596547,1052,7,0.006653992395437262,0.24550013666914697,0.7593131840330267,0.4861196084098399,1.348730719883938,0.09387043516012739,0.0002795945991342561,0.022265763762887882,Green
Hist-Sim,NIFTY,Contiguous,3079,1320,0,250,0.6488589506471731,0.0030245018021237344,1320,9,0.006818181818181818,0.2176764560355809,0.7250929001761319,0.4397080172924305,1.5196236438398287,0.12366509498112066,0.000330021757581337,0.02519490837325421,Green
Hist-Sim,NIFTY,Logarithmic,3079,1320,21,250,0.6488589506471731,0.0030245018021237344,1299,9,0.006928406466512702,0.2388832437091719,0.7229540671811783,0.469340868656959,1.387172109405724,0.12567984196248005,0.0003292268015880679,0.025023954895220475,Green
Hist-Sim,NIFTY,Full proxy,3079,1320,271,250,0.6488589506471731,0.0030245018021237344,1049,7,0.00667302192564347,0.24906449691436824,0.7589773490659089,0.49098474200504816,1.3285434948157153,0.09414095921748356,0.00031506678782562805,0.02327917433229852,Green
EWMA,NIFTY,Contiguous,3079,1320,0,600,0.606997325069246,0.003782566968959799,1320,12,0.00909090909090909,0.7360181886955317,0.6387695234813197,0.8461943975359811,0.11365727593516128,0.22035504696643216,0.00029594551761014543,0.022966280148143687,Green
EWMA,NIFTY,Logarithmic,3079,1320,18,600,0.606997325069246,0.003782566968959799,1302,12,0.009216589861751152,0.7734221712491585,0.6364370746201246,0.8579926502296219,0.08288724919991752,0.22343224219369517,0.0002955717170564057,0.022857947573704056,Green
EWMA,NIFTY,Full proxy,3079,1320,618,600,0.606997325069246,0.003782566968959799,702,7,0.009971509971509971,0.993944025143126,0.7070783200866475,0.9318017612378491,5.760979683568784e-05,0.14121276911403413,0.0003059162923033365,0.02253447839154734,Green
Moirai-1.1,NIKKEI,Contiguous,4211,1806,0,512,0.09401060841754974,0.0060781385505903444,1806,12,0.006644518272425249,0.12694371487797707,0.06667971322164065,0.05806432971620422,2.329486892359302,3.3629206077033587,0.0004945754750024701,0.040757058736421145,Green
Moirai-1.1,NIKKEI,Logarithmic,4211,1806,4,512,0.09401060841754974,0.0060781385505903444,1802,12,0.006659267480577136,0.12916785873150854,0.06684740769330143,0.05897565214349109,2.30247708425496,3.3587841073139373,0.000494836611629033,0.04076613906588595,Green
Moirai-1.1,NIKKEI,Full proxy,4211,1806,516,512,0.09401060841754974,0.0060781385505903444,1290,7,0.005426356589147287,0.0706103349680846,0.026928747080477666,0.016872431975208754,3.268774916663377,4.895373549438361,0.0005188338251127555,0.04178262889613933,Green
Lag-Llama,NIKKEI,Contiguous,4211,1806,0,512,0.06659761381182502,0.011060343771721867,1806,12,0.006644518272425249,0.12694371487797707,0.688580963986158,0.28792467693834034,2.329486892359302,0.16062585056442913,0.0004629676927874139,0.040315267211512816,Green
Lag-Llama,NIKKEI,Logarithmic,4211,1806,4,512,0.06659761381182502,0.011060343771721867,1802,12,0.006659267480577136,0.12916785873150854,0.6882512685480401,0.291787045024372,2.30247708425496,0.16098499703034008,0.00046328932391582757,0.04033643247772561,Green
Lag-Llama,NIKKEI,Full proxy,4211,1806,516,512,0.06659761381182502,0.011060343771721867,1290,7,0.005426356589147287,0.0706103349680846,0.782176297988286,0.18775653592032676,3.268774916663377,0.07644343757229421,0.0004662384369175772,0.04100793021376976,Green
GJR-GARCH,NIKKEI,Contiguous,4395,1884,0,250,0.4122349089800979,0.005121543184359638,1884,18,0.009554140127388535,0.8446424291590597,0.16341072029286394,0.37143246744814995,0.038399843494116626,1.9423765861047002,0.0004564665926161788,0.033987442969073405,Green
GJR-GARCH,NIKKEI,Logarithmic,4395,1884,11,250,0.4122349089800979,0.005121543184359638,1873,18,0.009610250934329953,0.8645113708029923,0.16448578272659697,0.3750089764608524,0.02911604486450492,1.93249458727405,0.00045703858211890684,0.03395014958998124,Green
GJR-GARCH,NIKKEI,Full proxy,4395,1884,261,250,0.4122349089800979,0.005121543184359638,1623,16,0.009858287122612447,0.954136001736973,0.14732312965616953,0.34940296095316575,0.0033078244479055607,2.0997509894008317,0.00047682691640335226,0.03480702821948302,Green
GJR-GARCH-t,NIKKEI,Contiguous,4395,1884,0,250,0.42142201262565604,0.0033571114358577,1884,16,0.008492569002123142,0.499626987879367,0.12455588840899769,0.24477822403659627,0.45572865327482237,2.359076719524154,0.00045987514478722534,0.03465289485062363,Green
GJR-GARCH-t,NIKKEI,Logarithmic,4395,1884,11,250,0.42142201262565604,0.0033571114358577,1873,16,0.008542445274959957,0.5155392560368879,0.12538074359623827,0.250124578644082,0.4228079315899187,2.3487844097321613,0.0004602988686610578,0.034602681242496096,Green
GJR-GARCH-t,NIKKEI,Full proxy,4395,1884,261,250,0.42142201262565604,0.0033571114358577,1623,15,0.009242144177449169,0.7559413130558851,0.12687350335053457,0.2971622453468446,0.09660592554681724,2.3303480918677337,0.00048111799594614796,0.035508486554853266,Green
GARCH-N,NIKKEI,Contiguous,4395,1884,0,250,0.4465687615005488,0.005853897541344716,1884,18,0.009554140127388535,0.8446424291590597,0.16341072029286394,0.37143246744814995,0.038399843494116626,1.9423765861047002,0.0004788317917234475,0.034924559305406055,Green
GARCH-N,NIKKEI,Logarithmic,4395,1884,12,250,0.4465687615005488,0.005853897541344716,1872,18,0.009615384615384616,0.8663259600999178,0.16458417050407598,0.37532462850469334,0.02833401054511131,1.9315938924160605,0.00047994448222584053,0.03491135607495524,Green
GARCH-N,NIKKEI,Full proxy,4395,1884,262,250,0.4465687615005488,0.005853897541344716,1622,16,0.009864364981504316,0.9561189609685389,0.14742522993054633,0.349637025886834,0.0030276934193055327,2.0986917696236276,0.0004972228293219273,0.03576409865814179,Green
Hist-Sim,NIKKEI,Contiguous,4395,1884,0,250,0.5422012639059395,0.005345149292081713,1884,14,0.0074309978768577496,0.24033116552752382,0.0034074394532963995,0.006894704981681758,1.3786504092639955,8.57535270260712,0.0005453773261830917,0.04015477441453327,Green
Hist-Sim,NIKKEI,Logarithmic,4395,1884,16,250,0.5422012639059395,0.005345149292081713,1868,13,0.006959314775160599,0.162336879021973,0.0024745006672329027,0.0038648311308758622,1.952321755365725,9.159352824192922,0.0005428545500566833,0.04011576629873233,Green
Hist-Sim,NIKKEI,Full proxy,4395,1884,266,250,0.5422012639059395,0.005345149292081713,1618,13,0.008034610630407911,0.4106844241505698,0.003353656688148388,0.009652178257084674,0.6768184869812259,8.604324838980347,0.0005645199434724947,0.04020148724204512,Green
EWMA,NIKKEI,Contiguous,4395,1884,0,600,0.44270855296682854,0.004852117618012776,1884,16,0.008492569002123142,0.499626987879367,0.12455588840899769,0.24477822403659627,0.45572865327482237,2.359076719524154,0.0004806361043712011,0.03520391106098297,Green
EWMA,NIKKEI,Logarithmic,4395,1884,12,600,0.44270855296682854,0.004852117618012776,1872,16,0.008547008547008548,0.5170018470683733,0.1254562380178806,0.25060979336440803,0.4198701438431298,2.3478461713915237,0.0004818734361718759,0.035203806066070605,Green
EWMA,NIKKEI,Full proxy,4395,1884,612,600,0.44270855296682854,0.004852117618012776,1272,8,0.006289308176100629,0.1534187955618874,0.0377715583595873,0.04172718515584751,2.0379250573644407,4.3152798234031025,0.000508532553372933,0.03622625086589102,Green
Moirai-1.1,SP500,Contiguous,4334,1858,0,512,0.270746639845029,0.0024530336436822658,1858,28,0.015069967707212056,0.041025154000012005,0.07135091637214193,0.02439637778620142,4.174975573787169,3.2516656443891634,0.0004850140660167819,0.03078770632849961,Green
Moirai-1.1,SP500,Logarithmic,4334,1858,8,512,0.270746639845029,0.0024530336436822658,1850,28,0.015135135135135135,0.039073858229559964,0.07196445985012175,0.023573215154564002,4.257653543262066,3.2376347818840827,0.00048598175370368304,0.030813437556216853,Green
Moirai-1.1,SP500,Full proxy,4334,1858,520,512,0.270746639845029,0.0024530336436822658,1338,15,0.011210762331838564,0.662370822544198,0.1576792002534594,0.3350418212568454,0.19065644769363166,1.996343383058786,0.0003619078219693675,0.029683136734505365,Green
Lag-Llama,SP500,Contiguous,4334,1858,0,512,0.15838889984595728,0.008755692629862243,1858,17,0.00914962325080732,0.7085838731700612,0.5751538579340749,0.796988345964424,0.13969554131034245,0.3141349040440957,0.0004516756339906483,0.03369429976223784,Green
Lag-Llama,SP500,Logarithmic,4334,1858,5,512,0.15838889984595728,0.008755692629862243,1853,17,0.009174311926605505,0.7171559632785522,0.5746336074180431,0.8000248740389586,0.13123403658046717,0.3149908819172822,0.0004522616166024732,0.03372732375541225,Green
Lag-Llama,SP500,Full proxy,4334,1858,517,512,0.15838889984595728,0.008755692629862243,1341,7,0.005219985085756898,0.05281913830268942,0.7862807796797868,0.14784728880838058,3.7496320231058675,0.07351871749278871,0.00036240645379575836,0.03219925603223636,Green
GJR-GARCH,SP500,Contiguous,4517,1937,0,250,0.5090578274342461,0.004031650555740705,1937,24,0.0123902942694889,0.30806607944081044,0.3027816249417503,0.349788795603751,1.0389487993317363,1.0619026962176576,0.00037491105831834876,0.02781679801083551,Green
GJR-GARCH,SP500,Logarithmic,4517,1937,14,250,0.5090578274342461,0.004031650555740705,1923,24,0.0124804992199688,0.2925366138268022,0.3051698182766033,0.33970150414983813,1.1079104863436129,1.0514654655530649,0.00037442762047570926,0.02767421713199085,Green
GJR-GARCH,SP500,Full proxy,4517,1937,264,250,0.5090578274342461,0.004031650555740705,1673,21,0.012552301255230125,0.31289583215080174,0.2642762101542075,0.3222863313112868,1.0184126373103535,1.2462171644729096,0.0003894401191509605,0.02853240111613547,Green
GJR-GARCH-t,SP500,Contiguous,4517,1937,0,250,0.5339470658193624,0.002446318325893761,1937,25,0.012906556530717605,0.21852018770375267,0.4186412158829619,0.3382078550332839,1.5140627776914393,0.6541264558828175,0.00038649644173293615,0.02831385194929804,Green
GJR-GARCH-t,SP500,Logarithmic,4517,1937,15,250,0.5339470658193624,0.002446318325893761,1922,25,0.013007284079084287,0.20536601298969848,0.4168065403499833,0.3225332078505482,1.6037965502089957,0.6593018057272957,0.0003857800286390202,0.02814136332942287,Green
GJR-GARCH-t,SP500,Full proxy,4517,1937,265,250,0.5339470658193624,0.002446318325893761,1672,21,0.012559808612440191,0.31167060221158993,0.4646960719797746,0.4588318510037569,1.0235830607087948,0.5345598867353658,0.0004015935865831839,0.029028727851477233,Green
GARCH-N,SP500,Contiguous,4517,1937,0,250,0.5517298307447793,0.005611336700447361,1937,20,0.010325245224574084,0.8862078044958885,0.20144661971402558,0.437723828723942,0.02047884230680519,1.6318553486924259,0.0003803177499187613,0.02944096000131347,Green
GARCH-N,SP500,Logarithmic,4517,1937,16,250,0.5517298307447793,0.005611336700447361,1921,20,0.010411244143675169,0.8571960132618791,0.20331127737332533,0.4380582105904042,0.03238008090879241,1.6184268721810042,0.0003796237072594398,0.02928483210190813,Green
GARCH-N,SP500,Full proxy,4517,1937,266,250,0.5517298307447793,0.005611336700447361,1671,18,0.010771992818671455,0.7540912438639585,0.18686223277942232,0.3984572817621043,0.09812514200894151,1.742184826158308,0.00039542053688401777,0.030182964622868833,Green
Hist-Sim,SP500,Contiguous,4517,1937,0,250,0.6101275205260356,0.003282584740003286,1937,26,0.013422818791946308,0.1501974771572015,0.048334304318096925,0.050575700581826366,2.0702441282017947,3.8983239591773895,0.0005326152466734036,0.035980783542714945,Green
Hist-Sim,SP500,Logarithmic,4517,1937,19,250,0.6101275205260356,0.003282584740003286,1918,26,0.013555787278415016,0.13761696817175773,0.04930572143208006,0.04809103174082808,2.204405168468801,3.8649139706293454,0.0005343888930456655,0.035976174490025555,Green
Hist-Sim,SP500,Full proxy,4517,1937,269,250,0.6101275205260356,0.003282584740003286,1668,26,0.015587529976019185,0.0339984806348369,0.06525670323880547,0.019319739138853948,4.494780375274633,3.3984755295626314,0.0005638571356129194,0.03644486660743478,Green
EWMA,SP500,Contiguous,4517,1937,0,600,0.5471771915484027,0.004425509939703653,1937,27,0.013939081053175014,0.10007083987940499,0.05654087021943984,0.04199381573158688,2.704414104644755,3.636051727407903,0.00042405864015582196,0.02921535623333843,Green
EWMA,SP500,Logarithmic,4517,1937,16,600,0.5471771915484027,0.004425509939703653,1921,27,0.014055179593961478,0.09229566911657298,0.0574892951214678,0.03991023753941467,2.8338706137964245,3.608374202327809,0.00042426214710604876,0.029110672475175833,Green
EWMA,SP500,Full proxy,4517,1937,616,600,0.5471771915484027,0.004425509939703653,1321,13,0.00984102952308857,0.9535709075105266,0.11467923496424354,0.2876655029141006,0.0033899313152317423,2.4885239128143724,0.0003509395004726073,0.027153552928259758,Green
Moirai-1.1,STOXX,Contiguous,3574,1532,0,512,0.1362501385582728,0.0056021270230105155,1532,8,0.005221932114882507,0.03856811121316918,0.771888749866742,0.11282497452396799,4.279790082926329,0.08404503521447282,0.0003557785863629243,0.03092724704115275,Green
Moirai-1.1,STOXX,Logarithmic,3574,1532,5,512,0.1362501385582728,0.0056021270230105155,1527,8,0.005239030779305829,0.03967501111778049,0.7715238018853197,0.1155530797196467,4.231728713878759,0.08432186595229041,0.0003555827152644396,0.03088833791267569,Green
Moirai-1.1,STOXX,Full proxy,3574,1532,517,512,0.1362501385582728,0.0056021270230105155,1015,5,0.0049261083743842365,0.07159835475351947,0.8238407931095362,0.1924780999687505,3.2459915795593144,0.04955421668525872,0.0003343831934401913,0.02872817080648378,Green
Lag-Llama,STOXX,Contiguous,3574,1532,0,512,0.11970901810502992,0.014183848451985729,1532,1,0.0006527415143603133,1.3741874398163123e-06,0.9711587054410925,8.641926166925812e-06,23.316462938380678,0.0013071896354439616,0.00035290557730910626,0.03465496292978436,Green
Lag-Llama,STOXX,Logarithmic,3574,1532,5,512,0.11970901810502992,0.014183848451985729,1527,1,0.0006548788474132286,1.442991506188835e-06,0.9711114839441115,9.057606628124595e-06,23.222499808274755,0.0013114755039538295,0.0003526769432127204,0.03462592424936923,Green
Lag-Llama,STOXX,Full proxy,3574,1532,517,512,0.11970901810502992,0.014183848451985729,1015,1,0.0009852216748768472,0.0002090300070400242,0.9645588762647,0.0010332492921456054,13.74811924531356,0.001974333983033816,0.0003355856674461486,0.03277869631388794,Green
GJR-GARCH,STOXX,Contiguous,3757,1611,0,250,0.5004060682436456,0.003655795020219354,1611,21,0.01303538175046555,0.24207624122096122,0.028494062567040717,0.045812748646147525,1.368462395208267,4.7979233485439465,0.000330911544632149,0.023883578853103587,Green
GJR-GARCH,STOXX,Logarithmic,3757,1611,14,250,0.5004060682436456,0.003655795020219354,1597,20,0.012523481527864746,0.3294411006466415,0.02350941967697568,0.04779761185249458,0.9510935463001644,5.1304656576552645,0.00032266736121303513,0.023672953002289585,Green
GJR-GARCH,STOXX,Full proxy,3757,1611,264,250,0.5004060682436456,0.003655795020219354,1347,15,0.011135857461024499,0.6807236165235194,0.009440744304263305,0.0316378703804346,0.16931240820717308,6.737488484137629,0.0003047723105567551,0.022649068142156493,Green
GJR-GARCH-t,STOXX,Contiguous,3757,1611,0,250,0.5379269068742477,0.002293718199635971,1611,20,0.012414649286157667,0.3478790619807034,0.02308893476413446,0.048728552491230766,0.8811786421512773,5.161801612332766,0.00032576880451871997,0.024801883278816918,Green
GJR-GARCH-t,STOXX,Logarithmic,3757,1611,15,250,0.5379269068742477,0.002293718199635971,1596,20,0.012531328320802004,0.32814464278919525,0.023539882196429055,0.04772919443256141,0.9562059417677169,5.128218109628648,0.00032290444490369716,0.02448760184762358,Green
GJR-GARCH-t,STOXX,Full proxy,3757,1611,265,250,0.5379269068742477,0.002293718199635971,1346,16,0.01188707280832095,0.4992316497467204,0.012612215380514274,0.03544978573619649,0.45656939665236695,6.222706743618033,0.00030622959869887795,0.02326170574342165,Green
GARCH-N,STOXX,Contiguous,3757,1611,0,250,0.5348842449768636,0.006102484169992189,1611,12,0.0074487895716946,0.28109727679331303,0.07589574871768856,0.11576140363864307,1.161777164897881,3.1506709777265485,0.0003247328056527998,0.026405849363970186,Green
GARCH-N,STOXX,Logarithmic,3757,1611,15,250,0.5348842449768636,0.006102484169992189,1596,12,0.007518796992481203,0.297443290239412,0.07670459051600846,0.12129852837366449,1.0856219173914292,3.1333792730629852,0.00032224922549849025,0.026145694431214218,Green
GARCH-N,STOXX,Full proxy,3757,1611,265,250,0.5348842449768636,0.006102484169992189,1346,10,0.007429420505200594,0.32066513824091897,0.060428489308955925,0.10477831678679436,0.9862316553096813,3.5255852034733266,0.0003107304091087404,0.024984410303899515,Green
Hist-Sim,STOXX,Contiguous,3757,1611,0,250,0.515222720113749,0.00588903586319257,1611,8,0.004965859714463066,0.024467417139318437,0.00034456838701332494,0.00013154691757048267,5.06119105902777,12.8111029057158,0.0004101742293169365,0.03475807936934159,Green
Hist-Sim,STOXX,Logarithmic,3757,1611,14,250,0.515222720113749,0.00588903586319257,1597,8,0.005009392611145898,0.026550854230672317,0.00035099305105330424,0.0001436454103115691,4.919782840047922,12.776542607038436,0.00040879652498123525,0.034599619589881274,Green
Hist-Sim,STOXX,Full proxy,3757,1611,264,250,0.515222720113749,0.00588903586319257,1347,8,0.005939123979213066,0.105124164664175,0.0005033819080695718,0.0006333018270596492,2.6260315698030823,12.103095289123289,0.0003872655420442183,0.03149483295278461,Green
EWMA,STOXX,Contiguous,3757,1611,0,600,0.5298611372946637,0.0056392855437199275,1611,17,0.010552451893234015,0.8251933439099742,0.011328429409387806,0.039521132350206524,0.04878373456854734,6.4130557732849525,0.0003419463299879388,0.02684478761912534,Green
EWMA,STOXX,Logarithmic,3757,1611,15,600,0.5298611372946637,0.0056392855437199275,1596,17,0.010651629072681704,0.7957138152297945,0.01155255980292782,0.039849233362276644,0.06702825904690624,6.378275964986841,0.000337330191496748,0.02635932408784704,Green
EWMA,STOXX,Full proxy,3757,1611,615,600,0.5298611372946637,0.0056392855437199275,996,11,0.01104417670682731,0.744631324698751,0.004337418467418813,0.016220459344309244,0.106097725195343,8.1368660969474,0.0003131969735200402,0.023618149330020637,Green
Moirai-1.1,TLT,Contiguous,3883,1665,0,512,0.06840771476799468,0.000742595560915247,1665,15,0.009009009009009009,0.6793569199612256,0.6013954100496643,0.8010166597605751,0.17085064109866988,0.27289642575678386,0.00035146732955420234,0.027961412022829403,Green
Moirai-1.1,TLT,Logarithmic,3883,1665,4,512,0.06840771476799468,0.000742595560915247,1661,15,0.009030704394942806,0.6864693681384786,0.6009536152626658,0.803926782338719,0.16293413932404022,0.27356002206173,0.0003517726696157948,0.02797784534146209,Green
Moirai-1.1,TLT,Full proxy,3883,1665,516,512,0.06840771476799468,0.000742595560915247,1149,11,0.009573542210617928,0.8836647777842573,0.6445472791513269,0.8894717093938079,0.0214110253955484,0.21284412950049614,0.00030970256361820064,0.02834636329682154,Green
Lag-Llama,TLT,Contiguous,3883,1665,0,512,0.10717541505009166,0.004687452096150154,1665,21,0.012612612612612612,0.30316887452313357,0.46374633121570963,0.4499943350836195,1.060203067583922,0.5368375024162333,0.0003122132865982571,0.02680123200122052,Green
Lag-Llama,TLT,Logarithmic,3883,1665,5,512,0.10717541505009166,0.004687452096150154,1660,21,0.012650602409638554,0.2971768335854847,0.4630648880482374,0.4436815400301044,1.0868201619797198,0.5384762901858267,0.00031250483221032053,0.02682239078577776,Green
Lag-Llama,TLT,Full proxy,3883,1665,517,512,0.10717541505009166,0.004687452096150154,1148,15,0.013066202090592335,0.31871129514538044,0.5283634125151675,0.4986340178992372,0.994227630846833,0.3975381359259984,0.0003000792267819973,0.026625299499750277,Green
GJR-GARCH,TLT,Contiguous,4066,1744,0,250,0.3806986489340785,0.0011354798100596947,1744,18,0.010321100917431193,0.8933498568366695,0.5399356763691648,0.8213413919757852,0.017973871434268096,0.37565899133801395,0.00027174644774750765,0.02367807244097059,Green
GJR-GARCH,TLT,Logarithmic,4066,1744,10,250,0.3806986489340785,0.0011354798100596947,1734,18,0.010380622837370242,0.8742124277127103,0.5387563988943037,0.8175397121647406,0.025062096659473232,0.37784950297859154,0.00027188576439056905,0.023689275770386726,Green
GJR-GARCH,TLT,Full proxy,4066,1744,260,250,0.3806986489340785,0.0011354798100596947,1484,17,0.011455525606469003,0.5817967845138803,0.5300587307969322,0.7055279352816373,0.3033388644851165,0.3942789596004843,0.000273288252190384,0.023445169063753234,Green
GJR-GARCH-t,TLT,Contiguous,4066,1744,0,250,0.39290669568590875,0.00048796122125341,1744,18,0.010321100917431193,0.8933498568366695,0.5399356763691648,0.8213413919757852,0.017973871434268096,0.37565899133801395,0.00027206704312547457,0.023434680160426033,Green
GJR-GARCH-t,TLT,Logarithmic,4066,1744,10,250,0.39290669568590875,0.00048796122125341,1734,18,0.010380622837370242,0.8742124277127103,0.5387563988943037,0.8175397121647406,0.025062096659473232,0.37784950297859154,0.000272205387700978,0.023444197748955214,Green
GJR-GARCH-t,TLT,Full proxy,4066,1744,260,250,0.39290669568590875,0.00048796122125341,1484,17,0.011455525606469003,0.5817967845138803,0.5300587307969322,0.7055279352816373,0.3033388644851165,0.3942789596004843,0.00027391285281725737,0.023195777040182552,Green
GARCH-N,TLT,Contiguous,4066,1744,0,250,0.3411757436425182,0.0009837969467220709,1744,21,0.012041284403669725,0.40647127396482774,0.47418466715909136,0.5484533645215637,0.6890982346848231,0.5122078184016914,0.0002741786034955758,0.023636083278537827,Green
GARCH-N,TLT,Logarithmic,4066,1744,9,250,0.3411757436425182,0.0009837969467220709,1735,21,0.012103746397694525,0.393916269636268,0.4730257454035809,0.5374825646609931,0.7268188524385426,0.5148990622543579,0.0002742781482243402,0.02363960713844974,Green
GARCH-N,TLT,Full proxy,4066,1744,259,250,0.3411757436425182,0.0009837969467220709,1485,19,0.012794612794612794,0.29950156936788996,0.4826602501374555,0.45628878480035795,1.0764121584641373,0.4928465813694345,0.0002753082143777553,0.023357738421806214,Green
Hist-Sim,TLT,Contiguous,4066,1744,0,250,0.25364169032460765,0.0014818936826849968,1744,17,0.00974770642201835,0.9153148533248209,0.009592903680237045,0.03473041199322193,0.011307590518365163,6.7089715085795945,0.00037002855315203606,0.02713907581541401,Green
Hist-Sim,TLT,Logarithmic,4066,1744,7,250,0.25364169032460765,0.0014818936826849968,1737,17,0.00978698906160046,0.9286520462770095,0.00967418546503444,0.035050252180565004,0.008017573748216544,6.693927367545427,0.0003706770463345879,0.027170713708552518,Green
Hist-Sim,TLT,Full proxy,4066,1744,257,250,0.25364169032460765,0.0014818936826849968,1487,12,0.008069939475453935,0.438939601817419,0.6584688556331042,0.6721855240464466,0.5990529370184472,0.19538886120412258,0.00029129005746404214,0.025992560991475195,Green
EWMA,TLT,Contiguous,4066,1744,0,600,0.36147295817753283,0.0005352500668327174,1744,27,0.01548165137614679,0.033211637795218865,0.35664134877885156,0.06772765177291017,4.534836062835385,0.8496854107038416,0.0002892065518824976,0.02304088766114889,Green
EWMA,TLT,Logarithmic,4066,1744,9,600,0.36147295817753283,0.0005352500668327174,1735,27,0.015561959654178675,0.03131679328906073,0.3553765544141496,0.06425864681195713,4.635512295749763,0.8541656713125008,0.0002892987118951625,0.023032790101840055,Green
EWMA,TLT,Full proxy,4066,1744,609,600,0.36147295817753283,0.0005352500668327174,1135,18,0.015859030837004406,0.06757441304828328,0.4460496892303284,0.14074234310340022,3.34097848895804,0.5806703392988197,0.00028132303707032754,0.02278170976616671,Green
Moirai-1.1,UNG,Contiguous,3052,1309,0,512,0.03520735006683686,0.0016206832874487848,1309,15,0.01145912910618793,0.6040940860076642,0.1616075091211937,0.32824587144078565,0.2688651069217869,1.9591195798034278,0.0013779304050772186,0.10547904737912119,Green
Moirai-1.1,UNG,Logarithmic,3052,1309,3,512,0.03520735006683686,0.0016206832874487848,1306,15,0.011485451761102604,0.5981503312603978,0.16202432915038156,0.32741965789740574,0.27779465986569596,1.9552304869338855,0.0013798219119119071,0.10556825745446054,Green
Moirai-1.1,UNG,Full proxy,3052,1309,515,512,0.03520735006683686,0.0016206832874487848,794,3,0.003778337531486146,0.04362092860526564,0.880017869287375,0.1291242976937372,4.071174716153546,0.022784864889267453,0.0012756471982180407,0.10432354432126985,Green
Lag-Llama,UNG,Contiguous,3052,1309,0,512,0.08639526720058499,0.014635340049233156,1309,16,0.012223071046600458,0.4347035081168439,0.5290089241719498,0.6045569242296925,0.6102239323520768,0.396294959449051,0.0013218551438345344,0.1015277935971731,Green
Lag-Llama,UNG,Logarithmic,3052,1309,4,512,0.08639526720058499,0.014635340049233156,1305,16,0.012260536398467433,0.4279575501884225,0.5283698356508022,0.5987310206893268,0.6283599056117923,0.3975257523518678,0.001323712054980412,0.10158636576796347,Green
Lag-Llama,UNG,Full proxy,3052,1309,516,512,0.08639526720058499,0.014635340049233156,793,7,0.008827238335435058,0.7348544841097131,0.7238407073217183,0.8871230071880484,0.1147008381557475,0.12484241886545533,0.001232276129543279,0.09807405438633969,Green
GJR-GARCH,UNG,Contiguous,3236,1387,0,250,0.34538022354522596,0.005067202014159722,1387,12,0.008651766402307137,0.6054679094873985,0.6470735271674553,0.7880304360388429,0.26682747925926753,0.2096096516515047,0.0011846410251754433,0.09146186665759613,Green
GJR-GARCH,UNG,Logarithmic,3236,1387,9,250,0.34538022354522596,0.005067202014159722,1378,12,0.008708272859216255,0.6221604562915806,0.6459912052195583,0.7969867543187393,0.24284271070906138,0.21099172879982575,0.001187156967521055,0.09147835334660252,Green
GJR-GARCH,UNG,Full proxy,3236,1387,259,250,0.34538022354522596,0.005067202014159722,1128,11,0.00975177304964539,0.9329486742566748,0.6414510830637339,0.8940763644376769,0.007078787761512828,0.21684938948351373,0.0012698037792013646,0.09433088777345211,Green
GJR-GARCH-t,UNG,Contiguous,3236,1387,0,250,0.3485049102609836,0.004109165753130535,1387,10,0.007209805335255948,0.2717218199644434,0.7030191578928562,0.5082956100386418,1.2080340655582287,0.14535011668669995,0.001195256882553983,0.09380287162598297,Green
GJR-GARCH-t,UNG,Logarithmic,3236,1387,9,250,0.3485049102609836,0.004109165753130535,1378,10,0.00725689404934688,0.2819221512727496,0.7020897204149311,0.5209746865755761,1.1578005652786958,0.14630708399414516,0.0011976923704082086,0.09381966901467133,Green
GJR-GARCH-t,UNG,Full proxy,3236,1387,259,250,0.3485049102609836,0.004109165753130535,1128,10,0.008865248226950355,0.6961164224646261,0.6721879803038397,0.8472169509246144,0.15254353205400095,0.17905342138914193,0.0012742614735711244,0.09618973880652065,Green
GARCH-N,UNG,Contiguous,3236,1387,0,250,0.33909012568465824,0.004255913097746096,1387,11,0.007930785868781542,0.4216652856639086,0.6748319202687816,0.6630959423401382,0.6456693023261151,0.1760018773812817,0.0011699425776387127,0.09260031055345583,Green
GARCH-N,UNG,Logarithmic,3236,1387,9,250,0.33909012568465824,0.004255913097746096,1378,11,0.007982583454281567,0.43533225291261424,0.6738240326022455,0.6751243087258172,0.6085553832009323,0.1771615047788515,0.0011724154689624156,0.09262952740721311,Green
GARCH-N,UNG,Full proxy,3236,1387,259,250,0.33909012568465824,0.004255913097746096,1128,11,0.00975177304964539,0.9329486742566748,0.6414510830637339,0.8940763644376769,0.007078787761512828,0.21684938948351373,0.0012478475727638653,0.0951823397578451,Green
Hist-Sim,UNG,Contiguous,3236,1387,0,250,0.12821694189322033,0.009683713730465879,1387,11,0.007930785868781542,0.4216652856639086,0.6748319202687816,0.6630959423401382,0.6456693023261151,0.1760018773812817,0.00132011054120258,0.1021413608053262,Green
Hist-Sim,UNG,Logarithmic,3236,1387,5,250,0.12821694189322033,0.009683713730465879,1382,11,0.007959479015918957,0.4292195197934543,0.6742731365983881,0.6697911592088639,0.6249344019409886,0.17664423377868843,0.0013217471337783266,0.10215889648440711,Green
Hist-Sim,UNG,Full proxy,3236,1387,255,250,0.12821694189322033,0.009683713730465879,1132,8,0.007067137809187279,0.2951999785020557,0.7356561436176542,0.5461468859404224,1.0957532614100707,0.11398137368637151,0.001363685575059419,0.10301893617684689,Green
EWMA,UNG,Contiguous,3236,1387,0,600,0.3173914528476128,0.005601529382760546,1387,11,0.007930785868781542,0.4216652856639086,0.6748319202687816,0.6630959423401382,0.6456693023261151,0.1760018773812817,0.0011590898236955296,0.09266150133647416,Green
EWMA,UNG,Logarithmic,3236,1387,8,600,0.3173914528476128,0.005601529382760546,1379,11,0.007976794778825236,0.4337982848928049,0.6739364824825156,0.6737930366276949,0.6126326618646161,0.1770319032206089,0.0011616160654991288,0.09273338707134952,Green
EWMA,UNG,Full proxy,3236,1387,608,600,0.3173914528476128,0.005601529382760546,779,6,0.007702182284980745,0.50177761560747,0.7600664744654887,0.7616866985173707,0.45117474163566795,0.09326518765428204,0.001166066356548792,0.08772760300095964,Green
Moirai-1.1,USDJPY,Contiguous,4486,1923,0,512,0.017786473254691362,0.0011652407662152038,1923,20,0.010400416016640665,0.8608216266295228,0.5166290167964686,0.7979743416853198,0.030740034807883232,0.4206176358437119,0.00020381136850523295,0.016119142282827837,Green
Moirai-1.1,USDJPY,Logarithmic,4486,1923,3,512,0.017786473254691362,0.0011652407662152038,1920,20,0.010416666666666666,0.8553833797295343,0.5162979721128266,0.7967221061689216,0.03321652839351774,0.421282143231565,0.00020389318934631382,0.01612143547869973,Green
Moirai-1.1,USDJPY,Full proxy,4486,1923,515,512,0.017786473254691362,0.0011652407662152038,1408,14,0.009943181818181818,0.9828885932192593,0.595777380466428,0.8685449954546705,0.0004600000704283458,0.2814117727396024,0.00022186358415046074,0.01713479307040412,Green
Lag-Llama,USDJPY,Contiguous,4486,1923,0,512,0.10215252236636925,0.004731854104055334,1923,20,0.010400416016640665,0.8608216266295228,0.5166290167964686,0.7979743416853198,0.030740034807883232,0.4206176358437119,0.00023052964909516492,0.016915732090866824,Green
Lag-Llama,USDJPY,Logarithmic,4486,1923,5,512,0.10215252236636925,0.004731854104055334,1918,20,0.010427528675703858,0.8517585067924298,0.516076900776554,0.7958661005072463,0.03492232959420072,0.4217263158672324,0.0002307706392010372,0.016926105215367932,Green
Lag-Llama,USDJPY,Full proxy,4486,1923,517,512,0.10215252236636925,0.004731854104055334,1406,16,0.011379800853485065,0.6109045326283247,0.5437581793448759,0.730709528524514,0.2588598566399707,0.36861866336212756,0.00025255761548345347,0.017887687615345066,Green
GJR-GARCH,USDJPY,Contiguous,4669,2002,0,250,0.4625090107844641,0.0022564776594355997,2002,20,0.00999000999000999,0.9964149884049104,0.5251110582835135,0.8171506984749137,2.0188494270115265e-05,0.4038433068535596,0.00020409704890047553,0.014413131102123078,Green
GJR-GARCH,USDJPY,Logarithmic,4669,2002,13,250,0.4625090107844641,0.0022564776594355997,1989,18,0.00904977375565611,0.6651050261412195,0.5662847557903594,0.7724716204051998,0.18738142925800094,0.3289385871912316,0.00019949487012475384,0.014429086214235099,Green
GJR-GARCH,USDJPY,Full proxy,4669,2002,263,250,0.4625090107844641,0.0022564776594355997,1739,16,0.009200690051753882,0.7341772898025823,0.5855592626699899,0.81357125483441,0.1153105655075004,0.2973329659020294,0.00020809994982073953,0.014899735715001748,Green
GJR-GARCH-t,USDJPY,Contiguous,4669,2002,0,250,0.5202635923146539,0.0006166938007902169,2002,23,0.011488511488511488,0.5131910432027673,0.2658633824473879,0.43484716197664164,0.4275551511427267,1.2379661716768453,0.0002131659160428242,0.01420849071183425,Green
GJR-GARCH-t,USDJPY,Logarithmic,4669,2002,15,250,0.5202635923146539,0.0006166938007902169,1987,21,0.010568696527428284,0.8006989990153474,0.21866956853797925,0.4545696739109849,0.06372725129489254,1.51308090706425,0.0002071822846601934,0.014235373122837595,Green
GJR-GARCH-t,USDJPY,Full proxy,4669,2002,265,250,0.5202635923146539,0.0006166938007902169,1737,18,0.010362694300518135,0.8799542237999313,0.17895444068054636,0.4006979193170403,0.022809228808274407,1.8062856791393926,0.00021654952538982913,0.01484367882844741,Green
GARCH-N,USDJPY,Contiguous,4669,2002,0,250,0.49766338141321526,0.002401991595679458,2002,24,0.011988011988011988,0.38601555681722677,0.29213166075553315,0.3943116057573147,0.7514562750099278,1.1097713344029216,0.00020769221546682688,0.014654366200608487,Green
GARCH-N,USDJPY,Logarithmic,4669,2002,14,250,0.49766338141321526,0.002401991595679458,1988,22,0.011066398390342052,0.6384861469491001,0.24262596821428783,0.45248552204254244,0.22072751469237417,1.3652715089878598,0.00020334947425836193,0.014678452982938201,Green
GARCH-N,USDJPY,Full proxy,4669,2002,264,250,0.49766338141321526,0.002401991595679458,1738,19,0.01093210586881473,0.7004131766768266,0.2022783554212267,0.41191223714095626,0.1480423975731613,1.625847540370927,0.00021299104377678796,0.015163800648059935,Green
Hist-Sim,USDJPY,Contiguous,4669,2002,0,250,0.405632036108789,0.0018299735549695637,2002,27,0.013486513486513486,0.13656126441552743,0.3901017423530152,0.22821771640998767,2.216285562885057,0.7386248553476094,0.00021897222640104725,0.01580376702159692,Green
Hist-Sim,USDJPY,Logarithmic,4669,2002,11,250,0.405632036108789,0.0018299735549695637,1991,26,0.013058764439979909,0.19016933188543733,0.40670533477683635,0.30048476827370135,1.7163052813402242,0.6884111471250662,0.00021555529070516012,0.015822305190315026,Green
Hist-Sim,USDJPY,Full proxy,4669,2002,261,250,0.405632036108789,0.0018299735549695637,1741,24,0.013785180930499713,0.13329843910081932,0.41258113655141204,0.2316547049486615,2.253664154150256,0.6713505593170055,0.00022580917293598679,0.016269674526410413,Green
EWMA,USDJPY,Contiguous,4669,2002,0,600,0.522244130039989,0.002561736910505647,2002,22,0.01098901098901099,0.6615480480287623,0.240759449351242,0.45662392701438836,0.19164857772396449,1.3761417096507955,0.00020479193952529715,0.01465722653959052,Green
EWMA,USDJPY,Logarithmic,4669,2002,15,600,0.522244130039989,0.002561736910505647,1987,20,0.010065425264217413,0.9766419233618359,0.1958195855042081,0.4329775643586332,0.0008572709963367564,1.6732814624762682,0.00020109912027967665,0.014665573652221814,Green
EWMA,USDJPY,Full proxy,4669,2002,615,600,0.522244130039989,0.002561736910505647,1387,15,0.010814708002883922,0.7634294702359101,0.15143276196831684,0.34157979930206517,0.09058917769291819,2.057758731004867,0.00022671217910176964,0.01582532833150749,Green
Moirai-1.1,USO,Contiguous,3231,1386,0,512,0.1279417837890315,0.009135935861219253,1386,16,0.011544011544011544,0.5728394511092016,0.5408297221958241,0.7075270832236823,0.3179546080531672,0.37400413199202376,0.0009673971592923661,0.0705974587005645,Green
Moirai-1.1,USO,Logarithmic,3231,1386,5,512,0.1279417837890315,0.009135935861219253,1381,16,0.011585807385952208,0.5634452095447411,0.540088815458441,0.701471784240384,0.3337740269203673,0.3753751776526144,0.0009687737637703961,0.07061298724075465,Green
Moirai-1.1,USO,Full proxy,3231,1386,517,512,0.1279417837890315,0.009135935861219253,869,8,0.009205983889528193,0.8115442988919186,0.6996469877877338,0.902266700469488,0.05685089571756041,0.14883935593812225,0.0009002242452830375,0.06623256211979557,Green
Lag-Llama,USO,Contiguous,3231,1386,0,512,0.07526313857589521,0.01637182415665444,1386,18,0.012987012987012988,0.2853070589923035,0.4911324051312935,0.4458200741492968,1.1416352357415391,0.47404442335488284,0.0009583134991852175,0.06709370589892512,Green
Lag-Llama,USO,Logarithmic,3231,1386,4,512,0.07526313857589521,0.01637182415665444,1382,18,0.013024602026049204,0.2802326224807992,0.4904970709986928,0.4401241039538232,1.165961391152143,0.47543568364625344,0.0009595799935250872,0.06711922411557786,Green
Lag-Llama,USO,Full proxy,3231,1386,516,512,0.07526313857589521,0.01637182415665444,870,9,0.010344827586206896,0.9190356112640712,0.6642721014049343,0.9054221467650079,0.010332435504244786,0.18837553155030662,0.0008736364767319585,0.06340866429475495,Green
GJR-GARCH,USO,Contiguous,3415,1464,0,250,0.496435514875557,0.00858152296206308,1464,15,0.010245901639344262,0.9249647765698652,0.14250249539582316,0.3396641028780848,0.008870203253814712,2.1507259615674172,0.0007881866710086129,0.05809156254339698,Green
GJR-GARCH,USO,Logarithmic,3415,1464,13,250,0.496435514875557,0.00858152296206308,1451,15,0.010337698139214336,0.8976950013432233,0.14394029856997534,0.34098177403088165,0.016531188714822398,2.1353213147188512,0.0007875811526735514,0.05792815633160726,Green
GJR-GARCH,USO,Full proxy,3415,1464,263,250,0.496435514875557,0.00858152296206308,1201,13,0.010824313072439634,0.7769219769651835,0.12771137913624994,0.3011365968301827,0.080277297563909,2.3201053166498014,0.0007977024967475626,0.05940756003022848,Green
GJR-GARCH-t,USO,Contiguous,3415,1464,0,250,0.6128342497132245,0.007822732243627312,1464,11,0.007513661202185792,0.3172706197170749,0.06887797487547932,0.11591919608282784,1.000164860579341,3.3095589716147344,0.00078122786608132,0.06012109992223023,Green
GJR-GARCH-t,USO,Logarithmic,3415,1464,19,250,0.6128342497132245,0.007822732243627312,1445,11,0.007612456747404845,0.34098289097940293,0.06990574176766942,0.1229494125748199,0.9067324272993815,3.2852321488766165,0.0007805661315383091,0.05995889022954612,Green
GJR-GARCH-t,USO,Full proxy,3415,1464,269,250,0.6128342497132245,0.007822732243627312,1195,9,0.007531380753138075,0.36983189045341824,0.0537852058058936,0.10416374247605771,0.8042292613274906,3.7193530808678474,0.0007890787174749699,0.06119626549370388,Green
GARCH-N,USO,Contiguous,3415,1464,0,250,0.4833343985079555,0.008459509453113998,1464,13,0.008879781420765027,0.6605607994541621,0.1020903626396157,0.23866082359472063,0.192843088224127,2.672580678044511,0.0007951940631155252,0.05875567175868032,Green
GARCH-N,USO,Logarithmic,3415,1464,13,250,0.4833343985079555,0.008459509453113998,1451,13,0.00895933838731909,0.6850646948805648,0.10312611498750096,0.2440211693787165,0.16448027058006964,2.6565203248269427,0.0007943189801604643,0.058564980904366654,Green
GARCH-N,USO,Full proxy,3415,1464,263,250,0.4833343985079555,0.008459509453113998,1201,11,0.009159034138218152,0.7663730644778703,0.08622145329082324,0.2196077996600317,0.08828171978401578,2.94354238501586,0.0008010096188766297,0.06006159184366537,Green
Hist-Sim,USO,Contiguous,3415,1464,0,250,0.5903231486566687,0.007315079840799002,1464,14,0.009562841530054645,0.8655256835329366,0.12139509068222255,0.29702079454968283,0.028677556206162524,2.3992286984170335,0.0009552969546580647,0.0747631966155346,Green
Hist-Sim,USO,Logarithmic,3415,1464,17,250,0.5903231486566687,0.007315079840799002,1447,14,0.009675190048375951,0.900639910421319,0.12300663975137724,0.3020686028398823,0.015588277055231692,2.3786139743110084,0.0009439292436193122,0.07348091422513404,Green
Hist-Sim,USO,Full proxy,3415,1464,267,250,0.5903231486566687,0.007315079840799002,1197,13,0.01086048454469507,0.7679132363886778,0.12819351858599645,0.3009936159998112,0.08708729626988987,2.314245151252379,0.0009102193520187747,0.06688718651380983,Green
EWMA,USO,Contiguous,3415,1464,0,600,0.518763692377613,0.009589571858997024,1464,12,0.00819672131147541,0.47410813324543377,0.655945634236746,0.7008680494331068,0.5123852162430875,0.1984860669019497,0.0007923236010681493,0.0600857292692234,Green
EWMA,USO,Logarithmic,3415,1464,14,600,0.518763692377613,0.009589571858997024,1450,12,0.008275862068965517,0.49643771996442565,0.6543821555790523,0.7178593528722805,0.4625433670313557,0.20041986594236505,0.0007923330352717896,0.059987811056396736,Green
EWMA,USO,Full proxy,3415,1464,614,600,0.518763692377613,0.009589571858997024,850,7,0.00823529411764706,0.5937745927775281,0.7329823135051162,0.8183710422162653,0.284488007324021,0.11639088943985598,0.0006787741052703193,0.058536646137844116,Green
