model,asset,w,k,effective_rank,n_test,viol,pihat,p_kup,p_ind,p_cc,lr_uc,lr_ind,QS,width,TL
Moirai-1.1,ASX200,125,125,1.0,1868,15,0.008029978586723769,0.3755490816775118,0.10825557572330614,0.18593417305571797,0.7852211044168618,2.5795040480068394,0.0003886846612913249,0.033343867039866276,Green
Moirai-1.1,ASX200,250,249,0.996,1868,16,0.008565310492505354,0.5228788321262499,0.1257590691263792,0.2525489846167731,0.40821119323599664,2.344088907963453,0.00039244809966625305,0.03248630992531187,Green
Moirai-1.1,ASX200,500,496,0.992,1868,22,0.011777301927194861,0.4527008540074843,0.2597950939013855,0.3997705049250113,0.5638807193058692,1.2698485491182794,0.0004091282442119107,0.03192235080930259,Green
Lag-Llama,ASX200,125,125,1.0,1868,13,0.006959314775160599,0.162336879021973,0.6693955192997445,0.3439304281863091,1.952321755365725,0.18231001604866037,0.00037154861393214387,0.0321255385600443,Green
Lag-Llama,ASX200,250,249,0.996,1868,13,0.006959314775160599,0.162336879021973,0.6693955192997445,0.3439304281863091,1.952321755365725,0.18231001604866037,0.0003905176057683403,0.03350913686885491,Green
Lag-Llama,ASX200,500,496,0.992,1868,20,0.010706638115631691,0.761529198789148,0.5104506065967827,0.7690343375291312,0.09209603853567927,0.43314327804401387,0.0003668274886837501,0.029663282504547688,Green
GJR-GARCH,ASX200,125,125,1.0,1946,18,0.009249743062692703,0.7362045131729624,0.009820262667574714,0.03369681604438819,0.11349068110873617,6.667213169855842,0.0003330498302831112,0.02929302556198383,Green
GJR-GARCH,ASX200,250,249,0.996,1946,14,0.007194244604316547,0.19034379005443178,0.003182003273331204,0.005475316629646437,1.7149546483832125,8.700055697722547,0.0003367044565618401,0.028769706322195453,Green
GJR-GARCH,ASX200,500,496,0.992,1946,18,0.009249743062692703,0.7362045131729624,0.009820262667574714,0.03369681604438819,0.11349068110873617,6.667213169855842,0.00030813295506571865,0.02583248299627619,Green
GJR-GARCH-t,ASX200,125,125,1.0,1946,21,0.01079136690647482,0.7290252665789627,0.001054789655267426,0.004407619214831103,0.12000850388074102,10.728832687885443,0.00033569196571589055,0.02959187465296923,Green
GJR-GARCH-t,ASX200,250,249,0.996,1946,17,0.008735868448098663,0.5667700189124172,0.13816712918006835,0.2827518483003686,0.32811692737849363,2.198254326893391,0.0003391463985685141,0.02925210267430805,Green
GJR-GARCH-t,ASX200,500,496,0.992,1946,19,0.009763617677286743,0.9162055072617864,0.01246250472406474,0.04382890882104908,0.011070116996055979,6.243853204145751,0.00031313474332438123,0.026580366330841165,Green
GARCH-N,ASX200,125,125,1.0,1946,20,0.010277492291880781,0.9025256897716922,0.0007645665894978022,0.0034472860174771212,0.014999245420873608,11.32533679281974,0.0003588893258907526,0.03062485372918742,Green
GARCH-N,ASX200,250,249,0.996,1946,17,0.008735868448098663,0.5667700189124172,0.007620702483832496,0.024129660623275196,0.32811692737849363,7.120510000537877,0.0003421132840620971,0.028736572151957563,Green
GARCH-N,ASX200,500,496,0.992,1946,23,0.011819116135662899,0.4330486770160713,0.0019095594636965782,0.005948788558759632,0.6146331079678902,9.634502259480968,0.0003256577084258572,0.0264991446644539,Green
Hist-Sim,ASX200,125,125,1.0,1946,32,0.01644398766700925,0.008944924670900394,0.0014999679143762508,0.00021257352051001286,6.833790387764612,10.078654913367473,0.0004500231587371249,0.03461500566998651,Yellow
Hist-Sim,ASX200,250,249,0.996,1946,27,0.013874614594039054,0.10464791089558743,0.38898860645055056,0.18494975938849192,2.6332408836426584,0.7421012396750939,0.0004959251573854501,0.037627377749384794,Green
Hist-Sim,ASX200,500,496,0.992,1946,18,0.009249743062692703,0.7362045131729624,9.799397761776113e-06,5.3715378337966814e-05,0.11349068110873617,19.55013176376778,0.0004416716578065659,0.031680461152936955,Green
EWMA,ASX200,125,125,1.0,1946,16,0.008221993833504625,0.4160326546161591,0.005813089756599762,0.0160119206577927,0.6614949804433525,7.607348605627976,0.0003671284149252709,0.03159625923550659,Green
EWMA,ASX200,250,249,0.996,1946,18,0.009249743062692703,0.7362045131729624,0.15758872438324417,0.3480699216427465,0.11349068110873617,1.9972131091502092,0.00036421821521269156,0.030673830892389908,Green
EWMA,ASX200,500,496,0.992,1946,21,0.01079136690647482,0.7290252665789627,0.019286563284034528,0.06095153089012386,0.12000850388074102,5.475344108565366,0.00033855088592070194,0.02737108609406922,Green
Moirai-1.1,AUDUSD,125,125,1.0,1430,10,0.006993006993006993,0.22700036707481575,0.7073428671199954,0.4492157291581639,1.4595585879513298,0.14094549363973385,0.0002593724692125815,0.022420878288676064,Green
Moirai-1.1,AUDUSD,250,249,0.996,1430,13,0.00909090909090909,0.7256656104722246,0.6251437842889755,0.8345051897118649,0.12312871559642469,0.23870391830732274,0.0002441012033795602,0.019730776472036346,Green
Moirai-1.1,AUDUSD,500,496,0.992,1430,14,0.009790209790209791,0.9362285372925967,0.5986503283750177,0.8678650592483468,0.006401754083720568,0.277036322121603,0.000231561766855135,0.017944622628660256,Green
Lag-Llama,AUDUSD,125,125,1.0,1430,15,0.01048951048951049,0.853566305874746,0.5726599793986771,0.8384845823267943,0.03406609067903932,0.3182520795111259,0.00025951615784067423,0.021749810052922675,Green
Lag-Llama,AUDUSD,250,249,0.996,1430,15,0.01048951048951049,0.853566305874746,0.5726599793986771,0.8384845823267943,0.03406609067903932,0.3182520795111259,0.00023206019462999284,0.018861857136313987,Green
Lag-Llama,AUDUSD,500,496,0.992,1430,17,0.011888111888111888,0.4859046735961744,0.5222953705028603,0.6392432540438655,0.48558210367048993,0.4093583319088907,0.00022421151328194962,0.017779407215665195,Green
GJR-GARCH,AUDUSD,125,125,1.0,1509,16,0.010603048376408217,0.815641782917071,0.1598797243607124,0.36245242017628393,0.054360812501546896,1.9753633234747952,0.00024782500669584605,0.020478789559476098,Green
GJR-GARCH,AUDUSD,250,249,0.996,1509,11,0.00728959575878065,0.26620982409739,0.6876345088116973,0.4971240368969677,1.2361733242101973,0.16165810139372638,0.00022460579859227657,0.01762943376006951,Green
GJR-GARCH,AUDUSD,500,496,0.992,1509,16,0.010603048376408217,0.815641782917071,0.1598797243607124,0.36245242017628393,0.054360812501546896,1.9753633234747952,0.00020652650040047917,0.015979492587879437,Green
GJR-GARCH-t,AUDUSD,125,125,1.0,1509,15,0.009940357852882704,0.9814044412618648,0.13772665468578799,0.3322525290278685,0.000543271578044513,2.2031766676134055,0.0002493284093045957,0.020354997548107007,Green
GJR-GARCH-t,AUDUSD,250,249,0.996,1509,14,0.00927766732935719,0.7752792916881299,0.11731445625137372,0.2816317555952601,0.08149669360748346,2.452813091606629,0.00022775218590520286,0.01764477712894079,Green
GJR-GARCH-t,AUDUSD,500,496,0.992,1509,16,0.010603048376408217,0.815641782917071,0.1598797243607124,0.36245242017628393,0.054360812501546896,1.9753633234747952,0.00020742067677588687,0.01583596225767522,Green
GARCH-N,AUDUSD,125,125,1.0,1509,14,0.00927766732935719,0.7752792916881299,0.11731445625137372,0.2816317555952601,0.08149669360748346,2.452813091606629,0.00024504709129881456,0.02036004804515502,Green
GARCH-N,AUDUSD,250,249,0.996,1509,14,0.00927766732935719,0.7752792916881299,0.11731445625137372,0.2816317555952601,0.08149669360748346,2.452813091606629,0.00022341032725180888,0.01749209616047693,Green
GARCH-N,AUDUSD,500,496,0.992,1509,15,0.009940357852882704,0.9814044412618648,0.13772665468578799,0.3322525290278685,0.000543271578044513,2.2031766676134055,0.00020432257552037257,0.015748342661296145,Green
Hist-Sim,AUDUSD,125,125,1.0,1509,14,0.00927766732935719,0.7752792916881299,0.6084851776424789,0.8420282625727653,0.08149669360748346,0.26238670499697037,0.0002530257074781954,0.020164331783242572,Green
Hist-Sim,AUDUSD,250,249,0.996,1509,18,0.011928429423459244,0.464974509226856,0.20932558837760862,0.34819624184376047,0.5338935620562966,1.5760845275495114,0.00023661645561594142,0.01826899260036634,Green
Hist-Sim,AUDUSD,500,496,0.992,1509,16,0.010603048376408217,0.815641782917071,0.1598797243607124,0.36245242017628393,0.054360812501546896,1.9753633234747952,0.00023117433354891408,0.016995972471513313,Green
EWMA,AUDUSD,125,125,1.0,1509,12,0.007952286282306162,0.40705970358790533,0.6608312384265982,0.6440726721705772,0.6873719950089896,0.19251543350887346,0.0002479835436176396,0.020764449381489712,Green
EWMA,AUDUSD,250,249,0.996,1509,12,0.007952286282306162,0.40705970358790533,0.6608312384265982,0.6440726721705772,0.6873719950089896,0.19251543350887346,0.0002197272552156161,0.017689597326902926,Green
EWMA,AUDUSD,500,496,0.992,1509,12,0.007952286282306162,0.40705970358790533,0.6608312384265982,0.6440726721705772,0.6873719950089896,0.19251543350887346,0.00020735963844691784,0.016178447195128152,Green
Moirai-1.1,BOVESPA,125,125,1.0,1829,14,0.007654455986878075,0.29298884122381047,0.642028367091741,0.5163514046700102,1.1058362885098543,0.2160991684600333,0.0005558660975250437,0.04604299697258765,Green
Moirai-1.1,BOVESPA,250,249,0.996,1829,15,0.008201202843083653,0.42485508664572935,0.6183381434565746,0.6424101645232422,0.636846364622504,0.24821022286238303,0.000590308758648967,0.04669766034759292,Green
Moirai-1.1,BOVESPA,500,496,0.992,1829,21,0.011481683980317113,0.5338208954401686,0.2396184496865023,0.4127244562874195,0.38711291123061287,1.3828372582526072,0.0006569340951230198,0.045835032994223014,Green
Lag-Llama,BOVESPA,125,125,1.0,1829,16,0.008747949699289229,0.5823871900016334,0.5950253372998969,0.7464118040913654,0.30239125139103873,0.28256437835898396,0.0005106108999626354,0.04368517958821377,Green
Lag-Llama,BOVESPA,250,249,0.996,1829,13,0.007107709130672498,0.18983379764725072,0.6660751714763906,0.38574943649652504,1.718907009439393,0.186227487639826,0.0005158361317220726,0.04383668343548079,Green
Lag-Llama,BOVESPA,500,496,0.992,1829,20,0.010934937124111536,0.6921871531783839,0.5059245702905641,0.7411091427730625,0.1567278460427315,0.4424869006384995,0.0005157868913779639,0.040529300428465684,Green
GJR-GARCH,BOVESPA,125,125,1.0,1907,16,0.008390141583639224,0.4674054206631888,0.6027268709007119,0.6706533200665473,0.5281031675221737,0.2709027067294869,0.00047802849710155466,0.04042502563223907,Green
GJR-GARCH,BOVESPA,250,249,0.996,1907,17,0.008914525432616675,0.6274283797778917,0.14134854836128394,0.30137790651592544,0.23556423068415278,2.1632163660026436,0.000449478504357816,0.03866398365522973,Green
GJR-GARCH,BOVESPA,500,496,0.992,1907,20,0.01048767697954903,0.8318343004375024,0.20496938026420553,0.43786274641455547,0.04509235370792175,1.6066072104218563,0.0004445755364763671,0.03465240269929308,Green
GJR-GARCH-t,BOVESPA,125,125,1.0,1907,15,0.007865757734661772,0.33053995701327415,0.6256748231347813,0.5530114686176786,0.9467812535006805,0.23797182402739736,0.0004812157690551858,0.0406513182009709,Green
GJR-GARCH-t,BOVESPA,250,249,0.996,1907,16,0.008390141583639224,0.4674054206631888,0.12286364533562494,0.23357148973655775,0.5281031675221737,2.3804309981519793,0.0004748979619559672,0.04042706742687652,Green
GJR-GARCH-t,BOVESPA,500,496,0.992,1907,19,0.009963293130571578,0.9871385574405782,0.18241835251678634,0.41105204971149933,0.00025985845958950704,1.7778110032813288,0.0004546305869316818,0.03517064300596461,Green
GARCH-N,BOVESPA,125,125,1.0,1907,17,0.008914525432616675,0.6274283797778917,0.5801537641258421,0.7627879663009001,0.23556423068415278,0.305986131463726,0.0005056705657478809,0.04201922745357427,Green
GARCH-N,BOVESPA,250,249,0.996,1907,12,0.006292606187729418,0.08076654978279642,0.06269396901668728,0.038502707487322936,3.0494085710343803,3.464644860595598,0.0004911188817833212,0.04103050379961952,Green
GARCH-N,BOVESPA,500,496,0.992,1907,20,0.01048767697954903,0.8318343004375024,0.20496938026420553,0.43786274641455547,0.04509235370792175,1.6066072104218563,0.0004672247115330526,0.035149738023787624,Green
Hist-Sim,BOVESPA,125,125,1.0,1907,27,0.01415836392239119,0.08586375609785574,0.058338316864163436,0.03811555732770428,2.950259754978566,3.58400574778517,0.0005841227099535746,0.04479232308793277,Green
Hist-Sim,BOVESPA,250,249,0.996,1907,34,0.01782905086523335,0.001968177185488803,0.14684020213258264,0.002903390312529898,9.578980023862808,2.104772279212341,0.000717804411972724,0.05367748963717704,Yellow
Hist-Sim,BOVESPA,500,496,0.992,1907,26,0.013633980073413739,0.1306777047747745,0.04988119270984794,0.04665656536109073,2.284435199847982,3.845448050190214,0.0007158706572989354,0.04979552663727869,Green
EWMA,BOVESPA,125,125,1.0,1907,18,0.009438909281594127,0.8036755997553245,0.5579732707923284,0.8166766686362985,0.06179849506678403,0.34322553868665295,0.000503118032815163,0.042149190148021584,Green
EWMA,BOVESPA,250,249,0.996,1907,16,0.008390141583639224,0.4674054206631888,0.6027268709007119,0.6706533200665473,0.5281031675221737,0.2709027067294869,0.0005020711145755989,0.04186652058333215,Green
EWMA,BOVESPA,500,496,0.992,1907,20,0.01048767697954903,0.8318343004375024,0.5148556154585525,0.7908561157200744,0.04509235370792175,0.42418610530236833,0.0004789998609798516,0.03524860239931526,Green
Moirai-1.1,BTC,125,125,1.0,1157,13,0.011235955056179775,0.6786360818549477,0.5865784939624891,0.791605337124515,0.1716652344664853,0.2957194116889639,0.0009315031441938422,0.08108260280798904,Green
Moirai-1.1,BTC,250,249,0.996,1157,12,0.010371650821089023,0.8995058623429903,0.6158435243238475,0.8747208610781662,0.01594805027546531,0.2517528685877153,0.0009060913806782742,0.07580945765382573,Green
Moirai-1.1,BTC,500,496,0.992,1157,15,0.01296456352636128,0.3324524652903477,0.5299944235069063,0.5133169759981533,0.9393212291810737,0.39440224619679043,0.0008673381135093406,0.06927927711359907,Green
Lag-Llama,BTC,125,125,1.0,1157,7,0.006050129645635264,0.14508942817273388,0.7702498571904557,0.33147170833657924,2.1231335492735974,0.08529208549167322,0.0010752584179797926,0.08919420540023208,Green
Lag-Llama,BTC,250,249,0.996,1157,8,0.006914433880726016,0.26402452822969313,0.7384437760962923,0.5068626688018336,1.247531204306437,0.11149916028608686,0.0009973308888734996,0.07884995100580108,Green
Lag-Llama,BTC,500,496,0.992,1157,11,0.00950734658599827,0.8651543269363137,0.6457059030452815,0.8868341169660398,0.028837696937422885,0.21135696303062446,0.0009646150558702636,0.07251144822159193,Green
GJR-GARCH,BTC,125,125,1.0,1235,9,0.0072874493927125505,0.3140887921833467,0.7161144915973603,0.5639301386599727,1.0134037178677175,0.13224608769321833,0.0009243559373452858,0.07811202554933644,Green
GJR-GARCH,BTC,250,249,0.996,1235,10,0.008097165991902834,0.4870239527378336,0.6860448521394933,0.7237946763177217,0.48309453551691917,0.16340051061044392,0.0008514963058671456,0.07131710252306823,Green
GJR-GARCH,BTC,500,496,0.992,1235,11,0.008906882591093117,0.6940342813217439,0.6564401598353871,0.8383540998825176,0.15475268026240707,0.1978767481207484,0.0008102196008853564,0.0683075660366061,Green
GJR-GARCH-t,BTC,125,125,1.0,1235,10,0.008097165991902834,0.4870239527378336,0.6860448521394933,0.7237946763177217,0.48309453551691917,0.16340051061044392,0.0009528897286141414,0.08077082654928269,Green
GJR-GARCH-t,BTC,250,249,0.996,1235,11,0.008906882591093117,0.6940342813217439,0.6564401598353871,0.8383540998825176,0.15475268026240707,0.1978767481207484,0.0009139511432982134,0.07647765248546129,Green
GJR-GARCH-t,BTC,500,496,0.992,1235,13,0.010526315789473684,0.8537679283841276,0.5987881604533358,0.8560732007075015,0.03397127620152052,0.27682750710121695,0.0008553807381009986,0.07128508150746946,Green
GARCH-N,BTC,125,125,1.0,1235,8,0.006477732793522267,0.18362657027456283,0.7466058006318333,0.3921089137728586,1.7680259644246448,0.10440530862558717,0.0009296544446285768,0.0793502298645602,Green
GARCH-N,BTC,250,249,0.996,1235,9,0.0072874493927125505,0.3140887921833467,0.7161144915973603,0.5639301386599727,1.0134037178677175,0.13224608769321833,0.0008576441318496592,0.07246724312728624,Green
GARCH-N,BTC,500,496,0.992,1235,14,0.011336032388663968,0.6440664304249677,0.5708163334809992,0.7653738612942249,0.21346318615351745,0.32131852776669234,0.000826934896854166,0.06824726357792493,Green
Hist-Sim,BTC,125,125,1.0,1235,13,0.010526315789473684,0.8537679283841276,0.5987881604533358,0.8560732007075015,0.03397127620152052,0.27682750710121695,0.00101872559178602,0.080364939285663,Green
Hist-Sim,BTC,250,249,0.996,1235,11,0.008906882591093117,0.6940342813217439,0.6564401598353871,0.8383540998825176,0.15475268026240707,0.1978767481207484,0.0008872391190253036,0.06998463699949199,Green
Hist-Sim,BTC,500,496,0.992,1235,9,0.0072874493927125505,0.3140887921833467,0.7161144915973603,0.5639301386599727,1.0134037178677175,0.13224608769321833,0.0008505651603108858,0.06583590363260373,Green
EWMA,BTC,125,125,1.0,1235,13,0.010526315789473684,0.8537679283841276,0.5987881604533358,0.8560732007075015,0.03397127620152052,0.27682750710121695,0.0009598739399574919,0.08048875225248893,Green
EWMA,BTC,250,249,0.996,1235,12,0.009716599190283401,0.9198920536825095,0.6273416139762418,0.8843533021888844,0.010114263782394217,0.2356830023754526,0.0008678254265812836,0.07328815894339757,Green
EWMA,BTC,500,496,0.992,1235,16,0.012955465587044534,0.31809761830559036,0.5167508143823494,0.49235127073775875,0.9967523661367963,0.420373338517976,0.0008527464366913072,0.07040223763093517,Green
Moirai-1.1,CBU0,125,125,1.0,1010,9,0.00891089108910891,0.723023192731904,0.6873198020679092,0.8660537427982913,0.12561444030266866,0.16200218707078307,0.0001778595583211557,0.01515780416438996,Green
Moirai-1.1,CBU0,250,249,0.996,1010,5,0.0049504950495049506,0.07386406954046992,0.8234099063002225,0.19742486681729232,3.194993373727436,0.04980100266800491,0.00015939314718658396,0.014408344844994276,Green
Moirai-1.1,CBU0,500,496,0.992,1010,9,0.00891089108910891,0.723023192731904,0.6873198020679092,0.8660537427982913,0.12561444030266866,0.16200218707078307,0.00015592321558546558,0.013214659426825452,Green
Lag-Llama,CBU0,125,125,1.0,1010,10,0.009900990099009901,0.9747302503771117,0.6545566015677375,0.9042915462726526,0.0010033836031890508,0.20020354368755022,0.00016647998936065566,0.015027444340368536,Green
Lag-Llama,CBU0,250,249,0.996,1010,6,0.005940594059405941,0.16071588770653003,0.7887552274444178,0.3607279577630196,1.9674772944705463,0.07178507420329083,0.00016242022220146971,0.01488120796328847,Green
Lag-Llama,CBU0,500,496,0.992,1010,5,0.0049504950495049506,0.07386406954046992,0.8234099063002225,0.19742486681729232,3.194993373727436,0.04980100266800491,0.0001621540485868804,0.014451927101820907,Green
GJR-GARCH,CBU0,125,125,1.0,1089,10,0.009182736455463728,0.7834383198789742,0.6666620985269827,0.877626193049653,0.07553763056566898,0.18553141791143446,0.00014136367446943176,0.012985632989633756,Green
GJR-GARCH,CBU0,250,249,0.996,1089,9,0.008264462809917356,0.5529014634977385,0.6984008806387119,0.7779112586565939,0.352144890865858,0.15014075859988907,0.00013668999966608714,0.012396511441628644,Green
GJR-GARCH,CBU0,500,496,0.992,1089,10,0.009182736455463728,0.7834383198789742,0.6666620985269827,0.877626193049653,0.07553763056566898,0.18553141791143446,0.0001353405489201726,0.011758150386682046,Green
GJR-GARCH-t,CBU0,125,125,1.0,1089,9,0.008264462809917356,0.5529014634977385,0.6984008806387119,0.7779112586565939,0.352144890865858,0.15014075859988907,0.00014534398830805481,0.013103151752828529,Green
GJR-GARCH-t,CBU0,250,249,0.996,1089,8,0.0073461891643709825,0.3556244749899624,0.7306456794429039,0.6151416735787067,0.8532857459373773,0.11851960238784898,0.0001380282248220646,0.012450017814235416,Green
GJR-GARCH-t,CBU0,500,496,0.992,1089,10,0.009182736455463728,0.7834383198789742,0.6666620985269827,0.877626193049653,0.07553763056566898,0.18553141791143446,0.00013689300963369943,0.011724476741191201,Green
GARCH-N,CBU0,125,125,1.0,1089,10,0.009182736455463728,0.7834383198789742,0.6666620985269827,0.877626193049653,0.07553763056566898,0.18553141791143446,0.00014104406530418545,0.012955054887291522,Green
GARCH-N,CBU0,250,249,0.996,1089,10,0.009182736455463728,0.7834383198789742,0.6666620985269827,0.877626193049653,0.07553763056566898,0.18553141791143446,0.00013805695530189047,0.012445218246790664,Green
GARCH-N,CBU0,500,496,0.992,1089,11,0.010101010101010102,0.9733191946558339,0.6354802429553482,0.8932307100366743,0.0011186125034918226,0.22470214263412913,0.0001357400888132322,0.01182773711989999,Green
Hist-Sim,CBU0,125,125,1.0,1089,8,0.0073461891643709825,0.3556244749899624,0.7306456794429039,0.6151416735787067,0.8532857459373773,0.11851960238784898,0.00015270829558934815,0.013253466724261575,Green
Hist-Sim,CBU0,250,249,0.996,1089,11,0.010101010101010102,0.9733191946558339,0.6354802429553482,0.8932307100366743,0.0011186125034918226,0.22470214263412913,0.00015641191101020178,0.013152149195455657,Green
Hist-Sim,CBU0,500,496,0.992,1089,7,0.006427915518824609,0.20492362130663708,0.7633430238327938,0.4279304233111685,1.6069318851047676,0.09065743283946404,0.00014605903746091358,0.012411899237434588,Green
EWMA,CBU0,125,125,1.0,1089,8,0.0073461891643709825,0.3556244749899624,0.7306456794429039,0.6151416735787067,0.8532857459373773,0.11851960238784898,0.00014778801453480933,0.013532267832805705,Green
EWMA,CBU0,250,249,0.996,1089,8,0.0073461891643709825,0.3556244749899624,0.7306456794429039,0.6151416735787067,0.8532857459373773,0.11851960238784898,0.00014315810800615404,0.013163458275285525,Green
EWMA,CBU0,500,496,0.992,1089,10,0.009182736455463728,0.7834383198789742,0.6666620985269827,0.877626193049653,0.07553763056566898,0.18553141791143446,0.00013941445445564044,0.01243195628023815,Green
Moirai-1.1,DJCI,125,125,1.0,765,5,0.006535947712418301,0.30399551872145897,0.7974378330677645,0.5705066397841838,1.0565843131169812,0.0658766293086046,0.00041806609208661766,0.03416260965991754,Green
Moirai-1.1,DJCI,250,249,0.996,765,6,0.00784313725490196,0.53322703010378,0.033338318066959347,0.08558208317907672,0.38823802017555353,4.528320632620847,0.0004008338640885696,0.030630357676574977,Green
Moirai-1.1,DJCI,500,496,0.992,765,11,0.01437908496732026,0.2532997929754572,0.007582768553100839,0.014739351267384246,1.3050117617804,7.129457048019987,0.0004144610028908221,0.02722070027444753,Green
Lag-Llama,DJCI,125,125,1.0,765,9,0.011764705882352941,0.6331982714358182,0.6432052506883783,0.8015871343099026,0.22774857918593572,0.2145746183999364,0.0003886226737869409,0.03152946715325619,Green
Lag-Llama,DJCI,250,249,0.996,765,8,0.01045751633986928,0.8995434008142643,0.6807210142612117,0.9115346220652312,0.01593607458571422,0.1693153293534948,0.0003891706611513494,0.02872084550354687,Green
Lag-Llama,DJCI,500,496,0.992,765,9,0.011764705882352941,0.6331982714358182,0.6432052506883783,0.8015871343099026,0.22774857918593572,0.2145746183999364,0.0003970550773434651,0.02793402443504146,Green
GJR-GARCH,DJCI,125,125,1.0,843,8,0.009489916963226572,0.8806651759849103,0.060222946688938475,0.16916410900063142,0.022537827834755886,3.531234124278626,0.0003610337446490831,0.029338514903524984,Green
GJR-GARCH,DJCI,250,249,0.996,843,8,0.009489916963226572,0.8806651759849103,0.060222946688938475,0.16916410900063142,0.022537827834755886,3.531234124278626,0.0003638130586753452,0.02915922015621038,Green
GJR-GARCH,DJCI,500,496,0.992,843,8,0.009489916963226572,0.8806651759849103,0.060222946688938475,0.16916410900063142,0.022537827834755886,3.531234124278626,0.0003576337817857453,0.024839864079508826,Green
GJR-GARCH-t,DJCI,125,125,1.0,843,8,0.009489916963226572,0.8806651759849103,0.060222946688938475,0.16916410900063142,0.022537827834755886,3.531234124278626,0.0003595639350445288,0.029345376933223918,Green
GJR-GARCH-t,DJCI,250,249,0.996,843,8,0.009489916963226572,0.8806651759849103,0.060222946688938475,0.16916410900063142,0.022537827834755886,3.531234124278626,0.0003644967498279706,0.02952296899238524,Green
GJR-GARCH-t,DJCI,500,496,0.992,843,8,0.009489916963226572,0.8806651759849103,0.060222946688938475,0.16916410900063142,0.022537827834755886,3.531234124278626,0.0003493012080442102,0.024595714172700085,Green
GARCH-N,DJCI,125,125,1.0,843,9,0.010676156583629894,0.8452627562553103,0.07994201027704252,0.2118058795286011,0.03808988673940794,3.0660802860328857,0.0003591671763798212,0.029329585990683974,Green
GARCH-N,DJCI,250,249,0.996,843,7,0.00830367734282325,0.6100953381107694,0.04356496757436924,0.11455620485732693,0.26003612415489874,4.073343284464613,0.00037701699895798224,0.029477006508653522,Green
GARCH-N,DJCI,500,496,0.992,843,9,0.010676156583629894,0.8452627562553103,0.0024017106697765867,0.009793405092144271,0.03808988673940794,9.214002252498886,0.0003482711412073515,0.02417827072478948,Green
Hist-Sim,DJCI,125,125,1.0,843,12,0.014234875444839857,0.2452903361798944,0.009219477387191045,0.01716523141531399,1.3499301057723692,6.7798086349290685,0.0003829674292554487,0.029729026925808814,Green
Hist-Sim,DJCI,250,249,0.996,843,12,0.014234875444839857,0.2452903361798944,0.15794208690465475,0.18789446789013442,1.3499301057723692,1.9938195237735528,0.00037503076259509763,0.028520592102711854,Green
Hist-Sim,DJCI,500,496,0.992,843,13,0.01542111506524318,0.14284525837645226,0.1902160881680663,0.14493202158060323,2.1470377678429546,1.7159431585089635,0.00037345097908591314,0.025061035080138603,Green
EWMA,DJCI,125,125,1.0,843,10,0.011862396204033215,0.5975402400522337,0.003956812699735791,0.013689513676984207,0.2787217704078402,8.303528558138197,0.000341889317146807,0.029067775951303436,Green
EWMA,DJCI,250,249,0.996,843,7,0.00830367734282325,0.6100953381107694,0.04356496757436924,0.11455620485732693,0.26003612415489874,4.073343284464613,0.00036612855883218145,0.029465759444619898,Green
EWMA,DJCI,500,496,0.992,843,11,0.013048635824436536,0.39545943852385723,0.006174708253885929,0.016402146402452283,0.7220892888913939,7.498596860143564,0.00032625456143342834,0.023939286181400964,Green
Moirai-1.1,ETH,125,125,1.0,812,8,0.009852216748768473,0.9661577223658654,0.6897050224634722,0.9225603404915868,0.0018001123302303634,0.15940487858897257,0.001338823970288145,0.11981723183671397,Green
Moirai-1.1,ETH,250,249,0.996,812,5,0.006157635467980296,0.23619332643250038,0.8033077646033551,0.4806561270512649,1.4031712169054735,0.06203513734165966,0.0013515464017370116,0.1181574518230716,Green
Moirai-1.1,ETH,500,496,0.992,812,9,0.011083743842364532,0.7603183421498357,0.6531119237241364,0.8628354532446291,0.0930632964952256,0.20199925229012194,0.0012747576290637426,0.10384915984528588,Green
Lag-Llama,ETH,125,125,1.0,812,6,0.007389162561576354,0.43300951728132164,0.7648879662393187,0.7032169778199039,0.61473775655785,0.0894418219325388,0.0015809999782836987,0.13608178904118784,Green
Lag-Llama,ETH,250,249,0.996,812,6,0.007389162561576354,0.43300951728132164,0.7648879662393187,0.7032169778199039,0.61473775655785,0.0894418219325388,0.0014208535966320202,0.12255161282561544,Green
Lag-Llama,ETH,500,496,0.992,812,9,0.011083743842364532,0.7603183421498357,0.6531119237241364,0.8628354532446291,0.0930632964952256,0.20199925229012194,0.0013772413488383792,0.10763429091664264,Green
GJR-GARCH,ETH,125,125,1.0,891,8,0.008978675645342313,0.7551973582663257,0.7032366453199731,0.8858824695501987,0.09721527358171644,0.14512670652649717,0.001356689482922136,0.11949177028010936,Green
GJR-GARCH,ETH,250,249,0.996,891,7,0.007856341189674524,0.504032571507542,0.7390238707599034,0.7567586089163715,0.44643546996955985,0.11098643998120394,0.001315163449787426,0.11192414054010373,Green
GJR-GARCH,ETH,500,496,0.992,891,7,0.007856341189674524,0.504032571507542,0.7390238707599034,0.7567586089163715,0.44643546996955985,0.11098643998120394,0.0012651316404399223,0.10095396487714736,Green
GJR-GARCH-t,ETH,125,125,1.0,891,8,0.008978675645342313,0.7551973582663257,0.7032366453199731,0.8858824695501987,0.09721527358171644,0.14512670652649717,0.0013365775831677238,0.11725821452517884,Green
GJR-GARCH-t,ETH,250,249,0.996,891,10,0.01122334455667789,0.718884008075281,0.6335498216585536,0.8365900951210923,0.12956450007853038,0.22727761889785825,0.0013358426742441061,0.11225760360289765,Green
GJR-GARCH-t,ETH,500,496,0.992,891,9,0.010101010101010102,0.9758654855475204,0.6680554462632801,0.911740207584375,0.0009152284119478826,0.18388515077405998,0.0012705614705393177,0.100046155343006,Green
GARCH-N,ETH,125,125,1.0,891,10,0.01122334455667789,0.718884008075281,0.09652181749776721,0.23555065434809788,0.12956450007853038,2.762094091684588,0.0013801425312106833,0.12138560245363415,Green
GARCH-N,ETH,250,249,0.996,891,9,0.010101010101010102,0.9758654855475204,0.6680554462632801,0.911740207584375,0.0009152284119478826,0.18388515077405998,0.001318709979019064,0.11477873695765814,Green
GARCH-N,ETH,500,496,0.992,891,10,0.01122334455667789,0.718884008075281,0.09652181749776721,0.23555065434809788,0.12956450007853038,2.762094091684588,0.0012474131007107652,0.10162820236358054,Green
Hist-Sim,ETH,125,125,1.0,891,7,0.007856341189674524,0.504032571507542,0.7390238707599034,0.7567586089163715,0.44643546996955985,0.11098643998120394,0.0014920929467190172,0.12779587107234583,Green
Hist-Sim,ETH,250,249,0.996,891,8,0.008978675645342313,0.7551973582663257,0.7032366453199731,0.8858824695501987,0.09721527358171644,0.14512670652649717,0.0013271174913285567,0.11297355170549295,Green
Hist-Sim,ETH,500,496,0.992,891,12,0.013468013468013467,0.32308552353204834,0.14838011986120986,0.21596906227980303,0.9764148666406589,2.0888253568443247,0.0013017214340894253,0.10576656665971883,Green
EWMA,ETH,125,125,1.0,891,8,0.008978675645342313,0.7551973582663257,0.7032366453199731,0.8858824695501987,0.09721527358171644,0.14512670652649717,0.0013481287218738481,0.12157996262643667,Green
EWMA,ETH,250,249,0.996,891,9,0.010101010101010102,0.9758654855475204,0.6680554462632801,0.911740207584375,0.0009152284119478826,0.18388515077405998,0.0013321371688958385,0.118879159002047,Green
EWMA,ETH,500,496,0.992,891,11,0.012345679012345678,0.49724165068776016,0.5997851638022151,0.6920692073312031,0.4608185936462563,0.27532004189568227,0.0012965451827290939,0.10497602937594422,Green
Moirai-1.1,EURUSD,125,125,1.0,1617,9,0.0055658627087198514,0.050485203356055296,0.7508603711594611,0.1404308741470518,3.8252703326744104,0.10080948779139476,0.0001674309894240258,0.015350273932277097,Green
Moirai-1.1,EURUSD,250,249,0.996,1617,9,0.0055658627087198514,0.050485203356055296,0.7508603711594611,0.1404308741470518,3.8252703326744104,0.10080948779139476,0.00015653440681927751,0.01434940855301241,Green
Moirai-1.1,EURUSD,500,496,0.992,1617,20,0.012368583797155226,0.35594351883334663,0.47894426956591896,0.508286284286259,0.8521546241530462,0.5012662526363556,0.00016213602876071138,0.013908892944405055,Green
Lag-Llama,EURUSD,125,125,1.0,1617,12,0.0074211502782931356,0.27475976865141044,0.6717578415746367,0.5034904083390469,1.192828436815267,0.17955279713888217,0.00018033192054207287,0.015719085277743204,Green
Lag-Llama,EURUSD,250,249,0.996,1617,12,0.0074211502782931356,0.27475976865141044,0.6717578415746367,0.5034904083390469,1.192828436815267,0.17955279713888217,0.0001728552299341105,0.015136111751277936,Green
Lag-Llama,EURUSD,500,496,0.992,1617,18,0.011131725417439703,0.6532719966394398,0.5242545025139073,0.7381135277750996,0.20179980995294855,0.40551545912498455,0.00016454674236701295,0.013179955702332137,Green
GJR-GARCH,EURUSD,125,125,1.0,1696,13,0.0076650943396226415,0.31353706149321336,0.6539525084618859,0.5442561813951364,1.015717193359957,0.20095324922559143,0.0001696752970817864,0.01437072202912398,Green
GJR-GARCH,EURUSD,250,249,0.996,1696,13,0.0076650943396226415,0.31353706149321336,0.6539525084618859,0.5442561813951364,1.015717193359957,0.20095324922559143,0.00016379843002205921,0.013397896139065313,Green
GJR-GARCH,EURUSD,500,496,0.992,1696,18,0.01061320754716981,0.8015803111643481,0.5341916140673418,0.7986900686849423,0.06315290183497213,0.38641171313651057,0.000156331423238331,0.011876486725497463,Green
GJR-GARCH-t,EURUSD,125,125,1.0,1696,14,0.008254716981132075,0.45636028886274516,0.6291632032657555,0.6743527216279355,0.5548067352564106,0.23319722294274925,0.00017274012308387719,0.014644150645921906,Green
GJR-GARCH-t,EURUSD,250,249,0.996,1696,15,0.00884433962264151,0.6256077560126668,0.6047704549790993,0.7764970354987066,0.23806420647678106,0.26786070187202426,0.00015946738317135564,0.013210777102801318,Green
GJR-GARCH-t,EURUSD,500,496,0.992,1696,18,0.01061320754716981,0.8015803111643481,0.5341916140673418,0.7986900686849423,0.06315290183497213,0.38641171313651057,0.0001566298422118605,0.012126752442366766,Green
GARCH-N,EURUSD,125,125,1.0,1696,14,0.008254716981132075,0.45636028886274516,0.6291632032657555,0.6743527216279355,0.5548067352564106,0.23319722294274925,0.0001635797303812795,0.013981527968495718,Green
GARCH-N,EURUSD,250,249,0.996,1696,16,0.009433962264150943,0.8130258927480677,0.5807969474056349,0.8348978663295636,0.055943720530944985,0.304948034239942,0.00015624011855744916,0.012769532759721114,Green
GARCH-N,EURUSD,500,496,0.992,1696,17,0.010023584905660377,0.9922143695772228,0.5572640203609612,0.8417439574999087,9.521847679239137e-05,0.34446358045121883,0.00015281051857620048,0.011669816792953478,Green
Hist-Sim,EURUSD,125,125,1.0,1696,18,0.01061320754716981,0.8015803111643481,0.5341916140673418,0.7986900686849423,0.06315290183497213,0.38641171313651057,0.00017563728260078774,0.014416244248374227,Green
Hist-Sim,EURUSD,250,249,0.996,1696,18,0.01061320754716981,0.8015803111643481,0.5341916140673418,0.7986900686849423,0.06315290183497213,0.38641171313651057,0.00017117391646129118,0.013435681616222168,Green
Hist-Sim,EURUSD,500,496,0.992,1696,19,0.011202830188679245,0.6252402560414458,0.5115982210182919,0.7155642993949437,0.23857081808879332,0.43079681719780183,0.00016365215747360476,0.012193966723045903,Green
EWMA,EURUSD,125,125,1.0,1696,15,0.00884433962264151,0.6256077560126668,0.6047704549790993,0.7764970354987066,0.23806420647678106,0.26786070187202426,0.00017085984613837216,0.014631811341428193,Green
EWMA,EURUSD,250,249,0.996,1696,16,0.009433962264150943,0.8130258927480677,0.5807969474056349,0.8348978663295636,0.055943720530944985,0.304948034239942,0.00015567144619052476,0.012860716144949507,Green
EWMA,EURUSD,500,496,0.992,1696,19,0.011202830188679245,0.6252402560414458,0.5115982210182919,0.7155642993949437,0.23857081808879332,0.43079681719780183,0.00015730420085520872,0.012087313243057798,Green
Moirai-1.1,FCHI,125,125,1.0,1891,18,0.009518773135906928,0.8320890470446012,0.16273339524049257,0.36905954596264084,0.044953776319367256,1.9486407772567702,0.0004899489941265292,0.04147775940930864,Green
Moirai-1.1,FCHI,250,249,0.996,1891,18,0.009518773135906928,0.8320890470446012,0.16273339524049257,0.36905954596264084,0.044953776319367256,1.9486407772567702,0.0004905216140132849,0.039830709458222625,Green
Moirai-1.1,FCHI,500,496,0.992,1891,25,0.013220518244315178,0.1798237952416107,0.33973484012378946,0.25788135062644535,1.7990796937989213,0.9114316684634787,0.0004881292795628437,0.0359326318744549,Green
Lag-Llama,FCHI,125,125,1.0,1891,12,0.006345848757271285,0.08691236849796799,0.6953489605615757,0.21395191170246133,2.9306523256011143,0.15335567616384083,0.0005363651710803513,0.043354427315772597,Green
Lag-Llama,FCHI,250,249,0.996,1891,21,0.01110523532522475,0.6350613697259397,0.492105182929758,0.7056825778927437,0.22525945557734595,0.47192004237538754,0.0005042078849108307,0.03828861080378439,Green
Lag-Llama,FCHI,500,496,0.992,1891,23,0.012162876784769964,0.36057334323336043,0.4515736933983211,0.49594159543661553,0.8358953654996704,0.5666988551528789,0.0005034499042138096,0.03566305882796655,Green
GJR-GARCH,FCHI,125,125,1.0,1969,14,0.007110208227526663,0.17412186250030426,0.08683050273223966,0.09166327443536484,1.8470931033211198,2.932173850335033,0.0004104368135084154,0.035529714975515034,Green
GJR-GARCH,FCHI,250,249,0.996,1969,17,0.008633824276282377,0.5327234922370695,0.13635301679158873,0.27146623729725056,0.38919377543929645,2.2186412316018504,0.00038079364155737925,0.033229223564889804,Green
GJR-GARCH,FCHI,500,496,0.992,1969,26,0.013204672422549517,0.17312174410283082,0.35422479413734764,0.2574362982816457,1.8557013750603701,0.858264574533905,0.0003745374072198357,0.031102360361285834,Green
GJR-GARCH-t,FCHI,125,125,1.0,1969,15,0.007618080243778568,0.26751319799562007,0.6312147926858644,0.48194000898385647,1.2294542587775297,0.23041701195597852,0.00042437051624456866,0.03647239616356151,Green
GJR-GARCH-t,FCHI,250,249,0.996,1969,19,0.009649568308786187,0.8750880829615133,0.542757856011292,0.8207129421742856,0.024711499042213925,0.3704522505445027,0.0003893397699883456,0.0335633066879827,Green
GJR-GARCH-t,FCHI,500,496,0.992,1969,20,0.01015744032503809,0.9441678647735252,0.5216221155606271,0.812373811499413,0.004904538227650468,0.410684833299797,0.00037453233371289175,0.031223634818290713,Green
GARCH-N,FCHI,125,125,1.0,1969,17,0.008633824276282377,0.5327234922370695,0.007434774275472505,0.02289126814315788,0.38919377543929645,7.1648057144186055,0.0004471220488406639,0.03795248792294079,Green
GARCH-N,FCHI,250,249,0.996,1969,19,0.009649568308786187,0.8750880829615133,0.17601832681175583,0.3954154655790632,0.024711499042213925,1.8309250114671727,0.0004262803270046046,0.03589078222266737,Green
GARCH-N,FCHI,500,496,0.992,1969,22,0.0111731843575419,0.6075710153898679,0.023011977457059307,0.0661610100008011,0.2637271832458312,5.167600741452873,0.0004152517052737966,0.033001143141389404,Green
Hist-Sim,FCHI,125,125,1.0,1969,25,0.012696800406297613,0.2483211184775992,0.00017644458717056818,0.00045296833642148853,1.3327244196064605,14.066652245290527,0.0005380558631129144,0.04195000901397857,Green
Hist-Sim,FCHI,250,249,0.996,1969,29,0.014728288471305232,0.04882783194083003,0.00802114163943305,0.0042748548822795236,3.88126233984417,7.028747905826208,0.0005949582083875083,0.044371724119796,Green
Hist-Sim,FCHI,500,496,0.992,1969,25,0.012696800406297613,0.2483211184775992,0.00017644458717056818,0.00045296833642148853,1.3327244196064605,14.066652245290527,0.0005478172509722393,0.03939748912237804,Green
EWMA,FCHI,125,125,1.0,1969,16,0.008125952260030472,0.38765935520051586,0.005670937039446435,0.015008533472552807,0.746271230500545,7.652001452441368,0.000497735232089743,0.04103910019941665,Green
EWMA,FCHI,250,249,0.996,1969,18,0.009141696292534281,0.6977187576624173,0.15552643755549656,0.33823162263660284,0.15085591069989057,2.017192777538895,0.0004846635751408462,0.03904412071019013,Green
EWMA,FCHI,500,496,0.992,1969,23,0.011681056373793804,0.4652409442307929,0.0018425106364314218,0.005995699662477125,0.5332565563832805,9.700169022903168,0.00045343051041895856,0.03347460026485336,Green
Moirai-1.1,FTSE100,125,125,1.0,1867,17,0.009105516871987145,0.6932855543391954,0.14475686979121824,0.3194672476857175,0.15555156244048884,2.1266494807094887,0.00044275505259265123,0.03609888042446245,Green
Moirai-1.1,FTSE100,250,249,0.996,1867,16,0.00856989823245849,0.5243547253191154,0.5988325971935704,0.7110305509237268,0.40531955524977814,0.27676020705351334,0.00040310737743896446,0.031787231783226226,Green
Moirai-1.1,FTSE100,500,496,0.992,1867,20,0.010712372790573112,0.7597366912018321,0.20984836403048984,0.4347426592874982,0.09352989571773218,1.5724721258731051,0.00038926288196191873,0.029417917807199007,Green
Lag-Llama,FTSE100,125,125,1.0,1867,11,0.0058918050348152114,0.053338391670579605,0.052292136772995525,0.023521475485092744,3.733285137600351,3.766397711818911,0.0004354655180663385,0.0352997086005716,Green
Lag-Llama,FTSE100,250,249,0.996,1867,14,0.007498660953401178,0.255736418704731,0.09221749426371335,0.12701351714235598,1.2916917387210685,2.8352317892698977,0.0003875124795897858,0.029308279312486123,Green
Lag-Llama,FTSE100,500,496,0.992,1867,19,0.010176754151044456,0.9389927596055142,0.1867822055506571,0.4171381970631388,0.005857742843658809,1.742817665679354,0.0004019729013680987,0.028358335436387272,Green
GJR-GARCH,FTSE100,125,125,1.0,1945,20,0.010282776349614395,0.9007129368422289,0.015616667132886022,0.05336779712791206,0.015565252513092487,5.845530277412706,0.00037772641498086477,0.031143228548784693,Green
GJR-GARCH,FTSE100,250,249,0.996,1945,15,0.007712082262210797,0.29070141159364105,0.10342583692245282,0.15196000404081783,1.1163700926930842,2.6519057554496897,0.00035745933275488075,0.02873692550868937,Green
GJR-GARCH,FTSE100,500,496,0.992,1945,19,0.009768637532133676,0.9180065091672904,0.0005446137942319892,0.002520053586004618,0.010597702442012746,11.956352524352667,0.0003368512122950665,0.025361137332320732,Green
GJR-GARCH-t,FTSE100,125,125,1.0,1945,18,0.009254498714652956,0.7379006642271225,0.009830849200194077,0.03375466380302584,0.11198038378927988,6.665292985119095,0.000369374676437806,0.030884051535544157,Green
GJR-GARCH-t,FTSE100,250,249,0.996,1945,16,0.008226221079691516,0.41729857460283304,0.005819388626507664,0.016056312579829035,0.6579105319970182,7.605395867156261,0.0003512501366387507,0.028731818810997255,Green
GJR-GARCH-t,FTSE100,500,496,0.992,1945,18,0.009254498714652956,0.7379006642271225,0.009830849200194077,0.03375466380302584,0.11198038378927988,6.665292985119095,0.00032865057728020996,0.025311389764921286,Green
GARCH-N,FTSE100,125,125,1.0,1945,18,0.009254498714652956,0.7379006642271225,0.009830849200194077,0.03375466380302584,0.11198038378927988,6.665292985119095,0.00038886438326300553,0.03207154545907583,Green
GARCH-N,FTSE100,250,249,0.996,1945,14,0.0071979434447300775,0.19107645108784635,0.08804396781857722,0.09930708789857765,1.7092981976323518,2.9097784660518755,0.00036708462971137413,0.02963787145840558,Green
GARCH-N,FTSE100,500,496,0.992,1945,17,0.008740359897172237,0.5682797747431974,0.13824702805542444,0.28323840644207265,0.32556928561460907,2.197363335165022,0.00034402536302810945,0.02604265634927926,Green
Hist-Sim,FTSE100,125,125,1.0,1945,22,0.011311053984575836,0.5692283639970039,0.0014326064272899373,0.005280898773729348,0.3239753138485417,10.163342633057283,0.0004740060308645756,0.03632619826379706,Green
Hist-Sim,FTSE100,250,249,0.996,1945,25,0.012853470437017995,0.22574847978446153,0.003269440751189747,0.006351580058039862,1.4674498596703245,8.650653478314325,0.0005303731163076647,0.03855211951097823,Green
Hist-Sim,FTSE100,500,496,0.992,1945,23,0.011825192802056555,0.43167315713625243,3.049488022997824e-06,1.3650400302992791e-05,0.6183176188802353,21.785165802193234,0.00044379929120661637,0.030664931064689347,Green
EWMA,FTSE100,125,125,1.0,1945,15,0.007712082262210797,0.29070141159364105,0.004353590130972116,0.009820882404618316,1.1163700926930842,8.130118512804188,0.0004367194514876187,0.03517922473237285,Green
EWMA,FTSE100,250,249,0.996,1945,17,0.008740359897172237,0.5682797747431974,0.007628940614753623,0.024183827976652816,0.32556928561460907,7.118572983657259,0.000434381451557936,0.033796041179346384,Green
EWMA,FTSE100,500,496,0.992,1945,21,0.010796915167095116,0.7272910948537474,3.9790815023252694e-05,0.00020316799666689013,0.1216134720586628,16.881341230705175,0.000382110507245402,0.027010507043789895,Green
Moirai-1.1,GBPUSD,125,125,1.0,1621,9,0.005552128315854411,0.049418595510972524,0.7511596226069203,0.13795632813532266,3.861077031097709,0.10055918229701888,0.00020397322944778473,0.018535244656791332,Green
Moirai-1.1,GBPUSD,250,249,0.996,1621,10,0.006169031462060457,0.09526154365515653,0.7244971945354153,0.23370874578688858,2.783134828774159,0.12422440122890066,0.0001913897939906254,0.01719443380375754,Green
Moirai-1.1,GBPUSD,500,496,0.992,1621,13,0.008019740900678593,0.40658540564855283,0.6465072309564173,0.6379166705946973,0.6887631278289792,0.21033210121254342,0.00018535545974231125,0.01606308657437449,Green
Lag-Llama,GBPUSD,125,125,1.0,1621,13,0.008019740900678593,0.40658540564855283,0.6465072309564173,0.6379166705946973,0.6887631278289792,0.21033210121254342,0.00022136672945914648,0.019112008541733148,Green
Lag-Llama,GBPUSD,250,249,0.996,1621,17,0.010487353485502776,0.8448834779041368,0.5481839157582201,0.8191975922807322,0.03827924456006149,0.3605806830632332,0.00020460191641941453,0.0169293308532054,Green
Lag-Llama,GBPUSD,500,496,0.992,1621,18,0.011104256631708822,0.6606289192092782,0.5247728897698722,0.7418325690970367,0.19276052532403964,0.40450289346460977,0.00020672649604827186,0.016479156804520605,Green
GJR-GARCH,GBPUSD,125,125,1.0,1699,14,0.00824014125956445,0.45208504290391327,0.6294688089801181,0.6709233402120449,0.5654190123464655,0.23278177887971196,0.000208804977271461,0.017699478001622155,Green
GJR-GARCH,GBPUSD,250,249,0.996,1699,16,0.009417304296645085,0.8074090540541008,0.5811345187609961,0.8336730888755146,0.05942375120552512,0.3044041152606951,0.00019805083319140133,0.015733953836361874,Green
GJR-GARCH,GBPUSD,500,496,0.992,1699,17,0.010005885815185403,0.9980547152439989,0.5576159950453343,0.8420403216121591,5.944113651439736e-06,0.34384881185829386,0.00019003042319172496,0.014220150933482856,Green
GJR-GARCH-t,GBPUSD,125,125,1.0,1699,16,0.009417304296645085,0.8074090540541008,0.5811345187609961,0.8336730888755146,0.05942375120552512,0.3044041152606951,0.00020744955163717288,0.01761272934328986,Green
GJR-GARCH-t,GBPUSD,250,249,0.996,1699,16,0.009417304296645085,0.8074090540541008,0.1399326413987042,0.3265860744238284,0.05942375120552512,2.1786997235369654,0.00019770094409748696,0.0157429256411211,Green
GJR-GARCH-t,GBPUSD,500,496,0.992,1699,18,0.01059446733372572,0.8073003499278634,0.1834293606194688,0.400694854410981,0.059492197845784744,1.7696180079990427,0.00019157852783624512,0.014386487732311935,Green
GARCH-N,GBPUSD,125,125,1.0,1699,14,0.00824014125956445,0.45208504290391327,0.6294688089801181,0.6709233402120449,0.5654190123464655,0.23278177887971196,0.00020682017150815173,0.017546761580473347,Green
GARCH-N,GBPUSD,250,249,0.996,1699,17,0.010005885815185403,0.9980547152439989,0.5576159950453343,0.8420403216121591,5.944113651439736e-06,0.34384881185829386,0.00019085549513534017,0.0152008514657435,Green
GARCH-N,GBPUSD,500,496,0.992,1699,16,0.009417304296645085,0.8074090540541008,0.5811345187609961,0.8336730888755146,0.05942375120552512,0.3044041152606951,0.00018885837919970107,0.014379827562702438,Green
Hist-Sim,GBPUSD,125,125,1.0,1699,16,0.009417304296645085,0.8074090540541008,0.5811345187609961,0.8336730888755146,0.05942375120552512,0.3044041152606951,0.0002179952208846983,0.017680267870735265,Green
Hist-Sim,GBPUSD,250,249,0.996,1699,20,0.011771630370806356,0.47527602728408025,0.02068162217706244,0.053314153925837944,0.509683202898568,5.353423659068511,0.0002067209084915057,0.015463880527634635,Green
Hist-Sim,GBPUSD,500,496,0.992,1699,17,0.010005885815185403,0.9980547152439989,0.16091783210619284,0.37426437969426857,5.944113651439736e-06,1.9655797233338603,0.00019568214848626785,0.014609474837244445,Green
EWMA,GBPUSD,125,125,1.0,1699,12,0.007062978222483814,0.19902014909402507,0.679384120120594,0.40244971468055046,1.649550297211956,0.17081994758586916,0.00021119396194887836,0.018092600404760784,Green
EWMA,GBPUSD,250,249,0.996,1699,14,0.00824014125956445,0.45208504290391327,0.6294688089801181,0.6709233402120449,0.5654190123464655,0.23278177887971196,0.0001892491784199576,0.015531934379220517,Green
EWMA,GBPUSD,500,496,0.992,1699,15,0.008828722778104767,0.6205385084667663,0.605092557056003,0.7739505319495509,0.2451114201292497,0.26738321916027985,0.00018830988113501202,0.014620757806200937,Green
Moirai-1.1,GDAXI,125,125,1.0,1878,16,0.008519701810436636,0.5082663107491188,0.5999148834308521,0.7002068519570497,0.43763467737540207,0.27512429221519596,0.0005146897816623949,0.04258873685294142,Green
Moirai-1.1,GDAXI,250,249,0.996,1878,16,0.008519701810436636,0.5082663107491188,0.5999148834308521,0.7002068519570497,0.43763467737540207,0.27512429221519596,0.00047286568327034015,0.037220258328554474,Green
Moirai-1.1,GDAXI,500,496,0.992,1878,23,0.012247071352502662,0.3444318531660159,0.2850779219064063,0.36121070088331036,0.8938658193901823,1.142721844520537,0.00048972987913381,0.03608850575067308,Green
Lag-Llama,GDAXI,125,125,1.0,1878,14,0.007454739084132056,0.2456815397702922,0.6464420967530429,0.45883941500605674,1.3476946847173554,0.2104152923044751,0.00054546153101786,0.04433985532527922,Green
Lag-Llama,GDAXI,250,249,0.996,1878,16,0.008519701810436636,0.5082663107491188,0.5999148834308521,0.7002068519570497,0.43763467737540207,0.27512429221519596,0.0005017107568758967,0.03927154460083757,Green
Lag-Llama,GDAXI,500,496,0.992,1878,22,0.011714589989350373,0.46720486086410684,0.4700556667659994,0.591429912072744,0.5285790709428353,0.5218451179191561,0.0005007056000717315,0.03730740173823952,Green
GJR-GARCH,GDAXI,125,125,1.0,1956,16,0.0081799591002045,0.4035216809751323,0.6073467913089958,0.6182071820542538,0.697806630776542,0.26405663255218315,0.00041590065745452563,0.036510328053099936,Green
GJR-GARCH,GDAXI,250,249,0.996,1956,17,0.008691206543967281,0.5518069809275057,0.13737286763440623,0.2778659391669335,0.35408996567740747,2.2071430639541916,0.00040637581507308633,0.035346971368569555,Green
GJR-GARCH,GDAXI,500,496,0.992,1956,23,0.011758691206543968,0.4469158037516068,0.27270428198536584,0.41033651106124236,0.5784619905254056,1.2030934039466956,0.0004001844740937851,0.03254124093675308,Green
GJR-GARCH-t,GDAXI,125,125,1.0,1956,16,0.0081799591002045,0.4035216809751323,0.6073467913089958,0.6182071820542538,0.697806630776542,0.26405663255218315,0.0004250560406511645,0.0372579316353637,Green
GJR-GARCH-t,GDAXI,250,249,0.996,1956,14,0.007157464212678937,0.1831437150911471,0.08748386146474893,0.09575133933412949,1.7719275035154691,2.920073822875338,0.0004152910795488696,0.03603013700063674,Green
GJR-GARCH-t,GDAXI,500,496,0.992,1956,22,0.011247443762781187,0.5866980557835046,0.24699468710209527,0.44136784538226936,0.29553050508485335,1.340222764323272,0.00040282373891739387,0.0329744413450445,Green
GARCH-N,GDAXI,125,125,1.0,1956,16,0.0081799591002045,0.4035216809751323,0.6073467913089958,0.6182071820542538,0.697806630776542,0.26405663255218315,0.0004475903308359519,0.03825589923762727,Green
GARCH-N,GDAXI,250,249,0.996,1956,16,0.0081799591002045,0.4035216809751323,0.11939846723291057,0.20982104798860546,0.697806630776542,2.42519389719979,0.00044173133548260145,0.037064687542983414,Green
GARCH-N,GDAXI,500,496,0.992,1956,19,0.009713701431492843,0.8982544909684917,0.17732529157842192,0.399267174641005,0.016349884327572894,1.8198990667771398,0.0004190751431232805,0.033795335660853555,Green
Hist-Sim,GDAXI,125,125,1.0,1956,22,0.011247443762781187,0.5866980557835046,0.24699468710209527,0.44136784538226936,0.29553050508485335,1.340222764323272,0.0005288769812528216,0.04164858429206648,Green
Hist-Sim,GDAXI,250,249,0.996,1956,24,0.012269938650306749,0.3298689934215414,0.2995952106753641,0.36323561179962566,0.949412076146098,1.0759950977588915,0.0005664976463581054,0.04266177276533539,Green
Hist-Sim,GDAXI,500,496,0.992,1956,22,0.011247443762781187,0.5866980557835046,5.890310413347114e-05,0.00027014206075066347,0.29553050508485335,16.13759466772791,0.0005188467503336558,0.038518519860640754,Green
EWMA,GDAXI,125,125,1.0,1956,16,0.0081799591002045,0.4035216809751323,0.11939846723291057,0.20982104798860546,0.697806630776542,2.42519389719979,0.0004922324513942289,0.040864545293809264,Green
EWMA,GDAXI,250,249,0.996,1956,16,0.0081799591002045,0.4035216809751323,0.11939846723291057,0.20982104798860546,0.697806630776542,2.42519389719979,0.0004769716841163902,0.03880981459325472,Green
EWMA,GDAXI,500,496,0.992,1956,20,0.010224948875255624,0.9206452247455464,0.1992732864453854,0.4365691847562466,0.009924342744116355,1.6476924920424096,0.00044315477793092575,0.03348650259107553,Green
Moirai-1.1,GLD,125,125,1.0,1490,10,0.006711409395973154,0.17486465294156467,0.7130723565362196,0.37232728892031525,1.8407364704381886,0.1352275347386609,0.000520137941324864,0.043012179346353985,Green
Moirai-1.1,GLD,250,249,0.996,1490,10,0.006711409395973154,0.17486465294156467,0.7130723565362196,0.37232728892031525,1.8407364704381886,0.1352275347386609,0.000471573642670927,0.03710164638957765,Green
Moirai-1.1,GLD,500,496,0.992,1490,16,0.010738255033557046,0.7771608771414533,0.5554766928077284,0.8074704764055739,0.08010078457294956,0.3475967879881807,0.00047975570253114323,0.03400231464671993,Green
Lag-Llama,GLD,125,125,1.0,1490,9,0.006040268456375839,0.0973087284933734,0.740759604425544,0.23948036548859902,2.7491075594043366,0.10946013409621003,0.000517341750561149,0.043343807671140676,Green
Lag-Llama,GLD,250,249,0.996,1490,10,0.006711409395973154,0.17486465294156467,0.7130723565362196,0.37232728892031525,1.8407364704381886,0.1352275347386609,0.00046472823142961546,0.03745584884459946,Green
Lag-Llama,GLD,500,496,0.992,1490,15,0.010067114093959731,0.9792508377080181,0.5805805808247448,0.8581411278988325,0.0006764238783598664,0.305296992701102,0.0004833619332384106,0.03548694207188101,Green
GJR-GARCH,GLD,125,125,1.0,1569,12,0.0076481835564053535,0.3287151521186843,0.07820214813384549,0.13160973788982464,0.9539529212437703,3.1018756121666513,0.0004485889447178338,0.037845124543427734,Green
GJR-GARCH,GLD,250,249,0.996,1569,11,0.007010834926704908,0.20857007142078313,0.6934008427582627,0.41963237631309946,1.5813240945971065,0.15542839638538908,0.0004204437822149685,0.0335311319788756,Green
GJR-GARCH,GLD,500,496,0.992,1569,16,0.010197578075207138,0.9375084133911712,0.5657163573556581,0.8453328706179076,0.006146847833082947,0.3299027511060615,0.00040560461541297915,0.029370060873614993,Green
GJR-GARCH-t,GLD,125,125,1.0,1569,13,0.0082855321861058,0.4818265178829113,0.09439151127511605,0.19276524745346726,0.494726375235258,2.7978379544654786,0.0004408592729407677,0.03774218511474458,Green
GJR-GARCH-t,GLD,250,249,0.996,1569,10,0.006373486297004461,0.1219537346921221,0.720127489171152,0.28359460679134596,2.392048416750699,0.12837058617080288,0.0004187429265360711,0.033935697281374584,Green
GJR-GARCH-t,GLD,500,496,0.992,1569,15,0.009560229445506692,0.8600052422549438,0.5903703572259612,0.8517724421245731,0.031105492093773446,0.28976625697637814,0.0004021834235781837,0.029399294725638608,Green
GARCH-N,GLD,125,125,1.0,1569,9,0.0057361376673040155,0.06502313997602494,0.7471830709642034,0.1730539619851389,3.404390286484171,0.10391334177928968,0.0004583652428668706,0.0388584102896858,Green
GARCH-N,GLD,250,249,0.996,1569,11,0.007010834926704908,0.20857007142078313,0.6934008427582627,0.41963237631309946,1.5813240945971065,0.15542839638538908,0.0004348510913933996,0.0345535919154075,Green
GARCH-N,GLD,500,496,0.992,1569,16,0.010197578075207138,0.9375084133911712,0.5657163573556581,0.8453328706179076,0.006146847833082947,0.3299027511060615,0.00042062037554526987,0.029791033337340032,Green
Hist-Sim,GLD,125,125,1.0,1569,11,0.007010834926704908,0.20857007142078313,0.06367656236278314,0.08125753866465385,1.5813240945971065,3.438939262425791,0.0004972771105555425,0.04151870887543564,Green
Hist-Sim,GLD,250,249,0.996,1569,14,0.008922880815806247,0.6622653884495758,0.6154912540740458,0.8013002657549358,0.1907834124975878,0.25225566458928483,0.00047912955069365866,0.03687901089196265,Green
Hist-Sim,GLD,500,496,0.992,1569,16,0.010197578075207138,0.9375084133911712,0.1530323626904688,0.3591719324075653,0.006146847833082947,2.041761321735464,0.0004491535712462157,0.03117615972923058,Green
EWMA,GLD,125,125,1.0,1569,11,0.007010834926704908,0.20857007142078313,0.06367656236278314,0.08125753866465385,1.5813240945971065,3.438939262425791,0.0004760043797893834,0.04058128359236511,Green
EWMA,GLD,250,249,0.996,1569,10,0.006373486297004461,0.1219537346921221,0.720127489171152,0.28359460679134596,2.392048416750699,0.12837058617080288,0.00045378593788251395,0.03611210643305497,Green
EWMA,GLD,500,496,0.992,1569,13,0.0082855321861058,0.4818265178829113,0.6410543600786567,0.7004403112109153,0.494726375235258,0.21736587610632796,0.00043499749865009226,0.030690419888355802,Green
Moirai-1.1,HSI,125,125,1.0,1817,15,0.00825536598789213,0.4409024095237185,0.6171708012608704,0.6558006940328546,0.5939326355349532,0.24986407701021562,0.0006542500028875785,0.0550579896963775,Green
Moirai-1.1,HSI,250,249,0.996,1817,11,0.006053935057787562,0.06814047907792334,0.7142459870776148,0.17716667716748669,3.3272557691370803,0.1340728520576988,0.0006151887439397944,0.047025538973372756,Green
Moirai-1.1,HSI,500,496,0.992,1817,14,0.007705008255365988,0.3055872839097477,0.6409220769143773,0.5306805434927357,1.0496518440956413,0.21753825948425742,0.0005625354240878288,0.04159935106699332,Green
Lag-Llama,HSI,125,125,1.0,1817,17,0.009356081452944413,0.7803417728789721,0.5708308021016859,0.8191136348445447,0.07777052574746923,0.321294387192097,0.0006703007233464474,0.05494925802548202,Green
Lag-Llama,HSI,250,249,0.996,1817,16,0.008805723720418272,0.6014892674311303,0.5938004266940411,0.7568411530437095,0.27275557971150466,0.284448190333336,0.0005992539299789266,0.046729422321153895,Green
Lag-Llama,HSI,500,496,0.992,1817,17,0.009356081452944413,0.7803417728789721,0.5708308021016859,0.8191136348445447,0.07777052574746923,0.321294387192097,0.0005650062690592428,0.042380316773281974,Green
GJR-GARCH,HSI,125,125,1.0,1896,20,0.010548523206751054,0.8119407379992692,0.5136251210490962,0.7853380005530424,0.056607401935252266,0.42667475789909304,0.0006326912616107749,0.050787910526102584,Green
GJR-GARCH,HSI,250,249,0.996,1896,16,0.008438818565400843,0.48263806326710945,0.6016672244123897,0.6820225228779926,0.49289653632276487,0.2724886575496157,0.0005526893710151458,0.041150945837010594,Green
GJR-GARCH,HSI,500,496,0.992,1896,18,0.00949367088607595,0.8231671876720457,0.5568217868440728,0.8207073631960968,0.0499403006194048,0.345237044456951,0.0004997561473758402,0.03546307463930856,Green
GJR-GARCH-t,HSI,125,125,1.0,1896,20,0.010548523206751054,0.8119407379992692,0.5136251210490962,0.7853380005530424,0.056607401935252266,0.42667475789909304,0.0006272813567853237,0.05038816510287119,Green
GJR-GARCH-t,HSI,250,249,0.996,1896,16,0.008438818565400843,0.48263806326710945,0.6016672244123897,0.6820225228779926,0.49289653632276487,0.2724886575496157,0.0005514203118817756,0.04072033784646678,Green
GJR-GARCH-t,HSI,500,496,0.992,1896,18,0.00949367088607595,0.8231671876720457,0.5568217868440728,0.8207073631960968,0.0499403006194048,0.345237044456951,0.0004980550312727736,0.03515248540468559,Green
GARCH-N,HSI,125,125,1.0,1896,21,0.011075949367088608,0.6434662310044232,0.23029799140385032,0.4375218134625056,0.21423742907577026,1.4390200010932972,0.000633691251120295,0.050954569720641066,Green
GARCH-N,HSI,250,249,0.996,1896,17,0.008966244725738396,0.6451819395042546,0.1422707705541415,0.30647261627368333,0.2120287204126119,2.15322502141359,0.0005607260115427436,0.0422173428348472,Green
GARCH-N,HSI,500,496,0.992,1896,18,0.00949367088607595,0.8231671876720457,0.16225279247949956,0.3673199591299526,0.0499403006194048,1.953103674385261,0.0005232441765070133,0.037819410278985964,Green
Hist-Sim,HSI,125,125,1.0,1896,21,0.011075949367088608,0.6434662310044232,0.020355689121059742,0.0609510785728716,0.21423742907577026,5.3811300252922365,0.0006531717964376218,0.0508395349054468,Green
Hist-Sim,HSI,250,249,0.996,1896,19,0.010021097046413503,0.9926361307756667,0.0005891321693339773,0.002725656405729322,8.518131546775276e-05,11.810006812760719,0.0005966376126949641,0.044212510480599626,Green
Hist-Sim,HSI,500,496,0.992,1896,18,0.00949367088607595,0.8231671876720457,0.010370820418238067,0.03651608983480135,0.0499403006194048,6.570064295647228,0.0005579575400916497,0.039052281863907634,Green
EWMA,HSI,125,125,1.0,1896,20,0.010548523206751054,0.8119407379992692,0.5136251210490962,0.7853380005530424,0.056607401935252266,0.42667475789909304,0.0006184063454367981,0.050125715591903354,Green
EWMA,HSI,250,249,0.996,1896,14,0.007383966244725738,0.22990995325426813,0.6480230205925575,0.4382744148786273,1.4414183821208884,0.20840171147594333,0.0005431444328765343,0.041225139722798024,Green
EWMA,HSI,500,496,0.992,1896,18,0.00949367088607595,0.8231671876720457,0.16225279247949956,0.3673199591299526,0.0499403006194048,1.953103674385261,0.0004943675760956299,0.03622184858512324,Green
Moirai-1.1,IBGL,125,125,1.0,1260,9,0.007142857142857143,0.28273853150732475,0.7188459705312249,0.5263756038689534,1.153879370790321,0.12960111976718736,0.0002843387068159456,0.026048559109672624,Green
Moirai-1.1,IBGL,250,249,0.996,1260,11,0.00873015873015873,0.6433268379420354,0.659679813293416,0.8153277276230316,0.21441748632242064,0.1939127672513905,0.0002901819411633429,0.02578046292832069,Green
Moirai-1.1,IBGL,500,496,0.992,1260,13,0.010317460317460317,0.9102925989555312,0.6024791224883781,0.8676354026800632,0.012694411614354695,0.2712729795053974,0.00028920336653266124,0.024405899332817987,Green
Lag-Llama,IBGL,125,125,1.0,1260,14,0.011111111111111112,0.696948046133079,0.5747094060448682,0.7919427427633958,0.1516662948166725,0.31486607372681874,0.0002739294833580903,0.025085027263493834,Green
Lag-Llama,IBGL,250,249,0.996,1260,15,0.011904761904761904,0.5094375649113358,0.5475386451644981,0.6713372623126419,0.435222183239949,0.3617451005348755,0.0002754204441769218,0.024283115169812228,Green
Lag-Llama,IBGL,500,496,0.992,1260,12,0.009523809523809525,0.8640316671083094,0.6308145012727477,0.8779714223364419,0.02932461396117958,0.23095785497579868,0.0002786539425988871,0.024507711455989914,Green
GJR-GARCH,IBGL,125,125,1.0,1339,11,0.008215085884988798,0.49817458998641684,0.6693457874351594,0.7257166482294788,0.45882293586533596,0.18236832820646498,0.00023853029543917774,0.021494687371243833,Green
GJR-GARCH,IBGL,250,249,0.996,1339,11,0.008215085884988798,0.49817458998641684,0.6693457874351594,0.7257166482294788,0.45882293586533596,0.18236832820646498,0.00023214428791354188,0.021467610333625937,Green
GJR-GARCH,IBGL,500,496,0.992,1339,17,0.012696041822255415,0.34122693962204076,0.2099341472171474,0.2897176931731826,0.9058162255582554,1.5718803783410351,0.00023109662427021497,0.02037441227586385,Green
GJR-GARCH-t,IBGL,125,125,1.0,1339,13,0.009708737864077669,0.9142831065082346,0.6135077749706901,0.8751656018593237,0.011585870098792861,0.2550984324292074,0.00024621330097324845,0.02197649713331373,Green
GJR-GARCH-t,IBGL,250,249,0.996,1339,12,0.008961911874533234,0.6975617758556819,0.6411836030265294,0.8318450007352409,0.15102077053805818,0.2171975348811941,0.00023773339445113664,0.021660629801308787,Green
GJR-GARCH-t,IBGL,500,496,0.992,1339,18,0.01344286781179985,0.22898740388765546,0.23895528487146425,0.2424539795409118,1.4471400918075759,1.386746631598811,0.00023926471158170935,0.020580229660668022,Green
GARCH-N,IBGL,125,125,1.0,1339,12,0.008961911874533234,0.6975617758556819,0.09359120226853476,0.22735168678259682,0.15102077053805818,2.811493588297509,0.00024142185725510346,0.021633829376476996,Green
GARCH-N,IBGL,250,249,0.996,1339,12,0.008961911874533234,0.6975617758556819,0.09359120226853476,0.22735168678259682,0.15102077053805818,2.811493588297509,0.00023309157531976833,0.021347814110713695,Green
GARCH-N,IBGL,500,496,0.992,1339,14,0.010455563853622106,0.8679165799723042,0.13425835264459388,0.32138682257064,0.027657501567488252,2.242562151653715,0.00023451147015025864,0.02056722371228709,Green
Hist-Sim,IBGL,125,125,1.0,1339,16,0.01194921583271098,0.486742025210396,0.18278306432144503,0.32326436917671697,0.4837202188695251,1.7748494013477796,0.0002376167087828214,0.020768248760251413,Green
Hist-Sim,IBGL,250,249,0.996,1339,21,0.01568334578043316,0.05362383260397238,0.41314497089103464,0.11113034893585398,3.7243706493783595,0.6697322544228541,0.00024102801417633283,0.02057321439950894,Green
Hist-Sim,IBGL,500,496,0.992,1339,19,0.014189693801344288,0.14718875466080727,0.4593806439352316,0.2659957873795304,2.1011463004557474,0.5474033140340566,0.0002496268054263762,0.021147379969712936,Green
EWMA,IBGL,125,125,1.0,1339,12,0.008961911874533234,0.6975617758556819,0.6411836030265294,0.8318450007352409,0.15102077053805818,0.2171975348811941,0.00023597623364283996,0.02168318754339649,Green
EWMA,IBGL,250,249,0.996,1339,9,0.006721433905899925,0.19985717895087884,0.7269859770089198,0.4136821148058637,1.6434177832176493,0.12189709424049511,0.00023205645873867862,0.02184228658090011,Green
EWMA,IBGL,500,496,0.992,1339,15,0.011202389843166542,0.664404389643186,0.5597464938558278,0.7678350182449771,0.1882174357538151,0.3401433420563933,0.00022980286300152355,0.020629315631066417,Green
Moirai-1.1,ICLN,125,125,1.0,1219,9,0.007383100902378999,0.33554459988411617,0.7143240232817398,0.5882000033029533,0.9273802196749568,0.13399627481881282,0.0006514557946585915,0.05542273588208237,Green
Moirai-1.1,ICLN,250,249,0.996,1219,9,0.007383100902378999,0.33554459988411617,0.7143240232817398,0.5882000033029533,0.9273802196749568,0.13399627481881282,0.0006112525175694633,0.05087904965171615,Green
Moirai-1.1,ICLN,500,496,0.992,1219,11,0.009023789991796555,0.7276090799380028,0.6543176629195913,0.8513694744769466,0.12131828336254724,0.2004998757541614,0.0006303073827391918,0.0483097710915271,Green
Lag-Llama,ICLN,125,125,1.0,1219,11,0.009023789991796555,0.7276090799380028,0.6543176629195913,0.8513694744769466,0.12131828336254724,0.2004998757541614,0.0006635832340748959,0.05514480095412917,Green
Lag-Llama,ICLN,250,249,0.996,1219,11,0.009023789991796555,0.7276090799380028,0.6543176629195913,0.8513694744769466,0.12131828336254724,0.2004998757541614,0.0006226234368455547,0.05141625493706171,Green
Lag-Llama,ICLN,500,496,0.992,1219,12,0.009844134536505332,0.9562700191283643,0.6250669841153347,0.8861151355491578,0.0030068630796948326,0.23880991090041448,0.0006126487433514501,0.0501336666061634,Green
GJR-GARCH,ICLN,125,125,1.0,1297,12,0.009252120277563608,0.7839721550177845,0.6357811313682343,0.8609410221252952,0.07515622162243085,0.22430233072626038,0.000632946968479357,0.05336624364760057,Green
GJR-GARCH,ICLN,250,249,0.996,1297,7,0.005397070161912105,0.06788185358159222,0.7827536836739974,0.18181432991511942,3.3335102535376784,0.07602830232168856,0.0005997791523518369,0.049488224883453585,Green
GJR-GARCH,ICLN,500,496,0.992,1297,14,0.01079414032382421,0.7765673219946699,0.5802824125828769,0.8243508785096838,0.08053972384614694,0.30577830870515754,0.000575436571972503,0.04453050065831821,Green
GJR-GARCH-t,ICLN,125,125,1.0,1297,11,0.008481110254433308,0.5724146950278559,0.6643109061452956,0.7760843706185001,0.31865893098900244,0.18832914838142756,0.0006453938213697548,0.05384599374829955,Green
GJR-GARCH-t,ICLN,250,249,0.996,1297,11,0.008481110254433308,0.5724146950278559,0.6643109061452956,0.7760843706185001,0.31865893098900244,0.18832914838142756,0.0006208934862185546,0.049545074835919516,Green
GJR-GARCH-t,ICLN,500,496,0.992,1297,11,0.008481110254433308,0.5724146950278559,0.6643109061452956,0.7760843706185001,0.31865893098900244,0.18832914838142756,0.0005792304086950583,0.04336870299099682,Green
GARCH-N,ICLN,125,125,1.0,1297,12,0.009252120277563608,0.7839721550177845,0.6357811313682343,0.8609410221252952,0.07515622162243085,0.22430233072626038,0.0006389172497110056,0.05412635877992496,Green
GARCH-N,ICLN,250,249,0.996,1297,9,0.006939090208172706,0.2409884843489086,0.7227477570573899,0.4722065655173978,1.374802348835603,0.1258751518133323,0.0006229985661540283,0.051063962156116804,Green
GARCH-N,ICLN,500,496,0.992,1297,15,0.01156515034695451,0.5804255895405999,0.5533803635194758,0.7200593754378269,0.305547124529018,0.3512960844435611,0.0005912546573934006,0.04613566255659403,Green
Hist-Sim,ICLN,125,125,1.0,1297,13,0.010023130300693909,0.9933226666445091,0.6077601048377985,0.8765515187346751,7.00383865090276e-05,0.2634495587259096,0.0006414168967294552,0.051861743881658456,Green
Hist-Sim,ICLN,250,249,0.996,1297,13,0.010023130300693909,0.9933226666445091,0.6077601048377985,0.8765515187346751,7.00383865090276e-05,0.2634495587259096,0.0006126621587534568,0.04748559889891461,Green
Hist-Sim,ICLN,500,496,0.992,1297,17,0.013107170393215111,0.28309130252478104,0.0009002959831205834,0.002271830009638586,1.1521893885917436,11.022149812655641,0.0006453680386101884,0.04441465047477361,Green
EWMA,ICLN,125,125,1.0,1297,10,0.007710100231303007,0.387813600448507,0.6933126945365644,0.6372110036075846,0.7457863021302709,0.15552256268570375,0.0006185644286751783,0.05293290450000614,Green
EWMA,ICLN,250,249,0.996,1297,8,0.006168080185042405,0.13552453701657083,0.7525755074038859,0.3123233570127868,2.2280529333829566,0.09937952098313474,0.0006006627470929522,0.049882317622382905,Green
EWMA,ICLN,500,496,0.992,1297,12,0.009252120277563608,0.7839721550177845,0.6357811313682343,0.8609410221252952,0.07515622162243085,0.22430233072626038,0.0005678521791897178,0.045909175275311936,Green
Moirai-1.1,NIFTY,125,125,1.0,1242,8,0.00644122383252818,0.17755091686237362,0.7473015025731683,0.3825450546718188,1.8180051159048984,0.10381256941622041,0.0003592223530415402,0.029478938322456755,Green
Moirai-1.1,NIFTY,250,249,0.996,1242,10,0.008051529790660225,0.4750089586706491,0.06619972581251128,0.1433363769636143,0.5103001353030665,3.37482211381338,0.000331783555426224,0.026409919272608613,Green
Moirai-1.1,NIFTY,500,496,0.992,1242,8,0.00644122383252818,0.17755091686237362,0.03880518370264973,0.04765868314996593,1.8180051159048984,4.269375759659297,0.0003254742966885284,0.026115530646555113,Green
Lag-Llama,NIFTY,125,125,1.0,1242,12,0.00966183574879227,0.9041233855520011,0.6283238635675723,0.8830045774102355,0.014509206073867742,0.2343405828492564,0.0003406086221362257,0.028996146039935562,Green
Lag-Llama,NIFTY,250,249,0.996,1242,11,0.008856682769726247,0.6796167282729123,0.6573565600274179,0.832223625498232,0.1705575970817308,0.19675059017639285,0.0003371022201266525,0.02933209027601598,Green
Lag-Llama,NIFTY,500,496,0.992,1242,8,0.00644122383252818,0.17755091686237362,0.7473015025731683,0.3825450546718188,1.8180051159048984,0.10381256941622041,0.0003437651244552583,0.02980894133720502,Green
GJR-GARCH,NIFTY,125,125,1.0,1320,16,0.012121212121212121,0.45349401049172533,0.5307532125415257,0.6203777303270666,0.5619042419723952,0.3929492460132735,0.00036209729974105936,0.029293375648734504,Green
GJR-GARCH,NIFTY,250,249,0.996,1320,11,0.008333333333333333,0.530921563765278,0.6670962971916797,0.7491452234215477,0.39262737758741295,0.18501747143400848,0.0003171804789824919,0.02532525932887116,Green
GJR-GARCH,NIFTY,500,496,0.992,1320,11,0.008333333333333333,0.530921563765278,0.6670962971916797,0.7491452234215477,0.39262737758741295,0.18501747143400848,0.00031958450769532657,0.024477725463853392,Green
GJR-GARCH-t,NIFTY,125,125,1.0,1320,17,0.012878787878787878,0.31419903062204224,0.5052244794916443,0.4826596324368859,1.0129421107777334,0.44394502620480125,0.0003536751074289422,0.02848718161874242,Green
GJR-GARCH-t,NIFTY,250,249,0.996,1320,11,0.008333333333333333,0.530921563765278,0.6670962971916797,0.7491452234215477,0.39262737758741295,0.18501747143400848,0.0003050104398018256,0.02428174243723658,Green
GJR-GARCH-t,NIFTY,500,496,0.992,1320,9,0.006818181818181818,0.2176764560355809,0.7250929001761319,0.4397080172924305,1.5196236438398287,0.12366509498112066,0.00030607092192214553,0.024286740000134324,Green
GARCH-N,NIFTY,125,125,1.0,1320,15,0.011363636363636364,0.6260309653028315,0.5569003027387343,0.7472984595947987,0.2374816232800332,0.34509963540452304,0.00036013622913971946,0.029109067431419305,Green
GARCH-N,NIFTY,250,249,0.996,1320,12,0.00909090909090909,0.7360181886955317,0.6387695234813197,0.8461943975359811,0.11365727593516128,0.22035504696643216,0.0003117561928480534,0.025429107419113087,Green
GARCH-N,NIFTY,500,496,0.992,1320,11,0.008333333333333333,0.530921563765278,0.6670962971916797,0.7491452234215477,0.39262737758741295,0.18501747143400848,0.0003199900633933751,0.025270301865685078,Green
Hist-Sim,NIFTY,125,125,1.0,1320,20,0.015151515151515152,0.08043632323558476,0.4325814332014162,0.15945826347210348,3.0560634375205407,0.6158826865201945,0.00040072986029719964,0.030082715518207664,Green
Hist-Sim,NIFTY,250,249,0.996,1320,21,0.015909090909090907,0.04694147680390801,0.40974634662186293,0.09891338103662942,3.9474849211983614,0.6795365805097333,0.00033630280574797677,0.023551255366541957,Green
Hist-Sim,NIFTY,500,496,0.992,1320,15,0.011363636363636364,0.6260309653028315,0.5569003027387343,0.7472984595947987,0.2374816232800332,0.34509963540452304,0.00034591024499895683,0.02613692135070577,Green
EWMA,NIFTY,125,125,1.0,1320,13,0.009848484848484848,0.9557682576070098,0.6109390285153156,0.8772677249314333,0.0030763321597221394,0.25880978706913993,0.0003573238463543459,0.029060650427496115,Green
EWMA,NIFTY,250,249,0.996,1320,11,0.008333333333333333,0.530921563765278,0.6670962971916797,0.7491452234215477,0.39262737758741295,0.18501747143400848,0.0003068021132547416,0.025219149316997955,Green
EWMA,NIFTY,500,496,0.992,1320,10,0.007575757575757576,0.3550868915644527,0.6958833850732291,0.6041140075751421,0.8551948149337232,0.15278987425764967,0.0003108635343256819,0.02514100864340933,Green
Moirai-1.1,NIKKEI,125,125,1.0,1806,16,0.008859357696566999,0.6193188219306165,0.13063421828320093,0.28198853821316144,0.24682612273948346,2.2849515842689527,0.0005546499982948315,0.04669738416648696,Green
Moirai-1.1,NIKKEI,250,249,0.996,1806,12,0.006644518272425249,0.12694371487797707,0.06667971322164065,0.05806432971620422,2.329486892359302,3.3629206077033587,0.000519445567628598,0.04374938551239733,Green
Moirai-1.1,NIKKEI,500,496,0.992,1806,15,0.008305647840531562,0.4559762202869133,0.11246244625392252,0.21491489231830144,0.5557536967466916,2.51927266106523,0.0005168039163444525,0.04162990265731855,Green
Lag-Llama,NIKKEI,125,125,1.0,1806,19,0.010520487264673311,0.8255304781454543,0.5248958661320905,0.7973769044449063,0.04859267140835133,0.4042629446512933,0.0005153370078770572,0.043458000999770624,Green
Lag-Llama,NIKKEI,250,249,0.996,1806,16,0.008859357696566999,0.6193188219306165,0.5926678110751802,0.7660470630280464,0.24682612273948346,0.2861972195495355,0.00048176364170937776,0.04221488919775703,Green
Lag-Llama,NIKKEI,500,496,0.992,1806,14,0.007751937984496124,0.317496838923319,0.6398989354881343,0.5438660446891695,0.9992302401635866,0.21887436749398148,0.00046840680618270446,0.039717331914585055,Green
GJR-GARCH,NIKKEI,125,125,1.0,1884,14,0.0074309978768577496,0.24033116552752382,0.0912765288664635,0.12061126002061733,1.3786504092639955,2.85171485548733,0.0004973368122841454,0.042101104632977636,Green
GJR-GARCH,NIKKEI,250,249,0.996,1884,12,0.006369426751592357,0.08972844632650663,0.06356147750584829,0.042401002615196214,2.8792384890656013,3.4419280518123685,0.0004653356840790781,0.03945768770524449,Green
GJR-GARCH,NIKKEI,500,496,0.992,1884,18,0.009554140127388535,0.8446424291590597,0.16341072029286394,0.37143246744814995,0.038399843494116626,1.9423765861047002,0.0004938250157983046,0.0381820881946356,Green
GJR-GARCH-t,NIKKEI,125,125,1.0,1884,14,0.0074309978768577496,0.24033116552752382,0.0912765288664635,0.12061126002061733,1.3786504092639955,2.85171485548733,0.0005091831456072439,0.04321670131715442,Green
GJR-GARCH-t,NIKKEI,250,249,0.996,1884,12,0.006369426751592357,0.08972844632650663,0.06356147750584829,0.042401002615196214,2.8792384890656013,3.4419280518123685,0.0004762813334058602,0.040491269238244525,Green
GJR-GARCH-t,NIKKEI,500,496,0.992,1884,16,0.008492569002123142,0.499626987879367,0.12455588840899769,0.24477822403659627,0.45572865327482237,2.359076719524154,0.0004965239343606129,0.038171852694565134,Green
GARCH-N,NIKKEI,125,125,1.0,1884,17,0.009023354564755838,0.6648620255546867,0.14328974627033172,0.3119318757735592,0.18767112966279864,2.142269794124047,0.0005337768455826826,0.043784073116376644,Green
GARCH-N,NIKKEI,250,249,0.996,1884,16,0.008492569002123142,0.499626987879367,0.12455588840899769,0.24477822403659627,0.45572865327482237,2.359076719524154,0.0004971820870052956,0.041122228614742344,Green
GARCH-N,NIKKEI,500,496,0.992,1884,19,0.010084925690021231,0.9704881688791401,0.18490404179155293,0.4149634557162968,0.0013687064489260048,1.7577609358386042,0.0004929861202103277,0.03774329646720655,Green
Hist-Sim,NIKKEI,125,125,1.0,1884,22,0.01167728237791932,0.47600380555284105,0.25737729612190097,0.40844123699754953,0.5080048811055233,1.2828095703120255,0.0006056485176576882,0.04673260728005861,Green
Hist-Sim,NIKKEI,250,249,0.996,1884,28,0.014861995753715499,0.04789959874926245,0.007350846651234936,0.003890027678268804,3.9135050606254573,7.185172951656341,0.0005896999210341632,0.04446515627264721,Green
Hist-Sim,NIKKEI,500,496,0.992,1884,21,0.011146496815286623,0.6233483165588036,0.020625177897046192,0.06082895353537995,0.24118949393836875,5.3581892938581746,0.0005678434482138386,0.04233848966986996,Green
EWMA,NIKKEI,125,125,1.0,1884,19,0.010084925690021231,0.9704881688791401,0.18490404179155293,0.4149634557162968,0.0013687064489260048,1.7577609358386042,0.0005542925332963712,0.04526975167520391,Green
EWMA,NIKKEI,250,249,0.996,1884,14,0.0074309978768577496,0.24033116552752382,0.0912765288664635,0.12061126002061733,1.3786504092639955,2.85171485548733,0.0005147806172598162,0.04244435030865819,Green
EWMA,NIKKEI,500,496,0.992,1884,18,0.009554140127388535,0.8446424291590597,0.16341072029286394,0.37143246744814995,0.038399843494116626,1.9423765861047002,0.0004938668512486824,0.037322521175154263,Green
Moirai-1.1,SP500,125,125,1.0,1858,15,0.008073196986006458,0.387778335464532,0.621115836670126,0.6095100991970944,0.7458971467032933,0.24430237440790847,0.0005123046408849432,0.0419916619443644,Green
Moirai-1.1,SP500,250,249,0.996,1858,21,0.011302475780409042,0.5804381747075245,0.48823999745586477,0.6750525626624224,0.3055268090388612,0.48040263202187816,0.0004819540417809911,0.03753152519708676,Green
Moirai-1.1,SP500,500,496,0.992,1858,23,0.012378902045209902,0.3203738482326749,0.03136912022932575,0.06020296663791735,0.987419670983968,4.632647625379917,0.0005025808431170541,0.03778809899159871,Green
Lag-Llama,SP500,125,125,1.0,1858,18,0.00968783638320775,0.8918685295059561,0.5527739994903695,0.8307508116806493,0.018479746892831495,0.35237104251174856,0.0004591209751453634,0.03882350842944542,Green
Lag-Llama,SP500,250,249,0.996,1858,20,0.010764262648008612,0.7436342291339444,0.5093018389016152,0.7624413591693284,0.10695810403866668,0.4355012548921877,0.0004652947774070585,0.03751608541559586,Green
Lag-Llama,SP500,500,496,0.992,1858,17,0.00914962325080732,0.7085838731700612,0.5751538579340749,0.796988345964424,0.13969554131034245,0.3141349040440957,0.00046703423641722804,0.03610511893030706,Green
GJR-GARCH,SP500,125,125,1.0,1937,16,0.008260196179659268,0.4275230929385385,0.6055745295141747,0.638836809218968,0.629542730537147,0.2666697531721809,0.00042738616212148494,0.0363536646257693,Green
GJR-GARCH,SP500,250,249,0.996,1937,15,0.007743933918430563,0.29876630027723533,0.6283863282571253,0.5184176634931639,1.079692749101171,0.23425537375516114,0.0004010654237952343,0.03440615221177185,Green
GJR-GARCH,SP500,500,496,0.992,1937,20,0.010325245224574084,0.8862078044958885,0.20144661971402558,0.437723828723942,0.02047884230680519,1.6318553486924259,0.0003779993592027206,0.031084351917424435,Green
GJR-GARCH-t,SP500,125,125,1.0,1937,17,0.008776458440887971,0.5804452773411308,0.5831295537038279,0.7383340516097383,0.305515344067012,0.30120248060623567,0.00044004189206227627,0.037447846124419065,Green
GJR-GARCH-t,SP500,250,249,0.996,1937,14,0.007227671657201859,0.19702164275847295,0.6515464340489369,0.39292527639832314,1.6643156252052513,0.2039560179590012,0.0004132419460666907,0.03563035866376325,Green
GJR-GARCH-t,SP500,500,496,0.992,1937,19,0.00980898296334538,0.9324512826345664,0.539408942480158,0.8253808317336461,0.007184452020539189,0.37663631785130747,0.0003899093572514932,0.03198701038614527,Green
GARCH-N,SP500,125,125,1.0,1937,15,0.007743933918430563,0.29876630027723533,0.6283863282571253,0.5184176634931639,1.079692749101171,0.23425537375516114,0.00042483230491450753,0.03603484287393926,Green
GARCH-N,SP500,250,249,0.996,1937,13,0.006711409395973154,0.12188285532387427,0.07435513667874698,0.0615097581949923,2.392957411569645,3.1841614822685926,0.000398369243252367,0.03410660197505679,Green
GARCH-N,SP500,500,496,0.992,1937,19,0.00980898296334538,0.9324512826345664,0.179268332482318,0.4043672299048534,0.007184452020539189,1.8036792059486402,0.00038915174762604827,0.031121175668864895,Green
Hist-Sim,SP500,125,125,1.0,1937,31,0.01600413009808983,0.014576856192287047,0.5217486419063155,0.04122669113842304,5.966903468516069,0.4104353099256173,0.000508121706981552,0.039205916365495364,Yellow
Hist-Sim,SP500,250,249,0.996,1937,39,0.020134228187919462,8.125543269087508e-05,0.007480462261238305,1.1871906006506208e-05,15.528854695211784,7.153816882412855,0.0006079164388302231,0.044239355858258986,Yellow
Hist-Sim,SP500,500,496,0.992,1937,25,0.012906556530717605,0.21852018770375267,0.00018844114969319905,0.0004400968062912256,1.5140627776914393,13.942968904215206,0.0005858221079063786,0.040766883998391734,Green
EWMA,SP500,125,125,1.0,1937,17,0.008776458440887971,0.5804452773411308,0.5831295537038279,0.7383340516097383,0.305515344067012,0.30120248060623567,0.00042453286250256517,0.03689199439433602,Green
EWMA,SP500,250,249,0.996,1937,18,0.009292720702116675,0.7515362724591488,0.1584096678291819,0.3517644698628758,0.10024462442202298,1.9893422696825382,0.00042709655011450193,0.03688990434693319,Green
EWMA,SP500,500,496,0.992,1937,22,0.011357769747031492,0.556639846510903,0.24965824649872784,0.4337073244666608,0.3455555959289862,1.3252150839873593,0.00042712357002167164,0.033696949503583644,Green
Moirai-1.1,STOXX,125,125,1.0,1532,10,0.006527415143603133,0.14470888430967757,0.7168886421515571,0.3232512257419176,2.127157552302439,0.1314933865089074,0.0004200426202850317,0.035521733792441126,Green
Moirai-1.1,STOXX,250,249,0.996,1532,11,0.007180156657963447,0.24276127164566866,0.6898831251244214,0.4668021821840431,1.3644874915779184,0.1592119160373784,0.00040466020845520605,0.03406635044606753,Green
Moirai-1.1,STOXX,500,496,0.992,1532,10,0.006527415143603133,0.14470888430967757,0.05218306314082514,0.052417027006877066,2.127157552302439,3.7698900428141826,0.0003754798791451732,0.0324034809022749,Green
Lag-Llama,STOXX,125,125,1.0,1532,13,0.008485639686684074,0.5407821732046525,0.6370174485159448,0.7420207523812541,0.37409201774130363,0.2226641183328013,0.00035931098231198875,0.03145309888553412,Green
Lag-Llama,STOXX,250,249,0.996,1532,15,0.0097911227154047,0.9342859243899351,0.5858711456751593,0.8591441018324495,0.006798614835063388,0.29683861663014,0.0003295912592511239,0.02915733957679448,Green
Lag-Llama,STOXX,500,496,0.992,1532,10,0.006527415143603133,0.14470888430967757,0.7168886421515571,0.3232512257419176,2.127157552302439,0.1314933865089074,0.0003353745605241743,0.03015202469409883,Green
GJR-GARCH,STOXX,125,125,1.0,1611,15,0.00931098696461825,0.7785583301856454,0.006477837039501515,0.023619059019872716,0.07907246800901291,7.412330146560038,0.0003779780109462793,0.03166798962268138,Green
GJR-GARCH,STOXX,250,249,0.996,1611,10,0.006207324643078833,0.09995411690094261,0.049294695672786326,0.037411305478913984,2.706275401823275,3.8652892675932407,0.00035055491591389105,0.03032527996043352,Green
GJR-GARCH,STOXX,500,496,0.992,1611,15,0.00931098696461825,0.7785583301856454,0.006477837039501515,0.023619059019872716,0.07907246800901291,7.412330146560038,0.00033544910804709106,0.027488891497934334,Green
GJR-GARCH-t,STOXX,125,125,1.0,1611,15,0.00931098696461825,0.7785583301856454,0.12793969039030745,0.30173689338088305,0.07907246800901291,2.317327242601607,0.0003804178553804851,0.03216763688388712,Green
GJR-GARCH-t,STOXX,250,249,0.996,1611,11,0.006828057107386716,0.17467382536616385,0.061798482007762494,0.06957099991807723,1.8423665574875763,3.4884483751437187,0.0003467692040445049,0.029681134979808833,Green
GJR-GARCH-t,STOXX,500,496,0.992,1611,12,0.0074487895716946,0.28109727679331303,0.07589574871768856,0.11576140363864307,1.161777164897881,3.1506709777265485,0.0003324403933057715,0.027760182432306206,Green
GARCH-N,STOXX,125,125,1.0,1611,12,0.0074487895716946,0.28109727679331303,0.002343277832136659,0.005459271052630538,1.161777164897881,9.259102845066877,0.00038789168620240936,0.033137743072637525,Green
GARCH-N,STOXX,250,249,0.996,1611,8,0.004965859714463066,0.024467417139318437,0.02892811490338151,0.007324439484170027,5.06119105902777,4.771886236850833,0.0003624371323365335,0.03147603055664525,Green
GARCH-N,STOXX,500,496,0.992,1611,15,0.00931098696461825,0.7785583301856454,0.006477837039501515,0.023619059019872716,0.07907246800901291,7.412330146560038,0.00032795677524507285,0.027719939440845897,Green
Hist-Sim,STOXX,125,125,1.0,1611,17,0.010552451893234015,0.8251933439099742,0.17079630557085826,0.381989600815634,0.04878373456854734,1.8759400529151264,0.00046957216255751505,0.0385265976942641,Green
Hist-Sim,STOXX,250,249,0.996,1611,19,0.011793916821849782,0.4816196298242357,0.22004748641233077,0.3680164666566454,0.49519366859078406,1.5040615223386453,0.0004959128406728816,0.04054089153260166,Green
Hist-Sim,STOXX,500,496,0.992,1611,14,0.008690254500310366,0.5888970975137486,0.00012197988044008743,0.0005383781531037426,0.2920699555155024,14.761828760288097,0.0004156486608680203,0.03382517710027415,Green
EWMA,STOXX,125,125,1.0,1611,10,0.006207324643078833,0.09995411690094261,0.7236727471780123,0.24277065016224056,2.706275401823275,0.12500081381493544,0.000444216925476905,0.037292401597542435,Green
EWMA,STOXX,250,249,0.996,1611,10,0.006207324643078833,0.09995411690094261,0.7236727471780123,0.24277065016224056,2.706275401823275,0.12500081381493544,0.0004098461930198535,0.034506402757554795,Green
EWMA,STOXX,500,496,0.992,1611,11,0.006828057107386716,0.17467382536616385,0.001565344720565107,0.002681933944915827,1.8423665574875763,10.000067689443497,0.00035100960887423765,0.02943997927198694,Green
Moirai-1.1,TLT,125,125,1.0,1665,15,0.009009009009009009,0.6793569199612256,0.6013954100496643,0.8010166597605751,0.17085064109866988,0.27289642575678386,0.00037231844495156914,0.03232242938415939,Green
Moirai-1.1,TLT,250,249,0.996,1665,12,0.007207207207207207,0.2280440261238457,0.6762869564997402,0.4432250121090803,1.4530197461753973,0.17433567357920765,0.0004141239377324021,0.03467523301103532,Green
Moirai-1.1,TLT,500,496,0.992,1665,17,0.01021021021021021,0.9315373452648646,0.5535773549741734,0.8359687900112271,0.007380661413548983,0.3509473368199849,0.00035868078263850945,0.028176349017700626,Green
Lag-Llama,TLT,125,125,1.0,1665,11,0.006606606606606606,0.13800935101245262,0.7019981470700527,0.3093727168043515,2.200015486922668,0.14640156450283826,0.00032864237612452045,0.029742907590946707,Green
Lag-Llama,TLT,250,249,0.996,1665,11,0.006606606606606606,0.13800935101245262,0.7019981470700527,0.3093727168043515,2.200015486922668,0.14640156450283826,0.00031413418442851747,0.02873311694323299,Green
Lag-Llama,TLT,500,496,0.992,1665,14,0.008408408408408409,0.5021558782526264,0.6259604673881235,0.7089445894330867,0.45037720898590106,0.23757860827598165,0.0003209947335288158,0.02849298121656251,Green
GJR-GARCH,TLT,125,125,1.0,1744,15,0.008600917431192661,0.5474196566761789,0.6098317990120725,0.7325746600591749,0.3619600993257599,0.2604199372531468,0.0002900532827841308,0.026351978810217575,Green
GJR-GARCH,TLT,250,249,0.996,1744,16,0.009174311926605505,0.7252536745738665,0.5861025941401101,0.8105897206775323,0.12351438736985143,0.29647210462309204,0.0002848786219703391,0.0258285635251996,Green
GJR-GARCH,TLT,500,496,0.992,1744,16,0.009174311926605505,0.7252536745738665,0.5861025941401101,0.8105897206775323,0.12351438736985143,0.29647210462309204,0.00027705917250504656,0.02386513912152983,Green
GJR-GARCH-t,TLT,125,125,1.0,1744,15,0.008600917431192661,0.5474196566761789,0.6098317990120725,0.7325746600591749,0.3619600993257599,0.2604199372531468,0.0002908317398467483,0.026463007756709137,Green
GJR-GARCH-t,TLT,250,249,0.996,1744,15,0.008600917431192661,0.5474196566761789,0.6098317990120725,0.7325746600591749,0.3619600993257599,0.2604199372531468,0.0002866147372580047,0.025917438830243146,Green
GJR-GARCH-t,TLT,500,496,0.992,1744,17,0.00974770642201835,0.9153148533248209,0.5627974142723255,0.8410571485082354,0.011307590518365163,0.3348837460336256,0.0002776730461189215,0.023939870328342102,Green
GARCH-N,TLT,125,125,1.0,1744,15,0.008600917431192661,0.5474196566761789,0.6098317990120725,0.7325746600591749,0.3619600993257599,0.2604199372531468,0.0002941374023966941,0.02646604709785203,Green
GARCH-N,TLT,250,249,0.996,1744,18,0.010321100917431193,0.8933498568366695,0.5399356763691648,0.8213413919757852,0.017973871434268096,0.37565899133801395,0.0002886407805015579,0.02589958139112359,Green
GARCH-N,TLT,500,496,0.992,1744,19,0.010894495412844037,0.7113147980718373,0.5175354382056765,0.7573842109089874,0.13696723867954397,0.4188019816569408,0.00027859994097704274,0.02424434638133496,Green
Hist-Sim,TLT,125,125,1.0,1744,16,0.009174311926605505,0.7252536745738665,0.13587560952242048,0.309194233824187,0.12351438736985143,2.224056834901262,0.00036612471719179495,0.030184357861089212,Green
Hist-Sim,TLT,250,249,0.996,1744,18,0.010321100917431193,0.8933498568366695,0.01235309706043166,0.04333809431804866,0.017973871434268096,6.259472637269255,0.00040585483051427463,0.03253319262400969,Green
Hist-Sim,TLT,500,496,0.992,1744,16,0.009174311926605505,0.7252536745738665,0.0073218580461900966,0.025786898545549303,0.12351438736985143,7.192263061319977,0.00037242668620630963,0.02748138707609476,Green
EWMA,TLT,125,125,1.0,1744,19,0.010894495412844037,0.7113147980718373,0.5175354382056765,0.7573842109089874,0.13696723867954397,0.4188019816569408,0.00031596959236501927,0.027847800240361202,Green
EWMA,TLT,250,249,0.996,1744,13,0.007454128440366973,0.26313947434278867,0.6584781050505166,0.48492015807711897,1.2521644869383026,0.19537756129736294,0.00030207999153971515,0.02713130596534986,Green
EWMA,TLT,500,496,0.992,1744,19,0.010894495412844037,0.7113147980718373,0.5175354382056765,0.7573842109089874,0.13696723867954397,0.4188019816569408,0.00029075782259192946,0.024845741612952527,Green
Moirai-1.1,UNG,125,125,1.0,1309,13,0.009931245225362872,0.9800315855100578,0.6094283217688568,0.877378007927202,0.0006264663225843403,0.2610082449010065,0.0016435603137990322,0.13615261405241003,Green
Moirai-1.1,UNG,250,249,0.996,1309,15,0.01145912910618793,0.6040940860076642,0.5552272133177347,0.7345844028704074,0.2688651069217869,0.3480356490009342,0.0013988693684238989,0.11047339703779285,Green
Moirai-1.1,UNG,500,496,0.992,1309,10,0.007639419404125287,0.3704685459991863,0.6946620121202235,0.6199673229971238,0.8020922851390617,0.15408472921153304,0.0013495823597211595,0.10888917366802035,Green
Lag-Llama,UNG,125,125,1.0,1309,15,0.01145912910618793,0.6040940860076642,0.5552272133177347,0.7345844028704074,0.2688651069217869,0.3480356490009342,0.0014950565986226988,0.12302022760485634,Green
Lag-Llama,UNG,250,249,0.996,1309,15,0.01145912910618793,0.6040940860076642,0.5552272133177347,0.7345844028704074,0.2688651069217869,0.3480356490009342,0.0013965079044660751,0.1148956785722161,Green
Lag-Llama,UNG,500,496,0.992,1309,13,0.009931245225362872,0.9800315855100578,0.6094283217688568,0.877378007927202,0.0006264663225843403,0.2610082449010065,0.0013411082909893593,0.10555279368261446,Green
GJR-GARCH,UNG,125,125,1.0,1387,11,0.007930785868781542,0.4216652856639086,0.6748319202687816,0.6630959423401382,0.6456693023261151,0.1760018773812817,0.0013899614587491336,0.11596009414800333,Green
GJR-GARCH,UNG,250,249,0.996,1387,12,0.008651766402307137,0.6054679094873985,0.08992946942203828,0.20778913735541182,0.26682747925926753,2.8756354731410454,0.0012650306602515011,0.100907200437363,Green
GJR-GARCH,UNG,500,496,0.992,1387,18,0.012977649603460706,0.28658373153442407,0.22983228679045345,0.2756150535198739,1.1356012331503784,1.441899007719428,0.001202046382711673,0.09003947503238928,Green
GJR-GARCH-t,UNG,125,125,1.0,1387,11,0.007930785868781542,0.4216652856639086,0.6748319202687816,0.6630959423401382,0.6456693023261151,0.1760018773812817,0.0013984287128170363,0.11715296423936428,Green
GJR-GARCH-t,UNG,250,249,0.996,1387,10,0.007209805335255948,0.2717218199644434,0.0584071324285941,0.09116897680822424,1.2080340655582287,3.582047147137999,0.0012853972069611004,0.10260083733238894,Green
GJR-GARCH-t,UNG,500,496,0.992,1387,16,0.011535688536409516,0.5747244053322187,0.17572174087303952,0.3415911201800564,0.31484138011614604,1.833440244273163,0.00121253167129947,0.09280819261919074,Green
GARCH-N,UNG,125,125,1.0,1387,14,0.010093727469358327,0.9720572393018512,0.5929768899297854,0.8663440957425879,0.0012269761145259905,0.28571924417215655,0.001413501033511385,0.11725146694054048,Green
GARCH-N,UNG,250,249,0.996,1387,12,0.008651766402307137,0.6054679094873985,0.08992946942203828,0.20778913735541182,0.26682747925926753,2.8756354731410454,0.0011924814412364179,0.0956834208708802,Green
GARCH-N,UNG,500,496,0.992,1387,18,0.012977649603460706,0.28658373153442407,0.22983228679045345,0.2756150535198739,1.1356012331503784,1.441899007719428,0.0011809349162117753,0.09019883070605096,Green
Hist-Sim,UNG,125,125,1.0,1387,15,0.010814708002883922,0.7634294702359101,0.5667007570776486,0.811061294560778,0.09058917769291819,0.3282341197727021,0.001620467155518119,0.12766282340455573,Green
Hist-Sim,UNG,250,249,0.996,1387,12,0.008651766402307137,0.6054679094873985,0.6470735271674553,0.7880304360388429,0.26682747925926753,0.2096096516515047,0.0013643805588624282,0.10659307442766229,Green
Hist-Sim,UNG,500,496,0.992,1387,12,0.008651766402307137,0.6054679094873985,0.6470735271674553,0.7880304360388429,0.26682747925926753,0.2096096516515047,0.0013448469544404663,0.10524463123344993,Green
EWMA,UNG,125,125,1.0,1387,12,0.008651766402307137,0.6054679094873985,0.6470735271674553,0.7880304360388429,0.26682747925926753,0.2096096516515047,0.001399853238220175,0.11778288006121845,Green
EWMA,UNG,250,249,0.996,1387,13,0.009372746935832732,0.8124420138800008,0.6197778407337984,0.8596412558430435,0.056300307515282366,0.24617993474882383,0.0011987882607474075,0.09640230997121531,Green
EWMA,UNG,500,496,0.992,1387,13,0.009372746935832732,0.8124420138800008,0.6197778407337984,0.8596412558430435,0.056300307515282366,0.24617993474882383,0.0011799322235370125,0.09459691519076423,Green
Moirai-1.1,USDJPY,125,125,1.0,1923,16,0.008320332813312533,0.44583207733090924,0.6042532405944745,0.6538172562233375,0.5812262340974268,0.2686285485150961,0.00023207702387862824,0.019219659748864287,Green
Moirai-1.1,USDJPY,250,249,0.996,1923,20,0.010400416016640665,0.8608216266295228,0.5166290167964686,0.7979743416853198,0.030740034807883232,0.4206176358437119,0.00021853738660461682,0.017385624969908694,Green
Moirai-1.1,USDJPY,500,496,0.992,1923,25,0.013000520020800831,0.20622678456649282,0.4169293802455908,0.32357105763855676,1.5977188370976165,0.6589542358861422,0.00021420065571733362,0.016104684977728784,Green
Lag-Llama,USDJPY,125,125,1.0,1923,21,0.0109204368174727,0.6893563627462121,0.4957717297405483,0.7320698137110828,0.15978302085312324,0.4639757704396459,0.00024703507770062187,0.020417786651384117,Green
Lag-Llama,USDJPY,250,249,0.996,1923,21,0.0109204368174727,0.6893563627462121,0.4957717297405483,0.7320698137110828,0.15978302085312324,0.4639757704396459,0.00024800955042505015,0.020014532597509398,Green
Lag-Llama,USDJPY,500,496,0.992,1923,27,0.014040561622464899,0.09324256906909022,0.3803967955215779,0.16638504658185727,2.8174820639764473,0.769419173873132,0.00023987542004850638,0.017708065041105125,Green
GJR-GARCH,USDJPY,125,125,1.0,2002,23,0.011488511488511488,0.5131910432027673,0.46455581519686917,0.6180255600438878,0.4275551511427267,0.5348957750280761,0.0002290514340322507,0.01871872350356988,Green
GJR-GARCH,USDJPY,250,249,0.996,2002,20,0.00999000999000999,0.9964149884049104,0.5251110582835135,0.8171506984749137,2.0188494270115265e-05,0.4038433068535596,0.00022328614187525672,0.01765514686493988,Green
GJR-GARCH,USDJPY,500,496,0.992,2002,23,0.011488511488511488,0.5131910432027673,0.46455581519686917,0.6180255600438878,0.4275551511427267,0.5348957750280761,0.00020925334541030416,0.014428415655282271,Green
GJR-GARCH-t,USDJPY,125,125,1.0,2002,24,0.011988011988011988,0.38601555681722677,0.44524994450701383,0.5132019610181551,0.7514562750099278,0.5827153751704941,0.00023261158347817005,0.019037756248137024,Green
GJR-GARCH-t,USDJPY,250,249,0.996,2002,18,0.008991008991008992,0.6443503923775449,0.5675600776924644,0.7634254618949765,0.213097474601045,0.3267820972907032,0.00022711280171336723,0.01810447856877635,Green
GJR-GARCH-t,USDJPY,500,496,0.992,2002,24,0.011988011988011988,0.38601555681722677,0.29213166075553315,0.3943116057573147,0.7514562750099278,1.1097713344029216,0.000219632468691388,0.015046561015582799,Green
GARCH-N,USDJPY,125,125,1.0,2002,21,0.01048951048951049,0.827128226499696,0.5044974644097067,0.7814706294529243,0.04769252695065518,0.4454628972508772,0.0002297932403860636,0.018587611366300365,Green
GARCH-N,USDJPY,250,249,0.996,2002,19,0.00949050949050949,0.81725151973316,0.5461365370872011,0.8115239630371011,0.05339864020597784,0.36428408609594953,0.00022343687858443706,0.017655161824647183,Green
GARCH-N,USDJPY,500,496,0.992,2002,26,0.012987012987012988,0.19909118533932924,0.4080151823801277,0.31136086399451757,1.649028673848889,0.6845767363171831,0.00021238935248723333,0.014872659140561344,Green
Hist-Sim,USDJPY,125,125,1.0,2002,26,0.012987012987012988,0.19909118533932924,0.4080151823801277,0.31136086399451757,1.649028673848889,0.6845767363171831,0.00023577208565061272,0.01913409955734045,Green
Hist-Sim,USDJPY,250,249,0.996,2002,26,0.012987012987012988,0.19909118533932924,0.3479893193641792,0.28226690929022835,1.649028673848889,0.8807756638220781,0.0002458799859216257,0.019563163798610395,Green
Hist-Sim,USDJPY,500,496,0.992,2002,27,0.013486513486513486,0.13656126441552743,0.3901017423530152,0.22821771640998767,2.216285562885057,0.7386248553476094,0.00022981005111409668,0.016761433318288617,Green
EWMA,USDJPY,125,125,1.0,2002,21,0.01048951048951049,0.827128226499696,0.5044974644097067,0.7814706294529243,0.04769252695065518,0.4454628972508772,0.00022364262632469783,0.018437962505968183,Green
EWMA,USDJPY,250,249,0.996,2002,17,0.008491508491508492,0.48617847485803367,0.5893668029854764,0.6783082416019208,0.48497271126714203,0.29133421018315175,0.00021935119598959628,0.017531000450948558,Green
EWMA,USDJPY,500,496,0.992,2002,25,0.012487512487512488,0.28152237617941706,0.4264003038947374,0.4081310409808012,1.1597259840145888,0.6326079705261236,0.00021091633681695091,0.014797902884366674,Green
Moirai-1.1,USO,125,125,1.0,1386,12,0.008658008658008658,0.6073091776651507,0.646953758165443,0.7890408996953484,0.2641119232138296,0.20976232097930847,0.0009907476997549215,0.08382497044051908,Green
Moirai-1.1,USO,250,249,0.996,1386,10,0.007215007215007215,0.2728404336719622,0.7029163160340075,0.509699903186902,1.20241047542953,0.1454558277254563,0.0010209060119647142,0.08143652356779094,Green
Moirai-1.1,USO,500,496,0.992,1386,12,0.008658008658008658,0.6073091776651507,0.646953758165443,0.7890408996953484,0.2641119232138296,0.20976232097930847,0.0009798967849868135,0.07062414438973882,Green
Lag-Llama,USO,125,125,1.0,1386,13,0.00937950937950938,0.8145139228264263,0.6196503027981257,0.8601058089711886,0.05504035567396226,0.24635937155639454,0.001036100178800804,0.08349305082183237,Green
Lag-Llama,USO,250,249,0.996,1386,8,0.005772005772005772,0.0857743479175604,0.7604520411124309,0.21817672609057034,2.9519435252088844,0.09295622372786738,0.0009414268297347138,0.07854487844227577,Green
Lag-Llama,USO,500,496,0.992,1386,16,0.011544011544011544,0.5728394511092016,0.5408297221958241,0.7075270832236823,0.3179546080531672,0.37400413199202376,0.000987453946203383,0.07778008062394869,Green
GJR-GARCH,USO,125,125,1.0,1464,8,0.00546448087431694,0.056362291424302,0.7667701193321534,0.1549511163022739,3.6413182291531285,0.08797295184730558,0.0008777699338517159,0.07528148140211902,Green
GJR-GARCH,USO,250,249,0.996,1464,11,0.007513661202185792,0.3172706197170749,0.06887797487547932,0.11591919608282784,1.000164860579341,3.3095589716147344,0.0008927485122042071,0.07539748626282396,Green
GJR-GARCH,USO,500,496,0.992,1464,13,0.008879781420765027,0.6605607994541621,0.1020903626396157,0.23866082359472063,0.192843088224127,2.672580678044511,0.0008181584674678488,0.06538992690025525,Green
GJR-GARCH-t,USO,125,125,1.0,1464,8,0.00546448087431694,0.056362291424302,0.7667701193321534,0.1549511163022739,3.6413182291531285,0.08797295184730558,0.0008780664060007061,0.07501474325392656,Green
GJR-GARCH-t,USO,250,249,0.996,1464,12,0.00819672131147541,0.47410813324543377,0.08458829604633018,0.17492059722483888,0.5123852162430875,2.9744610600950523,0.0008653897277649753,0.07213729099151449,Green
GJR-GARCH-t,USO,500,496,0.992,1464,15,0.010245901639344262,0.9249647765698652,0.14250249539582316,0.3396641028780848,0.008870203253814712,2.1507259615674172,0.0008075105760361669,0.0632279642003234,Green
GARCH-N,USO,125,125,1.0,1464,9,0.006147540983606557,0.11069112599029189,0.7385360757947896,0.26504071317685085,2.544326167561712,0.11141749277204838,0.0008935869782449852,0.07665835760320905,Green
GARCH-N,USO,250,249,0.996,1464,11,0.007513661202185792,0.3172706197170749,0.06887797487547932,0.11591919608282784,1.000164860579341,3.3095589716147344,0.000922591366205301,0.07832973436509015,Green
GARCH-N,USO,500,496,0.992,1464,14,0.009562841530054645,0.8655256835329366,0.12139509068222255,0.29702079454968283,0.028677556206162524,2.3992286984170335,0.0008300614946350881,0.06695709448588558,Green
Hist-Sim,USO,125,125,1.0,1464,18,0.012295081967213115,0.39421266787722853,0.21647974064015316,0.32409072940751604,0.7259083724288216,1.527555174281332,0.0010045464442292487,0.0762240233158961,Green
Hist-Sim,USO,250,249,0.996,1464,20,0.01366120218579235,0.18229215823954664,0.2743340323972011,0.22607420809336629,1.7788373479593975,1.1949466104624662,0.001134729107861077,0.08968592110251372,Green
Hist-Sim,USO,500,496,0.992,1464,17,0.011612021857923498,0.5455535782243418,0.19007148992228748,0.3530296101034241,0.36534329481359684,1.7170633936941329,0.0010519669140672612,0.0824994572126616,Green
EWMA,USO,125,125,1.0,1464,11,0.007513661202185792,0.3172706197170749,0.6830899649573656,0.5579887038769051,1.000164860579341,0.1666682609285317,0.0008930447443423914,0.07722963690900388,Green
EWMA,USO,250,249,0.996,1464,11,0.007513661202185792,0.3172706197170749,0.6830899649573656,0.5579887038769051,1.000164860579341,0.1666682609285317,0.0009097388935793804,0.07760353093277056,Green
EWMA,USO,500,496,0.992,1464,15,0.010245901639344262,0.9249647765698652,0.14250249539582316,0.3396641028780848,0.008870203253814712,2.1507259615674172,0.0008232397339044306,0.06652169793513198,Green
