replicate,seed,n_test,viol,pihat,p_kup,p_ind,p_cc,lr_uc,lr_ind,QS,width,TL,model,asset
0,429969810,1868,21,0.0112419700214132,0.5968258421889636,0.0209926967429461,0.0605912843942997,0.2798098997988107,5.327398536454126,0.000353728654216,0.0281708418954149,Green,PatchTST-FM,ASX200
1,2323551413,1868,29,0.0155246252676659,0.0264163751252312,0.0814290623856555,0.018641762205462,4.92855649548429,3.0361453750628584,0.0003635614938557,0.0279112488432946,Green,PatchTST-FM,ASX200
2,531184984,1868,26,0.0139186295503211,0.1080540346730911,0.0520024355618838,0.0416242582197011,2.582453885274525,3.77569041750155,0.0003553088795863,0.0279627353993274,Green,PatchTST-FM,ASX200
3,309285982,1868,23,0.0123126338329764,0.3322841723222552,0.0310258218598146,0.0610687894301356,0.9399753840774104,4.651533325130316,0.0003600208003045,0.0279378274097822,Green,PatchTST-FM,ASX200
4,3769481581,1868,26,0.0139186295503211,0.1080540346730911,0.0520024355618838,0.0416242582197011,2.582453885274525,3.77569041750155,0.0003611341682623,0.0277915152141138,Green,PatchTST-FM,ASX200
5,3172830287,1868,23,0.0123126338329764,0.3322841723222552,0.0310258218598146,0.0610687894301356,0.9399753840774104,4.651533325130316,0.0003692805015705,0.0279489169446264,Green,PatchTST-FM,ASX200
6,47660388,1868,24,0.012847965738758,0.2360319616691611,0.0371699169497529,0.0565079661507609,1.404137998727645,4.342609315171671,0.0003476467723373,0.027915731766895,Green,PatchTST-FM,ASX200
7,1962007711,1868,27,0.0144539614561027,0.0696948326673651,0.060802161997568,0.0332806099668781,3.290192925464062,3.515367744266769,0.0003490695206114,0.0277554903777192,Green,PatchTST-FM,ASX200
0,4114616260,1430,18,0.0125874125874125,0.3444716134490873,0.2221932352673473,0.3036334381986621,0.8937185060169073,1.4901496950455737,0.0002205514275291,0.0162721687754808,Green,PatchTST-FM,AUDUSD
1,3214243569,1430,15,0.0104895104895104,0.853566305874746,0.5726599793986771,0.8384845823267943,0.0340660906790393,0.3182520795111259,0.0002248199249511,0.0162971258559512,Green,PatchTST-FM,AUDUSD
2,2399607351,1430,21,0.0146853146853146,0.0959981327273216,0.4286628035825006,0.1829354047040999,2.7708006552263296,0.6264436811971734,0.0002250712363998,0.0162475064858593,Green,PatchTST-FM,AUDUSD
3,2947012319,1430,17,0.0118881118881118,0.4859046735961744,0.5222953705028603,0.6392432540438655,0.4855821036704899,0.4093583319088907,0.0002221718594093,0.0163290080363273,Green,PatchTST-FM,AUDUSD
4,4281187896,1430,18,0.0125874125874125,0.3444716134490873,0.497969446982152,0.5083984129045818,0.8937185060169073,0.4592612168175378,0.0002247154538974,0.016320019238677,Green,PatchTST-FM,AUDUSD
5,2179340220,1430,19,0.0132867132867132,0.2343207775654769,0.4742431746537611,0.3816482309406654,1.4144396767888576,0.5120722352926919,0.000226065584702,0.0162691388830618,Green,PatchTST-FM,AUDUSD
6,3466440249,1430,18,0.0125874125874125,0.3444716134490873,0.2221932352673473,0.3036334381986621,0.8937185060169073,1.4901496950455737,0.0002216899776222,0.0162805963179064,Green,PatchTST-FM,AUDUSD
7,2043965299,1430,14,0.0097902097902097,0.9362285372925968,0.5986503283750177,0.8678650592483468,0.0064017540837205,0.277036322121603,0.0002151117404437,0.0163156665952589,Green,PatchTST-FM,AUDUSD
0,1778004085,1829,28,0.0153089119737561,0.034298411909333,0.4483123604606364,0.0798711408619359,4.479766239463679,0.5749151248746784,0.0005014948954259,0.0359298962160942,Green,PatchTST-FM,BOVESPA
1,2614713605,1829,25,0.0136686714051394,0.1352693985115117,0.352079642996567,0.2125759487134892,2.2309643346900536,0.8659475628326163,0.0004969688620474,0.0359512583050142,Green,PatchTST-FM,BOVESPA
2,1622431437,1829,26,0.0142154182613449,0.0883894314155783,0.3831261712793538,0.1600842056009827,2.9034637935994194,0.7606468407636839,0.0004914242299132,0.0361074090657725,Green,PatchTST-FM,BOVESPA
3,3855008820,1829,23,0.0125751776927282,0.2872020916855331,0.2933948074896729,0.3268237223135961,1.1326909019272744,1.1039777559365405,0.0005075599122898,0.0357926418863555,Green,PatchTST-FM,BOVESPA
4,727523939,1829,26,0.0142154182613449,0.0883894314155783,0.3831261712793538,0.1600842056009827,2.9034637935994194,0.7606468407636839,0.0004909221065643,0.0360263331426739,Green,PatchTST-FM,BOVESPA
5,681647020,1829,24,0.0131219245489338,0.2003810625984821,0.3221497056626808,0.2698478801504065,1.639594870285947,0.9801989009288264,0.0004939003879288,0.0359742149251736,Green,PatchTST-FM,BOVESPA
6,3558775145,1829,24,0.0131219245489338,0.2003810625984821,0.3221497056626808,0.2698478801504065,1.639594870285947,0.9801989009288264,0.0004925052921189,0.0358415285287873,Green,PatchTST-FM,BOVESPA
7,2622935803,1829,27,0.0147621651175505,0.0559342344040235,0.4152261928405886,0.115451962525454,3.65401456831588,0.6637869204939193,0.0004923981365226,0.0360451600717413,Green,PatchTST-FM,BOVESPA
0,147484997,1157,14,0.0121002592912705,0.4870084583210002,0.5579500403327377,0.6615316345410056,0.4831289067674857,0.3432660415029147,0.0008791326766603,0.0648201830254778,Green,PatchTST-FM,BTC
1,4834101,1157,12,0.010371650821089,0.8995058623429903,0.6158435243238475,0.8747208610781662,0.0159480502754653,0.2517528685877153,0.0008573362651611,0.0648772790321956,Green,PatchTST-FM,BTC
2,2047003302,1157,14,0.0121002592912705,0.4870084583210002,0.1582665267541174,0.2902768656096732,0.4831289067674857,1.9907112981275643,0.0008777103560143,0.0653619084167774,Green,PatchTST-FM,BTC
3,3362192823,1157,15,0.0129645635263612,0.3324524652903477,0.5299944235069063,0.5133169759981533,0.9393212291810736,0.3944022461967904,0.0008500175602103,0.0651448475933134,Green,PatchTST-FM,BTC
4,2509492771,1157,11,0.0095073465859982,0.8651543269363137,0.6457059030452815,0.8868341169660398,0.0288376969374228,0.2113569630306244,0.0008334605645252,0.0653239081306029,Green,PatchTST-FM,BTC
5,4232118609,1157,17,0.0146931719965427,0.1337087797663044,0.2468084465642396,0.1661119253861253,2.248907407196043,1.3412795298350204,0.0009104351254845,0.0651217951701596,Green,PatchTST-FM,BTC
6,2337065505,1157,18,0.0155574762316335,0.0789402193899156,0.280586874856532,0.1193832832087137,3.0865870606229873,1.1642451282823458,0.0008890084574853,0.0656144038580411,Green,PatchTST-FM,BTC
7,71159670,1157,14,0.0121002592912705,0.4870084583210002,0.1582665267541174,0.2902768656096732,0.4831289067674857,1.9907112981275643,0.0008791636353386,0.0649031779866478,Green,PatchTST-FM,BTC
0,2228078719,1010,9,0.0089108910891089,0.723023192731904,0.6873198020679092,0.8660537427982913,0.1256144403026686,0.162002187070783,0.0001405098375535,0.0119246162559736,Green,PatchTST-FM,CBU0
1,4102703772,1010,11,0.0108910891089108,0.77903000878741,0.6224135477798778,0.8516254678716687,0.0787270010915339,0.2424898799114601,0.0001432187277481,0.0118617551417416,Green,PatchTST-FM,CBU0
2,420878016,1010,9,0.0089108910891089,0.723023192731904,0.6873198020679092,0.8660537427982913,0.1256144403026686,0.162002187070783,0.0001418320142284,0.0118819009514231,Green,PatchTST-FM,CBU0
3,2106426398,1010,10,0.0099009900990099,0.9747302503771116,0.6545566015677375,0.9042915462726526,0.001003383603189,0.2002035436875502,0.0001433103744073,0.0119313462657926,Green,PatchTST-FM,CBU0
4,3187392265,1010,9,0.0089108910891089,0.723023192731904,0.6873198020679092,0.8660537427982913,0.1256144403026686,0.162002187070783,0.0001457768470356,0.011901891554164,Green,PatchTST-FM,CBU0
5,2090826547,1010,12,0.0118811881188118,0.5595280266552582,0.5909432758061866,0.730009432504751,0.3405220725808386,0.2888735747867486,0.0001413253592152,0.0119213310384904,Green,PatchTST-FM,CBU0
6,2405154882,1010,11,0.0108910891089108,0.77903000878741,0.6224135477798778,0.8516254678716687,0.0787270010915339,0.2424898799114601,0.0001396569281036,0.0119178279797807,Green,PatchTST-FM,CBU0
7,1832333758,1010,10,0.0099009900990099,0.9747302503771116,0.6545566015677375,0.9042915462726526,0.001003383603189,0.2002035436875502,0.0001389572423594,0.0119096039890321,Green,PatchTST-FM,CBU0
0,1902288653,765,15,0.0196078431372549,0.0182509521844252,0.0307428437790532,0.0059785193746974,5.571899433895437,4.66726524186663,0.0003593770461719,0.0237552833318814,Yellow,PatchTST-FM,DJCI
1,3564247475,765,14,0.0183006535947712,0.0386715459147695,0.0226657113524862,0.0087860376199403,4.275238083983382,5.193944819281683,0.0003774885600424,0.0236021898177934,Yellow,PatchTST-FM,DJCI
2,4283704006,765,16,0.0209150326797385,0.008129782484821,0.0407291937596068,0.0037128584840741,7.004659726031921,4.187246710264645,0.0003747843657326,0.0235580248978413,Yellow,PatchTST-FM,DJCI
3,2057737758,765,16,0.0209150326797385,0.008129782484821,0.3388428343931647,0.0190682212074542,7.004659726031921,0.914804555425178,0.0003498161413781,0.0235310563524773,Yellow,PatchTST-FM,DJCI
4,605719929,765,15,0.0196078431372549,0.0182509521844252,0.0307428437790532,0.0059785193746974,5.571899433895437,4.66726524186663,0.0003694655594135,0.0235434887508515,Yellow,PatchTST-FM,DJCI
5,4103279732,765,19,0.0248366013071895,0.0005204809482883,0.0843685251248524,0.0005477207205669,12.040819118707663,2.978670951143698,0.000373278993334,0.0236652790978595,Yellow,PatchTST-FM,DJCI
6,4183830467,765,17,0.0222222222222222,0.0034265464784285,0.0528525676729242,0.0021188683552117,8.565171753562652,3.7485745014949146,0.0003731774529622,0.023475825359401,Yellow,PatchTST-FM,DJCI
7,3876851243,765,14,0.0183006535947712,0.0386715459147695,0.0226657113524862,0.0087860376199403,4.275238083983382,5.193944819281683,0.0003640810269785,0.0236898312938758,Yellow,PatchTST-FM,DJCI
0,439203063,812,11,0.0135467980295566,0.3351845881773436,0.5823134297211177,0.5402970370256941,0.9287629115580228,0.3025095326219258,0.0013176823064011,0.104106442876403,Green,PatchTST-FM,ETH
1,4029690899,812,11,0.0135467980295566,0.3351845881773436,0.5823134297211177,0.5402970370256941,0.9287629115580228,0.3025095326219258,0.0014258500217466,0.1041839726266586,Green,PatchTST-FM,ETH
2,2110026125,812,12,0.0147783251231527,0.201344737727836,0.5482485907545545,0.369158682773726,1.632593270347174,0.3604641151785301,0.0013893406523667,0.1038194613577749,Green,PatchTST-FM,ETH
3,2535189540,812,10,0.0123152709359605,0.5222239616687067,0.6172903585126441,0.7192137839815833,0.4094988839832889,0.2496943766052766,0.0012932371784089,0.1048794460050747,Green,PatchTST-FM,ETH
4,743555095,812,8,0.0098522167487684,0.9661577223658654,0.6897050224634722,0.9225603404915868,0.0018001123302303,0.1594048785889725,0.0012790976860367,0.1040799609775596,Green,PatchTST-FM,ETH
5,2101224675,812,8,0.0098522167487684,0.9661577223658654,0.6897050224634722,0.9225603404915868,0.0018001123302303,0.1594048785889725,0.0012408809301579,0.1041517364121526,Green,PatchTST-FM,ETH
6,922546911,812,10,0.0123152709359605,0.5222239616687067,0.6172903585126441,0.7192137839815833,0.4094988839832889,0.2496943766052766,0.0013364017264332,0.1049195557735071,Green,PatchTST-FM,ETH
7,2860346754,812,9,0.0110837438423645,0.7603183421498357,0.6531119237241364,0.8628354532446291,0.0930632964952256,0.2019992522901219,0.0012776869952741,0.1038572459413621,Green,PatchTST-FM,ETH
0,3027551240,1617,19,0.0117501546072974,0.4912919466586543,0.5128840414544116,0.6370309350728168,0.4736955298985057,0.4281785918926175,0.0001515223722973,0.0116650484644249,Green,PatchTST-FM,EURUSD
1,121457820,1617,18,0.0111317254174397,0.6532719966394398,0.5242545025139073,0.7381135277750996,0.2017998099529485,0.4055154591249845,0.0001517512010779,0.0116328565606,Green,PatchTST-FM,EURUSD
2,988114878,1617,19,0.0117501546072974,0.4912919466586543,0.5128840414544116,0.6370309350728168,0.4736955298985057,0.4281785918926175,0.0001472111651141,0.0116518532890035,Green,PatchTST-FM,EURUSD
3,321095214,1617,16,0.0098948670377241,0.9660498871732806,0.5716044397050708,0.8513699922157965,0.0018116093208729,0.3200053335467032,0.0001471688521764,0.0116799200428355,Green,PatchTST-FM,EURUSD
4,3090079405,1617,22,0.0136054421768707,0.167164657507003,0.4465046162817599,0.2882725543065659,1.9081881799822664,0.5795095745199319,0.0001484166643854,0.0116017125150119,Green,PatchTST-FM,EURUSD
5,706163770,1617,20,0.0123685837971552,0.3559435188333466,0.4789442695659189,0.508286284286259,0.8521546241530462,0.5012662526363556,0.0001515535138085,0.011633438316645,Green,PatchTST-FM,EURUSD
6,2745042779,1617,20,0.0123685837971552,0.3559435188333466,0.4789442695659189,0.508286284286259,0.8521546241530462,0.5012662526363556,0.0001501521608627,0.0116857024398801,Green,PatchTST-FM,EURUSD
7,2633450391,1617,20,0.0123685837971552,0.3559435188333466,0.4789442695659189,0.508286284286259,0.8521546241530462,0.5012662526363556,0.0001502057997991,0.011625665770853,Green,PatchTST-FM,EURUSD
0,3493278654,1891,26,0.0137493389740877,0.1210270357909805,0.3698112823453725,0.2010626067710275,2.403979366398218,0.8042985194998096,0.0004711515852429,0.033414761403989,Green,PatchTST-FM,FCHI
1,1765320962,1891,24,0.0126916975145425,0.2587797610142784,0.0362535804298915,0.0590007547754003,1.2752731796100854,4.385136905099614,0.0004643551821206,0.0335393761735487,Green,PatchTST-FM,FCHI
2,347534177,1891,25,0.0132205182443151,0.1798237952416107,0.0035590809619704,0.00581339248768,1.7990796937989213,8.496102253377387,0.0004574266224359,0.0334801297917875,Green,PatchTST-FM,FCHI
3,1551986604,1891,21,0.0111052353252247,0.6350613697259397,0.2309702059863906,0.4360196041771566,0.2252594555773459,1.4348766902923842,0.0004591463430888,0.0335764608952694,Green,PatchTST-FM,FCHI
4,2693585972,1891,23,0.0121628767847699,0.3605733432333604,0.0302567924999103,0.0629591649518309,0.8358953654996704,4.694642510730006,0.0004617376156376,0.0333594963475176,Green,PatchTST-FM,FCHI
5,854773788,1891,24,0.0126916975145425,0.2587797610142784,0.0362535804298915,0.0590007547754003,1.2752731796100854,4.385136905099614,0.0004546442614613,0.0333846931408014,Green,PatchTST-FM,FCHI
6,1197749710,1891,23,0.0121628767847699,0.3605733432333604,0.2829441745218386,0.3699473317340777,0.8358953654996704,1.1528938947818688,0.0004637915731955,0.033424742352563,Green,PatchTST-FM,FCHI
7,3505733480,1891,26,0.0137493389740877,0.1210270357909805,0.0507358915930792,0.0445797758270565,2.403979366398218,3.8169705927841737,0.0004665141211661,0.0335698665688645,Green,PatchTST-FM,FCHI
0,1544651155,1867,25,0.0133904659882163,0.1615564690397098,0.0036986683491493,0.005556076998922,1.959596589710568,8.42612940126702,0.000375909179919,0.0281599003201808,Green,PatchTST-FM,FTSE100
1,701405853,1867,23,0.012319228709159,0.3310824080400835,0.0021658819722623,0.0056618215715542,0.9446595129106968,9.403359699317122,0.0003866561168363,0.0283724433674549,Green,PatchTST-FM,FTSE100
2,2347901143,1867,26,0.013926084627745,0.1075136168089703,0.0520585451153772,0.0414967589408903,2.5903935764906,3.7738863287196978,0.0003920910291242,0.0283333334617913,Green,PatchTST-FM,FTSE100
3,2890403579,1867,27,0.0144617032672737,0.0693128319207542,0.0608673184537818,0.0331601645102274,3.2992189828390934,3.5135929924064726,0.0003769534945602,0.0282938927364036,Green,PatchTST-FM,FTSE100
4,474486693,1867,26,0.013926084627745,0.1075136168089703,0.0520585451153772,0.0414967589408903,2.5903935764906,3.7738863287196978,0.0003944317553992,0.0284025043307384,Green,PatchTST-FM,FTSE100
5,533488505,1867,24,0.0128548473486877,0.2350718778166493,0.0028490262442737,0.0057657969269945,1.4099067263127498,8.901717072546717,0.0003896525579361,0.0284324607549708,Green,PatchTST-FM,FTSE100
6,1474104035,1867,22,0.0117836100696304,0.4512617046147432,0.0256813244797138,0.0625109001364922,0.5674808372453972,4.977347833278998,0.0003727587383553,0.0282822805425099,Green,PatchTST-FM,FTSE100
7,1394949872,1867,26,0.013926084627745,0.1075136168089703,0.0520585451153772,0.0414967589408903,2.5903935764906,3.7738863287196978,0.0003836116404157,0.0282383737676119,Green,PatchTST-FM,FTSE100
0,2841236190,1621,22,0.013571869216533,0.1704323377660299,0.3032493690586896,0.2300420297112617,1.8791363666634613,1.059850131093384,0.0001816513732357,0.0138705637214366,Green,PatchTST-FM,GBPUSD
1,2453216199,1621,20,0.0123380629241209,0.3613732421516332,0.2453154299524634,0.3357290112809229,0.833115333013704,1.3497865839287613,0.0001831791052437,0.0138549092874188,Green,PatchTST-FM,GBPUSD
2,2374523630,1621,21,0.0129549660703269,0.2527817924505251,0.273567993958853,0.2855563072970816,1.3078637892187128,1.1987683025306524,0.0001805659173421,0.0139251582978888,Green,PatchTST-FM,GBPUSD
3,2391032369,1621,20,0.0123380629241209,0.3613732421516332,0.2453154299524634,0.3357290112809229,0.833115333013704,1.3497865839287613,0.0001829873254293,0.0139520194293337,Green,PatchTST-FM,GBPUSD
4,2383780121,1621,21,0.0129549660703269,0.2527817924505251,0.273567993958853,0.2855563072970816,1.3078637892187128,1.1987683025306524,0.0001865413661427,0.0139101244117924,Green,PatchTST-FM,GBPUSD
5,1777173156,1621,22,0.013571869216533,0.1704323377660299,0.3032493690586896,0.2300420297112617,1.8791363666634613,1.059850131093384,0.0001810147903752,0.0138829066771783,Green,PatchTST-FM,GBPUSD
6,2950636221,1621,19,0.0117211597779148,0.4977839421052801,0.2185441596296504,0.3727745442200322,0.4596578045167625,1.5139051578305498,0.0001815419727393,0.0138982491584674,Green,PatchTST-FM,GBPUSD
7,3755436119,1621,19,0.0117211597779148,0.4977839421052801,0.2185441596296504,0.3727745442200322,0.4596578045167625,1.5139051578305498,0.000177515952841,0.0138663729982992,Green,PatchTST-FM,GBPUSD
0,316333277,1878,27,0.0143769968051118,0.073602564973666,0.0601561522127385,0.0344952473240397,3.200793194950535,3.533074251365292,0.0004837916998975,0.0345874647719639,Green,PatchTST-FM,GDAXI
1,3475873623,1878,23,0.0122470713525026,0.3444318531660159,0.0306879895212312,0.0619084219592868,0.8938658193901823,4.670332282701764,0.0004681455216969,0.0346903071831929,Green,PatchTST-FM,GDAXI
2,1394733143,1878,23,0.0122470713525026,0.3444318531660159,0.0306879895212312,0.0619084219592868,0.8938658193901823,4.670332282701764,0.0004679128614303,0.0347494077641162,Green,PatchTST-FM,GDAXI
3,508477955,1878,24,0.0127795527156549,0.245765642068276,0.0367673986927983,0.0576027973391866,1.347214673991573,4.361153621094616,0.0004692880909164,0.0348199486217864,Green,PatchTST-FM,GDAXI
4,3460784358,1878,27,0.0143769968051118,0.073602564973666,0.4038541158066909,0.1424439268666784,3.200793194950535,0.6968205098206681,0.0004752841213068,0.034659852123956,Green,PatchTST-FM,GDAXI
5,423004626,1878,27,0.0143769968051118,0.073602564973666,0.0601561522127385,0.0344952473240397,3.200793194950535,3.533074251365292,0.0004740411781303,0.0347676067908091,Green,PatchTST-FM,GDAXI
6,2126387862,1878,24,0.0127795527156549,0.245765642068276,0.0367673986927983,0.0576027973391866,1.347214673991573,4.361153621094616,0.0004750554095234,0.0346251235419034,Green,PatchTST-FM,GDAXI
7,3774745413,1878,27,0.0143769968051118,0.073602564973666,0.0601561522127385,0.0344952473240397,3.200793194950535,3.533074251365292,0.0004733833846965,0.034726797095434,Green,PatchTST-FM,GDAXI
0,324113586,1490,15,0.0100671140939597,0.979250837708018,0.5805805808247448,0.8581411278988325,0.0006764238783598,0.305296992701102,0.0004642591079901,0.0319928925310333,Green,PatchTST-FM,GLD
1,2536380025,1490,19,0.0127516778523489,0.3058847439730927,0.2398832680125498,0.296763227365522,1.0483615265783204,1.3812798181841115,0.0004682563366335,0.0319084444384277,Green,PatchTST-FM,GLD
2,1846812527,1490,20,0.0134228187919463,0.2069699609278021,0.2690991362750305,0.2448977685807628,1.592495483232149,1.221333370004146,0.0004773934569112,0.0318482290639,Green,PatchTST-FM,GLD
3,680801985,1490,18,0.0120805369127516,0.4344495217656254,0.2122918391325939,0.3384721590016654,0.610898999107576,1.555727877214565,0.0004744101456595,0.031976758448105,Green,PatchTST-FM,GLD
4,3038673960,1490,17,0.0114093959731543,0.5928188991002421,0.1863738107209279,0.3620373860280108,0.2859635051060598,1.7460520872309928,0.0004834234974433,0.0318941016344168,Green,PatchTST-FM,GLD
5,2961015963,1490,15,0.0100671140939597,0.979250837708018,0.1397060649611368,0.3359022529491399,0.0006764238783598,2.181193726490477,0.0004576233189573,0.0320644686114166,Green,PatchTST-FM,GLD
6,1389011419,1490,16,0.010738255033557,0.7771608771414533,0.1621686659574639,0.3616806617707017,0.0801007845729495,1.9538864279954,0.0004573316994684,0.0320439943336856,Green,PatchTST-FM,GLD
7,1254215286,1490,16,0.010738255033557,0.7771608771414533,0.1621686659574639,0.3616806617707017,0.0801007845729495,1.9538864279954,0.0004773081661328,0.0320809188023387,Green,PatchTST-FM,GLD
0,3334856407,1817,26,0.0143093010456796,0.0829048687355795,0.3847927469965331,0.1524110602250208,3.007014305523322,0.7553338238925562,0.0005385931186257,0.0351944848480384,Green,PatchTST-FM,HSI
1,2810387210,1817,23,0.0126582278481012,0.2740809173179563,0.4423848257141333,0.4093649218004002,1.1962078949146004,0.5900886878823997,0.0005207499411877,0.0351512418117686,Green,PatchTST-FM,HSI
2,260231622,1817,25,0.0137589433131535,0.1276245811033836,0.4034710980698167,0.2210072328144474,2.3211629190727,0.6979567815927794,0.0005205447269261,0.0351832699886656,Green,PatchTST-FM,HSI
3,3449287682,1817,24,0.0132085855806274,0.1901507853609481,0.422671140013141,0.3073824145096369,1.7164489511061642,0.6428763623029283,0.0005246127967757,0.0352054877977266,Green,PatchTST-FM,HSI
4,1484048096,1817,26,0.0143093010456796,0.0829048687355795,0.3847927469965331,0.1524110602250208,3.007014305523322,0.7553338238925562,0.0005277797725106,0.0353763422201697,Green,PatchTST-FM,HSI
5,2142583571,1817,21,0.0115575123830489,0.5149587726237115,0.4833140937802759,0.6327518047021522,0.42397794279898,0.4913761120095614,0.0005255217228456,0.0351937388796991,Green,PatchTST-FM,HSI
6,2513316169,1817,21,0.0115575123830489,0.5149587726237115,0.4833140937802759,0.6327518047021522,0.42397794279898,0.4913761120095614,0.0005219495998537,0.0353316180419954,Green,PatchTST-FM,HSI
7,307501538,1817,25,0.0137589433131535,0.1276245811033836,0.4034710980698167,0.2210072328144474,2.3211629190727,0.6979567815927794,0.0005248645755415,0.0351686709246278,Green,PatchTST-FM,HSI
0,644265479,1260,23,0.0182539682539682,0.0082904599014914,0.4367401311241458,0.0226582409065543,6.969630826051024,0.6048324865324446,0.0002413374124955,0.0197522830990329,Yellow,PatchTST-FM,IBGL
1,1671158744,1260,26,0.0206349206349206,0.0009046282930646,0.5628747746177359,0.0034340972648002,11.013251292661804,0.3347510930468047,0.0002518409400957,0.0196251241925244,Yellow,PatchTST-FM,IBGL
2,1354339435,1260,23,0.0182539682539682,0.0082904599014914,0.4367401311241458,0.0226582409065543,6.969630826051024,0.6048324865324446,0.000242412191834,0.0196379380517869,Yellow,PatchTST-FM,IBGL
3,2195171250,1260,19,0.015079365079365,0.0918815873616381,0.4454196865165337,0.1805607730701973,2.84109487937838,0.5822808505573391,0.000243479802402,0.0195094762689482,Green,PatchTST-FM,IBGL
4,3585750851,1260,19,0.015079365079365,0.0918815873616381,0.4454196865165337,0.1805607730701973,2.84109487937838,0.5822808505573391,0.0002432694741479,0.0196679400597523,Green,PatchTST-FM,IBGL
5,4120950186,1260,21,0.0166666666666666,0.0299637767599678,0.3593166007290307,0.0622980716466501,4.7113692551552795,0.8402803575847599,0.0002421514322132,0.0196022772160053,Yellow,PatchTST-FM,IBGL
6,121687646,1260,22,0.0174603174603174,0.0160789278544063,0.3763533480101482,0.0373134709277223,5.794222075276231,0.7825796580325175,0.0002441620863483,0.019660446439668,Yellow,PatchTST-FM,IBGL
7,1211031336,1260,21,0.0166666666666666,0.0299637767599678,0.3593166007290307,0.0622980716466501,4.7113692551552795,0.8402803575847599,0.0002404596926543,0.0196895001001531,Yellow,PatchTST-FM,IBGL
0,16201278,1219,16,0.0131255127153404,0.2953285171688558,0.5139733991739299,0.4674000721116945,1.0951700865536722,0.4259693186358788,0.0005679608687668,0.0430065158039895,Green,PatchTST-FM,ICLN
1,1188414435,1219,16,0.0131255127153404,0.2953285171688558,0.5139733991739299,0.4674000721116945,1.0951700865536722,0.4259693186358788,0.0005687512183095,0.0430515684524824,Green,PatchTST-FM,ICLN
2,252195665,1219,14,0.0114848236259228,0.610756460670405,0.5682682206424978,0.7465208068227086,0.2590748471529207,0.3255887326258175,0.0005599882677154,0.0433598330678398,Green,PatchTST-FM,ICLN
3,1315051688,1219,15,0.0123051681706316,0.4349475869868269,0.5407916333390149,0.6115092801529028,0.6095757645899269,0.3740745312556726,0.0005870451064226,0.0431784975046712,Green,PatchTST-FM,ICLN
4,621804608,1219,17,0.0139458572600492,0.1913089587593883,0.4878423391562095,0.3347420460527589,1.707508426731481,0.4812816843709697,0.0005799200653861,0.0433653850917023,Green,PatchTST-FM,ICLN
5,2759259768,1219,16,0.0131255127153404,0.2953285171688558,0.5139733991739299,0.4674000721116945,1.0951700865536722,0.4259693186358788,0.0005767769117189,0.043296063725135,Green,PatchTST-FM,ICLN
6,2280300602,1219,16,0.0131255127153404,0.2953285171688558,0.5139733991739299,0.4674000721116945,1.0951700865536722,0.4259693186358788,0.0005509854034945,0.0429016059485757,Green,PatchTST-FM,ICLN
7,3238178271,1219,15,0.0123051681706316,0.4349475869868269,0.5407916333390149,0.6115092801529028,0.6095757645899269,0.3740745312556726,0.000566831652754,0.0431768559393196,Green,PatchTST-FM,ICLN
0,436976611,1242,18,0.0144927536231884,0.135911081502852,0.4666641369888725,0.2523953060753027,2.2236537164597845,0.5298637748482236,0.0003334409775437,0.0226128813433216,Green,PatchTST-FM,NIFTY
1,619906947,1242,14,0.0112721417069243,0.6587789429293679,0.5719171040504072,0.7731766049893706,0.1950102440355072,0.319485334947359,0.0003281496835483,0.0227671124910312,Green,PatchTST-FM,NIFTY
2,1656386758,1242,17,0.0136876006441223,0.2161334383895475,0.4919596542319115,0.367493823879254,1.5298601270467405,0.4722374054356635,0.0003285589012579,0.0226927810069479,Green,PatchTST-FM,NIFTY
3,2255231934,1242,19,0.0152979066022544,0.081725441918342,0.4420873320020051,0.1635634864113474,3.030249630694936,0.5908585051418243,0.000339795897377,0.0226965919744807,Green,PatchTST-FM,NIFTY
4,541671096,1242,16,0.0128824476650563,0.328344979834638,0.5179511818631455,0.5032377132474579,0.9554141909884796,0.4179710681497397,0.0003255092373986,0.0226997107607128,Green,PatchTST-FM,NIFTY
5,514843490,1242,17,0.0136876006441223,0.2161334383895475,0.4919596542319115,0.367493823879254,1.5298601270467405,0.4722374054356635,0.0003229782493414,0.0226338439400116,Green,PatchTST-FM,NIFTY
6,2932715544,1242,20,0.0161030595813204,0.0470446002088623,0.418249015960608,0.1003078504318304,3.943792677860964,0.6552299572737752,0.0003329352955254,0.0225688170113259,Yellow,PatchTST-FM,NIFTY
7,1199643381,1242,18,0.0144927536231884,0.135911081502852,0.4666641369888725,0.2523953060753027,2.2236537164597845,0.5298637748482236,0.0003228108173606,0.0225851208394568,Green,PatchTST-FM,NIFTY
0,1907149927,1806,23,0.012735326688815,0.2623685071327847,0.2974549914845152,0.3100899621818281,1.2562163170643783,1.0855693289685178,0.0005237893856064,0.0374946232775207,Green,PatchTST-FM,NIKKEI
1,880245663,1806,25,0.0138427464008859,0.1208873303873804,0.3568712227360014,0.1964533778567841,2.4057868060877325,0.8488734711911547,0.0005249440363814,0.0376196438600061,Green,PatchTST-FM,NIKKEI
2,3177063082,1806,26,0.0143964562569213,0.0781022783214269,0.388291618614568,0.1460040761156255,3.1039562609149733,0.7442852172117114,0.000539096998171,0.0377777815402587,Green,PatchTST-FM,NIKKEI
3,2609754861,1806,24,0.0132890365448504,0.1810771147850263,0.3265722390416038,0.2526874020881209,1.7887616629445038,0.9624425751821092,0.0005197924967961,0.0374845060219025,Green,PatchTST-FM,NIKKEI
4,2272872126,1806,28,0.0155038759689922,0.02961260688366,0.0754802819907379,0.0193389142474565,4.7316417141318645,3.1596301474451707,0.0005260781972166,0.0375199385560488,Green,PatchTST-FM,NIKKEI
5,3361257313,1806,23,0.012735326688815,0.2623685071327847,0.2974549914845152,0.3100899621818281,1.2562163170643783,1.0855693289685178,0.0005193764665351,0.0375171185239916,Green,PatchTST-FM,NIKKEI
6,1624557532,1806,29,0.0160575858250276,0.0173991186155519,0.4886099263532214,0.046531614487275,5.655660686825829,0.4795859450876492,0.0005288277772384,0.0372684971629596,Yellow,PatchTST-FM,NIKKEI
7,1909394077,1806,24,0.0132890365448504,0.1810771147850263,0.3265722390416038,0.2526874020881209,1.7887616629445038,0.9624425751821092,0.0005169303670653,0.037558416853834,Green,PatchTST-FM,NIKKEI
0,565682876,1858,24,0.0129171151776103,0.2265399348200411,0.31672862124321,0.2915828032899102,1.4624548323850457,1.0024076760453795,0.0004384659192648,0.0346056453709956,Green,PatchTST-FM,SP500
1,1591327424,1858,27,0.0145317545748116,0.0659455097556179,0.4084260735079003,0.1310376930109823,3.3811629081905146,0.6833776203292814,0.0004626393496169,0.0343041730063029,Green,PatchTST-FM,SP500
2,584944736,1858,25,0.0134553283100107,0.1550411578953336,0.3462044074993494,0.2334868936064284,2.021937969128784,0.8873206980986765,0.0004478620867112,0.0343433118475762,Green,PatchTST-FM,SP500
3,2796697093,1858,23,0.0123789020452099,0.3203738482326749,0.2884192984064952,0.3474263856069068,0.987419670983968,1.1269852818133757,0.000437851080376,0.0345598922419713,Green,PatchTST-FM,SP500
4,1003494157,1858,26,0.0139935414424111,0.1027369735267962,0.3767904765444174,0.178736890001583,2.662533560399531,0.7811473250928884,0.0004561381344856,0.0343697666028703,Green,PatchTST-FM,SP500
5,3278071741,1858,28,0.015069967707212,0.041025154000012,0.4410462493302546,0.0921564890735626,4.174975573787169,0.593558783713263,0.0004624554151317,0.0342861357778128,Green,PatchTST-FM,SP500
6,922397794,1858,25,0.0134553283100107,0.1550411578953336,0.3462044074993494,0.2334868936064284,2.021937969128784,0.8873206980986765,0.0004554317655738,0.034484657293927,Green,PatchTST-FM,SP500
7,3348437516,1858,25,0.0134553283100107,0.1550411578953336,0.3462044074993494,0.2334868936064284,2.021937969128784,0.8873206980986765,0.0004429120457194,0.0344803950825044,Green,PatchTST-FM,SP500
0,2889705196,1532,19,0.0124020887728459,0.3623971371968496,0.2326337812976025,0.3239626076621128,0.8295691712883446,1.4246851853119438,0.0003567214301242,0.0268184783203952,Green,PatchTST-FM,STOXX
1,836647736,1532,19,0.0124020887728459,0.3623971371968496,0.2326337812976025,0.3239626076621128,0.8295691712883446,1.4246851853119438,0.000364924225879,0.0268741064716414,Green,PatchTST-FM,STOXX
2,3434264797,1532,15,0.0097911227154047,0.9342859243899352,0.1353996949580508,0.3268879978960703,0.0067986148350633,2.229476746835985,0.0003380878936934,0.0267016431659728,Green,PatchTST-FM,STOXX
3,3657749508,1532,15,0.0097911227154047,0.9342859243899352,0.1353996949580508,0.3268879978960703,0.0067986148350633,2.229476746835985,0.0003576460113331,0.0267092052454131,Green,PatchTST-FM,STOXX
4,3711785151,1532,21,0.0137075718015665,0.1673463469766149,0.290951469483739,0.2207146445900899,1.9065558125398585,1.115213412924959,0.0003671611131239,0.0267855342740466,Green,PatchTST-FM,STOXX
5,1281584880,1532,19,0.0124020887728459,0.3623971371968496,0.0011340639816344,0.0033054498789724,0.8295691712883446,10.594796217160107,0.0003548179290858,0.0268234771538854,Green,PatchTST-FM,STOXX
6,1986621555,1532,17,0.0110966057441253,0.6716279950786792,0.0125858224925353,0.0406376698950336,0.1797037054844095,6.22641591974687,0.0003444190293023,0.0268772978770111,Green,PatchTST-FM,STOXX
7,3784403196,1532,15,0.0097911227154047,0.9342859243899352,0.0072015710153343,0.0269331945581468,0.0067986148350633,7.221992894525982,0.0003569369638337,0.0269457410544871,Green,PatchTST-FM,STOXX
0,1674551832,1665,20,0.012012012012012,0.4238211819547197,0.4854344439967621,0.5694054019429475,0.6396952255349202,0.486630008672904,0.0003384417653954,0.025606854845398,Green,PatchTST-FM,TLT
1,1608364890,1665,18,0.0108108108108108,0.7427532998361439,0.5303663918814341,0.7782515541328274,0.1077214459821598,0.3936894994259887,0.0003374683777247,0.02557446841406,Green,PatchTST-FM,TLT
2,3474667275,1665,22,0.0132132132132132,0.2091642448049341,0.442596043557583,0.3384523067702389,1.5772015758784796,0.58954260884326,0.0003426176616303,0.0256633954458007,Green,PatchTST-FM,TLT
3,2476636271,1665,16,0.0096096096096096,0.8719773455563147,0.5772604568146167,0.8450778878289595,0.025968469264668,0.3106844925899281,0.0003382624871488,0.0257033236885577,Green,PatchTST-FM,TLT
4,4112477036,1665,19,0.0114114114114114,0.5713404005137559,0.5076463456561633,0.6840801321893805,0.3204448974204155,0.4389155343750417,0.0003418534712285,0.0257704851451274,Green,PatchTST-FM,TLT
5,2524871410,1665,19,0.0114114114114114,0.5713404005137559,0.5076463456561633,0.6840801321893805,0.3204448974204155,0.4389155343750417,0.000341908026243,0.0256096763426869,Green,PatchTST-FM,TLT
6,1369188993,1665,18,0.0108108108108108,0.7427532998361439,0.5303663918814341,0.7782515541328274,0.1077214459821598,0.3936894994259887,0.0003445771739802,0.0256989869488628,Green,PatchTST-FM,TLT
7,420230792,1665,20,0.012012012012012,0.4238211819547197,0.4854344439967621,0.5694054019429475,0.6396952255349202,0.486630008672904,0.0003404243989823,0.025747980925479,Green,PatchTST-FM,TLT
0,109983471,1309,19,0.014514896867838,0.1240498227327732,0.4664150571615225,0.235053393443724,2.365428803539837,0.5304563654639196,0.0013732343954661,0.0966059168801191,Green,PatchTST-FM,UNG
1,1936507958,1309,17,0.0129870129870129,0.2990980999196377,0.5034159229655075,0.466279764174994,1.0782110559781204,0.4477278893998573,0.0013405856731966,0.0966098066116407,Green,PatchTST-FM,UNG
2,4042124442,1309,17,0.0129870129870129,0.2990980999196377,0.5034159229655075,0.466279764174994,1.0782110559781204,0.4477278893998573,0.0013283630469374,0.0964735965773066,Green,PatchTST-FM,UNG
3,2711805364,1309,18,0.0137509549274255,0.1968675782070447,0.4784729225118876,0.3382731663957182,1.6654611674867663,0.502341883116685,0.0013617733361881,0.0968726607003584,Green,PatchTST-FM,UNG
4,862039211,1309,19,0.014514896867838,0.1240498227327732,0.454202062596506,0.2315900241525754,2.365428803539837,0.5601444120965198,0.0013372271835555,0.0965855107426149,Green,PatchTST-FM,UNG
5,1356839246,1309,20,0.0152788388082505,0.0748988015092901,0.430622866145891,0.1500628899887272,3.1722586371171815,0.621142975206908,0.0013525423373128,0.0964523670408359,Green,PatchTST-FM,UNG
6,1578018520,1309,17,0.0129870129870129,0.2990980999196377,0.5034159229655075,0.466279764174994,1.0782110559781204,0.4477278893998573,0.0013402471227804,0.096322562861776,Green,PatchTST-FM,UNG
7,1611084397,1309,16,0.0122230710466004,0.4347035081168439,0.5290089241719498,0.6045569242296925,0.6102239323520768,0.396294959449051,0.0013056011607587,0.0966460409064839,Green,PatchTST-FM,UNG
0,2937221059,1923,26,0.0135205408216328,0.1408542056903513,0.3984157707233235,0.2367258880917523,2.168602275679371,0.7131025194084941,0.000216767647472,0.0159503524280508,Green,PatchTST-FM,USDJPY
1,377828450,1923,25,0.0130005200208008,0.2062267845664928,0.3336707560890093,0.2819124116455112,1.5977188370976163,0.9345988694843754,0.0002194930547786,0.0160732253818187,Green,PatchTST-FM,USDJPY
2,2771954398,1923,28,0.0145605824232969,0.0598510336229328,0.3628782476564931,0.1125106162938535,3.541507723104477,0.8279076663624778,0.0002254368612979,0.01593463439559,Green,PatchTST-FM,USDJPY
3,3305544363,1923,26,0.0135205408216328,0.1408542056903513,0.3984157707233235,0.2367258880917523,2.168602275679371,0.7131025194084941,0.0002138231490921,0.0159082334671002,Green,PatchTST-FM,USDJPY
4,586273341,1923,30,0.0156006240249609,0.0225272942719618,0.4914297017160182,0.0584845016775793,5.2045925444207874,0.473394432444195,0.0002219012468747,0.0160043089763849,Green,PatchTST-FM,USDJPY
5,999797523,1923,27,0.0140405616224648,0.0932425690690902,0.3803967955215779,0.1663850465818572,2.8174820639764473,0.769419173873132,0.0002215690588694,0.0159953345646352,Green,PatchTST-FM,USDJPY
6,2762263479,1923,27,0.0140405616224648,0.0932425690690902,0.3803967955215779,0.1663850465818572,2.8174820639764473,0.769419173873132,0.0002135582846547,0.0160473259305931,Green,PatchTST-FM,USDJPY
7,25235078,1923,24,0.0124804992199688,0.2925366138268022,0.4359306179708779,0.4242464784327624,1.1079104863436129,0.6069708648385586,0.0002231920343135,0.0159958943274117,Green,PatchTST-FM,USDJPY
0,175938132,1386,21,0.0151515151515151,0.073240200664778,0.4213118263428432,0.1454737150010852,3.2088666093965657,0.646653113811027,0.0009158549744678,0.0669133388791635,Green,PatchTST-FM,USO
1,2392564538,1386,24,0.0173160173160173,0.0131459131478438,0.3575499495360444,0.0302601459260718,6.1493671790503335,0.8464803174003919,0.0009925716712452,0.0669640516581378,Yellow,PatchTST-FM,USO
2,2279557253,1386,22,0.0158730158730158,0.0429353634446072,0.3993678220504522,0.0903479379215128,4.097945237509393,0.7102289333517149,0.0009564151936201,0.066575413020166,Green,PatchTST-FM,USO
3,1482644325,1386,26,0.0187590187590187,0.003473525269439,0.3185453172971901,0.0085003626579337,8.540383049307476,0.9949098522060352,0.0009941760772574,0.0670521826527478,Yellow,PatchTST-FM,USO
4,679181698,1386,19,0.0137085137085137,0.1889617700256408,0.2597696312108199,0.2236128541546662,1.725693836043087,1.2699842681141718,0.0009483599903152,0.0666899737824311,Green,PatchTST-FM,USO
5,3357664993,1386,25,0.018037518037518,0.0068796310531255,0.4713212595826193,0.0200103993204315,7.304129686755992,0.5188766623281253,0.0009733581919626,0.0667969573243685,Yellow,PatchTST-FM,USO
6,1018789262,1386,21,0.0151515151515151,0.073240200664778,0.3243270275068813,0.1236695952135533,3.2088666093965657,0.971417039305578,0.0009863613993828,0.066909683695098,Green,PatchTST-FM,USO
7,650800758,1386,23,0.0165945165945165,0.0242113203881681,0.3781106305012792,0.0534968151845452,5.079430563005644,0.776835749220254,0.0009225883390176,0.0672821080396182,Yellow,PatchTST-FM,USO
0,2005674334,1868,22,0.0117773019271948,0.4527008540074843,0.025653000130301,0.0625637778795998,0.5638807193058692,4.979256873628827,0.0003616329077293,0.0277513674684679,Green,Chronos-2,ASX200
1,2797128638,1868,25,0.0133832976445396,0.162291607714315,0.0441432510605663,0.0496921474497709,1.9527426748780885,4.05107403984448,0.0003580179376062,0.0278010616227285,Green,Chronos-2,ASX200
2,2395538200,1868,25,0.0133832976445396,0.162291607714315,0.0441432510605663,0.0496921474497709,1.9527426748780885,4.05107403984448,0.0003600191903474,0.0277486082107646,Green,Chronos-2,ASX200
3,287902987,1868,21,0.0112419700214132,0.5968258421889636,0.0209926967429461,0.0605912843942997,0.2798098997988107,5.327398536454126,0.0003526345301984,0.0278141817587128,Green,Chronos-2,ASX200
4,3254792723,1868,24,0.012847965738758,0.2360319616691611,0.0371699169497529,0.0565079661507609,1.404137998727645,4.342609315171671,0.0003610686284157,0.0276070522906126,Green,Chronos-2,ASX200
5,2425477895,1868,22,0.0117773019271948,0.4527008540074843,0.025653000130301,0.0625637778795998,0.5638807193058692,4.979256873628827,0.000357428022276,0.0278284839921162,Green,Chronos-2,ASX200
6,1381170406,1868,22,0.0117773019271948,0.4527008540074843,0.025653000130301,0.0625637778795998,0.5638807193058692,4.979256873628827,0.0003596701445889,0.0277982763432379,Green,Chronos-2,ASX200
7,3651182238,1868,22,0.0117773019271948,0.4527008540074843,0.025653000130301,0.0625637778795998,0.5638807193058692,4.979256873628827,0.0003571463175874,0.027822101526993,Green,Chronos-2,ASX200
0,1257043496,1430,14,0.0097902097902097,0.9362285372925968,0.5986503283750177,0.8678650592483468,0.0064017540837205,0.277036322121603,0.0002196628747601,0.0167674616681825,Green,Chronos-2,AUDUSD
1,1255387193,1430,16,0.0111888111888111,0.6574988061526941,0.5471999271228409,0.756186876552411,0.1965761297214898,0.3623573545633576,0.000225592571723,0.0168312666489614,Green,Chronos-2,AUDUSD
2,922553646,1430,15,0.0104895104895104,0.853566305874746,0.5726599793986771,0.8384845823267943,0.0340660906790393,0.3182520795111259,0.0002231723023297,0.0167787919937767,Green,Chronos-2,AUDUSD
3,65786403,1430,14,0.0097902097902097,0.9362285372925968,0.5986503283750177,0.8678650592483468,0.0064017540837205,0.277036322121603,0.0002195313979612,0.0167568631013796,Green,Chronos-2,AUDUSD
4,3956419645,1430,15,0.0104895104895104,0.853566305874746,0.5726599793986771,0.8384845823267943,0.0340660906790393,0.3182520795111259,0.0002213915958528,0.0167817992229362,Green,Chronos-2,AUDUSD
5,1925865388,1430,16,0.0111888111888111,0.6574988061526941,0.5471999271228409,0.756186876552411,0.1965761297214898,0.3623573545633576,0.0002221381088539,0.0167564282915424,Green,Chronos-2,AUDUSD
6,1312227814,1430,16,0.0111888111888111,0.6574988061526941,0.5471999271228409,0.756186876552411,0.1965761297214898,0.3623573545633576,0.0002259090351668,0.0167639170394187,Green,Chronos-2,AUDUSD
7,1820705009,1430,15,0.0104895104895104,0.853566305874746,0.5726599793986771,0.8384845823267943,0.0340660906790393,0.3182520795111259,0.0002202870039605,0.0167693970944215,Green,Chronos-2,AUDUSD
0,1151592851,1829,24,0.0131219245489338,0.2003810625984821,0.3221497056626808,0.2698478801504065,1.639594870285947,0.9801989009288264,0.0004770417422345,0.0377561895527273,Green,Chronos-2,BOVESPA
1,202323144,1829,23,0.0125751776927282,0.2872020916855331,0.2933948074896729,0.3268237223135961,1.1326909019272744,1.1039777559365405,0.0004946813177424,0.0376869715858645,Green,Chronos-2,BOVESPA
2,1452527977,1829,26,0.0142154182613449,0.0883894314155783,0.3831261712793538,0.1600842056009827,2.9034637935994194,0.7606468407636839,0.0004684179469829,0.0378084069884408,Green,Chronos-2,BOVESPA
3,152682065,1829,26,0.0142154182613449,0.0883894314155783,0.3863801567305596,0.160914252566501,2.9034637935994194,0.7503035036610299,0.0004845723590925,0.0377744940342369,Green,Chronos-2,BOVESPA
4,125211449,1829,24,0.0131219245489338,0.2003810625984821,0.3221497056626808,0.2698478801504065,1.639594870285947,0.9801989009288264,0.0004896070864373,0.0377376102429674,Green,Chronos-2,BOVESPA
5,1688655387,1829,21,0.0114816839803171,0.5338208954401686,0.2396184496865023,0.4127244562874195,0.3871129112306128,1.3828372582526072,0.0004760112322708,0.0378617525107298,Green,Chronos-2,BOVESPA
6,2600109512,1829,21,0.0114816839803171,0.5338208954401686,0.2396184496865023,0.4127244562874195,0.3871129112306128,1.3828372582526072,0.000472527916142,0.037761171803413,Green,Chronos-2,BOVESPA
7,984312955,1829,23,0.0125751776927282,0.2872020916855331,0.2933948074896729,0.3268237223135961,1.1326909019272744,1.1039777559365405,0.0004725548963445,0.0377265675112168,Green,Chronos-2,BOVESPA
0,3951021330,1157,16,0.013828867761452,0.2160078465987941,0.502744801379747,0.371607404362873,1.530697140071478,0.4491375531571009,0.0008564659846984,0.0673707158143123,Green,Chronos-2,BTC
1,1609495339,1157,19,0.0164217804667242,0.0445078470396729,0.4255148161885966,0.0967028440021428,4.037190978238598,0.6350339545316501,0.0009083836674145,0.0677240922446314,Yellow,Chronos-2,BTC
2,3732467935,1157,12,0.010371650821089,0.8995058623429903,0.6158435243238475,0.8747208610781662,0.0159480502754653,0.2517528685877153,0.0009191928181903,0.0679540036897607,Green,Chronos-2,BTC
3,862479880,1157,19,0.0164217804667242,0.0445078470396729,0.4255148161885966,0.0967028440021428,4.037190978238598,0.6350339545316501,0.0009119652289446,0.0671402253010018,Yellow,Chronos-2,BTC
4,531943046,1157,14,0.0121002592912705,0.4870084583210002,0.5579500403327377,0.6615316345410056,0.4831289067674857,0.3432660415029147,0.0008990435921296,0.0677479775639475,Green,Chronos-2,BTC
5,2786247394,1157,15,0.0129645635263612,0.3324524652903477,0.5299944235069063,0.5133169759981533,0.9393212291810736,0.3944022461967904,0.0009087490710447,0.0673493404267702,Green,Chronos-2,BTC
6,3660034085,1157,17,0.0146931719965427,0.1337087797663044,0.476231119868127,0.2520331964490203,2.248907407196043,0.5074815292160508,0.0009261446420181,0.067377000288821,Green,Chronos-2,BTC
7,1087560510,1157,14,0.0121002592912705,0.4870084583210002,0.5579500403327377,0.6615316345410056,0.4831289067674857,0.3432660415029147,0.0008618507368778,0.0677288333804601,Green,Chronos-2,BTC
0,3078024445,1010,11,0.0108910891089108,0.77903000878741,0.6224135477798778,0.8516254678716687,0.0787270010915339,0.2424898799114601,0.000144395196516,0.0121173233835871,Green,Chronos-2,CBU0
1,257625921,1010,9,0.0089108910891089,0.723023192731904,0.6873198020679092,0.8660537427982913,0.1256144403026686,0.162002187070783,0.0001453237336843,0.0121104768120979,Green,Chronos-2,CBU0
2,3862489028,1010,8,0.0079207920792079,0.4907391410382193,0.7206471478458532,0.7397896680358085,0.4749052419868813,0.1278734891524067,0.0001419249028481,0.0121054028002831,Green,Chronos-2,CBU0
3,4158424639,1010,11,0.0108910891089108,0.77903000878741,0.6224135477798778,0.8516254678716687,0.0787270010915339,0.2424898799114601,0.0001503764318243,0.0120929596651774,Green,Chronos-2,CBU0
4,322538735,1010,12,0.0118811881188118,0.5595280266552582,0.5909432758061866,0.730009432504751,0.3405220725808386,0.2888735747867486,0.000144675044512,0.0121219357355511,Green,Chronos-2,CBU0
5,3823444708,1010,10,0.0099009900990099,0.9747302503771116,0.6545566015677375,0.9042915462726526,0.001003383603189,0.2002035436875502,0.0001460022348301,0.0121019601712228,Green,Chronos-2,CBU0
6,3923092492,1010,8,0.0079207920792079,0.4907391410382193,0.7206471478458532,0.7397896680358085,0.4749052419868813,0.1278734891524067,0.0001425535670793,0.0121419643429818,Green,Chronos-2,CBU0
7,3405164289,1010,10,0.0099009900990099,0.9747302503771116,0.6545566015677375,0.9042915462726526,0.001003383603189,0.2002035436875502,0.0001476972753507,0.0121098978834912,Green,Chronos-2,CBU0
0,3646176492,765,15,0.0196078431372549,0.0182509521844252,0.0019581891051504,0.0005105049098052,5.571899433895437,9.58832117163601,0.0003540943234334,0.0248657396408532,Yellow,Chronos-2,DJCI
1,3703317018,765,14,0.0183006535947712,0.0386715459147695,0.0226657113524862,0.0087860376199403,4.275238083983382,5.193944819281683,0.0003368082876038,0.0248267178844161,Yellow,Chronos-2,DJCI
2,589796953,765,13,0.0169934640522875,0.0771368391508254,0.0162659563586179,0.0116895945392125,3.124218719315767,5.7738936577095075,0.0003395795471891,0.0248939755558386,Yellow,Chronos-2,DJCI
3,4108682696,765,15,0.0196078431372549,0.0182509521844252,0.0307428437790532,0.0059785193746974,5.571899433895437,4.66726524186663,0.0003481251170437,0.0248534589912051,Yellow,Chronos-2,DJCI
4,2847403450,765,16,0.0209150326797385,0.008129782484821,0.0407291937596068,0.0037128584840741,7.004659726031921,4.187246710264645,0.000355130316838,0.0248392921057681,Yellow,Chronos-2,DJCI
5,4051507893,765,13,0.0169934640522875,0.0771368391508254,0.0162659563586179,0.0116895945392125,3.124218719315767,5.7738936577095075,0.0003442747824026,0.0247502966393181,Yellow,Chronos-2,DJCI
6,1489807661,765,13,0.0169934640522875,0.0771368391508254,0.0162659563586179,0.0116895945392125,3.124218719315767,5.7738936577095075,0.0003391449631386,0.0247020464956921,Yellow,Chronos-2,DJCI
7,2419153271,765,12,0.0156862745098039,0.144454216119145,0.1761843803056696,0.1381123165602175,2.129857166039423,1.8295189074300708,0.0003522321469449,0.024783285197661,Green,Chronos-2,DJCI
0,1050807701,812,10,0.0123152709359605,0.5222239616687067,0.6172903585126441,0.7192137839815833,0.4094988839832889,0.2496943766052766,0.0012118495026031,0.1067804381298599,Green,Chronos-2,ETH
1,2686524410,812,11,0.0135467980295566,0.3351845881773436,0.1343661647024372,0.2049392167936661,0.9287629115580228,2.2413207829521724,0.0012321860075055,0.1073373689968424,Green,Chronos-2,ETH
2,3439297687,812,13,0.0160098522167487,0.1134290428340271,0.1983650550386769,0.1249205460052658,2.505783735527645,1.6543710159470493,0.0012800453680142,0.107404914899161,Yellow,Chronos-2,ETH
3,3309070533,812,11,0.0135467980295566,0.3351845881773436,0.1343661647024372,0.2049392167936661,0.9287629115580228,2.2413207829521724,0.0012085735609406,0.1069568411856755,Green,Chronos-2,ETH
4,2773067970,812,13,0.0160098522167487,0.1134290428340271,0.5151572514449176,0.2311517900067155,2.505783735527645,0.423577633791524,0.0013030042934506,0.1072695151399902,Yellow,Chronos-2,ETH
5,2582688620,812,10,0.0123152709359605,0.5222239616687067,0.6172903585126441,0.7192137839815833,0.4094988839832889,0.2496943766052766,0.001272704068188,0.106396916689094,Green,Chronos-2,ETH
6,2806557301,812,13,0.0160098522167487,0.1134290428340271,0.1983650550386769,0.1249205460052658,2.505783735527645,1.6543710159470493,0.0013035412592775,0.1077648083965509,Yellow,Chronos-2,ETH
7,3550362543,812,11,0.0135467980295566,0.3351845881773436,0.5823134297211177,0.5402970370256941,0.9287629115580228,0.3025095326219258,0.0012749800440682,0.1065404621276459,Green,Chronos-2,ETH
0,3047761175,1617,20,0.0123685837971552,0.3559435188333466,0.4789442695659189,0.508286284286259,0.8521546241530462,0.5012662526363556,0.000146618479663,0.0118213360252309,Green,Chronos-2,EURUSD
1,906696094,1617,23,0.0142238713667285,0.1084500794665253,0.4150885493423567,0.1978154326018559,2.576662925103399,0.6641787580847449,0.0001460932910113,0.0117490081553269,Green,Chronos-2,EURUSD
2,1152425783,1617,23,0.0142238713667285,0.1084500794665253,0.4254903373632926,0.2007124431732964,2.576662925103399,0.6351011273591212,0.0001470970132987,0.011692842729294,Green,Chronos-2,EURUSD
3,3971563130,1617,18,0.0111317254174397,0.6532719966394398,0.5242545025139073,0.7381135277750996,0.2017998099529485,0.4055154591249845,0.0001478041552571,0.0117546823192018,Green,Chronos-2,EURUSD
4,511060324,1617,20,0.0123685837971552,0.3559435188333466,0.4789442695659189,0.508286284286259,0.8521546241530462,0.5012662526363556,0.000144226836456,0.0117177147815271,Green,Chronos-2,EURUSD
5,1757555969,1617,18,0.0111317254174397,0.6532719966394398,0.5242545025139073,0.7381135277750996,0.2017998099529485,0.4055154591249845,0.0001447501319408,0.0117767748147608,Green,Chronos-2,EURUSD
6,1086435306,1617,18,0.0111317254174397,0.6532719966394398,0.5242545025139073,0.7381135277750996,0.2017998099529485,0.4055154591249845,0.0001444381859136,0.0117642003323238,Green,Chronos-2,EURUSD
7,2606209868,1617,20,0.0123685837971552,0.3559435188333466,0.4789442695659189,0.508286284286259,0.8521546241530462,0.5012662526363556,0.0001434534330715,0.0117219226896928,Green,Chronos-2,EURUSD
0,4038213121,1891,21,0.0111052353252247,0.6350613697259397,0.2309702059863906,0.4360196041771566,0.2252594555773459,1.4348766902923842,0.0004687222895255,0.0357002733587603,Green,Chronos-2,FCHI
1,996834131,1891,24,0.0126916975145425,0.2587797610142784,0.0362535804298915,0.0590007547754003,1.2752731796100854,4.385136905099614,0.0004817165586765,0.0356624679991359,Green,Chronos-2,FCHI
2,3725376411,1891,26,0.0137493389740877,0.1210270357909805,0.0045656105051012,0.0053859579008121,2.403979366398218,8.043940835669673,0.0004706590567543,0.035712585477089,Green,Chronos-2,FCHI
3,1882285108,1891,25,0.0132205182443151,0.1798237952416107,0.0430613513256505,0.0525476006097171,1.7990796937989213,4.092991989978486,0.0004789190268438,0.0355235167446885,Green,Chronos-2,FCHI
4,196487091,1891,29,0.0153358011634056,0.0305946024373194,0.4660551851134762,0.0740185011382872,4.675566963712097,0.5313134395765928,0.0004828539723059,0.0356601287009863,Green,Chronos-2,FCHI
5,2031831455,1891,25,0.0132205182443151,0.1798237952416107,0.0430613513256505,0.0525476006097171,1.7990796937989213,4.092991989978486,0.0004871630439821,0.0357623757583143,Green,Chronos-2,FCHI
6,810336569,1891,24,0.0126916975145425,0.2587797610142784,0.0362535804298915,0.0590007547754003,1.2752731796100854,4.385136905099614,0.0004812667047671,0.0356591607280702,Green,Chronos-2,FCHI
7,937638525,1891,26,0.0137493389740877,0.1210270357909805,0.3698112823453725,0.2010626067710275,2.403979366398218,0.8042985194998096,0.000481160064011,0.0356989200080818,Green,Chronos-2,FCHI
0,510241819,1867,25,0.0133904659882163,0.1615564690397098,0.0441911870958547,0.0495675336166647,1.959596589710568,4.049241857793561,0.0004022190380617,0.0297813549948569,Green,Chronos-2,FTSE100
1,1053558844,1867,28,0.0149973219068023,0.0433109868474071,0.0706697431968758,0.0253415772338823,4.083222364223378,3.2673953621239207,0.000400567873706,0.0298342190887324,Green,Chronos-2,FTSE100
2,705729924,1867,23,0.012319228709159,0.3310824080400835,0.0310599038228028,0.0609833689518566,0.9446595129106968,4.649648671320108,0.0004020918854052,0.0298316202956247,Green,Chronos-2,FTSE100
3,1925068210,1867,27,0.0144617032672737,0.0693128319207542,0.0608673184537818,0.0331601645102274,3.2992189828390934,3.5135929924064726,0.0003903768941069,0.0298058892713424,Green,Chronos-2,FTSE100
4,3934877219,1867,23,0.012319228709159,0.3310824080400835,0.0310599038228028,0.0609833689518566,0.9446595129106968,4.649648671320108,0.0003991375293255,0.0298452298403132,Green,Chronos-2,FTSE100
5,3606318121,1867,25,0.0133904659882163,0.1615564690397098,0.0441911870958547,0.0495675336166647,1.959596589710568,4.049241857793561,0.0003863806674815,0.0298137861339425,Green,Chronos-2,FTSE100
6,3847043858,1867,27,0.0144617032672737,0.0693128319207542,0.0608673184537818,0.0331601645102274,3.2992189828390934,3.5135929924064726,0.0003978221840062,0.0298394330253212,Green,Chronos-2,FTSE100
7,1926525963,1867,27,0.0144617032672737,0.0693128319207542,0.0608673184537818,0.0331601645102274,3.2992189828390934,3.5135929924064726,0.0004100380676646,0.0296951074611627,Green,Chronos-2,FTSE100
0,2004872801,1621,19,0.0117211597779148,0.4977839421052801,0.2185441596296504,0.3727745442200322,0.4596578045167625,1.5139051578305498,0.0001958087473922,0.0149867560688346,Green,Chronos-2,GBPUSD
1,2123121536,1621,15,0.0092535471930906,0.7596891835304604,0.1270500436196805,0.2979362090740477,0.0935680626368453,2.3281836951661603,0.000186945552886,0.0149705643000563,Green,Chronos-2,GBPUSD
2,2439029498,1621,16,0.0098704503392967,0.9581030103021212,0.1475274625648441,0.3498691937979975,0.0027598467831707,2.097632005936049,0.000183801485855,0.0149579418217025,Green,Chronos-2,GBPUSD
3,737038580,1621,18,0.0111042566317088,0.6606289192092782,0.1932991024808424,0.3896422433590276,0.1927605253240396,1.6922920458333408,0.000181204234963,0.0150209082885869,Green,Chronos-2,GBPUSD
4,757322760,1621,15,0.0092535471930906,0.7596891835304604,0.1270500436196805,0.2979362090740477,0.0935680626368453,2.3281836951661603,0.0001876049285122,0.0150136113605997,Green,Chronos-2,GBPUSD
5,2290166551,1621,19,0.0117211597779148,0.4977839421052801,0.2185441596296504,0.3727745442200322,0.4596578045167625,1.5139051578305498,0.0001904844734824,0.0149918165158627,Green,Chronos-2,GBPUSD
6,151827835,1621,18,0.0111042566317088,0.6606289192092782,0.1932991024808424,0.3896422433590276,0.1927605253240396,1.6922920458333408,0.0001908626725534,0.0149959603240574,Green,Chronos-2,GBPUSD
7,205093496,1621,17,0.0104873534855027,0.8448834779041368,0.1696172683760005,0.382012872980168,0.0382792445600614,1.886322699524726,0.0001852790749204,0.014933264044869,Green,Chronos-2,GBPUSD
0,372366426,1878,28,0.0149094781682641,0.0462388322398123,0.4361593763819817,0.1013050318389264,3.9728724214804103,0.6063659711521154,0.0004701739951194,0.0367093349632655,Green,Chronos-2,GDAXI
1,1784957605,1878,28,0.0149094781682641,0.0462388322398123,0.3571021950726755,0.0897735044387409,3.9728724214804103,0.8480583745267154,0.0004697725924999,0.0367198069065682,Green,Chronos-2,GDAXI
2,1638712327,1878,24,0.0127795527156549,0.245765642068276,0.3130870641693616,0.3065386742598094,1.347214673991573,1.017608028554264,0.0004475754233205,0.0366267395806305,Green,Chronos-2,GDAXI
3,3764561619,1878,22,0.0117145899893503,0.4672048608641068,0.2582790670543045,0.405242953655511,0.5285790709428353,1.2779579413888769,0.0004615872672865,0.0365867990440736,Green,Chronos-2,GDAXI
4,3645228075,1878,24,0.0127795527156549,0.245765642068276,0.4304118317515473,0.3736397043591515,1.347214673991573,0.6217119324543887,0.0004623103770721,0.0367756287241633,Green,Chronos-2,GDAXI
5,1335824155,1878,26,0.0138445154419595,0.1135658019917112,0.3725320995303461,0.1921376564950723,2.503885483962817,0.7952009219096112,0.0004663491578087,0.0367466809917751,Green,Chronos-2,GDAXI
6,2763832486,1878,26,0.0138445154419595,0.1135658019917112,0.3725320995303461,0.1921376564950723,2.503885483962817,0.7952009219096112,0.0004676117580767,0.0366321564973105,Green,Chronos-2,GDAXI
7,4193263194,1878,26,0.0138445154419595,0.1135658019917112,0.3725320995303461,0.1921376564950723,2.503885483962817,0.7952009219096112,0.0004637325923158,0.0366470299857986,Green,Chronos-2,GDAXI
0,1162089439,1490,19,0.0127516778523489,0.3058847439730927,0.2398832680125498,0.296763227365522,1.0483615265783204,1.3812798181841115,0.0004565781989166,0.0329727749395454,Green,Chronos-2,GLD
1,1647089607,1490,17,0.0114093959731543,0.5928188991002421,0.1863738107209279,0.3620373860280108,0.2859635051060598,1.7460520872309928,0.0004506610234732,0.0330627482588089,Green,Chronos-2,GLD
2,3366853554,1490,20,0.0134228187919463,0.2069699609278021,0.4605305140371066,0.3435061608640991,1.592495483232149,0.5446049806134283,0.0004600879193957,0.0330505446238075,Green,Chronos-2,GLD
3,3939853986,1490,18,0.0120805369127516,0.4344495217656254,0.2122918391325939,0.3384721590016654,0.610898999107576,1.555727877214565,0.0004541807675095,0.0331455998968948,Green,Chronos-2,GLD
4,1694604472,1490,19,0.0127516778523489,0.3058847439730927,0.2398832680125498,0.296763227365522,1.0483615265783204,1.3812798181841115,0.0004494102561872,0.033176428403153,Green,Chronos-2,GLD
5,2729850563,1490,15,0.0100671140939597,0.979250837708018,0.1397060649611368,0.3359022529491399,0.0006764238783598,2.181193726490477,0.0004731160790959,0.0330991180183198,Green,Chronos-2,GLD
6,2636691846,1490,16,0.010738255033557,0.7771608771414533,0.1621686659574639,0.3616806617707017,0.0801007845729495,1.9538864279954,0.0004553605051089,0.0329969866741913,Green,Chronos-2,GLD
7,2598948094,1490,17,0.0114093959731543,0.5928188991002421,0.1863738107209279,0.3620373860280108,0.2859635051060598,1.7460520872309928,0.0004576598589706,0.0332325385744302,Green,Chronos-2,GLD
0,1485637071,1817,20,0.0110071546505228,0.6711344511854109,0.5045067413860329,0.7313517488874581,0.1802779875927194,0.4454435050831762,0.0005503326531913,0.0387695990302815,Green,Chronos-2,HSI
1,982354924,1817,20,0.0110071546505228,0.6711344511854109,0.5045067413860329,0.7313517488874581,0.1802779875927194,0.4454435050831762,0.0005547807802362,0.0388645502513342,Green,Chronos-2,HSI
2,559076495,1817,19,0.0104567969179966,0.8459808507562696,0.526167181553971,0.8027110487581546,0.0377327068872697,0.4017882320063393,0.000557484806704,0.0388210699710359,Green,Chronos-2,HSI
3,275472485,1817,23,0.0126582278481012,0.2740809173179563,0.4423848257141333,0.4093649218004002,1.1962078949146004,0.5900886878823997,0.0005538701743752,0.038886846330873,Green,Chronos-2,HSI
4,3572640082,1817,15,0.0082553659878921,0.4409024095237185,0.6171708012608704,0.6558006940328546,0.5939326355349532,0.2498640770102156,0.0005435405610231,0.0389634975314072,Green,Chronos-2,HSI
5,1746472515,1817,23,0.0126582278481012,0.2740809173179563,0.2955002972953872,0.3181286034204005,1.1962078949146004,1.094391234451933,0.0005577272325086,0.0387770011736391,Green,Chronos-2,HSI
6,994076089,1817,18,0.0099064391854705,0.9679779028240122,0.5482805817569016,0.8344278286646372,0.0016115830639318,0.36040646522477,0.0005516377063987,0.0387752062222343,Green,Chronos-2,HSI
7,1718041330,1817,22,0.0121078701155751,0.3820591891314051,0.4626027388671653,0.5210924802641727,0.7640656049676782,0.5395898903832403,0.0005617980009987,0.0387058479792412,Green,Chronos-2,HSI
0,3958785211,1260,15,0.0119047619047619,0.5094375649113358,0.5475386451644981,0.6713372623126419,0.435222183239949,0.3617451005348755,0.0002330855548718,0.0205848119602591,Green,Chronos-2,IBGL
1,4071519779,1260,18,0.0142857142857142,0.1508426824223168,0.4699141451181718,0.2744618150902361,2.063708410876611,0.5221778588198731,0.0002470546679964,0.0205682128463979,Green,Chronos-2,IBGL
2,3751400934,1260,15,0.0119047619047619,0.5094375649113358,0.5475386451644981,0.6713372623126419,0.435222183239949,0.3617451005348755,0.0002399950484401,0.0205584051464447,Green,Chronos-2,IBGL
3,1195661749,1260,16,0.0126984126984126,0.3554748290088271,0.5209975794026842,0.5310668279494886,0.8538167723064056,0.4119180529872039,0.0002332954648168,0.0205791223150792,Green,Chronos-2,IBGL
4,3350312510,1260,22,0.0174603174603174,0.0160789278544063,0.3763533480101482,0.0373134709277223,5.794222075276231,0.7825796580325175,0.0002496894944314,0.0206099502326953,Yellow,Chronos-2,IBGL
5,3341193387,1260,14,0.0111111111111111,0.696948046133079,0.5747094060448682,0.7919427427633958,0.1516662948166725,0.3148660737268187,0.0002360799688833,0.0206041264393911,Green,Chronos-2,IBGL
6,3491144081,1260,16,0.0126984126984126,0.3554748290088271,0.5209975794026842,0.5310668279494886,0.8538167723064056,0.4119180529872039,0.0002422283502806,0.0206984106932686,Green,Chronos-2,IBGL
7,84014186,1260,19,0.015079365079365,0.0918815873616381,0.4454196865165337,0.1805607730701973,2.84109487937838,0.5822808505573391,0.0002475256043938,0.020578604495524,Green,Chronos-2,IBGL
0,3172968516,1219,15,0.0123051681706316,0.4349475869868269,0.5407916333390149,0.6115092801529028,0.6095757645899269,0.3740745312556726,0.0006106483874296,0.0477464979051314,Green,Chronos-2,ICLN
1,605632127,1219,16,0.0131255127153404,0.2953285171688558,0.5139733991739299,0.4674000721116945,1.0951700865536722,0.4259693186358788,0.000603363777992,0.047587486049751,Green,Chronos-2,ICLN
2,3074082172,1219,15,0.0123051681706316,0.4349475869868269,0.5407916333390149,0.6115092801529028,0.6095757645899269,0.3740745312556726,0.0006042514906415,0.0477506919345509,Green,Chronos-2,ICLN
3,3730050116,1219,16,0.0131255127153404,0.2953285171688558,0.5139733991739299,0.4674000721116945,1.0951700865536722,0.4259693186358788,0.000609706471785,0.0477032996930124,Green,Chronos-2,ICLN
4,1170952957,1219,16,0.0131255127153404,0.2953285171688558,0.5139733991739299,0.4674000721116945,1.0951700865536722,0.4259693186358788,0.0006087757999705,0.0475168777306593,Green,Chronos-2,ICLN
5,2548078809,1219,16,0.0131255127153404,0.2953285171688558,0.5139733991739299,0.4674000721116945,1.0951700865536722,0.4259693186358788,0.0005965531146965,0.0478184103361125,Green,Chronos-2,ICLN
6,2032538386,1219,17,0.0139458572600492,0.1913089587593883,0.4878423391562095,0.3347420460527589,1.707508426731481,0.4812816843709697,0.0006017799629418,0.0476910096381231,Green,Chronos-2,ICLN
7,914453849,1219,15,0.0123051681706316,0.4349475869868269,0.5407916333390149,0.6115092801529028,0.6095757645899269,0.3740745312556726,0.0006040611778094,0.0475802275811481,Green,Chronos-2,ICLN
0,807172479,1242,17,0.0136876006441223,0.2161334383895475,0.4919596542319115,0.367493823879254,1.5298601270467405,0.4722374054356635,0.0003276437951141,0.0248800621329026,Green,Chronos-2,NIFTY
1,1421294175,1242,19,0.0152979066022544,0.081725441918342,0.4420873320020051,0.1635634864113474,3.030249630694936,0.5908585051418243,0.0003275457337499,0.0248672076836545,Green,Chronos-2,NIFTY
2,1480648680,1242,17,0.0136876006441223,0.2161334383895475,0.4919596542319115,0.367493823879254,1.5298601270467405,0.4722374054356635,0.0003253826917769,0.0248266306234754,Green,Chronos-2,NIFTY
3,2077249485,1242,18,0.0144927536231884,0.135911081502852,0.4666641369888725,0.2523953060753027,2.2236537164597845,0.5298637748482236,0.0003304046058017,0.0248382387160206,Green,Chronos-2,NIFTY
4,4265970276,1242,14,0.0112721417069243,0.6587789429293679,0.5719171040504072,0.7731766049893706,0.1950102440355072,0.319485334947359,0.0003209174357211,0.0248858302227073,Green,Chronos-2,NIFTY
5,1694036045,1242,17,0.0136876006441223,0.2161334383895475,0.4919596542319115,0.367493823879254,1.5298601270467405,0.4722374054356635,0.0003185126660987,0.0247573462071404,Green,Chronos-2,NIFTY
6,1432557187,1242,16,0.0128824476650563,0.328344979834638,0.5179511818631455,0.5032377132474579,0.9554141909884796,0.4179710681497397,0.0003238348401013,0.0248700605202639,Green,Chronos-2,NIFTY
7,3019581951,1242,18,0.0144927536231884,0.135911081502852,0.4666641369888725,0.2523953060753027,2.2236537164597845,0.5298637748482236,0.0003291147344385,0.0247707201775509,Green,Chronos-2,NIFTY
0,2130708384,1806,24,0.0132890365448504,0.1810771147850263,0.3265722390416038,0.2526874020881209,1.7887616629445038,0.9624425751821092,0.0005007185068206,0.0406482023129905,Green,Chronos-2,NIKKEI
1,139305845,1806,23,0.012735326688815,0.2623685071327847,0.2974549914845152,0.3100899621818281,1.2562163170643783,1.0855693289685178,0.0005037096469107,0.0406865319130754,Green,Chronos-2,NIKKEI
2,2108387407,1806,24,0.0132890365448504,0.1810771147850263,0.3265722390416038,0.2526874020881209,1.7887616629445038,0.9624425751821092,0.0005112653901029,0.0407037647414958,Green,Chronos-2,NIKKEI
3,21646556,1806,21,0.0116279069767441,0.4979052607227683,0.2429811350677648,0.4019986622230451,0.4593984112599072,1.3632146250841402,0.0005087960857982,0.0405739253148849,Green,Chronos-2,NIKKEI
4,2050691145,1806,25,0.0138427464008859,0.1208873303873804,0.3568712227360014,0.1964533778567841,2.4057868060877325,0.8488734711911547,0.0005058188794517,0.040662791111035,Green,Chronos-2,NIKKEI
5,18144405,1806,22,0.0121816168327796,0.3675955146687643,0.2695747035746521,0.3622780656594027,0.8117766152197721,1.2189098344643696,0.0005004940101821,0.0407644125605051,Green,Chronos-2,NIKKEI
6,2512196495,1806,25,0.0138427464008859,0.1208873303873804,0.0472653014177918,0.041967782684294,2.4057868060877325,3.93591926191175,0.0005059364470272,0.0404858471197601,Green,Chronos-2,NIKKEI
7,3030948805,1806,25,0.0138427464008859,0.1208873303873804,0.3568712227360014,0.1964533778567841,2.4057868060877325,0.8488734711911547,0.0005107455505077,0.0406751064527201,Green,Chronos-2,NIKKEI
0,3428731327,1858,24,0.0129171151776103,0.2265399348200411,0.4279075783779396,0.3515246831382477,1.4624548323850457,0.6284958634098814,0.000428159830439,0.0334184984605847,Green,Chronos-2,SP500
1,621596060,1858,25,0.0134553283100107,0.1550411578953336,0.3462044074993494,0.2334868936064284,2.021937969128784,0.8873206980986765,0.0004297635119258,0.0334038745319452,Green,Chronos-2,SP500
2,3320929535,1858,22,0.0118406889128094,0.4384031917799934,0.4676458567484469,0.5689312258935517,0.6004583668788879,0.5275330741968389,0.0004254674004009,0.0333949666919887,Green,Chronos-2,SP500
3,3779337202,1858,24,0.0129171151776103,0.2265399348200411,0.4279075783779396,0.3515246831382477,1.4624548323850457,0.6284958634098814,0.0004227847405297,0.0334999951725744,Green,Chronos-2,SP500
4,1099819758,1858,22,0.0118406889128094,0.4384031917799934,0.4676458567484469,0.5689312258935517,0.6004583668788879,0.5275330741968389,0.0004294038628971,0.03336487258359,Green,Chronos-2,SP500
5,72633192,1858,26,0.0139935414424111,0.1027369735267962,0.3767904765444174,0.178736890001583,2.662533560399531,0.7811473250928884,0.0004240462224037,0.0332957042576445,Green,Chronos-2,SP500
6,1777550858,1858,23,0.0123789020452099,0.3203738482326749,0.4475314673034543,0.4574178543434383,0.987419670983968,0.5768962564877711,0.0004332515115308,0.0334408737308499,Green,Chronos-2,SP500
7,2336126340,1858,19,0.0102260495156081,0.922276425588129,0.5308180422890953,0.8177715484931526,0.0095192467632072,0.3928252771491713,0.0004211590067553,0.0333328081326954,Green,Chronos-2,SP500
0,3383005240,1532,17,0.0110966057441253,0.6716279950786792,0.0125858224925353,0.0406376698950336,0.1797037054844095,6.22641591974687,0.0003661014198973,0.0284283264139011,Green,Chronos-2,STOXX
1,3249217433,1532,18,0.0117493472584856,0.5030996693569209,0.2058365015835569,0.3590005734129409,0.4483917675005644,1.60047081898864,0.0003706198854728,0.0282696450889011,Green,Chronos-2,STOXX
2,4147905562,1532,19,0.0124020887728459,0.3623971371968496,0.0205082032471451,0.045101538672968,0.8295691712883446,5.368108660988099,0.0003765744169646,0.0283257562415443,Green,Chronos-2,STOXX
3,762389578,1532,18,0.0117493472584856,0.5030996693569209,0.2058365015835569,0.3590005734129409,0.4483917675005644,1.60047081898864,0.0003628411042019,0.0284151069204406,Green,Chronos-2,STOXX
4,1869706401,1532,15,0.0097911227154047,0.9342859243899352,0.1353996949580508,0.3268879978960703,0.0067986148350633,2.229476746835985,0.0003654800318695,0.0284222404634328,Green,Chronos-2,STOXX
5,4150689578,1532,16,0.010443864229765,0.8623750701278835,0.0096144964195786,0.0344754938150501,0.0300507756888772,6.704962287403191,0.0003775849383274,0.0283281622617671,Green,Chronos-2,STOXX
6,3384957226,1532,16,0.010443864229765,0.8623750701278835,0.0096144964195786,0.0344754938150501,0.0300507756888772,6.704962287403191,0.0003738205728701,0.0282630501230973,Green,Chronos-2,STOXX
7,2279551508,1532,17,0.0110966057441253,0.6716279950786792,0.0125858224925353,0.0406376698950336,0.1797037054844095,6.22641591974687,0.0003669586845416,0.028301387663083,Green,Chronos-2,STOXX
0,562947643,1665,22,0.0132132132132132,0.2091642448049341,0.442596043557583,0.3384523067702389,1.5772015758784796,0.58954260884326,0.0003079939897619,0.0258829638151198,Green,Chronos-2,TLT
1,3514629536,1665,19,0.0114114114114114,0.5713404005137559,0.5076463456561633,0.6840801321893805,0.3204448974204155,0.4389155343750417,0.0003120688485189,0.0258308326720782,Green,Chronos-2,TLT
2,966736736,1665,20,0.012012012012012,0.4238211819547197,0.4854344439967621,0.5694054019429475,0.6396952255349202,0.486630008672904,0.0003150442126044,0.0258958965774029,Green,Chronos-2,TLT
3,3895212993,1665,21,0.0126126126126126,0.3031688745231335,0.4637463312157096,0.4499943350836195,1.060203067583922,0.5368375024162333,0.0003136472130357,0.0259412862365739,Green,Chronos-2,TLT
4,3319899486,1665,22,0.0132132132132132,0.2091642448049341,0.442596043557583,0.3384523067702389,1.5772015758784796,0.58954260884326,0.0003183928500013,0.0258602440832766,Green,Chronos-2,TLT
5,3559580998,1665,19,0.0114114114114114,0.5713404005137559,0.5076463456561633,0.6840801321893805,0.3204448974204155,0.4389155343750417,0.0003139629948931,0.0259228924305342,Green,Chronos-2,TLT
6,2022300530,1665,24,0.0144144144144144,0.0894793130039902,0.4019569580368198,0.1664450530656772,2.8837159725679022,0.7024640987221176,0.0003143736662683,0.0259059894344151,Green,Chronos-2,TLT
7,4261598372,1665,20,0.012012012012012,0.4238211819547197,0.4854344439967621,0.5694054019429475,0.6396952255349202,0.486630008672904,0.0003102867540858,0.0259155485155299,Green,Chronos-2,TLT
0,1917403388,1309,22,0.0168067226890756,0.0241207114681408,0.3967148586856984,0.0549079840969003,5.085931818466648,0.7182612039823653,0.0013166976735429,0.098304366629269,Yellow,Chronos-2,UNG
1,502143597,1309,19,0.014514896867838,0.1240498227327732,0.4664150571615225,0.235053393443724,2.365428803539837,0.5304563654639196,0.0013144872010293,0.0984459868471927,Green,Chronos-2,UNG
2,1510084007,1309,17,0.0129870129870129,0.2990980999196377,0.5034159229655075,0.466279764174994,1.0782110559781204,0.4477278893998573,0.0012798116630366,0.0983257422586382,Green,Chronos-2,UNG
3,1835139956,1309,19,0.014514896867838,0.1240498227327732,0.2765674939808751,0.1695420228106609,2.365428803539837,1.183880117865101,0.0012598457648205,0.0980646255141689,Green,Chronos-2,UNG
4,1835654657,1309,18,0.0137509549274255,0.1968675782070447,0.4784729225118876,0.3382731663957182,1.6654611674867663,0.502341883116685,0.0012555400410718,0.0981473519389244,Green,Chronos-2,UNG
5,2909234723,1309,22,0.0168067226890756,0.0241207114681408,0.3856043277007654,0.0539690212430439,5.085931818466648,0.7527583369732724,0.0012634889254009,0.0983047064063337,Yellow,Chronos-2,UNG
6,2026886627,1309,18,0.0137509549274255,0.1968675782070447,0.4784729225118876,0.3382731663957182,1.6654611674867663,0.502341883116685,0.0012713014062269,0.0981903964979808,Green,Chronos-2,UNG
7,1946919892,1309,17,0.0129870129870129,0.2990980999196377,0.5034159229655075,0.466279764174994,1.0782110559781204,0.4477278893998573,0.0012892376205751,0.0982897984660839,Green,Chronos-2,UNG
0,1590306393,1923,25,0.0130005200208008,0.2062267845664928,0.3336707560890093,0.2819124116455112,1.5977188370976163,0.9345988694843754,0.0002201995333399,0.0163131931294333,Green,Chronos-2,USDJPY
1,2387962530,1923,26,0.0135205408216328,0.1408542056903513,0.3984157707233235,0.2367258880917523,2.168602275679371,0.7131025194084941,0.0002170309800065,0.0162995862789186,Green,Chronos-2,USDJPY
2,639273877,1923,25,0.0130005200208008,0.2062267845664928,0.4169293802455908,0.3235710576385567,1.5977188370976163,0.6589542358861422,0.0002250986774349,0.0163661004981123,Green,Chronos-2,USDJPY
3,3055044949,1923,21,0.0109204368174727,0.6893563627462121,0.4957717297405483,0.7320698137110828,0.1597830208531232,0.4639757704396459,0.0002166042416484,0.0163163592220935,Green,Chronos-2,USDJPY
4,27607718,1923,21,0.0109204368174727,0.6893563627462121,0.4957717297405483,0.7320698137110828,0.1597830208531232,0.4639757704396459,0.0002176116648442,0.0163087715681655,Green,Chronos-2,USDJPY
5,4246335557,1923,24,0.0124804992199688,0.2925366138268022,0.4359306179708779,0.4242464784327624,1.1079104863436129,0.6069708648385586,0.000219373411561,0.0162942970390193,Green,Chronos-2,USDJPY
6,4142103326,1923,23,0.0119604784191367,0.4019406482931702,0.2778157104949643,0.3905776459945919,0.7025127842728827,1.177744199914741,0.0002185535541283,0.0162889120686752,Green,Chronos-2,USDJPY
7,2506418068,1923,28,0.0145605824232969,0.0598510336229328,0.3628782476564931,0.1125106162938535,3.541507723104477,0.8279076663624778,0.0002215299891462,0.0163296286751459,Green,Chronos-2,USDJPY
0,787160124,1386,18,0.0129870129870129,0.2853070589923035,0.4911324051312935,0.4458200741492968,1.1416352357415391,0.4740444233548828,0.0008648137077046,0.0675256996624752,Green,Chronos-2,USO
1,2163317767,1386,17,0.0122655122655122,0.4129794601210789,0.5156795538015958,0.579050127938604,0.6702069615862074,0.4225254952259547,0.000870811045095,0.0675779588657013,Green,Chronos-2,USO
2,212721166,1386,17,0.0122655122655122,0.4129794601210789,0.5156795538015958,0.579050127938604,0.6702069615862074,0.4225254952259547,0.0008686168133274,0.0676222874753182,Green,Chronos-2,USO
3,78238242,1386,22,0.0158730158730158,0.0429353634446072,0.3993678220504522,0.0903479379215128,4.097945237509393,0.7102289333517149,0.0008600132788209,0.0675502300761897,Green,Chronos-2,USO
4,381819339,1386,17,0.0122655122655122,0.4129794601210789,0.5156795538015958,0.579050127938604,0.6702069615862074,0.4225254952259547,0.0008525865696792,0.0679405030361738,Green,Chronos-2,USO
5,2554081437,1386,21,0.0151515151515151,0.073240200664778,0.4213118263428432,0.1454737150010852,3.2088666093965657,0.646653113811027,0.0009019702650334,0.0678042665803975,Green,Chronos-2,USO
6,2829373408,1386,23,0.0165945165945165,0.0242113203881681,0.3950939294106651,0.0549507012341769,5.079430563005644,0.7232071107952152,0.0008999264840019,0.0675507383319147,Yellow,Chronos-2,USO
7,321602532,1386,18,0.0129870129870129,0.2853070589923035,0.4911324051312935,0.4458200741492968,1.1416352357415391,0.4740444233548828,0.0008717833812451,0.0675151014873998,Green,Chronos-2,USO
0,440220820,1868,29,0.0155246252676659,0.0264163751252312,0.0093710396910131,0.002909909928512,4.92855649548429,6.750709805873953,0.0003789987798561,0.0300321100321289,Green,TS-ICL,ASX200
1,2776964984,1868,20,0.0107066381156316,0.761529198789148,0.0169859251685414,0.0553011394498141,0.0920960385356792,5.697827493038375,0.0003737846844274,0.0301180107896219,Green,TS-ICL,ASX200
2,507190,1868,25,0.0133832976445396,0.162291607714315,0.0441432510605663,0.0496921474497709,1.9527426748780885,4.05107403984448,0.0003863165813996,0.0299943432433931,Green,TS-ICL,ASX200
3,1392425587,1868,22,0.0117773019271948,0.4527008540074843,0.025653000130301,0.0625637778795998,0.5638807193058692,4.979256873628827,0.0003644753975211,0.0298154491054263,Green,TS-ICL,ASX200
4,224811543,1868,26,0.0139186295503211,0.1080540346730911,0.0520024355618838,0.0416242582197011,2.582453885274525,3.77569041750155,0.0003789220619122,0.0298733815738361,Green,TS-ICL,ASX200
5,1044539155,1868,20,0.0107066381156316,0.761529198789148,0.0169859251685414,0.0553011394498141,0.0920960385356792,5.697827493038375,0.0003666169912844,0.0300679860804468,Green,TS-ICL,ASX200
6,1740920661,1868,31,0.0165952890792291,0.008877277959583,0.0140971632075814,0.0016017746193327,6.847351420565143,6.025934834017903,0.000380644334982,0.030036169203618,Yellow,TS-ICL,ASX200
7,589064300,1868,26,0.0139186295503211,0.1080540346730911,0.0520024355618838,0.0416242582197011,2.582453885274525,3.77569041750155,0.0003753888957882,0.0300618683708599,Green,TS-ICL,ASX200
0,3197223207,1430,20,0.0139860139860139,0.1530194106215075,0.2814703889384147,0.2017081644214534,2.04189009189521,1.1599766216993714,0.00022388909606,0.0163567023070094,Green,TS-ICL,AUDUSD
1,2737368144,1430,18,0.0125874125874125,0.3444716134490873,0.2221932352673473,0.3036334381986621,0.8937185060169073,1.4901496950455737,0.0002213662271972,0.0163225531618399,Green,TS-ICL,AUDUSD
2,1431592802,1430,20,0.0139860139860139,0.1530194106215075,0.2814703889384147,0.2017081644214534,2.04189009189521,1.1599766216993714,0.000225062316019,0.016321814005192,Green,TS-ICL,AUDUSD
3,1116490951,1430,18,0.0125874125874125,0.3444716134490873,0.2221932352673473,0.3036334381986621,0.8937185060169073,1.4901496950455737,0.0002296835967518,0.0162800342965011,Green,TS-ICL,AUDUSD
4,794895470,1430,19,0.0132867132867132,0.2343207775654769,0.250995984035496,0.2551010363227826,1.4144396767888576,1.3177515060607732,0.000218611692659,0.0163099492271123,Green,TS-ICL,AUDUSD
5,1693880811,1430,19,0.0132867132867132,0.2343207775654769,0.250995984035496,0.2551010363227826,1.4144396767888576,1.3177515060607732,0.0002273508108512,0.0163225048248126,Green,TS-ICL,AUDUSD
6,692577713,1430,16,0.0111888111888111,0.6574988061526941,0.169815468014927,0.3532519111537994,0.1965761297214898,1.8845715647391048,0.0002221011842493,0.0164013866080278,Green,TS-ICL,AUDUSD
7,2109273201,1430,20,0.0139860139860139,0.1530194106215075,0.2814703889384147,0.2017081644214534,2.04189009189521,1.1599766216993714,0.0002231265593316,0.0163594945549975,Green,TS-ICL,AUDUSD
0,447280372,1829,25,0.0136686714051394,0.1352693985115117,0.352079642996567,0.2125759487134892,2.2309643346900536,0.8659475628326163,0.0005275999162877,0.0398350637273119,Green,TS-ICL,BOVESPA
1,2085282579,1829,26,0.0142154182613449,0.0883894314155783,0.3831261712793538,0.1600842056009827,2.9034637935994194,0.7606468407636839,0.0005234033443942,0.0399280262818389,Green,TS-ICL,BOVESPA
2,568027896,1829,26,0.0142154182613449,0.0883894314155783,0.3831261712793538,0.1600842056009827,2.9034637935994194,0.7606468407636839,0.0005264062517428,0.0398768729970681,Green,TS-ICL,BOVESPA
3,984243046,1829,28,0.0153089119737561,0.034298411909333,0.4483123604606364,0.0798711408619359,4.479766239463679,0.5749151248746784,0.0005145612190188,0.039778368367864,Green,TS-ICL,BOVESPA
4,2626591814,1829,25,0.0136686714051394,0.1352693985115117,0.352079642996567,0.2125759487134892,2.2309643346900536,0.8659475628326163,0.0005354352247006,0.0397642383077178,Green,TS-ICL,BOVESPA
5,3500258414,1829,24,0.0131219245489338,0.2003810625984821,0.3221497056626808,0.2698478801504065,1.639594870285947,0.9801989009288264,0.0005173684773183,0.0399380453897965,Green,TS-ICL,BOVESPA
6,1578421107,1829,24,0.0131219245489338,0.2003810625984821,0.3221497056626808,0.2698478801504065,1.639594870285947,0.9801989009288264,0.0005127457502072,0.0398706398333836,Green,TS-ICL,BOVESPA
7,2410131103,1829,25,0.0136686714051394,0.1352693985115117,0.352079642996567,0.2125759487134892,2.2309643346900536,0.8659475628326163,0.0005279024070711,0.0398235702824937,Green,TS-ICL,BOVESPA
0,3498408598,1157,18,0.0155574762316335,0.0789402193899156,0.4504800277199919,0.160732237321253,3.0865870606229873,0.569443780874991,0.0008597551540766,0.0642609606409023,Green,TS-ICL,BTC
1,1270559644,1157,20,0.017286084701815,0.0239967933199993,0.4013553835669037,0.0550472728855617,5.0948641750970225,0.7042617367111461,0.0008805150127339,0.0643788412447034,Yellow,TS-ICL,BTC
2,2604663217,1157,17,0.0146931719965427,0.1337087797663044,0.476231119868127,0.2520331964490203,2.248907407196043,0.5074815292160508,0.0008469297165146,0.0643648852011834,Green,TS-ICL,BTC
3,3883967906,1157,19,0.0164217804667242,0.0445078470396729,0.4255148161885966,0.0967028440021428,4.037190978238598,0.6350339545316501,0.000867829477241,0.0646291412640139,Yellow,TS-ICL,BTC
4,3863882507,1157,13,0.0112359550561797,0.6786360818549477,0.5865784939624891,0.791605337124515,0.1716652344664853,0.2957194116889639,0.0008330534384343,0.0644557337164882,Green,TS-ICL,BTC
5,2648398961,1157,18,0.0155574762316335,0.0789402193899156,0.4504800277199919,0.160732237321253,3.0865870606229873,0.569443780874991,0.000849408754444,0.064145443772035,Green,TS-ICL,BTC
6,961576532,1157,19,0.0164217804667242,0.0445078470396729,0.4255148161885966,0.0967028440021428,4.037190978238598,0.6350339545316501,0.000853084205172,0.0641761105907785,Yellow,TS-ICL,BTC
7,2539829180,1157,18,0.0155574762316335,0.0789402193899156,0.4504800277199919,0.160732237321253,3.0865870606229873,0.569443780874991,0.0008587191121318,0.064466266753104,Green,TS-ICL,BTC
0,4185673980,1010,10,0.0099009900990099,0.9747302503771116,0.6545566015677375,0.9042915462726526,0.001003383603189,0.2002035436875502,0.0001367470422331,0.0115687829667495,Green,TS-ICL,CBU0
1,3405536642,1010,10,0.0099009900990099,0.9747302503771116,0.6545566015677375,0.9042915462726526,0.001003383603189,0.2002035436875502,0.0001361464620062,0.0115443177754594,Green,TS-ICL,CBU0
2,605689367,1010,13,0.0128712871287128,0.379851868568152,0.5601947914968477,0.5739148939603609,0.7711812581613824,0.3393670658729206,0.0001397789455398,0.0115614792330798,Green,TS-ICL,CBU0
3,2659022017,1010,10,0.0099009900990099,0.9747302503771116,0.6545566015677375,0.9042915462726526,0.001003383603189,0.2002035436875502,0.0001386006773687,0.011551668801046,Green,TS-ICL,CBU0
4,576975298,1010,13,0.0128712871287128,0.379851868568152,0.5601947914968477,0.5739148939603609,0.7711812581613824,0.3393670658729206,0.0001436411562975,0.0115235472351432,Green,TS-ICL,CBU0
5,947715706,1010,12,0.0118811881188118,0.5595280266552582,0.5909432758061866,0.730009432504751,0.3405220725808386,0.2888735747867486,0.0001429800715516,0.0115643936356042,Green,TS-ICL,CBU0
6,4078280090,1010,13,0.0128712871287128,0.379851868568152,0.5601947914968477,0.5739148939603609,0.7711812581613824,0.3393670658729206,0.000140430497195,0.0115606890795651,Green,TS-ICL,CBU0
7,349240288,1010,13,0.0128712871287128,0.379851868568152,0.5601947914968477,0.5739148939603609,0.7711812581613824,0.3393670658729206,0.0001462441730679,0.0115559814350277,Green,TS-ICL,CBU0
0,494061184,765,14,0.0183006535947712,0.0386715459147695,0.2511902921526525,0.0610565510428574,4.275238083983382,1.3166714720026391,0.0003482036658956,0.023096819612914,Yellow,TS-ICL,DJCI
1,3824479104,765,16,0.0209150326797385,0.008129782484821,0.3388428343931647,0.0190682212074542,7.004659726031921,0.914804555425178,0.0003475264670564,0.0232297862557343,Yellow,TS-ICL,DJCI
2,773809843,765,14,0.0183006535947712,0.0386715459147695,0.2511902921526525,0.0610565510428574,4.275238083983382,1.3166714720026391,0.0003478049118147,0.0228877812386371,Yellow,TS-ICL,DJCI
3,3190215092,765,15,0.0196078431372549,0.0182509521844252,0.2935168977549574,0.0355199968702509,5.571899433895437,1.1034194640455155,0.0003448870542241,0.023007537945761,Yellow,TS-ICL,DJCI
4,3512468697,765,16,0.0209150326797385,0.008129782484821,0.3388428343931647,0.0190682212074542,7.004659726031921,0.914804555425178,0.0003620593788274,0.0229010439036418,Yellow,TS-ICL,DJCI
5,1079292,765,14,0.0183006535947712,0.0386715459147695,0.2511902921526525,0.0610565510428574,4.275238083983382,1.3166714720026391,0.0003526598338875,0.0230088596866296,Yellow,TS-ICL,DJCI
6,2410371188,765,14,0.0183006535947712,0.0386715459147695,0.2511902921526525,0.0610565510428574,4.275238083983382,1.3166714720026391,0.0003567765401167,0.0231247241883272,Yellow,TS-ICL,DJCI
7,1257396471,765,13,0.0169934640522875,0.0771368391508254,0.2120340341207939,0.0962456776088817,3.124218719315767,1.557483710248846,0.0003457036157943,0.0229994536490953,Yellow,TS-ICL,DJCI
0,2520940862,812,9,0.0110837438423645,0.7603183421498357,0.6531119237241364,0.8628354532446291,0.0930632964952256,0.2019992522901219,0.0013411759824338,0.1082158346715279,Green,TS-ICL,ETH
1,2569542794,812,12,0.0147783251231527,0.201344737727836,0.5482485907545545,0.369158682773726,1.632593270347174,0.3604641151785301,0.0014037300953229,0.1086229046934228,Green,TS-ICL,ETH
2,3160824185,812,11,0.0135467980295566,0.3351845881773436,0.5823134297211177,0.5402970370256941,0.9287629115580228,0.3025095326219258,0.0014047035359015,0.1088989821988389,Green,TS-ICL,ETH
3,3289046124,812,8,0.0098522167487684,0.9661577223658654,0.6897050224634722,0.9225603404915868,0.0018001123302303,0.1594048785889725,0.0013236960952964,0.1088006094955723,Green,TS-ICL,ETH
4,844397121,812,12,0.0147783251231527,0.201344737727836,0.5655308747307628,0.3747839586899965,1.632593270347174,0.3302177880267436,0.0013284096463646,0.1080239147845263,Green,TS-ICL,ETH
5,3102503209,812,12,0.0147783251231527,0.201344737727836,0.5482485907545545,0.369158682773726,1.632593270347174,0.3604641151785301,0.0013958715566636,0.1092224705582772,Green,TS-ICL,ETH
6,2028542885,812,12,0.0147783251231527,0.201344737727836,0.5482485907545545,0.369158682773726,1.632593270347174,0.3604641151785301,0.0013087243534046,0.1072681064960299,Green,TS-ICL,ETH
7,1768600317,812,9,0.0110837438423645,0.7603183421498357,0.6531119237241364,0.8628354532446291,0.0930632964952256,0.2019992522901219,0.0012812198256627,0.1083989826863938,Green,TS-ICL,ETH
0,2764844367,1617,19,0.0117501546072974,0.4912919466586543,0.5128840414545796,0.6370309350729254,0.4736955298985057,0.4281785918922764,0.0001487968019755,0.0114182199720093,Green,TS-ICL,EURUSD
1,2077138040,1617,21,0.0129870129870129,0.2484661060430444,0.4570969076689184,0.3896716161616708,1.3319077750317962,0.5529940337476376,0.0001536465144398,0.0113580874223173,Green,TS-ICL,EURUSD
2,1381096164,1617,15,0.0092764378478664,0.7672110726242045,0.5959952381444958,0.8316408612947044,0.0876307360517834,0.2810784408469828,0.0001475725209066,0.0114399520176764,Green,TS-ICL,EURUSD
3,2182085086,1617,17,0.0105132962275819,0.83700490524124,0.5476839148530459,0.8171742136859522,0.0423232095401013,0.3614827324757925,0.0001491420573994,0.0114231039789246,Green,TS-ICL,EURUSD
4,3346623794,1617,19,0.0117501546072974,0.4912919466586543,0.5013354297537497,0.6294543540626295,0.4736955298985057,0.4521083491902971,0.000148833977702,0.0114421287325825,Green,TS-ICL,EURUSD
5,2995091709,1617,18,0.0111317254174397,0.6532719966394398,0.5242545025139073,0.7381135277750996,0.2017998099529485,0.4055154591249845,0.000148984066755,0.0113799830010394,Green,TS-ICL,EURUSD
6,2741635140,1617,20,0.0123685837971552,0.3559435188333466,0.4789442695659189,0.508286284286259,0.8521546241530462,0.5012662526363556,0.0001515753724721,0.0114458493058011,Green,TS-ICL,EURUSD
7,3621095048,1617,20,0.0123685837971552,0.3559435188333466,0.4789442695659189,0.508286284286259,0.8521546241530462,0.5012662526363556,0.0001496610434505,0.0113969810045994,Green,TS-ICL,EURUSD
0,232007414,1891,25,0.0132205182443151,0.1798237952416107,0.0430613513256505,0.0525476006097171,1.7990796937989213,4.092991989978486,0.0004932887078802,0.0354285233791858,Green,TS-ICL,FCHI
1,2167041900,1891,28,0.0148069804336329,0.0498953675352498,0.0072703964470922,0.0039860835303146,3.844971570523132,7.204920632450296,0.000504125912418,0.035413892789648,Green,TS-ICL,FCHI
2,1539595320,1891,28,0.0148069804336329,0.0498953675352498,0.0072703964470922,0.0039860835303146,3.844971570523132,7.204920632450296,0.0004917942619925,0.0355264314328212,Green,TS-ICL,FCHI
3,1049355965,1891,22,0.0116340560549973,0.4863585851301741,0.2563325777897736,0.4120896450236785,0.4845721542378909,1.2884565823458445,0.0004916314627008,0.0355788393912889,Green,TS-ICL,FCHI
4,1978810078,1891,26,0.0137493389740877,0.1210270357909805,0.0507358915930792,0.0445797758270565,2.403979366398218,3.8169705927841737,0.0004975390616005,0.0356065278482509,Green,TS-ICL,FCHI
5,4250625340,1891,31,0.0163934426229508,0.0105201909912987,0.0136034533031115,0.0018057956799253,6.544618069038481,6.088889859814685,0.0005043059510683,0.0355452159920566,Yellow,TS-ICL,FCHI
6,317013515,1891,25,0.0132205182443151,0.1798237952416107,0.0430613513256505,0.0525476006097171,1.7990796937989213,4.092991989978486,0.0004994069332157,0.0355754346376588,Green,TS-ICL,FCHI
7,1923052199,1891,27,0.0142781597038603,0.0789253532911269,0.4009323415895836,0.1501364318988331,3.0868934785179825,0.7055282260419631,0.0004916866653056,0.0354137032638765,Green,TS-ICL,FCHI
0,2223123837,1867,24,0.0128548473486877,0.2350718778166493,0.0372105224757248,0.0563976096829618,1.4099067263127498,4.340750279455278,0.0004180583165277,0.029933212235794,Green,TS-ICL,FTSE100
1,4269556644,1867,25,0.0133904659882163,0.1615564690397098,0.0441911870958547,0.0495675336166647,1.959596589710568,4.049241857793561,0.0004217910958674,0.0299060912957126,Green,TS-ICL,FTSE100
2,4216311485,1867,24,0.0128548473486877,0.2350718778166493,0.0372105224757248,0.0563976096829618,1.4099067263127498,4.340750279455278,0.0004196292108478,0.0298675087291698,Green,TS-ICL,FTSE100
3,3511815571,1867,22,0.0117836100696304,0.4512617046147432,0.0256813244797138,0.0625109001364922,0.5674808372453972,4.977347833278998,0.0004109485744103,0.0298181974462545,Green,TS-ICL,FTSE100
4,4556511,1867,19,0.0101767541510444,0.9389927596055142,0.0135891917533345,0.0474394816378667,0.0058577428436588,6.090743159239366,0.0004018934672728,0.030033261755922,Green,TS-ICL,FTSE100
5,668015057,1867,25,0.0133904659882163,0.1615564690397098,0.0441911870958547,0.0495675336166647,1.959596589710568,4.049241857793561,0.0004209800804543,0.0298271068919428,Green,TS-ICL,FTSE100
6,2075161877,1867,21,0.0112479914301017,0.5951803237253539,0.021015984287579,0.0605735793322196,0.2823265940669515,5.325466337118314,0.0004211184143188,0.0299156718590773,Green,TS-ICL,FTSE100
7,2327249882,1867,26,0.013926084627745,0.1075136168089703,0.0520585451153772,0.0414967589408903,2.5903935764906,3.7738863287196978,0.0004172164266732,0.0300900049462192,Green,TS-ICL,FTSE100
0,2264011603,1621,16,0.0098704503392967,0.9581030103021212,0.5720844252259261,0.8513060598497685,0.0027598467831707,0.3192072887554786,0.0001860286959165,0.0147155085183336,Green,TS-ICL,GBPUSD
1,2815079112,1621,20,0.0123380629241209,0.3613732421516332,0.4794944006443058,0.5134697415087981,0.833115333013704,0.5000130216475895,0.0001911862004494,0.0147203738400963,Green,TS-ICL,GBPUSD
2,4087588356,1621,20,0.0123380629241209,0.3613732421516332,0.4794944006443058,0.5134697415087981,0.833115333013704,0.5000130216475895,0.0001886515688826,0.0147369577058323,Green,TS-ICL,GBPUSD
3,2810075568,1621,20,0.0123380629241209,0.3613732421516332,0.4794944006443058,0.5134697415087981,0.833115333013704,0.5000130216475895,0.0001917018160229,0.0147232822195348,Green,TS-ICL,GBPUSD
4,2412489387,1621,22,0.013571869216533,0.1704323377660299,0.3032493690586896,0.2300420297112617,1.8791363666634613,1.059850131093384,0.0001916933861337,0.0147426640144817,Green,TS-ICL,GBPUSD
5,2069154013,1621,20,0.0123380629241209,0.3613732421516332,0.4794944006443058,0.5134697415087981,0.833115333013704,0.5000130216475895,0.0001890788816365,0.0147437568481662,Green,TS-ICL,GBPUSD
6,1378898997,1621,17,0.0104873534855027,0.8448834779041368,0.5481839157582201,0.8191975922807322,0.0382792445600614,0.3605806830632332,0.0001870288483167,0.0147139116299668,Green,TS-ICL,GBPUSD
7,3056499035,1621,26,0.0160394818013571,0.0246516470115977,0.4349720447762834,0.0590806703918182,5.048192102539971,0.6095108458523555,0.0001926744884569,0.0147539273273733,Yellow,TS-ICL,GBPUSD
0,1470981384,1878,24,0.0127795527156549,0.245765642068276,0.3130870641693616,0.3065386742598094,1.347214673991573,1.017608028554264,0.0005046277272939,0.0371160641528601,Green,TS-ICL,GDAXI
1,324804979,1878,25,0.0133120340788072,0.1697669810838651,0.3422566824554766,0.2482100502534822,1.8849997400445684,0.9019600888975674,0.0005021543689625,0.0371839471731963,Green,TS-ICL,GDAXI
2,3670637056,1878,28,0.0149094781682641,0.0462388322398123,0.4361593763819817,0.1013050318389264,3.9728724214804103,0.6063659711521154,0.0005170300867154,0.0371960458440789,Green,TS-ICL,GDAXI
3,2769768952,1878,22,0.0117145899893503,0.4672048608641068,0.2582790670543045,0.405242953655511,0.5285790709428353,1.2779579413888769,0.0005171336440562,0.037119673278662,Green,TS-ICL,GDAXI
4,1511894654,1878,24,0.0127795527156549,0.245765642068276,0.3130870641693616,0.3065386742598094,1.347214673991573,1.017608028554264,0.0005140430476762,0.0370337512370659,Green,TS-ICL,GDAXI
5,431996504,1878,22,0.0117145899893503,0.4672048608641068,0.0253722536216123,0.0630745034742247,0.5285790709428353,4.998298242009355,0.0005043010100943,0.0370790697763567,Green,TS-ICL,GDAXI
6,2317498034,1878,21,0.011182108626198,0.6133604841179479,0.2327351278059964,0.4318449176056926,0.2553103303473794,1.4240671540789265,0.0004915609846706,0.0369897315375153,Green,TS-ICL,GDAXI
7,4144068076,1878,21,0.011182108626198,0.6133604841179479,0.2327351278059964,0.4318449176056926,0.2553103303473794,1.4240671540789265,0.0005089323958692,0.0373094358432179,Green,TS-ICL,GDAXI
0,8574053,1490,15,0.0100671140939597,0.979250837708018,0.1397060649611368,0.3359022529491399,0.0006764238783598,2.181193726490477,0.000436909320436,0.0316112097246531,Green,TS-ICL,GLD
1,143555284,1490,19,0.0127516778523489,0.3058847439730927,0.2398832680125498,0.296763227365522,1.0483615265783204,1.3812798181841115,0.0004454788259229,0.031589640310074,Green,TS-ICL,GLD
2,2204308955,1490,14,0.0093959731543624,0.8128676077763769,0.1190055683923492,0.2884596350070364,0.0560402702590008,2.4303599620275236,0.0004429881248792,0.0315304234336922,Green,TS-ICL,GLD
3,918978211,1490,15,0.0100671140939597,0.979250837708018,0.1397060649611368,0.3359022529491399,0.0006764238783598,2.181193726490477,0.0004336811567786,0.0316119180414252,Green,TS-ICL,GLD
4,1904390678,1490,16,0.010738255033557,0.7771608771414533,0.1621686659574639,0.3616806617707017,0.0801007845729495,1.9538864279954,0.0004474318191982,0.031517425380861,Green,TS-ICL,GLD
5,982987011,1490,17,0.0114093959731543,0.5928188991002421,0.1863738107209279,0.3620373860280108,0.2859635051060598,1.7460520872309928,0.0004452691524924,0.0316710049342266,Green,TS-ICL,GLD
6,424165719,1490,17,0.0114093959731543,0.5928188991002421,0.1863738107209279,0.3620373860280108,0.2859635051060598,1.7460520872309928,0.0004371695105412,0.0317152383441088,Green,TS-ICL,GLD
7,4003124868,1490,18,0.0120805369127516,0.4344495217656254,0.2122918391325939,0.3384721590016654,0.610898999107576,1.555727877214565,0.0004458745956475,0.0314993404247908,Green,TS-ICL,GLD
0,3871655570,1817,25,0.0137589433131535,0.1276245811033836,0.3545647286065138,0.2041076114586113,2.3211629190727,0.8570529150690049,0.0005221844810237,0.0353201879017339,Green,TS-ICL,HSI
1,3760312476,1817,28,0.0154100165107319,0.0317852378765816,0.0745782651880638,0.0203504143871121,4.610042911484033,3.1792650971115677,0.0005285888622795,0.0351313112641384,Green,TS-ICL,HSI
2,3164918403,1817,22,0.0121078701155751,0.3820591891314051,0.267790254218967,0.3693360187308888,0.7640656049676782,1.2280312539072042,0.0005101579250918,0.0350736095102279,Green,TS-ICL,HSI
3,3215345776,1817,22,0.0121078701155751,0.3820591891314051,0.4626027388671653,0.5210924802641727,0.7640656049676782,0.5395898903832403,0.0005228734638694,0.0351559520286667,Green,TS-ICL,HSI
4,3191503644,1817,29,0.0159603742432581,0.0187817501280409,0.4855800431958048,0.0495876124279895,5.521723089810742,0.4863053619483253,0.0005226150456373,0.0351582761807799,Green,TS-ICL,HSI
5,147954736,1817,25,0.0137589433131535,0.1276245811033836,0.3545647286065138,0.2041076114586113,2.3211629190727,0.8570529150690049,0.0005393576868902,0.0351690081398331,Green,TS-ICL,HSI
6,2347053601,1817,23,0.0126582278481012,0.2740809173179563,0.2955002972953872,0.3181286034204005,1.1962078949146004,1.094391234451933,0.0005301248019647,0.0352324632866968,Green,TS-ICL,HSI
7,1604235442,1817,27,0.0148596587782058,0.0521508027402746,0.4181009901254288,0.1093408028386156,3.770924440026061,0.6556468458816198,0.000528470691941,0.0351552908867622,Green,TS-ICL,HSI
0,1856724432,1260,19,0.015079365079365,0.0918815873616381,0.4454196865165337,0.1805607730701973,2.84109487937838,0.5822808505573391,0.0002390632794395,0.0198693474364796,Green,TS-ICL,IBGL
1,269269994,1260,20,0.0158730158730158,0.0535906376577708,0.421650639034671,0.1124150556786011,3.7254047613721752,0.6457100449761697,0.0002551379199894,0.0198841844269037,Green,TS-ICL,IBGL
2,1947446169,1260,18,0.0142857142857142,0.1508426824223168,0.4699141451181718,0.2744618150902361,2.063708410876611,0.5221778588198731,0.0002448384143493,0.0200233680859268,Green,TS-ICL,IBGL
3,2681379226,1260,17,0.0134920634920634,0.2368742198546677,0.4951142951785467,0.393668233900813,1.3991005862194648,0.4653929544626294,0.0002377739342602,0.0199152400133749,Green,TS-ICL,IBGL
4,3900896750,1260,21,0.0166666666666666,0.0299637767599678,0.3986238615655139,0.0664090841913492,4.7113692551552795,0.7124735883381561,0.0002373345428748,0.0198613170091862,Yellow,TS-ICL,IBGL
5,2074929762,1260,18,0.0142857142857142,0.1508426824223168,0.4699141451181718,0.2744618150902361,2.063708410876611,0.5221778588198731,0.000246562053311,0.0199550004179607,Green,TS-ICL,IBGL
6,360039858,1260,20,0.0158730158730158,0.0535906376577708,0.421650639034671,0.1124150556786011,3.7254047613721752,0.6457100449761697,0.0002372968565154,0.0198655844922897,Green,TS-ICL,IBGL
7,1204574106,1260,20,0.0158730158730158,0.0535906376577708,0.421650639034671,0.1124150556786011,3.7254047613721752,0.6457100449761697,0.0002454796886203,0.0200144597292475,Green,TS-ICL,IBGL
0,1719306490,1219,16,0.0131255127153404,0.2953285171688558,0.5139733991739299,0.4674000721116945,1.0951700865536722,0.4259693186358788,0.0005771948813366,0.0454614885347603,Green,TS-ICL,ICLN
1,3975857087,1219,17,0.0139458572600492,0.1913089587593883,0.4878423391562095,0.3347420460527589,1.707508426731481,0.4812816843709697,0.0005866237649235,0.0452418101133853,Green,TS-ICL,ICLN
2,1749693217,1219,16,0.0131255127153404,0.2953285171688558,0.5139733991739299,0.4674000721116945,1.0951700865536722,0.4259693186358788,0.0005655587432419,0.0454447714966715,Green,TS-ICL,ICLN
3,1412215719,1219,16,0.0131255127153404,0.2953285171688558,0.5139733991739299,0.4674000721116945,1.0951700865536722,0.4259693186358788,0.0005740613619527,0.0450834402254706,Green,TS-ICL,ICLN
4,354068235,1219,17,0.0139458572600492,0.1913089587593883,0.4878423391562095,0.3347420460527589,1.707508426731481,0.4812816843709697,0.000583950039365,0.0453299270556885,Green,TS-ICL,ICLN
5,140022300,1219,17,0.0139458572600492,0.1913089587593883,0.4878423391562095,0.3347420460527589,1.707508426731481,0.4812816843709697,0.0005992460006929,0.0451390374434333,Green,TS-ICL,ICLN
6,1143014562,1219,15,0.0123051681706316,0.4349475869868269,0.5407916333390149,0.6115092801529028,0.6095757645899269,0.3740745312556726,0.0005738837141928,0.0452858032843564,Green,TS-ICL,ICLN
7,4091064101,1219,18,0.0147662018047579,0.1183346274191082,0.4624243335606771,0.2254576469070666,2.4392256607242757,0.5400202518226536,0.0005945065312674,0.0450691603058941,Green,TS-ICL,ICLN
0,928001535,1242,17,0.0136876006441223,0.2161334383895475,0.4919596542319115,0.367493823879254,1.5298601270467405,0.4722374054356635,0.0003238448891175,0.0242228196770825,Green,TS-ICL,NIFTY
1,2785820878,1242,13,0.0104669887278582,0.8696089497019038,0.5998319428936905,0.8597632751058791,0.026946937244842,0.2752494410167116,0.0003188852180904,0.0243102730840791,Green,TS-ICL,NIFTY
2,3087093042,1242,19,0.0152979066022544,0.081725441918342,0.4420873320020051,0.1635634864113474,3.030249630694936,0.5908585051418243,0.0003321023219029,0.0244139780938368,Green,TS-ICL,NIFTY
3,1167058269,1242,13,0.0104669887278582,0.8696089497019038,0.5998319428936905,0.8597632751058791,0.026946937244842,0.2752494410167116,0.0003201889094884,0.0243257010145371,Green,TS-ICL,NIFTY
4,3844240951,1242,21,0.0169082125603864,0.0259550012418628,0.3951660188644169,0.0583672514256171,4.959014094809742,0.72298652457917,0.0003357052102305,0.0243481813227348,Yellow,TS-ICL,NIFTY
5,1619359335,1242,19,0.0152979066022544,0.081725441918342,0.4420873320020051,0.1635634864113474,3.030249630694936,0.5908585051418243,0.0003234355486321,0.0242089863470973,Green,TS-ICL,NIFTY
6,3286345283,1242,19,0.0152979066022544,0.081725441918342,0.4420873320020051,0.1635634864113474,3.030249630694936,0.5908585051418243,0.0003309252765652,0.02428786675267,Green,TS-ICL,NIFTY
7,3730586376,1242,18,0.0144927536231884,0.135911081502852,0.4666641369888725,0.2523953060753027,2.2236537164597845,0.5298637748482236,0.0003303570781946,0.0243735474170377,Green,TS-ICL,NIFTY
0,1052696145,1806,19,0.0105204872646733,0.8255304781454543,0.1938239160137925,0.4196008954523844,0.0485926714083513,1.6883098653923412,0.0005027371962693,0.0397113388148899,Green,TS-ICL,NIKKEI
1,1468019320,1806,24,0.0132890365448504,0.1810771147850263,0.0398154368531577,0.049427568994277,1.7887616629445038,4.225732204351459,0.0005032823698616,0.0395977186894093,Green,TS-ICL,NIKKEI
2,3647999197,1806,22,0.0121816168327796,0.3675955146687643,0.2695747035746521,0.3622780656594027,0.8117766152197721,1.2189098344643696,0.0004919247075171,0.0393286996346428,Green,TS-ICL,NIKKEI
3,3130902856,1806,20,0.0110741971207087,0.6519785411521377,0.0182202114393988,0.0556244140866372,0.2034147766959284,5.574851366954363,0.0004801484261525,0.0394358068398892,Green,TS-ICL,NIKKEI
4,2855537562,1806,23,0.012735326688815,0.2623685071327847,0.0332470296829315,0.0553203333748026,1.2562163170643783,4.533013174747197,0.0005024988239003,0.0395838327147006,Green,TS-ICL,NIKKEI
5,4028097078,1806,22,0.0121816168327796,0.3675955146687643,0.2695747035746521,0.3622780656594027,0.8117766152197721,1.2189098344643696,0.0005044395120898,0.0394008920781618,Green,TS-ICL,NIKKEI
6,3156110547,1806,23,0.012735326688815,0.2623685071327847,0.2974549914845152,0.3100899621818281,1.2562163170643783,1.0855693289685178,0.0004940653600526,0.0395926998597907,Green,TS-ICL,NIKKEI
7,214529095,1806,22,0.0121816168327796,0.3675955146687643,0.0274995192830283,0.0586906608179507,0.8117766152197721,4.859172714802497,0.0004872027764209,0.0395932088098741,Green,TS-ICL,NIKKEI
0,3518561758,1858,29,0.0156081808396124,0.0247495542274226,0.4745822618103389,0.0622681051327572,5.041324899439097,0.5112869813979728,0.0004417351741396,0.0356132824539375,Green,TS-ICL,SP500
1,1972549135,1858,26,0.0139935414424111,0.1027369735267962,0.3767904765444174,0.178736890001583,2.662533560399531,0.7811473250928884,0.0004312438595475,0.0354504699495862,Green,TS-ICL,SP500
2,3958736057,1858,23,0.0123789020452099,0.3203738482326749,0.2884192984064952,0.3474263856069068,0.987419670983968,1.1269852818133757,0.0004466666272726,0.0355349202451221,Green,TS-ICL,SP500
3,1688871953,1858,21,0.011302475780409,0.5804381747075245,0.2354997844885173,0.424675701545727,0.3055268090388612,1.4073321039992095,0.0004354797716548,0.0354755062596148,Green,TS-ICL,SP500
4,529696676,1858,25,0.0134553283100107,0.1550411578953336,0.3462044074993494,0.2334868936064284,2.021937969128784,0.8873206980986765,0.0004534971037877,0.0355160288671982,Green,TS-ICL,SP500
5,3048384658,1858,27,0.0145317545748116,0.0659455097556179,0.4084260735079003,0.1310376930109823,3.3811629081905146,0.6833776203292814,0.0004537911255311,0.0355805120933648,Green,TS-ICL,SP500
6,268334022,1858,23,0.0123789020452099,0.3203738482326749,0.2884192984064952,0.3474263856069068,0.987419670983968,1.1269852818133757,0.0004434835185835,0.0355655387428177,Green,TS-ICL,SP500
7,4210073332,1858,25,0.0134553283100107,0.1550411578953336,0.3462044074993494,0.2334868936064284,2.021937969128784,0.8873206980986765,0.0004452571345401,0.0355421560330349,Green,TS-ICL,SP500
0,660313756,1532,19,0.0124020887728459,0.3623971371968496,0.2326337812976025,0.3239626076621128,0.8295691712883446,1.4246851853119438,0.0003494342820818,0.027396407798074,Green,TS-ICL,STOXX
1,1166018666,1532,23,0.0150130548302872,0.0663789533349,0.0464832081084208,0.0255483603788987,3.370367334584145,3.9639969402735176,0.0003482001818047,0.0273341213225208,Green,TS-ICL,STOXX
2,211519172,1532,17,0.0110966057441253,0.6716279950786792,0.0125858224925353,0.0406376698950336,0.1797037054844095,6.22641591974687,0.0003410886221056,0.0273089258009218,Green,TS-ICL,STOXX
3,1739310955,1532,17,0.0110966057441253,0.6716279950786792,0.0125858224925353,0.0406376698950336,0.1797037054844095,6.22641591974687,0.0003453068474704,0.0273443272533754,Green,TS-ICL,STOXX
4,530041964,1532,22,0.0143603133159268,0.1073823242593826,0.0385249250950708,0.0321606453480675,2.5923291110613675,4.281694425097754,0.0003473654415786,0.0273521860930405,Green,TS-ICL,STOXX
5,2479347517,1532,14,0.0091383812010443,0.730888788829251,0.0052744826989498,0.0192437613622365,0.1182971204063223,7.782839591301439,0.0003380775428027,0.027259412838167,Green,TS-ICL,STOXX
6,1489829140,1532,15,0.0097911227154047,0.9342859243899352,0.1353996949580508,0.3268879978960703,0.0067986148350633,2.229476746835985,0.0003435124559002,0.0273068874822035,Green,TS-ICL,STOXX
7,4192818721,1532,18,0.0117493472584856,0.5030996693569209,0.2058365015835569,0.3590005734129409,0.4483917675005644,1.60047081898864,0.0003378063613578,0.0272176858018802,Green,TS-ICL,STOXX
0,2454251983,1665,19,0.0114114114114114,0.5713404005137559,0.5076463456561633,0.6840801321893805,0.3204448974204155,0.4389155343750417,0.0003220235024701,0.0264479261749042,Green,TS-ICL,TLT
1,2269966539,1665,21,0.0126126126126126,0.3031688745231335,0.4637463312157096,0.4499943350836195,1.060203067583922,0.5368375024162333,0.0003210376452134,0.0263510328873174,Green,TS-ICL,TLT
2,747620800,1665,17,0.0102102102102102,0.9315373452648646,0.5535773549741734,0.8359687900112271,0.0073806614135489,0.3509473368199849,0.000316138784578,0.0262619745322708,Green,TS-ICL,TLT
3,3947656086,1665,19,0.0114114114114114,0.5713404005137559,0.5076463456561633,0.6840801321893805,0.3204448974204155,0.4389155343750417,0.0003173373495909,0.0264134685820064,Green,TS-ICL,TLT
4,1358373416,1665,15,0.009009009009009,0.6793569199612256,0.6013954100496643,0.8010166597605751,0.1708506410986698,0.2728964257567838,0.0003136809998121,0.0264463845699187,Green,TS-ICL,TLT
5,863090228,1665,21,0.0126126126126126,0.3031688745231335,0.4637463312157096,0.4499943350836195,1.060203067583922,0.5368375024162333,0.0003221816806624,0.0262623875838936,Green,TS-ICL,TLT
6,3865554395,1665,17,0.0102102102102102,0.9315373452648646,0.5535773549741734,0.8359687900112271,0.0073806614135489,0.3509473368199849,0.0003269527237209,0.0264748081319594,Green,TS-ICL,TLT
7,3524523081,1665,16,0.0096096096096096,0.8719773455563147,0.5772604568146167,0.8450778878289595,0.025968469264668,0.3106844925899281,0.000321482244974,0.0264035315334703,Green,TS-ICL,TLT
0,2117188832,1309,15,0.0114591291061879,0.6040940860076642,0.5552272133177347,0.7345844028704074,0.2688651069217869,0.3480356490009342,0.0012599820154419,0.0954160678976223,Green,TS-ICL,UNG
1,1838233955,1309,18,0.0137509549274255,0.1968675782070447,0.4784729225118876,0.3382731663957182,1.6654611674867663,0.502341883116685,0.0013039427453823,0.0949688362836903,Green,TS-ICL,UNG
2,796135893,1309,16,0.0122230710466004,0.4347035081168439,0.5422518028593091,0.6121346063912889,0.6102239323520768,0.3713822187886819,0.0012608028424233,0.0952119673902169,Green,TS-ICL,UNG
3,846638006,1309,24,0.0183346065699006,0.0066322412318069,0.3435205590976887,0.0160250170541256,7.36995991186323,0.8972485120486908,0.0012587726727222,0.0943919049020757,Yellow,TS-ICL,UNG
4,1534947785,1309,14,0.0106951871657754,0.8026118627749712,0.5820435655210419,0.8330069061301174,0.0624841514670604,0.3029425408874431,0.0012444281357862,0.0949970019975142,Green,TS-ICL,UNG
5,3601515594,1309,23,0.0175706646294881,0.0128934118026929,0.3641907912235751,0.0300908758513495,6.183676290617004,0.8233902714669625,0.0012963712800552,0.0953051875298079,Yellow,TS-ICL,UNG
6,312128094,1309,22,0.0168067226890756,0.0241207114681408,0.3856043277007654,0.0539690212430439,5.085931818466648,0.7527583369732724,0.001284924707624,0.0949063476062146,Yellow,TS-ICL,UNG
7,967747871,1309,19,0.014514896867838,0.1240498227327732,0.454202062596506,0.2315900241525754,2.365428803539837,0.5601444120965198,0.0012649538954285,0.0950434233403913,Green,TS-ICL,UNG
0,2225656997,1923,32,0.016640665626625,0.0075434966075625,0.2978825342266214,0.0163879521885699,7.138768012202284,1.0836496613329132,0.000227894915274,0.0159301855839541,Yellow,TS-ICL,USDJPY
1,3303630255,1923,26,0.0135205408216328,0.1408542056903513,0.3984157707233235,0.2367258880917523,2.168602275679371,0.7131025194084941,0.0002290207656328,0.0159902099380789,Green,TS-ICL,USDJPY
2,300313442,1923,31,0.016120644825793,0.0132240443328994,0.3133651866225886,0.0279409052986405,6.138888075684076,1.016438972620108,0.000222109442332,0.0159738746484973,Yellow,TS-ICL,USDJPY
3,2137542108,1923,28,0.0145605824232969,0.0598510336229328,0.3628782476564931,0.1125106162938535,3.541507723104477,0.8279076663624778,0.0002203309775179,0.0158129079714137,Green,TS-ICL,USDJPY
4,1623531317,1923,34,0.0176807072282891,0.0022576019817953,0.2684514860178189,0.0051128936372104,9.327337061873546,1.2246424691740572,0.0002229572696247,0.0159058211299021,Yellow,TS-ICL,USDJPY
5,3533278604,1923,30,0.0156006240249609,0.0225272942719618,0.3293596172098979,0.0460511146802959,5.2045925444207874,0.9514140769875326,0.0002226299888063,0.0158812139207917,Green,TS-ICL,USDJPY
6,3068280715,1923,31,0.016120644825793,0.0132240443328994,0.3133651866225886,0.0279409052986405,6.138888075684076,1.016438972620108,0.0002192288396159,0.0159823901372294,Yellow,TS-ICL,USDJPY
7,1282665889,1923,29,0.0150806032241289,0.0372699673267876,0.3458647190384433,0.0732921321253812,4.338032555078474,0.8885714726015408,0.0002168361437344,0.015938947996808,Green,TS-ICL,USDJPY
0,216675339,1386,20,0.0144300144300144,0.1200608227814911,0.4439305939106751,0.2228370636150226,2.4165273040380075,0.5861015579947946,0.0009160270641011,0.0694614168700703,Green,TS-ICL,USO
1,1073561098,1386,20,0.0144300144300144,0.1200608227814911,0.4439305939106751,0.2228370636150226,2.4165273040380075,0.5861015579947946,0.0009324612661602,0.0697391617787807,Green,TS-ICL,USO
2,29689239,1386,23,0.0165945165945165,0.0242113203881681,0.3781106305012792,0.0534968151845452,5.079430563005644,0.776835749220254,0.0009409895271499,0.0693555643339468,Yellow,TS-ICL,USO
3,3732681161,1386,24,0.0173160173160173,0.0131459131478438,0.3575499495360444,0.0302601459260718,6.1493671790503335,0.8464803174003919,0.0009532504765275,0.0696225608519572,Yellow,TS-ICL,USO
4,799346614,1386,20,0.0144300144300144,0.1200608227814911,0.4439305939106751,0.2228370636150226,2.4165273040380075,0.5861015579947946,0.0009196973874055,0.069445469602035,Green,TS-ICL,USO
5,3637668057,1386,17,0.0122655122655122,0.4129794601210789,0.5156795538015958,0.579050127938604,0.6702069615862074,0.4225254952259547,0.0009143446447719,0.0698115534917417,Green,TS-ICL,USO
6,267449601,1386,20,0.0144300144300144,0.1200608227814911,0.4439305939106751,0.2228370636150226,2.4165273040380075,0.5861015579947946,0.0009030451606473,0.0692571040406105,Green,TS-ICL,USO
7,1342636336,1386,17,0.0122655122655122,0.4129794601210789,0.5156795538015958,0.579050127938604,0.6702069615862074,0.4225254952259547,0.0008873716396538,0.0692279263542016,Green,TS-ICL,USO
0,968982206,1868,25,0.0133832976445396,0.162291607714315,0.3442201265764292,0.2408221298560508,1.9527426748780885,0.8946506618710828,0.0003781095826589,0.0299642981163505,Green,Moirai-1.1,ASX200
1,1583098345,1868,23,0.0123126338329764,0.3322841723222552,0.286739611664085,0.354367380655232,0.9399753840774104,1.1348668269781683,0.0003839991307833,0.0295774778576141,Green,Moirai-1.1,ASX200
2,1175254273,1868,29,0.0155246252676659,0.0264163751252312,0.4719684536908783,0.0656800492994871,4.92855649548429,0.5173636309897915,0.0003837303482202,0.0297658427013987,Green,Moirai-1.1,ASX200
3,3202676147,1868,29,0.0155246252676659,0.0264163751252312,0.4719684536908783,0.0656800492994871,4.92855649548429,0.5173636309897915,0.0003852677245552,0.0296910690493178,Green,Moirai-1.1,ASX200
4,2040791098,1868,28,0.0149892933618843,0.0435710007315632,0.4385903757285602,0.0966616549110467,4.073109350273338,0.5999676332497756,0.0003861665900046,0.0299206194371,Green,Moirai-1.1,ASX200
5,3932490383,1868,26,0.0139186295503211,0.1080540346730911,0.3746501759043624,0.1853854073523717,2.582453885274525,0.788182790611188,0.0003896515467398,0.0296895959656831,Green,Moirai-1.1,ASX200
6,202745395,1868,26,0.0139186295503211,0.1080540346730911,0.3746501759043624,0.1853854073523717,2.582453885274525,0.788182790611188,0.0003858456752886,0.0297710407779253,Green,Moirai-1.1,ASX200
7,4125699132,1868,26,0.0139186295503211,0.1080540346730911,0.3746501759043624,0.1853854073523717,2.582453885274525,0.788182790611188,0.000385475379745,0.0299793213894937,Green,Moirai-1.1,ASX200
0,2414518065,1430,18,0.0125874125874125,0.3444716134490873,0.497969446982152,0.5083984129045818,0.8937185060169073,0.4592612168175378,0.0002357952008949,0.0177318188214498,Green,Moirai-1.1,AUDUSD
1,1624126657,1430,19,0.0132867132867132,0.2343207775654769,0.4742431746537611,0.3816482309406654,1.4144396767888576,0.5120722352926919,0.000237840344882,0.0177120951881802,Green,Moirai-1.1,AUDUSD
2,1433152967,1430,18,0.0125874125874125,0.3444716134490873,0.497969446982152,0.5083984129045818,0.8937185060169073,0.4592612168175378,0.0002375287709692,0.0177135345732787,Green,Moirai-1.1,AUDUSD
3,1586875872,1430,19,0.0132867132867132,0.2343207775654769,0.4742431746537611,0.3816482309406654,1.4144396767888576,0.5120722352926919,0.0002333928683102,0.0176856134660316,Green,Moirai-1.1,AUDUSD
4,2120100428,1430,17,0.0118881118881118,0.4859046735961744,0.5222953705028603,0.6392432540438655,0.4855821036704899,0.4093583319088907,0.0002338457288414,0.0177089150141806,Green,Moirai-1.1,AUDUSD
5,436384220,1430,15,0.0104895104895104,0.853566305874746,0.5726599793986771,0.8384845823267943,0.0340660906790393,0.3182520795111259,0.0002371363334137,0.0177314224361955,Green,Moirai-1.1,AUDUSD
6,729566463,1430,17,0.0118881118881118,0.4859046735961744,0.5222953705028603,0.6392432540438655,0.4855821036704899,0.4093583319088907,0.0002371042125939,0.0177436992428032,Green,Moirai-1.1,AUDUSD
7,3112954496,1430,15,0.0104895104895104,0.853566305874746,0.5726599793986771,0.8384845823267943,0.0340660906790393,0.3182520795111259,0.0002367958776242,0.0177073218906238,Green,Moirai-1.1,AUDUSD
0,4258609628,1829,26,0.0142154182613449,0.0883894314155783,0.3863801567305596,0.160914252566501,2.9034637935994194,0.7503035036610299,0.0005953654406927,0.0439871189970915,Green,Moirai-1.1,BOVESPA
1,290637754,1829,25,0.0136686714051394,0.1352693985115117,0.4050404040670715,0.2317403402313876,2.2309643346900536,0.693311179818636,0.0005905282356728,0.0435352512127535,Green,Moirai-1.1,BOVESPA
2,2547326745,1829,27,0.0147621651175505,0.0559342344040235,0.4152261928405886,0.115451962525454,3.65401456831588,0.6637869204939193,0.0006079306185102,0.0435964832706183,Green,Moirai-1.1,BOVESPA
3,4175777524,1829,24,0.0131219245489338,0.2003810625984821,0.4242182960832616,0.3201078463915335,1.639594870285947,0.6385997697006474,0.0005761844970215,0.0432591068381817,Green,Moirai-1.1,BOVESPA
4,3870874514,1829,24,0.0131219245489338,0.2003810625984821,0.4242182960832616,0.3201078463915335,1.639594870285947,0.6385997697006474,0.0005914174998452,0.043661800550881,Green,Moirai-1.1,BOVESPA
5,141500103,1829,25,0.0136686714051394,0.1352693985115117,0.4050404040670715,0.2317403402313876,2.2309643346900536,0.693311179818636,0.0005887184669598,0.0434744039788033,Green,Moirai-1.1,BOVESPA
6,4142590012,1829,27,0.0147621651175505,0.0559342344040235,0.3682442822763477,0.1073353135913278,3.65401456831588,0.8095805770188917,0.0005900633826122,0.0433404573728596,Green,Moirai-1.1,BOVESPA
7,3094064930,1829,23,0.0125751776927282,0.2872020916855331,0.4439057589031173,0.4234041262856499,1.1326909019272744,0.586165447537013,0.0005812154722391,0.0437031614206073,Green,Moirai-1.1,BOVESPA
0,4148106359,1157,13,0.0112359550561797,0.6786360818549477,0.5865784939624891,0.791605337124515,0.1716652344664853,0.2957194116889639,0.0008567004152045,0.0695703214170849,Green,Moirai-1.1,BTC
1,3672113104,1157,13,0.0112359550561797,0.6786360818549477,0.5865784939624891,0.791605337124515,0.1716652344664853,0.2957194116889639,0.0008932798891965,0.0697662896292206,Green,Moirai-1.1,BTC
2,1995015575,1157,15,0.0129645635263612,0.3324524652903477,0.5299944235069063,0.5133169759981533,0.9393212291810736,0.3944022461967904,0.0008776297784753,0.0696646550429938,Green,Moirai-1.1,BTC
3,4156258102,1157,17,0.0146931719965427,0.1337087797663044,0.476231119868127,0.2520331964490203,2.248907407196043,0.5074815292160508,0.0009010738168497,0.0691951852980079,Green,Moirai-1.1,BTC
4,3112286259,1157,16,0.013828867761452,0.2160078465987941,0.502744801379747,0.371607404362873,1.530697140071478,0.4491375531571009,0.000883094223017,0.0697417856146372,Green,Moirai-1.1,BTC
5,3774219911,1157,17,0.0146931719965427,0.1337087797663044,0.476231119868127,0.2520331964490203,2.248907407196043,0.5074815292160508,0.0009095485010227,0.0697158957073113,Green,Moirai-1.1,BTC
6,520852540,1157,16,0.013828867761452,0.2160078465987941,0.502744801379747,0.371607404362873,1.530697140071478,0.4491375531571009,0.0008925362585664,0.0699157047305795,Green,Moirai-1.1,BTC
7,3216983046,1157,18,0.0155574762316335,0.0789402193899156,0.4504800277199919,0.160732237321253,3.0865870606229873,0.569443780874991,0.0009067183327628,0.0691540764312395,Green,Moirai-1.1,BTC
0,2536669341,1010,10,0.0099009900990099,0.9747302503771116,0.6545566015677375,0.9042915462726526,0.001003383603189,0.2002035436875502,0.000155642551431,0.0132311582622836,Green,Moirai-1.1,CBU0
1,2972856864,1010,8,0.0079207920792079,0.4907391410382193,0.7206471478458532,0.7397896680358085,0.4749052419868813,0.1278734891524067,0.0001574180557615,0.0132253924731206,Green,Moirai-1.1,CBU0
2,1634328149,1010,8,0.0079207920792079,0.4907391410382193,0.7206471478458532,0.7397896680358085,0.4749052419868813,0.1278734891524067,0.0001558427099585,0.0132373242434655,Green,Moirai-1.1,CBU0
3,1701622409,1010,10,0.0099009900990099,0.9747302503771116,0.6545566015677375,0.9042915462726526,0.001003383603189,0.2002035436875502,0.0001606893898341,0.0132262785576918,Green,Moirai-1.1,CBU0
4,3231780172,1010,9,0.0089108910891089,0.723023192731904,0.6873198020679092,0.8660537427982913,0.1256144403026686,0.162002187070783,0.0001640994403382,0.0132879518950723,Green,Moirai-1.1,CBU0
5,4163049893,1010,10,0.0099009900990099,0.9747302503771116,0.6545566015677375,0.9042915462726526,0.001003383603189,0.2002035436875502,0.000162252615257,0.0132163571612429,Green,Moirai-1.1,CBU0
6,2265225470,1010,9,0.0089108910891089,0.723023192731904,0.6873198020679092,0.8660537427982913,0.1256144403026686,0.162002187070783,0.0001613341429415,0.0132293979897624,Green,Moirai-1.1,CBU0
7,2683105198,1010,7,0.0069306930693069,0.2994039316726127,0.7544795647291558,0.5558114327862196,1.076847197058047,0.0978051867837166,0.0001548015774384,0.0132978665579038,Green,Moirai-1.1,CBU0
0,3946937346,765,12,0.0156862745098039,0.144454216119145,0.1761843803056696,0.1381123165602175,2.129857166039423,1.8295189074300708,0.0004511475294169,0.0267755341874276,Green,Moirai-1.1,DJCI
1,3104326898,765,14,0.0183006535947712,0.0386715459147695,0.2511902921526525,0.0610565510428574,4.275238083983382,1.3166714720026391,0.0004179935023175,0.0270634858604943,Yellow,Moirai-1.1,DJCI
2,2702879099,765,10,0.0130718954248366,0.4148394650497671,0.1147636210689212,0.2067743127448703,0.6648883298575088,2.4873663843334555,0.000417749608449,0.0269558181206574,Green,Moirai-1.1,DJCI
3,1611045430,765,12,0.0156862745098039,0.144454216119145,0.1761843803056696,0.1381123165602175,2.129857166039423,1.8295189074300708,0.0004418782219926,0.0268173153443444,Green,Moirai-1.1,DJCI
4,3316412730,765,12,0.0156862745098039,0.144454216119145,0.1761843803056696,0.1381123165602175,2.129857166039423,1.8295189074300708,0.0004164580737325,0.0267805193535563,Green,Moirai-1.1,DJCI
5,614555555,765,13,0.0169934640522875,0.0771368391508254,0.2120340341207939,0.0962456776088817,3.124218719315767,1.557483710248846,0.0004292260186392,0.0268372207996193,Yellow,Moirai-1.1,DJCI
6,3504308853,765,12,0.0156862745098039,0.144454216119145,0.1761843803056696,0.1381123165602175,2.129857166039423,1.8295189074300708,0.0004352221617841,0.0267614878560945,Green,Moirai-1.1,DJCI
7,3657791776,765,14,0.0183006535947712,0.0386715459147695,0.2511902921526525,0.0610565510428574,4.275238083983382,1.3166714720026391,0.000433717313369,0.0268603676909047,Yellow,Moirai-1.1,DJCI
0,2585421555,812,9,0.0110837438423645,0.7603183421498357,0.6531119237241364,0.8628354532446291,0.0930632964952256,0.2019992522901219,0.0013000927996716,0.1060012710602597,Green,Moirai-1.1,ETH
1,3299374251,812,10,0.0123152709359605,0.5222239616687067,0.6172903585126441,0.7192137839815833,0.4094988839832889,0.2496943766052766,0.0013501762868252,0.1062142299109452,Green,Moirai-1.1,ETH
2,1948853972,812,12,0.0147783251231527,0.201344737727836,0.5482485907545545,0.369158682773726,1.632593270347174,0.3604641151785301,0.0013247724096767,0.1058341864918124,Green,Moirai-1.1,ETH
3,2679150716,812,8,0.0098522167487684,0.9661577223658654,0.6897050224634722,0.9225603404915868,0.0018001123302303,0.1594048785889725,0.0012767696969006,0.1061144932218842,Green,Moirai-1.1,ETH
4,3816641557,812,9,0.0110837438423645,0.7603183421498357,0.6531119237241364,0.8628354532446291,0.0930632964952256,0.2019992522901219,0.0012931121118595,0.1061334481038605,Green,Moirai-1.1,ETH
5,3913397621,812,12,0.0147783251231527,0.201344737727836,0.5482485907545545,0.369158682773726,1.632593270347174,0.3604641151785301,0.0012969160396452,0.1060902131111324,Green,Moirai-1.1,ETH
6,4099632686,812,11,0.0135467980295566,0.3351845881773436,0.6001059492301356,0.5478249258114585,0.9287629115580228,0.2748361314909289,0.0013018686164213,0.1059110329325317,Green,Moirai-1.1,ETH
7,1008276634,812,11,0.0135467980295566,0.3351845881773436,0.5823134297211177,0.5402970370256941,0.9287629115580228,0.3025095326219258,0.0013003013441783,0.1056649149717626,Green,Moirai-1.1,ETH
0,3106363609,1617,17,0.0105132962275819,0.83700490524124,0.5476839148530459,0.8171742136859522,0.0423232095401013,0.3614827324757925,0.0001633648350564,0.0136727681263446,Green,Moirai-1.1,EURUSD
1,972913574,1617,20,0.0123685837971552,0.3559435188333466,0.4789442695659189,0.508286284286259,0.8521546241530462,0.5012662526363556,0.0001624393216338,0.0137225349997161,Green,Moirai-1.1,EURUSD
2,821200111,1617,26,0.0160791589363017,0.0239630243412602,0.3564526747183737,0.0511072200807446,5.097306632813826,0.8503523643624931,0.0001698325789543,0.0136504288494088,Yellow,Moirai-1.1,EURUSD
3,4191123253,1617,18,0.0111317254174397,0.6532719966394398,0.5242545025139073,0.7381135277750996,0.2017998099529485,0.4055154591249845,0.0001591248651383,0.0135961016693748,Green,Moirai-1.1,EURUSD
4,1616734130,1617,19,0.0117501546072974,0.4912919466586543,0.5013354297537497,0.6294543540626295,0.4736955298985057,0.4521083491902971,0.0001650712227931,0.0136753814181319,Green,Moirai-1.1,EURUSD
5,4167017270,1617,21,0.0129870129870129,0.2484661060430444,0.4570969076689184,0.3896716161616708,1.3319077750317962,0.5529940337476376,0.0001654240799243,0.0136281021367181,Green,Moirai-1.1,EURUSD
6,4092516920,1617,21,0.0129870129870129,0.2484661060430444,0.4570969076689184,0.3896716161616708,1.3319077750317962,0.5529940337476376,0.0001690072117345,0.0136593616509125,Green,Moirai-1.1,EURUSD
7,276365509,1617,14,0.0086580086580086,0.5788296098473178,0.6208339104838463,0.758498913929996,0.3081305770828013,0.2446972470374078,0.0001595117098988,0.0136997763146825,Green,Moirai-1.1,EURUSD
0,3696306458,1891,25,0.0132205182443151,0.1798237952416107,0.3397348401237894,0.2578813506264453,1.7990796937989213,0.9114316684634788,0.0004775954538179,0.035401503914543,Green,Moirai-1.1,FCHI
1,437195093,1891,25,0.0132205182443151,0.1798237952416107,0.3397348401237894,0.2578813506264453,1.7990796937989213,0.9114316684634788,0.0004653307682664,0.0354906763180855,Green,Moirai-1.1,FCHI
2,537329449,1891,27,0.0142781597038603,0.0789253532911269,0.4009323415895836,0.1501364318988331,3.0868934785179825,0.7055282260419631,0.0004604732529953,0.0354572170759126,Green,Moirai-1.1,FCHI
3,56241260,1891,23,0.0121628767847699,0.3605733432333604,0.2829441745218386,0.3699473317340777,0.8358953654996704,1.1528938947818688,0.0004635774252268,0.03560501057907,Green,Moirai-1.1,FCHI
4,1082649271,1891,26,0.0137493389740877,0.1210270357909805,0.3698112823453725,0.2010626067710275,2.403979366398218,0.8042985194998096,0.000475747451694,0.0354376828285551,Green,Moirai-1.1,FCHI
5,3598572360,1891,27,0.0142781597038603,0.0789253532911269,0.4009323415895836,0.1501364318988331,3.0868934785179825,0.7055282260419631,0.0004801816559573,0.0354987947065339,Green,Moirai-1.1,FCHI
6,2091166168,1891,26,0.0137493389740877,0.1210270357909805,0.0507358915930792,0.0445797758270565,2.403979366398218,3.8169705927841737,0.000479334811987,0.0355365834830597,Green,Moirai-1.1,FCHI
7,2796966710,1891,27,0.0142781597038603,0.0789253532911269,0.4009323415895836,0.1501364318988331,3.0868934785179825,0.7055282260419631,0.0004617010965723,0.0354968607403242,Green,Moirai-1.1,FCHI
0,3321123360,1867,28,0.0149973219068023,0.0433109868474071,0.4388348377577292,0.096204918810376,4.083222364223378,0.5993272188418928,0.0003995074013507,0.0279339790053435,Green,Moirai-1.1,FTSE100
1,750329511,1867,22,0.0117836100696304,0.4512617046147432,0.2599476035459518,0.3992136991408654,0.5674808372453972,1.2690360000515852,0.0003855794530335,0.0278009529190065,Green,Moirai-1.1,FTSE100
2,717318798,1867,26,0.013926084627745,0.1075136168089703,0.3748632003626291,0.1847158094812817,2.5903935764906,0.787480023471403,0.0003941162578297,0.0280610978594655,Green,Moirai-1.1,FTSE100
3,3143303458,1867,31,0.0166041778253883,0.0088110601656274,0.54147582234648,0.0268693218403915,6.8607288531660195,0.3728113372633288,0.0004039011232331,0.0278744673657477,Yellow,Moirai-1.1,FTSE100
4,3799604206,1867,25,0.0133904659882163,0.1615564690397098,0.3444176117738426,0.2400861192493536,1.959596589710568,0.8939185898867663,0.0003891458089409,0.0278362327254807,Green,Moirai-1.1,FTSE100
5,2392984311,1867,25,0.0133904659882163,0.1615564690397098,0.3444176117738426,0.2400861192493536,1.959596589710568,0.8939185898867663,0.0003940553191468,0.0278590208921507,Green,Moirai-1.1,FTSE100
6,3902576735,1867,25,0.0133904659882163,0.1615564690397098,0.409931391828176,0.2673228600361286,1.959596589710568,0.6789996852361924,0.0003865090207185,0.0279890675762555,Green,Moirai-1.1,FTSE100
7,1794626599,1867,25,0.0133904659882163,0.1615564690397098,0.409931391828176,0.2673228600361286,1.959596589710568,0.6789996852361924,0.0003921592773939,0.0280095525538393,Green,Moirai-1.1,FTSE100
0,3670387234,1621,14,0.0086366440468846,0.5721767818795042,0.6212691733412754,0.7545974666704612,0.319053883351085,0.2440877739280438,0.0001938753362299,0.0160754240326417,Green,Moirai-1.1,GBPUSD
1,216503746,1621,18,0.0111042566317088,0.6606289192092782,0.5247728897698722,0.7418325690970367,0.1927605253240396,0.4045028934646097,0.0001957679195537,0.01605425075097,Green,Moirai-1.1,GBPUSD
2,1458259117,1621,15,0.0092535471930906,0.7596891835304604,0.5964536258569261,0.8294661416036914,0.0935680626368453,0.2803779134078183,0.0001868395239801,0.0160948165632014,Green,Moirai-1.1,GBPUSD
3,1339010521,1621,16,0.0098704503392967,0.9581030103021212,0.5720844252259261,0.8513060598497685,0.0027598467831707,0.3192072887554786,0.000193463802317,0.0160455913910773,Green,Moirai-1.1,GBPUSD
4,2164852594,1621,16,0.0098704503392967,0.9581030103021212,0.5720844252259261,0.8513060598497685,0.0027598467831707,0.3192072887554786,0.0001894058074659,0.0160384769800431,Green,Moirai-1.1,GBPUSD
5,4129726669,1621,15,0.0092535471930906,0.7596891835304604,0.5964536258569261,0.8294661416036914,0.0935680626368453,0.2803779134078183,0.0001886418007403,0.0160394809722883,Green,Moirai-1.1,GBPUSD
6,1937500283,1621,17,0.0104873534855027,0.8448834779041368,0.5481839157582201,0.8191975922807322,0.0382792445600614,0.3605806830632332,0.0001914825008448,0.0161186919909396,Green,Moirai-1.1,GBPUSD
7,3590457260,1621,17,0.0104873534855027,0.8448834779041368,0.5481839157582201,0.8191975922807322,0.0382792445600614,0.3605806830632332,0.000192749711449,0.0160898811593471,Green,Moirai-1.1,GBPUSD
0,677000492,1878,30,0.0159744408945686,0.0166571586731543,0.5034477784368242,0.0455064484131001,5.732141421388604,0.4476610580157967,0.0004745650779178,0.0350446040588847,Green,Moirai-1.1,GDAXI
1,4042190056,1878,25,0.0133120340788072,0.1697669810838651,0.4113253978552075,0.2780419931975421,1.8849997400445684,0.674966504018812,0.0004736968968599,0.0348775633604877,Green,Moirai-1.1,GDAXI
2,2475695810,1878,24,0.0127795527156549,0.245765642068276,0.3130870641693616,0.3065386742598094,1.347214673991573,1.017608028554264,0.0004732243306019,0.0349070878942942,Green,Moirai-1.1,GDAXI
3,3318058195,1878,22,0.0117145899893503,0.4672048608641068,0.2582790670543045,0.405242953655511,0.5285790709428353,1.2779579413888769,0.0004786567831716,0.0352998982951134,Green,Moirai-1.1,GDAXI
4,1105391601,1878,20,0.0106496272630457,0.7794874831688162,0.5115914189004337,0.7752252028199765,0.0783927168855229,0.4308106982272477,0.0004707430688139,0.0350983244207866,Green,Moirai-1.1,GDAXI
5,1585660097,1878,20,0.0106496272630457,0.7794874831688162,0.2084852602819848,0.4359824919715642,0.0783927168855229,1.5819136680502766,0.000466741903832,0.0350293990456453,Green,Moirai-1.1,GDAXI
6,4016540042,1878,22,0.0117145899893503,0.4672048608641068,0.4700556667659994,0.591429912072744,0.5285790709428353,0.5218451179191561,0.0004742498357215,0.0351976471266917,Green,Moirai-1.1,GDAXI
7,4125633263,1878,20,0.0106496272630457,0.7794874831688162,0.2084852602819848,0.4359824919715642,0.0783927168855229,1.5819136680502766,0.0004801521843515,0.0351092576156666,Green,Moirai-1.1,GDAXI
0,3706670784,1490,17,0.0114093959731543,0.5928188991002421,0.5308983374870526,0.7122561728942771,0.2859635051060598,0.392671772672827,0.0004809435356879,0.0334133165037892,Green,Moirai-1.1,GLD
1,474695507,1490,15,0.0100671140939597,0.979250837708018,0.5805805808247448,0.8581411278988325,0.0006764238783598,0.305296992701102,0.0004591109243148,0.0332626712344007,Green,Moirai-1.1,GLD
2,1999565153,1490,15,0.0100671140939597,0.979250837708018,0.5805805808247448,0.8581411278988325,0.0006764238783598,0.305296992701102,0.0004812034908155,0.0334754665620899,Green,Moirai-1.1,GLD
3,892273488,1490,17,0.0114093959731543,0.5928188991002421,0.5308983374870526,0.7122561728942771,0.2859635051060598,0.392671772672827,0.0004719504691723,0.0332505337138367,Green,Moirai-1.1,GLD
4,3062027326,1490,19,0.0127516778523489,0.3058847439730927,0.4834057961198224,0.4631215035007868,1.0483615265783204,0.4911701389339953,0.0004714340716821,0.0334452273217936,Green,Moirai-1.1,GLD
5,1296033228,1490,19,0.0127516778523489,0.3058847439730927,0.4834057961198224,0.4631215035007868,1.0483615265783204,0.4911701389339953,0.0004743419367121,0.0332093359077402,Green,Moirai-1.1,GLD
6,2040872393,1490,18,0.0120805369127516,0.4344495217656254,0.506867891390403,0.5911335440542134,0.610898999107576,0.4405276493626502,0.0004733013646008,0.0333980798607524,Green,Moirai-1.1,GLD
7,3592910801,1490,18,0.0120805369127516,0.4344495217656254,0.506867891390403,0.5911335440542134,0.610898999107576,0.4405276493626502,0.0004722465575911,0.0331945935582231,Green,Moirai-1.1,GLD
0,3285675920,1817,15,0.0082553659878921,0.4409024095237185,0.6171708012608704,0.6558006940328546,0.5939326355349532,0.2498640770102156,0.0005601809756199,0.0395412875081792,Green,Moirai-1.1,HSI
1,1284271268,1817,16,0.0088057237204182,0.6014892674311303,0.5938004266940411,0.7568411530437095,0.2727555797115046,0.284448190333336,0.0005625997690546,0.0398287077357852,Green,Moirai-1.1,HSI
2,3730171192,1817,23,0.0126582278481012,0.2740809173179563,0.4423848257141333,0.4093649218004002,1.1962078949146004,0.5900886878823997,0.0005714924136711,0.0395793699928058,Green,Moirai-1.1,HSI
3,3882335683,1817,17,0.0093560814529444,0.7803417728789721,0.5708308021016859,0.8191136348445447,0.0777705257474692,0.321294387192097,0.0005600824984974,0.03955383346255,Green,Moirai-1.1,HSI
4,2657935054,1817,21,0.0115575123830489,0.5149587726237115,0.4833140937802759,0.6327518047021522,0.42397794279898,0.4913761120095614,0.000562794784934,0.0396129335982158,Green,Moirai-1.1,HSI
5,1937963306,1817,20,0.0110071546505228,0.6711344511854109,0.5045067413860329,0.7313517488874581,0.1802779875927194,0.4454435050831762,0.0005658751520359,0.0397429004711671,Green,Moirai-1.1,HSI
6,1730797923,1817,22,0.0121078701155751,0.3820591891314051,0.4626027388671653,0.5210924802641727,0.7640656049676782,0.5395898903832403,0.0005559317108454,0.0396656788994335,Green,Moirai-1.1,HSI
7,1144765188,1817,20,0.0110071546505228,0.6711344511854109,0.5045067413860329,0.7313517488874581,0.1802779875927194,0.4454435050831762,0.000570550953143,0.0396257110808783,Green,Moirai-1.1,HSI
0,3503976850,1260,17,0.0134920634920634,0.2368742198546677,0.4951142951785467,0.393668233900813,1.3991005862194648,0.4653929544626294,0.0002939695415025,0.0235136384707557,Green,Moirai-1.1,IBGL
1,1886856724,1260,16,0.0126984126984126,0.3554748290088271,0.5209975794026842,0.5310668279494886,0.8538167723064056,0.4119180529872039,0.0002902740082178,0.0235057219716836,Green,Moirai-1.1,IBGL
2,4043075348,1260,21,0.0166666666666666,0.0299637767599678,0.3986238615655139,0.0664090841913492,4.7113692551552795,0.7124735883381561,0.000290745741873,0.0234646145875135,Yellow,Moirai-1.1,IBGL
3,46699363,1260,18,0.0142857142857142,0.1508426824223168,0.4699141451181718,0.2744618150902361,2.063708410876611,0.5221778588198731,0.0002850020791968,0.023419223251317,Green,Moirai-1.1,IBGL
4,928408561,1260,16,0.0126984126984126,0.3554748290088271,0.5209975794026842,0.5310668279494886,0.8538167723064056,0.4119180529872039,0.0002889751655719,0.0234795295682806,Green,Moirai-1.1,IBGL
5,3910667099,1260,16,0.0126984126984126,0.3554748290088271,0.5209975794026842,0.5310668279494886,0.8538167723064056,0.4119180529872039,0.0002881660142543,0.0235786037946956,Green,Moirai-1.1,IBGL
6,4184280577,1260,17,0.0134920634920634,0.2368742198546677,0.4951142951785467,0.393668233900813,1.3991005862194648,0.4653929544626294,0.0002836697863744,0.023722434413272,Green,Moirai-1.1,IBGL
7,1405202754,1260,14,0.0111111111111111,0.696948046133079,0.5747094060448682,0.7919427427633958,0.1516662948166725,0.3148660737268187,0.0002835942106918,0.0234565387779405,Green,Moirai-1.1,IBGL
0,2579208591,1219,19,0.0155865463494667,0.0699677582734845,0.4377422603945565,0.1432756194678909,3.283776511555679,0.6021936782944408,0.0006577082021032,0.0460476103008409,Green,Moirai-1.1,ICLN
1,3768482546,1219,16,0.0131255127153404,0.2953285171688558,0.5139733991739299,0.4674000721116945,1.0951700865536722,0.4259693186358788,0.0006399977885473,0.0459636781345749,Green,Moirai-1.1,ICLN
2,3626873383,1219,17,0.0139458572600492,0.1913089587593883,0.4878423391562095,0.3347420460527589,1.707508426731481,0.4812816843709697,0.0006430340712853,0.04553995637769,Green,Moirai-1.1,ICLN
3,2377337516,1219,15,0.0123051681706316,0.4349475869868269,0.5407916333390149,0.6115092801529028,0.6095757645899269,0.3740745312556726,0.0006248258821347,0.045804618240719,Green,Moirai-1.1,ICLN
4,2498375637,1219,16,0.0131255127153404,0.2953285171688558,0.5139733991739299,0.4674000721116945,1.0951700865536722,0.4259693186358788,0.0006401092528575,0.0459772680947131,Green,Moirai-1.1,ICLN
5,3799475412,1219,16,0.0131255127153404,0.2953285171688558,0.5139733991739299,0.4674000721116945,1.0951700865536722,0.4259693186358788,0.0006270848851035,0.0458430281245648,Green,Moirai-1.1,ICLN
6,4247715985,1219,17,0.0139458572600492,0.1913089587593883,0.4878423391562095,0.3347420460527589,1.707508426731481,0.4812816843709697,0.0006326687440552,0.0457916170003368,Green,Moirai-1.1,ICLN
7,269622669,1219,16,0.0131255127153404,0.2953285171688558,0.5139733991739299,0.4674000721116945,1.0951700865536722,0.4259693186358788,0.0006404828636318,0.0460054675023703,Green,Moirai-1.1,ICLN
0,3532707491,1242,14,0.0112721417069243,0.6587789429293679,0.1461320209048976,0.3155021283275739,0.1950102440355072,2.112169458236309,0.0003239286551204,0.0237209633339619,Green,Moirai-1.1,NIFTY
1,2075537962,1242,17,0.0136876006441223,0.2161334383895475,0.2282036307774273,0.22516055872028,1.5298601270467405,1.4520229468587047,0.0003224388174382,0.0236068644082524,Green,Moirai-1.1,NIFTY
2,3889838844,1242,17,0.0136876006441223,0.2161334383895475,0.2282036307774273,0.22516055872028,1.5298601270467405,1.4520229468587047,0.0003256666755632,0.0237262254269479,Green,Moirai-1.1,NIFTY
3,3721388615,1242,11,0.0088566827697262,0.6796167282729123,0.0830000541987516,0.204363268342343,0.1705575970817308,3.005154686087238,0.0003108264181787,0.0237901086052163,Green,Moirai-1.1,NIFTY
4,4236399389,1242,12,0.0096618357487922,0.9041233855520012,0.1019146437653214,0.2605615607729239,0.0145092060738677,2.6753230498481457,0.0003150889387566,0.0235950177025715,Green,Moirai-1.1,NIFTY
5,1568259704,1242,15,0.0120772946859903,0.4761444237268788,0.1714196701583633,0.3045005202723886,0.5076810841127992,1.8704838823302623,0.0003161133119728,0.0236924038095362,Green,Moirai-1.1,NIFTY
6,3613525547,1242,13,0.0104669887278582,0.8696089497019038,0.1229586454896675,0.3002663828150323,0.026946937244842,2.379223573949332,0.000317908578189,0.0238393847990801,Green,Moirai-1.1,NIFTY
7,1717164448,1242,15,0.0120772946859903,0.4761444237268788,0.1714196701583633,0.3045005202723886,0.5076810841127992,1.8704838823302623,0.0003180490296721,0.0238068941298935,Green,Moirai-1.1,NIFTY
0,2016912914,1806,17,0.0094130675526024,0.8001332984341756,0.1502603610606925,0.3440901619814832,0.0640973748578006,2.069605739476686,0.0004973076656919,0.0401404668361716,Green,Moirai-1.1,NIKKEI
1,4129340972,1806,20,0.0110741971207087,0.6519785411521377,0.2177182496402894,0.4225780221930757,0.2034147766959284,1.5193475859467185,0.0005111360773804,0.0400414059380867,Green,Moirai-1.1,NIKKEI
2,2880783075,1806,22,0.0121816168327796,0.3675955146687643,0.2695747035746521,0.3622780656594027,0.8117766152197721,1.2189098344643696,0.0005153696335397,0.0400895344012226,Green,Moirai-1.1,NIKKEI
3,1601331146,1806,21,0.0116279069767441,0.4979052607227683,0.2429811350677648,0.4019986622230451,0.4593984112599072,1.3632146250841402,0.000518044374051,0.0401383881245801,Green,Moirai-1.1,NIKKEI
4,3379090291,1806,24,0.0132890365448504,0.1810771147850263,0.3265722390416038,0.2526874020881209,1.7887616629445038,0.9624425751821092,0.0005191134408897,0.0400534455240752,Green,Moirai-1.1,NIKKEI
5,1338272429,1806,21,0.0116279069767441,0.4979052607227683,0.2429811350677648,0.4019986622230451,0.4593984112599072,1.3632146250841402,0.0005022782116952,0.0401104248787422,Green,Moirai-1.1,NIKKEI
6,2333625776,1806,24,0.0132890365448504,0.1810771147850263,0.3265722390416038,0.2526874020881209,1.7887616629445038,0.9624425751821092,0.0005124413151706,0.040175862029743,Green,Moirai-1.1,NIKKEI
7,3506122616,1806,17,0.0094130675526024,0.8001332984341756,0.1502603610606925,0.3440901619814832,0.0640973748578006,2.069605739476686,0.0005142087984463,0.0400401082028816,Green,Moirai-1.1,NIKKEI
0,1830092821,1858,24,0.0129171151776103,0.2265399348200411,0.31672862124321,0.2915828032899102,1.4624548323850457,1.0024076760453795,0.0004875633929054,0.035787907226143,Green,Moirai-1.1,SP500
1,977155831,1858,22,0.0118406889128094,0.4384031917799934,0.2613276892928735,0.394126205199651,0.6004583668788879,1.2617098395398614,0.0004825117641199,0.0359028458374638,Green,Moirai-1.1,SP500
2,2426661640,1858,25,0.0134553283100107,0.1550411578953336,0.4087836308712985,0.2586869128913067,2.021937969128784,0.6823355889573577,0.0004944219224842,0.0358647332743436,Green,Moirai-1.1,SP500
3,954928713,1858,25,0.0134553283100107,0.1550411578953336,0.4087836308712985,0.2586869128913067,2.021937969128784,0.6823355889573577,0.0004839238692978,0.0360929821240702,Green,Moirai-1.1,SP500
4,3991830068,1858,26,0.0139935414424111,0.1027369735267962,0.3901677560618405,0.1825965237497593,2.662533560399531,0.7384191366354571,0.0004934157321775,0.0356396362390504,Green,Moirai-1.1,SP500
5,733871070,1858,23,0.0123789020452099,0.3203738482326749,0.4475314673034543,0.4574178543434383,0.987419670983968,0.5768962564877711,0.0004913002441198,0.0358507923186111,Green,Moirai-1.1,SP500
6,126386196,1858,23,0.0123789020452099,0.3203738482326749,0.2884192984064952,0.3474263856069068,0.987419670983968,1.1269852818133757,0.0004824539140807,0.0359344774283778,Green,Moirai-1.1,SP500
7,2170925015,1858,25,0.0134553283100107,0.1550411578953336,0.3462044074993494,0.2334868936064284,2.021937969128784,0.8873206980986765,0.0005009437014157,0.0357581554512515,Green,Moirai-1.1,SP500
0,1414962104,1532,15,0.0097911227154047,0.9342859243899352,0.1353996949580508,0.3268879978960703,0.0067986148350633,2.229476746835985,0.0003782033758725,0.029902629654665,Green,Moirai-1.1,STOXX
1,328454221,1532,13,0.008485639686684,0.5407821732046525,0.0969764390147478,0.2092271660288658,0.3740920177413036,2.754577379233666,0.0003700323728065,0.0299832351913198,Green,Moirai-1.1,STOXX
2,286005789,1532,18,0.0117493472584856,0.5030996693569209,0.2058365015835569,0.3590005734129409,0.4483917675005644,1.60047081898864,0.0003922651190609,0.0299685869654782,Green,Moirai-1.1,STOXX
3,3078486407,1532,18,0.0117493472584856,0.5030996693569209,0.2058365015835569,0.3590005734129409,0.4483917675005644,1.60047081898864,0.0003743507354422,0.0299465666850225,Green,Moirai-1.1,STOXX
4,1427410165,1532,17,0.0110966057441253,0.6716279950786792,0.1806761501089969,0.373111244229583,0.1797037054844095,1.7920536183180502,0.0003856440275583,0.0298460459213741,Green,Moirai-1.1,STOXX
5,3790912011,1532,16,0.010443864229765,0.8623750701278835,0.1571884301564875,0.3621997847235361,0.0300507756888772,2.001067880093103,0.0003769437119357,0.0301098636191207,Green,Moirai-1.1,STOXX
6,2795319363,1532,16,0.010443864229765,0.8623750701278835,0.1571884301564875,0.3621997847235361,0.0300507756888772,2.001067880093103,0.0003837652326884,0.0300122019678156,Green,Moirai-1.1,STOXX
7,526588788,1532,17,0.0110966057441253,0.6716279950786792,0.1806761501089969,0.373111244229583,0.1797037054844095,1.7920536183180502,0.0003713371597087,0.0300318432930297,Green,Moirai-1.1,STOXX
0,425290816,1665,24,0.0144144144144144,0.0894793130039902,0.4019569580368198,0.1664450530656772,2.8837159725679022,0.7024640987221176,0.0003705300821053,0.027964966852746,Green,Moirai-1.1,TLT
1,1444452850,1665,22,0.0132132132132132,0.2091642448049341,0.442596043557583,0.3384523067702389,1.5772015758784796,0.58954260884326,0.000370012930877,0.0277011957253333,Green,Moirai-1.1,TLT
2,2464749729,1665,20,0.012012012012012,0.4238211819547197,0.4854344439967621,0.5694054019429475,0.6396952255349202,0.486630008672904,0.0003730947746222,0.0278646192590655,Green,Moirai-1.1,TLT
3,979495799,1665,21,0.0126126126126126,0.3031688745231335,0.4637463312157096,0.4499943350836195,1.060203067583922,0.5368375024162333,0.000364862387699,0.0279648546338541,Green,Moirai-1.1,TLT
4,1815515900,1665,21,0.0126126126126126,0.3031688745231335,0.4637463312157096,0.4499943350836195,1.060203067583922,0.5368375024162333,0.000365249117658,0.0279114664716251,Green,Moirai-1.1,TLT
5,1434090283,1665,21,0.0126126126126126,0.3031688745231335,0.4637463312157096,0.4499943350836195,1.060203067583922,0.5368375024162333,0.0003773647215799,0.0277708882447381,Green,Moirai-1.1,TLT
6,1649925889,1665,23,0.0138138138138138,0.1392382251720738,0.4219959927947184,0.2427911032321427,2.186357791294125,0.6447499343856293,0.000367644126361,0.0279527120309502,Green,Moirai-1.1,TLT
7,3374318632,1665,21,0.0126126126126126,0.3031688745231335,0.4637463312157096,0.4499943350836195,1.060203067583922,0.5368375024162333,0.0003734025709652,0.0277364651880983,Green,Moirai-1.1,TLT
0,3774021548,1309,15,0.0114591291061879,0.6040940860076642,0.5552272133177347,0.7345844028704074,0.2688651069217869,0.3480356490009342,0.0013418598545466,0.1052175362482581,Green,Moirai-1.1,UNG
1,3666490003,1309,13,0.0099312452253628,0.9800315855100578,0.6094283217688568,0.877378007927202,0.0006264663225843,0.2610082449010065,0.001329669131171,0.1052140004125525,Green,Moirai-1.1,UNG
2,305297357,1309,15,0.0114591291061879,0.6040940860076642,0.5552272133177347,0.7345844028704074,0.2688651069217869,0.3480356490009342,0.0013742331134224,0.1054013723149188,Green,Moirai-1.1,UNG
3,3411387773,1309,13,0.0099312452253628,0.9800315855100578,0.6094283217688568,0.877378007927202,0.0006264663225843,0.2610082449010065,0.0013483722986014,0.1056068410139304,Green,Moirai-1.1,UNG
4,2308891006,1309,12,0.0091673032849503,0.7587674840548646,0.637349483521954,0.8536211409388592,0.0943102273465421,0.2222253976598267,0.0013279771545471,0.1050631726579182,Green,Moirai-1.1,UNG
5,649441346,1309,16,0.0122230710466004,0.4347035081168439,0.5290089241719498,0.6045569242296925,0.6102239323520768,0.396294959449051,0.0013268666282992,0.1052294467582373,Green,Moirai-1.1,UNG
6,3662966258,1309,14,0.0106951871657754,0.8026118627749712,0.5820435655210419,0.8330069061301174,0.0624841514670604,0.3029425408874431,0.0013551634181739,0.1055728181003924,Green,Moirai-1.1,UNG
7,1826409069,1309,15,0.0114591291061879,0.6040940860076642,0.5552272133177347,0.7345844028704074,0.2688651069217869,0.3480356490009342,0.0013411403587407,0.1054578641375253,Green,Moirai-1.1,UNG
0,1268997840,1923,27,0.0140405616224648,0.0932425690690902,0.3803967955215779,0.1663850465818572,2.8174820639764473,0.769419173873132,0.0002168794923258,0.0157634838718108,Green,Moirai-1.1,USDJPY
1,780537934,1923,30,0.0156006240249609,0.0225272942719618,0.3293596172098979,0.0460511146802959,5.2045925444207874,0.9514140769875326,0.0002135933110121,0.0157968809850918,Green,Moirai-1.1,USDJPY
2,294683174,1923,28,0.0145605824232969,0.0598510336229328,0.3628782476564931,0.1125106162938535,3.541507723104477,0.8279076663624778,0.0002200347802498,0.0157755315687694,Green,Moirai-1.1,USDJPY
3,1147133256,1923,29,0.0150806032241289,0.0372699673267876,0.3458647190384433,0.0732921321253812,4.338032555078474,0.8885714726015408,0.0002188676588845,0.0157375667997091,Green,Moirai-1.1,USDJPY
4,2650541501,1923,27,0.0140405616224648,0.0932425690690902,0.3803967955215779,0.1663850465818572,2.8174820639764473,0.769419173873132,0.0002099805022404,0.0157348226128554,Green,Moirai-1.1,USDJPY
5,2351244325,1923,21,0.0109204368174727,0.6893563627462121,0.4957717297405483,0.7320698137110828,0.1597830208531232,0.4639757704396459,0.00021208833604,0.0156999184803415,Green,Moirai-1.1,USDJPY
6,2489975434,1923,27,0.0140405616224648,0.0932425690690902,0.3803967955215779,0.1663850465818572,2.8174820639764473,0.769419173873132,0.0002114265200154,0.0157336824871217,Green,Moirai-1.1,USDJPY
7,2100255604,1923,27,0.0140405616224648,0.0932425690690902,0.3803967955215779,0.1663850465818572,2.8174820639764473,0.769419173873132,0.000215566425823,0.0157966435880276,Green,Moirai-1.1,USDJPY
0,3138624286,1386,17,0.0122655122655122,0.4129794601210789,0.5156795538015958,0.579050127938604,0.6702069615862074,0.4225254952259547,0.0010198241124936,0.0694833325699463,Green,Moirai-1.1,USO
1,386770456,1386,18,0.0129870129870129,0.2853070589923035,0.4911324051312935,0.4458200741492968,1.1416352357415391,0.4740444233548828,0.0010156851487235,0.0690705392420891,Green,Moirai-1.1,USO
2,1927649059,1386,18,0.0129870129870129,0.2853070589923035,0.4911324051312935,0.4458200741492968,1.1416352357415391,0.4740444233548828,0.0010084792640388,0.0687569872314308,Green,Moirai-1.1,USO
3,4015677615,1386,16,0.0115440115440115,0.5728394511092016,0.5408297221958241,0.7075270832236823,0.3179546080531672,0.3740041319920237,0.0009992655785099,0.0685723983695577,Green,Moirai-1.1,USO
4,1012166977,1386,18,0.0129870129870129,0.2853070589923035,0.4911324051312935,0.4458200741492968,1.1416352357415391,0.4740444233548828,0.0010219442922703,0.0685378137751553,Green,Moirai-1.1,USO
5,1187215017,1386,17,0.0122655122655122,0.4129794601210789,0.5156795538015958,0.579050127938604,0.6702069615862074,0.4225254952259547,0.0010063147691195,0.0688445596026225,Green,Moirai-1.1,USO
6,958211943,1386,20,0.0144300144300144,0.1200608227814911,0.4439305939106751,0.2228370636150226,2.4165273040380075,0.5861015579947946,0.0010342909373772,0.0693973625254722,Green,Moirai-1.1,USO
7,1942393584,1386,17,0.0122655122655122,0.4129794601210789,0.5156795538015958,0.579050127938604,0.6702069615862074,0.4225254952259547,0.0010674408516156,0.0690292399228048,Green,Moirai-1.1,USO
0,1541898194,1868,21,0.0112419700214132,0.5968258421889636,0.4894204644296429,0.6846791047316279,0.2798098997988107,0.4778001216561733,0.0003656568008496,0.0287299204797695,Green,Lag-Llama,ASX200
1,1009774002,1868,28,0.0149892933618843,0.0435710007315632,0.3557980331951623,0.0851884174593164,4.073109350273338,0.8526702491295737,0.0003771420725308,0.0285734176889311,Green,Lag-Llama,ASX200
2,2347456076,1868,23,0.0123126338329764,0.3322841723222552,0.4487656489348106,0.4691318187413096,0.9399753840774104,0.5737675891475362,0.0003701206804943,0.0286445365948796,Green,Lag-Llama,ASX200
3,1705833643,1868,22,0.0117773019271948,0.4527008540074843,0.4688548034821449,0.5802610445554186,0.5638807193058692,0.5246736804464831,0.0003756036127475,0.0287125011961145,Green,Lag-Llama,ASX200
4,718045884,1868,23,0.0123126338329764,0.3322841723222552,0.4487656489348106,0.4691318187413096,0.9399753840774104,0.5737675891475362,0.0003696428162858,0.0286360851331351,Green,Lag-Llama,ASX200
5,869208968,1868,24,0.012847965738758,0.2360319616691611,0.4291637392571834,0.3625431616134044,1.404137998727645,0.625085491783409,0.0003766801729601,0.0285590352119016,Green,Lag-Llama,ASX200
6,1345535335,1868,29,0.0155246252676659,0.0264163751252312,0.3387481950987293,0.0538334745181551,4.92855649548429,0.9151631092411208,0.0003787087415876,0.028587597854814,Green,Lag-Llama,ASX200
7,2142300208,1868,24,0.012847965738758,0.2360319616691611,0.4291637392571834,0.3625431616134044,1.404137998727645,0.625085491783409,0.0003701675417303,0.0285733395858178,Green,Lag-Llama,ASX200
0,373224085,1430,17,0.0118881118881118,0.4859046735961744,0.5222953705028603,0.6392432540438655,0.4855821036704899,0.4093583319088907,0.00022673548257,0.0177723742794577,Green,Lag-Llama,AUDUSD
1,2262343934,1430,17,0.0118881118881118,0.4859046735961744,0.5222953705028603,0.6392432540438655,0.4855821036704899,0.4093583319088907,0.0002282260152992,0.0178201005466171,Green,Lag-Llama,AUDUSD
2,1319294859,1430,17,0.0118881118881118,0.4859046735961744,0.5222953705028603,0.6392432540438655,0.4855821036704899,0.4093583319088907,0.000227653985041,0.0178175567535592,Green,Lag-Llama,AUDUSD
3,1834567080,1430,19,0.0132867132867132,0.2343207775654769,0.4742431746537611,0.3816482309406654,1.4144396767888576,0.5120722352926919,0.000234405373831,0.0178089055450919,Green,Lag-Llama,AUDUSD
4,3452466116,1430,20,0.0139860139860139,0.1530194106215075,0.4511354074716381,0.271214878408959,2.04189009189521,0.5677976341663111,0.0002339916234242,0.0177942805444493,Green,Lag-Llama,AUDUSD
5,1056032224,1430,18,0.0125874125874125,0.3444716134490873,0.497969446982152,0.5083984129045818,0.8937185060169073,0.4592612168175378,0.0002344487501768,0.017779148349412,Green,Lag-Llama,AUDUSD
6,3642274988,1430,14,0.0097902097902097,0.9362285372925968,0.5986503283750177,0.8678650592483468,0.0064017540837205,0.277036322121603,0.0002281061234204,0.01780451244269,Green,Lag-Llama,AUDUSD
7,233081787,1430,21,0.0146853146853146,0.0959981327273216,0.4286628035825006,0.1829354047040999,2.7708006552263296,0.6264436811971734,0.0002348900480445,0.017801167364444,Green,Lag-Llama,AUDUSD
0,671817215,1829,27,0.0147621651175505,0.0559342344040235,0.3682442822763477,0.1073353135913278,3.65401456831588,0.8095805770188917,0.0005132204213872,0.0388701188438239,Green,Lag-Llama,BOVESPA
1,1151546692,1829,23,0.0125751776927282,0.2872020916855331,0.4439057589031173,0.4234041262856499,1.1326909019272744,0.586165447537013,0.0004979009752883,0.0389135751226398,Green,Lag-Llama,BOVESPA
2,1629603829,1829,22,0.0120284308365226,0.39815931159436,0.4640933672671743,0.5352928252345793,0.7138782923231668,0.5360043975433655,0.0005085903963829,0.038901627290489,Green,Lag-Llama,BOVESPA
3,278214039,1829,25,0.0136686714051394,0.1352693985115117,0.4050404040670715,0.2317403402313876,2.2309643346900536,0.693311179818636,0.000513170700142,0.0387286909861653,Green,Lag-Llama,BOVESPA
4,3970630325,1829,26,0.0142154182613449,0.0883894314155783,0.3863801567305596,0.160914252566501,2.9034637935994194,0.7503035036610299,0.0005306615729104,0.0386942626547397,Green,Lag-Llama,BOVESPA
5,874257399,1829,23,0.0125751776927282,0.2872020916855331,0.4439057589031173,0.4234041262856499,1.1326909019272744,0.586165447537013,0.0005040871904902,0.0388653948059174,Green,Lag-Llama,BOVESPA
6,812227069,1829,22,0.0120284308365226,0.39815931159436,0.4640933672671743,0.5352928252345793,0.7138782923231668,0.5360043975433655,0.0005058142098976,0.038864252128962,Green,Lag-Llama,BOVESPA
7,1628450232,1829,25,0.0136686714051394,0.1352693985115117,0.4050404040670715,0.2317403402313876,2.2309643346900536,0.693311179818636,0.0004998935715656,0.0386859711399983,Green,Lag-Llama,BOVESPA
0,2319610001,1157,19,0.0164217804667242,0.0445078470396729,0.4255148161885966,0.0967028440021428,4.037190978238598,0.6350339545316501,0.0009983487183104,0.0694596736524715,Yellow,Lag-Llama,BTC
1,1892758638,1157,17,0.0146931719965427,0.1337087797663044,0.476231119868127,0.2520331964490203,2.248907407196043,0.5074815292160508,0.0009979682987083,0.0695960902515055,Green,Lag-Llama,BTC
2,2627954295,1157,15,0.0129645635263612,0.3324524652903477,0.5299944235069063,0.5133169759981533,0.9393212291810736,0.3944022461967904,0.0009609599339416,0.0693074352043811,Green,Lag-Llama,BTC
3,4237089520,1157,15,0.0129645635263612,0.3324524652903477,0.5299944235069063,0.5133169759981533,0.9393212291810736,0.3944022461967904,0.000975335835604,0.0692017315805015,Green,Lag-Llama,BTC
4,2461270243,1157,15,0.0129645635263612,0.3324524652903477,0.5299944235069063,0.5133169759981533,0.9393212291810736,0.3944022461967904,0.0009892124617503,0.0689803223613475,Green,Lag-Llama,BTC
5,2670504868,1157,16,0.013828867761452,0.2160078465987941,0.502744801379747,0.371607404362873,1.530697140071478,0.4491375531571009,0.0009953991509468,0.0693258974415317,Green,Lag-Llama,BTC
6,379845312,1157,15,0.0129645635263612,0.3324524652903477,0.5299944235069063,0.5133169759981533,0.9393212291810736,0.3944022461967904,0.0009610369089273,0.0690878990072306,Green,Lag-Llama,BTC
7,3959984823,1157,15,0.0129645635263612,0.3324524652903477,0.5299944235069063,0.5133169759981533,0.9393212291810736,0.3944022461967904,0.0009942981350267,0.0702270469100793,Green,Lag-Llama,BTC
0,3995783835,1010,12,0.0118811881188118,0.5595280266552582,0.5909432758061866,0.730009432504751,0.3405220725808386,0.2888735747867486,0.000172940843539,0.0139046380072789,Green,Lag-Llama,CBU0
1,1090952443,1010,10,0.0099009900990099,0.9747302503771116,0.6545566015677375,0.9042915462726526,0.001003383603189,0.2002035436875502,0.000162251544932,0.0139721186144816,Green,Lag-Llama,CBU0
2,3872913159,1010,10,0.0099009900990099,0.9747302503771116,0.6545566015677375,0.9042915462726526,0.001003383603189,0.2002035436875502,0.0001633266805173,0.0139316909177955,Green,Lag-Llama,CBU0
3,2691398450,1010,6,0.0059405940594059,0.16071588770653,0.7887552274444178,0.3607279577630196,1.9674772944705463,0.0717850742032908,0.0001631402467112,0.0139499890078864,Green,Lag-Llama,CBU0
4,2870485233,1010,8,0.0079207920792079,0.4907391410382193,0.7206471478458532,0.7397896680358085,0.4749052419868813,0.1278734891524067,0.0001585735860422,0.0139780606731154,Green,Lag-Llama,CBU0
5,3800061241,1010,10,0.0099009900990099,0.9747302503771116,0.6545566015677375,0.9042915462726526,0.001003383603189,0.2002035436875502,0.0001645240869473,0.0139650887138536,Green,Lag-Llama,CBU0
6,3412028084,1010,8,0.0079207920792079,0.4907391410382193,0.7206471478458532,0.7397896680358085,0.4749052419868813,0.1278734891524067,0.0001569356432191,0.0139482239979036,Green,Lag-Llama,CBU0
7,293295420,1010,11,0.0108910891089108,0.77903000878741,0.6224135477798778,0.8516254678716687,0.0787270010915339,0.2424898799114601,0.000165075459556,0.0139891360170272,Green,Lag-Llama,CBU0
0,2525415750,765,12,0.0156862745098039,0.144454216119145,0.536004716909646,0.2846695991754407,2.129857166039423,0.3829949786839108,0.0003830840939479,0.0257913450038046,Green,Lag-Llama,DJCI
1,4027974301,765,11,0.0143790849673202,0.2532997929754572,0.5707719587163608,0.4434358344338394,1.3050117617804,0.3213925735565084,0.0003721286637988,0.0259592371641507,Green,Lag-Llama,DJCI
2,875031304,765,9,0.0117647058823529,0.6331982714358182,0.6432052506883783,0.8015871343099026,0.2277485791859357,0.2145746183999364,0.0003733300409261,0.0258301564163409,Green,Lag-Llama,DJCI
3,665848832,765,13,0.0169934640522875,0.0771368391508254,0.5022926655156457,0.1674360338197648,3.124218719315767,0.4500890572799676,0.0003860205690858,0.0260905183139065,Yellow,Lag-Llama,DJCI
4,1236634565,765,12,0.0156862745098039,0.144454216119145,0.536004716909646,0.2846695991754407,2.129857166039423,0.3829949786839108,0.0003817739349029,0.026184714249362,Green,Lag-Llama,DJCI
5,1864632295,765,10,0.0130718954248366,0.4148394650497671,0.6065294343578151,0.6280885947803714,0.6648883298575088,0.2652597660884339,0.0003785840845711,0.0256652887386858,Green,Lag-Llama,DJCI
6,1523305823,765,14,0.0183006535947712,0.0386715459147695,0.4696934702473407,0.090811663032228,4.275238083983382,0.5226970242807454,0.000397286309079,0.0257710662833959,Yellow,Lag-Llama,DJCI
7,3803360001,765,13,0.0169934640522875,0.0771368391508254,0.5022926655156457,0.1674360338197648,3.124218719315767,0.4500890572799676,0.0003783634148014,0.0259433954287091,Yellow,Lag-Llama,DJCI
0,4146977553,812,10,0.0123152709359605,0.5222239616687067,0.6172903585126441,0.7192137839815833,0.4094988839832889,0.2496943766052766,0.0014284933220617,0.110776374367319,Green,Lag-Llama,ETH
1,2360681082,812,9,0.0110837438423645,0.7603183421498357,0.6531119237241364,0.8628354532446291,0.0930632964952256,0.2019992522901219,0.0014245800809949,0.1113942869378735,Green,Lag-Llama,ETH
2,375679234,812,8,0.0098522167487684,0.9661577223658654,0.6897050224634722,0.9225603404915868,0.0018001123302303,0.1594048785889725,0.0013997237682769,0.1110147758715186,Green,Lag-Llama,ETH
3,4141681556,812,9,0.0110837438423645,0.7603183421498357,0.6531119237241364,0.8628354532446291,0.0930632964952256,0.2019992522901219,0.0014261283817471,0.1107979650082422,Green,Lag-Llama,ETH
4,1729093761,812,11,0.0135467980295566,0.3351845881773436,0.5823134297211177,0.5402970370256941,0.9287629115580228,0.3025095326219258,0.0014174893775107,0.1106460752478545,Green,Lag-Llama,ETH
5,3588882350,812,9,0.0110837438423645,0.7603183421498357,0.6531119237241364,0.8628354532446291,0.0930632964952256,0.2019992522901219,0.0013937944108035,0.1108576704857976,Green,Lag-Llama,ETH
6,316531205,812,7,0.0086206896551724,0.685791114329726,0.7269913600270637,0.8669396940497898,0.1636796360670702,0.1218920872465219,0.0014237426743715,0.1109926733973826,Green,Lag-Llama,ETH
7,2729320147,812,10,0.0123152709359605,0.5222239616687067,0.6172903585126441,0.7192137839815833,0.4094988839832889,0.2496943766052766,0.0014455706007472,0.1109031381362196,Green,Lag-Llama,ETH
0,3739623567,1617,20,0.0123685837971552,0.3559435188333466,0.4789442695659189,0.508286284286259,0.8521546241530462,0.5012662526363556,0.0001666565302511,0.0131467243969907,Green,Lag-Llama,EURUSD
1,3392727461,1617,20,0.0123685837971552,0.3559435188333466,0.4789442695659189,0.508286284286259,0.8521546241530462,0.5012662526363556,0.0001720022856547,0.0131703643011275,Green,Lag-Llama,EURUSD
2,1721417802,1617,19,0.0117501546072974,0.4912919466586543,0.5013354297537497,0.6294543540626295,0.4736955298985057,0.4521083491902971,0.0001689801772779,0.0131911198811389,Green,Lag-Llama,EURUSD
3,597086778,1617,22,0.0136054421768707,0.167164657507003,0.4358075183493539,0.2842951341722724,1.9081881799822664,0.6072965711947802,0.0001759306932702,0.0131965059460714,Green,Lag-Llama,EURUSD
4,2173445742,1617,20,0.0123685837971552,0.3559435188333466,0.4789442695659189,0.508286284286259,0.8521546241530462,0.5012662526363556,0.0001698759391866,0.0132381421703812,Green,Lag-Llama,EURUSD
5,2889077284,1617,23,0.0142238713667285,0.1084500794665253,0.4150885493423567,0.1978154326018559,2.576662925103399,0.6641787580847449,0.0001684962006526,0.0132629790149015,Green,Lag-Llama,EURUSD
6,1647561866,1617,18,0.0111317254174397,0.6532719966394398,0.5242545025139073,0.7381135277750996,0.2017998099529485,0.4055154591249845,0.0001698226247997,0.0132542912400816,Green,Lag-Llama,EURUSD
7,2026619895,1617,19,0.0117501546072974,0.4912919466586543,0.5013354297537497,0.6294543540626295,0.4736955298985057,0.4521083491902971,0.0001663798606426,0.0132224090857433,Green,Lag-Llama,EURUSD
0,723782862,1891,23,0.0121628767847699,0.3605733432333604,0.4515736933983211,0.4959415954366155,0.8358953654996704,0.5666988551528789,0.0004963961450965,0.0343252082542844,Green,Lag-Llama,FCHI
1,205303590,1891,24,0.0126916975145425,0.2587797610142784,0.4320224272069856,0.3881642233045504,1.2752731796100854,0.6173803663235731,0.0004980880021334,0.0343513881954812,Green,Lag-Llama,FCHI
2,620872827,1891,23,0.0121628767847699,0.3605733432333604,0.4515736933983211,0.4959415954366155,0.8358953654996704,0.5666988551528789,0.0005062068228391,0.0341344079271494,Green,Lag-Llama,FCHI
3,522917604,1891,26,0.0137493389740877,0.1210270357909805,0.3943960955531326,0.2091586156624869,2.403979366398218,0.7253454100852537,0.00050854357157,0.034189749806502,Green,Lag-Llama,FCHI
4,2416577206,1891,25,0.0132205182443151,0.1798237952416107,0.3397348401237894,0.2578813506264453,1.7990796937989213,0.9114316684634788,0.0004819071191803,0.0343960076877424,Green,Lag-Llama,FCHI
5,2243609428,1891,23,0.0121628767847699,0.3605733432333604,0.4515736933983211,0.4959415954366155,0.8358953654996704,0.5666988551528789,0.000488582775614,0.0343622215977394,Green,Lag-Llama,FCHI
6,4254672449,1891,27,0.0142781597038603,0.0789253532911269,0.3763361389813385,0.1444582433580877,3.0868934785179825,0.7826360944638395,0.0005061626755856,0.0341378265588376,Green,Lag-Llama,FCHI
7,3917051383,1891,26,0.0137493389740877,0.1210270357909805,0.3943960955531326,0.2091586156624869,2.403979366398218,0.7253454100852537,0.0004874107289306,0.0342388660077511,Green,Lag-Llama,FCHI
0,1864509853,1867,22,0.0117836100696304,0.4512617046147432,0.2599476035459518,0.3992136991408654,0.5674808372453972,1.2690360000515852,0.0003801855317859,0.0266371113946379,Green,Lag-Llama,FTSE100
1,157191064,1867,26,0.013926084627745,0.1075136168089703,0.3748632003626291,0.1847158094812817,2.5903935764906,0.787480023471403,0.0003858260790437,0.0265738089059062,Green,Lag-Llama,FTSE100
2,3242961918,1867,22,0.0117836100696304,0.4512617046147432,0.2599476035459518,0.3992136991408654,0.5674808372453972,1.2690360000515852,0.0003939084840607,0.0265301119103375,Green,Lag-Llama,FTSE100
3,595948213,1867,25,0.0133904659882163,0.1615564690397098,0.3444176117738426,0.2400861192493536,1.959596589710568,0.8939185898867663,0.0003872036281553,0.0265449241748038,Green,Lag-Llama,FTSE100
4,4012225497,1867,24,0.0128548473486877,0.2350718778166493,0.3150803008851456,0.2983216171490052,1.4099067263127498,1.0092595182328523,0.0003777565466316,0.0265957385800242,Green,Lag-Llama,FTSE100
5,1087530043,1867,25,0.0133904659882163,0.1615564690397098,0.3444176117738426,0.2400861192493536,1.959596589710568,0.8939185898867663,0.0003781461765187,0.026367710835935,Green,Lag-Llama,FTSE100
6,3325856680,1867,22,0.0117836100696304,0.4512617046147432,0.2599476035459518,0.3992136991408654,0.5674808372453972,1.2690360000515852,0.0003848475886105,0.0265217208566472,Green,Lag-Llama,FTSE100
7,4134582315,1867,25,0.0133904659882163,0.1615564690397098,0.3444176117738426,0.2400861192493536,1.959596589710568,0.8939185898867663,0.0003809879002502,0.0263278628391533,Green,Lag-Llama,FTSE100
0,3423208193,1621,19,0.0117211597779148,0.4977839421052801,0.50187053663203,0.6342460756832633,0.4596578045167625,0.4509787311954767,0.0002059983230283,0.0160342890145188,Green,Lag-Llama,GBPUSD
1,653576304,1621,25,0.0154225786551511,0.0421142042006084,0.376002444525664,0.0856770880718798,4.130608527264243,0.7837311517544663,0.000205892027617,0.0159089218146806,Green,Lag-Llama,GBPUSD
2,1903345025,1621,19,0.0117211597779148,0.4977839421052801,0.50187053663203,0.6342460756832633,0.4596578045167625,0.4509787311954767,0.0002034470179471,0.0159001238049595,Green,Lag-Llama,GBPUSD
3,649698768,1621,21,0.0129549660703269,0.2527817924505251,0.4576603478417521,0.3946574139663547,1.3078637892187128,0.5516106044275375,0.0002077154508156,0.0159271746446388,Green,Lag-Llama,GBPUSD
4,1195625890,1621,20,0.0123380629241209,0.3613732421516332,0.4794944006443058,0.5134697415087981,0.833115333013704,0.5000130216475895,0.000207622326945,0.0159228632591162,Green,Lag-Llama,GBPUSD
5,3808991848,1621,22,0.013571869216533,0.1704323377660299,0.4363825417860849,0.2886742613116143,1.8791363666634613,0.6057763334171682,0.0002020222098163,0.0159110708466443,Green,Lag-Llama,GBPUSD
6,46281461,1621,21,0.0129549660703269,0.2527817924505251,0.4576603478417521,0.3946574139663547,1.3078637892187128,0.5516106044275375,0.0002038926583206,0.0159374873444817,Green,Lag-Llama,GBPUSD
7,979255002,1621,24,0.014805675508945,0.0695207584736922,0.3955437292225056,0.1342481166219142,3.2942994319013312,0.7218317172558955,0.0002078503436375,0.0158813887307195,Green,Lag-Llama,GBPUSD
0,354578631,1878,21,0.011182108626198,0.6133604841179479,0.4905928938305924,0.6940106353591085,0.2553103303473794,0.4752256573882505,0.0004765104551294,0.0355808583809635,Green,Lag-Llama,GDAXI
1,3668740884,1878,22,0.0117145899893503,0.4672048608641068,0.4700556667659994,0.591429912072744,0.5285790709428353,0.5218451179191561,0.0004788358817363,0.0354640323419492,Green,Lag-Llama,GDAXI
2,3623882338,1878,20,0.0106496272630457,0.7794874831688162,0.5115914189004337,0.7752252028199765,0.0783927168855229,0.4308106982272477,0.0004958581490652,0.0357214078658531,Green,Lag-Llama,GDAXI
3,1657622001,1878,20,0.0106496272630457,0.7794874831688162,0.5115914189004337,0.7752252028199765,0.0783927168855229,0.4308106982272477,0.0004810682397193,0.0357070146711995,Green,Lag-Llama,GDAXI
4,1001956781,1878,25,0.0133120340788072,0.1697669810838651,0.4113253978552075,0.2780419931975421,1.8849997400445684,0.674966504018812,0.0004755898173317,0.0356685631862387,Green,Lag-Llama,GDAXI
5,93243632,1878,21,0.011182108626198,0.6133604841179479,0.4905928938305924,0.6940106353591085,0.2553103303473794,0.4752256573882505,0.0004871878542837,0.0356270919209172,Green,Lag-Llama,GDAXI
6,2247986704,1878,21,0.011182108626198,0.6133604841179479,0.4905928938305924,0.6940106353591085,0.2553103303473794,0.4752256573882505,0.0004967902153613,0.0356739088871997,Green,Lag-Llama,GDAXI
7,3553727009,1878,21,0.011182108626198,0.6133604841179479,0.4905928938305924,0.6940106353591085,0.2553103303473794,0.4752256573882505,0.0004875911421221,0.0356021339096388,Green,Lag-Llama,GDAXI
0,928321268,1490,19,0.0127516778523489,0.3058847439730927,0.4834057961198224,0.4631215035007868,1.0483615265783204,0.4911701389339953,0.0004840445705847,0.0343250416758855,Green,Lag-Llama,GLD
1,1381723492,1490,17,0.0114093959731543,0.5928188991002421,0.5308983374870526,0.7122561728942771,0.2859635051060598,0.392671772672827,0.0004886506484435,0.0343212366455689,Green,Lag-Llama,GLD
2,2727863357,1490,15,0.0100671140939597,0.979250837708018,0.5805805808247448,0.8581411278988325,0.0006764238783598,0.305296992701102,0.0004792662904209,0.0341637770082854,Green,Lag-Llama,GLD
3,4049651952,1490,19,0.0127516778523489,0.3058847439730927,0.4834057961198224,0.4631215035007868,1.0483615265783204,0.4911701389339953,0.0004752296950397,0.034150508645912,Green,Lag-Llama,GLD
4,4091911078,1490,16,0.010738255033557,0.7771608771414533,0.5554766928077284,0.8074704764055739,0.0801007845729495,0.3475967879881807,0.0004787261254408,0.0341769118361309,Green,Lag-Llama,GLD
5,3162462207,1490,19,0.0127516778523489,0.3058847439730927,0.4834057961198224,0.4631215035007868,1.0483615265783204,0.4911701389339953,0.0004801862490524,0.0343943685024732,Green,Lag-Llama,GLD
6,2754048422,1490,18,0.0120805369127516,0.4344495217656254,0.506867891390403,0.5911335440542134,0.610898999107576,0.4405276493626502,0.000480330670361,0.0342397361622154,Green,Lag-Llama,GLD
7,3234896052,1490,19,0.0127516778523489,0.3058847439730927,0.4834057961198224,0.4631215035007868,1.0483615265783204,0.4911701389339953,0.0004885105310555,0.0343369671414185,Green,Lag-Llama,GLD
0,66488904,1817,20,0.0110071546505228,0.6711344511854109,0.5045067413860329,0.7313517488874581,0.1802779875927194,0.4454435050831762,0.0005609343459482,0.0406307835838037,Green,Lag-Llama,HSI
1,3011367281,1817,21,0.0115575123830489,0.5149587726237115,0.4833140937802759,0.6327518047021522,0.42397794279898,0.4913761120095614,0.0005693830508598,0.0407395389127089,Green,Lag-Llama,HSI
2,352934481,1817,20,0.0110071546505228,0.6711344511854109,0.5045067413860329,0.7313517488874581,0.1802779875927194,0.4454435050831762,0.0005758404025263,0.0407413279135705,Green,Lag-Llama,HSI
3,4168454,1817,19,0.0104567969179966,0.8459808507562696,0.526167181553971,0.8027110487581546,0.0377327068872697,0.4017882320063393,0.0005558078842844,0.040595067401105,Green,Lag-Llama,HSI
4,3699574981,1817,21,0.0115575123830489,0.5149587726237115,0.4833140937802759,0.6327518047021522,0.42397794279898,0.4913761120095614,0.0005589035147356,0.0407253783794795,Green,Lag-Llama,HSI
5,3989885527,1817,24,0.0132085855806274,0.1901507853609481,0.422671140013141,0.3073824145096369,1.7164489511061642,0.6428763623029283,0.0005724722886624,0.0406596393560709,Green,Lag-Llama,HSI
6,3417001726,1817,21,0.0115575123830489,0.5149587726237115,0.4833140937802759,0.6327518047021522,0.42397794279898,0.4913761120095614,0.0005585103601926,0.0409422923188961,Green,Lag-Llama,HSI
7,2855976813,1817,23,0.0126582278481012,0.2740809173179563,0.4423848257141333,0.4093649218004002,1.1962078949146004,0.5900886878823997,0.0005695636521159,0.0407903137410344,Green,Lag-Llama,HSI
0,885752258,1260,19,0.015079365079365,0.0918815873616381,0.4454196865165337,0.1805607730701973,2.84109487937838,0.5822808505573391,0.0002796180770056,0.0235120801946198,Green,Lag-Llama,IBGL
1,2238264500,1260,17,0.0134920634920634,0.2368742198546677,0.4951142951785467,0.393668233900813,1.3991005862194648,0.4653929544626294,0.0002780245672973,0.0235553469978608,Green,Lag-Llama,IBGL
2,4089192588,1260,17,0.0134920634920634,0.2368742198546677,0.4951142951785467,0.393668233900813,1.3991005862194648,0.4653929544626294,0.0002771669842493,0.0236380828104277,Green,Lag-Llama,IBGL
3,2584002900,1260,21,0.0166666666666666,0.0299637767599678,0.3986238615655139,0.0664090841913492,4.7113692551552795,0.7124735883381561,0.0002746601183458,0.0236254405925299,Yellow,Lag-Llama,IBGL
4,3277423985,1260,17,0.0134920634920634,0.2368742198546677,0.4951142951785467,0.393668233900813,1.3991005862194648,0.4653929544626294,0.0002781680078944,0.0236096725263158,Green,Lag-Llama,IBGL
5,1075976355,1260,16,0.0126984126984126,0.3554748290088271,0.5209975794026842,0.5310668279494886,0.8538167723064056,0.4119180529872039,0.0002754638144263,0.0236484472840865,Green,Lag-Llama,IBGL
6,99175356,1260,17,0.0134920634920634,0.2368742198546677,0.4951142951785467,0.393668233900813,1.3991005862194648,0.4653929544626294,0.0002782832519327,0.0235753535236572,Green,Lag-Llama,IBGL
7,4127814497,1260,16,0.0126984126984126,0.3554748290088271,0.5209975794026842,0.5310668279494886,0.8538167723064056,0.4119180529872039,0.0002823590065387,0.0235695125016784,Green,Lag-Llama,IBGL
0,2815397934,1219,16,0.0131255127153404,0.2953285171688558,0.5139733991739299,0.4674000721116945,1.0951700865536722,0.4259693186358788,0.0006119169720623,0.0482133901674686,Green,Lag-Llama,ICLN
1,2521470275,1219,18,0.0147662018047579,0.1183346274191082,0.4624243335606771,0.2254576469070666,2.4392256607242757,0.5400202518226536,0.000604351078368,0.0482755623274845,Green,Lag-Llama,ICLN
2,1952893307,1219,14,0.0114848236259228,0.610756460670405,0.5682682206424978,0.7465208068227086,0.2590748471529207,0.3255887326258175,0.0006177852982988,0.0482231295905926,Green,Lag-Llama,ICLN
3,526347922,1219,17,0.0139458572600492,0.1913089587593883,0.4878423391562095,0.3347420460527589,1.707508426731481,0.4812816843709697,0.0006153965513729,0.0481026019743916,Green,Lag-Llama,ICLN
4,426655311,1219,16,0.0131255127153404,0.2953285171688558,0.5139733991739299,0.4674000721116945,1.0951700865536722,0.4259693186358788,0.0006236205131742,0.0482377078100485,Green,Lag-Llama,ICLN
5,4078020453,1219,18,0.0147662018047579,0.1183346274191082,0.4624243335606771,0.2254576469070666,2.4392256607242757,0.5400202518226536,0.000627855351869,0.0481276393748973,Green,Lag-Llama,ICLN
6,18388779,1219,18,0.0147662018047579,0.1183346274191082,0.4624243335606771,0.2254576469070666,2.4392256607242757,0.5400202518226536,0.0006178283138809,0.0480231732379269,Green,Lag-Llama,ICLN
7,155466256,1219,16,0.0131255127153404,0.2953285171688558,0.5139733991739299,0.4674000721116945,1.0951700865536722,0.4259693186358788,0.0006160268145382,0.0483093902918886,Green,Lag-Llama,ICLN
0,2985230762,1242,13,0.0104669887278582,0.8696089497019038,0.5998319428936905,0.8597632751058791,0.026946937244842,0.2752494410167116,0.0003285211357737,0.0264777821509671,Green,Lag-Llama,NIFTY
1,336351819,1242,14,0.0112721417069243,0.6587789429293679,0.5719171040504072,0.7731766049893706,0.1950102440355072,0.319485334947359,0.0003259880687672,0.0265856635203097,Green,Lag-Llama,NIFTY
2,780285094,1242,15,0.0120772946859903,0.4761444237268788,0.5446131343407259,0.645733257090727,0.5076810841127992,0.3670564662722597,0.0003257357359186,0.0265880182787825,Green,Lag-Llama,NIFTY
3,2130647096,1242,12,0.0096618357487922,0.9041233855520012,0.6283238635675723,0.8830045774102355,0.0145092060738677,0.2343405828492564,0.0003267471483869,0.0265140956465929,Green,Lag-Llama,NIFTY
4,3824265400,1242,20,0.0161030595813204,0.0470446002088623,0.418249015960608,0.1003078504318304,3.943792677860964,0.6552299572737752,0.0003496091758199,0.0264347232690435,Yellow,Lag-Llama,NIFTY
5,3303552312,1242,15,0.0120772946859903,0.4761444237268788,0.5446131343407259,0.645733257090727,0.5076810841127992,0.3670564662722597,0.0003241002870401,0.0263778808284525,Green,Lag-Llama,NIFTY
6,824661683,1242,16,0.0128824476650563,0.328344979834638,0.5179511818631455,0.5032377132474579,0.9554141909884796,0.4179710681497397,0.0003348299073837,0.0262585552060474,Green,Lag-Llama,NIFTY
7,3627270152,1242,17,0.0136876006441223,0.2161334383895475,0.4919596542319115,0.367493823879254,1.5298601270467405,0.4722374054356635,0.0003370995087451,0.0265031685759706,Green,Lag-Llama,NIFTY
0,294674756,1806,22,0.0121816168327796,0.3675955146687643,0.4612255126249209,0.5079624233763,0.8117766152197721,0.5429189925227149,0.0004899645077462,0.0391625962808253,Green,Lag-Llama,NIKKEI
1,1143059987,1806,19,0.0105204872646733,0.8255304781454543,0.5248958661320905,0.7973769044449063,0.0485926714083513,0.4042629446512933,0.0004722522027103,0.0391978228544024,Green,Lag-Llama,NIKKEI
2,27290247,1806,26,0.0143964562569213,0.0781022783214269,0.3833270916787286,0.1448610290128427,3.1039562609149733,0.7600045725677091,0.0004882699554155,0.0392477174299064,Green,Lag-Llama,NIKKEI
3,4258450876,1806,20,0.0110741971207087,0.6519785411521377,0.5031963932188283,0.7219483260955437,0.2034147766959284,0.448188649614849,0.0004695253727526,0.0389968898627412,Green,Lag-Llama,NIKKEI
4,3307529592,1806,19,0.0105204872646733,0.8255304781454543,0.5248958661320905,0.7973769044449063,0.0485926714083513,0.4042629446512933,0.0004664066120295,0.0390544678808707,Green,Lag-Llama,NIKKEI
5,2707994253,1806,24,0.0132890365448504,0.1810771147850263,0.4212421472504704,0.2958790766883915,1.7887616629445038,0.6468472027123084,0.0004778091640517,0.0391221463252384,Green,Lag-Llama,NIKKEI
6,3394317647,1806,21,0.0116279069767441,0.4979052607227683,0.4819684278759351,0.6207032161308609,0.4593984112599072,0.4944060369763861,0.0004813451765645,0.0391834976266437,Green,Lag-Llama,NIKKEI
7,1620662363,1806,22,0.0121816168327796,0.3675955146687643,0.4612255126249209,0.5079624233763,0.8117766152197721,0.5429189925227149,0.000469635440803,0.0391661036954058,Green,Lag-Llama,NIKKEI
0,1714521177,1858,27,0.0145317545748116,0.0659455097556179,0.3720667800536134,0.1238162628032787,3.3811629081905146,0.7967502194956637,0.0004519994886732,0.0339000320820736,Green,Lag-Llama,SP500
1,1151833978,1858,28,0.015069967707212,0.041025154000012,0.3544862337854293,0.0807696448187081,4.174975573787169,0.8573325601695956,0.0004481257158207,0.0337643296934389,Green,Lag-Llama,SP500
2,2382035912,1858,24,0.0129171151776103,0.2265399348200411,0.4279075783779396,0.3515246831382477,1.4624548323850457,0.6284958634098814,0.0004531144765241,0.0338324464404753,Green,Lag-Llama,SP500
3,1603322722,1858,24,0.0129171151776103,0.2265399348200411,0.4279075783779396,0.3515246831382477,1.4624548323850457,0.6284958634098814,0.0004475316683841,0.0337991165573792,Green,Lag-Llama,SP500
4,1844557269,1858,27,0.0145317545748116,0.0659455097556179,0.3720667800536134,0.1238162628032787,3.3811629081905146,0.7967502194956637,0.000452341643022,0.0339938849930912,Green,Lag-Llama,SP500
5,1249149683,1858,24,0.0129171151776103,0.2265399348200411,0.4279075783779396,0.3515246831382477,1.4624548323850457,0.6284958634098814,0.0004724579192297,0.0339732608705839,Green,Lag-Llama,SP500
6,4030532838,1858,24,0.0129171151776103,0.2265399348200411,0.4279075783779396,0.3515246831382477,1.4624548323850457,0.6284958634098814,0.0004544437139215,0.0340198699667297,Green,Lag-Llama,SP500
7,1960538564,1858,21,0.011302475780409,0.5804381747075245,0.4882399974558647,0.6750525626624224,0.3055268090388612,0.4804026320218781,0.0004495474384159,0.0336587717560106,Green,Lag-Llama,SP500
0,1075451489,1532,17,0.0110966057441253,0.6716279950786792,0.5366531240086108,0.7552239609279952,0.1797037054844095,0.3817781679764778,0.0003342749047063,0.0271618469743528,Green,Lag-Llama,STOXX
1,2547769973,1532,20,0.0130548302872062,0.2510627534555942,0.466831385132279,0.3971571594789428,1.3173802620098964,0.5294661558396001,0.0003295328495677,0.0273900816983726,Green,Lag-Llama,STOXX
2,3086125235,1532,16,0.010443864229765,0.8623750701278835,0.5610090768378102,0.8319312890567951,0.0300507756888772,0.3379600779902318,0.0003285599459239,0.0272959973606417,Green,Lag-Llama,STOXX
3,4187613065,1532,17,0.0110966057441253,0.6716279950786792,0.5366531240086108,0.7552239609279952,0.1797037054844095,0.3817781679764778,0.0003319365930515,0.0275010477462988,Green,Lag-Llama,STOXX
4,2814759426,1532,17,0.0110966057441253,0.6716279950786792,0.5366531240086108,0.7552239609279952,0.1797037054844095,0.3817781679764778,0.0003217993256417,0.0273832285352105,Green,Lag-Llama,STOXX
5,2587773421,1532,20,0.0130548302872062,0.2510627534555942,0.466831385132279,0.3971571594789428,1.3173802620098964,0.5294661558396001,0.0003285369681683,0.0273324895395107,Green,Lag-Llama,STOXX
6,93547965,1532,21,0.0137075718015665,0.1673463469766149,0.4447000612881153,0.2878429380543549,1.9065558125398585,0.5841247906275271,0.000329971261311,0.0273743810579355,Green,Lag-Llama,STOXX
7,868827432,1532,15,0.0097911227154047,0.9342859243899352,0.5858711456751593,0.8591441018324495,0.0067986148350633,0.29683861663014,0.0003250539588736,0.0272007203990601,Green,Lag-Llama,STOXX
0,521469231,1665,22,0.0132132132132132,0.2091642448049341,0.442596043557583,0.3384523067702389,1.5772015758784796,0.58954260884326,0.0003258847136499,0.0270079978769366,Green,Lag-Llama,TLT
1,2115572717,1665,18,0.0108108108108108,0.7427532998361439,0.5303663918814341,0.7782515541328274,0.1077214459821598,0.3936894994259887,0.0003203843105366,0.0270262019304559,Green,Lag-Llama,TLT
2,4087269461,1665,20,0.012012012012012,0.4238211819547197,0.4854344439967621,0.5694054019429475,0.6396952255349202,0.486630008672904,0.0003212047724383,0.0270149108422064,Green,Lag-Llama,TLT
3,3867359682,1665,21,0.0126126126126126,0.3031688745231335,0.4637463312157096,0.4499943350836195,1.060203067583922,0.5368375024162333,0.0003318903159688,0.0270846026799804,Green,Lag-Llama,TLT
4,1066375585,1665,20,0.012012012012012,0.4238211819547197,0.4854344439967621,0.5694054019429475,0.6396952255349202,0.486630008672904,0.0003241202182556,0.0270926491028502,Green,Lag-Llama,TLT
5,2549665086,1665,21,0.0126126126126126,0.3031688745231335,0.4637463312157096,0.4499943350836195,1.060203067583922,0.5368375024162333,0.0003195722936741,0.0270687668042628,Green,Lag-Llama,TLT
6,1166018970,1665,20,0.012012012012012,0.4238211819547197,0.4854344439967621,0.5694054019429475,0.6396952255349202,0.486630008672904,0.0003229905592818,0.0269304832792711,Green,Lag-Llama,TLT
7,2011752112,1665,18,0.0108108108108108,0.7427532998361439,0.5303663918814341,0.7782515541328274,0.1077214459821598,0.3936894994259887,0.0003182580437641,0.0270455492973236,Green,Lag-Llama,TLT
0,2074694763,1309,18,0.0137509549274255,0.1968675782070447,0.4784729225118876,0.3382731663957182,1.6654611674867663,0.502341883116685,0.0013429073094851,0.1017602414479125,Green,Lag-Llama,UNG
1,4175789172,1309,15,0.0114591291061879,0.6040940860076642,0.5552272133177347,0.7345844028704074,0.2688651069217869,0.3480356490009342,0.0013312552777418,0.1010250783674172,Green,Lag-Llama,UNG
2,634627752,1309,22,0.0168067226890756,0.0241207114681408,0.3856043277007654,0.0539690212430439,5.085931818466648,0.7527583369732724,0.0013583376029979,0.1012868095950991,Yellow,Lag-Llama,UNG
3,2417811799,1309,18,0.0137509549274255,0.1968675782070447,0.4784729225118876,0.3382731663957182,1.6654611674867663,0.502341883116685,0.0013883566019839,0.1012806530983356,Green,Lag-Llama,UNG
4,3897156333,1309,15,0.0114591291061879,0.6040940860076642,0.5552272133177347,0.7345844028704074,0.2688651069217869,0.3480356490009342,0.0013524156406442,0.1013508093749608,Green,Lag-Llama,UNG
5,3744527045,1309,19,0.014514896867838,0.1240498227327732,0.454202062596506,0.2315900241525754,2.365428803539837,0.5601444120965198,0.0013696881601279,0.1010563430667199,Green,Lag-Llama,UNG
6,1688777939,1309,18,0.0137509549274255,0.1968675782070447,0.4784729225118876,0.3382731663957182,1.6654611674867663,0.502341883116685,0.0013689404856496,0.1007832098625178,Green,Lag-Llama,UNG
7,419344206,1309,17,0.0129870129870129,0.2990980999196377,0.5034159229655075,0.466279764174994,1.0782110559781204,0.4477278893998573,0.0013580361647634,0.1013793883167925,Green,Lag-Llama,UNG
0,156895329,1923,32,0.016640665626625,0.0075434966075625,0.2978825342266214,0.0163879521885699,7.138768012202284,1.0836496613329132,0.0002440457240171,0.0173473102387702,Yellow,Lag-Llama,USDJPY
1,1430159728,1923,34,0.0176807072282891,0.0022576019817953,0.2684514860178189,0.0051128936372104,9.327337061873546,1.2246424691740572,0.0002402649926854,0.017213453737754,Yellow,Lag-Llama,USDJPY
2,559298893,1923,29,0.0150806032241289,0.0372699673267876,0.3458647190384433,0.0732921321253812,4.338032555078474,0.8885714726015408,0.0002380448336335,0.0172021487429302,Green,Lag-Llama,USDJPY
3,999355777,1923,27,0.0140405616224648,0.0932425690690902,0.3803967955215779,0.1663850465818572,2.8174820639764473,0.769419173873132,0.0002382370169698,0.0172914586897109,Green,Lag-Llama,USDJPY
4,822719987,1923,27,0.0140405616224648,0.0932425690690902,0.3803967955215779,0.1663850465818572,2.8174820639764473,0.769419173873132,0.0002391852728489,0.01723931932018,Green,Lag-Llama,USDJPY
5,239754269,1923,30,0.0156006240249609,0.0225272942719618,0.3293596172098979,0.0460511146802959,5.2045925444207874,0.9514140769875326,0.0002424886425773,0.0173019941351099,Green,Lag-Llama,USDJPY
6,1203747246,1923,28,0.0145605824232969,0.0598510336229328,0.3628782476564931,0.1125106162938535,3.541507723104477,0.8279076663624778,0.0002406504942729,0.0172645073417208,Green,Lag-Llama,USDJPY
7,4225630255,1923,34,0.0176807072282891,0.0022576019817953,0.2684514860178189,0.0051128936372104,9.327337061873546,1.2246424691740572,0.0002460964961913,0.0172872296174954,Yellow,Lag-Llama,USDJPY
0,2305514108,1386,20,0.0144300144300144,0.1200608227814911,0.4439305939106751,0.2228370636150226,2.4165273040380075,0.5861015579947946,0.0010083749691915,0.0695421646929633,Green,Lag-Llama,USO
1,1129068083,1386,19,0.0137085137085137,0.1889617700256408,0.4672097117333785,0.3239614679618929,1.725693836043087,0.5285675565681345,0.000977115893023,0.0696771008837094,Green,Lag-Llama,USO
2,1256092220,1386,20,0.0144300144300144,0.1200608227814911,0.4439305939106751,0.2228370636150226,2.4165273040380075,0.5861015579947946,0.0009042608449764,0.0697111885351366,Green,Lag-Llama,USO
3,3272029703,1386,19,0.0137085137085137,0.1889617700256408,0.4672097117333785,0.3239614679618929,1.725693836043087,0.5285675565681345,0.0009887170063653,0.0701875987111375,Green,Lag-Llama,USO
4,2097161718,1386,19,0.0137085137085137,0.1889617700256408,0.4672097117333785,0.3239614679618929,1.725693836043087,0.5285675565681345,0.0010124285081661,0.0692017849286246,Green,Lag-Llama,USO
5,2964802155,1386,19,0.0137085137085137,0.1889617700256408,0.4672097117333785,0.3239614679618929,1.725693836043087,0.5285675565681345,0.0009816953391464,0.0698141840388777,Green,Lag-Llama,USO
6,969900030,1386,25,0.018037518037518,0.0068796310531255,0.3376931506796756,0.0163807313586747,7.304129686755992,0.9191694173684652,0.0009630681802345,0.069440159475865,Yellow,Lag-Llama,USO
7,993428407,1386,20,0.0144300144300144,0.1200608227814911,0.4439305939106751,0.2228370636150226,2.4165273040380075,0.5861015579947946,0.0009694494804408,0.0696305343032558,Green,Lag-Llama,USO
0,580899544,1868,24,0.012847965738758,0.2360319616691611,0.0371699169497529,0.0565079661507609,1.404137998727645,4.342609315171671,0.0003322450493286,0.0256372018504102,Green,GJR-GARCH,ASX200
1,4099405789,1868,21,0.0112419700214132,0.5968258421889636,0.0011954936347233,0.0045685793894761,0.2798098997988107,10.497296056393536,0.0003146968090924,0.0256371647410985,Green,GJR-GARCH,ASX200
2,734682859,1868,23,0.0123126338329764,0.3322841723222552,0.0310258218598146,0.0610687894301356,0.9399753840774104,4.651533325130316,0.0003208294524513,0.0256702151402314,Green,GJR-GARCH,ASX200
3,4020753079,1868,23,0.0123126338329764,0.3322841723222552,0.0310258218598146,0.0610687894301356,0.9399753840774104,4.651533325130316,0.0003230071093218,0.0257413940187246,Green,GJR-GARCH,ASX200
4,3439006089,1868,23,0.0123126338329764,0.3322841723222552,0.0310258218598146,0.0610687894301356,0.9399753840774104,4.651533325130316,0.0003263461213752,0.0256103158150452,Green,GJR-GARCH,ASX200
5,1412020504,1868,22,0.0117773019271948,0.4527008540074843,0.025653000130301,0.0625637778795998,0.5638807193058692,4.979256873628827,0.0003120968730958,0.0257148598122409,Green,GJR-GARCH,ASX200
6,1437367364,1868,20,0.0107066381156316,0.761529198789148,0.0169859251685414,0.0553011394498141,0.0920960385356792,5.697827493038375,0.0003232115763283,0.0257284482165871,Green,GJR-GARCH,ASX200
7,2487319737,1868,23,0.0123126338329764,0.3322841723222552,0.0310258218598146,0.0610687894301356,0.9399753840774104,4.651533325130316,0.0003177884844925,0.0256697757254277,Green,GJR-GARCH,ASX200
0,2901809528,1430,15,0.0104895104895104,0.853566305874746,0.5726599793986771,0.8384845823267943,0.0340660906790393,0.3182520795111259,0.0002155563062741,0.0161078506285818,Green,GJR-GARCH,AUDUSD
1,975776174,1430,17,0.0118881118881118,0.4859046735961744,0.5222953705028603,0.6392432540438655,0.4855821036704899,0.4093583319088907,0.0002172763154785,0.016104361867215,Green,GJR-GARCH,AUDUSD
2,3520889279,1430,16,0.0111888111888111,0.6574988061526941,0.5471999271228409,0.756186876552411,0.1965761297214898,0.3623573545633576,0.0002156528850098,0.0161451280113817,Green,GJR-GARCH,AUDUSD
3,3636240636,1430,16,0.0111888111888111,0.6574988061526941,0.5471999271228409,0.756186876552411,0.1965761297214898,0.3623573545633576,0.0002139924829436,0.0161508779709516,Green,GJR-GARCH,AUDUSD
4,918801463,1430,17,0.0118881118881118,0.4859046735961744,0.5222953705028603,0.6392432540438655,0.4855821036704899,0.4093583319088907,0.0002188366849044,0.0161823921129474,Green,GJR-GARCH,AUDUSD
5,1750972825,1430,14,0.0097902097902097,0.9362285372925968,0.5986503283750177,0.8678650592483468,0.0064017540837205,0.277036322121603,0.0002151064929789,0.0161453967129565,Green,GJR-GARCH,AUDUSD
6,83003911,1430,15,0.0104895104895104,0.853566305874746,0.5726599793986771,0.8384845823267943,0.0340660906790393,0.3182520795111259,0.0002157365966887,0.0160872476220765,Green,GJR-GARCH,AUDUSD
7,41277411,1430,18,0.0125874125874125,0.3444716134490873,0.497969446982152,0.5083984129045818,0.8937185060169073,0.4592612168175378,0.0002176293861231,0.0161041530116445,Green,GJR-GARCH,AUDUSD
0,2545365910,1829,24,0.0131219245489338,0.2003810625984821,0.3221497056626808,0.2698478801504065,1.639594870285947,0.9801989009288264,0.0004545355990725,0.0361575864526867,Green,GJR-GARCH,BOVESPA
1,1387432858,1829,24,0.0131219245489338,0.2003810625984821,0.3221497056626808,0.2698478801504065,1.639594870285947,0.9801989009288264,0.0004624789481842,0.0361017045303872,Green,GJR-GARCH,BOVESPA
2,1796405113,1829,25,0.0136686714051394,0.1352693985115117,0.352079642996567,0.2125759487134892,2.2309643346900536,0.8659475628326163,0.0004670025213683,0.0361325564161808,Green,GJR-GARCH,BOVESPA
3,3570802863,1829,27,0.0147621651175505,0.0559342344040235,0.4152261928405886,0.115451962525454,3.65401456831588,0.6637869204939193,0.0004740783284219,0.0359939085353589,Green,GJR-GARCH,BOVESPA
4,4178520396,1829,24,0.0131219245489338,0.2003810625984821,0.3221497056626808,0.2698478801504065,1.639594870285947,0.9801989009288264,0.0004559821696234,0.0362528914018642,Green,GJR-GARCH,BOVESPA
5,1007874898,1829,23,0.0125751776927282,0.2872020916855331,0.2933948074896729,0.3268237223135961,1.1326909019272744,1.1039777559365405,0.0004477348208154,0.0361983788060019,Green,GJR-GARCH,BOVESPA
6,3262044045,1829,24,0.0131219245489338,0.2003810625984821,0.3221497056626808,0.2698478801504065,1.639594870285947,0.9801989009288264,0.0004532013828966,0.0362276851502924,Green,GJR-GARCH,BOVESPA
7,3505642248,1829,21,0.0114816839803171,0.5338208954401686,0.2396184496865023,0.4127244562874195,0.3871129112306128,1.3828372582526072,0.0004586981977359,0.0360496241497288,Green,GJR-GARCH,BOVESPA
0,3626687294,1157,14,0.0121002592912705,0.4870084583210002,0.5579500403327377,0.6615316345410056,0.4831289067674857,0.3432660415029147,0.0008177370978117,0.0636263358245285,Green,GJR-GARCH,BTC
1,3656305816,1157,16,0.013828867761452,0.2160078465987941,0.502744801379747,0.371607404362873,1.530697140071478,0.4491375531571009,0.0008661183163125,0.0636749415731318,Green,GJR-GARCH,BTC
2,25297889,1157,16,0.013828867761452,0.2160078465987941,0.502744801379747,0.371607404362873,1.530697140071478,0.4491375531571009,0.0008400863217348,0.0634946790249369,Green,GJR-GARCH,BTC
3,467043835,1157,15,0.0129645635263612,0.3324524652903477,0.5299944235069063,0.5133169759981533,0.9393212291810736,0.3944022461967904,0.0008311844911435,0.0636800397632198,Green,GJR-GARCH,BTC
4,3222612956,1157,18,0.0155574762316335,0.0789402193899156,0.4504800277199919,0.160732237321253,3.0865870606229873,0.569443780874991,0.0008705583681448,0.0633761742777101,Green,GJR-GARCH,BTC
5,782162261,1157,15,0.0129645635263612,0.3324524652903477,0.5299944235069063,0.5133169759981533,0.9393212291810736,0.3944022461967904,0.0008358880035441,0.0637041236640579,Green,GJR-GARCH,BTC
6,827720181,1157,14,0.0121002592912705,0.4870084583210002,0.5579500403327377,0.6615316345410056,0.4831289067674857,0.3432660415029147,0.0008348933239847,0.063569495203334,Green,GJR-GARCH,BTC
7,1032106405,1157,18,0.0155574762316335,0.0789402193899156,0.4504800277199919,0.160732237321253,3.0865870606229873,0.569443780874991,0.0008385653531302,0.0634344309150655,Green,GJR-GARCH,BTC
0,2956353356,1010,11,0.0108910891089108,0.77903000878741,0.6224135477798778,0.8516254678716687,0.0787270010915339,0.2424898799114601,0.0001391036846759,0.0112964099578503,Green,GJR-GARCH,CBU0
1,1433492395,1010,10,0.0099009900990099,0.9747302503771116,0.6545566015677375,0.9042915462726526,0.001003383603189,0.2002035436875502,0.0001384830878593,0.011260895955791,Green,GJR-GARCH,CBU0
2,3326467505,1010,12,0.0118811881188118,0.5595280266552582,0.5909432758061866,0.730009432504751,0.3405220725808386,0.2888735747867486,0.0001446577963199,0.0112581509030586,Green,GJR-GARCH,CBU0
3,4211525973,1010,11,0.0108910891089108,0.77903000878741,0.6224135477798778,0.8516254678716687,0.0787270010915339,0.2424898799114601,0.0001365659236178,0.0112404837271143,Green,GJR-GARCH,CBU0
4,1214678541,1010,11,0.0108910891089108,0.77903000878741,0.6224135477798778,0.8516254678716687,0.0787270010915339,0.2424898799114601,0.0001361698376267,0.0113133283778189,Green,GJR-GARCH,CBU0
5,2972886379,1010,11,0.0108910891089108,0.77903000878741,0.6224135477798778,0.8516254678716687,0.0787270010915339,0.2424898799114601,0.0001381802984169,0.0112517808942444,Green,GJR-GARCH,CBU0
6,2297893372,1010,11,0.0108910891089108,0.77903000878741,0.6224135477798778,0.8516254678716687,0.0787270010915339,0.2424898799114601,0.0001359904653598,0.0112217313074182,Green,GJR-GARCH,CBU0
7,2508897904,1010,10,0.0099009900990099,0.9747302503771116,0.6545566015677375,0.9042915462726526,0.001003383603189,0.2002035436875502,0.0001347378498828,0.0112710725282538,Green,GJR-GARCH,CBU0
0,2799728480,765,9,0.0117647058823529,0.6331982714358182,0.0892743230242816,0.2106453393633874,0.2277485791859357,2.887410252468726,0.0003622316468622,0.0233027830939816,Green,GJR-GARCH,DJCI
1,587487390,765,11,0.0143790849673202,0.2532997929754572,0.1437406587758608,0.1788458851010785,1.3050117617804,2.137449880387564,0.0003749708456504,0.0233886872115542,Green,GJR-GARCH,DJCI
2,883569172,765,12,0.0156862745098039,0.144454216119145,0.1761843803056696,0.1381123165602175,2.129857166039423,1.8295189074300708,0.0003599688295424,0.0235274197339778,Green,GJR-GARCH,DJCI
3,1374876605,765,12,0.0156862745098039,0.144454216119145,0.1761843803056696,0.1381123165602175,2.129857166039423,1.8295189074300708,0.0003709900148532,0.0232857065183365,Green,GJR-GARCH,DJCI
4,3376781969,765,12,0.0156862745098039,0.144454216119145,0.1761843803056696,0.1381123165602175,2.129857166039423,1.8295189074300708,0.0003707608636781,0.0232961792824142,Green,GJR-GARCH,DJCI
5,3105493284,765,12,0.0156862745098039,0.144454216119145,0.1761843803056696,0.1381123165602175,2.129857166039423,1.8295189074300708,0.0003699447513126,0.0235729131344834,Green,GJR-GARCH,DJCI
6,3500236780,765,12,0.0156862745098039,0.144454216119145,0.1761843803056696,0.1381123165602175,2.129857166039423,1.8295189074300708,0.000376206079238,0.0232437784105519,Green,GJR-GARCH,DJCI
7,1230308365,765,11,0.0143790849673202,0.2532997929754572,0.1437406587758608,0.1788458851010785,1.3050117617804,2.137449880387564,0.0003554303306944,0.0233598799293025,Green,GJR-GARCH,DJCI
0,2266488016,812,11,0.0135467980295566,0.3351845881773436,0.5823134297211177,0.5402970370256941,0.9287629115580228,0.3025095326219258,0.0013589145346421,0.1012234634155762,Green,GJR-GARCH,ETH
1,3992936743,812,9,0.0110837438423645,0.7603183421498357,0.6531119237241364,0.8628354532446291,0.0930632964952256,0.2019992522901219,0.0013415368603957,0.1006720543645897,Green,GJR-GARCH,ETH
2,3787572667,812,10,0.0123152709359605,0.5222239616687067,0.6172903585126441,0.7192137839815833,0.4094988839832889,0.2496943766052766,0.0013928930768743,0.1006704960206289,Green,GJR-GARCH,ETH
3,2949762220,812,10,0.0123152709359605,0.5222239616687067,0.6172903585126441,0.7192137839815833,0.4094988839832889,0.2496943766052766,0.0013413590764617,0.1009640885218312,Green,GJR-GARCH,ETH
4,1545268137,812,10,0.0123152709359605,0.5222239616687067,0.6172903585126441,0.7192137839815833,0.4094988839832889,0.2496943766052766,0.0013759133715845,0.1011876652551862,Green,GJR-GARCH,ETH
5,473127937,812,10,0.0123152709359605,0.5222239616687067,0.6172903585126441,0.7192137839815833,0.4094988839832889,0.2496943766052766,0.0013608802338803,0.100807409606288,Green,GJR-GARCH,ETH
6,482732720,812,9,0.0110837438423645,0.7603183421498357,0.6531119237241364,0.8628354532446291,0.0930632964952256,0.2019992522901219,0.0012876098883547,0.1009243668237464,Green,GJR-GARCH,ETH
7,478651768,812,10,0.0123152709359605,0.5222239616687067,0.6172903585126441,0.7192137839815833,0.4094988839832889,0.2496943766052766,0.0013628448886432,0.1006003448099717,Green,GJR-GARCH,ETH
0,953589459,1617,19,0.0117501546072974,0.4912919466586543,0.5013354297537497,0.6294543540626295,0.4736955298985057,0.4521083491902971,0.0001502094352685,0.011458900137174,Green,GJR-GARCH,EURUSD
1,443863620,1617,18,0.0111317254174397,0.6532719966394398,0.5242545025139073,0.7381135277750996,0.2017998099529485,0.4055154591249845,0.0001465331285273,0.0114315980545088,Green,GJR-GARCH,EURUSD
2,3319573748,1617,18,0.0111317254174397,0.6532719966394398,0.5242545025139073,0.7381135277750996,0.2017998099529485,0.4055154591249845,0.0001462814197126,0.0115177215192459,Green,GJR-GARCH,EURUSD
3,4174331906,1617,18,0.0111317254174397,0.6532719966394398,0.5242545025139073,0.7381135277750996,0.2017998099529485,0.4055154591249845,0.0001464111642523,0.0114461702441673,Green,GJR-GARCH,EURUSD
4,226577376,1617,19,0.0117501546072974,0.4912919466586543,0.5013354297537497,0.6294543540626295,0.4736955298985057,0.4521083491902971,0.0001490772292189,0.0114429448682752,Green,GJR-GARCH,EURUSD
5,1164290545,1617,18,0.0111317254174397,0.6532719966394398,0.5242545025139073,0.7381135277750996,0.2017998099529485,0.4055154591249845,0.0001448087793094,0.011435951751533,Green,GJR-GARCH,EURUSD
6,2472380809,1617,20,0.0123685837971552,0.3559435188333466,0.4789442695659189,0.508286284286259,0.8521546241530462,0.5012662526363556,0.0001456450213773,0.0114594364978355,Green,GJR-GARCH,EURUSD
7,2346722269,1617,18,0.0111317254174397,0.6532719966394398,0.5242545025139073,0.7381135277750996,0.2017998099529485,0.4055154591249845,0.0001450176294186,0.0114446366758965,Green,GJR-GARCH,EURUSD
0,1014580139,1891,25,0.0132205182443151,0.1798237952416107,0.412960499600505,0.2909306002632217,1.7990796937989213,0.6702613608434262,0.0003875420865758,0.0319849984905264,Green,GJR-GARCH,FCHI
1,226880301,1891,20,0.0105764145954521,0.8029118253333425,0.206895410449317,0.4370732727627375,0.0622903968427679,1.59301845458927,0.0003850190125264,0.0318769203115876,Green,GJR-GARCH,FCHI
2,59756640,1891,20,0.0105764145954521,0.8029118253333425,0.206895410449317,0.4370732727627375,0.0622903968427679,1.59301845458927,0.0003820985689212,0.0319662954800316,Green,GJR-GARCH,FCHI
3,4220894909,1891,21,0.0111052353252247,0.6350613697259397,0.492105182929758,0.7056825778927437,0.2252594555773459,0.4719200423753875,0.000391665645169,0.031914236264635,Green,GJR-GARCH,FCHI
4,2550202977,1891,21,0.0111052353252247,0.6350613697259397,0.492105182929758,0.7056825778927437,0.2252594555773459,0.4719200423753875,0.0003876907863045,0.0319377298321445,Green,GJR-GARCH,FCHI
5,2776542908,1891,23,0.0121628767847699,0.3605733432333604,0.4515736933983211,0.4959415954366155,0.8358953654996704,0.5666988551528789,0.0003962325732002,0.0318592731014634,Green,GJR-GARCH,FCHI
6,536990156,1891,24,0.0126916975145425,0.2587797610142784,0.31076122903289,0.3162078713943803,1.2752731796100854,1.0274377419823963,0.0003838277160708,0.0319139646880619,Green,GJR-GARCH,FCHI
7,3538878285,1891,20,0.0105764145954521,0.8029118253333425,0.5130627300390831,0.7826630404316324,0.0622903968427679,0.4278156429419084,0.0003872705808181,0.0318957313827465,Green,GJR-GARCH,FCHI
0,4017393818,1867,22,0.0117836100696304,0.4512617046147432,0.0016231211043408,0.0052453760142193,0.5674808372453972,9.93333586209701,0.000345066314746,0.0252182685956936,Green,GJR-GARCH,FTSE100
1,2540487616,1867,20,0.0107123727905731,0.7597366912018321,0.0170048482491385,0.0553155272924559,0.0935298957177321,5.69587335828345,0.0003368808349987,0.0251486287204027,Green,GJR-GARCH,FTSE100
2,3592911875,1867,19,0.0101767541510444,0.9389927596055142,0.0006177589988894,0.0028405068062846,0.0058577428436588,11.721687836781795,0.0003331655911353,0.0252278575836041,Green,GJR-GARCH,FTSE100
3,1312564028,1867,21,0.0112479914301017,0.5951803237253539,0.00119745369364,0.0045697449733121,0.2823265940669515,10.494269166253105,0.0003353343985294,0.0251454273389889,Green,GJR-GARCH,FTSE100
4,1338734861,1867,24,0.0128548473486877,0.2350718778166493,0.0028490262442737,0.0057657969269945,1.4099067263127498,8.901717072546717,0.0003472685553846,0.0252218728990937,Green,GJR-GARCH,FTSE100
5,1128971747,1867,21,0.0112479914301017,0.5951803237253539,0.00119745369364,0.0045697449733121,0.2823265940669515,10.494269166253105,0.0003447738996463,0.0253555720043247,Green,GJR-GARCH,FTSE100
6,1398385597,1867,25,0.0133904659882163,0.1615564690397098,0.0036986683491493,0.005556076998922,1.959596589710568,8.42612940126702,0.000356218832767,0.0252669365201269,Green,GJR-GARCH,FTSE100
7,1644227137,1867,24,0.0128548473486877,0.2350718778166493,0.0001530810578517,0.0003813028412788,1.4099067263127498,14.333926552829553,0.0003398848527214,0.0251542609815497,Green,GJR-GARCH,FTSE100
0,3541243860,1621,17,0.0104873534855027,0.8448834779041368,0.5481839157582201,0.8191975922807322,0.0382792445600614,0.3605806830632332,0.0001717780461847,0.0137544328820933,Green,GJR-GARCH,GBPUSD
1,382140215,1621,18,0.0111042566317088,0.6606289192092782,0.5247728897698722,0.7418325690970367,0.1927605253240396,0.4045028934646097,0.0001711531001316,0.0137068105556278,Green,GJR-GARCH,GBPUSD
2,3998357641,1621,15,0.0092535471930906,0.7596891835304604,0.5964536258569261,0.8294661416036914,0.0935680626368453,0.2803779134078183,0.0001693936829378,0.0137496151005463,Green,GJR-GARCH,GBPUSD
3,3656994460,1621,20,0.0123380629241209,0.3613732421516332,0.4794944006443058,0.5134697415087981,0.833115333013704,0.5000130216475895,0.0001735978502593,0.0137897858231399,Green,GJR-GARCH,GBPUSD
4,3410715415,1621,20,0.0123380629241209,0.3613732421516332,0.4794944006443058,0.5134697415087981,0.833115333013704,0.5000130216475895,0.0001722692120822,0.0137576858294599,Green,GJR-GARCH,GBPUSD
5,471348318,1621,17,0.0104873534855027,0.8448834779041368,0.5481839157582201,0.8191975922807322,0.0382792445600614,0.3605806830632332,0.0001687853995965,0.0137454736438268,Green,GJR-GARCH,GBPUSD
6,3700365279,1621,21,0.0129549660703269,0.2527817924505251,0.4576603478417521,0.3946574139663547,1.3078637892187128,0.5516106044275375,0.0001737165065554,0.0137126947256297,Green,GJR-GARCH,GBPUSD
7,386378921,1621,16,0.0098704503392967,0.9581030103021212,0.5720844252259261,0.8513060598497685,0.0027598467831707,0.3192072887554786,0.0001754878700906,0.0137605710461754,Green,GJR-GARCH,GBPUSD
0,720990740,1878,23,0.0122470713525026,0.3444318531660159,0.2850779219064063,0.3612107008833103,0.8938658193901823,1.142721844520537,0.0004065093952414,0.0329563199262507,Green,GJR-GARCH,GDAXI
1,1467697782,1878,24,0.0127795527156549,0.245765642068276,0.3130870641693616,0.3065386742598094,1.347214673991573,1.017608028554264,0.0003980609343137,0.032887207347644,Green,GJR-GARCH,GDAXI
2,2929047160,1878,24,0.0127795527156549,0.245765642068276,0.3130870641693616,0.3065386742598094,1.347214673991573,1.017608028554264,0.0004086290061357,0.0331496517798105,Green,GJR-GARCH,GDAXI
3,1645368331,1878,23,0.0122470713525026,0.3444318531660159,0.2850779219064063,0.3612107008833103,0.8938658193901823,1.142721844520537,0.000406891199124,0.03296928518258,Green,GJR-GARCH,GDAXI
4,2178357488,1878,23,0.0122470713525026,0.3444318531660159,0.2850779219064063,0.3612107008833103,0.8938658193901823,1.142721844520537,0.0004101496075083,0.0329039888431609,Green,GJR-GARCH,GDAXI
5,3754826801,1878,22,0.0117145899893503,0.4672048608641068,0.2582790670543045,0.405242953655511,0.5285790709428353,1.2779579413888769,0.0004060468296928,0.0330057699388391,Green,GJR-GARCH,GDAXI
6,3371810613,1878,23,0.0122470713525026,0.3444318531660159,0.2850779219064063,0.3612107008833103,0.8938658193901823,1.142721844520537,0.0004036485717818,0.0329192776969353,Green,GJR-GARCH,GDAXI
7,1542904465,1878,23,0.0122470713525026,0.3444318531660159,0.2850779219064063,0.3612107008833103,0.8938658193901823,1.142721844520537,0.0004020960601794,0.0329340808234475,Green,GJR-GARCH,GDAXI
0,3042650579,1490,15,0.0100671140939597,0.979250837708018,0.5805805808247448,0.8581411278988325,0.0006764238783598,0.305296992701102,0.0004047512002941,0.0301809831846695,Green,GJR-GARCH,GLD
1,805072264,1490,17,0.0114093959731543,0.5928188991002421,0.5308983374870526,0.7122561728942771,0.2859635051060598,0.392671772672827,0.0004117685660375,0.0302039467487662,Green,GJR-GARCH,GLD
2,2863674975,1490,16,0.010738255033557,0.7771608771414533,0.1621686659574639,0.3616806617707017,0.0801007845729495,1.9538864279954,0.000401786730073,0.030285046071878,Green,GJR-GARCH,GLD
3,3680744618,1490,17,0.0114093959731543,0.5928188991002421,0.1863738107209279,0.3620373860280108,0.2859635051060598,1.7460520872309928,0.0004074176495926,0.0302556351590327,Green,GJR-GARCH,GLD
4,1151885937,1490,17,0.0114093959731543,0.5928188991002421,0.1863738107209279,0.3620373860280108,0.2859635051060598,1.7460520872309928,0.0003994801727213,0.0301111522665497,Green,GJR-GARCH,GLD
5,558242770,1490,19,0.0127516778523489,0.3058847439730927,0.2398832680125498,0.296763227365522,1.0483615265783204,1.3812798181841115,0.0004028422221727,0.0303002542357651,Green,GJR-GARCH,GLD
6,702215075,1490,19,0.0127516778523489,0.3058847439730927,0.4834057961198224,0.4631215035007868,1.0483615265783204,0.4911701389339953,0.0004054444144158,0.0301619881396566,Green,GJR-GARCH,GLD
7,2294680224,1490,17,0.0114093959731543,0.5928188991002421,0.5308983374870526,0.7122561728942771,0.2859635051060598,0.392671772672827,0.0004025882001111,0.0304011032429038,Green,GJR-GARCH,GLD
0,2892315095,1817,23,0.0126582278481012,0.2740809173179563,0.4423848257141333,0.4093649218004002,1.1962078949146004,0.5900886878823997,0.0005227271680267,0.0356618386950811,Green,GJR-GARCH,HSI
1,881597595,1817,21,0.0115575123830489,0.5149587726237115,0.4833140937802759,0.6327518047021522,0.42397794279898,0.4913761120095614,0.0005141376743207,0.0355325040545137,Green,GJR-GARCH,HSI
2,53056836,1817,27,0.0148596587782058,0.0521508027402746,0.3666427709807111,0.1009663577919085,3.770924440026061,0.8150113775685099,0.0005194405349591,0.0356603340466529,Green,GJR-GARCH,HSI
3,1745721655,1817,27,0.0148596587782058,0.0521508027402746,0.3666427709807111,0.1009663577919085,3.770924440026061,0.8150113775685099,0.0005220071256797,0.0356649709534325,Green,GJR-GARCH,HSI
4,3464431624,1817,22,0.0121078701155751,0.3820591891314051,0.4626027388671653,0.5210924802641727,0.7640656049676782,0.5395898903832403,0.0005312816103849,0.0355046878678607,Green,GJR-GARCH,HSI
5,3259282881,1817,24,0.0132085855806274,0.1901507853609481,0.422671140013141,0.3073824145096369,1.7164489511061642,0.6428763623029283,0.0005139586759345,0.0354914503018518,Green,GJR-GARCH,HSI
6,320620940,1817,19,0.0104567969179966,0.8459808507562696,0.526167181553971,0.8027110487581546,0.0377327068872697,0.4017882320063393,0.000527118764075,0.0355134199847911,Green,GJR-GARCH,HSI
7,1310517603,1817,22,0.0121078701155751,0.3820591891314051,0.4626027388671653,0.5210924802641727,0.7640656049676782,0.5395898903832403,0.0005124511390495,0.0354732351044519,Green,GJR-GARCH,HSI
0,3120738921,1260,18,0.0142857142857142,0.1508426824223168,0.2555214845134045,0.1866939930033298,2.063708410876611,1.292860396215218,0.0002393870294544,0.0201012725058408,Green,GJR-GARCH,IBGL
1,1018306189,1260,15,0.0119047619047619,0.5094375649113358,0.1686762252523113,0.3119396085832714,0.435222183239949,1.8946691610427424,0.0002321595633614,0.0200498805696246,Green,GJR-GARCH,IBGL
2,3794482446,1260,18,0.0142857142857142,0.1508426824223168,0.2555214845134045,0.1866939930033298,2.063708410876611,1.292860396215218,0.0002361351487636,0.0200797852437415,Green,GJR-GARCH,IBGL
3,3645591161,1260,15,0.0119047619047619,0.5094375649113358,0.5475386451644981,0.6713372623126419,0.435222183239949,0.3617451005348755,0.0002394665682275,0.0200630365380957,Green,GJR-GARCH,IBGL
4,3049978321,1260,22,0.0174603174603174,0.0160789278544063,0.3763533480101482,0.0373134709277223,5.794222075276231,0.7825796580325175,0.0002476659648433,0.0200806480467468,Yellow,GJR-GARCH,IBGL
5,33946428,1260,16,0.0126984126984126,0.3554748290088271,0.5209975794026842,0.5310668279494886,0.8538167723064056,0.4119180529872039,0.000241595379652,0.020052160597222,Green,GJR-GARCH,IBGL
6,198608090,1260,23,0.0182539682539682,0.0082904599014914,0.4367401311241458,0.0226582409065543,6.969630826051024,0.6048324865324446,0.0002434299246547,0.0201761223874964,Yellow,GJR-GARCH,IBGL
7,4032513297,1260,21,0.0166666666666666,0.0299637767599678,0.3593166007290307,0.0622980716466501,4.7113692551552795,0.8402803575847599,0.0002435510990926,0.0201456620815086,Yellow,GJR-GARCH,IBGL
0,222830542,1219,17,0.0139458572600492,0.1913089587593883,0.4878423391562095,0.3347420460527589,1.707508426731481,0.4812816843709697,0.0005935670864901,0.0436337457800439,Green,GJR-GARCH,ICLN
1,137139567,1219,15,0.0123051681706316,0.4349475869868269,0.5407916333390149,0.6115092801529028,0.6095757645899269,0.3740745312556726,0.0005996096609565,0.0436084590857045,Green,GJR-GARCH,ICLN
2,3081266126,1219,15,0.0123051681706316,0.4349475869868269,0.5407916333390149,0.6115092801529028,0.6095757645899269,0.3740745312556726,0.000614500546208,0.043525722685185,Green,GJR-GARCH,ICLN
3,1764566152,1219,14,0.0114848236259228,0.610756460670405,0.5682682206424978,0.7465208068227086,0.2590748471529207,0.3255887326258175,0.0005910471147758,0.0435462289427139,Green,GJR-GARCH,ICLN
4,3509380978,1219,16,0.0131255127153404,0.2953285171688558,0.5139733991739299,0.4674000721116945,1.0951700865536722,0.4259693186358788,0.000600086859458,0.0436300561447569,Green,GJR-GARCH,ICLN
5,3809668355,1219,14,0.0114848236259228,0.610756460670405,0.5682682206424978,0.7465208068227086,0.2590748471529207,0.3255887326258175,0.0005940630158172,0.0436814413149095,Green,GJR-GARCH,ICLN
6,4213665991,1219,15,0.0123051681706316,0.4349475869868269,0.5407916333390149,0.6115092801529028,0.6095757645899269,0.3740745312556726,0.000590707154338,0.0435813040192064,Green,GJR-GARCH,ICLN
7,314470278,1219,16,0.0131255127153404,0.2953285171688558,0.5139733991739299,0.4674000721116945,1.0951700865536722,0.4259693186358788,0.0005821410623401,0.0434726711289899,Green,GJR-GARCH,ICLN
0,2405253377,1242,14,0.0112721417069243,0.6587789429293679,0.5719171040504072,0.7731766049893706,0.1950102440355072,0.319485334947359,0.0003239911946211,0.0235356883780603,Green,GJR-GARCH,NIFTY
1,1400634329,1242,13,0.0104669887278582,0.8696089497019038,0.5998319428936905,0.8597632751058791,0.026946937244842,0.2752494410167116,0.0003133890741751,0.0234741811863452,Green,GJR-GARCH,NIFTY
2,3514046103,1242,13,0.0104669887278582,0.8696089497019038,0.5998319428936905,0.8597632751058791,0.026946937244842,0.2752494410167116,0.0003189979831983,0.0234784874397286,Green,GJR-GARCH,NIFTY
3,3972878419,1242,15,0.0120772946859903,0.4761444237268788,0.5446131343407259,0.645733257090727,0.5076810841127992,0.3670564662722597,0.0003127042353844,0.0233672551967395,Green,GJR-GARCH,NIFTY
4,1490461219,1242,12,0.0096618357487922,0.9041233855520012,0.6283238635675723,0.8830045774102355,0.0145092060738677,0.2343405828492564,0.000320434230498,0.0233616020775243,Green,GJR-GARCH,NIFTY
5,1306548007,1242,14,0.0112721417069243,0.6587789429293679,0.5719171040504072,0.7731766049893706,0.1950102440355072,0.319485334947359,0.0003170067767287,0.0233724841816637,Green,GJR-GARCH,NIFTY
6,26177925,1242,16,0.0128824476650563,0.328344979834638,0.5179511818631455,0.5032377132474579,0.9554141909884796,0.4179710681497397,0.0003201396518695,0.0234330942549211,Green,GJR-GARCH,NIFTY
7,501719452,1242,18,0.0144927536231884,0.135911081502852,0.4666641369888725,0.2523953060753027,2.2236537164597845,0.5298637748482236,0.000319507202604,0.02335032137936,Green,GJR-GARCH,NIFTY
0,84592400,1806,21,0.0116279069767441,0.4979052607227683,0.2429811350677648,0.4019986622230451,0.4593984112599072,1.3632146250841402,0.000486082650994,0.0373664123322711,Green,GJR-GARCH,NIKKEI
1,2189845440,1806,21,0.0116279069767441,0.4979052607227683,0.2429811350677648,0.4019986622230451,0.4593984112599072,1.3632146250841402,0.0004636760975499,0.0371592013014387,Green,GJR-GARCH,NIKKEI
2,3762064912,1806,20,0.0110741971207087,0.6519785411521377,0.2177182496402894,0.4225780221930757,0.2034147766959284,1.5193475859467185,0.0004761970459115,0.0372716016329273,Green,GJR-GARCH,NIKKEI
3,1272342241,1806,19,0.0105204872646733,0.8255304781454543,0.1938239160137925,0.4196008954523844,0.0485926714083513,1.6883098653923412,0.0004783263779892,0.0374095085240611,Green,GJR-GARCH,NIKKEI
4,524729662,1806,21,0.0116279069767441,0.4979052607227683,0.2429811350677648,0.4019986622230451,0.4593984112599072,1.3632146250841402,0.0004830966707125,0.0372514908655529,Green,GJR-GARCH,NIKKEI
5,1879840020,1806,22,0.0121816168327796,0.3675955146687643,0.2695747035746521,0.3622780656594027,0.8117766152197721,1.2189098344643696,0.0005007300018647,0.0372554141879086,Green,GJR-GARCH,NIKKEI
6,3583578645,1806,18,0.0099667774086378,0.9886723828827624,0.171329644575946,0.392297025321118,0.0002015701314705,1.8712704467862409,0.0004704851852189,0.0373855474671388,Green,GJR-GARCH,NIKKEI
7,600034137,1806,21,0.0116279069767441,0.4979052607227683,0.2429811350677648,0.4019986622230451,0.4593984112599072,1.3632146250841402,0.0004857931719493,0.0371186310291289,Green,GJR-GARCH,NIKKEI
0,197387364,1858,20,0.0107642626480086,0.7436342291339444,0.2109760146229158,0.4335114186864671,0.1069581040386666,1.56471618081045,0.0003854718168107,0.0304234086736018,Green,GJR-GARCH,SP500
1,1541645491,1858,25,0.0134553283100107,0.1550411578953336,0.3462044074993494,0.2334868936064284,2.021937969128784,0.8873206980986765,0.0003957979165785,0.0303933544722296,Green,GJR-GARCH,SP500
2,2460052274,1858,21,0.011302475780409,0.5804381747075245,0.4882399974558647,0.6750525626624224,0.3055268090388612,0.4804026320218781,0.0003988740544858,0.030420116529317,Green,GJR-GARCH,SP500
3,72817368,1858,23,0.0123789020452099,0.3203738482326749,0.4475314673034543,0.4574178543434383,0.987419670983968,0.5768962564877711,0.0004030453588502,0.0304309451135211,Green,GJR-GARCH,SP500
4,2993553764,1858,23,0.0123789020452099,0.3203738482326749,0.4475314673034543,0.4574178543434383,0.987419670983968,0.5768962564877711,0.000393093580444,0.0304110791432136,Green,GJR-GARCH,SP500
5,3944033671,1858,18,0.0096878363832077,0.8918685295059561,0.5527739994903695,0.8307508116806493,0.0184797468928314,0.3523710425117485,0.0003889884131256,0.0304257778929824,Green,GJR-GARCH,SP500
6,3650735964,1858,23,0.0123789020452099,0.3203738482326749,0.4475314673034543,0.4574178543434383,0.987419670983968,0.5768962564877711,0.0003924063333343,0.0305528080649815,Green,GJR-GARCH,SP500
7,61027004,1858,25,0.0134553283100107,0.1550411578953336,0.3462044074993494,0.2334868936064284,2.021937969128784,0.8873206980986765,0.0003873032134966,0.0303600303049712,Green,GJR-GARCH,SP500
0,1472747607,1532,14,0.0091383812010443,0.730888788829251,0.1153267034585062,0.2728094218162363,0.1182971204063223,2.4796665119130523,0.0003278199883631,0.0256510983067012,Green,GJR-GARCH,STOXX
1,2554815247,1532,15,0.0097911227154047,0.9342859243899352,0.0072015710153343,0.0269331945581468,0.0067986148350633,7.221992894525982,0.0003281258801691,0.0257735146013794,Green,GJR-GARCH,STOXX
2,784921248,1532,17,0.0110966057441253,0.6716279950786792,0.0125858224925353,0.0406376698950336,0.1797037054844095,6.22641591974687,0.0003308821567116,0.0256173018955368,Green,GJR-GARCH,STOXX
3,1018790788,1532,14,0.0091383812010443,0.730888788829251,0.1153267034585062,0.2728094218162363,0.1182971204063223,2.4796665119130523,0.0003207955773095,0.025590948891673,Green,GJR-GARCH,STOXX
4,1927418909,1532,14,0.0091383812010443,0.730888788829251,0.1153267034585062,0.2728094218162363,0.1182971204063223,2.4796665119130523,0.0003334350054327,0.0256444886375985,Green,GJR-GARCH,STOXX
5,1384924822,1532,15,0.0097911227154047,0.9342859243899352,0.1353996949580508,0.3268879978960703,0.0067986148350633,2.229476746835985,0.0003346866740629,0.0257073395160292,Green,GJR-GARCH,STOXX
6,3199472969,1532,18,0.0117493472584856,0.5030996693569209,0.2058365015835569,0.3590005734129409,0.4483917675005644,1.60047081898864,0.000337775952939,0.0256810799719811,Green,GJR-GARCH,STOXX
7,1876518348,1532,15,0.0097911227154047,0.9342859243899352,0.0072015710153343,0.0269331945581468,0.0067986148350633,7.221992894525982,0.0003256144996783,0.025657021190044,Green,GJR-GARCH,STOXX
0,3513937579,1665,21,0.0126126126126126,0.3031688745231335,0.4637463312157096,0.4499943350836195,1.060203067583922,0.5368375024162333,0.000286738095545,0.0237679937864386,Green,GJR-GARCH,TLT
1,2707027280,1665,17,0.0102102102102102,0.9315373452648646,0.5535773549741734,0.8359687900112271,0.0073806614135489,0.3509473368199849,0.0002830426719297,0.0237604121119039,Green,GJR-GARCH,TLT
2,3585069416,1665,23,0.0138138138138138,0.1392382251720738,0.4219959927947184,0.2427911032321427,2.186357791294125,0.6447499343856293,0.0002884661291088,0.0237044064006021,Green,GJR-GARCH,TLT
3,2627072904,1665,18,0.0108108108108108,0.7427532998361439,0.5303663918814341,0.7782515541328274,0.1077214459821598,0.3936894994259887,0.0002787357036249,0.0237457397982474,Green,GJR-GARCH,TLT
4,4211013724,1665,20,0.012012012012012,0.4238211819547197,0.4854344439967621,0.5694054019429475,0.6396952255349202,0.486630008672904,0.0002891407414909,0.0237210967964259,Green,GJR-GARCH,TLT
5,2208326028,1665,22,0.0132132132132132,0.2091642448049341,0.442596043557583,0.3384523067702389,1.5772015758784796,0.58954260884326,0.0002848814905077,0.023631295055892,Green,GJR-GARCH,TLT
6,2467185847,1665,17,0.0102102102102102,0.9315373452648646,0.5535773549741734,0.8359687900112271,0.0073806614135489,0.3509473368199849,0.0002839893962139,0.0237421378524596,Green,GJR-GARCH,TLT
7,3013655701,1665,23,0.0138138138138138,0.1392382251720738,0.4219959927947184,0.2427911032321427,2.186357791294125,0.6447499343856293,0.0002839996382916,0.0236757929199985,Green,GJR-GARCH,TLT
0,3438332873,1309,16,0.0122230710466004,0.4347035081168439,0.5422518028593091,0.6121346063912889,0.6102239323520768,0.3713822187886819,0.0012648851003534,0.0944413513972297,Green,GJR-GARCH,UNG
1,1582348057,1309,17,0.0129870129870129,0.2990980999196377,0.516325374195929,0.4724992670349702,1.0782110559781204,0.421227110618446,0.0012552622431877,0.0942556787921295,Green,GJR-GARCH,UNG
2,369217883,1309,18,0.0137509549274255,0.1968675782070447,0.4910387413595209,0.3430581701727719,1.6654611674867663,0.4742493402230536,0.0012671360597307,0.0944031446839281,Green,GJR-GARCH,UNG
3,4066647855,1309,21,0.0160427807486631,0.0433761537240798,0.3269861523664105,0.080400137565446,4.0806817696195345,0.9607970139518044,0.0012698755666684,0.0943301648264483,Yellow,GJR-GARCH,UNG
4,256354660,1309,23,0.0175706646294881,0.0128934118026929,0.3749230930641914,0.0306390660932832,6.183676290617004,0.7872825384999942,0.0012506041161604,0.0941027232070281,Yellow,GJR-GARCH,UNG
5,942955269,1309,21,0.0160427807486631,0.0433761537240798,0.3269861523664105,0.080400137565446,4.0806817696195345,0.9607970139518044,0.0012780240740851,0.0941853629682014,Yellow,GJR-GARCH,UNG
6,3455506437,1309,18,0.0137509549274255,0.1968675782070447,0.2296942504338988,0.2113779667693548,1.6654611674867663,1.442753705089956,0.0012453858561506,0.0941871341095437,Green,GJR-GARCH,UNG
7,2376783558,1309,18,0.0137509549274255,0.1968675782070447,0.4910387413595209,0.3430581701727719,1.6654611674867663,0.4742493402230536,0.0012823815835076,0.0942714102861466,Green,GJR-GARCH,UNG
0,1923140066,1923,27,0.0140405616224648,0.0932425690690902,0.3939028580517456,0.1699635853331713,2.8174820639764473,0.7268600736222197,0.0002124469592461,0.0150062903215062,Green,GJR-GARCH,USDJPY
1,739883552,1923,21,0.0109204368174727,0.6893563627462121,0.4957717297405483,0.7320698137110828,0.1597830208531232,0.4639757704396459,0.0002126384703724,0.0150634472167128,Green,GJR-GARCH,USDJPY
2,771237421,1923,25,0.0130005200208008,0.2062267845664928,0.4169293802455908,0.3235710576385567,1.5977188370976163,0.6589542358861422,0.0002176473113772,0.0151393273330945,Green,GJR-GARCH,USDJPY
3,3833141928,1923,25,0.0130005200208008,0.2062267845664928,0.4169293802455908,0.3235710576385567,1.5977188370976163,0.6589542358861422,0.0002165290366552,0.0149878541533836,Green,GJR-GARCH,USDJPY
4,2151713032,1923,22,0.0114404576183047,0.5348589728208487,0.2516551742072269,0.4275766746321727,0.3851516528152219,1.3140916488306402,0.0002129550741303,0.0150991258549259,Green,GJR-GARCH,USDJPY
5,3388368577,1923,22,0.0114404576183047,0.5348589728208487,0.4753618506840434,0.6393403348440814,0.3851516528152219,0.5094850691822046,0.0002137909080861,0.0149965071345542,Green,GJR-GARCH,USDJPY
6,238856659,1923,23,0.0119604784191367,0.4019406482931702,0.4554112576072505,0.5326818857020059,0.7025127842728827,0.5571489563804448,0.000211968065886,0.0149431119856974,Green,GJR-GARCH,USDJPY
7,1633832489,1923,25,0.0130005200208008,0.2062267845664928,0.4169293802455908,0.3235710576385567,1.5977188370976163,0.6589542358861422,0.0002161432969062,0.0150716149669754,Green,GJR-GARCH,USDJPY
0,1344731741,1386,19,0.0137085137085137,0.1889617700256408,0.2597696312108199,0.2236128541546662,1.725693836043087,1.2699842681141718,0.0009042027060732,0.0657302945215064,Green,GJR-GARCH,USO
1,1086439987,1386,18,0.0129870129870129,0.2853070589923035,0.2300157373659734,0.2749407517316917,1.1416352357415391,1.4407640698109958,0.0009113841511785,0.0656050561556948,Green,GJR-GARCH,USO
2,3072708240,1386,17,0.0122655122655122,0.4129794601210789,0.2020301952251249,0.3169782925934907,0.6702069615862074,1.6276370085590202,0.0008329301027164,0.066083735782639,Green,GJR-GARCH,USO
3,2151777621,1386,18,0.0129870129870129,0.2853070589923035,0.2300157373659734,0.2749407517316917,1.1416352357415391,1.4407640698109958,0.0008371522105011,0.0660973454646973,Green,GJR-GARCH,USO
4,3608309170,1386,17,0.0122655122655122,0.4129794601210789,0.5156795538015958,0.579050127938604,0.6702069615862074,0.4225254952259547,0.0008742172592723,0.0656510963736181,Green,GJR-GARCH,USO
5,877511347,1386,16,0.0115440115440115,0.5728394511092016,0.5408297221958241,0.7075270832236823,0.3179546080531672,0.3740041319920237,0.0008136540476488,0.0658721848807333,Green,GJR-GARCH,USO
6,1127868495,1386,18,0.0129870129870129,0.2853070589923035,0.2300157373659734,0.2749407517316917,1.1416352357415391,1.4407640698109958,0.000852718111237,0.0658250084704389,Green,GJR-GARCH,USO
7,2428321756,1386,18,0.0129870129870129,0.2853070589923035,0.2300157373659734,0.2749407517316917,1.1416352357415391,1.4407640698109958,0.0008381611562817,0.0657332417840649,Green,GJR-GARCH,USO
0,2510029642,1868,22,0.0117773019271948,0.4527008540074843,0.025653000130301,0.0625637778795998,0.5638807193058692,4.979256873628827,0.0003249157880769,0.0265682972534656,Green,GJR-GARCH-t,ASX200
1,2697842964,1868,21,0.0112419700214132,0.5968258421889636,0.0209926967429461,0.0605912843942997,0.2798098997988107,5.327398536454126,0.0003176602877362,0.0265954924393291,Green,GJR-GARCH-t,ASX200
2,4085771104,1868,23,0.0123126338329764,0.3322841723222552,0.0310258218598146,0.0610687894301356,0.9399753840774104,4.651533325130316,0.0003225319362767,0.0265666676404839,Green,GJR-GARCH-t,ASX200
3,3074643178,1868,22,0.0117773019271948,0.4527008540074843,0.025653000130301,0.0625637778795998,0.5638807193058692,4.979256873628827,0.0003158561252593,0.0266228888347315,Green,GJR-GARCH-t,ASX200
4,3731975116,1868,20,0.0107066381156316,0.761529198789148,0.0169859251685414,0.0553011394498141,0.0920960385356792,5.697827493038375,0.0003124830972786,0.0267199630012396,Green,GJR-GARCH-t,ASX200
5,2024854501,1868,19,0.0101713062098501,0.9408485821876575,0.0135740117628474,0.0474009943189707,0.0055061367968552,6.092718009818441,0.0003141930947208,0.0265780190848633,Green,GJR-GARCH-t,ASX200
6,1461030212,1868,21,0.0112419700214132,0.5968258421889636,0.0209926967429461,0.0605912843942997,0.2798098997988107,5.327398536454126,0.0003185250321279,0.0265702228388419,Green,GJR-GARCH-t,ASX200
7,1846487363,1868,24,0.012847965738758,0.2360319616691611,0.0371699169497529,0.0565079661507609,1.404137998727645,4.342609315171671,0.0003283102014859,0.0265102652442292,Green,GJR-GARCH-t,ASX200
0,4281401346,1430,16,0.0111888111888111,0.6574988061526941,0.5471999271228409,0.756186876552411,0.1965761297214898,0.3623573545633576,0.000215784868843,0.0160870110576391,Green,GJR-GARCH-t,AUDUSD
1,4239706411,1430,19,0.0132867132867132,0.2343207775654769,0.4742431746537611,0.3816482309406654,1.4144396767888576,0.5120722352926919,0.0002191294959321,0.0159890915928362,Green,GJR-GARCH-t,AUDUSD
2,3598470739,1430,14,0.0097902097902097,0.9362285372925968,0.5986503283750177,0.8678650592483468,0.0064017540837205,0.277036322121603,0.0002168080058884,0.0160764372829197,Green,GJR-GARCH-t,AUDUSD
3,3029191016,1430,16,0.0111888111888111,0.6574988061526941,0.5471999271228409,0.756186876552411,0.1965761297214898,0.3623573545633576,0.000217564628629,0.016071587498093,Green,GJR-GARCH-t,AUDUSD
4,3669198264,1430,17,0.0118881118881118,0.4859046735961744,0.5222953705028603,0.6392432540438655,0.4855821036704899,0.4093583319088907,0.000213398192597,0.0160539468711146,Green,GJR-GARCH-t,AUDUSD
5,108672633,1430,15,0.0104895104895104,0.853566305874746,0.5726599793986771,0.8384845823267943,0.0340660906790393,0.3182520795111259,0.0002124998336382,0.0161029141972311,Green,GJR-GARCH-t,AUDUSD
6,767268701,1430,16,0.0111888111888111,0.6574988061526941,0.5471999271228409,0.756186876552411,0.1965761297214898,0.3623573545633576,0.0002176263287946,0.0160509932785449,Green,GJR-GARCH-t,AUDUSD
7,314724488,1430,16,0.0111888111888111,0.6574988061526941,0.5471999271228409,0.756186876552411,0.1965761297214898,0.3623573545633576,0.0002130437939954,0.0160692965436747,Green,GJR-GARCH-t,AUDUSD
0,2604698550,1829,24,0.0131219245489338,0.2003810625984821,0.3221497056626808,0.2698478801504065,1.639594870285947,0.9801989009288264,0.0004647977356913,0.0359143984441112,Green,GJR-GARCH-t,BOVESPA
1,2486773808,1829,25,0.0136686714051394,0.1352693985115117,0.352079642996567,0.2125759487134892,2.2309643346900536,0.8659475628326163,0.0004676294700106,0.0360814216248845,Green,GJR-GARCH-t,BOVESPA
2,3357888901,1829,25,0.0136686714051394,0.1352693985115117,0.352079642996567,0.2125759487134892,2.2309643346900536,0.8659475628326163,0.0004812754994491,0.0360632104670845,Green,GJR-GARCH-t,BOVESPA
3,1748476352,1829,23,0.0125751776927282,0.2872020916855331,0.2933948074896729,0.3268237223135961,1.1326909019272744,1.1039777559365405,0.0004661399811871,0.0361512869610605,Green,GJR-GARCH-t,BOVESPA
4,2730291175,1829,24,0.0131219245489338,0.2003810625984821,0.3221497056626808,0.2698478801504065,1.639594870285947,0.9801989009288264,0.0004654117809567,0.0359304774590293,Green,GJR-GARCH-t,BOVESPA
5,998000240,1829,21,0.0114816839803171,0.5338208954401686,0.2396184496865023,0.4127244562874195,0.3871129112306128,1.3828372582526072,0.0004419681115308,0.0359004958043364,Green,GJR-GARCH-t,BOVESPA
6,954622372,1829,25,0.0136686714051394,0.1352693985115117,0.352079642996567,0.2125759487134892,2.2309643346900536,0.8659475628326163,0.0004610718836842,0.0357441731647236,Green,GJR-GARCH-t,BOVESPA
7,732066320,1829,23,0.0125751776927282,0.2872020916855331,0.2933948074896729,0.3268237223135961,1.1326909019272744,1.1039777559365405,0.0004673387740616,0.0361592242919869,Green,GJR-GARCH-t,BOVESPA
0,3845933504,1157,16,0.013828867761452,0.2160078465987941,0.502744801379747,0.371607404362873,1.530697140071478,0.4491375531571009,0.0008918603356779,0.0687660560452989,Green,GJR-GARCH-t,BTC
1,2008890572,1157,18,0.0155574762316335,0.0789402193899156,0.4504800277199919,0.160732237321253,3.0865870606229873,0.569443780874991,0.0009080847268653,0.0687411244445488,Green,GJR-GARCH-t,BTC
2,4191910729,1157,18,0.0155574762316335,0.0789402193899156,0.4504800277199919,0.160732237321253,3.0865870606229873,0.569443780874991,0.0008905846170359,0.0687910700838128,Green,GJR-GARCH-t,BTC
3,435847420,1157,14,0.0121002592912705,0.4870084583210002,0.5579500403327377,0.6615316345410056,0.4831289067674857,0.3432660415029147,0.0008679863230602,0.0692909201822515,Green,GJR-GARCH-t,BTC
4,1211791525,1157,14,0.0121002592912705,0.4870084583210002,0.5579500403327377,0.6615316345410056,0.4831289067674857,0.3432660415029147,0.0008569698575202,0.0691863761026787,Green,GJR-GARCH-t,BTC
5,592660814,1157,14,0.0121002592912705,0.4870084583210002,0.5579500403327377,0.6615316345410056,0.4831289067674857,0.3432660415029147,0.0008578724104657,0.0688457181755412,Green,GJR-GARCH-t,BTC
6,2084271436,1157,14,0.0121002592912705,0.4870084583210002,0.5579500403327377,0.6615316345410056,0.4831289067674857,0.3432660415029147,0.0008654021401496,0.0690651700946354,Green,GJR-GARCH-t,BTC
7,2390610156,1157,14,0.0121002592912705,0.4870084583210002,0.5579500403327377,0.6615316345410056,0.4831289067674857,0.3432660415029147,0.0008739737709121,0.0693597059463007,Green,GJR-GARCH-t,BTC
0,2658878047,1010,12,0.0118811881188118,0.5595280266552582,0.5909432758061866,0.730009432504751,0.3405220725808386,0.2888735747867486,0.0001420411603702,0.0112162050680221,Green,GJR-GARCH-t,CBU0
1,385728054,1010,14,0.0138613861386138,0.2439113636865394,0.5302132414504364,0.4164812760079409,1.3578446982720047,0.3939828496258712,0.0001377841877531,0.0112191993938502,Green,GJR-GARCH-t,CBU0
2,224187955,1010,13,0.0128712871287128,0.379851868568152,0.5601947914968477,0.5739148939603609,0.7711812581613824,0.3393670658729206,0.0001401267470819,0.01122890974395,Green,GJR-GARCH-t,CBU0
3,3762465727,1010,13,0.0128712871287128,0.379851868568152,0.5601947914968477,0.5739148939603609,0.7711812581613824,0.3393670658729206,0.0001379689003523,0.0111931390514104,Green,GJR-GARCH-t,CBU0
4,3183802260,1010,15,0.0148514851485148,0.1483150862527641,0.5010397177503192,0.2805188764331158,2.0894950394600578,0.4527334817837527,0.0001429211200096,0.0112148774609469,Green,GJR-GARCH-t,CBU0
5,3182244088,1010,14,0.0138613861386138,0.2439113636865394,0.5302132414504364,0.4164812760079409,1.3578446982720047,0.3939828496258712,0.0001376731621995,0.0112251496820224,Green,GJR-GARCH-t,CBU0
6,956639422,1010,15,0.0148514851485148,0.1483150862527641,0.5010397177503192,0.2805188764331158,2.0894950394600578,0.4527334817837527,0.0001413400481898,0.0112151030259829,Green,GJR-GARCH-t,CBU0
7,236202059,1010,14,0.0138613861386138,0.2439113636865394,0.5302132414504364,0.4164812760079409,1.3578446982720047,0.3939828496258712,0.0001377695915839,0.011241676779372,Green,GJR-GARCH-t,CBU0
0,1868031471,765,11,0.0143790849673202,0.2532997929754572,0.1437406587758608,0.1788458851010785,1.3050117617804,2.137449880387564,0.0003662071505073,0.0237153465075326,Green,GJR-GARCH-t,DJCI
1,1332139834,765,10,0.0130718954248366,0.4148394650497671,0.1147636210689212,0.2067743127448703,0.6648883298575088,2.4873663843334555,0.0003621878109501,0.0236572623635338,Green,GJR-GARCH-t,DJCI
2,2702934055,765,11,0.0143790849673202,0.2532997929754572,0.1437406587758608,0.1788458851010785,1.3050117617804,2.137449880387564,0.0003590933229549,0.0236843711566159,Green,GJR-GARCH-t,DJCI
3,1443214693,765,11,0.0143790849673202,0.2532997929754572,0.1437406587758608,0.1788458851010785,1.3050117617804,2.137449880387564,0.0003752380131164,0.0238571561632199,Green,GJR-GARCH-t,DJCI
4,2871556179,765,10,0.0130718954248366,0.4148394650497671,0.1147636210689212,0.2067743127448703,0.6648883298575088,2.4873663843334555,0.0003754729617886,0.0237079712666371,Green,GJR-GARCH-t,DJCI
5,411024737,765,10,0.0130718954248366,0.4148394650497671,0.1147636210689212,0.2067743127448703,0.6648883298575088,2.4873663843334555,0.000372123555266,0.0236782876466239,Green,GJR-GARCH-t,DJCI
6,3813335370,765,13,0.0169934640522875,0.0771368391508254,0.2120340341207939,0.0962456776088817,3.124218719315767,1.557483710248846,0.0003726425440991,0.023639793906956,Yellow,GJR-GARCH-t,DJCI
7,3126233828,765,10,0.0130718954248366,0.4148394650497671,0.1147636210689212,0.2067743127448703,0.6648883298575088,2.4873663843334555,0.0003873447013215,0.0237943368033171,Green,GJR-GARCH-t,DJCI
0,3149116349,812,10,0.0123152709359605,0.5222239616687067,0.6172903585126441,0.7192137839815833,0.4094988839832889,0.2496943766052766,0.0013186469983136,0.1004811916999121,Green,GJR-GARCH-t,ETH
1,1142090977,812,11,0.0135467980295566,0.3351845881773436,0.5823134297211177,0.5402970370256941,0.9287629115580228,0.3025095326219258,0.0014015517857153,0.1011846697581455,Green,GJR-GARCH-t,ETH
2,3522077443,812,11,0.0135467980295566,0.3351845881773436,0.5823134297211177,0.5402970370256941,0.9287629115580228,0.3025095326219258,0.0013207753074134,0.1002049001165961,Green,GJR-GARCH-t,ETH
3,3813297008,812,10,0.0123152709359605,0.5222239616687067,0.6172903585126441,0.7192137839815833,0.4094988839832889,0.2496943766052766,0.0013681778796622,0.1005476688378536,Green,GJR-GARCH-t,ETH
4,3474779757,812,12,0.0147783251231527,0.201344737727836,0.5482485907545545,0.369158682773726,1.632593270347174,0.3604641151785301,0.0014113908195127,0.1005366894024008,Green,GJR-GARCH-t,ETH
5,3435502260,812,10,0.0123152709359605,0.5222239616687067,0.6172903585126441,0.7192137839815833,0.4094988839832889,0.2496943766052766,0.0013198951059605,0.1004103255663977,Green,GJR-GARCH-t,ETH
6,1106119840,812,10,0.0123152709359605,0.5222239616687067,0.6172903585126441,0.7192137839815833,0.4094988839832889,0.2496943766052766,0.0013400520774057,0.0999169166435558,Green,GJR-GARCH-t,ETH
7,864806395,812,10,0.0123152709359605,0.5222239616687067,0.6172903585126441,0.7192137839815833,0.4094988839832889,0.2496943766052766,0.0012988058385089,0.1005445769932504,Green,GJR-GARCH-t,ETH
0,194362031,1617,19,0.0117501546072974,0.4912919466586543,0.5128840414545796,0.6370309350729254,0.4736955298985057,0.4281785918922764,0.0001519985187332,0.012007734437726,Green,GJR-GARCH-t,EURUSD
1,205360634,1617,18,0.0111317254174397,0.6532719966394398,0.5360730675009988,0.7465197561463016,0.2017998099529485,0.3828665846894523,0.0001521945440635,0.0120090198474986,Green,GJR-GARCH-t,EURUSD
2,105128412,1617,18,0.0111317254174397,0.6532719966394398,0.5242545025139073,0.7381135277750996,0.2017998099529485,0.4055154591249845,0.0001479120105431,0.0119876558333811,Green,GJR-GARCH-t,EURUSD
3,3809093304,1617,18,0.0111317254174397,0.6532719966394398,0.5242545025139073,0.7381135277750996,0.2017998099529485,0.4055154591249845,0.0001479195271271,0.0119908592328549,Green,GJR-GARCH-t,EURUSD
4,1232848352,1617,15,0.0092764378478664,0.7672110726242045,0.5959952381444958,0.8316408612947044,0.0876307360517834,0.2810784408469828,0.0001470932520226,0.0119893450771852,Green,GJR-GARCH-t,EURUSD
5,1873667983,1617,17,0.0105132962275819,0.83700490524124,0.5476839148530459,0.8171742136859522,0.0423232095401013,0.3614827324757925,0.0001460775102843,0.0120501780136031,Green,GJR-GARCH-t,EURUSD
6,2609841155,1617,15,0.0092764378478664,0.7672110726242045,0.5959952381444958,0.8316408612947044,0.0876307360517834,0.2810784408469828,0.0001467674085099,0.0120158168671698,Green,GJR-GARCH-t,EURUSD
7,1682656587,1617,20,0.0123685837971552,0.3559435188333466,0.4902155214166646,0.5147345722815255,0.8521546241530462,0.4760531854618648,0.0001531002776257,0.0120024331255004,Green,GJR-GARCH-t,EURUSD
0,2721897827,1891,22,0.0116340560549973,0.4863585851301741,0.4716048489995058,0.6056865265915994,0.4845721542378909,0.5182132649659081,0.0003866485028764,0.0316378222848816,Green,GJR-GARCH-t,FCHI
1,4248610186,1891,22,0.0116340560549973,0.4863585851301741,0.4716048489995058,0.6056865265915994,0.4845721542378909,0.5182132649659081,0.0003956129015008,0.0318030636781225,Green,GJR-GARCH-t,FCHI
2,2643581459,1891,22,0.0116340560549973,0.4863585851301741,0.4716048489995058,0.6056865265915994,0.4845721542378909,0.5182132649659081,0.0003833077121612,0.0316869250410141,Green,GJR-GARCH-t,FCHI
3,1279165745,1891,21,0.0111052353252247,0.6350613697259397,0.492105182929758,0.7056825778927437,0.2252594555773459,0.4719200423753875,0.0003986544246062,0.0317876710780619,Green,GJR-GARCH-t,FCHI
4,585642405,1891,21,0.0111052353252247,0.6350613697259397,0.492105182929758,0.7056825778927437,0.2252594555773459,0.4719200423753875,0.0003962538326575,0.0317895108236847,Green,GJR-GARCH-t,FCHI
5,1820794278,1891,22,0.0116340560549973,0.4863585851301741,0.4716048489995058,0.6056865265915994,0.4845721542378909,0.5182132649659081,0.0003961246144366,0.0317899922932033,Green,GJR-GARCH-t,FCHI
6,788159642,1891,23,0.0121628767847699,0.3605733432333604,0.4515736933983211,0.4959415954366155,0.8358953654996704,0.5666988551528789,0.0003876014902042,0.0316592148293808,Green,GJR-GARCH-t,FCHI
7,158360451,1891,23,0.0121628767847699,0.3605733432333604,0.4515736933983211,0.4959415954366155,0.8358953654996704,0.5666988551528789,0.0003953162007946,0.0317351025137907,Green,GJR-GARCH-t,FCHI
0,1594176123,1867,25,0.0133904659882163,0.1615564690397098,0.0002184199004925,0.0004046067237724,1.959596589710568,13.665593440385804,0.0003371450871661,0.025336542635475,Green,GJR-GARCH-t,FTSE100
1,3768727113,1867,25,0.0133904659882163,0.1615564690397098,0.0036986683491493,0.005556076998922,1.959596589710568,8.42612940126702,0.0003375206449616,0.0253926376335881,Green,GJR-GARCH-t,FTSE100
2,4293992756,1867,24,0.0128548473486877,0.2350718778166493,0.0001530810578517,0.0003813028412788,1.4099067263127498,14.333926552829553,0.0003449462739514,0.0253465426429382,Green,GJR-GARCH-t,FTSE100
3,1850284839,1867,26,0.013926084627745,0.1075136168089703,0.0003065423913363,0.0004055805084802,2.5903935764906,13.029988749223833,0.0003420676363113,0.0252508946833261,Green,GJR-GARCH-t,FTSE100
4,764873094,1867,24,0.0128548473486877,0.2350718778166493,0.0001530810578517,0.0003813028412788,1.4099067263127498,14.333926552829553,0.0003342062521592,0.0253245283340887,Green,GJR-GARCH-t,FTSE100
5,3964179995,1867,23,0.012319228709159,0.3310824080400835,0.0001053765786475,0.0003384096383647,0.9446595129106968,15.037847384034023,0.0003366917113175,0.0252952741781375,Green,GJR-GARCH-t,FTSE100
6,2291617697,1867,26,0.013926084627745,0.1075136168089703,0.0047438101674191,0.005079718803513,2.5903935764906,7.974605168635378,0.0003363468652833,0.0254121654257347,Green,GJR-GARCH-t,FTSE100
7,3908515011,1867,25,0.0133904659882163,0.1615564690397098,0.0002184199004925,0.0004046067237724,1.959596589710568,13.665593440385804,0.0003336476459368,0.0252535963059035,Green,GJR-GARCH-t,FTSE100
0,4215705151,1621,19,0.0117211597779148,0.4977839421052801,0.50187053663203,0.6342460756832633,0.4596578045167625,0.4509787311954767,0.0001774848261272,0.0142447424296877,Green,GJR-GARCH-t,GBPUSD
1,1340414276,1621,21,0.0129549660703269,0.2527817924505251,0.4576603478417521,0.3946574139663547,1.3078637892187128,0.5516106044275375,0.000175531562627,0.014249867227741,Green,GJR-GARCH-t,GBPUSD
2,1859706833,1621,19,0.0117211597779148,0.4977839421052801,0.50187053663203,0.6342460756832633,0.4596578045167625,0.4509787311954767,0.0001747830997603,0.0142534550297967,Green,GJR-GARCH-t,GBPUSD
3,235896655,1621,18,0.0111042566317088,0.6606289192092782,0.5247728897698722,0.7418325690970367,0.1927605253240396,0.4045028934646097,0.0001752610814982,0.0143259700474058,Green,GJR-GARCH-t,GBPUSD
4,2565916841,1621,18,0.0111042566317088,0.6606289192092782,0.5247728897698722,0.7418325690970367,0.1927605253240396,0.4045028934646097,0.0001755370648522,0.0141951290976246,Green,GJR-GARCH-t,GBPUSD
5,2891362371,1621,22,0.013571869216533,0.1704323377660299,0.4363825417860849,0.2886742613116143,1.8791363666634613,0.6057763334171682,0.000179626894975,0.0142468067948671,Green,GJR-GARCH-t,GBPUSD
6,1934716894,1621,21,0.0129549660703269,0.2527817924505251,0.4576603478417521,0.3946574139663547,1.3078637892187128,0.5516106044275375,0.0001752658626125,0.0142827185867023,Green,GJR-GARCH-t,GBPUSD
7,2014781687,1621,21,0.0129549660703269,0.2527817924505251,0.4576603478417521,0.3946574139663547,1.3078637892187128,0.5516106044275375,0.0001796924071061,0.0142429357339495,Green,GJR-GARCH-t,GBPUSD
0,1039623619,1878,21,0.011182108626198,0.6133604841179479,0.2327351278059964,0.4318449176056926,0.2553103303473794,1.4240671540789265,0.0004121048767857,0.0342578108443871,Green,GJR-GARCH-t,GDAXI
1,2079635307,1878,26,0.0138445154419595,0.1135658019917112,0.3725320995303461,0.1921376564950723,2.503885483962817,0.7952009219096112,0.0004224683859573,0.034092261663215,Green,GJR-GARCH-t,GDAXI
2,2854128487,1878,21,0.011182108626198,0.6133604841179479,0.2327351278059964,0.4318449176056926,0.2553103303473794,1.4240671540789265,0.000411150978909,0.0340601823313065,Green,GJR-GARCH-t,GDAXI
3,3032744896,1878,27,0.0143769968051118,0.073602564973666,0.3879165575321499,0.1390213191000802,3.200793194950535,0.7454627706323436,0.0004039382423459,0.0342175126936892,Green,GJR-GARCH-t,GDAXI
4,3246291090,1878,23,0.0122470713525026,0.3444318531660159,0.2850779219064063,0.3612107008833103,0.8938658193901823,1.142721844520537,0.0004139668358665,0.0339813359782995,Green,GJR-GARCH-t,GDAXI
5,4161697162,1878,23,0.0122470713525026,0.3444318531660159,0.2850779219064063,0.3612107008833103,0.8938658193901823,1.142721844520537,0.0004198615899555,0.0341105476460024,Green,GJR-GARCH-t,GDAXI
6,358113706,1878,24,0.0127795527156549,0.245765642068276,0.3130870641693616,0.3065386742598094,1.347214673991573,1.017608028554264,0.0004041689393424,0.0341279972677165,Green,GJR-GARCH-t,GDAXI
7,3054750839,1878,25,0.0133120340788072,0.1697669810838651,0.3422566824554766,0.2482100502534822,1.8849997400445684,0.9019600888975674,0.0004193303438601,0.0341144251066907,Green,GJR-GARCH-t,GDAXI
0,3751203197,1490,16,0.010738255033557,0.7771608771414533,0.5554766928077284,0.8074704764055739,0.0801007845729495,0.3475967879881807,0.0004050324676529,0.030129445719285,Green,GJR-GARCH-t,GLD
1,76088668,1490,15,0.0100671140939597,0.979250837708018,0.5805805808247448,0.8581411278988325,0.0006764238783598,0.305296992701102,0.0004096906351732,0.0299778486985178,Green,GJR-GARCH-t,GLD
2,4114526184,1490,16,0.010738255033557,0.7771608771414533,0.1621686659574639,0.3616806617707017,0.0801007845729495,1.9538864279954,0.0004055608544895,0.0300699062264044,Green,GJR-GARCH-t,GLD
3,1758753579,1490,17,0.0114093959731543,0.5928188991002421,0.5308983374870526,0.7122561728942771,0.2859635051060598,0.392671772672827,0.0004104458439237,0.0300272787277049,Green,GJR-GARCH-t,GLD
4,152302183,1490,16,0.010738255033557,0.7771608771414533,0.5554766928077284,0.8074704764055739,0.0801007845729495,0.3475967879881807,0.0004113844953901,0.03002194466297,Green,GJR-GARCH-t,GLD
5,1735221357,1490,17,0.0114093959731543,0.5928188991002421,0.5308983374870526,0.7122561728942771,0.2859635051060598,0.392671772672827,0.000399255665636,0.0300301828342809,Green,GJR-GARCH-t,GLD
6,3302807152,1490,16,0.010738255033557,0.7771608771414533,0.5554766928077284,0.8074704764055739,0.0801007845729495,0.3475967879881807,0.0003941877331712,0.0300719757009124,Green,GJR-GARCH-t,GLD
7,3009660982,1490,19,0.0127516778523489,0.3058847439730927,0.4834057961198224,0.4631215035007868,1.0483615265783204,0.4911701389339953,0.0004062846755675,0.0299040924782761,Green,GJR-GARCH-t,GLD
0,3509143404,1817,26,0.0143093010456796,0.0829048687355795,0.3847927469965331,0.1524110602250208,3.007014305523322,0.7553338238925562,0.0005177513023444,0.0357504304752385,Green,GJR-GARCH-t,HSI
1,1892857056,1817,23,0.0126582278481012,0.2740809173179563,0.2955002972953872,0.3181286034204005,1.1962078949146004,1.094391234451933,0.0005165022218995,0.0356435157505332,Green,GJR-GARCH-t,HSI
2,4268115010,1817,22,0.0121078701155751,0.3820591891314051,0.4626027388671653,0.5210924802641727,0.7640656049676782,0.5395898903832403,0.0005141819950567,0.0357094226923067,Green,GJR-GARCH-t,HSI
3,1514467237,1817,23,0.0126582278481012,0.2740809173179563,0.4423848257141333,0.4093649218004002,1.1962078949146004,0.5900886878823997,0.0005249206945337,0.0355486503834518,Green,GJR-GARCH-t,HSI
4,1024191870,1817,20,0.0110071546505228,0.6711344511854109,0.5045067413860329,0.7313517488874581,0.1802779875927194,0.4454435050831762,0.0005240163948133,0.0355818527888117,Green,GJR-GARCH-t,HSI
5,1054588652,1817,27,0.0148596587782058,0.0521508027402746,0.3666427709807111,0.1009663577919085,3.770924440026061,0.8150113775685099,0.0005252102134424,0.0354225964789038,Green,GJR-GARCH-t,HSI
6,303576473,1817,20,0.0110071546505228,0.6711344511854109,0.5045067413860329,0.7313517488874581,0.1802779875927194,0.4454435050831762,0.0005169528488924,0.0354705062695365,Green,GJR-GARCH-t,HSI
7,89118149,1817,20,0.0110071546505228,0.6711344511854109,0.5045067413860329,0.7313517488874581,0.1802779875927194,0.4454435050831762,0.0005146747766596,0.0356118367229186,Green,GJR-GARCH-t,HSI
0,1367313067,1260,14,0.0111111111111111,0.696948046133079,0.5747094060448682,0.7919427427633958,0.1516662948166725,0.3148660737268187,0.0002467269728506,0.020621465681864,Green,GJR-GARCH-t,IBGL
1,4247168468,1260,18,0.0142857142857142,0.1508426824223168,0.4699141451181718,0.2744618150902361,2.063708410876611,0.5221778588198731,0.0002369363037541,0.0205273936107899,Green,GJR-GARCH-t,IBGL
2,790079629,1260,16,0.0126984126984126,0.3554748290088271,0.1956273121029846,0.2824456415915439,0.8538167723064056,1.6747215598047092,0.0002469317133264,0.0205692992036536,Green,GJR-GARCH-t,IBGL
3,762351396,1260,19,0.015079365079365,0.0918815873616381,0.2883402842949634,0.1374871523525098,2.84109487937838,1.127354727976325,0.000245588790172,0.0205543919478275,Green,GJR-GARCH-t,IBGL
4,2672658011,1260,18,0.0142857142857142,0.1508426824223168,0.4699141451181718,0.2744618150902361,2.063708410876611,0.5221778588198731,0.0002479173523003,0.0205746489725019,Green,GJR-GARCH-t,IBGL
5,177785547,1260,19,0.015079365079365,0.0918815873616381,0.2883402842949634,0.1374871523525098,2.84109487937838,1.127354727976325,0.0002519409579997,0.0205912256601615,Green,GJR-GARCH-t,IBGL
6,3352659878,1260,16,0.0126984126984126,0.3554748290088271,0.5209975794026842,0.5310668279494886,0.8538167723064056,0.4119180529872039,0.000243145503797,0.020610107038285,Green,GJR-GARCH-t,IBGL
7,918754854,1260,19,0.015079365079365,0.0918815873616381,0.4454196865165337,0.1805607730701973,2.84109487937838,0.5822808505573391,0.0002485685420263,0.0203766684608118,Green,GJR-GARCH-t,IBGL
0,3743118384,1219,14,0.0114848236259228,0.610756460670405,0.5682682206424978,0.7465208068227086,0.2590748471529207,0.3255887326258175,0.0005840362000786,0.0433755525284933,Green,GJR-GARCH-t,ICLN
1,3832009477,1219,16,0.0131255127153404,0.2953285171688558,0.5139733991739299,0.4674000721116945,1.0951700865536722,0.4259693186358788,0.0006267192130709,0.0435005820052493,Green,GJR-GARCH-t,ICLN
2,2511435378,1219,18,0.0147662018047579,0.1183346274191082,0.4624243335606771,0.2254576469070666,2.4392256607242757,0.5400202518226536,0.0006257068075534,0.0434771473909663,Green,GJR-GARCH-t,ICLN
3,2786028366,1219,12,0.0098441345365053,0.9562700191283644,0.6250669841153347,0.8861151355491578,0.0030068630796948,0.2388099109004144,0.0006061541295967,0.0431497730986605,Green,GJR-GARCH-t,ICLN
4,462120350,1219,14,0.0114848236259228,0.610756460670405,0.5682682206424978,0.7465208068227086,0.2590748471529207,0.3255887326258175,0.0005997328386464,0.0434669280782546,Green,GJR-GARCH-t,ICLN
5,1217566906,1219,18,0.0147662018047579,0.1183346274191082,0.4624243335606771,0.2254576469070666,2.4392256607242757,0.5400202518226536,0.0006042093106066,0.0431983241630491,Green,GJR-GARCH-t,ICLN
6,3079509150,1219,17,0.0139458572600492,0.1913089587593883,0.4878423391562095,0.3347420460527589,1.707508426731481,0.4812816843709697,0.0006060925960699,0.0433847805968505,Green,GJR-GARCH-t,ICLN
7,4084778967,1219,13,0.0106644790812141,0.8175646126426127,0.5963714820529933,0.8463198156434106,0.0532125495549966,0.2805033667186762,0.0005746040533526,0.0431333158123525,Green,GJR-GARCH-t,ICLN
0,123696876,1242,14,0.0112721417069243,0.6587789429293679,0.5719171040504072,0.7731766049893706,0.1950102440355072,0.319485334947359,0.0002955629620627,0.0228783272877794,Green,GJR-GARCH-t,NIFTY
1,3613484315,1242,16,0.0128824476650563,0.328344979834638,0.5179511818631455,0.5032377132474579,0.9554141909884796,0.4179710681497397,0.000300671090083,0.0227763462272333,Green,GJR-GARCH-t,NIFTY
2,696111883,1242,18,0.0144927536231884,0.135911081502852,0.4666641369888725,0.2523953060753027,2.2236537164597845,0.5298637748482236,0.0003076061812533,0.0228651277859749,Green,GJR-GARCH-t,NIFTY
3,1990350406,1242,14,0.0112721417069243,0.6587789429293679,0.5719171040504072,0.7731766049893706,0.1950102440355072,0.319485334947359,0.0003021214166805,0.0228562943468096,Green,GJR-GARCH-t,NIFTY
4,893430438,1242,19,0.0152979066022544,0.081725441918342,0.4420873320020051,0.1635634864113474,3.030249630694936,0.5908585051418243,0.0003049148760227,0.0227823729621622,Green,GJR-GARCH-t,NIFTY
5,2263090889,1242,18,0.0144927536231884,0.135911081502852,0.4666641369888725,0.2523953060753027,2.2236537164597845,0.5298637748482236,0.0003043610433189,0.022858246046453,Green,GJR-GARCH-t,NIFTY
6,1644623847,1242,15,0.0120772946859903,0.4761444237268788,0.5446131343407259,0.645733257090727,0.5076810841127992,0.3670564662722597,0.0003024675488274,0.0227730613047877,Green,GJR-GARCH-t,NIFTY
7,2366045112,1242,9,0.0072463768115942,0.3050467517229574,0.7168873137082812,0.5533593329628093,1.0520007241797664,0.1314946760629141,0.0002959747304212,0.0228696782380636,Green,GJR-GARCH-t,NIFTY
0,436056042,1806,23,0.012735326688815,0.2623685071327847,0.2974549914845152,0.3100899621818281,1.2562163170643783,1.0855693289685178,0.0005030670283464,0.0372795036602273,Green,GJR-GARCH-t,NIKKEI
1,3220937185,1806,20,0.0110741971207087,0.6519785411521377,0.2177182496402894,0.4225780221930757,0.2034147766959284,1.5193475859467185,0.0004864515631771,0.0371888050365197,Green,GJR-GARCH-t,NIKKEI
2,1890252131,1806,21,0.0116279069767441,0.4979052607227683,0.2429811350677648,0.4019986622230451,0.4593984112599072,1.3632146250841402,0.0004818588005638,0.0371456616457606,Green,GJR-GARCH-t,NIKKEI
3,1682626798,1806,22,0.0121816168327796,0.3675955146687643,0.2695747035746521,0.3622780656594027,0.8117766152197721,1.2189098344643696,0.0004925188188079,0.037471954193767,Green,GJR-GARCH-t,NIKKEI
4,122589127,1806,21,0.0116279069767441,0.4979052607227683,0.2429811350677648,0.4019986622230451,0.4593984112599072,1.3632146250841402,0.0004814606137886,0.0372489414457167,Green,GJR-GARCH-t,NIKKEI
5,2871609162,1806,22,0.0121816168327796,0.3675955146687643,0.2695747035746521,0.3622780656594027,0.8117766152197721,1.2189098344643696,0.0004857618047028,0.0371764882583679,Green,GJR-GARCH-t,NIKKEI
6,3419169537,1806,21,0.0116279069767441,0.4979052607227683,0.2429811350677648,0.4019986622230451,0.4593984112599072,1.3632146250841402,0.0004971967020422,0.0371315754346464,Green,GJR-GARCH-t,NIKKEI
7,2560046433,1806,16,0.0088593576965669,0.6193188219306165,0.1306342182832009,0.2819885382131614,0.2468261227394834,2.2849515842689527,0.0004840658182482,0.0373388311181436,Green,GJR-GARCH-t,NIKKEI
0,3276145441,1858,24,0.0129171151776103,0.2265399348200411,0.4279075783779396,0.3515246831382477,1.4624548323850457,0.6284958634098814,0.0004089490999726,0.0315471355745905,Green,GJR-GARCH-t,SP500
1,2354087904,1858,22,0.0118406889128094,0.4384031917799934,0.4676458567484469,0.5689312258935517,0.6004583668788879,0.5275330741968389,0.00040487593407,0.0316170110513851,Green,GJR-GARCH-t,SP500
2,1138710983,1858,19,0.0102260495156081,0.922276425588129,0.5308180422890953,0.8177715484931526,0.0095192467632072,0.3928252771491713,0.000402507995647,0.0316070949835888,Green,GJR-GARCH-t,SP500
3,269439843,1858,22,0.0118406889128094,0.4384031917799934,0.2613276892928735,0.394126205199651,0.6004583668788879,1.2617098395398614,0.0003991155102438,0.0315760567418252,Green,GJR-GARCH-t,SP500
4,3585132697,1858,23,0.0123789020452099,0.3203738482326749,0.4475314673034543,0.4574178543434383,0.987419670983968,0.5768962564877711,0.0004092283237158,0.031467982443276,Green,GJR-GARCH-t,SP500
5,3274928470,1858,24,0.0129171151776103,0.2265399348200411,0.31672862124321,0.2915828032899102,1.4624548323850457,1.0024076760453795,0.0004070647959665,0.0316245513873934,Green,GJR-GARCH-t,SP500
6,657515268,1858,23,0.0123789020452099,0.3203738482326749,0.4475314673034543,0.4574178543434383,0.987419670983968,0.5768962564877711,0.0004109962975178,0.0315080748559927,Green,GJR-GARCH-t,SP500
7,57796476,1858,21,0.011302475780409,0.5804381747075245,0.4882399974558647,0.6750525626624224,0.3055268090388612,0.4804026320218781,0.0003946752941025,0.0315097324494322,Green,GJR-GARCH-t,SP500
0,1084451534,1532,18,0.0117493472584856,0.5030996693569209,0.2058365015835569,0.3590005734129409,0.4483917675005644,1.60047081898864,0.0003374549298144,0.026310268507805,Green,GJR-GARCH-t,STOXX
1,2183895568,1532,15,0.0097911227154047,0.9342859243899352,0.1353996949580508,0.3268879978960703,0.0067986148350633,2.229476746835985,0.0003269706199068,0.0263990076963986,Green,GJR-GARCH-t,STOXX
2,1787894909,1532,17,0.0110966057441253,0.6716279950786792,0.1806761501089969,0.373111244229583,0.1797037054844095,1.7920536183180502,0.0003341301613261,0.0263637986846217,Green,GJR-GARCH-t,STOXX
3,3726467296,1532,17,0.0110966057441253,0.6716279950786792,0.1806761501089969,0.373111244229583,0.1797037054844095,1.7920536183180502,0.0003236794693973,0.0263769702235548,Green,GJR-GARCH-t,STOXX
4,1132757369,1532,14,0.0091383812010443,0.730888788829251,0.1153267034585062,0.2728094218162363,0.1182971204063223,2.4796665119130523,0.0003333035311905,0.0264419778271815,Green,GJR-GARCH-t,STOXX
5,2204280291,1532,15,0.0097911227154047,0.9342859243899352,0.1353996949580508,0.3268879978960703,0.0067986148350633,2.229476746835985,0.0003332848193684,0.026311340502097,Green,GJR-GARCH-t,STOXX
6,132911913,1532,16,0.010443864229765,0.8623750701278835,0.1571884301564875,0.3621997847235361,0.0300507756888772,2.001067880093103,0.0003204209476003,0.0263575055084767,Green,GJR-GARCH-t,STOXX
7,3843468013,1532,18,0.0117493472584856,0.5030996693569209,0.2058365015835569,0.3590005734129409,0.4483917675005644,1.60047081898864,0.0003405228671957,0.0263998634915932,Green,GJR-GARCH-t,STOXX
0,200147204,1665,15,0.009009009009009,0.6793569199612256,0.6013954100496643,0.8010166597605751,0.1708506410986698,0.2728964257567838,0.000280559628206,0.0239572953147934,Green,GJR-GARCH-t,TLT
1,2081797693,1665,18,0.0108108108108108,0.7427532998361439,0.5303663918814341,0.7782515541328274,0.1077214459821598,0.3936894994259887,0.0002870936833126,0.0240392099392317,Green,GJR-GARCH-t,TLT
2,1927203860,1665,21,0.0126126126126126,0.3031688745231335,0.4637463312157096,0.4499943350836195,1.060203067583922,0.5368375024162333,0.0002873299169601,0.0239573684492964,Green,GJR-GARCH-t,TLT
3,2600931275,1665,20,0.012012012012012,0.4238211819547197,0.4854344439967621,0.5694054019429475,0.6396952255349202,0.486630008672904,0.0002860911282527,0.02398299520708,Green,GJR-GARCH-t,TLT
4,3823774718,1665,22,0.0132132132132132,0.2091642448049341,0.442596043557583,0.3384523067702389,1.5772015758784796,0.58954260884326,0.0002844787862066,0.0240230235107375,Green,GJR-GARCH-t,TLT
5,3295275382,1665,23,0.0138138138138138,0.1392382251720738,0.4219959927947184,0.2427911032321427,2.186357791294125,0.6447499343856293,0.0002931648452509,0.0240466730035049,Green,GJR-GARCH-t,TLT
6,2035526984,1665,21,0.0126126126126126,0.3031688745231335,0.4637463312157096,0.4499943350836195,1.060203067583922,0.5368375024162333,0.0002937206710699,0.0239448313310795,Green,GJR-GARCH-t,TLT
7,1124009104,1665,21,0.0126126126126126,0.3031688745231335,0.4637463312157096,0.4499943350836195,1.060203067583922,0.5368375024162333,0.0002941658833522,0.0240073189158711,Green,GJR-GARCH-t,TLT
0,280514331,1309,19,0.014514896867838,0.1240498227327732,0.454202062596506,0.2315900241525754,2.365428803539837,0.5601444120965198,0.0013117207560845,0.0939064279950483,Green,GJR-GARCH-t,UNG
1,2402414502,1309,17,0.0129870129870129,0.2990980999196377,0.2152863092270681,0.2706675173389749,1.0782110559781204,1.5355171132529222,0.0012781472560642,0.0935854619063191,Green,GJR-GARCH-t,UNG
2,3906625449,1309,16,0.0122230710466004,0.4347035081168439,0.5290089241719498,0.6045569242296925,0.6102239323520768,0.396294959449051,0.0012381488267052,0.0935430288768461,Green,GJR-GARCH-t,UNG
3,545129168,1309,18,0.0137509549274255,0.1968675782070447,0.2450055533735457,0.221239232787883,1.6654611674867663,1.3515601558008257,0.0012639578842567,0.0935370132412617,Green,GJR-GARCH-t,UNG
4,2964381223,1309,17,0.0129870129870129,0.2990980999196377,0.5034159229655075,0.466279764174994,1.0782110559781204,0.4477278893998573,0.0012506831542153,0.0933609209668938,Green,GJR-GARCH-t,UNG
5,1482328756,1309,17,0.0129870129870129,0.2990980999196377,0.2152863092270681,0.2706675173389749,1.0782110559781204,1.5355171132529222,0.0012567244349858,0.0934394860926706,Green,GJR-GARCH-t,UNG
6,2779684558,1309,16,0.0122230710466004,0.4347035081168439,0.1874707313396912,0.3091886784981573,0.6102239323520768,1.7373832244568064,0.0012601902181712,0.0936608162055357,Green,GJR-GARCH-t,UNG
7,40199272,1309,16,0.0122230710466004,0.4347035081168439,0.1874707313396912,0.3091886784981573,0.6102239323520768,1.7373832244568064,0.0012577944214596,0.0936423223583828,Green,GJR-GARCH-t,UNG
0,2039121794,1923,25,0.0130005200208008,0.2062267845664928,0.4169293802455908,0.3235710576385567,1.5977188370976163,0.6589542358861422,0.0002243401610126,0.0155871292106264,Green,GJR-GARCH-t,USDJPY
1,902371605,1923,24,0.0124804992199688,0.2925366138268022,0.4359306179708779,0.4242464784327624,1.1079104863436129,0.6069708648385586,0.0002211031608026,0.0157000737458614,Green,GJR-GARCH-t,USDJPY
2,3369318367,1923,23,0.0119604784191367,0.4019406482931702,0.4554112576072505,0.5326818857020059,0.7025127842728827,0.5571489563804448,0.0002182948656878,0.0156648262374442,Green,GJR-GARCH-t,USDJPY
3,646408223,1923,25,0.0130005200208008,0.2062267845664928,0.4169293802455908,0.3235710576385567,1.5977188370976163,0.6589542358861422,0.0002190680923434,0.0156999492191138,Green,GJR-GARCH-t,USDJPY
4,400375477,1923,28,0.0145605824232969,0.0598510336229328,0.3628782476564931,0.1125106162938535,3.541507723104477,0.8279076663624778,0.0002180304912332,0.0156092641502884,Green,GJR-GARCH-t,USDJPY
5,3749413754,1923,26,0.0135205408216328,0.1408542056903513,0.3984157707233235,0.2367258880917523,2.168602275679371,0.7131025194084941,0.0002264221688201,0.0156068336936169,Green,GJR-GARCH-t,USDJPY
6,1408294282,1923,24,0.0124804992199688,0.2925366138268022,0.4359306179708779,0.4242464784327624,1.1079104863436129,0.6069708648385586,0.0002114624754451,0.0156595406172781,Green,GJR-GARCH-t,USDJPY
7,3203017314,1923,24,0.0124804992199688,0.2925366138268022,0.4359306179708779,0.4242464784327624,1.1079104863436129,0.6069708648385586,0.0002232790527945,0.015667200930694,Green,GJR-GARCH-t,USDJPY
0,1069922403,1386,17,0.0122655122655122,0.4129794601210789,0.2020301952251249,0.3169782925934907,0.6702069615862074,1.6276370085590202,0.0008516672877153,0.0642708574063679,Green,GJR-GARCH-t,USO
1,3203659362,1386,23,0.0165945165945165,0.0242113203881681,0.3950939294106651,0.0549507012341769,5.079430563005644,0.7232071107952152,0.0008498799655569,0.0641446710358326,Yellow,GJR-GARCH-t,USO
2,3256581910,1386,18,0.0129870129870129,0.2853070589923035,0.2300157373659734,0.2749407517316917,1.1416352357415391,1.4407640698109958,0.0008489668182754,0.0643113086646055,Green,GJR-GARCH-t,USO
3,279290330,1386,18,0.0129870129870129,0.2853070589923035,0.4911324051312935,0.4458200741492968,1.1416352357415391,0.4740444233548828,0.0008630536346744,0.0642753482477556,Green,GJR-GARCH-t,USO
4,2024261588,1386,16,0.0115440115440115,0.5728394511092016,0.5408297221958241,0.7075270832236823,0.3179546080531672,0.3740041319920237,0.000837918878731,0.0642587081013445,Green,GJR-GARCH-t,USO
5,1272544891,1386,14,0.0101010101010101,0.9699015222643896,0.1291340438599797,0.3159555420415249,0.0014236886408077,2.3028838414291215,0.0008357085830959,0.064241533168904,Green,GJR-GARCH-t,USO
6,1265434345,1386,17,0.0122655122655122,0.4129794601210789,0.5156795538015958,0.579050127938604,0.6702069615862074,0.4225254952259547,0.0008635820773509,0.0640995599064198,Green,GJR-GARCH-t,USO
7,4165242946,1386,19,0.0137085137085137,0.1889617700256408,0.2597696312108199,0.2236128541546662,1.725693836043087,1.2699842681141718,0.0008642433507716,0.0642056876030602,Green,GJR-GARCH-t,USO
0,4079547274,1868,24,0.012847965738758,0.2360319616691611,0.0371699169497529,0.0565079661507609,1.404137998727645,4.342609315171671,0.000335308932638,0.0265533736474561,Green,GARCH-N,ASX200
1,1798945064,1868,25,0.0133832976445396,0.162291607714315,0.0441432510605663,0.0496921474497709,1.9527426748780885,4.05107403984448,0.0003397064731949,0.0265483262027902,Green,GARCH-N,ASX200
2,2512103219,1868,23,0.0123126338329764,0.3322841723222552,0.0310258218598146,0.0610687894301356,0.9399753840774104,4.651533325130316,0.0003377172461728,0.0265039654187437,Green,GARCH-N,ASX200
3,1510304947,1868,26,0.0139186295503211,0.1080540346730911,0.0047362042087822,0.0050925228183078,2.582453885274525,7.977509972937412,0.0003252071428604,0.0264259371278825,Green,GARCH-N,ASX200
4,1801389664,1868,26,0.0139186295503211,0.1080540346730911,0.0520024355618838,0.0416242582197011,2.582453885274525,3.77569041750155,0.0003294034919332,0.0265129269307347,Green,GARCH-N,ASX200
5,436404964,1868,23,0.0123126338329764,0.3322841723222552,0.0310258218598146,0.0610687894301356,0.9399753840774104,4.651533325130316,0.0003405199302838,0.0264230579986055,Green,GARCH-N,ASX200
6,1808812568,1868,24,0.012847965738758,0.2360319616691611,0.0371699169497529,0.0565079661507609,1.404137998727645,4.342609315171671,0.0003323196330619,0.0264532901510194,Green,GARCH-N,ASX200
7,185609010,1868,25,0.0133832976445396,0.162291607714315,0.0441432510605663,0.0496921474497709,1.9527426748780885,4.05107403984448,0.0003317968296788,0.0264995023914638,Green,GARCH-N,ASX200
0,2152892528,1430,14,0.0097902097902097,0.9362285372925968,0.5986503283750177,0.8678650592483468,0.0064017540837205,0.277036322121603,0.0002084349693882,0.0160567714520328,Green,GARCH-N,AUDUSD
1,2492151724,1430,15,0.0104895104895104,0.853566305874746,0.5726599793986771,0.8384845823267943,0.0340660906790393,0.3182520795111259,0.0002099235442119,0.0160631502507076,Green,GARCH-N,AUDUSD
2,3116802425,1430,18,0.0125874125874125,0.3444716134490873,0.497969446982152,0.5083984129045818,0.8937185060169073,0.4592612168175378,0.0002145957556942,0.0160205617084195,Green,GARCH-N,AUDUSD
3,3833145766,1430,15,0.0104895104895104,0.853566305874746,0.5726599793986771,0.8384845823267943,0.0340660906790393,0.3182520795111259,0.0002150776160892,0.0160898757405566,Green,GARCH-N,AUDUSD
4,1692036153,1430,17,0.0118881118881118,0.4859046735961744,0.5222953705028603,0.6392432540438655,0.4855821036704899,0.4093583319088907,0.0002125146781129,0.0160923474953092,Green,GARCH-N,AUDUSD
5,2452015417,1430,14,0.0097902097902097,0.9362285372925968,0.5986503283750177,0.8678650592483468,0.0064017540837205,0.277036322121603,0.0002104414313659,0.0160344156457071,Green,GARCH-N,AUDUSD
6,3274037819,1430,18,0.0125874125874125,0.3444716134490873,0.497969446982152,0.5083984129045818,0.8937185060169073,0.4592612168175378,0.0002127620830663,0.0160339935745962,Green,GARCH-N,AUDUSD
7,125868867,1430,15,0.0104895104895104,0.853566305874746,0.5726599793986771,0.8384845823267943,0.0340660906790393,0.3182520795111259,0.0002096926356291,0.0160550668508314,Green,GARCH-N,AUDUSD
0,3269362127,1829,23,0.0125751776927282,0.2872020916855331,0.2933948074896729,0.3268237223135961,1.1326909019272744,1.1039777559365405,0.0004704084795107,0.0356137366705827,Green,GARCH-N,BOVESPA
1,3964037900,1829,28,0.0153089119737561,0.034298411909333,0.4483123604606364,0.0798711408619359,4.479766239463679,0.5749151248746784,0.0004832235872525,0.0354754120734031,Green,GARCH-N,BOVESPA
2,617836026,1829,25,0.0136686714051394,0.1352693985115117,0.352079642996567,0.2125759487134892,2.2309643346900536,0.8659475628326163,0.0004887360428964,0.0354377370770762,Green,GARCH-N,BOVESPA
3,59636246,1829,22,0.0120284308365226,0.39815931159436,0.2658683718964528,0.3768495241502197,0.7138782923231668,1.2379403304705647,0.0004753915380217,0.0356564454247964,Green,GARCH-N,BOVESPA
4,3288005997,1829,25,0.0136686714051394,0.1352693985115117,0.352079642996567,0.2125759487134892,2.2309643346900536,0.8659475628326163,0.0004658956130749,0.0354754211477713,Green,GARCH-N,BOVESPA
5,2947483461,1829,22,0.0120284308365226,0.39815931159436,0.2658683718964528,0.3768495241502197,0.7138782923231668,1.2379403304705647,0.0004767224023336,0.0354291116018236,Green,GARCH-N,BOVESPA
6,716004788,1829,19,0.0103881902679059,0.8683133196765943,0.1911116120608889,0.4196816948204044,0.027490072495524,1.7090273765208792,0.0004712799483453,0.0355852940495161,Green,GARCH-N,BOVESPA
7,3037955611,1829,24,0.0131219245489338,0.2003810625984821,0.3221497056626808,0.2698478801504065,1.639594870285947,0.9801989009288264,0.0004784953393927,0.0354760163905931,Green,GARCH-N,BOVESPA
0,2165794479,1157,16,0.013828867761452,0.2160078465987941,0.502744801379747,0.371607404362873,1.530697140071478,0.4491375531571009,0.0008335505616062,0.0645193984929004,Green,GARCH-N,BTC
1,3864133453,1157,16,0.013828867761452,0.2160078465987941,0.502744801379747,0.371607404362873,1.530697140071478,0.4491375531571009,0.0008305940505418,0.0646435858548245,Green,GARCH-N,BTC
2,3348270846,1157,18,0.0155574762316335,0.0789402193899156,0.4504800277199919,0.160732237321253,3.0865870606229873,0.569443780874991,0.0008593545863322,0.0648472370295179,Green,GARCH-N,BTC
3,809168041,1157,15,0.0129645635263612,0.3324524652903477,0.5299944235069063,0.5133169759981533,0.9393212291810736,0.3944022461967904,0.0008123404363244,0.0643655171557494,Green,GARCH-N,BTC
4,1885522013,1157,15,0.0129645635263612,0.3324524652903477,0.5299944235069063,0.5133169759981533,0.9393212291810736,0.3944022461967904,0.0008278706942209,0.064434286732884,Green,GARCH-N,BTC
5,405457858,1157,17,0.0146931719965427,0.1337087797663044,0.476231119868127,0.2520331964490203,2.248907407196043,0.5074815292160508,0.0008428483882489,0.0646657544673754,Green,GARCH-N,BTC
6,1121654764,1157,16,0.013828867761452,0.2160078465987941,0.502744801379747,0.371607404362873,1.530697140071478,0.4491375531571009,0.0008355688026127,0.0645247063809657,Green,GARCH-N,BTC
7,3032345785,1157,17,0.0146931719965427,0.1337087797663044,0.476231119868127,0.2520331964490203,2.248907407196043,0.5074815292160508,0.0008573209024588,0.0643986351196626,Green,GARCH-N,BTC
0,2952519489,1010,13,0.0128712871287128,0.379851868568152,0.5601947914968477,0.5739148939603609,0.7711812581613824,0.3393670658729206,0.0001364394576461,0.0113247517605396,Green,GARCH-N,CBU0
1,459721121,1010,11,0.0108910891089108,0.77903000878741,0.6224135477798778,0.8516254678716687,0.0787270010915339,0.2424898799114601,0.0001418893925951,0.0113306649799559,Green,GARCH-N,CBU0
2,3600971516,1010,15,0.0148514851485148,0.1483150862527641,0.5010397177503192,0.2805188764331158,2.0894950394600578,0.4527334817837527,0.0001406401525244,0.0112905758956936,Green,GARCH-N,CBU0
3,447767924,1010,12,0.0118811881188118,0.5595280266552582,0.5909432758061866,0.730009432504751,0.3405220725808386,0.2888735747867486,0.0001425150662928,0.0113208875591597,Green,GARCH-N,CBU0
4,3085922037,1010,14,0.0138613861386138,0.2439113636865394,0.5302132414504364,0.4164812760079409,1.3578446982720047,0.3939828496258712,0.0001417804340317,0.0113241926617246,Green,GARCH-N,CBU0
5,3605486824,1010,12,0.0118811881188118,0.5595280266552582,0.5909432758061866,0.730009432504751,0.3405220725808386,0.2888735747867486,0.0001445405457653,0.011309630192655,Green,GARCH-N,CBU0
6,1356009571,1010,12,0.0118811881188118,0.5595280266552582,0.5909432758061866,0.730009432504751,0.3405220725808386,0.2888735747867486,0.0001421033482781,0.0113176585967872,Green,GARCH-N,CBU0
7,3930639685,1010,14,0.0138613861386138,0.2439113636865394,0.5302132414504364,0.4164812760079409,1.3578446982720047,0.3939828496258712,0.0001388698624449,0.0113360199864802,Green,GARCH-N,CBU0
0,1578912722,765,14,0.0183006535947712,0.0386715459147695,0.0226657113524862,0.0087860376199403,4.275238083983382,5.193944819281683,0.0003708816516465,0.024239489581067,Yellow,GARCH-N,DJCI
1,747180762,765,13,0.0169934640522875,0.0771368391508254,0.0162659563586179,0.0116895945392125,3.124218719315767,5.7738936577095075,0.0003701466180138,0.0241093944640238,Yellow,GARCH-N,DJCI
2,1161529864,765,11,0.0143790849673202,0.2532997929754572,0.1437406587758608,0.1788458851010785,1.3050117617804,2.137449880387564,0.0003564686509502,0.0240558803606367,Green,GARCH-N,DJCI
3,3113238545,765,12,0.0156862745098039,0.144454216119145,0.1761843803056696,0.1381123165602175,2.129857166039423,1.8295189074300708,0.0003710079806057,0.0241250033864213,Green,GARCH-N,DJCI
4,4062435897,765,10,0.0130718954248366,0.4148394650497671,0.0048618847244455,0.0136025357382975,0.6648883298575088,7.930109774691715,0.0003523290440549,0.0239442970198339,Green,GARCH-N,DJCI
5,1677075038,765,11,0.0143790849673202,0.2532997929754572,0.0075827685531008,0.0147393512673842,1.3050117617804,7.129457048019987,0.0003587726676322,0.0241649436318896,Green,GARCH-N,DJCI
6,381537805,765,11,0.0143790849673202,0.2532997929754572,0.1437406587758608,0.1788458851010785,1.3050117617804,2.137449880387564,0.0003609372973846,0.0242199018127101,Green,GARCH-N,DJCI
7,2542719789,765,10,0.0130718954248366,0.4148394650497671,0.1147636210689212,0.2067743127448703,0.6648883298575088,2.4873663843334555,0.0003614487791504,0.0241455775174257,Green,GARCH-N,DJCI
0,394471863,812,13,0.0160098522167487,0.1134290428340271,0.1983650550386769,0.1249205460052658,2.505783735527645,1.6543710159470493,0.0012676649856351,0.1078033611336742,Yellow,GARCH-N,ETH
1,1098535101,812,8,0.0098522167487684,0.9661577223658654,0.6897050224634722,0.9225603404915868,0.0018001123302303,0.1594048785889725,0.0012079469925492,0.1074235070231243,Green,GARCH-N,ETH
2,1060713331,812,15,0.0184729064039408,0.0299762713294001,0.2749287883797774,0.052270632168018,4.710652532228213,1.1919886518725775,0.0013396333525024,0.1078227814871087,Yellow,GARCH-N,ETH
3,373688516,812,9,0.0110837438423645,0.7603183421498357,0.6531119237241364,0.8628354532446291,0.0930632964952256,0.2019992522901219,0.0013199809374259,0.1081459990851567,Green,GARCH-N,ETH
4,280265190,812,16,0.0197044334975369,0.0141304586028689,0.3176234030725927,0.0298897563665303,6.021771183758993,0.9987077236853564,0.0013761877723479,0.1086316363014626,Yellow,GARCH-N,ETH
5,2973887107,812,11,0.0135467980295566,0.3351845881773436,0.1343661647024372,0.2049392167936661,0.9287629115580228,2.2413207829521724,0.00132606075502,0.1085039912101829,Green,GARCH-N,ETH
6,2880261235,812,11,0.0135467980295566,0.3351845881773436,0.5823134297211177,0.5402970370256941,0.9287629115580228,0.3025095326219258,0.0012902824445565,0.1083879925949971,Green,GARCH-N,ETH
7,731785910,812,12,0.0147783251231527,0.201344737727836,0.1647514939584372,0.1684142765882388,1.632593270347174,1.9300635355077276,0.0012786336923216,0.1082666752867271,Green,GARCH-N,ETH
0,4104246532,1617,17,0.0105132962275819,0.83700490524124,0.5476839148530459,0.8171742136859522,0.0423232095401013,0.3614827324757925,0.000142162276719,0.0112283929115198,Green,GARCH-N,EURUSD
1,1504781373,1617,18,0.0111317254174397,0.6532719966394398,0.5242545025139073,0.7381135277750996,0.2017998099529485,0.4055154591249845,0.0001437376844536,0.0111968643630627,Green,GARCH-N,EURUSD
2,1239801629,1617,20,0.0123685837971552,0.3559435188333466,0.4789442695659189,0.508286284286259,0.8521546241530462,0.5012662526363556,0.0001478619614422,0.0112493779251386,Green,GARCH-N,EURUSD
3,2862846345,1617,18,0.0111317254174397,0.6532719966394398,0.5242545025139073,0.7381135277750996,0.2017998099529485,0.4055154591249845,0.0001430448068322,0.0112073442560193,Green,GARCH-N,EURUSD
4,89368080,1617,20,0.0123685837971552,0.3559435188333466,0.4789442695659189,0.508286284286259,0.8521546241530462,0.5012662526363556,0.0001463889121566,0.0112685815686228,Green,GARCH-N,EURUSD
5,3913608480,1617,18,0.0111317254174397,0.6532719966394398,0.5242545025139073,0.7381135277750996,0.2017998099529485,0.4055154591249845,0.0001444492749384,0.0112227859728452,Green,GARCH-N,EURUSD
6,451031169,1617,14,0.0086580086580086,0.5788296098473178,0.6208339104838463,0.758498913929996,0.3081305770828013,0.2446972470374078,0.0001407187554134,0.011221036049788,Green,GARCH-N,EURUSD
7,3687537064,1617,18,0.0111317254174397,0.6532719966394398,0.5242545025139073,0.7381135277750996,0.2017998099529485,0.4055154591249845,0.0001437524536862,0.0112554038265236,Green,GARCH-N,EURUSD
0,1084598582,1891,24,0.0126916975145425,0.2587797610142784,0.4320224272069856,0.3881642233045504,1.2752731796100854,0.6173803663235731,0.0004411016156329,0.033756203306314,Green,GARCH-N,FCHI
1,3463528550,1891,23,0.0121628767847699,0.3605733432333604,0.2829441745218386,0.3699473317340777,0.8358953654996704,1.1528938947818688,0.0004351841780598,0.0338798576829989,Green,GARCH-N,FCHI
2,2271639438,1891,21,0.0111052353252247,0.6350613697259397,0.2309702059863906,0.4360196041771566,0.2252594555773459,1.4348766902923842,0.000425230701497,0.0338018081605282,Green,GARCH-N,FCHI
3,3336469674,1891,25,0.0132205182443151,0.1798237952416107,0.0430613513256505,0.0525476006097171,1.7990796937989213,4.092991989978486,0.0004246075759809,0.0337547962135117,Green,GARCH-N,FCHI
4,442318352,1891,20,0.0105764145954521,0.8029118253333425,0.5130627300390831,0.7826630404316324,0.0622903968427679,0.4278156429419084,0.0004188491220865,0.0336824805423219,Green,GARCH-N,FCHI
5,2600942960,1891,21,0.0111052353252247,0.6350613697259397,0.2309702059863906,0.4360196041771566,0.2252594555773459,1.4348766902923842,0.0004427290615145,0.0337617003091756,Green,GARCH-N,FCHI
6,1433361704,1891,25,0.0132205182443151,0.1798237952416107,0.3397348401237894,0.2578813506264453,1.7990796937989213,0.9114316684634788,0.0004456152725451,0.0337391154994156,Green,GARCH-N,FCHI
7,2982496420,1891,21,0.0111052353252247,0.6350613697259397,0.492105182929758,0.7056825778927437,0.2252594555773459,0.4719200423753875,0.0004254999922425,0.0337382407777546,Green,GARCH-N,FCHI
0,2252269008,1867,21,0.0112479914301017,0.5951803237253539,0.021015984287579,0.0605735793322196,0.2823265940669515,5.325466337118314,0.0003464883370219,0.0256327273071694,Green,GARCH-N,FTSE100
1,3566657106,1867,22,0.0117836100696304,0.4512617046147432,0.0016231211043408,0.0052453760142193,0.5674808372453972,9.93333586209701,0.0003549801530366,0.0256200621080898,Green,GARCH-N,FTSE100
2,357814176,1867,23,0.012319228709159,0.3310824080400835,0.0001053765786475,0.0003384096383647,0.9446595129106968,15.037847384034023,0.0003549528786295,0.0255321525277936,Green,GARCH-N,FTSE100
3,4048928958,1867,24,0.0128548473486877,0.2350718778166493,0.0028490262442737,0.0057657969269945,1.4099067263127498,8.901717072546717,0.000354747660138,0.0255057456692133,Green,GARCH-N,FTSE100
4,309570840,1867,25,0.0133904659882163,0.1615564690397098,0.0036986683491493,0.005556076998922,1.959596589710568,8.42612940126702,0.0003538226055239,0.0256056285691634,Green,GARCH-N,FTSE100
5,1876629222,1867,24,0.0128548473486877,0.2350718778166493,0.0028490262442737,0.0057657969269945,1.4099067263127498,8.901717072546717,0.0003554494817821,0.0256244684238329,Green,GARCH-N,FTSE100
6,533827558,1867,21,0.0112479914301017,0.5951803237253539,0.00119745369364,0.0045697449733121,0.2823265940669515,10.494269166253105,0.0003531785646955,0.0255190142426224,Green,GARCH-N,FTSE100
7,2307850031,1867,23,0.012319228709159,0.3310824080400835,0.0001053765786475,0.0003384096383647,0.9446595129106968,15.037847384034023,0.0003528822260128,0.0256445467619305,Green,GARCH-N,FTSE100
0,1919640052,1621,21,0.0129549660703269,0.2527817924505251,0.4576603478417521,0.3946574139663547,1.3078637892187128,0.5516106044275375,0.0001808687486949,0.013862234086986,Green,GARCH-N,GBPUSD
1,2998575129,1621,22,0.013571869216533,0.1704323377660299,0.4363825417860849,0.2886742613116143,1.8791363666634613,0.6057763334171682,0.0001761479865747,0.0139187320923957,Green,GARCH-N,GBPUSD
2,430286074,1621,21,0.0129549660703269,0.2527817924505251,0.4576603478417521,0.3946574139663547,1.3078637892187128,0.5516106044275375,0.0001816783217064,0.0139039895329433,Green,GARCH-N,GBPUSD
3,542014908,1621,18,0.0111042566317088,0.6606289192092782,0.5247728897698722,0.7418325690970367,0.1927605253240396,0.4045028934646097,0.0001753232027205,0.0139130997142393,Green,GARCH-N,GBPUSD
4,2193525344,1621,19,0.0117211597779148,0.4977839421052801,0.50187053663203,0.6342460756832633,0.4596578045167625,0.4509787311954767,0.0001746066651722,0.0139243541193657,Green,GARCH-N,GBPUSD
5,1973490228,1621,14,0.0086366440468846,0.5721767818795042,0.6212691733412754,0.7545974666704612,0.319053883351085,0.2440877739280438,0.0001743648161623,0.0138898875614737,Green,GARCH-N,GBPUSD
6,1816822154,1621,16,0.0098704503392967,0.9581030103021212,0.5720844252259261,0.8513060598497685,0.0027598467831707,0.3192072887554786,0.0001751518487855,0.01385388996596,Green,GARCH-N,GBPUSD
7,1853268602,1621,18,0.0111042566317088,0.6606289192092782,0.5247728897698722,0.7418325690970367,0.1927605253240396,0.4045028934646097,0.0001729096023328,0.0138274707742664,Green,GARCH-N,GBPUSD
0,3404772206,1878,25,0.0133120340788072,0.1697669810838651,0.3422566824554766,0.2482100502534822,1.8849997400445684,0.9019600888975674,0.0004444539958051,0.0338228961497884,Green,GARCH-N,GDAXI
1,1816505745,1878,22,0.0117145899893503,0.4672048608641068,0.2582790670543045,0.405242953655511,0.5285790709428353,1.2779579413888769,0.0004404488691055,0.0339058374672576,Green,GARCH-N,GDAXI
2,3092542983,1878,24,0.0127795527156549,0.245765642068276,0.3130870641693616,0.3065386742598094,1.347214673991573,1.017608028554264,0.0004324571769921,0.0338164050025927,Green,GARCH-N,GDAXI
3,565733558,1878,21,0.011182108626198,0.6133604841179479,0.2327351278059964,0.4318449176056926,0.2553103303473794,1.4240671540789265,0.0004402413488844,0.0337854019910061,Green,GARCH-N,GDAXI
4,2867900527,1878,24,0.0127795527156549,0.245765642068276,0.3130870641693616,0.3065386742598094,1.347214673991573,1.017608028554264,0.000435434051981,0.033793233557452,Green,GARCH-N,GDAXI
5,3576751111,1878,24,0.0127795527156549,0.245765642068276,0.3130870641693616,0.3065386742598094,1.347214673991573,1.017608028554264,0.0004453990876636,0.0338479680804306,Green,GARCH-N,GDAXI
6,1269335133,1878,26,0.0138445154419595,0.1135658019917112,0.3725320995303461,0.1921376564950723,2.503885483962817,0.7952009219096112,0.0004434569125738,0.0339307865287075,Green,GARCH-N,GDAXI
7,2387700248,1878,22,0.0117145899893503,0.4672048608641068,0.2582790670543045,0.405242953655511,0.5285790709428353,1.2779579413888769,0.0004374145003142,0.0339351572868276,Green,GARCH-N,GDAXI
0,1822239101,1490,17,0.0114093959731543,0.5928188991002421,0.5308983374870526,0.7122561728942771,0.2859635051060598,0.392671772672827,0.0004191624718827,0.0300981082510583,Green,GARCH-N,GLD
1,1524569681,1490,15,0.0100671140939597,0.979250837708018,0.5805805808247448,0.8581411278988325,0.0006764238783598,0.305296992701102,0.0004185009799901,0.029858549639828,Green,GARCH-N,GLD
2,736067151,1490,18,0.0120805369127516,0.4344495217656254,0.506867891390403,0.5911335440542134,0.610898999107576,0.4405276493626502,0.0004208417655699,0.0298774738070164,Green,GARCH-N,GLD
3,1312182039,1490,17,0.0114093959731543,0.5928188991002421,0.5308983374870526,0.7122561728942771,0.2859635051060598,0.392671772672827,0.0004186255495883,0.0299747780525346,Green,GARCH-N,GLD
4,443078433,1490,17,0.0114093959731543,0.5928188991002421,0.5308983374870526,0.7122561728942771,0.2859635051060598,0.392671772672827,0.0004190253861174,0.0298912230586123,Green,GARCH-N,GLD
5,980516199,1490,13,0.0087248322147651,0.6130634440214167,0.6322661203013448,0.7847664473000228,0.255737998905214,0.2290002507556323,0.0004085145578779,0.0298725304739454,Green,GARCH-N,GLD
6,2514972592,1490,14,0.0093959731543624,0.8128676077763769,0.6061857458839808,0.851374236397314,0.0560402702590008,0.265766702393563,0.0004087246588529,0.0298570763346602,Green,GARCH-N,GLD
7,696554440,1490,16,0.010738255033557,0.7771608771414533,0.5554766928077284,0.8074704764055739,0.0801007845729495,0.3475967879881807,0.0004192109341575,0.0300786048650566,Green,GARCH-N,GLD
0,4056579095,1817,22,0.0121078701155751,0.3820591891314051,0.267790254218967,0.3693360187308888,0.7640656049676782,1.2280312539072042,0.0005319837224852,0.0362375588596425,Green,GARCH-N,HSI
1,3967236367,1817,25,0.0137589433131535,0.1276245811033836,0.3545647286065138,0.2041076114586113,2.3211629190727,0.8570529150690049,0.0005419439988025,0.0363667871169995,Green,GARCH-N,HSI
2,134519640,1817,19,0.0104567969179966,0.8459808507562696,0.526167181553971,0.8027110487581546,0.0377327068872697,0.4017882320063393,0.0005197906974487,0.0361532201853445,Green,GARCH-N,HSI
3,3408928488,1817,21,0.0115575123830489,0.5149587726237115,0.4833140937802759,0.6327518047021522,0.42397794279898,0.4913761120095614,0.0005332109061406,0.0362855076411255,Green,GARCH-N,HSI
4,332732884,1817,22,0.0121078701155751,0.3820591891314051,0.267790254218967,0.3693360187308888,0.7640656049676782,1.2280312539072042,0.0005339160366482,0.0362869826286695,Green,GARCH-N,HSI
5,1053119838,1817,23,0.0126582278481012,0.2740809173179563,0.2955002972953872,0.3181286034204005,1.1962078949146004,1.094391234451933,0.0005295905853173,0.0362320091656133,Green,GARCH-N,HSI
6,1894157579,1817,22,0.0121078701155751,0.3820591891314051,0.4626027388671653,0.5210924802641727,0.7640656049676782,0.5395898903832403,0.0005216972905375,0.0363642292419085,Green,GARCH-N,HSI
7,2382547881,1817,25,0.0137589433131535,0.1276245811033836,0.3545647286065138,0.2041076114586113,2.3211629190727,0.8570529150690049,0.000537647870054,0.0362909611353787,Green,GARCH-N,HSI
0,1514531441,1260,20,0.0158730158730158,0.0535906376577708,0.3229695674506377,0.0952601357104962,3.7254047613721752,0.9768829565836086,0.0002400888860983,0.0199899113576569,Green,GARCH-N,IBGL
1,382693850,1260,22,0.0174603174603174,0.0160789278544063,0.3972778881193033,0.0385659286860636,5.794222075276231,0.7165500623767969,0.0002414640088826,0.0200198132416454,Yellow,GARCH-N,IBGL
2,1949630771,1260,18,0.0142857142857142,0.1508426824223168,0.2555214845134045,0.1866939930033298,2.063708410876611,1.292860396215218,0.0002373060948005,0.0200319382364271,Green,GARCH-N,IBGL
3,900899081,1260,18,0.0142857142857142,0.1508426824223168,0.2555214845134045,0.1866939930033298,2.063708410876611,1.292860396215218,0.0002434246053241,0.0200168588980483,Green,GARCH-N,IBGL
4,3013220786,1260,16,0.0126984126984126,0.3554748290088271,0.1956273121029846,0.2824456415915439,0.8538167723064056,1.6747215598047092,0.0002382555490523,0.0200255146586653,Green,GARCH-N,IBGL
5,2851259437,1260,23,0.0182539682539682,0.0082904599014914,0.4367401311241458,0.0226582409065543,6.969630826051024,0.6048324865324446,0.0002413905448496,0.0199385075878338,Yellow,GARCH-N,IBGL
6,1649877349,1260,20,0.0158730158730158,0.0535906376577708,0.3229695674506377,0.0952601357104962,3.7254047613721752,0.9768829565836086,0.0002401498515447,0.0199783597684044,Green,GARCH-N,IBGL
7,3257532517,1260,17,0.0134920634920634,0.2368742198546677,0.2245942654529474,0.2376547332258867,1.3991005862194648,1.4747721324351917,0.000237987133367,0.0199362797866086,Green,GARCH-N,IBGL
0,1962699897,1219,15,0.0123051681706316,0.4349475869868269,0.5407916333390149,0.6115092801529028,0.6095757645899269,0.3740745312556726,0.000615116542154,0.0443599951950348,Green,GARCH-N,ICLN
1,4032326562,1219,15,0.0123051681706316,0.4349475869868269,0.5407916333390149,0.6115092801529028,0.6095757645899269,0.3740745312556726,0.0005925183560207,0.0446827574052499,Green,GARCH-N,ICLN
2,786201976,1219,16,0.0131255127153404,0.2953285171688558,0.5139733991739299,0.4674000721116945,1.0951700865536722,0.4259693186358788,0.0006048112038984,0.044262217682937,Green,GARCH-N,ICLN
3,946095821,1219,16,0.0131255127153404,0.2953285171688558,0.5139733991739299,0.4674000721116945,1.0951700865536722,0.4259693186358788,0.000590675943651,0.0444869022701538,Green,GARCH-N,ICLN
4,2688046754,1219,18,0.0147662018047579,0.1183346274191082,0.4624243335606771,0.2254576469070666,2.4392256607242757,0.5400202518226536,0.0006066214710402,0.0442948155544264,Green,GARCH-N,ICLN
5,2013556514,1219,12,0.0098441345365053,0.9562700191283644,0.6250669841153347,0.8861151355491578,0.0030068630796948,0.2388099109004144,0.0006046627726132,0.0442636921808111,Green,GARCH-N,ICLN
6,2278892471,1219,15,0.0123051681706316,0.4349475869868269,0.5407916333390149,0.6115092801529028,0.6095757645899269,0.3740745312556726,0.0006215250382417,0.0440981227995953,Green,GARCH-N,ICLN
7,4160749477,1219,15,0.0123051681706316,0.4349475869868269,0.5407916333390149,0.6115092801529028,0.6095757645899269,0.3740745312556726,0.0006092942997997,0.0441015584061613,Green,GARCH-N,ICLN
0,1446261819,1242,14,0.0112721417069243,0.6587789429293679,0.5719171040504072,0.7731766049893706,0.1950102440355072,0.319485334947359,0.0003064139717405,0.0236336673195123,Green,GARCH-N,NIFTY
1,1691483166,1242,17,0.0136876006441223,0.2161334383895475,0.4919596542319115,0.367493823879254,1.5298601270467405,0.4722374054356635,0.0003156805399476,0.023627399023443,Green,GARCH-N,NIFTY
2,2845356693,1242,18,0.0144927536231884,0.135911081502852,0.4666641369888725,0.2523953060753027,2.2236537164597845,0.5298637748482236,0.0003179973747294,0.0237536812242123,Green,GARCH-N,NIFTY
3,3480717278,1242,18,0.0144927536231884,0.135911081502852,0.4666641369888725,0.2523953060753027,2.2236537164597845,0.5298637748482236,0.0003180016974206,0.0236607988905898,Green,GARCH-N,NIFTY
4,2172437940,1242,18,0.0144927536231884,0.135911081502852,0.4666641369888725,0.2523953060753027,2.2236537164597845,0.5298637748482236,0.0003168678064442,0.0236995562098605,Green,GARCH-N,NIFTY
5,358688774,1242,14,0.0112721417069243,0.6587789429293679,0.5719171040504072,0.7731766049893706,0.1950102440355072,0.319485334947359,0.0003153572668811,0.0238847641410095,Green,GARCH-N,NIFTY
6,3919197799,1242,13,0.0104669887278582,0.8696089497019038,0.5998319428936905,0.8597632751058791,0.026946937244842,0.2752494410167116,0.0003158737904173,0.0237161489585624,Green,GARCH-N,NIFTY
7,2222622629,1242,16,0.0128824476650563,0.328344979834638,0.5179511818631455,0.5032377132474579,0.9554141909884796,0.4179710681497397,0.0003118569045325,0.023824031855518,Green,GARCH-N,NIFTY
0,1021867730,1806,21,0.0116279069767441,0.4979052607227683,0.2429811350677648,0.4019986622230451,0.4593984112599072,1.3632146250841402,0.0004755522063825,0.0372623371549217,Green,GARCH-N,NIKKEI
1,1086900501,1806,26,0.0143964562569213,0.0781022783214269,0.388291618614568,0.1460040761156255,3.1039562609149733,0.7442852172117114,0.0004880646694579,0.0373364520636887,Green,GARCH-N,NIKKEI
2,585798992,1806,20,0.0110741971207087,0.6519785411521377,0.2177182496402894,0.4225780221930757,0.2034147766959284,1.5193475859467185,0.0004948751639514,0.037572897685415,Green,GARCH-N,NIKKEI
3,466539177,1806,20,0.0110741971207087,0.6519785411521377,0.2177182496402894,0.4225780221930757,0.2034147766959284,1.5193475859467185,0.0004877275518958,0.037611195086516,Green,GARCH-N,NIKKEI
4,924228563,1806,22,0.0121816168327796,0.3675955146687643,0.2695747035746521,0.3622780656594027,0.8117766152197721,1.2189098344643696,0.0004834764155313,0.0375631636333171,Green,GARCH-N,NIKKEI
5,2067072872,1806,22,0.0121816168327796,0.3675955146687643,0.2695747035746521,0.3622780656594027,0.8117766152197721,1.2189098344643696,0.0004957373339902,0.0373223154743381,Green,GARCH-N,NIKKEI
6,2340301943,1806,24,0.0132890365448504,0.1810771147850263,0.3265722390416038,0.2526874020881209,1.7887616629445038,0.9624425751821092,0.0004960585286508,0.0374335127229511,Green,GARCH-N,NIKKEI
7,3399282703,1806,24,0.0132890365448504,0.1810771147850263,0.3265722390416038,0.2526874020881209,1.7887616629445038,0.9624425751821092,0.0005090541640239,0.0373565650242563,Green,GARCH-N,NIKKEI
0,2671982504,1858,23,0.0123789020452099,0.3203738482326749,0.2884192984064952,0.3474263856069068,0.987419670983968,1.1269852818133757,0.0003915896642083,0.0310511445988339,Green,GARCH-N,SP500
1,132885100,1858,22,0.0118406889128094,0.4384031917799934,0.2613276892928735,0.394126205199651,0.6004583668788879,1.2617098395398614,0.0004058482367632,0.0309599776897688,Green,GARCH-N,SP500
2,3190630546,1858,20,0.0107642626480086,0.7436342291339444,0.2109760146229158,0.4335114186864671,0.1069581040386666,1.56471618081045,0.0003998071330666,0.0311165459551816,Green,GARCH-N,SP500
3,1234536367,1858,20,0.0107642626480086,0.7436342291339444,0.2109760146229158,0.4335114186864671,0.1069581040386666,1.56471618081045,0.0004052196083641,0.0309699958435359,Green,GARCH-N,SP500
4,242493698,1858,25,0.0134553283100107,0.1550411578953336,0.3462044074993494,0.2334868936064284,2.021937969128784,0.8873206980986765,0.000399554572828,0.0310331417426456,Green,GARCH-N,SP500
5,3193866120,1858,26,0.0139935414424111,0.1027369735267962,0.3767904765444174,0.178736890001583,2.662533560399531,0.7811473250928884,0.0004076081936016,0.0309990076970146,Green,GARCH-N,SP500
6,1784084625,1858,22,0.0118406889128094,0.4384031917799934,0.2613276892928735,0.394126205199651,0.6004583668788879,1.2617098395398614,0.0003994079598132,0.0308478023666156,Green,GARCH-N,SP500
7,2982834304,1858,20,0.0107642626480086,0.7436342291339444,0.2109760146229158,0.4335114186864671,0.1069581040386666,1.56471618081045,0.000395650809608,0.0309908583035948,Green,GARCH-N,SP500
0,2591399601,1532,15,0.0097911227154047,0.9342859243899352,0.1353996949580508,0.3268879978960703,0.0067986148350633,2.229476746835985,0.0003174482502213,0.0260569115905836,Green,GARCH-N,STOXX
1,13862858,1532,16,0.010443864229765,0.8623750701278835,0.0096144964195786,0.0344754938150501,0.0300507756888772,6.704962287403191,0.0003348939717801,0.0260334908646916,Green,GARCH-N,STOXX
2,2617932208,1532,18,0.0117493472584856,0.5030996693569209,0.0161911171380814,0.0443698374631181,0.4483917675005644,5.7819989861269505,0.0003291969277433,0.0261529684757056,Green,GARCH-N,STOXX
3,2257844693,1532,17,0.0110966057441253,0.6716279950786792,0.0125858224925353,0.0406376698950336,0.1797037054844095,6.22641591974687,0.0003326396317766,0.0260733838762998,Green,GARCH-N,STOXX
4,4189048387,1532,17,0.0110966057441253,0.6716279950786792,0.1806761501089969,0.373111244229583,0.1797037054844095,1.7920536183180502,0.0003281633114101,0.026074971719983,Green,GARCH-N,STOXX
5,2136104768,1532,16,0.010443864229765,0.8623750701278835,0.0096144964195786,0.0344754938150501,0.0300507756888772,6.704962287403191,0.0003255097185616,0.0260344699656722,Green,GARCH-N,STOXX
6,998026637,1532,18,0.0117493472584856,0.5030996693569209,0.0161911171380814,0.0443698374631181,0.4483917675005644,5.7819989861269505,0.0003314694926236,0.0260699514303662,Green,GARCH-N,STOXX
7,1953513937,1532,17,0.0110966057441253,0.6716279950786792,0.0125858224925353,0.0406376698950336,0.1797037054844095,6.22641591974687,0.0003270554678528,0.0259680252112009,Green,GARCH-N,STOXX
0,2077670790,1665,19,0.0114114114114114,0.5713404005137559,0.5076463456561633,0.6840801321893805,0.3204448974204155,0.4389155343750417,0.0002849100666073,0.02416125236171,Green,GARCH-N,TLT
1,934813762,1665,22,0.0132132132132132,0.2091642448049341,0.442596043557583,0.3384523067702389,1.5772015758784796,0.58954260884326,0.0002850742254221,0.024081162416558,Green,GARCH-N,TLT
2,2827586932,1665,19,0.0114114114114114,0.5713404005137559,0.5076463456561633,0.6840801321893805,0.3204448974204155,0.4389155343750417,0.0002805435460344,0.024176081526193,Green,GARCH-N,TLT
3,3852025834,1665,21,0.0126126126126126,0.3031688745231335,0.4637463312157096,0.4499943350836195,1.060203067583922,0.5368375024162333,0.0002830858223113,0.0241405528242542,Green,GARCH-N,TLT
4,1556055399,1665,23,0.0138138138138138,0.1392382251720738,0.4219959927947184,0.2427911032321427,2.186357791294125,0.6447499343856293,0.0002815994754155,0.0241064570730664,Green,GARCH-N,TLT
5,2549664287,1665,21,0.0126126126126126,0.3031688745231335,0.4637463312157096,0.4499943350836195,1.060203067583922,0.5368375024162333,0.0002953435329337,0.0241490251538521,Green,GARCH-N,TLT
6,1863317307,1665,21,0.0126126126126126,0.3031688745231335,0.4637463312157096,0.4499943350836195,1.060203067583922,0.5368375024162333,0.0002881185786363,0.0241171204639514,Green,GARCH-N,TLT
7,3672205827,1665,20,0.012012012012012,0.4238211819547197,0.4854344439967621,0.5694054019429475,0.6396952255349202,0.486630008672904,0.0002870352915168,0.0242110663831034,Green,GARCH-N,TLT
0,3669530766,1309,17,0.0129870129870129,0.2990980999196377,0.516325374195929,0.4724992670349702,1.0782110559781204,0.421227110618446,0.0012130855009667,0.0936715022912897,Green,GARCH-N,UNG
1,3883368709,1309,21,0.0160427807486631,0.0433761537240798,0.3269861523664105,0.080400137565446,4.0806817696195345,0.9607970139518044,0.0012653230424491,0.0937502096084245,Yellow,GARCH-N,UNG
2,1924342586,1309,21,0.0160427807486631,0.0433761537240798,0.3269861523664105,0.080400137565446,4.0806817696195345,0.9607970139518044,0.0012304026887933,0.0936170227665828,Yellow,GARCH-N,UNG
3,2997467620,1309,20,0.0152788388082505,0.0748988015092901,0.442474935076525,0.1524288797041329,3.1722586371171815,0.5898556715055747,0.0012416437374351,0.0935562007942773,Green,GARCH-N,UNG
4,3295532922,1309,21,0.0160427807486631,0.0433761537240798,0.3269861523664105,0.080400137565446,4.0806817696195345,0.9607970139518044,0.0012184602348022,0.093877722096232,Yellow,GARCH-N,UNG
5,2841757857,1309,21,0.0160427807486631,0.0433761537240798,0.3269861523664105,0.080400137565446,4.0806817696195345,0.9607970139518044,0.0012039076356306,0.0939123607392647,Yellow,GARCH-N,UNG
6,110007287,1309,21,0.0160427807486631,0.0433761537240798,0.3269861523664105,0.080400137565446,4.0806817696195345,0.9607970139518044,0.0012255531041426,0.0937463950781123,Yellow,GARCH-N,UNG
7,3599170042,1309,20,0.0152788388082505,0.0748988015092901,0.2927993829912012,0.1177158392558197,3.1722586371171815,1.1067047641898,0.0012223411788356,0.094078342587415,Green,GARCH-N,UNG
0,2436312650,1923,24,0.0124804992199688,0.2925366138268022,0.4359306179708779,0.4242464784327624,1.1079104863436129,0.6069708648385586,0.0002169665016195,0.0150517144945544,Green,GARCH-N,USDJPY
1,2340125761,1923,24,0.0124804992199688,0.2925366138268022,0.4359306179708779,0.4242464784327624,1.1079104863436129,0.6069708648385586,0.0002191761647588,0.0149761275253709,Green,GARCH-N,USDJPY
2,2760959826,1923,23,0.0119604784191367,0.4019406482931702,0.4554112576072505,0.5326818857020059,0.7025127842728827,0.5571489563804448,0.0002186764999847,0.015035757117049,Green,GARCH-N,USDJPY
3,813107559,1923,28,0.0145605824232969,0.0598510336229328,0.3628782476564931,0.1125106162938535,3.541507723104477,0.8279076663624778,0.0002131247046963,0.0149938299810713,Green,GARCH-N,USDJPY
4,483085120,1923,26,0.0135205408216328,0.1408542056903513,0.3984157707233235,0.2367258880917523,2.168602275679371,0.7131025194084941,0.000211087312877,0.0150315139321874,Green,GARCH-N,USDJPY
5,4189390780,1923,21,0.0109204368174727,0.6893563627462121,0.4957717297405483,0.7320698137110828,0.1597830208531232,0.4639757704396459,0.0002056276144864,0.0149911307339468,Green,GARCH-N,USDJPY
6,1060917557,1923,21,0.0109204368174727,0.6893563627462121,0.4957717297405483,0.7320698137110828,0.1597830208531232,0.4639757704396459,0.00020993648232,0.0150888221121485,Green,GARCH-N,USDJPY
7,4038755850,1923,24,0.0124804992199688,0.2925366138268022,0.4359306179708779,0.4242464784327624,1.1079104863436129,0.6069708648385586,0.0002200042694561,0.0149762870304834,Green,GARCH-N,USDJPY
0,2454673210,1386,17,0.0122655122655122,0.4129794601210789,0.5156795538015958,0.579050127938604,0.6702069615862074,0.4225254952259547,0.0008909561200478,0.0651665294799096,Green,GARCH-N,USO
1,3929712354,1386,18,0.0129870129870129,0.2853070589923035,0.4911324051312935,0.4458200741492968,1.1416352357415391,0.4740444233548828,0.0008722681432322,0.0650808892680353,Green,GARCH-N,USO
2,2069159679,1386,16,0.0115440115440115,0.5728394511092016,0.1758636510996615,0.3412652046495013,0.3179546080531672,1.8322361473990156,0.0008727323455348,0.0647285635345394,Green,GARCH-N,USO
3,2682039931,1386,17,0.0122655122655122,0.4129794601210789,0.2020301952251249,0.3169782925934907,0.6702069615862074,1.6276370085590202,0.0008413221674212,0.0651839428407168,Green,GARCH-N,USO
4,216668008,1386,19,0.0137085137085137,0.1889617700256408,0.2597696312108199,0.2236128541546662,1.725693836043087,1.2699842681141718,0.0008810282100529,0.065299093504226,Green,GARCH-N,USO
5,1702122139,1386,22,0.0158730158730158,0.0429353634446072,0.358978087434911,0.0846098009369911,4.097945237509393,0.841465100012698,0.0009343630698035,0.0650019915458231,Green,GARCH-N,USO
6,2179572912,1386,16,0.0115440115440115,0.5728394511092016,0.1758636510996615,0.3412652046495013,0.3179546080531672,1.8322361473990156,0.0008735629342685,0.0651272658670451,Green,GARCH-N,USO
7,4230415978,1386,13,0.0093795093795093,0.8145139228264263,0.6196503027981257,0.8601058089711886,0.0550403556739622,0.2463593715563945,0.0008589624188995,0.0650014914209777,Green,GARCH-N,USO
0,222569499,1868,26,0.0139186295503211,0.1080540346730911,0.0520024355618838,0.0416242582197011,2.582453885274525,3.77569041750155,0.0004515295801952,0.0310106705801796,Green,Hist-Sim,ASX200
1,3326381967,1868,23,0.0123126338329764,0.3322841723222552,0.0310258218598146,0.0610687894301356,0.9399753840774104,4.651533325130316,0.000423995598108,0.030589220307028,Green,Hist-Sim,ASX200
2,3546451544,1868,31,0.0165952890792291,0.008877277959583,0.0140971632075814,0.0016017746193327,6.847351420565143,6.025934834017903,0.0004463484937829,0.0310825031404094,Yellow,Hist-Sim,ASX200
3,2360266270,1868,29,0.0155246252676659,0.0264163751252312,0.0814290623856555,0.018641762205462,4.92855649548429,3.0361453750628584,0.0004382008583731,0.0307427848444026,Green,Hist-Sim,ASX200
4,3662521676,1868,32,0.0171306209850107,0.0049264328070073,0.1206194932506234,0.005754613068116,7.906248516126194,2.409258430085345,0.0004410092966134,0.0306638694914136,Yellow,Hist-Sim,ASX200
5,2895647874,1868,29,0.0155246252676659,0.0264163751252312,0.0093710396910131,0.002909909928512,4.92855649548429,6.750709805873953,0.0004357401758579,0.030779618751498,Green,Hist-Sim,ASX200
6,1330697816,1868,30,0.0160599571734475,0.0155410648214078,0.0115427146446536,0.0022052161611511,5.854070379438792,6.379789105801365,0.0004344005515591,0.0304213137002195,Yellow,Hist-Sim,ASX200
7,4153952371,1868,26,0.0139186295503211,0.1080540346730911,0.0520024355618838,0.0416242582197011,2.582453885274525,3.77569041750155,0.0004331185988478,0.0309063525270944,Green,Hist-Sim,ASX200
0,1096894491,1430,28,0.0195804195804195,0.001286409417572,0.11911462249719,0.0016691763865681,10.361925747134483,2.4289241646720257,0.0002283563856601,0.0157193222815592,Yellow,Hist-Sim,AUDUSD
1,2819655173,1430,25,0.0174825174825174,0.0101300060179759,0.4563230835339786,0.0277812350822169,6.61189055249589,0.5548984139864501,0.0002265302299185,0.0156569934180089,Yellow,Hist-Sim,AUDUSD
2,2855837732,1430,25,0.0174825174825174,0.0101300060179759,0.4563230835339786,0.0277812350822169,6.61189055249589,0.5548984139864501,0.0002289032572675,0.0157574425401912,Yellow,Hist-Sim,AUDUSD
3,305130367,1430,18,0.0125874125874125,0.3444716134490873,0.2221932352673473,0.3036334381986621,0.8937185060169073,1.4901496950455737,0.0002210314672695,0.0157792777529231,Green,Hist-Sim,AUDUSD
4,207073218,1430,23,0.016083916083916,0.0336112663220965,0.3822246743153961,0.071436085565274,4.514369793531486,0.7635344809371816,0.0002262039818295,0.0157443145673435,Yellow,Hist-Sim,AUDUSD
5,3787833725,1430,23,0.016083916083916,0.0336112663220965,0.0534286547170813,0.0162053271262261,4.514369793531486,3.730460718160373,0.0002256129475325,0.0157204290464533,Yellow,Hist-Sim,AUDUSD
6,2819220516,1430,25,0.0174825174825174,0.0101300060179759,0.0754544330321914,0.007551266889173,6.61189055249589,3.1601893073192286,0.0002260103856251,0.015749085060446,Yellow,Hist-Sim,AUDUSD
7,1833267354,1430,23,0.016083916083916,0.0336112663220965,0.3822246743153961,0.071436085565274,4.514369793531486,0.7635344809371816,0.000225804961863,0.0156842888496086,Yellow,Hist-Sim,AUDUSD
0,62338678,1829,29,0.0158556588299617,0.0203913988599639,0.0848818251675414,0.0153988195877671,5.378072168664868,2.9688566766257622,0.0006386898293476,0.0453630417970928,Green,Hist-Sim,BOVESPA
1,336616741,1829,24,0.0131219245489338,0.2003810625984821,0.3221497056626808,0.2698478801504065,1.639594870285947,0.9801989009288264,0.0006272839477671,0.0451311893980039,Green,Hist-Sim,BOVESPA
2,3188777273,1829,26,0.0142154182613449,0.0883894314155783,0.3831261712793538,0.1600842056009827,2.9034637935994194,0.7606468407636839,0.0006358018021564,0.0453105980318108,Green,Hist-Sim,BOVESPA
3,2000854417,1829,29,0.0158556588299617,0.0203913988599639,0.4823134986743006,0.0530855797148193,5.378072168664868,0.4936277434846943,0.0006282418969273,0.0453043938818027,Green,Hist-Sim,BOVESPA
4,742744200,1829,28,0.0153089119737561,0.034298411909333,0.4483123604606364,0.0798711408619359,4.479766239463679,0.5749151248746784,0.0006269570170131,0.0451616431829831,Green,Hist-Sim,BOVESPA
5,1633066489,1829,29,0.0158556588299617,0.0203913988599639,0.0848818251675414,0.0153988195877671,5.378072168664868,2.9688566766257622,0.0006399610228467,0.045169653885027,Green,Hist-Sim,BOVESPA
6,1528064988,1829,33,0.018042646254784,0.0018935861290755,0.1415957224153159,0.0027251506582396,9.649931816816974,2.1605313131186676,0.0006772379229209,0.0455408319634915,Yellow,Hist-Sim,BOVESPA
7,1377708568,1829,26,0.0142154182613449,0.0883894314155783,0.3831261712793538,0.1600842056009827,2.9034637935994194,0.7606468407636839,0.0006329597714006,0.0454311608320433,Green,Hist-Sim,BOVESPA
0,356960039,1157,16,0.013828867761452,0.2160078465987941,0.502744801379747,0.371607404362873,1.530697140071478,0.4491375531571009,0.0008796734798379,0.0628208757097284,Green,Hist-Sim,BTC
1,815708756,1157,17,0.0146931719965427,0.1337087797663044,0.476231119868127,0.2520331964490203,2.248907407196043,0.5074815292160508,0.0009042414677261,0.0627382734709306,Green,Hist-Sim,BTC
2,2179622711,1157,13,0.0112359550561797,0.6786360818549477,0.5865784939624891,0.791605337124515,0.1716652344664853,0.2957194116889639,0.0008701177625242,0.0628783449850332,Green,Hist-Sim,BTC
3,2776603735,1157,16,0.013828867761452,0.2160078465987941,0.502744801379747,0.371607404362873,1.530697140071478,0.4491375531571009,0.0009119153081399,0.0630896521744753,Green,Hist-Sim,BTC
4,1643178020,1157,16,0.013828867761452,0.2160078465987941,0.502744801379747,0.371607404362873,1.530697140071478,0.4491375531571009,0.000860182128126,0.0630786430010626,Green,Hist-Sim,BTC
5,416869315,1157,18,0.0155574762316335,0.0789402193899156,0.4504800277199919,0.160732237321253,3.0865870606229873,0.569443780874991,0.0008789874163252,0.0628237197673116,Green,Hist-Sim,BTC
6,4109722356,1157,15,0.0129645635263612,0.3324524652903477,0.5299944235069063,0.5133169759981533,0.9393212291810736,0.3944022461967904,0.0008900440132133,0.0628361245049275,Green,Hist-Sim,BTC
7,703856887,1157,14,0.0121002592912705,0.4870084583210002,0.5579500403327377,0.6615316345410056,0.4831289067674857,0.3432660415029147,0.0008775382886786,0.0630567893007297,Green,Hist-Sim,BTC
0,2916153608,1010,11,0.0108910891089108,0.77903000878741,0.6224135477798778,0.8516254678716687,0.0787270010915339,0.2424898799114601,0.0001505463942713,0.0117525234454962,Green,Hist-Sim,CBU0
1,752934648,1010,13,0.0128712871287128,0.379851868568152,0.5601947914968477,0.5739148939603609,0.7711812581613824,0.3393670658729206,0.0001387313844043,0.0117542465851411,Green,Hist-Sim,CBU0
2,2131273362,1010,10,0.0099009900990099,0.9747302503771116,0.6545566015677375,0.9042915462726526,0.001003383603189,0.2002035436875502,0.0001495289431878,0.0118388404712663,Green,Hist-Sim,CBU0
3,1659579733,1010,12,0.0118811881188118,0.5595280266552582,0.5909432758061866,0.730009432504751,0.3405220725808386,0.2888735747867486,0.0001390660667483,0.0117560186785898,Green,Hist-Sim,CBU0
4,897763353,1010,10,0.0099009900990099,0.9747302503771116,0.6545566015677375,0.9042915462726526,0.001003383603189,0.2002035436875502,0.000150615618263,0.0117894846417839,Green,Hist-Sim,CBU0
5,3626124714,1010,9,0.0089108910891089,0.723023192731904,0.6873198020679092,0.8660537427982913,0.1256144403026686,0.162002187070783,0.0001354278832916,0.0117454992223092,Green,Hist-Sim,CBU0
6,3675125690,1010,11,0.0108910891089108,0.77903000878741,0.6224135477798778,0.8516254678716687,0.0787270010915339,0.2424898799114601,0.0001449151389285,0.0118058029207813,Green,Hist-Sim,CBU0
7,1705439510,1010,14,0.0138613861386138,0.2439113636865394,0.5302132414504364,0.4164812760079409,1.3578446982720047,0.3939828496258712,0.0001400078346749,0.0117944069681879,Green,Hist-Sim,CBU0
0,1567711721,765,16,0.0209150326797385,0.008129782484821,0.0353975355240829,0.0032952357073508,7.004659726031921,4.425895431428216,0.000377100651772,0.0255062468388636,Yellow,Hist-Sim,DJCI
1,4232565274,765,13,0.0169934640522875,0.0771368391508254,0.0162659563586179,0.0116895945392125,3.124218719315767,5.7738936577095075,0.0003660769261186,0.0256289123813116,Yellow,Hist-Sim,DJCI
2,3721161063,765,15,0.0196078431372549,0.0182509521844252,0.0307428437790532,0.0059785193746974,5.571899433895437,4.66726524186663,0.000376777014635,0.0254424043816962,Yellow,Hist-Sim,DJCI
3,2881053883,765,13,0.0169934640522875,0.0771368391508254,0.0162659563586179,0.0116895945392125,3.124218719315767,5.7738936577095075,0.0003797341800931,0.025609015418143,Yellow,Hist-Sim,DJCI
4,695421573,765,16,0.0209150326797385,0.008129782484821,0.0407291937596068,0.0037128584840741,7.004659726031921,4.187246710264645,0.0003814744779198,0.0254098510539072,Yellow,Hist-Sim,DJCI
5,385139624,765,16,0.0209150326797385,0.008129782484821,0.0407291937596068,0.0037128584840741,7.004659726031921,4.187246710264645,0.000386134484436,0.0254788054573292,Yellow,Hist-Sim,DJCI
6,927747860,765,15,0.0196078431372549,0.0182509521844252,0.0307428437790532,0.0059785193746974,5.571899433895437,4.66726524186663,0.0004048442938507,0.0255212574205333,Yellow,Hist-Sim,DJCI
7,181252361,765,15,0.0196078431372549,0.0182509521844252,0.0307428437790532,0.0059785193746974,5.571899433895437,4.66726524186663,0.0004017759756658,0.025628638315282,Yellow,Hist-Sim,DJCI
0,591033288,812,8,0.0098522167487684,0.9661577223658654,0.6897050224634722,0.9225603404915868,0.0018001123302303,0.1594048785889725,0.0012824114945438,0.1082866954571822,Green,Hist-Sim,ETH
1,708457061,812,7,0.0086206896551724,0.685791114329726,0.7269913600270637,0.8669396940497898,0.1636796360670702,0.1218920872465219,0.0013177572818234,0.1086015297937858,Green,Hist-Sim,ETH
2,3045094495,812,11,0.0135467980295566,0.3351845881773436,0.5823134297211177,0.5402970370256941,0.9287629115580228,0.3025095326219258,0.0013570876094129,0.1077883013181886,Green,Hist-Sim,ETH
3,2514180835,812,10,0.0123152709359605,0.5222239616687067,0.6172903585126441,0.7192137839815833,0.4094988839832889,0.2496943766052766,0.0013667639050238,0.1083477261455855,Green,Hist-Sim,ETH
4,4008426077,812,9,0.0110837438423645,0.7603183421498357,0.6531119237241364,0.8628354532446291,0.0930632964952256,0.2019992522901219,0.0013385812881406,0.1088172653931542,Green,Hist-Sim,ETH
5,1987113498,812,11,0.0135467980295566,0.3351845881773436,0.5823134297211177,0.5402970370256941,0.9287629115580228,0.3025095326219258,0.0013990383091627,0.1085526393026239,Green,Hist-Sim,ETH
6,700006385,812,8,0.0098522167487684,0.9661577223658654,0.6897050224634722,0.9225603404915868,0.0018001123302303,0.1594048785889725,0.0012678725452001,0.1077093621835847,Green,Hist-Sim,ETH
7,3758327204,812,10,0.0123152709359605,0.5222239616687067,0.6172903585126441,0.7192137839815833,0.4094988839832889,0.2496943766052766,0.0014290332537949,0.1087060129604134,Green,Hist-Sim,ETH
0,3101561070,1617,17,0.0105132962275819,0.83700490524124,0.5476839148530459,0.8171742136859522,0.0423232095401013,0.3614827324757925,0.0001481047742469,0.0117695557356693,Green,Hist-Sim,EURUSD
1,478762336,1617,23,0.0142238713667285,0.1084500794665253,0.4150885493423567,0.1978154326018559,2.576662925103399,0.6641787580847449,0.0001505232158184,0.0117684993500193,Green,Hist-Sim,EURUSD
2,3095333085,1617,20,0.0123685837971552,0.3559435188333466,0.4789442695659189,0.508286284286259,0.8521546241530462,0.5012662526363556,0.0001521605848466,0.0117335236854154,Green,Hist-Sim,EURUSD
3,1161926281,1617,21,0.0129870129870129,0.2484661060430444,0.4680840792060287,0.3948688878115019,1.3319077750317962,0.5264952225141428,0.0001500702422525,0.0117590970066143,Green,Hist-Sim,EURUSD
4,1680539553,1617,18,0.0111317254174397,0.6532719966394398,0.5242545025139073,0.7381135277750996,0.2017998099529485,0.4055154591249845,0.0001473135430886,0.0117789539346263,Green,Hist-Sim,EURUSD
5,1149394098,1617,18,0.0111317254174397,0.6532719966394398,0.5242545025139073,0.7381135277750996,0.2017998099529485,0.4055154591249845,0.0001508019998543,0.0117228205801044,Green,Hist-Sim,EURUSD
6,2441839438,1617,20,0.0123685837971552,0.3559435188333466,0.4789442695659189,0.508286284286259,0.8521546241530462,0.5012662526363556,0.0001518799452982,0.0117518063424473,Green,Hist-Sim,EURUSD
7,1907706820,1617,19,0.0117501546072974,0.4912919466586543,0.5013354297537497,0.6294543540626295,0.4736955298985057,0.4521083491902971,0.0001511523160987,0.011698145759039,Green,Hist-Sim,EURUSD
0,765586548,1891,29,0.0153358011634056,0.0305946024373194,0.0090388197043984,0.0031976034184967,4.675566963712097,6.815140399259292,0.0005397924125306,0.0363161822934417,Green,Hist-Sim,FCHI
1,3191547980,1891,30,0.0158646218931782,0.0182060220594057,0.0111359267640718,0.0024544417856131,5.576215661918521,6.443496182399599,0.0005244842559977,0.0362462931243146,Green,Hist-Sim,FCHI
2,4235992915,1891,31,0.0163934426229508,0.0105201909912987,0.0136034533031115,0.0018057956799253,6.544618069038481,6.088889859814685,0.0005320770653845,0.0362180901142676,Yellow,Hist-Sim,FCHI
3,1935762364,1891,25,0.0132205182443151,0.1798237952416107,0.0035590809619704,0.00581339248768,1.7990796937989213,8.496102253377387,0.0005131608439977,0.0360063434592173,Green,Hist-Sim,FCHI
4,322150234,1891,28,0.0148069804336329,0.0498953675352498,0.0072703964470922,0.0039860835303146,3.844971570523132,7.204920632450296,0.0005159913716357,0.0360083857344939,Green,Hist-Sim,FCHI
5,3615080633,1891,29,0.0153358011634056,0.0305946024373194,0.0090388197043984,0.0031976034184967,4.675566963712097,6.815140399259292,0.0005349747268242,0.0360562017524944,Green,Hist-Sim,FCHI
6,3620193845,1891,27,0.0142781597038603,0.0789253532911269,0.0057914852867114,0.004745881427129,3.0868934785179825,7.614062731540571,0.0005167078432536,0.0361388840784962,Green,Hist-Sim,FCHI
7,230682725,1891,28,0.0148069804336329,0.0498953675352498,0.0072703964470922,0.0039860835303146,3.844971570523132,7.204920632450296,0.0005278768939841,0.0360120630678558,Green,Hist-Sim,FCHI
0,1109567969,1867,29,0.015532940546331,0.026245725346711,0.0007767685615642,0.0002981698023069,4.939757057068299,11.29593779760711,0.0004472308562703,0.0292287007477319,Green,Hist-Sim,FTSE100
1,3023291132,1867,25,0.0133904659882163,0.1615564690397098,9.536693296609436e-06,2.079449758246272e-05,1.959596589710568,19.60204770140618,0.000427044828519,0.029219866018541,Green,Hist-Sim,FTSE100
2,1074861154,1867,28,0.0149973219068023,0.0433109868474071,0.0005774681032608,0.0003473310680682,4.083222364223378,11.847241928210051,0.0004605548166394,0.0290568317945747,Green,Hist-Sim,FTSE100
3,3837409871,1867,27,0.0144617032672737,0.0693128319207542,0.0608673184537818,0.0331601645102274,3.2992189828390934,3.5135929924064726,0.0004588596421368,0.0289858006318003,Green,Hist-Sim,FTSE100
4,3753445673,1867,25,0.0133904659882163,0.1615564690397098,0.0036986683491493,0.005556076998922,1.959596589710568,8.42612940126702,0.0004323754254394,0.0291082638701727,Green,Hist-Sim,FTSE100
5,3013660868,1867,25,0.0133904659882163,0.1615564690397098,0.0002184199004925,0.0004046067237724,1.959596589710568,13.665593440385804,0.0004412953638311,0.0294196196345329,Green,Hist-Sim,FTSE100
6,535966124,1867,31,0.0166041778253883,0.0088110601656274,9.87251849519133e-05,1.6521812498888546e-05,6.8607288531660195,15.160929307755282,0.0004494523560287,0.0292469597413523,Yellow,Hist-Sim,FTSE100
7,4261473698,1867,29,0.015532940546331,0.026245725346711,4.8382118330734424e-05,2.1985783184857e-05,4.939757057068299,16.510472007662713,0.0004555529855785,0.02931487187588,Green,Hist-Sim,FTSE100
0,448061871,1621,20,0.0123380629241209,0.3613732421516332,0.0227952948989011,0.0493618992992699,0.833115333013704,5.1840375102162,0.0001793613516707,0.013409808735318,Green,Hist-Sim,GBPUSD
1,1255322340,1621,22,0.013571869216533,0.1704323377660299,0.034327265242147,0.0416383881380361,1.8791363666634613,4.478329124228111,0.0001803035090243,0.013461839827018,Green,Hist-Sim,GBPUSD
2,3238416566,1621,26,0.0160394818013571,0.0246516470115977,0.0690815583388145,0.0153529013777234,5.048192102539971,3.3047095134091933,0.0001780390154419,0.01339190365031,Yellow,Hist-Sim,GBPUSD
3,2235644516,1621,21,0.0129549660703269,0.2527817924505251,0.0281335525010252,0.0467068578197195,1.3078637892187128,4.819864764182199,0.0001826133220602,0.0134957642239803,Green,Hist-Sim,GBPUSD
4,2483482967,1621,19,0.0117211597779148,0.4977839421052801,0.0182392723377538,0.0489802019034924,0.4596578045167625,5.573020406092553,0.0001773772334962,0.0134148829472136,Green,Hist-Sim,GBPUSD
5,1537103618,1621,21,0.0129549660703269,0.2527817924505251,0.0281335525010252,0.0467068578197195,1.3078637892187128,4.819864764182199,0.0001751978752361,0.013423441212647,Green,Hist-Sim,GBPUSD
6,819474463,1621,23,0.014188772362739,0.1108121682986681,0.3342999053055338,0.1759800485410541,2.5426001475208295,0.9321691543431144,0.0001824584759383,0.0133792051127795,Green,Hist-Sim,GBPUSD
7,3931593824,1621,22,0.013571869216533,0.1704323377660299,0.034327265242147,0.0416383881380361,1.8791363666634613,4.478329124228111,0.0001773789605695,0.0134292353288121,Green,Hist-Sim,GBPUSD
0,762220837,1878,28,0.0149094781682641,0.0462388322398123,3.215256803322426e-05,2.41917278406884e-05,3.9728724214804103,17.286127194523544,0.000509339070094,0.0349206735817883,Green,Hist-Sim,GDAXI
1,2316447053,1878,24,0.0127795527156549,0.245765642068276,0.0027988483101591,0.0058536395912608,1.347214673991573,8.934168643693681,0.0004962244004952,0.0347744975930095,Green,Hist-Sim,GDAXI
2,2706010737,1878,26,0.0138445154419595,0.1135658019917112,0.0046610198959015,0.0052203868472487,2.503885483962817,8.00648205836751,0.0005009901784448,0.0348213967968486,Green,Hist-Sim,GDAXI
3,3477401616,1878,28,0.0149094781682641,0.0462388322398123,0.0074207380417875,0.0038084462152125,3.9728724214804103,7.168195559626042,0.0005111677652551,0.0350951483033265,Green,Hist-Sim,GDAXI
4,1370814208,1878,25,0.0133120340788072,0.1697669810838651,0.0436680384017544,0.0509364971128271,1.8849997400445684,4.069351413470258,0.000495861861403,0.0348568329945992,Green,Hist-Sim,GDAXI
5,4128016883,1878,21,0.011182108626198,0.6133604841179479,0.020761885184611,0.060749876942347,0.2553103303473794,5.346670114460437,0.0004899107890044,0.0347796538765591,Green,Hist-Sim,GDAXI
6,3552061137,1878,29,0.0154419595314164,0.028172561885374,0.0007589787158552,0.0003102234945706,4.81747649297083,11.338958647062952,0.0005108973074673,0.0347401645879547,Green,Hist-Sim,GDAXI
7,4114800635,1878,29,0.0154419595314164,0.028172561885374,4.699593338780272e-05,2.273658404742337e-05,4.81747649297083,16.5655941044634,0.0005212799425117,0.0349158223435314,Green,Hist-Sim,GDAXI
0,2548860147,1490,16,0.010738255033557,0.7771608771414533,0.1621686659574639,0.3616806617707017,0.0801007845729495,1.9538864279954,0.0004452690503594,0.0310572275793951,Green,Hist-Sim,GLD
1,193044907,1490,17,0.0114093959731543,0.5928188991002421,0.1863738107209279,0.3620373860280108,0.2859635051060598,1.7460520872309928,0.0004448108632948,0.0310057562299883,Green,Hist-Sim,GLD
2,730021016,1490,16,0.010738255033557,0.7771608771414533,0.1621686659574639,0.3616806617707017,0.0801007845729495,1.9538864279954,0.0004454178614191,0.0310370113363287,Green,Hist-Sim,GLD
3,3276943981,1490,16,0.010738255033557,0.7771608771414533,0.1621686659574639,0.3616806617707017,0.0801007845729495,1.9538864279954,0.0004454961178972,0.030908189839673,Green,Hist-Sim,GLD
4,878811954,1490,15,0.0100671140939597,0.979250837708018,0.1397060649611368,0.3359022529491399,0.0006764238783598,2.181193726490477,0.0004417036205754,0.030937976732556,Green,Hist-Sim,GLD
5,965772398,1490,17,0.0114093959731543,0.5928188991002421,0.1863738107209279,0.3620373860280108,0.2859635051060598,1.7460520872309928,0.0004424704022678,0.0309676151755632,Green,Hist-Sim,GLD
6,1567711825,1490,15,0.0100671140939597,0.979250837708018,0.1397060649611368,0.3359022529491399,0.0006764238783598,2.181193726490477,0.0004339799862014,0.0307897936916386,Green,Hist-Sim,GLD
7,2374542763,1490,19,0.0127516778523489,0.3058847439730927,0.2398832680125498,0.296763227365522,1.0483615265783204,1.3812798181841115,0.0004464263763086,0.0309683679507984,Green,Hist-Sim,GLD
0,1951318575,1817,27,0.0148596587782058,0.0521508027402746,0.4181009901254288,0.1093408028386156,3.770924440026061,0.6556468458816198,0.0005517582168444,0.0376960447414055,Green,Hist-Sim,HSI
1,573327162,1817,26,0.0143093010456796,0.0829048687355795,0.0051455229228533,0.0044391508469469,3.007014305523322,7.8275700375094175,0.0005619943622554,0.0374562214446567,Green,Hist-Sim,HSI
2,4132327878,1817,24,0.0132085855806274,0.1901507853609481,0.0393264042763648,0.0507126247406879,1.7164489511061642,4.246711830274734,0.0005400471929235,0.0373820930981741,Green,Hist-Sim,HSI
3,3722462751,1817,29,0.0159603742432581,0.0187817501280409,0.0101670530563321,0.0023261131794979,5.521723089810742,6.605390045476952,0.0005556740646256,0.0374012633876768,Green,Hist-Sim,HSI
4,1653424882,1817,24,0.0132085855806274,0.1901507853609481,0.0393264042763648,0.0507126247406879,1.7164489511061642,4.246711830274734,0.0005481063752434,0.0373355317952489,Green,Hist-Sim,HSI
5,4071331576,1817,25,0.0137589433131535,0.1276245811033836,0.0466883425276092,0.0433315731054283,2.3211629190727,3.956584558254633,0.0005493307575578,0.0374285493848245,Green,Hist-Sim,HSI
6,1933171481,1817,23,0.0126582278481012,0.2740809173179563,0.2955002972953872,0.3181286034204005,1.1962078949146004,1.094391234451933,0.0005386565667013,0.0372506514015072,Green,Hist-Sim,HSI
7,3049343092,1817,27,0.0148596587782058,0.0521508027402746,0.0065230945273614,0.0037523808221303,3.770924440026061,7.399805069080287,0.0005686979356868,0.0374915045821822,Green,Hist-Sim,HSI
0,3418872686,1260,21,0.0166666666666666,0.0299637767599678,0.3986238615655139,0.0664090841913492,4.7113692551552795,0.7124735883381561,0.0002474317272078,0.0199067934700213,Yellow,Hist-Sim,IBGL
1,788055667,1260,21,0.0166666666666666,0.0299637767599678,0.3593166007290307,0.0622980716466501,4.7113692551552795,0.8402803575847599,0.0002489569222667,0.0198710356098823,Yellow,Hist-Sim,IBGL
2,1479648019,1260,22,0.0174603174603174,0.0160789278544063,0.3763533480101482,0.0373134709277223,5.794222075276231,0.7825796580325175,0.0002365090954799,0.0197858894842043,Yellow,Hist-Sim,IBGL
3,2952145045,1260,19,0.015079365079365,0.0918815873616381,0.4454196865165337,0.1805607730701973,2.84109487937838,0.5822808505573391,0.0002416921329413,0.019928228120794,Green,Hist-Sim,IBGL
4,2047197280,1260,22,0.0174603174603174,0.0160789278544063,0.3763533480101482,0.0373134709277223,5.794222075276231,0.7825796580325175,0.000254016924909,0.0198183272881803,Yellow,Hist-Sim,IBGL
5,197777494,1260,26,0.0206349206349206,0.0009046282930646,0.5628747746177359,0.0034340972648002,11.013251292661804,0.3347510930468047,0.000243458194058,0.0197859240533602,Yellow,Hist-Sim,IBGL
6,3902104886,1260,24,0.019047619047619,0.0041120966673598,0.4775812652509857,0.012663760421785,8.233640330861842,0.5043814184076041,0.0002462588848681,0.0196756442601902,Yellow,Hist-Sim,IBGL
7,1154511427,1260,21,0.0166666666666666,0.0299637767599678,0.3986238615655139,0.0664090841913492,4.7113692551552795,0.7124735883381561,0.0002418024303856,0.0198873097514497,Yellow,Hist-Sim,IBGL
0,22950712,1219,23,0.0188679245283018,0.0055789110365327,0.4520665377791167,0.0161878647610694,7.681521523729007,0.5654652888187854,0.000661179479294,0.0412388424616113,Yellow,Hist-Sim,ICLN
1,4182135720,1219,22,0.0180475799835931,0.0111658597375252,0.411398825471727,0.0285316549828733,6.43872759497215,0.6747546188803426,0.0006437421752149,0.0409512085424703,Yellow,Hist-Sim,ICLN
2,2579955059,1219,20,0.0164068908941755,0.0395914898592201,0.3347105510121312,0.0755510867648159,4.235305839019004,0.93058657229534,0.0006464981235468,0.0409731897996485,Yellow,Hist-Sim,ICLN
3,2007868796,1219,26,0.0213289581624282,0.0005530747903246,0.5817669521446134,0.0022083522687457,11.927630445240084,0.3033867973366284,0.0006805871381146,0.0409205858830022,Yellow,Hist-Sim,ICLN
4,1618062405,1219,27,0.0221493027071369,0.0002380013660712,0.6270818693024691,0.0010382354766535,13.504426545701698,0.2360387819891229,0.0006650826661263,0.0406136174733571,Yellow,Hist-Sim,ICLN
5,785656235,1219,20,0.0164068908941755,0.0395914898592201,0.3347105510121312,0.0755510867648159,4.235305839019004,0.93058657229534,0.0006459846474856,0.0409867278832985,Yellow,Hist-Sim,ICLN
6,3991242732,1219,21,0.0172272354388843,0.0214661485676278,0.3906621915294055,0.0491581601837647,5.288544931778606,0.7368799083222939,0.0006385994640816,0.0409875906752644,Yellow,Hist-Sim,ICLN
7,3847688355,1219,25,0.0205086136177194,0.0012402147950567,0.5373930473501332,0.0044944010709047,10.429452844319108,0.3803928823588478,0.0006610608414052,0.0407437767374783,Yellow,Hist-Sim,ICLN
0,3779775859,1242,20,0.0161030595813204,0.0470446002088623,0.418249015960608,0.1003078504318304,3.943792677860964,0.6552299572737752,0.00032495795215,0.0231194523898477,Yellow,Hist-Sim,NIFTY
1,2164622062,1242,22,0.0177133655394524,0.0137407652747584,0.3728522222226166,0.0323014830857471,6.071147634737649,0.7941366329428092,0.0003473676198845,0.0228114291197047,Yellow,Hist-Sim,NIFTY
2,876786456,1242,22,0.0177133655394524,0.0137407652747584,0.3728522222226166,0.0323014830857471,6.071147634737649,0.7941366329428092,0.0003245218359959,0.0231152882465677,Yellow,Hist-Sim,NIFTY
3,3604135518,1242,21,0.0169082125603864,0.0259550012418628,0.3951660188644169,0.0583672514256171,4.959014094809742,0.72298652457917,0.0003424104938688,0.0229140033866986,Yellow,Hist-Sim,NIFTY
4,1674858276,1242,20,0.0161030595813204,0.0470446002088623,0.418249015960608,0.1003078504318304,3.943792677860964,0.6552299572737752,0.0003414006056971,0.0228142198020039,Yellow,Hist-Sim,NIFTY
5,130796279,1242,22,0.0177133655394524,0.0137407652747584,0.4033662481152288,0.0338875404437529,6.071147634737649,0.6982681066362204,0.0003320142653383,0.0228379470400029,Yellow,Hist-Sim,NIFTY
6,2526079191,1242,21,0.0169082125603864,0.0259550012418628,0.3951660188644169,0.0583672514256171,4.959014094809742,0.72298652457917,0.0003263340080332,0.0229455906895403,Yellow,Hist-Sim,NIFTY
7,3828352569,1242,19,0.0152979066022544,0.081725441918342,0.4420873320020051,0.1635634864113474,3.030249630694936,0.5908585051418243,0.00031672601279,0.0229144506433219,Green,Hist-Sim,NIFTY
0,2344692358,1806,25,0.0138427464008859,0.1208873303873804,0.3568712227360014,0.1964533778567841,2.4057868060877325,0.8488734711911547,0.0005435535653101,0.037749474184248,Green,Hist-Sim,NIKKEI
1,3873302974,1806,25,0.0138427464008859,0.1208873303873804,0.3568712227360014,0.1964533778567841,2.4057868060877325,0.8488734711911547,0.0005283532403913,0.0381414653375892,Green,Hist-Sim,NIKKEI
2,2079593787,1806,27,0.0149501661129568,0.0488589880913289,0.4207683937639498,0.1039152378717442,3.880191364716218,0.6481681005128053,0.0005519936476285,0.0380980338490003,Green,Hist-Sim,NIKKEI
3,4266400613,1806,30,0.0166112956810631,0.0099167826654402,0.5238249269621118,0.0293615254376918,6.649784343091881,0.4063558974298189,0.0005406587193923,0.0380048110673899,Yellow,Hist-Sim,NIKKEI
4,546735618,1806,29,0.0160575858250276,0.0173991186155519,0.4886099263532214,0.046531614487275,5.655660686825829,0.4795859450876492,0.0005500835242949,0.0381394928708433,Yellow,Hist-Sim,NIKKEI
5,3882058326,1806,24,0.0132890365448504,0.1810771147850263,0.3265722390416038,0.2526874020881209,1.7887616629445038,0.9624425751821092,0.0005429710409115,0.0379079093669109,Green,Hist-Sim,NIKKEI
6,3338733339,1806,25,0.0138427464008859,0.1208873303873804,0.3568712227360014,0.1964533778567841,2.4057868060877325,0.8488734711911547,0.0005415796665638,0.0379290558485502,Green,Hist-Sim,NIKKEI
7,2549448748,1806,24,0.0132890365448504,0.1810771147850263,0.3265722390416038,0.2526874020881209,1.7887616629445038,0.9624425751821092,0.0005515845783532,0.0381283148489701,Green,Hist-Sim,NIKKEI
0,3981398867,1858,33,0.0177610333692142,0.0024398230253896,0.0023104053489358,9.755633781016938e-05,9.185181764861651,9.284979281422864,0.0005094025280324,0.0353737114959234,Yellow,Hist-Sim,SP500
1,224561803,1858,32,0.0172228202368137,0.0045459490353966,0.00179577060056,0.0001364466532152,8.051759164172228,9.747394513156904,0.0005095230279463,0.0352643995838393,Yellow,Hist-Sim,SP500
2,1580452287,1858,38,0.0204520990312163,7.252571069068238e-05,0.0071356161556421,1.0220152447578589e-05,15.743787845926375,7.238510267487925,0.0005383171153568,0.0356069738064016,Yellow,Hist-Sim,SP500
3,441828512,1858,39,0.0209903121636167,3.324483610134588e-05,0.0087346054328295,5.847604981678058e-06,17.222653796169844,6.876302974611974,0.0005200492270982,0.0352206510545633,Yellow,Hist-Sim,SP500
4,789343492,1858,34,0.0182992465016146,0.0012736592175133,0.0029444806603003,6.699211743998048e-05,10.380315595523363,8.841555595764987,0.0005118787446114,0.0350655210067005,Yellow,Hist-Sim,SP500
5,2392793391,1858,34,0.0182992465016146,0.0012736592175133,0.0029444806603003,6.699211743998048e-05,10.380315595523363,8.841555595764987,0.0005229954436011,0.0353475309176001,Yellow,Hist-Sim,SP500
6,711840353,1858,42,0.022604951560818,2.771608484946683e-06,0.0153890328100675,9.00836443864944e-07,21.968509859357553,5.871374386958564,0.0005330375447088,0.0351034115293181,Yellow,Hist-Sim,SP500
7,2204923087,1858,39,0.0209903121636167,3.324483610134588e-05,0.001077572090031,8.689546804501632e-07,17.222653796169844,10.689295932673474,0.0005260396515841,0.0350013394317696,Yellow,Hist-Sim,SP500
0,3402506402,1532,15,0.0097911227154047,0.9342859243899352,0.1353996949580508,0.3268879978960703,0.0067986148350633,2.229476746835985,0.0003793404817856,0.0291380851724399,Green,Hist-Sim,STOXX
1,4233884442,1532,20,0.0130548302872062,0.2510627534555942,0.0256163489871499,0.042871186419615,1.3173802620098964,4.981730385856679,0.0003827469270801,0.0293126570432903,Green,Hist-Sim,STOXX
2,652198818,1532,24,0.0156657963446475,0.0395586412722335,0.0051675355998088,0.0024096236942638,4.236714878236494,7.819854496023936,0.000398936329573,0.0290598378524041,Green,Hist-Sim,STOXX
3,3176917002,1532,22,0.0143603133159268,0.1073823242593826,0.0029600168756909,0.0033055900387123,2.5923291110613675,8.831951473942155,0.0003862161889549,0.0294462192426596,Green,Hist-Sim,STOXX
4,3097155557,1532,23,0.0150130548302872,0.0663789533349,0.0464832081084208,0.0255483603788987,3.370367334584145,3.9639969402735176,0.0003940294910616,0.0291485679904544,Green,Hist-Sim,STOXX
5,2268274017,1532,20,0.0130548302872062,0.2510627534555942,0.0256163489871499,0.042871186419615,1.3173802620098964,4.981730385856679,0.0003880257043304,0.0293442533934478,Green,Hist-Sim,STOXX
6,43810300,1532,20,0.0130548302872062,0.2510627534555942,0.0256163489871499,0.042871186419615,1.3173802620098964,4.981730385856679,0.0003972163837149,0.0294812834714814,Green,Hist-Sim,STOXX
7,1686438930,1532,20,0.0130548302872062,0.2510627534555942,0.0256163489871499,0.042871186419615,1.3173802620098964,4.981730385856679,0.0003996890750212,0.0294591214026704,Green,Hist-Sim,STOXX
0,3590715251,1665,17,0.0102102102102102,0.9315373452648646,0.1646051271503635,0.3793138211292189,0.0073806614135489,1.9314021234562233,0.0003901826963587,0.0291348629702703,Green,Hist-Sim,TLT
1,539015353,1665,22,0.0132132132132132,0.2091642448049341,0.2945578404469831,0.2623865356092387,1.5772015758784796,1.0986714955085688,0.00039085584925,0.0292092921201994,Green,Hist-Sim,TLT
2,2936166733,1665,26,0.0156156156156156,0.0333284807760554,0.4229672375955012,0.0753628468679554,4.5288256581171105,0.6420560869175347,0.0003929755371828,0.028978639209377,Green,Hist-Sim,TLT
3,557873368,1665,25,0.015015015015015,0.0555449608330193,0.3890733407872614,0.1103891700003394,3.665650385707785,0.7418361098403352,0.0003978209105465,0.028849585189481,Green,Hist-Sim,TLT
4,3470968011,1665,26,0.0156156156156156,0.0333284807760554,0.4229672375955012,0.0753628468679554,4.5288256581171105,0.6420560869175347,0.0003957239846199,0.0289066202237831,Green,Hist-Sim,TLT
5,691353061,1665,20,0.012012012012012,0.4238211819547197,0.2381821039597332,0.3622182955257656,0.6396952255349202,1.3913212196438849,0.0003826157977525,0.0289439592166234,Green,Hist-Sim,TLT
6,1309888845,1665,22,0.0132132132132132,0.2091642448049341,0.2945578404469831,0.2623865356092387,1.5772015758784796,1.0986714955085688,0.0003955724420592,0.0289382014537444,Green,Hist-Sim,TLT
7,1334932578,1665,20,0.012012012012012,0.4238211819547197,0.2381821039597332,0.3622182955257656,0.6396952255349202,1.3913212196438849,0.0003857222613795,0.029093826442851,Green,Hist-Sim,TLT
0,531007874,1309,19,0.014514896867838,0.1240498227327732,0.454202062596506,0.2315900241525754,2.365428803539837,0.5601444120965198,0.001358014753666,0.1001422938643596,Green,Hist-Sim,UNG
1,2278970941,1309,23,0.0175706646294881,0.0128934118026929,0.3641907912235751,0.0300908758513495,6.183676290617004,0.8233902714669625,0.0014562603851212,0.100440265400283,Yellow,Hist-Sim,UNG
2,2832760690,1309,19,0.014514896867838,0.1240498227327732,0.454202062596506,0.2315900241525754,2.365428803539837,0.5601444120965198,0.0014007143298057,0.0999286413484561,Green,Hist-Sim,UNG
3,3812370072,1309,23,0.0175706646294881,0.0128934118026929,0.3641907912235751,0.0300908758513495,6.183676290617004,0.8233902714669625,0.0014066341830198,0.0995393962332704,Yellow,Hist-Sim,UNG
4,1060821789,1309,20,0.0152788388082505,0.0748988015092901,0.430622866145891,0.1500628899887272,3.1722586371171815,0.621142975206908,0.0014160298226976,0.0998445099107443,Green,Hist-Sim,UNG
5,2292411345,1309,17,0.0129870129870129,0.2990980999196377,0.5034159229655075,0.466279764174994,1.0782110559781204,0.4477278893998573,0.0013687939843669,0.1000194079309932,Green,Hist-Sim,UNG
6,476723121,1309,14,0.0106951871657754,0.8026118627749712,0.5820435655210419,0.8330069061301174,0.0624841514670604,0.3029425408874431,0.0013699728911767,0.1002386022514888,Green,Hist-Sim,UNG
7,630880976,1309,14,0.0106951871657754,0.8026118627749712,0.5820435655210419,0.8330069061301174,0.0624841514670604,0.3029425408874431,0.0013391711602567,0.0998028778356449,Green,Hist-Sim,UNG
0,3058360022,1923,31,0.016120644825793,0.0132240443328994,0.3133651866225886,0.0279409052986405,6.138888075684076,1.016438972620108,0.0002360528706496,0.0162413515853936,Yellow,Hist-Sim,USDJPY
1,2539533556,1923,31,0.016120644825793,0.0132240443328994,0.3133651866225886,0.0279409052986405,6.138888075684076,1.016438972620108,0.0002416772289935,0.0162861700426098,Yellow,Hist-Sim,USDJPY
2,978297717,1923,30,0.0156006240249609,0.0225272942719618,0.3293596172098979,0.0460511146802959,5.2045925444207874,0.9514140769875326,0.0002425102777261,0.016230251420328,Green,Hist-Sim,USDJPY
3,1140611297,1923,30,0.0156006240249609,0.0225272942719618,0.3293596172098979,0.0460511146802959,5.2045925444207874,0.9514140769875326,0.0002315266669046,0.0162876646538543,Green,Hist-Sim,USDJPY
4,585530014,1923,30,0.0156006240249609,0.0225272942719618,0.3293596172098979,0.0460511146802959,5.2045925444207874,0.9514140769875326,0.000224385844991,0.0162679104657474,Green,Hist-Sim,USDJPY
5,2044575876,1923,29,0.0150806032241289,0.0372699673267876,0.3458647190384433,0.0732921321253812,4.338032555078474,0.8885714726015408,0.000238898498693,0.0162460592218906,Green,Hist-Sim,USDJPY
6,3671904043,1923,30,0.0156006240249609,0.0225272942719618,0.3293596172098979,0.0460511146802959,5.2045925444207874,0.9514140769875326,0.0002268012621391,0.0164419764927337,Green,Hist-Sim,USDJPY
7,86273601,1923,30,0.0156006240249609,0.0225272942719618,0.3293596172098979,0.0460511146802959,5.2045925444207874,0.9514140769875326,0.0002418021308794,0.0161782136197486,Green,Hist-Sim,USDJPY
0,762140654,1386,24,0.0173160173160173,0.0131459131478438,0.4325766906084271,0.0339579841193725,6.1493671790503335,0.6158953804364558,0.0010008652833405,0.0650351450158606,Yellow,Hist-Sim,USO
1,461531108,1386,27,0.0194805194805194,0.0016936628274034,0.5521443469649426,0.0060707729307807,9.855049053636137,0.3534896379830456,0.0009501026708435,0.0650086932163114,Yellow,Hist-Sim,USO
2,1790935458,1386,24,0.0173160173160173,0.0131459131478438,0.4325766906084271,0.0339579841193725,6.1493671790503335,0.6158953804364558,0.0009327506348167,0.0656350521791712,Yellow,Hist-Sim,USO
3,2750937419,1386,23,0.0165945165945165,0.0242113203881681,0.3950939294106651,0.0549507012341769,5.079430563005644,0.7232071107952152,0.0009106508508864,0.0657060997625314,Yellow,Hist-Sim,USO
4,119388734,1386,22,0.0158730158730158,0.0429353634446072,0.358978087434911,0.0846098009369911,4.097945237509393,0.841465100012698,0.0009123504059383,0.0655120654839425,Green,Hist-Sim,USO
5,937946841,1386,23,0.0165945165945165,0.0242113203881681,0.3950939294106651,0.0549507012341769,5.079430563005644,0.7232071107952152,0.0009518006227349,0.0646176232806311,Yellow,Hist-Sim,USO
6,1949788525,1386,22,0.0158730158730158,0.0429353634446072,0.358978087434911,0.0846098009369911,4.097945237509393,0.841465100012698,0.0009702727375268,0.0658270687402201,Green,Hist-Sim,USO
7,2225184313,1386,25,0.018037518037518,0.0068796310531255,0.4713212595826193,0.0200103993204315,7.304129686755992,0.5188766623281253,0.0009765840720721,0.0656605391822453,Yellow,Hist-Sim,USO
0,355857581,1868,24,0.012847965738758,0.2360319616691611,0.0028444159032153,0.0057739075901731,1.404137998727645,8.904674405957195,0.0003509590137655,0.0274672638041315,Green,EWMA,ASX200
1,4212934053,1868,25,0.0133832976445396,0.162291607714315,0.0441432510605663,0.0496921474497709,1.9527426748780885,4.05107403984448,0.0003583642211238,0.027542713508439,Green,EWMA,ASX200
2,514796367,1868,25,0.0133832976445396,0.162291607714315,0.3442201265764292,0.2408221298560508,1.9527426748780885,0.8946506618710828,0.0003450378522013,0.0276490439036675,Green,EWMA,ASX200
3,3997868474,1868,24,0.012847965738758,0.2360319616691611,0.0371699169497529,0.0565079661507609,1.404137998727645,4.342609315171671,0.0003437708427263,0.0276121476837848,Green,EWMA,ASX200
4,1124480539,1868,23,0.0123126338329764,0.3322841723222552,0.0310258218598146,0.0610687894301356,0.9399753840774104,4.651533325130316,0.0003523090787644,0.0274563749384314,Green,EWMA,ASX200
5,2605515316,1868,26,0.0139186295503211,0.1080540346730911,0.0520024355618838,0.0416242582197011,2.582453885274525,3.77569041750155,0.0003510648707403,0.0274593257620489,Green,EWMA,ASX200
6,2745471523,1868,25,0.0133832976445396,0.162291607714315,0.0036927097128833,0.0055669837891629,1.9527426748780885,8.429061088596029,0.0003508882187734,0.0275454592738498,Green,EWMA,ASX200
7,576914628,1868,25,0.0133832976445396,0.162291607714315,0.0036927097128833,0.0055669837891629,1.9527426748780885,8.429061088596029,0.0003589698964262,0.0275989352169018,Green,EWMA,ASX200
0,1644662360,1430,18,0.0125874125874125,0.3444716134490873,0.497969446982152,0.5083984129045818,0.8937185060169073,0.4592612168175378,0.0002146857175773,0.0160281766956896,Green,EWMA,AUDUSD
1,1382784593,1430,17,0.0118881118881118,0.4859046735961744,0.5222953705028603,0.6392432540438655,0.4855821036704899,0.4093583319088907,0.0002167587407765,0.0159892127363427,Green,EWMA,AUDUSD
2,1791982032,1430,15,0.0104895104895104,0.853566305874746,0.5726599793986771,0.8384845823267943,0.0340660906790393,0.3182520795111259,0.0002128187779407,0.0160537573188844,Green,EWMA,AUDUSD
3,3430113974,1430,15,0.0104895104895104,0.853566305874746,0.5726599793986771,0.8384845823267943,0.0340660906790393,0.3182520795111259,0.0002164898986923,0.0160487387567721,Green,EWMA,AUDUSD
4,1686171205,1430,15,0.0104895104895104,0.853566305874746,0.5726599793986771,0.8384845823267943,0.0340660906790393,0.3182520795111259,0.0002142225234689,0.0159878985112402,Green,EWMA,AUDUSD
5,2239318774,1430,13,0.009090909090909,0.7256656104722246,0.6251437842889755,0.8345051897118649,0.1231287155964246,0.2387039183073227,0.0002107655713142,0.0160580972816291,Green,EWMA,AUDUSD
6,3774908055,1430,18,0.0125874125874125,0.3444716134490873,0.497969446982152,0.5083984129045818,0.8937185060169073,0.4592612168175378,0.0002148391492528,0.0159914699923164,Green,EWMA,AUDUSD
7,3381539371,1430,17,0.0118881118881118,0.4859046735961744,0.5222953705028603,0.6392432540438655,0.4855821036704899,0.4093583319088907,0.0002152844621531,0.0159922171236443,Green,EWMA,AUDUSD
0,3307749172,1829,23,0.0125751776927282,0.2872020916855331,0.2933948074896729,0.3268237223135961,1.1326909019272744,1.1039777559365405,0.000478214506124,0.0368430450306195,Green,EWMA,BOVESPA
1,3684263467,1829,26,0.0142154182613449,0.0883894314155783,0.3831261712793538,0.1600842056009827,2.9034637935994194,0.7606468407636839,0.0005009247079452,0.0368051938603301,Green,EWMA,BOVESPA
2,3125209153,1829,27,0.0147621651175505,0.0559342344040235,0.4152261928405886,0.115451962525454,3.65401456831588,0.6637869204939193,0.0004935104232786,0.0368264635803585,Green,EWMA,BOVESPA
3,3054242512,1829,29,0.0158556588299617,0.0203913988599639,0.4823134986743006,0.0530855797148193,5.378072168664868,0.4936277434846943,0.0004871594734633,0.0367256077489523,Green,EWMA,BOVESPA
4,2709629503,1829,30,0.0164024056861673,0.0117615210450748,0.5171550431026977,0.0339449278585934,6.34646840014409,0.4195632728054193,0.0004993622031527,0.0367365116364299,Yellow,EWMA,BOVESPA
5,360978061,1829,24,0.0131219245489338,0.2003810625984821,0.3221497056626808,0.2698478801504065,1.639594870285947,0.9801989009288264,0.0005053907700421,0.036962859128936,Green,EWMA,BOVESPA
6,3083099163,1829,26,0.0142154182613449,0.0883894314155783,0.3831261712793538,0.1600842056009827,2.9034637935994194,0.7606468407636839,0.0004820363289468,0.0367789400168418,Green,EWMA,BOVESPA
7,4230804162,1829,30,0.0164024056861673,0.0117615210450748,0.5171550431026977,0.0339449278585934,6.34646840014409,0.4195632728054193,0.0005010331576766,0.0368182789924498,Yellow,EWMA,BOVESPA
0,3045959000,1157,17,0.0146931719965427,0.1337087797663044,0.476231119868127,0.2520331964490203,2.248907407196043,0.5074815292160508,0.0008497838321252,0.0673193121768523,Green,EWMA,BTC
1,461804631,1157,16,0.013828867761452,0.2160078465987941,0.502744801379747,0.371607404362873,1.530697140071478,0.4491375531571009,0.000893535414061,0.0668306922868669,Green,EWMA,BTC
2,1719854185,1157,16,0.013828867761452,0.2160078465987941,0.502744801379747,0.371607404362873,1.530697140071478,0.4491375531571009,0.000871478687683,0.067425875470541,Green,EWMA,BTC
3,3479700986,1157,17,0.0146931719965427,0.1337087797663044,0.476231119868127,0.2520331964490203,2.248907407196043,0.5074815292160508,0.0009088049061835,0.0675076954540878,Green,EWMA,BTC
4,943131050,1157,17,0.0146931719965427,0.1337087797663044,0.476231119868127,0.2520331964490203,2.248907407196043,0.5074815292160508,0.0008409561008518,0.067216761140103,Green,EWMA,BTC
5,1805698519,1157,16,0.013828867761452,0.2160078465987941,0.502744801379747,0.371607404362873,1.530697140071478,0.4491375531571009,0.0008736294974354,0.0675837209946128,Green,EWMA,BTC
6,1711766523,1157,17,0.0146931719965427,0.1337087797663044,0.2468084465642396,0.1661119253861253,2.248907407196043,1.3412795298350204,0.0008514043473928,0.0672616371065717,Green,EWMA,BTC
7,2678533545,1157,19,0.0164217804667242,0.0445078470396729,0.4255148161885966,0.0967028440021428,4.037190978238598,0.6350339545316501,0.0008927292538336,0.0674768350426161,Yellow,EWMA,BTC
0,167238616,1010,11,0.0108910891089108,0.77903000878741,0.6224135477798778,0.8516254678716687,0.0787270010915339,0.2424898799114601,0.0001428599279896,0.0120717643025285,Green,EWMA,CBU0
1,2700182936,1010,11,0.0108910891089108,0.77903000878741,0.6224135477798778,0.8516254678716687,0.0787270010915339,0.2424898799114601,0.0001379510113005,0.0120830704525677,Green,EWMA,CBU0
2,2196881574,1010,13,0.0128712871287128,0.379851868568152,0.5601947914968477,0.5739148939603609,0.7711812581613824,0.3393670658729206,0.000146124989034,0.0120626227223509,Green,EWMA,CBU0
3,1675935054,1010,12,0.0118811881188118,0.5595280266552582,0.5909432758061866,0.730009432504751,0.3405220725808386,0.2888735747867486,0.0001482748308944,0.0120382527459455,Green,EWMA,CBU0
4,490632754,1010,11,0.0108910891089108,0.77903000878741,0.6224135477798778,0.8516254678716687,0.0787270010915339,0.2424898799114601,0.0001493777982408,0.0120691306137486,Green,EWMA,CBU0
5,1936263486,1010,11,0.0108910891089108,0.77903000878741,0.6224135477798778,0.8516254678716687,0.0787270010915339,0.2424898799114601,0.000144125427668,0.0121162548674344,Green,EWMA,CBU0
6,2593960783,1010,9,0.0089108910891089,0.723023192731904,0.6873198020679092,0.8660537427982913,0.1256144403026686,0.162002187070783,0.0001446909076025,0.0120452413977045,Green,EWMA,CBU0
7,2578657178,1010,13,0.0128712871287128,0.379851868568152,0.5601947914968477,0.5739148939603609,0.7711812581613824,0.3393670658729206,0.0001459016663773,0.0121157469374759,Green,EWMA,CBU0
0,360736503,765,11,0.0143790849673202,0.2532997929754572,0.0075827685531008,0.0147393512673842,1.3050117617804,7.129457048019987,0.0003484661068796,0.0242383146575779,Green,EWMA,DJCI
1,2776332704,765,11,0.0143790849673202,0.2532997929754572,0.1437406587758608,0.1788458851010785,1.3050117617804,2.137449880387564,0.0003245776153098,0.0242239478252786,Green,EWMA,DJCI
2,2976822605,765,12,0.0156862745098039,0.144454216119145,0.1761843803056696,0.1381123165602175,2.129857166039423,1.8295189074300708,0.0003415054097577,0.0241498219271348,Green,EWMA,DJCI
3,4109574568,765,14,0.0183006535947712,0.0386715459147695,0.00122374562967,0.0006332207953993,4.275238083983382,10.454144693499645,0.0003503528961368,0.0241052562758889,Yellow,EWMA,DJCI
4,1144407604,765,11,0.0143790849673202,0.2532997929754572,0.0075827685531008,0.0147393512673842,1.3050117617804,7.129457048019987,0.0003489911695223,0.0241616334872488,Green,EWMA,DJCI
5,1131569257,765,11,0.0143790849673202,0.2532997929754572,0.1437406587758608,0.1788458851010785,1.3050117617804,2.137449880387564,0.0003388691470045,0.024238284163325,Green,EWMA,DJCI
6,2626597185,765,13,0.0169934640522875,0.0771368391508254,0.0162659563586179,0.0116895945392125,3.124218719315767,5.7738936577095075,0.0003443112142204,0.0241651131719467,Yellow,EWMA,DJCI
7,509182922,765,10,0.0130718954248366,0.4148394650497671,0.1147636210689212,0.2067743127448703,0.6648883298575088,2.4873663843334555,0.0003476766997891,0.0243064711452015,Green,EWMA,DJCI
0,725847523,812,14,0.0172413793103448,0.0600691057663361,0.2351281489942716,0.08437183018309,3.5354755664118933,1.4095678309792277,0.0013637675945951,0.1068337405314149,Yellow,EWMA,ETH
1,2412888022,812,11,0.0135467980295566,0.3351845881773436,0.5823134297211177,0.5402970370256941,0.9287629115580228,0.3025095326219258,0.0013738787865084,0.1081078528846626,Green,EWMA,ETH
2,965512252,812,13,0.0160098522167487,0.1134290428340271,0.5151572514449176,0.2311517900067155,2.505783735527645,0.423577633791524,0.00137465589744,0.1074638018923341,Yellow,EWMA,ETH
3,1238241749,812,15,0.0184729064039408,0.0299762713294001,0.2749287883797774,0.052270632168018,4.710652532228213,1.1919886518725775,0.0013532007472515,0.1074321054668156,Yellow,EWMA,ETH
4,3374355873,812,11,0.0135467980295566,0.3351845881773436,0.5823134297211177,0.5402970370256941,0.9287629115580228,0.3025095326219258,0.0013541622471223,0.1070428873325418,Green,EWMA,ETH
5,3152442762,812,10,0.0123152709359605,0.5222239616687067,0.6172903585126441,0.7192137839815833,0.4094988839832889,0.2496943766052766,0.0013313017020527,0.1069441536794958,Green,EWMA,ETH
6,3213119656,812,12,0.0147783251231527,0.201344737727836,0.1647514939584372,0.1684142765882388,1.632593270347174,1.9300635355077276,0.0013702472347804,0.1071961001796561,Green,EWMA,ETH
7,2371825884,812,15,0.0184729064039408,0.0299762713294001,0.4521086040918809,0.0715036834196078,4.710652532228213,0.5653600962736789,0.0014095756044399,0.1072443503568548,Yellow,EWMA,ETH
0,1932414412,1617,18,0.0111317254174397,0.6532719966394398,0.5242545025139073,0.7381135277750996,0.2017998099529485,0.4055154591249845,0.0001534867411485,0.0117860722154735,Green,EWMA,EURUSD
1,470053776,1617,20,0.0123685837971552,0.3559435188333466,0.4789442695659189,0.508286284286259,0.8521546241530462,0.5012662526363556,0.0001530620547047,0.0117493776016859,Green,EWMA,EURUSD
2,596814984,1617,17,0.0105132962275819,0.83700490524124,0.5476839148530459,0.8171742136859522,0.0423232095401013,0.3614827324757925,0.000148654361452,0.0117919963137912,Green,EWMA,EURUSD
3,151215163,1617,20,0.0123685837971552,0.3559435188333466,0.4789442695659189,0.508286284286259,0.8521546241530462,0.5012662526363556,0.000155512662557,0.0117666443733242,Green,EWMA,EURUSD
4,454914035,1617,18,0.0111317254174397,0.6532719966394398,0.5242545025139073,0.7381135277750996,0.2017998099529485,0.4055154591249845,0.0001507248044083,0.0118043543438353,Green,EWMA,EURUSD
5,1577192477,1617,18,0.0111317254174397,0.6532719966394398,0.5242545025139073,0.7381135277750996,0.2017998099529485,0.4055154591249845,0.0001512744207448,0.0117482821451805,Green,EWMA,EURUSD
6,1694097894,1617,20,0.0123685837971552,0.3559435188333466,0.4789442695659189,0.508286284286259,0.8521546241530462,0.5012662526363556,0.0001521196981847,0.0117754151306841,Green,EWMA,EURUSD
7,3862253091,1617,17,0.0105132962275819,0.83700490524124,0.5476839148530459,0.8171742136859522,0.0423232095401013,0.3614827324757925,0.0001515664980552,0.0118096992703847,Green,EWMA,EURUSD
0,3625422325,1891,25,0.0132205182443151,0.1798237952416107,0.0002075159620224,0.0004178336404154,1.7990796937989213,13.76177469439125,0.0004567419531266,0.0347939301649491,Green,EWMA,FCHI
1,1198028559,1891,23,0.0121628767847699,0.3605733432333604,0.2829441745218386,0.3699473317340777,0.8358953654996704,1.1528938947818688,0.0004577562288237,0.0347491073152076,Green,EWMA,FCHI
2,886898908,1891,28,0.0148069804336329,0.0498953675352498,0.0688989181919402,0.0279590181798354,3.844971570523132,3.3090593842838416,0.0004772991914232,0.0347929474476627,Green,EWMA,FCHI
3,1774248728,1891,20,0.0105764145954521,0.8029118253333425,0.206895410449317,0.4370732727627375,0.0622903968427679,1.59301845458927,0.0004660492935377,0.034817888144522,Green,EWMA,FCHI
4,1247231681,1891,21,0.0111052353252247,0.6350613697259397,0.2309702059863906,0.4360196041771566,0.2252594555773459,1.4348766902923842,0.0004687565444484,0.0347942323927637,Green,EWMA,FCHI
5,3005714820,1891,24,0.0126916975145425,0.2587797610142784,0.0362535804298915,0.0590007547754003,1.2752731796100854,4.385136905099614,0.0004663901514305,0.0348823680048109,Green,EWMA,FCHI
6,2158412054,1891,21,0.0111052353252247,0.6350613697259397,0.0204673457964225,0.0609060175190213,0.2252594555773459,5.371587143045673,0.0004662763071032,0.0347043150669941,Green,EWMA,FCHI
7,1667393319,1891,19,0.0100475938656795,0.9834175969200868,0.1841408749125208,0.4138889063348228,0.0004319936350174,1.7638833730718773,0.0004565150685754,0.0349489316860501,Green,EWMA,FCHI
0,4138467816,1867,20,0.0107123727905731,0.7597366912018321,3.0304120261487566e-05,0.0001590821639347,0.0935298957177321,17.398649574100318,0.0004020695162753,0.0278059186952452,Green,EWMA,FTSE100
1,1385284828,1867,23,0.012319228709159,0.3310824080400835,0.0001053765786475,0.0003384096383647,0.9446595129106968,15.037847384034023,0.0003988833896042,0.0278122271294424,Green,EWMA,FTSE100
2,3223801123,1867,22,0.0117836100696304,0.4512617046147432,0.0016231211043408,0.0052453760142193,0.5674808372453972,9.93333586209701,0.0003967930672601,0.0277610398342414,Green,EWMA,FTSE100
3,550517672,1867,21,0.0112479914301017,0.5951803237253539,0.00119745369364,0.0045697449733121,0.2823265940669515,10.494269166253105,0.0003967035617281,0.0277309075355436,Green,EWMA,FTSE100
4,4108345738,1867,22,0.0117836100696304,0.4512617046147432,0.0016231211043408,0.0052453760142193,0.5674808372453972,9.93333586209701,0.0003973682447797,0.0277909381664467,Green,EWMA,FTSE100
5,2653757783,1867,23,0.012319228709159,0.3310824080400835,0.0001053765786475,0.0003384096383647,0.9446595129106968,15.037847384034023,0.0004005722300292,0.0277222726863212,Green,EWMA,FTSE100
6,1407235939,1867,22,0.0117836100696304,0.4512617046147432,0.0016231211043408,0.0052453760142193,0.5674808372453972,9.93333586209701,0.0003983930515682,0.0278028988193637,Green,EWMA,FTSE100
7,4040396216,1867,22,0.0117836100696304,0.4512617046147432,7.112662345391783e-05,0.000281871238412,0.5674808372453972,15.780639548106564,0.0003949869812639,0.0277425875604709,Green,EWMA,FTSE100
0,1479670209,1621,18,0.0111042566317088,0.6606289192092782,0.5247728897698722,0.7418325690970367,0.1927605253240396,0.4045028934646097,0.0001825941274525,0.0140759878632526,Green,EWMA,GBPUSD
1,277633654,1621,14,0.0086366440468846,0.5721767818795042,0.6212691733412754,0.7545974666704612,0.319053883351085,0.2440877739280438,0.0001775263491993,0.0140154243812757,Green,EWMA,GBPUSD
2,2814284341,1621,14,0.0086366440468846,0.5721767818795042,0.6212691733412754,0.7545974666704612,0.319053883351085,0.2440877739280438,0.0001759218424304,0.0140405174422999,Green,EWMA,GBPUSD
3,4089176615,1621,18,0.0111042566317088,0.6606289192092782,0.5247728897698722,0.7418325690970367,0.1927605253240396,0.4045028934646097,0.0001768974396646,0.0140283315729632,Green,EWMA,GBPUSD
4,232946470,1621,17,0.0104873534855027,0.8448834779041368,0.5481839157582201,0.8191975922807322,0.0382792445600614,0.3605806830632332,0.0001773604193598,0.0140902714818129,Green,EWMA,GBPUSD
5,3647621478,1621,17,0.0104873534855027,0.8448834779041368,0.5481839157582201,0.8191975922807322,0.0382792445600614,0.3605806830632332,0.0001743306498927,0.0140394321384037,Green,EWMA,GBPUSD
6,4173384329,1621,17,0.0104873534855027,0.8448834779041368,0.5481839157582201,0.8191975922807322,0.0382792445600614,0.3605806830632332,0.000179140215718,0.0140664678702587,Green,EWMA,GBPUSD
7,2641501405,1621,16,0.0098704503392967,0.9581030103021212,0.5720844252259261,0.8513060598497685,0.0027598467831707,0.3192072887554786,0.0001796421306869,0.0140253416502292,Green,EWMA,GBPUSD
0,1868959506,1878,23,0.0122470713525026,0.3444318531660159,0.2850779219064063,0.3612107008833103,0.8938658193901823,1.142721844520537,0.0004530770277056,0.0344430610448941,Green,EWMA,GDAXI
1,3524407695,1878,23,0.0122470713525026,0.3444318531660159,0.2850779219064063,0.3612107008833103,0.8938658193901823,1.142721844520537,0.0004608708592513,0.0343817245254622,Green,EWMA,GDAXI
2,3524066815,1878,25,0.0133120340788072,0.1697669810838651,0.3422566824554766,0.2482100502534822,1.8849997400445684,0.9019600888975674,0.0004481931273193,0.0343590011570573,Green,EWMA,GDAXI
3,2957370302,1878,27,0.0143769968051118,0.073602564973666,0.4038541158066909,0.1424439268666784,3.200793194950535,0.6968205098206681,0.0004669554151443,0.0343648208966789,Green,EWMA,GDAXI
4,3549830713,1878,24,0.0127795527156549,0.245765642068276,0.2987828516175932,0.2971801583153559,1.347214673991573,1.0796187868656375,0.0004743341287198,0.0342812494783829,Green,EWMA,GDAXI
5,1449046060,1878,22,0.0117145899893503,0.4672048608641068,0.2582790670543045,0.405242953655511,0.5285790709428353,1.2779579413888769,0.0004557430979819,0.0342761795143789,Green,EWMA,GDAXI
6,1729158440,1878,23,0.0122470713525026,0.3444318531660159,0.2850779219064063,0.3612107008833103,0.8938658193901823,1.142721844520537,0.000475507644268,0.0343934435883827,Green,EWMA,GDAXI
7,1956685798,1878,25,0.0133120340788072,0.1697669810838651,0.3422566824554766,0.2482100502534822,1.8849997400445684,0.9019600888975674,0.0004660157769287,0.0342340576016091,Green,EWMA,GDAXI
0,203646122,1490,15,0.0100671140939597,0.979250837708018,0.5805805808247448,0.8581411278988325,0.0006764238783598,0.305296992701102,0.0004280678784783,0.0304439095659691,Green,EWMA,GLD
1,3058925679,1490,15,0.0100671140939597,0.979250837708018,0.5805805808247448,0.8581411278988325,0.0006764238783598,0.305296992701102,0.0004159210406458,0.0304959322448808,Green,EWMA,GLD
2,2344737015,1490,19,0.0127516778523489,0.3058847439730927,0.4834057961198224,0.4631215035007868,1.0483615265783204,0.4911701389339953,0.0004409560307074,0.0304856199794183,Green,EWMA,GLD
3,1661316799,1490,16,0.010738255033557,0.7771608771414533,0.5554766928077284,0.8074704764055739,0.0801007845729495,0.3475967879881807,0.0004219617285604,0.0303866802350465,Green,EWMA,GLD
4,1110329124,1490,15,0.0100671140939597,0.979250837708018,0.5805805808247448,0.8581411278988325,0.0006764238783598,0.305296992701102,0.0004318411586491,0.0303839196967084,Green,EWMA,GLD
5,2935489075,1490,18,0.0120805369127516,0.4344495217656254,0.506867891390403,0.5911335440542134,0.610898999107576,0.4405276493626502,0.000430534403087,0.0303330531567091,Green,EWMA,GLD
6,2140966931,1490,16,0.010738255033557,0.7771608771414533,0.5554766928077284,0.8074704764055739,0.0801007845729495,0.3475967879881807,0.0004321434711228,0.0304586849840067,Green,EWMA,GLD
7,141912958,1490,17,0.0114093959731543,0.5928188991002421,0.5308983374870526,0.7122561728942771,0.2859635051060598,0.392671772672827,0.0004292809405186,0.0304184327891793,Green,EWMA,GLD
0,3399119361,1817,20,0.0110071546505228,0.6711344511854109,0.5045067413860329,0.7313517488874581,0.1802779875927194,0.4454435050831762,0.0005061739102804,0.0362509833332391,Green,EWMA,HSI
1,1513454805,1817,18,0.0099064391854705,0.9679779028240122,0.1701698605481548,0.3900310501071497,0.0016115830639318,1.8814462716725584,0.0005079416736857,0.0364426420461289,Green,EWMA,HSI
2,4258471417,1817,23,0.0126582278481012,0.2740809173179563,0.2955002972953872,0.3181286034204005,1.1962078949146004,1.094391234451933,0.0005148090516214,0.0362950860110898,Green,EWMA,HSI
3,1205432614,1817,25,0.0137589433131535,0.1276245811033836,0.3545647286065138,0.2041076114586113,2.3211629190727,0.8570529150690049,0.0005187659305737,0.0363127337524905,Green,EWMA,HSI
4,609324356,1817,23,0.0126582278481012,0.2740809173179563,0.0328363246734454,0.0564020218086597,1.1962078949146004,4.554292651984127,0.0005112271568211,0.0360391643553706,Green,EWMA,HSI
5,2573118923,1817,23,0.0126582278481012,0.2740809173179563,0.2955002972953872,0.3181286034204005,1.1962078949146004,1.094391234451933,0.0005086141184956,0.0363128034570167,Green,EWMA,HSI
6,2179328469,1817,22,0.0121078701155751,0.3820591891314051,0.267790254218967,0.3693360187308888,0.7640656049676782,1.2280312539072042,0.0005091899231177,0.036425132222212,Green,EWMA,HSI
7,2289239497,1817,22,0.0121078701155751,0.3820591891314051,0.267790254218967,0.3693360187308888,0.7640656049676782,1.2280312539072042,0.0005139600390025,0.0363176142591481,Green,EWMA,HSI
0,3321686383,1260,19,0.015079365079365,0.0918815873616381,0.4454196865165337,0.1805607730701973,2.84109487937838,0.5822808505573391,0.0002324648666263,0.0205912243584306,Green,EWMA,IBGL
1,3672942697,1260,13,0.0103174603174603,0.9102925989555312,0.6024791224883781,0.8676354026800632,0.0126944116143546,0.2712729795053974,0.0002341533621436,0.0205069997458098,Green,EWMA,IBGL
2,1722238316,1260,20,0.0158730158730158,0.0535906376577708,0.421650639034671,0.1124150556786011,3.7254047613721752,0.6457100449761697,0.0002373764596919,0.020562468873041,Green,EWMA,IBGL
3,1534214525,1260,15,0.0119047619047619,0.5094375649113358,0.5475386451644981,0.6713372623126419,0.435222183239949,0.3617451005348755,0.0002333124336847,0.0205795791002291,Green,EWMA,IBGL
4,589223611,1260,13,0.0103174603174603,0.9102925989555312,0.6024791224883781,0.8676354026800632,0.0126944116143546,0.2712729795053974,0.00023209788749,0.0206556929684043,Green,EWMA,IBGL
5,1418686755,1260,14,0.0111111111111111,0.696948046133079,0.5747094060448682,0.7919427427633958,0.1516662948166725,0.3148660737268187,0.0002353222548995,0.0206613361556595,Green,EWMA,IBGL
6,3898532838,1260,17,0.0134920634920634,0.2368742198546677,0.4951142951785467,0.393668233900813,1.3991005862194648,0.4653929544626294,0.0002405916562295,0.020614070643013,Green,EWMA,IBGL
7,3949063402,1260,15,0.0119047619047619,0.5094375649113358,0.5475386451644981,0.6713372623126419,0.435222183239949,0.3617451005348755,0.0002368327826703,0.0206544280435919,Green,EWMA,IBGL
0,194286097,1219,14,0.0114848236259228,0.610756460670405,0.5682682206424978,0.7465208068227086,0.2590748471529207,0.3255887326258175,0.0005828127205224,0.0455763722163723,Green,EWMA,ICLN
1,3994449378,1219,15,0.0123051681706316,0.4349475869868269,0.5407916333390149,0.6115092801529028,0.6095757645899269,0.3740745312556726,0.0006040535378601,0.0455701243337061,Green,EWMA,ICLN
2,1136636984,1219,15,0.0123051681706316,0.4349475869868269,0.5407916333390149,0.6115092801529028,0.6095757645899269,0.3740745312556726,0.0006032306830047,0.0457578305502635,Green,EWMA,ICLN
3,543524214,1219,15,0.0123051681706316,0.4349475869868269,0.5407916333390149,0.6115092801529028,0.6095757645899269,0.3740745312556726,0.0005894283177271,0.0457337813042808,Green,EWMA,ICLN
4,217306659,1219,14,0.0114848236259228,0.610756460670405,0.5682682206424978,0.7465208068227086,0.2590748471529207,0.3255887326258175,0.000581207279804,0.0456266663182478,Green,EWMA,ICLN
5,3068523122,1219,14,0.0114848236259228,0.610756460670405,0.5682682206424978,0.7465208068227086,0.2590748471529207,0.3255887326258175,0.0005920223922802,0.0455733185034773,Green,EWMA,ICLN
6,793155187,1219,14,0.0114848236259228,0.610756460670405,0.5682682206424978,0.7465208068227086,0.2590748471529207,0.3255887326258175,0.0005951335532175,0.0456676051983283,Green,EWMA,ICLN
7,1958094192,1219,15,0.0123051681706316,0.4349475869868269,0.5407916333390149,0.6115092801529028,0.6095757645899269,0.3740745312556726,0.0005902339591704,0.0456018345802549,Green,EWMA,ICLN
0,716642050,1242,17,0.0136876006441223,0.2161334383895475,0.4919596542319115,0.367493823879254,1.5298601270467405,0.4722374054356635,0.0003046802317592,0.0229168823701254,Green,EWMA,NIFTY
1,2328049464,1242,14,0.0112721417069243,0.6587789429293679,0.5719171040504072,0.7731766049893706,0.1950102440355072,0.319485334947359,0.0003043497294028,0.0231341001698786,Green,EWMA,NIFTY
2,2801872635,1242,16,0.0128824476650563,0.328344979834638,0.5179511818631455,0.5032377132474579,0.9554141909884796,0.4179710681497397,0.0003113444189131,0.0231247482142559,Green,EWMA,NIFTY
3,37132256,1242,16,0.0128824476650563,0.328344979834638,0.5179511818631455,0.5032377132474579,0.9554141909884796,0.4179710681497397,0.0003086754341217,0.0232245831492993,Green,EWMA,NIFTY
4,563786852,1242,15,0.0120772946859903,0.4761444237268788,0.5446131343407259,0.645733257090727,0.5076810841127992,0.3670564662722597,0.0003148125186454,0.023143455240639,Green,EWMA,NIFTY
5,3288204194,1242,14,0.0112721417069243,0.6587789429293679,0.5719171040504072,0.7731766049893706,0.1950102440355072,0.319485334947359,0.0003155050792422,0.02315384418931,Green,EWMA,NIFTY
6,3570310200,1242,15,0.0120772946859903,0.4761444237268788,0.5446131343407259,0.645733257090727,0.5076810841127992,0.3670564662722597,0.0003089513606185,0.0231897216802862,Green,EWMA,NIFTY
7,1085508675,1242,14,0.0112721417069243,0.6587789429293679,0.5719171040504072,0.7731766049893706,0.1950102440355072,0.319485334947359,0.0003070313743011,0.0230277733145125,Green,EWMA,NIFTY
0,529909794,1806,19,0.0105204872646733,0.8255304781454543,0.1938239160137925,0.4196008954523844,0.0485926714083513,1.6883098653923412,0.0004892479864397,0.0369079871466806,Green,EWMA,NIKKEI
1,2517687419,1806,20,0.0110741971207087,0.6519785411521377,0.2177182496402894,0.4225780221930757,0.2034147766959284,1.5193475859467185,0.0004944035587613,0.0369890566876523,Green,EWMA,NIKKEI
2,2270651737,1806,24,0.0132890365448504,0.1810771147850263,0.3265722390416038,0.2526874020881209,1.7887616629445038,0.9624425751821092,0.000493121318891,0.0367912025801406,Green,EWMA,NIKKEI
3,3832971076,1806,18,0.0099667774086378,0.9886723828827624,0.171329644575946,0.392297025321118,0.0002015701314705,1.8712704467862409,0.0005020021934266,0.0369712117634406,Green,EWMA,NIKKEI
4,1146774254,1806,18,0.0099667774086378,0.9886723828827624,0.171329644575946,0.392297025321118,0.0002015701314705,1.8712704467862409,0.0004943481303179,0.0368365754221516,Green,EWMA,NIKKEI
5,321931265,1806,21,0.0116279069767441,0.4979052607227683,0.2429811350677648,0.4019986622230451,0.4593984112599072,1.3632146250841402,0.0005008357875987,0.0368810984652357,Green,EWMA,NIKKEI
6,1667592304,1806,18,0.0099667774086378,0.9886723828827624,0.171329644575946,0.392297025321118,0.0002015701314705,1.8712704467862409,0.0004843007785874,0.0369321421395271,Green,EWMA,NIKKEI
7,2013234757,1806,19,0.0105204872646733,0.8255304781454543,0.1938239160137925,0.4196008954523844,0.0485926714083513,1.6883098653923412,0.0005016062506695,0.0370588298806586,Green,EWMA,NIKKEI
0,240564763,1858,26,0.0139935414424111,0.1027369735267962,0.3767904765444174,0.178736890001583,2.662533560399531,0.7811473250928884,0.0004188741541865,0.0331754986032706,Green,EWMA,SP500
1,1808674396,1858,27,0.0145317545748116,0.0659455097556179,0.4084260735079003,0.1310376930109823,3.3811629081905146,0.6833776203292814,0.0004211958966058,0.033327395214475,Green,EWMA,SP500
2,1690794875,1858,29,0.0156081808396124,0.0247495542274226,0.4745822618103389,0.0622681051327572,5.041324899439097,0.5112869813979728,0.0004372819522574,0.0333003592975926,Green,EWMA,SP500
3,1903571539,1858,22,0.0118406889128094,0.4384031917799934,0.2613276892928735,0.394126205199651,0.6004583668788879,1.2617098395398614,0.0004297766368619,0.033401484631671,Green,EWMA,SP500
4,445528388,1858,29,0.0156081808396124,0.0247495542274226,0.4745822618103389,0.0622681051327572,5.041324899439097,0.5112869813979728,0.0004255657878835,0.0332701530198816,Green,EWMA,SP500
5,3219007326,1858,26,0.0139935414424111,0.1027369735267962,0.3767904765444174,0.178736890001583,2.662533560399531,0.7811473250928884,0.0004193232883395,0.0331484702738122,Green,EWMA,SP500
6,187168610,1858,27,0.0145317545748116,0.0659455097556179,0.4084260735079003,0.1310376930109823,3.3811629081905146,0.6833776203292814,0.000431700115538,0.0332428982379598,Green,EWMA,SP500
7,830921242,1858,28,0.015069967707212,0.041025154000012,0.4410462493302546,0.0921564890735626,4.174975573787169,0.593558783713263,0.0004417346989113,0.0332324594139629,Green,EWMA,SP500
0,1500119024,1532,17,0.0110966057441253,0.6716279950786792,0.0125858224925353,0.0406376698950336,0.1797037054844095,6.22641591974687,0.0003448301329423,0.026719499870038,Green,EWMA,STOXX
1,468689888,1532,17,0.0110966057441253,0.6716279950786792,0.0125858224925353,0.0406376698950336,0.1797037054844095,6.22641591974687,0.0003595392262311,0.0268851946176487,Green,EWMA,STOXX
2,3065002917,1532,11,0.0071801566579634,0.2427612716456686,0.0654224799201706,0.0926071160597336,1.3644874915779184,3.3942910943926137,0.0003454150419282,0.0268527503518872,Green,EWMA,STOXX
3,2141810086,1532,17,0.0110966057441253,0.6716279950786792,0.0005390537375684,0.0022937012648495,0.1797037054844095,11.975473281153969,0.0003542897630755,0.0266965763041794,Green,EWMA,STOXX
4,3697933623,1532,19,0.0124020887728459,0.3623971371968496,0.0205082032471451,0.045101538672968,0.8295691712883446,5.368108660988099,0.0003601214212406,0.0267126133223088,Green,EWMA,STOXX
5,2396610431,1532,15,0.0097911227154047,0.9342859243899352,0.0072015710153343,0.0269331945581468,0.0067986148350633,7.221992894525982,0.00035001008671,0.0265821314537555,Green,EWMA,STOXX
6,944774901,1532,18,0.0117493472584856,0.5030996693569209,0.0007913028335844,0.0028656584936745,0.4483917675005644,11.261522461500787,0.0003583193399825,0.0266842866404249,Green,EWMA,STOXX
7,1244738664,1532,13,0.008485639686684,0.5407821732046525,8.491260100943362e-05,0.0003671037398587,0.3740920177413036,15.44564014213583,0.0003409290058595,0.026648888973269,Green,EWMA,STOXX
0,3696442956,1665,24,0.0144144144144144,0.0894793130039902,0.4019569580368198,0.1664450530656772,2.8837159725679022,0.7024640987221176,0.0003051841291394,0.0246588708110294,Green,EWMA,TLT
1,3060743721,1665,24,0.0144144144144144,0.0894793130039902,0.4019569580368198,0.1664450530656772,2.8837159725679022,0.7024640987221176,0.0003057293314702,0.0245817324921802,Green,EWMA,TLT
2,1518425714,1665,21,0.0126126126126126,0.3031688745231335,0.4637463312157096,0.4499943350836195,1.060203067583922,0.5368375024162333,0.0002976776477783,0.0246391680413535,Green,EWMA,TLT
3,418637662,1665,23,0.0138138138138138,0.1392382251720738,0.4219959927947184,0.2427911032321427,2.186357791294125,0.6447499343856293,0.0003084695515224,0.0246460252265869,Green,EWMA,TLT
4,2357709804,1665,23,0.0138138138138138,0.1392382251720738,0.4219959927947184,0.2427911032321427,2.186357791294125,0.6447499343856293,0.0003031903076196,0.0246540371701661,Green,EWMA,TLT
5,2139891450,1665,23,0.0138138138138138,0.1392382251720738,0.4219959927947184,0.2427911032321427,2.186357791294125,0.6447499343856293,0.0003057346200479,0.0246347908249253,Green,EWMA,TLT
6,2721458563,1665,26,0.0156156156156156,0.0333284807760554,0.3635968969921563,0.0687603111320298,4.5288256581171105,0.8254314890410797,0.0003052850498532,0.0246763946361702,Green,EWMA,TLT
7,2782573337,1665,22,0.0132132132132132,0.2091642448049341,0.442596043557583,0.3384523067702389,1.5772015758784796,0.58954260884326,0.0003045148908504,0.0246933684943195,Green,EWMA,TLT
0,1972273975,1309,18,0.0137509549274255,0.1968675782070447,0.4784729225118876,0.3382731663957182,1.6654611674867663,0.502341883116685,0.0012462677350235,0.0946692583173163,Green,EWMA,UNG
1,2053000379,1309,16,0.0122230710466004,0.4347035081168439,0.5290089241719498,0.6045569242296925,0.6102239323520768,0.396294959449051,0.0012093947743219,0.094686632866785,Green,EWMA,UNG
2,684908435,1309,16,0.0122230710466004,0.4347035081168439,0.5290089241719498,0.6045569242296925,0.6102239323520768,0.396294959449051,0.0012469222486981,0.0946148480849197,Green,EWMA,UNG
3,35990613,1309,16,0.0122230710466004,0.4347035081168439,0.5290089241719498,0.6045569242296925,0.6102239323520768,0.396294959449051,0.0012257645842663,0.094941852257029,Green,EWMA,UNG
4,2948243866,1309,17,0.0129870129870129,0.2990980999196377,0.5034159229655075,0.466279764174994,1.0782110559781204,0.4477278893998573,0.0012554688221286,0.0949745095787115,Green,EWMA,UNG
5,2493735995,1309,15,0.0114591291061879,0.6040940860076642,0.5552272133177347,0.7345844028704074,0.2688651069217869,0.3480356490009342,0.0012335685200609,0.0944451561745574,Green,EWMA,UNG
6,1245656473,1309,14,0.0106951871657754,0.8026118627749712,0.5820435655210419,0.8330069061301174,0.0624841514670604,0.3029425408874431,0.0012122947539248,0.0947586326323276,Green,EWMA,UNG
7,2035072031,1309,15,0.0114591291061879,0.6040940860076642,0.5552272133177347,0.7345844028704074,0.2688651069217869,0.3480356490009342,0.0012497420141067,0.0947583770632921,Green,EWMA,UNG
0,3559348374,1923,24,0.0124804992199688,0.2925366138268022,0.4359306179708779,0.4242464784327624,1.1079104863436129,0.6069708648385586,0.0002091903107326,0.0147269659423981,Green,EWMA,USDJPY
1,3045949333,1923,24,0.0124804992199688,0.2925366138268022,0.4359306179708779,0.4242464784327624,1.1079104863436129,0.6069708648385586,0.000210050771151,0.0147110661610836,Green,EWMA,USDJPY
2,2815719230,1923,22,0.0114404576183047,0.5348589728208487,0.4753618506840434,0.6393403348440814,0.3851516528152219,0.5094850691822046,0.0002087424608048,0.0147747102002976,Green,EWMA,USDJPY
3,482354445,1923,22,0.0114404576183047,0.5348589728208487,0.4753618506840434,0.6393403348440814,0.3851516528152219,0.5094850691822046,0.000211700223937,0.0148297186709139,Green,EWMA,USDJPY
4,3386664186,1923,22,0.0114404576183047,0.5348589728208487,0.4753618506840434,0.6393403348440814,0.3851516528152219,0.5094850691822046,0.0002044725252437,0.0147453498626114,Green,EWMA,USDJPY
5,228244453,1923,21,0.0109204368174727,0.6893563627462121,0.4957717297405483,0.7320698137110828,0.1597830208531232,0.4639757704396459,0.0002091234671688,0.014734432658641,Green,EWMA,USDJPY
6,2102724395,1923,24,0.0124804992199688,0.2925366138268022,0.4359306179708779,0.4242464784327624,1.1079104863436129,0.6069708648385586,0.0002080220834742,0.0147602312148304,Green,EWMA,USDJPY
7,4031758711,1923,21,0.0109204368174727,0.6893563627462121,0.4957717297405483,0.7320698137110828,0.1597830208531232,0.4639757704396459,0.0002116773649729,0.0147693362448815,Green,EWMA,USDJPY
0,2047542119,1386,17,0.0122655122655122,0.4129794601210789,0.5156795538015958,0.579050127938604,0.6702069615862074,0.4225254952259547,0.0009241800637499,0.0663867897120098,Green,EWMA,USO
1,2388479189,1386,19,0.0137085137085137,0.1889617700256408,0.2597696312108199,0.2236128541546662,1.725693836043087,1.2699842681141718,0.0008602062061308,0.0664922703538589,Green,EWMA,USO
2,3727440375,1386,17,0.0122655122655122,0.4129794601210789,0.5156795538015958,0.579050127938604,0.6702069615862074,0.4225254952259547,0.0008743183613893,0.0666319511944143,Green,EWMA,USO
3,3940737610,1386,16,0.0115440115440115,0.5728394511092016,0.1758636510996615,0.3412652046495013,0.3179546080531672,1.8322361473990156,0.0008408944819261,0.0664696460450927,Green,EWMA,USO
4,1606533846,1386,15,0.0108225108225108,0.7613440067958436,0.1515556072505471,0.3415082272626027,0.0922436162957094,2.0565234011373548,0.0008392310503436,0.0667742894826695,Green,EWMA,USO
5,2122512627,1386,16,0.0115440115440115,0.5728394511092016,0.5408297221958241,0.7075270832236823,0.3179546080531672,0.3740041319920237,0.0008334058579264,0.0665368870001283,Green,EWMA,USO
6,2122092381,1386,16,0.0115440115440115,0.5728394511092016,0.1758636510996615,0.3412652046495013,0.3179546080531672,1.8322361473990156,0.000870016347135,0.0664035905700506,Green,EWMA,USO
7,3468193403,1386,17,0.0122655122655122,0.4129794601210789,0.2020301952251249,0.3169782925934907,0.6702069615862074,1.6276370085590202,0.0008634496509231,0.0665493376248928,Green,EWMA,USO
