law,n,rep,O_b0,O_b1,c_star_mean,index_checksum
normal,250,0,2.5066616740593146e-05,2.675707009948314e-05,0.0024919235734422057,6311250
normal,250,1,6.69145205027495e-06,5.716546796309047e-06,0.002407092152554159,6205033
normal,250,2,2.880625166631087e-05,2.9950660266119204e-05,0.0027591165951360657,6265990
normal,250,3,1.9418064172249362e-05,2.2542375389858655e-05,0.007618085321960379,6239299
normal,250,4,8.58306735201465e-06,8.778133512747754e-06,-0.0027706969016617067,6273249
normal,250,5,2.4117772655049584e-05,2.1775251039425376e-05,0.003221320783957952,6195526
normal,250,6,7.08530801810728e-06,7.951569176592028e-06,0.0013440077091613123,6294427
normal,250,7,1.3863518352614139e-05,1.4969009394159589e-05,0.004382629328724248,6266736
normal,250,8,1.8140684438511983e-05,1.8834960341378116e-05,0.0029260816055744878,6302580
normal,250,9,3.316209658062085e-05,3.3467926852510096e-05,0.004189638230832923,6236572
normal,250,10,3.791129796197006e-06,4.3446718678309705e-06,-0.0029331360717119196,6154540
normal,250,11,3.439047098760512e-05,3.762319505383351e-05,0.008277574414132538,6168580
normal,250,12,1.5645396738658555e-05,1.4880842092404255e-05,-0.003348440656623708,6195860
normal,250,13,2.858414080979552e-05,2.8492315587049675e-05,0.006646302859651487,6226413
normal,250,14,1.4818291706987824e-05,1.3522006467755073e-05,0.004772561369867237,6189334
normal,250,15,1.7096686091768586e-05,1.726606490893876e-05,0.0023057831755829658,6264896
normal,250,16,2.365331426809019e-05,2.4862796110826554e-05,0.0013433491769841747,6204364
normal,250,17,1.6322812994703264e-05,1.6972808716428933e-05,0.0005307867800771766,6273679
normal,250,18,5.209289385031687e-05,5.212720884035057e-05,0.006145225556613895,6194806
normal,250,19,2.302704875490873e-05,2.52217136630035e-05,0.0005649831469088692,6189667
normal,250,20,2.059228679145593e-05,2.181418723011217e-05,0.0007272593790928953,6198034
normal,250,21,1.879861445885648e-05,2.1955084732995406e-05,0.006043468117435304,6255396
normal,250,22,1.307159701490906e-05,1.2633499472027212e-05,0.0023730432753679576,6250131
normal,250,23,8.552999290913652e-06,4.566660149259843e-06,0.0023873477968363427,6193458
normal,250,24,2.584783866406516e-05,2.4928599848522662e-05,0.005246104201655595,6261495
normal,250,25,1.003703493327899e-05,1.0616154021227343e-05,0.004608863731826869,6311721
normal,250,26,4.609542336830165e-06,6.54826439139222e-06,0.0003575791719341598,6199651
normal,250,27,1.6807266532665998e-05,1.8622265267373706e-05,0.0013992979908578269,6234450
normal,250,28,1.579331772264923e-05,1.5172883154962625e-05,-0.001128762382881913,6247945
normal,250,29,1.8382942934178714e-05,2.0061861127110784e-05,0.0005605378011044044,6200986
normal,250,30,6.220214226850204e-06,4.412281470160531e-06,0.003523134464490303,6291319
normal,250,31,1.2954898282921517e-05,1.4056478004268197e-05,0.00421945855834319,6263018
normal,250,32,7.0828500624974445e-06,7.082850062497394e-06,-0.0054515327305065635,6203292
normal,250,33,1.166552235507184e-05,1.1121111253866158e-05,-0.0016243580262398155,6246796
normal,250,34,2.1883592145572956e-05,2.0051832293131433e-05,0.00045740691659632043,6200556
normal,250,35,1.962990995806613e-05,2.2034073014100367e-05,0.001998198535695842,6228178
normal,250,36,1.6303936165619336e-05,1.631007315993376e-05,0.006100156915537724,6260959
normal,250,37,7.096340790218969e-06,8.780450747373956e-06,-0.000647003406746984,6179158
normal,250,38,2.155927164241904e-05,2.3050547899834997e-05,0.0030650500874830457,6251992
normal,250,39,2.5817075548502343e-05,2.5018358053624097e-05,0.0049459288906198925,6267066
normal,250,40,5.480385136899931e-06,1.0360948368887801e-05,-0.0006280998737590051,6205391
normal,250,41,1.4804070318755761e-05,1.3601988790738636e-05,-0.0008635786531821399,6118428
normal,250,42,2.748831453233426e-05,2.9942109139093595e-05,0.0034255392799480504,6154317
normal,250,43,1.4419831293259109e-05,1.1103157675622205e-05,0.004618545377818151,6247619
normal,250,44,8.655878038736342e-06,9.979181771937384e-06,0.0014817782435052273,6197091
normal,250,45,1.4907516627853212e-05,1.3692130153945222e-05,0.0021942197502961185,6239038
normal,250,46,7.884236142622027e-06,7.979773138802756e-06,0.0010567480060692746,6234139
normal,250,47,1.0486107379961821e-05,1.1089728397062386e-05,0.002426205612128327,6270324
normal,250,48,5.86309750643132e-06,5.958576429451761e-06,-0.0035321779020406198,6212960
normal,250,49,2.0321756835187265e-05,1.859823539217883e-05,0.0027527244324414613,6184036
normal,250,50,5.005074526360519e-05,5.066723504800932e-05,0.012940558333733913,6193822
normal,250,51,2.9951474367914746e-05,3.0206554987513864e-05,0.003898906863614241,6209961
normal,250,52,1.483211316805033e-05,1.536229430629464e-05,-0.0010280318936837895,6202046
normal,250,53,1.4591066672302814e-05,1.4535751567422206e-05,-0.00010227362024397486,6205089
normal,250,54,8.60174507129781e-06,9.562443853726525e-06,-0.0019244330315963632,6241289
normal,250,55,1.4225599547182991e-05,1.5094282060887816e-05,0.002229607077702121,6234402
normal,250,56,2.8769299506070222e-05,2.948545008638622e-05,0.006174445787211056,6307184
normal,250,57,1.2481760368274622e-05,1.1475664963378334e-05,-0.001488516638321381,6196672
normal,250,58,2.5407669199165214e-05,2.368758510324883e-05,0.006962210575367302,6225090
normal,250,59,6.89594149467269e-06,8.663708447639016e-06,0.001384635219129887,6276195
normal,250,60,3.085055276423011e-05,3.13112709825427e-05,0.0009358950406313045,6268512
normal,250,61,1.37795052898775e-05,1.5847558968344236e-05,0.0005767655216377219,6244900
normal,250,62,1.5154484044295757e-05,1.596495871542749e-05,-0.0021398755491066797,6261602
normal,250,63,1.4664477297566991e-05,1.5080856582603865e-05,0.0034155524145396544,6265694
normal,250,64,1.0847076234697245e-05,1.1254687386916467e-05,-0.0010805038148357393,6261112
normal,250,65,1.743679341277797e-05,1.6121185719741442e-05,0.002338360994819415,6256161
normal,250,66,3.9025753919565584e-05,3.7470942546339296e-05,0.004729900930826623,6241639
normal,250,67,6.895612215406417e-06,7.631304967048729e-06,-0.002295184911800096,6232388
normal,250,68,3.112875086332963e-05,3.122919207284183e-05,0.0031475279237964974,6246355
normal,250,69,2.29267592943866e-05,2.4089691390275858e-05,0.005334565307864399,6278592
normal,250,70,1.2897976965470852e-05,1.0427296541131149e-05,0.0029917148041602513,6149930
normal,250,71,1.9761952926702393e-05,2.113640087660492e-05,0.0073590175134905554,6225889
normal,250,72,7.958493287291462e-06,6.3954109443767904e-06,0.00558025762147879,6163307
normal,250,73,2.4539118063667702e-05,2.409363075128143e-05,-0.0006520309699874433,6223148
normal,250,74,1.633110659488515e-05,1.8340660169230023e-05,0.0018613173766557065,6256410
normal,250,75,1.0199550210975946e-05,9.271631340669918e-06,-8.505498808501445e-05,6326748
normal,250,76,1.2401460864512426e-05,1.1731561003093721e-05,-0.0025235044838134778,6167722
normal,250,77,2.1168576153057566e-05,2.2105262258463704e-05,2.013835591503244e-05,6228701
normal,250,78,5.003352455779382e-06,6.871919471856595e-06,-0.0003202677332860634,6239945
normal,250,79,8.724653622345878e-06,6.716082393819339e-06,-0.0002348263963568345,6198992
normal,250,80,1.7164606845630706e-05,1.6583948231382595e-05,0.0058334220088703415,6280950
normal,250,81,2.8846959766934084e-05,2.814355232710356e-05,0.0033516478009546335,6168882
normal,250,82,1.043623964928567e-05,1.0795625158052276e-05,-0.0018501933896104869,6234851
normal,250,83,1.6464556227715082e-05,1.575744944652851e-05,-0.0032558950951529055,6179550
normal,250,84,7.331354328760415e-06,6.535035932494401e-06,-0.0027810543433256373,6204890
normal,250,85,3.5772785173774165e-05,3.4892261163770884e-05,0.005102245626842829,6316422
normal,250,86,1.605038319870147e-05,1.6049696003046912e-05,-0.00036239124810210895,6189501
normal,250,87,1.2158085347464186e-05,1.3246215287088729e-05,0.0014910655835540364,6236233
normal,250,88,1.2961821890191604e-05,1.0662929077206096e-05,0.001953795099578177,6300881
normal,250,89,1.0478151162486224e-05,9.239057012581248e-06,-0.00017825450167958042,6234511
normal,250,90,1.827181505768138e-05,1.7116386350294466e-05,0.00046998006712043827,6290648
normal,250,91,1.4727596542225062e-05,1.4311884630371383e-05,0.0019460139229101813,6251357
normal,250,92,2.135249058257036e-05,1.9235160874160267e-05,0.006677506904490519,6271984
normal,250,93,1.827742647530916e-05,1.4202078286434578e-05,0.004543636231791898,6264134
normal,250,94,2.2122287639582518e-05,2.383676315985259e-05,0.0030765136728435113,6197731
normal,250,95,2.3440303117368586e-05,2.0682586670741033e-05,0.003886050668961471,6253966
normal,250,96,2.157142669121833e-05,1.9874370416370645e-05,0.0034361736756119577,6228363
normal,250,97,7.325377424413032e-06,5.578233320457197e-06,0.0011649198213674057,6267771
normal,250,98,3.904100235520163e-06,4.607237045505218e-06,0.0010323657826184973,6283487
normal,250,99,1.4022026520319234e-05,1.3139178230935038e-05,0.000915149743820533,6206207
normal,250,100,1.9242231502051466e-05,1.980791692700076e-05,0.0004190345091183721,6233506
normal,250,101,1.945640316475624e-05,1.9205695842425238e-05,-3.4880462152777315e-05,6213840
normal,250,102,2.219609261321879e-05,2.035148362891014e-05,0.005863085095181126,6275339
normal,250,103,1.6696671801993627e-05,1.8497439642549992e-05,0.0040608589112783346,6134360
normal,250,104,2.236540209446775e-05,2.6208014783051736e-05,0.0038173181407925782,6256626
normal,250,105,2.2952720976583495e-05,2.149521476335007e-05,0.0072143044148044845,6205146
normal,250,106,1.3267944407484646e-05,1.5445557341846457e-05,0.00504706440134431,6221191
normal,250,107,1.2536980704628622e-05,1.1230421599741662e-05,-0.0017238270220257,6268651
normal,250,108,1.669495814894498e-05,1.3549157571512484e-05,0.0029035950388385124,6203274
normal,250,109,1.859857631597092e-05,2.345546906923575e-05,0.0055523442255206714,6224123
normal,250,110,2.645355325384297e-05,2.6203007621485335e-05,0.0020128623749007756,6193008
normal,250,111,2.2645805381465834e-05,2.2645805381465834e-05,0.0035869736504045846,6248296
normal,250,112,1.61488610044654e-05,1.5891636197099868e-05,0.0013566012579133218,6266855
normal,250,113,4.416843146428612e-05,4.4946248923591334e-05,0.0034294002759820107,6211032
normal,250,114,1.67147611683202e-05,1.679684096895626e-05,-9.608619273626159e-06,6257197
normal,250,115,2.8468654618057815e-05,2.8164533123636363e-05,0.004663078062342286,6185565
normal,250,116,2.0999290529818336e-05,2.2302656033737995e-05,0.002984652507780332,6221017
normal,250,117,2.828503376021741e-05,3.1934571892782e-05,0.007616848903058544,6266972
normal,250,118,4.173923880225245e-05,4.0125497593922954e-05,0.005849167122504397,6139888
normal,250,119,1.2320897349183935e-05,1.2308911160064645e-05,0.005507605842658498,6236966
normal,250,120,1.6495606172650676e-05,1.5263476621186538e-05,0.003305246244241742,6277373
normal,250,121,1.615232311600317e-05,1.5062337316616758e-05,0.006063487349185823,6227830
normal,250,122,1.181673555830172e-05,7.731741822217916e-06,0.002915004265620816,6165369
normal,250,123,2.2017852738887772e-05,2.1162946744711008e-05,0.006630766488389883,6191836
normal,250,124,9.805939456087457e-06,4.533092815989131e-06,0.005890385408778229,6247240
normal,250,125,1.94833470905757e-05,1.5310253964971026e-05,0.01061185719294724,6255817
normal,250,126,1.3869248875700517e-05,1.219766247218578e-05,-0.0021349100806747935,6220633
normal,250,127,4.8246742969509305e-06,3.248587522822849e-06,-0.0010375661053676965,6302476
normal,250,128,4.8493100867269044e-05,4.923062713133442e-05,0.01781487053591793,6069130
normal,250,129,9.719550918909538e-06,9.822001844101554e-06,0.001507123541478153,6120041
normal,250,130,1.476155520789692e-05,1.4923725167395622e-05,-0.0013300562404591546,6203253
normal,250,131,8.439313567144677e-06,8.13066283716597e-06,0.002189655480533973,6243216
normal,250,132,4.859354855627951e-05,4.6372225646509415e-05,0.008944111609615633,6260128
normal,250,133,1.6848533258947862e-05,1.846171166850631e-05,-0.0013379721675912549,6229104
normal,250,134,1.090495470953793e-05,8.64678116362067e-06,0.004774967328053298,6247455
normal,250,135,1.2816075630376254e-05,8.963654894906048e-06,0.0028618608861019058,6231603
normal,250,136,1.815866140429926e-05,1.7578186576984182e-05,0.013405243977204682,6253360
normal,250,137,1.4828992270197804e-05,1.1999285822452106e-05,0.0017634324955847324,6202595
normal,250,138,2.1700412967346855e-05,2.0262217129375132e-05,0.0041876417707577725,6217395
normal,250,139,3.6290136742437902e-06,2.5472425792593453e-06,0.002062407999769165,6210245
normal,250,140,1.6414655892180218e-05,1.753799160556673e-05,-0.003636694820614519,6206649
normal,250,141,1.6489475700585847e-05,1.592755175224995e-05,-0.0005244201689674243,6221226
normal,250,142,1.140655741211854e-05,1.0518701120136491e-05,0.003688848710570607,6203897
normal,250,143,1.5622808525975982e-05,1.4362069843217214e-05,0.00048735184884539915,6185733
normal,250,144,1.1881929167747282e-05,1.1817232981637259e-05,0.0010160481865062352,6191363
normal,250,145,4.3466370379997695e-05,4.339565970187902e-05,0.005655684664515397,6261974
normal,250,146,1.246583824029161e-05,1.0211658416641198e-05,0.0004261241758718062,6179452
normal,250,147,2.8189364482477732e-05,3.0361617382938334e-05,0.002761922121378021,6192821
normal,250,148,2.264958580117769e-05,2.0753348311409225e-05,0.005865230380970319,6199436
normal,250,149,2.761987373608648e-05,2.614405794962676e-05,0.007550640961381429,6316072
normal,250,150,1.2993617144114282e-05,1.3055590632427294e-05,0.0029298715963764032,6209060
normal,250,151,1.0457476369069864e-05,1.2421663503837417e-05,0.0031005865196246755,6224766
normal,250,152,3.084890718178793e-05,3.4693341191345747e-05,0.0034457506356121276,6313209
normal,250,153,1.664391360338615e-05,1.6808662090437406e-05,0.0034829883906134103,6282271
normal,250,154,2.1775722696368275e-05,1.9756587804529692e-05,0.0015521049215537473,6127704
normal,250,155,1.3873494746447709e-05,1.2812834574667917e-05,-0.002176332320076104,6217821
normal,250,156,9.131066817578833e-06,4.136794690671715e-06,0.004185114620107604,6235525
normal,250,157,2.263943236739465e-05,2.1748978082769465e-05,0.005129303570216625,6209737
normal,250,158,8.75038237271703e-06,9.276975575276905e-06,-0.0014092920362618491,6228539
normal,250,159,7.444273109648351e-06,7.096444741264682e-06,-0.0025338541623572373,6256614
normal,250,160,1.9503141352928683e-05,1.794750643431831e-05,-0.0029281100828635522,6185373
normal,250,161,2.120966621835443e-05,1.942808921352998e-05,0.005224207507505709,6193920
normal,250,162,1.8642445187189276e-05,1.850830445845621e-05,0.0055117771480710336,6251230
normal,250,163,1.5931664626207867e-05,1.8182893087879932e-05,0.0002242990780891394,6227686
normal,250,164,1.9012208998754684e-05,1.6068739269039545e-05,0.00487352078635088,6219683
normal,250,165,1.6680422873289245e-05,2.058587244284915e-05,0.0030781791967077416,6260991
normal,250,166,1.3499763971899264e-05,1.4362262841950354e-05,0.003093020575335401,6174038
normal,250,167,1.3320765423806154e-05,1.2330815930145016e-05,-0.003411476139793147,6174213
normal,250,168,2.3318857969973888e-05,2.2370833705091157e-05,0.0057926043953578175,6189484
normal,250,169,1.5208627767965785e-05,1.6978829795290896e-05,0.0002562433053569307,6197425
normal,250,170,2.9167229313267563e-05,3.038733292922032e-05,0.003262267349010358,6207232
normal,250,171,7.221035335580473e-06,8.18439417718943e-06,0.0004293414810276881,6225685
normal,250,172,1.4048260842859244e-05,1.6314506606635308e-05,0.0003699660771297819,6218875
normal,250,173,1.3909311998590717e-05,1.5635028321217755e-05,-0.00016337493579564384,6204188
normal,250,174,1.689400115059582e-05,1.8156704507923296e-05,0.0027163202529700775,6193629
normal,250,175,2.9259953596693003e-05,2.7826181117931878e-05,0.005113568037142016,6240422
normal,250,176,3.861286652327315e-06,-3.396999160866762e-06,0.003777509223844142,6179114
normal,250,177,2.387368148958151e-05,2.3839446663968223e-05,0.002014424831761066,6214545
normal,250,178,1.5744592070209175e-05,1.5294260653436988e-05,0.0025653102373761555,6279273
normal,250,179,6.152185743760251e-06,9.170785313563397e-06,-0.0004917653060999941,6231680
normal,250,180,1.786898893682888e-05,1.686847365533061e-05,-0.000720885085349465,6226486
normal,250,181,1.0593870980676569e-05,7.711746180761e-06,-0.00026312834347378403,6196754
normal,250,182,1.4366546033301054e-05,1.5404857887112047e-05,-0.0006903672686931673,6262394
normal,250,183,1.5227951291421136e-05,1.467243407169936e-05,-0.0006176745410716733,6161396
normal,250,184,1.6153102738473395e-05,1.488031053233764e-05,-0.00021197052010712012,6247919
normal,250,185,1.369718223421829e-05,1.0769880771433937e-05,0.0013986148266860354,6182448
normal,250,186,2.0383711952619842e-05,2.0351664883371784e-05,-0.001353311852908442,6294284
normal,250,187,4.986120310244302e-06,5.512420093722787e-06,-0.0035994708019330785,6169687
normal,250,188,9.825396115737598e-06,9.48287779599416e-06,0.0007059913386366816,6248800
normal,250,189,1.3783814315291325e-05,1.1989975087101754e-05,0.0022013290688748404,6255625
normal,250,190,9.349007491188823e-06,9.049886661140597e-06,-0.0020636244916357256,6271571
normal,250,191,1.5968555217616505e-05,1.739911905276571e-05,0.0028900012008673133,6217214
normal,250,192,1.4323645747759796e-05,1.4475233058391292e-05,0.0004731260276229691,6239792
normal,250,193,1.1365339652800594e-05,8.732351853816784e-06,0.0013843710210164253,6241649
normal,250,194,6.8883542916421055e-06,7.995128712599061e-06,0.0017401567460897083,6267294
normal,250,195,1.641753892949322e-05,1.5675349138304505e-05,0.0056800183001275515,6214648
normal,250,196,1.446938067741739e-05,1.6522336730960585e-05,0.0044902029542764465,6274911
normal,250,197,4.065798024268513e-05,4.228410822194909e-05,0.00648204484424488,6190335
normal,250,198,8.942090548409892e-06,9.129730413788385e-06,-0.00026586950608601035,6179508
normal,250,199,1.2993325682838162e-05,1.297624098340052e-05,-0.0023241249078346645,6189618
normal,250,200,9.064836992281547e-06,9.513807924896557e-06,-0.0008643869036262062,6211311
normal,250,201,4.1863264099391406e-05,4.313678997215653e-05,0.003927861299143008,6192466
normal,250,202,5.550352380091658e-06,4.634811187431556e-06,0.0006934323011285514,6191759
normal,250,203,4.188800423878666e-06,1.0034297853346523e-06,-0.0011686603388308095,6229965
normal,250,204,2.5504984183675317e-05,3.0089118005911025e-05,0.004364467433195019,6259473
normal,250,205,6.030785608072211e-06,6.271045419594094e-06,-0.0004266772547095543,6232059
normal,250,206,9.120331956671948e-06,8.55754001350406e-06,-0.003325397879916877,6189793
normal,250,207,7.659247907809274e-06,7.795218993985263e-06,-0.003027821836709743,6245945
normal,250,208,1.5214656216054476e-05,1.3611911530056604e-05,0.0036594258146790248,6340061
normal,250,209,2.838632409560502e-05,2.6821673105058225e-05,0.006204610871215425,6325205
normal,250,210,1.1642191617432933e-05,1.1557803974929369e-05,-0.0011974735145554394,6208268
normal,250,211,2.659079490350245e-05,2.692183324033072e-05,0.007012527457200931,6269314
normal,250,212,2.832686025606155e-05,3.046375658202001e-05,0.004805180444421266,6202302
normal,250,213,3.739279795630594e-06,3.7392797956305927e-06,-0.005038993171622947,6214382
normal,250,214,4.493294480900203e-05,4.8121035522608864e-05,0.018179509754505153,6217328
normal,250,215,3.678515518946901e-05,3.6240059539147584e-05,0.006857570921246847,6242951
normal,250,216,1.9203705169445547e-05,2.054064446943106e-05,0.003431184788243221,6145348
normal,250,217,1.8851778211013205e-05,1.7720407361114787e-05,3.900540018326376e-05,6145620
normal,250,218,2.684971293044578e-05,2.5745316350103053e-05,0.0005181527445960623,6341035
normal,250,219,9.699433087721328e-06,9.985106452407514e-06,-0.0019059114251584344,6196934
normal,250,220,4.385717499139616e-06,3.828079601132794e-06,-0.001409155326873226,6285409
normal,250,221,1.8110954529193518e-05,1.927938576969468e-05,0.0016363377235118172,6187761
normal,250,222,1.6977470118815256e-05,1.745176124821851e-05,0.000975112385200235,6244480
normal,250,223,2.0457329972056085e-05,2.2422272822407017e-05,0.0030356949371746437,6164261
normal,250,224,2.0059029804455903e-05,1.978517188368051e-05,0.0017953606513153796,6185681
normal,250,225,8.289846812068322e-06,7.824656404569528e-06,0.002450867551136733,6271171
normal,250,226,9.972583128913736e-06,9.355715135854712e-06,-0.0016683665257405595,6181522
normal,250,227,1.3383664275199926e-05,9.758488834590211e-06,0.005093056930436379,6332166
normal,250,228,2.8714536087357773e-05,3.1401541855866484e-05,0.0075297016703282215,6252290
normal,250,229,1.3864338745596279e-05,1.4217892136189525e-05,-0.0025590888897335873,6252079
normal,250,230,1.3843747504856593e-05,1.2627585316522771e-05,-0.0015152356364380338,6205598
normal,250,231,8.708011898388218e-06,8.936321275078997e-06,-0.002003467758679202,6142900
normal,250,232,1.2622645406768487e-05,1.3284479308682154e-05,0.0012636887062353666,6264337
normal,250,233,1.5032579348916286e-05,1.718479184471386e-05,0.002323763914772558,6190255
normal,250,234,2.1549819039949008e-05,2.3805797605760298e-05,0.0033484752422277752,6188806
normal,250,235,1.117057360083789e-05,1.4566184492220006e-05,0.0029072220537245974,6240979
normal,250,236,1.1818829211493893e-05,1.2297644921161043e-05,-0.0005144500677457832,6243249
normal,250,237,2.9411104123462216e-05,3.654803582576709e-05,0.0061560122924683965,6245814
normal,250,238,1.2121050896646044e-05,1.1759793437996757e-05,0.004793200856792544,6267626
normal,250,239,1.0758498233027309e-05,1.2413071522697507e-05,-0.0009892307637280537,6219660
normal,250,240,1.3352764143321246e-05,1.6794049773792386e-05,0.0017685022381838807,6214829
normal,250,241,1.6020366437050434e-05,1.6506642600261936e-05,0.0023827145677745355,6272716
normal,250,242,8.375809733979136e-06,5.545673485641168e-06,0.001051933740107087,6208198
normal,250,243,9.047000687952757e-06,1.033330787294181e-05,0.001391210960917262,6282510
normal,250,244,3.2188594093774884e-05,3.293361866344559e-05,0.0046097056354625545,6259816
normal,250,245,2.7252087224992785e-05,2.8029904684298015e-05,0.002354129900340666,6191366
normal,250,246,1.9277552468934924e-05,1.9647890393905965e-05,0.0031340849633551948,6268765
normal,250,247,1.978118226395873e-05,1.8101035832151328e-05,0.0014812603334607916,6261729
normal,250,248,3.2870172698649234e-05,3.2357369374741435e-05,0.005282491204965956,6217402
normal,250,249,6.49479746663869e-06,6.673753001251159e-06,-0.0027972439568859364,6237667
normal,250,250,2.625078304313481e-05,2.7237918039074807e-05,0.002546452195821972,6260118
normal,250,251,4.259721387046486e-05,4.300526761858824e-05,0.007969984559158608,6148385
normal,250,252,1.3051818188155823e-05,1.2391376185422116e-05,-0.0006239174559525716,6238667
normal,250,253,1.8076820232641893e-05,1.8871564137492498e-05,0.0037408369760448344,6200444
normal,250,254,1.9734901510719297e-05,1.6863420595759898e-05,0.007157366227139259,6297992
normal,250,255,2.799406820805067e-05,2.7514275488300972e-05,0.0017889172264921227,6256506
normal,250,256,1.7570618042508115e-05,1.8168851474892096e-05,0.0030906937893164146,6229117
normal,250,257,1.3215958389199136e-05,1.0749659004558746e-05,-0.0008151276985651466,6248455
normal,250,258,1.5101624008997472e-05,1.6174935707210927e-05,0.0031459350976781233,6278549
normal,250,259,9.336996682166772e-06,9.513967916574414e-06,0.001549942589131166,6214524
normal,250,260,1.965420589360951e-05,1.9842919676379567e-05,0.00038332060476149873,6194658
normal,250,261,4.453377593639443e-06,-5.56181233340987e-07,0.003838896805465817,6215834
normal,250,262,2.838780086473242e-05,2.9052129220083438e-05,0.0018358615473830031,6211333
normal,250,263,1.725917366806028e-05,1.7427858354047786e-05,0.0022182301482411887,6222312
normal,250,264,1.8338540599666103e-05,1.6453542615542837e-05,0.00011476027799557679,6288714
normal,250,265,2.3861240315851732e-05,2.2335467838535692e-05,0.004012139870359171,6256404
normal,250,266,9.764936949738508e-06,8.877065596943848e-06,0.0034553715717776366,6191538
normal,250,267,2.3959041920157696e-05,2.4652551865892062e-05,0.005642337767855981,6252596
normal,250,268,1.5134445659162718e-05,1.53112200047322e-05,0.004816003434070269,6242159
normal,250,269,2.2395731324823062e-05,1.9646238608884995e-05,0.0002792617452486042,6194731
normal,250,270,1.733878471833364e-05,1.633308935108171e-05,0.0063312599713540975,6235365
normal,250,271,1.0487411329243002e-05,1.1266819768392656e-05,-2.6112786766642124e-06,6232651
normal,250,272,8.344454853204868e-06,8.357083176120955e-06,0.001591044817177807,6199164
normal,250,273,1.2992070662445972e-05,1.3698251507262104e-05,-0.001333850216674664,6156389
normal,250,274,1.6927911467277222e-05,1.185420737749241e-05,-3.92743520417021e-05,6145530
normal,250,275,9.099974153253397e-06,7.911919641797996e-06,-0.0011231853067573292,6213304
normal,250,276,1.0372878531577967e-05,9.712378984860138e-06,0.002661150717702034,6257792
normal,250,277,4.811183739395473e-05,4.721999237140784e-05,0.0099320799738214,6219661
normal,250,278,1.3420463197299581e-05,1.4326319224200425e-05,0.0017623293634647208,6201485
normal,250,279,2.934678154836887e-05,2.9349947345717616e-05,0.009444788107255037,6237614
normal,250,280,7.400538063807702e-06,5.694671021627608e-06,0.0019014336536623492,6153393
normal,250,281,1.164318281068774e-05,1.4815473413754368e-05,0.0024568797370254185,6177279
normal,250,282,1.763107553785369e-05,1.7762308068766766e-05,0.0032875930317616646,6257006
normal,250,283,1.3357275341975903e-05,1.5628296777675596e-05,-7.86104723045441e-05,6224786
normal,250,284,8.56193394804531e-06,5.876141834422167e-06,-0.00015997268184587645,6258991
normal,250,285,9.288412781651074e-06,9.390083140158025e-06,0.0020495866986839366,6256162
normal,250,286,8.391578353739815e-06,9.020837560305172e-06,-0.0016198319741362254,6229076
normal,250,287,1.9837020506981055e-05,2.2881219519656562e-05,0.002879471309252214,6224377
normal,250,288,2.783899618760793e-05,2.911223454229829e-05,0.003559027332695165,6251384
normal,250,289,2.095867940942279e-05,1.8080971239065026e-05,0.005142397094730831,6316653
normal,250,290,2.5471218072954616e-05,2.4686320528208488e-05,0.0027308242851093478,6201432
normal,250,291,2.132824110678565e-05,2.1098230597356463e-05,0.003431275548463456,6235772
normal,250,292,9.72842359397979e-06,8.542940596736782e-06,0.003313292484732806,6207986
normal,250,293,9.848244172967715e-06,1.1414160918913007e-05,-0.0008799144886079879,6186709
normal,250,294,2.211227184860483e-05,2.496665661936996e-05,0.006337730037983238,6214123
normal,250,295,3.2115523500168006e-05,3.275685944765529e-05,0.010491230184415778,6166982
normal,250,296,7.474271094263603e-06,6.449844992222709e-06,0.0021241887293076338,6223284
normal,250,297,2.0080788718784905e-05,1.7787582711012984e-05,0.0030150782231155404,6177925
normal,250,298,1.0688806792416252e-05,8.90736738394803e-06,-0.000782143566029356,6215464
normal,250,299,1.583277034511922e-05,1.7058036806937508e-05,0.002518302795887617,6291234
normal,250,300,8.96744847877272e-06,8.868127985132441e-06,-8.552785061381064e-05,6134037
normal,250,301,1.6090640135358024e-05,1.6232061491595253e-05,0.0035343128320443383,6212391
normal,250,302,2.22060179903138e-05,2.0298018896920166e-05,0.0026019519819184527,6193423
normal,250,303,9.077913175026281e-06,8.254463382275773e-06,-0.002092146620971524,6204890
normal,250,304,2.312278045295473e-05,2.3052069774836048e-05,-0.0015397314490736469,6282645
normal,250,305,1.1067522188316355e-05,1.07846794758417e-05,-0.0033483644769681914,6207345
normal,250,306,1.7571152496703933e-05,1.680147151353216e-05,-9.625622830932627e-05,6302912
normal,250,307,7.086421277224533e-06,8.014662764329202e-06,-0.000407459922551579,6158440
normal,250,308,1.9235956654660594e-05,1.9878714947822118e-05,0.006575102645690031,6143854
normal,250,309,1.0605418412190282e-05,9.159010498166555e-06,-0.0009553485236711534,6201236
normal,250,310,9.527656207433881e-06,5.929579070006952e-06,0.0008144476884507302,6215939
normal,250,311,1.037404383378935e-05,8.239093741738215e-06,-0.002157174600184399,6231709
normal,250,312,2.256632918225484e-05,2.1812852309738174e-05,0.004623428011151389,6208050
normal,250,313,4.65865966401687e-06,5.154070819021711e-06,-0.0008994508074209488,6235009
normal,250,314,8.959659114223492e-06,9.567989813030965e-06,0.0015373812586770542,6238392
normal,250,315,2.295538571802306e-05,2.2921772381411094e-05,0.0035763630075173625,6205895
normal,250,316,7.766690309984428e-05,7.575172791025197e-05,0.01693132664558229,6197428
normal,250,317,2.1380370772150648e-05,2.0485360518859376e-05,0.002045884884723678,6177516
normal,250,318,3.3074347984126515e-05,3.229653052482138e-05,0.002589141330737418,6214045
normal,250,319,2.6529144586160616e-05,2.4843122223221418e-05,0.007117140582889321,6173251
normal,250,320,2.5947471942516755e-05,2.3835002965540988e-05,0.006738476891297671,6255216
normal,250,321,4.691559989206362e-05,4.905379804037331e-05,0.005293261297048613,6229455
normal,250,322,1.4713739446984754e-05,1.2428517828914878e-05,0.0021691536792903133,6211140
normal,250,323,8.324170755546742e-06,6.649659806689222e-06,0.0025726672852111835,6215030
normal,250,324,1.4290846445646891e-05,1.4355523589063657e-05,0.0015500496059631436,6239616
normal,250,325,2.358435518819594e-05,2.4077801149068926e-05,0.000507903725570155,6176376
normal,250,326,2.6613481926793164e-05,2.7698278155285895e-05,0.00166782401480964,6176878
normal,250,327,7.283839794348271e-06,8.227526691071932e-06,-0.001553450812017651,6183788
normal,250,328,1.1081045208666484e-05,9.807868545437067e-06,-0.0030375858500542243,6221997
normal,250,329,5.48386046109468e-06,6.597393817991645e-06,-0.00032511314692183204,6244851
normal,250,330,1.613299356250879e-05,1.8417671658044547e-05,0.0007771184104279919,6189622
normal,250,331,1.796441530747612e-05,1.87652015555032e-05,0.0007870093164355803,6222594
normal,250,332,1.6016794313310483e-05,1.3633807987768993e-05,-0.00027059015166510487,6184600
normal,250,333,1.1716068174977487e-05,9.094604575822642e-06,-0.0004100708865811577,6294355
normal,250,334,9.409853923297127e-06,1.3511950859890918e-05,0.0004344392910895552,6155231
normal,250,335,2.1867070333949076e-05,1.9191365199027614e-05,0.003841853267179898,6165168
normal,250,336,2.7360839499605895e-05,2.648311635064334e-05,0.006047196309781859,6146807
normal,250,337,5.5236133497665434e-05,5.726883494589167e-05,0.008957344274033528,6196851
normal,250,338,1.0411765823443034e-05,9.846080398493776e-06,-0.0025056899197244045,6154820
normal,250,339,2.232786038607229e-05,2.3614175952451805e-05,0.006013765725742281,6144191
normal,250,340,2.116890902208399e-05,2.090932183894105e-05,0.003255976876891533,6212565
normal,250,341,1.5258824798555974e-05,1.5431260252812924e-05,0.0020300632867442203,6221469
normal,250,342,1.1259043303042962e-05,9.592795049990763e-06,0.00023378323956757508,6227652
normal,250,343,9.682681917781389e-06,1.0161318849157299e-05,0.0022663039130157566,6283089
normal,250,344,1.4685136705240675e-05,1.3340719636717297e-05,0.004362681942602551,6184913
normal,250,345,1.7504112617656707e-05,1.8278270879187218e-05,-0.0016504381216848807,6241719
normal,250,346,1.4018365912533922e-05,1.8756900299906357e-05,0.004788982554633158,6202364
normal,250,347,3.366071095652232e-05,3.4940651231931826e-05,0.0035470382155901254,6186742
normal,250,348,4.640484956408265e-06,4.683046400772812e-06,-0.0036158178499522643,6201908
normal,250,349,1.818450285594835e-05,1.658140568081732e-05,0.00524614036596883,6306326
normal,250,350,2.1805490110198155e-05,2.2768941930028895e-05,0.0014502196842975973,6254088
normal,250,351,1.7640798674401158e-05,1.9151780537134634e-05,0.0011114865577379768,6258662
normal,250,352,1.1266079572706785e-05,1.7698841381533478e-05,0.0020540815355869434,6227707
normal,250,353,1.776316035046049e-05,1.4793311869476994e-05,-0.0009417466157334967,6272648
normal,250,354,2.6903869007677442e-05,2.5017983928777034e-05,0.0004350891120739056,6242871
normal,250,355,1.3643986050153228e-05,1.1643596131256055e-05,-0.0009473999718780682,6272982
normal,250,356,2.149782022245822e-05,2.0093805636874933e-05,0.0021444769293981823,6254049
normal,250,357,9.376490125717692e-06,1.0398057407357238e-05,2.650004246592629e-05,6248835
normal,250,358,1.0946692153217235e-05,1.1346825018109198e-05,-0.000372441117206984,6227240
normal,250,359,2.7397556445797502e-05,2.8546441013279238e-05,0.0022159631634564294,6270758
normal,250,360,1.3761788106970464e-05,1.1176423038693258e-05,0.0012074612191085219,6188136
normal,250,361,1.8633895686232857e-05,1.587617923960546e-05,0.004919820722039519,6205417
normal,250,362,7.950783692793105e-06,9.315759278806435e-06,4.9678109030186315e-05,6267018
normal,250,363,1.7102303954390916e-05,1.740899887536855e-05,0.00033838730817499,6195046
normal,250,364,1.0183283017447843e-05,8.589347352015601e-06,-0.0016875799462588753,6166356
normal,250,365,2.3036005585729478e-05,2.308250428491704e-05,0.006421819408898326,6175292
normal,250,366,1.695780069080362e-05,1.7620487157627166e-05,-0.00024092618321599444,6147756
normal,250,367,2.4969787137670176e-05,2.656470494787579e-05,0.0027303796639452827,6259625
normal,250,368,5.543443265128825e-06,5.691210213414815e-06,-0.0037455617857771397,6194941
normal,250,369,8.159759193024073e-06,5.679525127750998e-06,0.004016820012276782,6226253
normal,250,370,1.0429066489176291e-05,1.0751566072794024e-05,0.001954128500581127,6282769
normal,250,371,8.95752179761565e-06,1.1210694962818673e-05,0.002233699895136029,6224421
normal,250,372,6.2209802656631575e-06,3.43700781484948e-06,0.002499357666849102,6199747
normal,250,373,3.0279155665314193e-06,3.027915566531479e-06,-0.004691210754516729,6210938
normal,250,374,1.769567724402705e-05,1.71275194609588e-05,0.0019615942692390483,6210139
normal,250,375,6.697242927461497e-06,5.297038197242559e-06,-0.0009335059779333624,6185403
normal,250,376,2.8395070742632863e-05,3.086950309507343e-05,0.002571731433338999,6308054
normal,250,377,3.4390218088131126e-05,3.6652959787928165e-05,0.00850030241211714,6217214
normal,250,378,2.6721977729161353e-05,2.4422687337053156e-05,-0.0011563483354226078,6193543
normal,250,379,1.9216865878133066e-05,1.8702114003471344e-05,0.0033066786186948544,6228320
normal,250,380,2.9538985582152865e-05,3.622807432889631e-05,0.008692507269765755,6197365
normal,250,381,3.371204913446997e-05,3.4797935574551586e-05,0.006638714361442049,6238867
normal,250,382,2.5824154137742106e-05,2.3721754671660184e-05,0.007525011758726881,6214626
normal,250,383,2.1702323367706035e-05,2.3383955218536657e-05,0.0013818257631449352,6253276
normal,250,384,6.448127100763899e-06,6.448127100763955e-06,-0.004802095284698381,6173083
normal,250,385,1.0757977124176546e-05,1.0639464053786088e-05,-0.0026238927817665426,6182924
normal,250,386,9.101999072789305e-06,5.590213262299383e-06,-4.959112283694042e-05,6243130
normal,250,387,1.0596175291526364e-05,1.183684178947307e-05,0.0014991431234482955,6256987
normal,250,388,1.042345113325226e-05,9.844372142943901e-06,-0.00029711370674051426,6215700
normal,250,389,1.3414969263403868e-05,1.3351723862634392e-05,0.007073616286037615,6223380
normal,250,390,1.2931838326298673e-05,1.4275341210553091e-05,0.0005730917157996743,6280766
normal,250,391,3.219713613879563e-05,3.7743702514636654e-05,0.005720750537920237,6247897
normal,250,392,7.566649234521847e-06,6.878707387204016e-06,0.000694564801363632,6292385
normal,250,393,2.8976029680591953e-05,2.7632526796337535e-05,0.005405214565606918,6265547
normal,250,394,1.0460856005607214e-05,1.0042599155446431e-05,0.00012036034361603346,6255412
normal,250,395,1.3099645157942417e-05,1.2997139610591897e-05,0.0002529508441219235,6231526
normal,250,396,4.257296036100085e-06,3.729349822173518e-06,0.005495845774054795,6247402
normal,250,397,1.867493714837118e-05,1.7402144942235443e-05,0.003256488329120578,6192802
normal,250,398,1.57369017797747e-05,1.6372186652424926e-05,0.001054831502015008,6200071
normal,250,399,1.9470114746955205e-05,2.0847730180289275e-05,0.0021531588752662367,6264778
normal,250,400,1.880870596726801e-05,2.1209816421043922e-05,0.005099533691676892,6286968
normal,250,401,1.2223280981482777e-05,1.1163768308699634e-05,0.001620926330470867,6237157
normal,250,402,3.3473308279396554e-05,3.3309683288959114e-05,0.007620041092124088,6185806
normal,250,403,7.03564928726787e-06,6.780873205361081e-06,-0.0012052441628346339,6215063
normal,250,404,2.8153199568786447e-05,2.9622829606277123e-05,0.0035468882282396696,6289008
normal,250,405,1.9404097640284403e-05,2.1242575271369323e-05,-0.0003967118033735079,6194853
normal,250,406,1.4273275538542736e-05,1.4735242337163322e-05,0.0011372726428776187,6356383
normal,250,407,8.77451799353643e-06,9.346625980174041e-06,0.004377559767012048,6258280
normal,250,408,8.052097872884629e-06,9.424640008120468e-06,-0.0008321944154443546,6287744
normal,250,409,-6.534023493319567e-07,-4.67098656144783e-06,0.007240185379755088,6234754
normal,250,410,1.0431447385708084e-05,9.211741444801037e-06,-0.0004365732397367693,6175920
normal,250,411,8.648696712848766e-06,1.126907050937694e-05,-0.0009336077357176199,6160952
normal,250,412,2.9428203922108603e-05,3.0511264640463755e-05,0.005643328894523763,6204488
normal,250,413,1.542351284140657e-05,1.4433563347745437e-05,-0.003731828077843251,6182299
normal,250,414,2.5239777769675243e-05,2.424563811756486e-05,0.0021500562850872928,6187462
normal,250,415,2.6189928370824907e-05,2.9481381333878575e-05,0.0073777327368613884,6207170
normal,250,416,8.909716884416229e-06,8.916640210680474e-06,-0.0009182910173944289,6199907
normal,250,417,8.797484646778798e-06,7.164815862633238e-06,0.0028226455064885793,6219249
normal,250,418,1.3469007373175701e-05,1.2130991737844203e-05,0.0033627308670968964,6285062
normal,250,419,1.577118798020368e-05,1.6223856078511076e-05,-0.0020410216736605276,6270083
normal,250,420,1.819343319661112e-05,1.958361165183955e-05,0.0036335803841606538,6167934
normal,250,421,2.983943513758246e-05,2.7223140047192193e-05,-0.0017332495909636308,6208709
normal,250,422,2.073359348709042e-05,2.002648670590384e-05,-0.0042115799696320795,6244746
normal,250,423,3.7381423824338745e-06,3.5735800192918727e-06,-0.0035890425690092644,6228643
normal,250,424,8.817179302811773e-06,7.537904792341427e-06,3.1692161949996024e-05,6183291
normal,250,425,3.1561597982796357e-06,4.679803488994443e-06,-7.604698936825985e-05,6229250
normal,250,426,3.135920528949473e-05,3.159308255212835e-05,0.007229230606451782,6173182
normal,250,427,3.194774358966103e-05,3.075573938303185e-05,0.012489060211929947,6173194
normal,250,428,3.1955818480719327e-06,3.0393035196079147e-06,-0.0035251538548880003,6165087
normal,250,429,1.1099477468698668e-05,9.787607095487271e-06,0.0014922929353970152,6182914
normal,250,430,2.145827664054604e-05,1.884198155015582e-05,-0.0008821626816616955,6322630
normal,250,431,2.090966351078899e-05,2.1559193917398562e-05,-0.0017073431427473845,6187064
normal,250,432,1.618015466905622e-05,1.6899652389156164e-05,0.00155832036641791,6197173
normal,250,433,1.0530584333296582e-05,1.0527409629867853e-05,0.0033366568764509295,6258869
normal,250,434,8.770150517835204e-06,8.737236245226128e-06,-0.005316798244490737,6244366
normal,250,435,8.54450484927931e-06,1.0242253378270694e-05,-0.0010521156270050086,6260748
normal,250,436,4.452026933072595e-06,5.839561153270087e-06,0.0012610769867684368,6159824
normal,250,437,6.434494593401349e-06,6.434494593401296e-06,-0.00616895610265903,6194166
normal,250,438,2.188845994826401e-05,2.304330024669166e-05,0.0032837583360561485,6208578
normal,250,439,1.3430264745189144e-05,1.823063042387428e-05,0.002710923973263529,6152623
normal,250,440,1.8457187129438694e-05,1.9022872554387903e-05,0.0018501893592761704,6250403
normal,250,441,1.0391182828526132e-05,1.102050276158932e-05,-0.0026674511077959414,6247564
normal,250,442,2.117830333627261e-05,2.0868023781335934e-05,0.0019019109379294968,6193122
normal,250,443,2.417429862554648e-05,2.3670458625263447e-05,-0.00022241386563671674,6128015
normal,250,444,2.077089662665729e-05,2.5872054035862697e-05,0.003177963184890919,6161988
normal,250,445,1.5905679812919798e-05,1.4678432401411096e-05,0.0005409013783545799,6296284
normal,250,446,1.8947870114211666e-05,1.5218447605914216e-05,0.003461585686110992,6277084
normal,250,447,1.2447502203340562e-05,1.0985851887695774e-05,0.0007862820193207715,6212009
normal,250,448,1.0291828395238337e-05,9.915962663338273e-06,0.0009124569395918457,6199644
normal,250,449,1.0502534530790762e-05,1.22862284270881e-05,0.0008571714793918266,6210098
normal,250,450,9.06195916603103e-06,6.720398717641563e-06,-0.0005436243887063528,6269592
normal,250,451,1.6123486860577405e-05,1.5146494025328606e-05,0.001533798397809573,6215206
normal,250,452,2.4943320849713244e-05,2.5006023509767383e-05,0.0038878001287176627,6265629
normal,250,453,1.1179853663112156e-05,1.1110331380014675e-05,-0.0020837556854886195,6274189
normal,250,454,1.4123107187666798e-05,1.4967789120908125e-05,-0.00021307751072579948,6222725
normal,250,455,1.6156917753346937e-05,1.974093379067915e-05,0.005053002070445025,6296412
normal,250,456,1.3792722881641652e-05,1.3345703727245387e-05,0.0016233705359572103,6197187
normal,250,457,1.3767684745958737e-05,1.518172187584884e-05,0.002125873363872662,6211531
normal,250,458,5.6889359156474955e-06,6.103354345197054e-06,0.0004770755377661571,6204876
normal,250,459,1.7945928085291732e-05,1.8061551488134675e-05,0.004402785876900046,6290264
normal,250,460,1.4156338808350415e-05,1.424350971296986e-05,-0.000779703869497966,6270896
normal,250,461,3.160535605567012e-05,3.471960421023489e-05,0.009701190271246267,6205522
normal,250,462,1.2846500718553844e-05,1.237014623986145e-05,0.0029197246314244395,6181150
normal,250,463,1.0600490034734269e-05,7.340155565463746e-06,-0.00023577544543588902,6227112
normal,250,464,2.5821582227519048e-05,2.7273715168363052e-05,0.002906495879603461,6244996
normal,250,465,1.397583394335321e-05,1.4694982070482259e-05,-0.0023324642181937003,6281827
normal,250,466,1.9324391665334263e-05,1.938308982511495e-05,0.0036815642356069515,6152379
normal,250,467,1.2512486604902688e-05,9.739619366264534e-06,-0.0006002101419141317,6250261
normal,250,468,2.188051544287604e-05,2.265124332802704e-05,0.007041947820005692,6238601
normal,250,469,1.390373149570652e-05,1.5479573901720582e-05,-0.0004337299534173425,6179292
normal,250,470,1.5080885135216346e-05,1.423235699779247e-05,0.0038121157743457594,6260908
normal,250,471,2.139171276650262e-05,2.2982109338391786e-05,-0.001743746256231793,6268926
normal,250,472,1.7488441848033055e-05,1.913798680082332e-05,8.134774189501873e-05,6273781
normal,250,473,2.7268808095594076e-05,2.6951646351506656e-05,0.007819993062289114,6210142
normal,250,474,1.6052181302765066e-05,1.5771602326919714e-05,-0.0010996496650257518,6227351
normal,250,475,3.4579212925677194e-05,3.506784693240887e-05,0.006375577614692876,6209480
normal,250,476,6.913210453734166e-06,5.492801710448606e-06,-0.0018905064216006764,6269879
normal,250,477,1.4750620855385174e-05,1.4184935430435917e-05,0.0012719894173887536,6184237
normal,250,478,7.308441072941246e-06,6.801800256781494e-06,-0.00211398415519824,6225551
normal,250,479,2.2093650183466277e-05,2.6036615157219366e-05,0.003641404832180266,6264940
normal,250,480,1.8863257659625456e-05,1.853950199006362e-05,0.0016406529947648615,6137181
normal,250,481,2.1454041591576966e-05,2.2052947800344805e-05,0.0035277922394469884,6239495
normal,250,482,2.0523228595222e-06,2.0440602695218136e-06,-0.0036923832959351237,6243326
normal,250,483,1.8790091311911477e-05,1.7989701852642607e-05,0.0007062577033249934,6174412
normal,250,484,6.2387827849668344e-06,5.070390114249296e-06,-0.00040439396469440863,6213358
normal,250,485,2.532661451753383e-05,2.5739286289708793e-05,0.0036953548740382212,6177082
normal,250,486,8.260636375129085e-06,7.002870143211878e-06,-0.0026643243657462953,6266355
normal,250,487,2.0395277263453286e-05,1.770827149494436e-05,-0.0009728588154467514,6182562
normal,250,488,1.1396113030729274e-05,1.1909139711976133e-05,-0.0029978403714081307,6225961
normal,250,489,7.359461205649684e-06,6.522982432028481e-06,0.0017889280291559625,6233973
normal,250,490,2.1590251619015284e-05,2.1378119584659345e-05,-0.0022831115161551113,6228333
normal,250,491,1.5180088709183893e-05,1.6202063681545268e-05,-0.0020375106213557153,6225919
normal,250,492,1.9651513087120648e-05,1.7799120568064183e-05,-0.00010747451199238072,6174204
normal,250,493,8.90871797950035e-06,9.086194881346602e-06,0.00017106398572737513,6179878
normal,250,494,2.5126111271904847e-06,2.1546399570747067e-06,0.0014242164481632746,6133939
normal,250,495,1.2430496870572336e-05,1.1458955457426169e-05,-5.219871190157537e-06,6232519
normal,250,496,1.670969624329588e-05,1.470164433403087e-05,0.002623585715502871,6177781
normal,250,497,1.8613610886472273e-05,2.0291828297268833e-05,0.004860969305488776,6245027
normal,250,498,2.188848292133703e-05,2.0110215872850536e-05,0.0060910082474979095,6127010
normal,250,499,2.068044891186544e-05,2.5548723965828794e-05,0.005340829026119442,6247412
normal,500,0,9.905927860324273e-06,1.0681943932346486e-05,-0.0006199131841185794,25021540
normal,500,1,4.772505239646526e-06,4.189386716149103e-06,0.0011912474445701913,25094072
normal,500,2,9.488690489657264e-06,7.959131070866566e-06,-0.003558483318016934,24716168
normal,500,3,5.9582011982958325e-06,5.483194589529983e-06,0.0030757611188206536,25259584
normal,500,4,1.0184988741862164e-05,1.000275607860719e-05,-0.0009106011599707484,24869016
normal,500,5,7.714728539064515e-06,6.474789671217403e-06,-0.0005745036955833884,24912480
normal,500,6,8.203289307280192e-06,7.198186331896902e-06,0.0034138983402776,24848932
normal,500,7,1.0970801882306787e-05,1.0446331589897485e-05,0.0016633737025352686,25055240
normal,500,8,9.610996699606833e-06,8.877795506972012e-06,0.003035911002903441,24809488
normal,500,9,1.10879724315982e-05,1.1833795199273915e-05,-0.0017982913818849421,24970032
normal,500,10,9.145101511621504e-06,1.0904846810029708e-05,0.0018481424607670058,24931704
normal,500,11,1.1456919146915812e-05,1.1850430486262543e-05,0.003669502224841492,25033888
normal,500,12,7.806681859170452e-06,6.7344674065414076e-06,-0.0039172857692739834,24705168
normal,500,13,1.5125665841029243e-05,1.4871899320623322e-05,0.0017686253053667599,25020212
normal,500,14,1.2896897210436654e-05,1.309428519965326e-05,0.002061468359129756,25104980
normal,500,15,1.462357931035889e-05,1.4344908380784374e-05,0.0013681026016249592,25137356
normal,500,16,8.50358606727864e-06,7.766503192834263e-06,-0.0016005801088764579,25087620
normal,500,17,5.568421764006158e-06,6.522773619872589e-06,-0.0014464657675594206,24682840
normal,500,18,1.279508766429094e-05,1.3674878414568975e-05,-7.928478788167635e-05,24979060
normal,500,19,6.630914152203331e-06,5.848018450297617e-06,-0.0003905551530225505,24898324
normal,500,20,6.671957388784753e-06,5.568434456687899e-06,-0.0003221387531517959,24991396
normal,500,21,1.321922475988697e-05,1.3504278460725115e-05,0.001698417224051659,25176752
normal,500,22,5.819874859848864e-06,4.548520115543925e-06,-0.00023107838480179,24816036
normal,500,23,1.1164049792908317e-05,9.884174513635294e-06,-0.0005744811920262683,25067860
normal,500,24,1.2780084269995614e-05,1.3071946374876467e-05,-5.160207073543744e-05,24885948
normal,500,25,9.038165749840387e-06,7.912249180121071e-06,0.00229151578847832,24996272
normal,500,26,4.568878719232325e-06,6.412720392611189e-06,0.0008532984078339986,24980372
normal,500,27,3.192439851539708e-05,3.377191571649137e-05,0.00564840303591961,25020004
normal,500,28,7.667452698811598e-06,6.9109927804478535e-06,-0.0023094393258214206,24841188
normal,500,29,9.392419051010618e-06,1.0130498880980491e-05,-0.0024597911141105745,24875012
normal,500,30,5.552744813143123e-06,5.396471541310983e-06,0.001859959298118789,24882120
normal,500,31,4.866517118952947e-06,6.13363497798303e-06,0.0008877881448895245,24866220
normal,500,32,4.2757200219072656e-06,5.207031837635423e-06,-0.0028059101174526357,25064488
normal,500,33,1.146934750753287e-05,1.2412933136651044e-05,-0.00039578727744081526,24895448
normal,500,34,7.526523472410713e-06,7.81135307548066e-06,-0.0007737277664027153,25149180
normal,500,35,1.0793983505281742e-05,1.0964677471702923e-05,0.0013496441582302226,24926712
normal,500,36,9.495299202106926e-06,8.525979908095946e-06,0.0040059362833499736,24810012
normal,500,37,1.356670372772208e-05,1.2859201939978093e-05,0.0018644234966777463,24749264
normal,500,38,4.720231173387828e-06,5.260830929819671e-06,-0.0009654382839928174,25084384
normal,500,39,1.3623260835028679e-05,1.4125034343968747e-05,0.0023831845486984734,25042320
normal,500,40,6.538142844668263e-06,6.8572702522931975e-06,-0.0008045469213757323,24937304
normal,500,41,1.137068554844655e-05,1.0762507264638151e-05,0.0010574379162639855,24982800
normal,500,42,1.2201352429465943e-05,1.0082299610193083e-05,-0.00041018622309403353,25068096
normal,500,43,7.745355604003019e-06,1.0566100011197513e-05,0.0011554233267943798,24754424
normal,500,44,4.337834183046679e-06,6.8993790771936e-06,0.00013448464746102596,24685400
normal,500,45,9.905823999598611e-06,1.0900637336575919e-05,0.0002977017257374839,24803980
normal,500,46,6.51887913168641e-06,6.027702398363037e-06,-0.0005215488258571233,25036692
normal,500,47,5.681784437708376e-06,6.09566642399864e-06,0.00023171334674915376,24980436
normal,500,48,3.3265570532881767e-06,3.285724689909269e-06,-0.003227451754196305,24945284
normal,500,49,1.0281447948869462e-05,1.0394130258087625e-05,-0.0004413232433389572,24794664
normal,500,50,1.1812077393909696e-05,1.1375431192879271e-05,0.0015087984651896986,25022552
normal,500,51,7.96958624536665e-06,7.845869476267752e-06,-0.001661454992546711,24951116
normal,500,52,8.245451126843179e-06,7.79849442461239e-06,-0.000844869469811356,24892724
normal,500,53,9.696511541433046e-06,8.109890334190294e-06,-0.0009707746998271463,25158992
normal,500,54,6.501128640385771e-06,6.866932170161207e-06,-0.0035894358705645868,24981536
normal,500,55,1.0081666359073276e-05,8.912203977480282e-06,-0.0010420257338815838,24949540
normal,500,56,1.1938748247904324e-05,1.1564720275951695e-05,0.0008219605787314174,24916308
normal,500,57,1.0730806214156899e-05,1.0473411426924154e-05,0.001484810116319725,24901240
normal,500,58,9.729853726268568e-06,9.847270548001509e-06,0.0012583509571515359,24992196
normal,500,59,9.217184860703422e-06,8.985844658444524e-06,-0.0012693115297415267,25016412
normal,500,60,1.0894254914802074e-05,9.87817679558229e-06,-0.003990116966631211,25036968
normal,500,61,1.1408523181914056e-05,1.1684179824131175e-05,-0.00022875833041134585,24878124
normal,500,62,1.0148260757527096e-05,1.1000859392886168e-05,-0.0025581141540079243,24984156
normal,500,63,1.1986905254700016e-05,1.0705034496536316e-05,0.0017339288442054619,24901908
normal,500,64,9.056876719759544e-06,6.628957176918748e-06,0.00040817592686836937,24822600
normal,500,65,8.667574862467958e-06,8.72826811398717e-06,0.0008654118609266057,25072832
normal,500,66,1.7126476086834925e-05,1.7476971948106763e-05,-0.0009496065589263366,24927260
normal,500,67,3.804587615889539e-06,4.20500664374616e-06,-0.0026000446438196653,25040764
normal,500,68,1.1266595478188804e-05,1.0188071184020243e-05,-0.003358102991418518,24967248
normal,500,69,8.663989365228786e-06,8.316810640373864e-06,-0.0002282185618773279,25043492
normal,500,70,8.538447551692143e-06,8.382212562966117e-06,0.0016998178994367954,24774092
normal,500,71,1.0641183259141908e-05,1.099495374554837e-05,0.0026979739000681617,24880008
normal,500,72,1.5384289041594225e-05,1.5836501925515103e-05,0.004458704062167457,24847472
normal,500,73,5.470870698498914e-06,5.772776677832336e-06,-0.0016301463074554795,24945124
normal,500,74,1.18052981353797e-05,1.0778397965704515e-05,0.0010438998189274446,24949908
normal,500,75,6.191728194029495e-06,5.701727272610981e-06,4.953972781162668e-05,25109940
normal,500,76,1.2729444710673478e-05,1.619686153885633e-05,0.00238701556763992,25098712
normal,500,77,8.838133134806779e-06,8.618185453117189e-06,-0.0009926118899258954,25078532
normal,500,78,4.119254170943385e-06,3.047361091779973e-06,-0.0008172142381547145,25124784
normal,500,79,3.698511499969895e-06,3.1066228673535233e-06,-0.0013069685910205514,24888432
normal,500,80,1.2892559612540082e-05,1.2738840941676636e-05,0.004060330084869179,24860592
normal,500,81,1.1206607197099523e-05,1.1658961493554057e-05,0.0013894133197452391,24840508
normal,500,82,5.276932452263726e-06,5.022131261987514e-06,-0.0011523119190662806,24847080
normal,500,83,8.749223543389112e-06,7.589592266534152e-06,0.0006222769906734489,24811936
normal,500,84,6.776434260278104e-06,6.417936242662712e-06,-0.0014942876350358342,25053756
normal,500,85,1.6672736900297952e-05,1.7225360246872906e-05,-0.00013801723069053885,25042824
normal,500,86,1.1810530785733913e-05,1.2341008127835659e-05,-0.0016911786547240937,25072672
normal,500,87,7.025848280516169e-06,7.320480037387461e-06,0.00031806685953083446,24995104
normal,500,88,1.5010718627917726e-05,1.490103827405738e-05,0.002924284053615756,24794936
normal,500,89,6.055063702615124e-06,5.5888322314231475e-06,9.39152312451503e-05,24792332
normal,500,90,8.404385307334449e-06,8.695593131490328e-06,-0.0015984538901341059,24974800
normal,500,91,6.719046434835907e-06,6.6159602437776564e-06,-0.0003794423743969026,24941180
normal,500,92,9.373269788555255e-06,7.7892511790157e-06,0.0015068850873895597,24920560
normal,500,93,8.270423477698033e-06,9.320533096285881e-06,-0.00027513672729625685,25007252
normal,500,94,1.3490408735722463e-05,1.1967629024812564e-05,0.0024751320296966316,24911728
normal,500,95,1.1196293996206954e-05,1.1662684909437079e-05,0.002000133917344493,24900712
normal,500,96,8.81301338710419e-06,6.642149933820807e-06,0.0021849639573978596,25083992
normal,500,97,6.215536725530061e-06,8.692473564979798e-06,0.0012340584632539013,25157744
normal,500,98,3.688538765959531e-06,2.464798625928452e-06,0.001246756083531754,24975008
normal,500,99,1.140716707830978e-05,1.0376210333309208e-05,0.00012103742698952078,24775920
normal,500,100,1.0966642692911978e-05,9.990524181605657e-06,0.0010870112140179233,25015716
normal,500,101,1.0426563213851821e-05,9.793125413127689e-06,-0.0025609004944454673,25191264
normal,500,102,1.2287306116228863e-05,1.2565455929315395e-05,-0.0001232716174333352,24947592
normal,500,103,8.594877205756319e-06,8.789282286024649e-06,-0.0005409085812853555,24837976
normal,500,104,1.0295348398544607e-05,1.106993905435424e-05,-0.0026423005886511398,24769264
normal,500,105,1.131514640679056e-05,1.0571143806485277e-05,0.0008876442372663643,24812608
normal,500,106,1.2384958880734062e-05,1.4809268944180284e-05,0.002434717005453204,25036672
normal,500,107,4.875723244090215e-06,4.728403517737804e-06,-0.0017291313185056254,24906984
normal,500,108,1.0447164924083544e-05,9.478374435875656e-06,-0.0004549025878509988,24790552
normal,500,109,6.842671118281167e-06,7.2472499178081266e-06,0.0012524459212728853,24857388
normal,500,110,9.58690259390655e-06,8.520926020895215e-06,-0.002855089487556276,25001176
normal,500,111,1.1327166701189177e-05,1.0382700732001692e-05,0.0019080753293349662,24905536
normal,500,112,1.0565296618357319e-05,1.0273024716642227e-05,-0.0006794222159911814,24990620
normal,500,113,1.7813704072218286e-05,1.930161145626342e-05,-0.00063817888948623,24846616
normal,500,114,6.387942608796222e-06,5.812638346607756e-06,-1.1201754624573443e-05,24834848
normal,500,115,5.63092148183055e-06,5.1865335608558506e-06,0.0004840685856590933,24888180
normal,500,116,1.2853443945147715e-05,1.4226109390951996e-05,0.001466593399335127,24935912
normal,500,117,1.1474172198817001e-05,8.942954595555828e-06,0.0015463625553385524,24879728
normal,500,118,1.218116119306599e-05,1.1202371203471888e-05,0.001956275794312103,24999396
normal,500,119,6.347031883388193e-06,6.611794768921333e-06,0.004422666847748227,24899348
normal,500,120,8.71975659750917e-06,7.5505241411482725e-06,0.0024378218003448674,25046876
normal,500,121,1.4199957051869908e-05,1.5632884649649507e-05,0.001244835295398931,25086180
normal,500,122,1.3552221841993938e-05,1.4081265294966704e-05,0.003082376600238125,24913776
normal,500,123,1.3216672910385784e-05,1.0616153382644113e-05,0.0021487670329105864,24965304
normal,500,124,8.10960764196741e-06,9.932713154969427e-06,0.003448546827631785,24838792
normal,500,125,1.1035922645960291e-05,1.2849209927828957e-05,0.00377499988855184,24983020
normal,500,126,7.154598125266305e-06,6.993311684892644e-06,-0.0007986280680732316,24997972
normal,500,127,4.054615238084662e-06,4.436900511083944e-06,-0.0017287651473909173,24956612
normal,500,128,1.6339307199406362e-05,1.5451141052265023e-05,0.004052213088621683,24806736
normal,500,129,7.898989153566338e-06,7.978860842140534e-06,-0.00015416458580224478,24824380
normal,500,130,5.201662071550473e-06,4.075759410723427e-06,-0.003175259586486015,24938780
normal,500,131,5.197063837514173e-06,6.370410393275445e-06,0.0009656288923338107,24972308
normal,500,132,1.6382988829431053e-05,1.7729915279846745e-05,0.005654039912470677,25071172
normal,500,133,6.879813671057513e-06,7.282386186068142e-06,-0.0033113093247430538,24798576
normal,500,134,6.4841919888866045e-06,5.5499168957755535e-06,0.0033359285216794264,24903500
normal,500,135,1.0191919480795605e-05,1.0258639083428482e-05,0.0008580930373624419,24925972
normal,500,136,1.5015285952651738e-05,1.4540027592239689e-05,0.00693241124638146,24763104
normal,500,137,4.189968208437111e-06,4.8714595843500895e-06,-0.0011000967429417629,24779756
normal,500,138,1.601414840996339e-05,1.5007144701437228e-05,0.0027916990040939894,24978620
normal,500,139,5.8373103894011255e-06,5.170281363455888e-06,4.8906056052781376e-05,24893496
normal,500,140,1.4302939624301009e-05,1.5496543277134473e-05,-0.0006627210181550927,24954884
normal,500,141,9.144876238711619e-06,8.197729299582992e-06,-0.005318362819754001,24887512
normal,500,142,9.513417987507103e-06,1.1101501109629448e-05,0.0010221690892280692,24857656
normal,500,143,9.695172570088026e-06,1.075496014036139e-05,0.00173074979707339,24916896
normal,500,144,7.510395595808669e-06,1.0501142045251587e-05,-0.00034256743689236246,24951176
normal,500,145,1.1462946903261174e-05,1.2413865575899821e-05,0.001643119229174287,24824648
normal,500,146,7.14610931943169e-06,5.353675886425137e-06,-0.0001399552453131676,24910108
normal,500,147,1.648754129593843e-05,1.7433342401687028e-05,0.003725905060784449,25141732
normal,500,148,1.0168708434885741e-05,9.856956002779393e-06,3.6861283460878046e-05,24966496
normal,500,149,1.4258969201867713e-05,1.3634570749384463e-05,0.00298428212023564,24819036
normal,500,150,6.8947474920314725e-06,7.243424561634767e-06,0.0005248958939932231,25104804
normal,500,151,5.164251251965011e-06,7.300557108979728e-06,0.0012435902098272395,24842152
normal,500,152,1.0137489390962977e-05,1.0843316499744943e-05,-0.001003488727029425,24935356
normal,500,153,7.604152167971278e-06,6.549588901225323e-06,0.0013978361707227202,24694216
normal,500,154,8.934901182128204e-06,1.0445364734582874e-05,-0.0005219987708789892,24830516
normal,500,155,7.20514168437746e-06,6.179836851656987e-06,-0.003500850795475785,24837896
normal,500,156,1.4804313209195044e-05,1.5451141612143224e-05,0.00013436629007655047,24991612
normal,500,157,1.459193885317337e-05,1.539800403117374e-05,0.002795028049612308,25235040
normal,500,158,5.25920038448458e-06,6.129611159139361e-06,-0.0014581732627408242,24902144
normal,500,159,2.822743441824241e-06,2.7396852483244255e-06,-0.0024451588732740835,25096352
normal,500,160,5.4212196660658185e-06,6.195691741288198e-06,-0.003401093704585312,24770468
normal,500,161,8.842174263096277e-06,7.474335803581162e-06,0.0036712731821374796,24958224
normal,500,162,1.198453679658745e-05,1.209247173407309e-05,0.003578571980882555,25089240
normal,500,163,6.797442646043713e-06,7.652879601130572e-06,-0.0006002535699606637,24896404
normal,500,164,4.749558740894457e-06,5.7867659033991405e-06,0.002010334467867651,25049872
normal,500,165,7.473106500324165e-06,8.190833487377742e-06,-0.0011220831996718152,25001384
normal,500,166,9.414160085399243e-06,9.053201513572359e-06,-0.00013885080428886694,25184720
normal,500,167,8.673203714145142e-06,7.632139296728021e-06,-0.0024870259252778655,24885856
normal,500,168,7.157595743806045e-06,4.855499674335358e-06,0.004240023828788203,24986620
normal,500,169,7.816658295701509e-06,8.545953760451019e-06,0.0007209819055575872,24686236
normal,500,170,1.2863865126761621e-05,1.0981685024930134e-05,-9.972660243124192e-05,24978580
normal,500,171,4.675289199734921e-06,5.868832645215571e-06,-0.001361541164721785,24868436
normal,500,172,1.1643216239348642e-05,1.1995933510377832e-05,0.0033973612300732025,25075992
normal,500,173,6.789350070077068e-06,7.639978614288923e-06,-0.00018468373837605634,25090552
normal,500,174,8.835059384281774e-06,6.974589648433384e-06,-0.000719702843429385,24980728
normal,500,175,2.3179377818718514e-05,2.273982000165429e-05,0.000980846205264008,24835484
normal,500,176,5.559841522126976e-06,5.332629121168425e-06,0.004357552543664029,24865744
normal,500,177,1.64138706166669e-05,1.5902630089609016e-05,0.00240040151728898,24942864
normal,500,178,8.135941211305123e-06,5.8265926023470915e-06,0.0003176083405537952,24928020
normal,500,179,7.126920796793496e-06,7.728142003537277e-06,-0.00024179930489994178,24940932
normal,500,180,1.2683550461758276e-05,1.3662573707329348e-05,-0.0007194206929127044,24814208
normal,500,181,1.0951289584291572e-05,1.2015798279810569e-05,0.000829436648778438,25181880
normal,500,182,1.0841531923851598e-05,1.005909583875456e-05,-0.001910356217306149,24914204
normal,500,183,8.209681691430466e-06,7.366239049703147e-06,-0.0030895522890686073,24926164
normal,500,184,1.064528808104228e-05,1.0256379351389678e-05,-0.0026634786677808627,25087912
normal,500,185,1.1741842061730472e-05,1.1563785706447987e-05,0.0009701163243382657,25111264
normal,500,186,6.091842653254401e-06,6.793727317452472e-06,-0.0036606767577576083,24968084
normal,500,187,3.4868279758738608e-06,2.861715446937455e-06,-0.003994703100801796,24980224
normal,500,188,1.1805507051656943e-05,1.239480925457323e-05,0.002167221682264535,24960340
normal,500,189,8.06494306426863e-06,6.983969027409913e-06,-0.0007950967610536854,24744116
normal,500,190,8.202888761228325e-06,6.571466896955182e-06,-0.002215998669156665,24874300
normal,500,191,8.493125302349088e-06,7.678919308976319e-06,-0.0007426019854727982,24744300
normal,500,192,2.1285589671647503e-05,2.1652621135742743e-05,0.004287036031372844,24914400
normal,500,193,6.16530928692709e-06,4.933972124667905e-06,0.0034640133682637213,24865100
normal,500,194,8.21703579536653e-06,8.325817453186656e-06,0.0021801775643628964,24978100
normal,500,195,1.4947568704989926e-05,1.549845766213801e-05,0.003950253821014849,25043836
normal,500,196,1.024412300489779e-05,1.0323760421940592e-05,0.002929124335116083,25038064
normal,500,197,1.4353916284982528e-05,1.506604452442924e-05,0.001578229468494492,24806348
normal,500,198,4.811210532379509e-06,3.895674872410667e-06,-0.0006866951886177808,24803032
normal,500,199,7.666322369527163e-06,8.758004511916321e-06,-0.002931016686501231,24984500
normal,500,200,5.058722493345757e-06,3.955364847521556e-06,0.0015166130191324142,25037304
normal,500,201,1.3921699417270808e-05,1.4841841756755335e-05,0.0008529256478292074,24855220
normal,500,202,5.6788824902850695e-06,5.350060459186463e-06,-0.0003611822285172325,24919128
normal,500,203,4.633632306851185e-06,4.381140524582589e-06,-0.002409395668717848,25010012
normal,500,204,1.0503077501904497e-05,1.1205824824733691e-05,0.0009800268948643245,25037900
normal,500,205,4.3326968211357415e-06,6.506265316232511e-06,-0.0009167230227475814,25153720
normal,500,206,1.8886358146309777e-05,2.114991300281432e-05,0.0017075659850904967,25081084
normal,500,207,6.978897959798239e-06,7.3968823992315615e-06,-0.0028400383905508907,24906060
normal,500,208,9.329472433422308e-06,1.0371471201902366e-05,0.00048260968761497077,25024368
normal,500,209,1.3749277452187864e-05,1.3352711342131382e-05,0.0007270217641536642,25010796
normal,500,210,4.9893701270016515e-06,5.419366863322226e-06,-0.0025322787782261795,25087980
normal,500,211,1.3312825587628061e-05,1.1618159681724501e-05,0.00416822097128817,25076064
normal,500,212,9.8747261447552e-06,9.283724039552067e-06,-0.0017947754965007506,24753316
normal,500,213,1.0117726011971109e-05,8.476850724819136e-06,-0.00248601720080047,24908524
normal,500,214,2.2282548331515597e-05,2.2267510816963116e-05,0.007146579190534903,24758276
normal,500,215,6.7497451660911895e-06,6.901096524930724e-06,-0.001038458320753232,24899620
normal,500,216,8.381581283197854e-06,8.368973832822472e-06,0.00031989222902460896,25006224
normal,500,217,1.0264891293202387e-05,9.763440337545001e-06,0.0008738449842971899,25007236
normal,500,218,1.529152961840999e-05,1.4346514319198478e-05,0.0015084503592664139,24866948
normal,500,219,3.8189387347987395e-06,4.549497309505487e-06,-0.0025910631365936997,25063492
normal,500,220,3.871882211644028e-06,4.255688380623407e-06,-0.0009092077365715029,24832168
normal,500,221,7.336871472250728e-06,5.474857556383672e-06,0.003504167038144774,24911632
normal,500,222,8.049627016196756e-06,7.4305575292624574e-06,-0.0013073710415117913,24977940
normal,500,223,1.6907303714535576e-05,1.6986862706668893e-05,0.0021034584369563005,25028460
normal,500,224,7.057075967504092e-06,7.466310552413367e-06,-6.354155718279672e-06,24810312
normal,500,225,4.852121881866781e-06,4.275273431934294e-06,0.0003838392388719393,24937136
normal,500,226,1.561754649307616e-05,1.4442135937970365e-05,0.0003516933522009719,24966104
normal,500,227,8.919725808556322e-06,9.965960364620665e-06,0.0028421741646285415,25092116
normal,500,228,1.6900680749500425e-05,1.7097006645996066e-05,0.0060304983664147774,25035992
normal,500,229,1.57868493704255e-05,1.4952374267906386e-05,0.0015479909354580625,24833028
normal,500,230,8.84413937764272e-06,9.338543921651254e-06,-0.0023360507056095076,25054696
normal,500,231,9.595703725739071e-06,1.0381631846465993e-05,5.261876550212534e-05,24898912
normal,500,232,2.8992968336518462e-05,2.913934754429823e-05,0.004568078870144226,25015308
normal,500,233,5.75795387890319e-06,5.414556901062726e-06,-0.0004975791542526462,24917716
normal,500,234,1.3490956186675963e-05,1.3424288012625716e-05,0.0019767635915567128,24916104
normal,500,235,9.814054896515362e-06,8.479581615556465e-06,0.0016821185210589037,25154036
normal,500,236,7.695648862841463e-06,7.123177149540864e-06,-0.00028549294715039743,25124276
normal,500,237,8.029309087846477e-06,1.03087424076369e-05,0.0016866318194151842,25060748
normal,500,238,7.745892375621085e-06,9.316024530825095e-06,0.002100807747374819,24804692
normal,500,239,4.5038228502565354e-06,1.9481021679775022e-06,-0.0004912432526995644,24915456
normal,500,240,7.0407322322549e-06,8.503874722624323e-06,-0.0008866731697775424,24852312
normal,500,241,7.219465922045951e-06,8.241860889054906e-06,-0.0025537524915340156,24851404
normal,500,242,9.315273400444975e-06,8.533080928322984e-06,0.0007374431742501158,24750772
normal,500,243,7.683838088439603e-06,9.957242392767997e-06,0.0012838393944645682,24802084
normal,500,244,1.1159421812662169e-05,1.1664705399994712e-05,0.0010929190307408395,25161280
normal,500,245,9.265730085838995e-06,9.046617689687654e-06,0.002923583204926003,25069204
normal,500,246,8.453648424036932e-06,7.94541306960244e-06,-0.0013294633519298385,24828948
normal,500,247,8.209448706234327e-06,1.048045380641926e-05,-0.0002447816128130657,24850592
normal,500,248,1.251298530323027e-05,1.2476960441504792e-05,0.0018577044844058268,24836328
normal,500,249,5.971586104136148e-06,6.378040647305452e-06,-0.002539578720658918,25064684
normal,500,250,6.496963959374176e-06,6.880674089092841e-06,-0.0014798132238919097,24750060
normal,500,251,1.7340096332877663e-05,1.7870537829643868e-05,0.004332397904148935,25041496
normal,500,252,1.3167418520637805e-05,1.2785327086806032e-05,0.0009903472835351079,25057796
normal,500,253,8.691189762664182e-06,1.1456390064762457e-05,0.0010537061193560294,24940404
normal,500,254,1.4732697401165069e-05,1.482354220201127e-05,0.0012459410636942217,24939048
normal,500,255,5.746690167847346e-06,7.083647621460243e-06,-0.00020683926926800454,24948460
normal,500,256,1.1089014102166527e-05,1.1342715326431905e-05,-0.0005431107814323668,25098732
normal,500,257,6.400533058160397e-06,9.989075206860645e-06,-0.0005019576450659907,24973960
normal,500,258,7.160810218875097e-06,8.03255100621338e-06,0.0011067913579676332,24845080
normal,500,259,7.828078549937144e-06,9.246140520406164e-06,0.0006979812781612863,24830668
normal,500,260,1.5213742773774072e-05,1.5841677517698204e-05,0.002376232518670387,24950736
normal,500,261,5.841156363965974e-06,8.328890214612558e-06,0.004650319447109589,24701344
normal,500,262,1.9218694693081236e-05,2.023042985917178e-05,0.0035443989518932468,24967344
normal,500,263,6.8267635816329025e-06,9.14626539796824e-06,0.0016835451930806713,24798572
normal,500,264,1.1495809140007293e-05,1.1251681575055492e-05,-0.0013452821153536981,24850376
normal,500,265,1.2540169596481736e-05,1.1697348296659671e-05,0.0006166014903655894,24918208
normal,500,266,1.0146133170587626e-05,1.0205712810365959e-05,0.002239865976780455,24921700
normal,500,267,1.3202920207132776e-05,1.3267642429423542e-05,0.0016252996891026835,24943260
normal,500,268,8.32527463689379e-06,8.410389808899886e-06,0.00019097983094379988,24725180
normal,500,269,6.74820174267117e-06,5.703448191823413e-06,0.00041632548524171795,24781240
normal,500,270,9.443171810063315e-06,9.805683732311198e-06,0.002119626882676522,24822916
normal,500,271,9.591819405393423e-06,1.0387528967268718e-05,-3.3033345527554885e-05,24871168
normal,500,272,5.918121280797266e-06,6.033692752782891e-06,0.0002766337874449961,24996148
normal,500,273,9.22467932185884e-06,1.0886053984510056e-05,0.00019287419538610614,24954292
normal,500,274,7.275748182256501e-06,6.84619946831495e-06,0.0001488014270419322,24791304
normal,500,275,3.961330274309604e-06,4.502394837440425e-06,-0.002605556986917563,25004360
normal,500,276,8.018534911297445e-06,9.112729371871492e-06,0.0012170373266980358,24924720
normal,500,277,1.5088313161150083e-05,1.81909194819806e-05,0.0037391562339013753,25010392
normal,500,278,1.0804363435863991e-05,9.701754686414824e-06,6.600335923840049e-05,24771804
normal,500,279,1.4559735986747315e-05,1.4828314425752537e-05,0.002397556705264186,25051212
normal,500,280,4.62255989875936e-06,3.698168967649117e-06,0.0008000177603569649,25179348
normal,500,281,6.8337662303867885e-06,6.8076152839576465e-06,-0.00043293342680787895,24862012
normal,500,282,3.186761986338158e-06,3.932110772062778e-06,-0.001323636761467893,25052184
normal,500,283,8.767270861760425e-06,8.60524167257498e-06,-0.0009599185339683031,24817752
normal,500,284,6.0155810508144935e-06,4.84326133609533e-06,-3.460312805192644e-05,24946420
normal,500,285,1.0344814862947637e-05,7.627687005385209e-06,0.0015581161067562542,24884696
normal,500,286,9.95797181793515e-06,1.0286255837054296e-05,-0.00035884644144125124,24807428
normal,500,287,1.414067500940027e-05,1.3664434001919938e-05,0.0044509140634534025,25029980
normal,500,288,5.582534193666019e-06,4.152886048252905e-06,-0.002009969895259267,25066008
normal,500,289,9.222400051263217e-06,1.0183109034543613e-05,0.0026231265495969412,24934052
normal,500,290,1.591317726056818e-05,1.634812628048377e-05,0.002783875874114572,24825812
normal,500,291,4.0645355127744844e-06,2.782325295254931e-06,-0.000457548788331693,25164140
normal,500,292,8.240494926182788e-06,6.008048390549714e-06,0.001597399123205354,24926412
normal,500,293,4.884367526013004e-06,4.537179770237539e-06,-0.002697145987543761,25009920
normal,500,294,1.730332088033369e-05,1.7934348233062244e-05,0.004337255352808343,24872004
normal,500,295,1.0188332443251672e-05,9.110549468408287e-06,0.002165996122901361,24864744
normal,500,296,1.1848884762570382e-05,1.2288221024614533e-05,0.003739242401939198,25199636
normal,500,297,8.398036233441621e-06,6.916516969674086e-06,-0.0002751103225221332,24981388
normal,500,298,7.081280085440937e-06,6.223433864548232e-06,-0.0006140046577385051,24969580
normal,500,299,7.246229523935105e-06,7.841381536817173e-06,0.0007500288881170154,24815980
normal,500,300,7.6270327940887235e-06,7.131475336697964e-06,-0.0013465813252979753,24953192
normal,500,301,8.838264379600795e-06,7.988719356640445e-06,0.002730993797777058,24782068
normal,500,302,1.3530379560230655e-05,1.1371363476402305e-05,0.00012036694700413825,24844600
normal,500,303,2.3152781194145032e-06,2.9908575333559186e-06,-0.0036950154612798423,24991020
normal,500,304,9.461495781460715e-06,9.330276060949176e-06,-0.003557731156572762,24737148
normal,500,305,8.647047993268046e-06,8.232357782230934e-06,-0.003257370191019703,24957244
normal,500,306,9.151812724145887e-06,7.726513626954785e-06,-0.0022748201150022056,24851984
normal,500,307,2.8762047797398233e-06,3.6110401718856297e-06,-0.001537074089385573,24598636
normal,500,308,8.717525743151303e-06,7.409646050277473e-06,0.003825518692808874,25029640
normal,500,309,7.611713278425425e-06,8.201540114833467e-06,-0.0003332389346029378,24832152
normal,500,310,9.667852081491745e-06,9.766777986800693e-06,0.0009564784952300115,24866524
normal,500,311,7.996786688855627e-06,7.044383578466124e-06,-0.0016128265775392065,25011984
normal,500,312,8.504096963090177e-06,8.227269161850302e-06,0.0015881106987599325,24852300
normal,500,313,3.731081375526945e-06,4.501597303002218e-06,-0.0008975650640648723,25033936
normal,500,314,8.677147663180515e-06,9.47890459230958e-06,0.0004831442731030239,25051884
normal,500,315,1.3794833198426246e-05,1.2495959988607792e-05,-0.002184289827923869,24922792
normal,500,316,2.6400836137287586e-05,2.57704705261687e-05,0.003550891425296522,24905264
normal,500,317,5.665646666011022e-06,5.118413800610829e-06,-0.0006857661468812038,25159784
normal,500,318,9.12601318969109e-06,8.737123060196728e-06,-0.0006695921137971022,25118748
normal,500,319,1.5395818391411013e-05,1.5807460113051517e-05,0.001093188529379587,24814196
normal,500,320,1.149809976248913e-05,1.1732388867911783e-05,-0.00010628319130799313,24909248
normal,500,321,1.2227775988341822e-05,1.26994914509918e-05,0.0019914422773267145,24964452
normal,500,322,7.076380310639034e-06,8.410955072801669e-06,0.0007863913909907299,24969220
normal,500,323,9.625657270180768e-06,1.1630109705349106e-05,0.000114253018471557,24905380
normal,500,324,5.833974053177309e-06,5.759034974189601e-06,-0.0006277443117005285,24994724
normal,500,325,8.872903733969915e-06,8.660617714659852e-06,-0.0017061846282040193,24952848
normal,500,326,1.178503958960524e-05,1.100778329174196e-05,-0.0002553912095131635,25015628
normal,500,327,8.784367382405292e-06,8.808654833699055e-06,0.00023031985384632848,24753320
normal,500,328,7.918214968990984e-06,9.45418706099341e-06,-0.0006170353535453248,24818788
normal,500,329,1.0888173058340427e-05,1.1986970982018998e-05,0.000515738780523905,25072012
normal,500,330,7.210490586810554e-06,7.373848338786679e-06,-0.002699373672217529,24983276
normal,500,331,8.218928103257812e-06,6.591853546417037e-06,-0.0011484419843840311,24678112
normal,500,332,1.4347849880574897e-05,1.54457784071439e-05,0.0017854124208781853,25099988
normal,500,333,7.85061797179763e-06,8.038320179432133e-06,-0.00025821246644189136,24866564
normal,500,334,1.5434997097237565e-05,1.6724362788246924e-05,0.0007979731906589002,24795216
normal,500,335,8.045696588706573e-06,9.491378289502031e-06,0.0005590593120366968,24786708
normal,500,336,1.6322293626774483e-05,1.6674317501363e-05,0.002269573681869956,24979336
normal,500,337,1.2906518712053218e-05,1.1015281029840309e-05,0.0027223783591752227,25102484
normal,500,338,7.636731610906168e-06,6.883073828554794e-06,-0.0017517730811723853,25112280
normal,500,339,1.2932143607628589e-05,1.273644692619248e-05,0.0026016295665163645,24835108
normal,500,340,1.4195693026342478e-05,1.5160398569593271e-05,0.003215309006605345,24838488
normal,500,341,7.871245697152171e-06,9.648244213559373e-06,-0.0005025253331550616,24806780
normal,500,342,1.0360551542680014e-05,1.0603845026224814e-05,-0.0002544874151407116,25080728
normal,500,343,7.2539827660195545e-06,6.530853426604508e-06,0.0010481827738312648,25074172
normal,500,344,9.281335923893782e-06,8.41058541154804e-06,0.002157460503509521,25039616
normal,500,345,6.150658712651546e-06,7.377131031418727e-06,-0.0010911419998745776,24974524
normal,500,346,1.004871334691787e-05,1.0389665864827054e-05,0.0031365141450102867,24890820
normal,500,347,6.760646621726057e-06,6.44467427830236e-06,-0.0014560363116074041,25023492
normal,500,348,3.6033458267447337e-06,3.964986381852174e-06,-0.003662968467629,24883756
normal,500,349,1.1278892104449336e-05,9.225692551824481e-06,0.001570338519069727,25072176
normal,500,350,1.1624403528999335e-05,1.2618982547218834e-05,3.771525458111222e-05,25039016
normal,500,351,1.406132360275754e-05,1.6008875618300492e-05,0.0024486802331052317,25019300
normal,500,352,6.839291660754321e-06,7.130176780682322e-06,0.0014702811052903697,25125156
normal,500,353,9.173730922275808e-06,9.057586197919326e-06,-0.0004523716001129023,25184060
normal,500,354,7.693381052496694e-06,6.765995586284368e-06,-0.001506986714394102,24965992
normal,500,355,1.1289161700258243e-05,9.718319575415851e-06,-0.00010656405167346037,25022840
normal,500,356,8.330966418701238e-06,8.270864123171928e-06,0.002739514105085058,24890876
normal,500,357,7.955390665293051e-06,9.38570664245338e-06,0.00013615219577720476,24682368
normal,500,358,8.769827853789694e-06,8.574787392428742e-06,0.0004723047465079793,24691820
normal,500,359,8.895604962330893e-06,8.347748513782618e-06,-0.00014968223926168977,24932544
normal,500,360,4.897419464048009e-06,5.257207744868384e-06,-0.0021849335430966822,24932628
normal,500,361,1.3787802735942502e-05,1.0321131512390298e-05,0.002172542082814983,24821548
normal,500,362,5.389600171894508e-06,3.885646754043296e-06,-7.951231628572456e-05,24861828
normal,500,363,5.457060895392589e-06,4.048730875716097e-06,9.450075479782176e-05,24983936
normal,500,364,5.708711493890046e-06,6.825773728821321e-06,-0.0020929534007750536,25019404
normal,500,365,1.309888733459212e-05,9.921948458478528e-06,0.0021730343643411414,24926020
normal,500,366,1.6962261373491492e-05,1.6264105050829027e-05,0.0002105033135752403,24913804
normal,500,367,3.6547869490488777e-06,3.880922052229188e-06,-0.00215967459973327,25028800
normal,500,368,6.982809924436257e-06,7.734927005148239e-06,-0.003125270982218643,25000520
normal,500,369,8.132294798219816e-06,8.117533623677664e-06,0.0018819304543185628,24778412
normal,500,370,6.982918922897494e-06,5.295313192567368e-06,0.0009586219870749764,25155144
normal,500,371,7.704498147016905e-06,8.834778895482012e-06,0.0009519885335441652,24845608
normal,500,372,6.26165335355372e-06,6.854749894401792e-06,0.0013796513195388272,25114036
normal,500,373,8.94303823254674e-06,8.86840821636768e-06,-0.002962894056394375,24908832
normal,500,374,9.283054403462745e-06,9.765337885344106e-06,0.002048050364855895,24946784
normal,500,375,8.786873945068332e-06,8.783897110581844e-06,0.0007561223065302175,25143728
normal,500,376,1.0161128002454734e-05,9.240173796496098e-06,-0.0009743405858825574,24966188
normal,500,377,7.765156388355043e-06,7.82359209659939e-06,0.0024214496434653713,24952984
normal,500,378,1.178144349624445e-05,1.0812230958112369e-05,-3.7558459814461316e-05,25053116
normal,500,379,6.9249049443017975e-06,6.889161648733621e-06,-0.00023511900123029304,24979200
normal,500,380,5.4745530017392575e-06,5.569682434371654e-06,0.0021102081574905208,25127844
normal,500,381,1.2055477197136051e-05,1.3079364792676772e-05,0.001544712344411966,24933612
normal,500,382,1.1959575619111233e-05,1.196022342738162e-05,0.0011828772071414623,25160412
normal,500,383,9.793324865911271e-06,7.689148385294808e-06,-0.0006063168896010292,24874524
normal,500,384,7.082746048552708e-06,5.740035665601356e-06,-0.0031834661060427282,24841068
normal,500,385,1.1180034434073185e-05,1.0147044357173728e-05,0.0017079220067802337,24835792
normal,500,386,7.566170808721645e-06,7.037227962291557e-06,-0.001074681810608468,24941736
normal,500,387,3.842428050644406e-06,5.045070385880008e-06,0.0004409637027681461,24853388
normal,500,388,3.821569075986027e-06,3.310090307420546e-06,7.330015132077199e-05,25048204
normal,500,389,9.743902930555694e-06,9.68258263462523e-06,0.0054008657917849305,24978252
normal,500,390,9.461894330588626e-06,9.48258460196497e-06,-0.0001317032902632981,25035068
normal,500,391,1.0773307111108093e-05,1.034837351578889e-05,0.0011055995505579418,25120936
normal,500,392,6.007706442566831e-06,6.746184470176788e-06,0.00011483854037947092,24894960
normal,500,393,1.233932639637195e-05,1.0430930783669315e-05,0.0035052017135350794,24970408
normal,500,394,5.605503578126833e-06,5.247377745127137e-06,-0.001634344596629204,24783416
normal,500,395,4.134486551252502e-06,3.6759256033318976e-06,-0.0017739615585325242,25107720
normal,500,396,7.915134621074496e-06,1.0131749068303989e-05,0.0043456616434651716,24739404
normal,500,397,7.347303377157005e-06,7.130867748294616e-06,0.0007704458375060397,24884920
normal,500,398,1.323387979690309e-05,1.1521990065660546e-05,0.0006860431809445092,24908816
normal,500,399,7.450640307833639e-06,5.303181936070493e-06,-0.0011077746456709316,25091800
normal,500,400,6.496387484347019e-06,6.215885805428722e-06,0.001669172914771584,24933340
normal,500,401,8.898062800056618e-06,9.716661149482982e-06,-0.000580442429236115,25095844
normal,500,402,1.0534669895638105e-05,1.2632081357136057e-05,0.0032841893706384807,24916184
normal,500,403,8.878843006954382e-06,8.9419017567373e-06,-0.0005943811626363629,24979084
normal,500,404,7.177455232349489e-06,6.20955141692567e-06,-0.0016841722339192588,24961408
normal,500,405,1.2038403276757883e-05,1.0371291231892283e-05,-0.002031678135707504,24942404
normal,500,406,5.396825606516244e-06,5.496631166186917e-06,-0.000907094916209494,24888468
normal,500,407,9.597754287699793e-06,1.0807763636087034e-05,0.005042928456654439,24825784
normal,500,408,1.1950579198615665e-05,1.1715599899765269e-05,0.0019004378710885672,24991880
normal,500,409,9.663967797241234e-06,1.0359451036466697e-05,0.0048224177162841456,24947084
normal,500,410,1.0208215142102524e-05,7.930895349979418e-06,0.0005832066847176545,24969792
normal,500,411,1.0595791640100702e-05,9.409196104071608e-06,0.001181733242915431,24775320
normal,500,412,9.639602569773612e-06,1.1205007405455215e-05,0.00184145548603243,24980172
normal,500,413,5.4953561051097715e-06,5.341261772430388e-06,-0.0031701581366627564,24930680
normal,500,414,8.773115930805946e-06,1.0296504471119445e-05,-0.0018407529245588743,24876820
normal,500,415,8.923466555790303e-06,6.435941564600675e-06,0.002337317655593883,25069580
normal,500,416,6.872010816066023e-06,7.010951580670922e-06,-0.0010103045407520116,24995024
normal,500,417,8.193452096398727e-06,5.53116950036376e-06,0.002005757261475987,24905104
normal,500,418,8.262185526808217e-06,9.173614366758996e-06,0.0010675998316217112,25049720
normal,500,419,1.6466069627731364e-05,1.4616037963480516e-05,0.00509854996976648,25018872
normal,500,420,8.754956823527608e-06,1.0647055698506932e-05,0.00024844451023710784,24903696
normal,500,421,1.0788614811505248e-05,9.653391313937302e-06,0.0022831429107445017,24815512
normal,500,422,1.2888246940305184e-05,1.2298009434228035e-05,-0.002630233790135802,24786860
normal,500,423,3.793536199494285e-06,3.048630824060176e-06,-0.0035027686398696987,24904580
normal,500,424,7.93281541127952e-06,7.641915582248706e-06,0.001580768964412608,25187452
normal,500,425,4.2532530515387355e-06,5.890545976309934e-06,-0.00023929780587231476,24872184
normal,500,426,8.645272494973235e-06,7.498387095474815e-06,0.0022763122050912703,24880468
normal,500,427,9.935571680806253e-06,9.984869606704237e-06,0.003241904920785696,24718784
normal,500,428,2.356991335582946e-06,2.6071750885720556e-06,-0.0038964552221847203,24990732
normal,500,429,8.023059251531386e-06,8.734278903673929e-06,-0.0006484448222431338,25115248
normal,500,430,1.1421765538598467e-05,1.2835979100971524e-05,-0.0033289583195578554,24912916
normal,500,431,7.898569808709461e-06,8.15919148566647e-06,-0.004055191139451174,24573068
normal,500,432,8.071731331160613e-06,8.199675161002381e-06,0.0003237435456334567,25109692
normal,500,433,1.230292187081262e-05,1.2292853268695905e-05,0.002540029278641587,24957216
normal,500,434,5.219807109509319e-06,4.530314596908832e-06,-0.004379345056272613,25110920
normal,500,435,7.695637542394657e-06,6.874313789230105e-06,0.0005236156741152439,24945892
normal,500,436,6.082690674662602e-06,6.760388542908479e-06,0.00012291482575230175,24931864
normal,500,437,1.0974374215090217e-05,1.0521222260543977e-05,-0.0012439954621404103,24856132
normal,500,438,1.4952729994614973e-05,1.5588974931417305e-05,0.0005890410672125806,24820068
normal,500,439,1.3110518226879617e-05,1.6219265391902785e-05,0.002326162523694573,24859288
normal,500,440,1.5851219445254016e-05,1.7350974180519803e-05,0.0014184461634624108,25091176
normal,500,441,1.1590374845631534e-05,1.1229638406514102e-05,-0.000932915083127103,24887172
normal,500,442,1.0281236723050598e-05,1.1372671397364766e-05,0.0007583369456208841,24876992
normal,500,443,1.080182367497581e-05,9.637740917743014e-06,-0.001686121911801492,25035696
normal,500,444,1.3166161266931165e-05,1.2942548431691292e-05,0.0003918510930956534,24756500
normal,500,445,8.389965832134936e-06,7.207938015302486e-06,-0.00020373470644507452,24877356
normal,500,446,1.5757568006713812e-05,1.6179275256090628e-05,0.0018345434288225865,24843896
normal,500,447,7.263672058316114e-06,5.893564157692106e-06,0.0010967936920746393,25109800
normal,500,448,8.354436539753364e-06,1.0090391491969866e-05,0.0004184687218711798,24915640
normal,500,449,6.504588532873647e-06,5.251589798454255e-06,-0.000604364817121716,24850180
normal,500,450,4.894218178484574e-06,3.704407082205767e-06,-0.0013880995072624194,25031376
normal,500,451,1.0168053803523407e-05,1.1004186374895265e-05,0.001103492737817406,24946064
normal,500,452,4.73725255320517e-06,4.1122449056441964e-06,-0.0016373586932064937,25050416
normal,500,453,6.779619727152688e-06,7.286396280612776e-06,-0.004266259229591325,24760372
normal,500,454,7.774305892936529e-06,7.79706912624282e-06,0.00023866801499260407,25120276
normal,500,455,1.0892868241837237e-05,1.3337243791996666e-05,0.0024870017547368953,24876472
normal,500,456,1.064648711226118e-05,1.0551214020600375e-05,0.001273215790335823,24804988
normal,500,457,8.116411726695472e-06,8.827427732395395e-06,0.00035006173725768766,24976196
normal,500,458,5.6878323096210405e-06,7.40062132552066e-06,0.001628138483792122,24959892
normal,500,459,1.3437221653897153e-05,1.2348747491538582e-05,0.00029437010234337023,25112820
normal,500,460,9.857668702950068e-06,1.0058559721006945e-05,-0.001414715906991621,25124060
normal,500,461,1.1253152734335362e-05,1.1054280635106594e-05,0.0036553209182592743,24880452
normal,500,462,1.4065727035233642e-05,1.207914860868592e-05,0.00045645370991424935,24819644
normal,500,463,7.937391040427414e-06,7.972759815615173e-06,-0.0016360368096200856,24993232
normal,500,464,9.461194685228526e-06,9.244460550284729e-06,0.0006096539018442352,24851232
normal,500,465,1.012094683332113e-05,1.0370715201644314e-05,-0.0005345214112130964,24855160
normal,500,466,1.2781226111552684e-05,1.4030103683439063e-05,0.0029610442486562505,25015412
normal,500,467,8.663872378313443e-06,8.964898135821492e-06,-0.0027650090899447523,24932156
normal,500,468,1.7125827830826766e-05,1.5857890984949754e-05,0.002149479299427472,25106836
normal,500,469,8.218440150222959e-06,7.60976793394693e-06,-0.00122610812400458,25009604
normal,500,470,4.847430266448077e-06,5.976638788988548e-06,0.0016802667232126759,24922140
normal,500,471,8.13427233248699e-06,7.78308828069277e-06,-0.0027494358480702275,24927416
normal,500,472,1.4362235111502677e-05,1.3405603233117947e-05,-0.0002659362920923792,24936204
normal,500,473,1.766616026967681e-05,1.7294095487205644e-05,0.0010082488019207323,24850820
normal,500,474,6.8884054741368925e-06,6.315358799400047e-06,-0.003991298863275932,24855460
normal,500,475,8.710281714420356e-06,1.033597153704358e-05,0.0004594678171749397,24952868
normal,500,476,7.882059434015338e-06,9.380886006745303e-06,-0.0004697442720310567,25181640
normal,500,477,9.337245000358814e-06,9.028328071983234e-06,-0.001428966323097688,24998168
normal,500,478,1.2841922035560825e-05,1.462780724933665e-05,0.0013984848525822103,25149828
normal,500,479,1.0892666053930415e-05,9.72553505855288e-06,0.000786453056990922,24906980
normal,500,480,9.477161678251549e-06,9.920115435940673e-06,0.0006037524751734935,24867300
normal,500,481,1.0635113854262868e-05,1.2087389670170261e-05,0.00236128214656501,24894344
normal,500,482,7.857868490031725e-06,7.505781340136e-06,-0.000891017894179382,25064352
normal,500,483,6.042221413652566e-06,5.6919450732042595e-06,-0.0009333360466369422,24831188
normal,500,484,5.151100709962262e-06,6.324714940667416e-06,-0.0008695400311922627,25215308
normal,500,485,8.966409802170771e-06,9.165790698795468e-06,-0.0009891421477294146,24919140
normal,500,486,8.931857854980467e-06,9.17369190834408e-06,-0.0007517381392280129,25071252
normal,500,487,1.41037664710242e-05,1.150898723588234e-05,0.00047129439191770194,24923768
normal,500,488,9.484979887926233e-06,9.513038870422059e-06,-0.0036661465685593397,24931796
normal,500,489,1.005764587103244e-05,1.1566975329369611e-05,-1.4197066884207143e-05,24892692
normal,500,490,7.25297990079089e-06,8.024791846793086e-06,-0.002907096817931242,25131636
normal,500,491,5.327373486476076e-06,5.332364341737826e-06,-0.003376858098422509,25118524
normal,500,492,4.282077449836503e-06,3.968364942811122e-06,-0.0030733578203248134,24902276
normal,500,493,5.968739266167641e-06,5.953316017675772e-06,0.0002878903096524477,25138860
normal,500,494,5.721813764422875e-06,4.918599719448433e-06,-0.0004618721420553361,25032092
normal,500,495,3.8567816226607955e-06,5.737222175752577e-06,-0.00018289997304179692,24987768
normal,500,496,4.7717388587566585e-06,6.601562858768988e-06,-0.0001496735439223571,25042868
normal,500,497,1.496922064140921e-05,1.767100550596796e-05,0.0039615551948278295,24752748
normal,500,498,1.1528987267078518e-05,1.1021109793517953e-05,0.0015275724098409338,24975948
normal,500,499,1.3411936678710797e-05,1.242512102765944e-05,0.0004106773268295127,24731532
normal,700,0,5.83174479713904e-06,5.301561718330913e-06,-0.00139407971596116,49146440
normal,700,1,4.042493726481994e-06,5.726989305724332e-06,0.0008509618933897162,48765221
normal,700,2,9.243701383072943e-06,8.733386883626536e-06,-0.002040628794179623,48734242
normal,700,3,5.741766869753546e-06,6.243658776975117e-06,0.002106071085247743,48814319
normal,700,4,9.30976530427768e-06,8.84814935766653e-06,0.00020515137113397955,49128118
normal,700,5,5.734146060235102e-06,7.228157517881024e-06,0.0008207154350941034,48995463
normal,700,6,8.521287631833067e-06,6.800035456359817e-06,0.0028935146558108625,49117681
normal,700,7,1.0750579401165159e-05,9.064182687088171e-06,2.5011087916717856e-05,48711128
normal,700,8,9.956706623443336e-06,1.0463320858119433e-05,0.0030978181743917654,48895161
normal,700,9,6.690671800912197e-06,6.885926206649064e-06,-0.0016018692782636484,48950574
normal,700,10,3.0145546593644044e-06,1.8107093979213647e-06,0.0009712198904318657,48619445
normal,700,11,8.667936405410478e-06,9.102902459743498e-06,0.0027959996098998953,48984943
normal,700,12,4.925595580429044e-06,4.5484267931981486e-06,-0.003291199347322894,48913201
normal,700,13,7.522243742190965e-06,7.532370319671423e-06,0.0002243319279855494,48612667
normal,700,14,9.257865140733248e-06,8.230710689123053e-06,0.0002533786289283366,48955960
normal,700,15,1.2479350527710558e-05,1.0687114431439694e-05,0.002004908442900859,48858113
normal,700,16,5.103367396282038e-06,4.437886793468941e-06,-0.002172312736995618,49198393
normal,700,17,4.118141832461105e-06,4.379042460218568e-06,-0.0004514214059422991,48799991
normal,700,18,7.008257999591312e-06,7.417223886485066e-06,-0.0006367006687978165,48802538
normal,700,19,4.1550794662963185e-06,6.278570684325337e-06,0.0005393084113034101,48695454
normal,700,20,6.0901423494146046e-06,8.08189918259318e-06,-0.00021874847143493005,48927121
normal,700,21,1.1183491479736653e-05,1.1361095121119767e-05,0.0017038577570639625,49071046
normal,700,22,4.0394883798149096e-06,2.6284005097305402e-06,-0.0008481030220605218,48975782
normal,700,23,8.917418878374143e-06,1.067773905134332e-05,0.00048623169678269464,48940113
normal,700,24,7.86925358955583e-06,9.831866886012438e-06,-0.0007836862268302086,48355649
normal,700,25,5.591733434230698e-06,4.913503126205181e-06,0.0007072370031340208,48698807
normal,700,26,2.139689535669139e-06,1.6573661687912233e-06,0.0010369166654855542,49075402
normal,700,27,2.2997945855819527e-05,2.2806084178068712e-05,0.0037722599894393616,48972830
normal,700,28,6.2457674023172025e-06,7.234246916491263e-06,-0.0005973179392039251,48818017
normal,700,29,8.989966480536594e-06,8.533481972908235e-06,-0.0013557040935838133,49066353
normal,700,30,6.5677791977478656e-06,6.325549200175383e-06,0.0015514478969229889,49145063
normal,700,31,4.558225516734678e-06,4.8400454951091984e-06,0.00011466010591087336,48778353
normal,700,32,4.11953552667839e-06,5.000852423682136e-06,-0.0021326746359091354,49290290
normal,700,33,5.2165901729414454e-06,5.239945707804099e-06,-0.0025278044442821846,49070024
normal,700,34,3.8075027827622387e-06,4.518270713107972e-06,-0.0005679300453508236,48882651
normal,700,35,7.493533215583679e-06,8.703880913924418e-06,0.00030878602592322794,48814576
normal,700,36,1.2720690814929913e-05,1.2888424602318067e-05,0.0022912547536849833,48703198
normal,700,37,1.0335569409575617e-05,1.040399524022442e-05,0.002390278737734593,49072425
normal,700,38,2.9993080985321444e-06,4.667315511003864e-06,-0.0007138054769978559,49079406
normal,700,39,8.665413432237995e-06,5.189364282603222e-06,0.0008430778399596778,49178959
normal,700,40,3.438690680430871e-06,2.7583743128991006e-06,-0.0011022622764661788,48537545
normal,700,41,1.1411000037408451e-05,1.0837828530055801e-05,0.0037646877575958724,48757757
normal,700,42,8.339568725527797e-06,8.830806194751201e-06,0.00019201428993714215,49073583
normal,700,43,5.443238365760727e-06,5.47555139528145e-06,-0.00042494090775378675,48991433
normal,700,44,9.92870592873934e-06,7.4668612484654874e-06,0.0016208977190858367,48831249
normal,700,45,5.5986892385975e-06,5.396897135597524e-06,-0.0002804281970709107,49216340
normal,700,46,3.966179201205495e-06,4.723070424066147e-06,-2.742188042159227e-06,48868725
normal,700,47,3.6321352021674774e-06,1.501335666235906e-06,-0.0008026698386751085,49243205
normal,700,48,4.378593768145301e-06,3.481134841706846e-06,-0.0023267567308050707,48585751
normal,700,49,9.127876684817636e-06,1.0238798229738936e-05,-0.0015027992547837665,49201282
normal,700,50,5.409763391035619e-06,5.0048277182043474e-06,0.0019002126376690327,49074568
normal,700,51,5.558428825827872e-06,6.2282829626121e-06,-0.0016576117420999592,48768908
normal,700,52,4.179313779986237e-06,4.667884663868699e-06,-7.907885430775497e-05,48643060
normal,700,53,5.725286495345941e-06,5.532040322646533e-06,0.0004840450084917566,49117177
normal,700,54,6.618012340430441e-06,5.399728290045611e-06,-0.0013068658674257182,48701618
normal,700,55,7.001773263975925e-06,5.9460076637134074e-06,-0.0011043773293031055,48957587
normal,700,56,7.65569316702157e-06,6.323445515405529e-06,-0.00014982589165590004,49392770
normal,700,57,8.714033907199392e-06,9.438120258034782e-06,0.003105417055279836,48952427
normal,700,58,8.68903826923754e-06,7.88164142460018e-06,0.00016623877005750794,48839317
normal,700,59,5.350582675420774e-06,5.678275739004065e-06,-0.0006672379664290598,48784701
normal,700,60,3.945797191641558e-06,4.0154413952476005e-06,-0.004377352622935354,48786643
normal,700,61,8.322393528160053e-06,8.120882090559775e-06,-0.0016338011982368447,48861147
normal,700,62,1.2284548781590532e-05,1.1422443245626487e-05,-0.0008696977052335102,48560613
normal,700,63,6.51413102219568e-06,9.35367093116544e-06,0.001722827711284662,49040269
normal,700,64,7.102620062730946e-06,6.588343628111334e-06,0.00017561557258895805,48503440
normal,700,65,6.72658925761161e-06,9.013767797162452e-06,0.0009800662879608576,48685550
normal,700,66,7.874775191339027e-06,7.11442394201751e-06,-0.0025801868387852044,48721068
normal,700,67,2.9924599598599534e-06,2.902675629180916e-06,-0.0029263338559773534,48614953
normal,700,68,5.873086340076354e-06,6.711838801854947e-06,-0.0011370988315657431,48768751
normal,700,69,6.917378790185316e-06,5.7416982779073595e-06,-0.0011242028895873913,48917286
normal,700,70,6.061502956780873e-06,4.931886904439672e-06,0.0008889446761734254,49242543
normal,700,71,6.523549489437371e-06,6.550357059833919e-06,0.0023247416476003552,49182779
normal,700,72,1.1522972446775127e-05,1.3530530747541164e-05,0.003993576309589875,49166419
normal,700,73,4.068880014641173e-06,4.292032994449125e-06,-0.0015374156525285309,49356994
normal,700,74,8.434451759644278e-06,8.947714474365932e-06,-0.0008080024912553738,48923820
normal,700,75,5.505769627149458e-06,5.9264693775093905e-06,0.0001867550508781654,48933151
normal,700,76,9.475171351787848e-06,9.964241227368584e-06,0.0017200345615910866,49337378
normal,700,77,5.917576949041177e-06,7.377102505685097e-06,-0.0006343350416210319,48716130
normal,700,78,3.5453899327694035e-06,2.601467253773682e-06,-0.0013002650931439803,49040725
normal,700,79,2.4877491772489543e-06,4.6866875555973855e-06,-0.0010463659067546905,49035501
normal,700,80,1.2023593754321802e-05,1.419780398607312e-05,0.004272926999806985,48694185
normal,700,81,8.936614847160997e-06,9.790551465484229e-06,0.001019000198614241,49355994
normal,700,82,4.424135265910909e-06,2.0552188840012567e-06,0.00010988753844673077,48638788
normal,700,83,7.398886384899601e-06,7.906939179654869e-06,0.00047583706478243685,48383355
normal,700,84,7.841145894102807e-06,6.367021741303779e-06,-0.0006670236385502195,49196154
normal,700,85,1.0962844658873551e-05,1.139308369418551e-05,-0.0005565048148827275,48932563
normal,700,86,8.202252280681196e-06,7.833301708957794e-06,0.0013556620089530181,48992635
normal,700,87,4.0538245541329714e-06,4.573964983381687e-06,2.151592719956125e-05,48772477
normal,700,88,1.4187182024178111e-05,1.5936882776092055e-05,0.002942393350628805,48442399
normal,700,89,3.6876675551272875e-06,4.252268195847428e-06,5.547724286511178e-05,48997074
normal,700,90,4.228725823974322e-06,5.774965485226736e-06,-0.002146925523136096,49027791
normal,700,91,5.3567266256194295e-06,4.748764951512493e-06,-0.0009656336318704092,48800717
normal,700,92,7.134447114640046e-06,7.655772757871507e-06,0.0006163817420493362,48807769
normal,700,93,4.121570993891113e-06,4.287453497355883e-06,-0.000682999336340514,48685866
normal,700,94,1.2395972272187767e-05,1.1868566422681982e-05,0.00494866307694222,48840925
normal,700,95,1.0997651284496069e-05,1.1284620410733984e-05,0.0020316854006700545,49037521
normal,700,96,6.50495964443943e-06,8.79219471048459e-06,0.0010595825752658522,48897882
normal,700,97,3.5114954150809913e-06,2.6383162225884867e-06,0.00038889257048256104,48860453
normal,700,98,3.886282002493757e-06,5.440668854335695e-06,0.0006166261671299153,49206095
normal,700,99,8.356318665009622e-06,9.357431112814081e-06,-0.0004357173321939069,48501379
normal,700,100,5.331153803137564e-06,3.2681608639175255e-06,0.0010544837337927826,49019445
normal,700,101,5.906492681494268e-06,5.719021864453316e-06,-0.0028855795520315686,49046497
normal,700,102,6.748044069006463e-06,5.464521160715478e-06,-9.361541492952052e-05,48937463
normal,700,103,7.0764551559760005e-06,7.0238048450335375e-06,0.00023955055313460121,49057982
normal,700,104,1.0547682694831016e-05,9.711861164162472e-06,-0.002045315413463803,48974438
normal,700,105,1.0462019127096492e-05,1.1778669767720436e-05,0.0012409753331092883,48639987
normal,700,106,6.290808726031787e-06,6.242929480569817e-06,0.00034792340996437477,49026823
normal,700,107,1.7292902581070484e-06,2.9470359379477745e-06,-0.0021441371658823143,49083591
normal,700,108,7.269451241564603e-06,9.14201352316286e-06,-0.0010508181503497166,49188163
normal,700,109,4.298118513894474e-06,5.58040131313596e-06,0.000868841138587691,48995003
normal,700,110,4.673664683792706e-06,5.570752125542028e-06,-0.003182272654499048,48643991
normal,700,111,8.236359068154784e-06,1.0930241597732988e-05,0.0025790890384748276,48450998
normal,700,112,6.718203354662677e-06,6.521776766957286e-06,0.0012251498799291014,48944507
normal,700,113,1.0993910243071192e-05,9.02204014716093e-06,-2.641351817275685e-05,49095909
normal,700,114,4.428269188352037e-06,5.037414354131607e-06,-0.0006682761113440955,48738270
normal,700,115,8.25991719583787e-06,7.107711337965939e-06,0.0008340655057698061,49252915
normal,700,116,6.3662867399422545e-06,6.757542234430286e-06,0.0009536889357364286,49100329
normal,700,117,1.0249350562713356e-05,1.0403217604960193e-05,0.0005379282791504835,48999671
normal,700,118,7.4224230948107405e-06,6.752335744947423e-06,0.0034665435641208415,49019809
normal,700,119,7.548086631381287e-06,6.207130437982562e-06,0.0032756165074545374,49193873
normal,700,120,9.373629520665563e-06,9.16534197579857e-06,0.0022272807952657897,48995601
normal,700,121,7.274234951094621e-06,7.530518640779928e-06,-0.0005037109485438277,49157775
normal,700,122,6.785549953910335e-06,5.712447721034255e-06,0.0011160284975848486,48783505
normal,700,123,1.0038756105450082e-05,9.692391190427427e-06,-0.0006784176045441701,48877488
normal,700,124,7.88109649783548e-06,9.404756640518081e-06,0.0021875810916219996,48703050
normal,700,125,7.855798648020544e-06,5.970775359168729e-06,0.0034939483656277913,49173175
normal,700,126,5.131843473163213e-06,4.2164628706188325e-06,-0.0015651397294499042,48727789
normal,700,127,3.2646626805915174e-06,3.3250607396006274e-06,-0.0012063947587537802,48776246
normal,700,128,8.520227487211363e-06,1.0069071800411448e-05,0.0025857660360469065,48662941
normal,700,129,5.3803746875539e-06,3.7651985501388626e-06,-0.0006062121434501188,48784088
normal,700,130,7.1745270472085125e-06,5.37095890332981e-06,-0.0021239953308960584,48924808
normal,700,131,5.208900122855871e-06,5.51586266819651e-06,0.0013765406963800854,48814392
normal,700,132,9.101304844664363e-06,9.218301525207465e-06,0.004650648627326331,48845158
normal,700,133,4.324525138939852e-06,4.3083204361215525e-06,-0.0024936028926055183,48821647
normal,700,134,5.882091318700892e-06,3.1559716339629243e-06,0.0040792779396298965,48778075
normal,700,135,7.674070400870254e-06,9.092540018404895e-06,0.0005906589649467383,49237710
normal,700,136,1.00323644570397e-05,1.069922597514644e-05,0.005124512355063957,49032052
normal,700,137,7.326024969968335e-06,6.043239960150404e-06,0.001320195785643124,49177330
normal,700,138,8.175684103917919e-06,8.515167289600101e-06,0.0011943508674165442,49278150
normal,700,139,7.085925393549974e-06,7.278345516979264e-06,0.002126677589950173,49126162
normal,700,140,6.882383992890099e-06,7.353712736966208e-06,8.238943939746392e-05,49419866
normal,700,141,5.837540787818085e-06,6.23550020146639e-06,-0.003635948670321728,49130007
normal,700,142,6.377201451658472e-06,5.906525866363003e-06,0.0007710886228544031,48911375
normal,700,143,5.931007381392071e-06,5.221658227693763e-06,0.00023576196367339813,49186772
normal,700,144,5.366289283465616e-06,3.911014787003885e-06,-0.0008853769705830333,48716934
normal,700,145,5.303883713870328e-06,5.260595051031692e-06,0.00023884194506518537,49390949
normal,700,146,5.471336252449847e-06,5.964578426093251e-06,0.0003647305905932531,48629235
normal,700,147,1.272396904357927e-05,1.3622296399351178e-05,0.004956258519224663,49364456
normal,700,148,4.66907078789684e-06,4.277290687101411e-06,-0.000530882552450935,48867804
normal,700,149,1.1813441579751228e-05,1.181189929593345e-05,0.002814090823990528,48795856
normal,700,150,4.220018194058332e-06,4.64538317529648e-06,-2.3436491196466795e-05,49082180
normal,700,151,3.927034901192672e-06,3.4948454881007273e-06,0.000561835219058546,49173515
normal,700,152,5.642891669436198e-06,2.950984256143935e-06,-0.00047863944238011935,49010550
normal,700,153,5.924400649910525e-06,7.121984166633811e-06,0.0007953989582679024,49244007
normal,700,154,5.868196606021597e-06,4.8026774514209985e-06,-0.0003447380323583328,48931511
normal,700,155,6.746172199285086e-06,7.271282544754218e-06,-0.002258642151806402,48852331
normal,700,156,9.173088474563549e-06,7.5990075206493394e-06,9.92385191965265e-05,49032798
normal,700,157,1.22806075903124e-05,1.3131610442587275e-05,0.0021008633279580077,48879940
normal,700,158,4.648888181096569e-06,5.049347864229465e-06,-0.0019837105017157276,48888246
normal,700,159,2.525564876823895e-06,2.5711804249067502e-06,-0.0030364444255342217,48990418
normal,700,160,4.056946624172975e-06,3.654119597605427e-06,-0.003327594390271197,49257136
normal,700,161,4.1224629460994476e-06,3.4599019777573643e-06,0.0027666866489876314,48859067
normal,700,162,8.16872486395576e-06,8.095906496224082e-06,0.00654742315373426,48893717
normal,700,163,5.544772544224221e-06,7.2826201929637515e-06,7.179697380853608e-06,49619754
normal,700,164,5.1349574287189846e-06,7.320792729629809e-06,0.0026687274582074738,49098170
normal,700,165,8.555962518613337e-06,8.652619062721866e-06,8.343571964858694e-05,49143607
normal,700,166,7.388375172494802e-06,7.3388533331338305e-06,-8.183216304960191e-05,49021606
normal,700,167,7.274593986967407e-06,6.121928579558474e-06,-0.0011110505486923395,48783536
normal,700,168,8.370019796398915e-06,8.087927585145227e-06,0.002607273081290285,48970002
normal,700,169,4.443167671387214e-06,4.3090192924991335e-06,-2.6204076098982135e-05,48504817
normal,700,170,1.089742672192596e-05,1.0691159755123448e-05,0.0025644349395656718,49069359
normal,700,171,4.9255735653456196e-06,5.5969610289025505e-06,-0.00035293882503104605,48555384
normal,700,172,1.0377839408364553e-05,1.2299255395965505e-05,0.001711441348337145,48850262
normal,700,173,4.922948806631195e-06,5.133088851289584e-06,-0.001078589703193878,48925507
normal,700,174,4.613322357745732e-06,6.475503183398187e-06,-8.765572977711649e-05,48782414
normal,700,175,1.2827461142677071e-05,1.1174638798259933e-05,-0.00012366185393326533,48985737
normal,700,176,5.38943522335442e-06,5.472613721855678e-06,0.0036917902555533818,49024622
normal,700,177,8.165227323181282e-06,9.972884845394806e-06,0.0038837907382975488,48954181
normal,700,178,5.4408795598709785e-06,5.385731218730409e-06,-0.0007653950172497368,48987679
normal,700,179,4.40650094881707e-06,3.383861360426885e-06,-0.0013724648744715567,48995038
normal,700,180,9.709720497797505e-06,1.047633912634129e-05,-0.0002073517368617443,48333764
normal,700,181,4.614077087203798e-06,4.48833624359153e-06,-0.0002888653815365041,48708710
normal,700,182,7.902514504554243e-06,7.962934626748972e-06,-0.0017141749381778806,49038730
normal,700,183,5.610666181773896e-06,5.687657266183277e-06,-0.0019222455486152374,48740590
normal,700,184,1.0724929892168642e-05,7.893178931072455e-06,-0.0009339881907110762,48777645
normal,700,185,7.391215797322231e-06,7.882367882691851e-06,-0.0005810259412383798,48784468
normal,700,186,3.1262571257580672e-06,3.0908950670308616e-06,-0.00475291286106706,49332412
normal,700,187,3.3237296375762737e-06,3.4769011383262303e-06,-0.001984246486368223,48775939
normal,700,188,6.676791625802313e-06,7.222211332454483e-06,0.00036347677002279,48958322
normal,700,189,6.455857281479873e-06,5.832521992968746e-06,-0.0009149321953938693,48870353
normal,700,190,4.819539468830579e-06,4.897273836430661e-06,-0.001745832588056957,48877861
normal,700,191,5.49494197148323e-06,6.231189325763551e-06,-0.00026530585143857245,48677062
normal,700,192,1.5566022580054718e-05,1.8790284588781995e-05,0.005166069342747108,48940732
normal,700,193,6.202376683896434e-06,6.598342893581464e-06,0.0029465423056519867,49501797
normal,700,194,5.685571587761961e-06,5.1036532096639094e-06,0.0022106776492440074,48678116
normal,700,195,1.5143605296940832e-05,1.6518385030255044e-05,0.0043089764015086275,48680386
normal,700,196,5.805625105871366e-06,6.7393548494072325e-06,0.0027887606413429865,48808760
normal,700,197,7.271603504661582e-06,9.390371703510854e-06,0.0011252813559525766,48855934
normal,700,198,3.073898956278263e-06,3.371649287632727e-06,-0.0008070957262831939,48943031
normal,700,199,4.260297525449407e-06,5.123626095396315e-06,-0.001882189399847556,48867251
normal,700,200,6.091538451328685e-06,5.84108634968168e-06,0.0008756502362742983,48731233
normal,700,201,9.741289671705842e-06,9.259225868771526e-06,-0.000806178554942752,49407122
normal,700,202,4.745784690429274e-06,5.2467188597869275e-06,-0.00034593973786973376,48721718
normal,700,203,6.061782430204039e-06,6.508486221020529e-06,-0.00162323037248731,48974825
normal,700,204,5.385439326758396e-06,4.18725816686993e-06,-0.00036767773261820645,49027602
normal,700,205,3.7177995307753816e-06,4.246470563261739e-06,-0.00030643590880333026,49110189
normal,700,206,1.0333753855681644e-05,1.0312619303894729e-05,-0.000826529306422554,49285801
normal,700,207,5.311063745684938e-06,5.298298609083007e-06,-0.0019437328300211856,48751742
normal,700,208,7.648215655117052e-06,7.80813084064794e-06,0.0007320365687775055,49166884
normal,700,209,9.050119284504442e-06,9.734534287420201e-06,0.0009135998007387155,49032493
normal,700,210,3.0650796313469896e-06,3.4514819886631965e-06,-0.002140847097724015,49188470
normal,700,211,9.559032574067866e-06,8.211255254906906e-06,0.0025365430912532485,49060631
normal,700,212,5.716117538216762e-06,5.637983048190843e-06,-0.001943464430998132,49119659
normal,700,213,7.497456880359538e-06,8.240522169688694e-06,-0.001977761888003308,49026861
normal,700,214,1.62000692422752e-05,1.5813978215960944e-05,0.005338780263848739,48707183
normal,700,215,9.910162857085134e-06,9.628886994675896e-06,0.0008745177945263934,49181952
normal,700,216,7.221624537899693e-06,6.380431973171739e-06,0.0004321560716859274,48967121
normal,700,217,9.18678748398794e-06,8.337942918130992e-06,0.0006923980365808372,48497185
normal,700,218,1.0751599669282071e-05,1.0308259333685682e-05,0.0011798161987415469,48854532
normal,700,219,3.967080287313806e-06,3.9705740416269966e-06,-0.002606296914757969,48808087
normal,700,220,4.614856893009692e-06,4.7386299196302734e-06,-0.0007522850517375664,49019812
normal,700,221,9.63153799165386e-06,1.1319435186607097e-05,0.0015691204504821698,48946272
normal,700,222,7.440063165755145e-06,6.70029982887161e-06,-0.0015603004836084,49001979
normal,700,223,6.878872733024628e-06,6.475880025146293e-06,0.0005128445510136318,49260786
normal,700,224,6.0668190737936344e-06,6.891336156834651e-06,0.0007610203701507842,48787622
normal,700,225,4.7904236508576835e-06,3.3513045424907744e-06,-0.0003605309022928969,48976000
normal,700,226,7.772205379441253e-06,7.6220583748975265e-06,-0.0020555825795052886,49050254
normal,700,227,6.941830447749084e-06,8.228113789921462e-06,0.00333762896560522,49149242
normal,700,228,1.4050431672634432e-05,1.4942655374856027e-05,0.004729272095841035,48658236
normal,700,229,1.1209439068973395e-05,1.089995624962944e-05,-0.0006664103549663972,49354456
normal,700,230,6.414115062432645e-06,6.208821653720885e-06,-0.002582324034098637,48827561
normal,700,231,8.161295710850574e-06,8.058362093726257e-06,0.00029263056491679053,49344929
normal,700,232,1.2981192590975333e-05,1.3525738723912897e-05,0.0019399026695259066,49311766
normal,700,233,6.625445066107133e-06,6.07098706529546e-06,-0.0016203126666709733,49021984
normal,700,234,7.097183981165564e-06,6.270050979130257e-06,0.00014298292608488276,48655002
normal,700,235,5.273090824527925e-06,7.483368425164139e-06,0.0014233183795749047,48532748
normal,700,236,5.948306262844384e-06,6.217331555328755e-06,-0.0008826820397637123,49305951
normal,700,237,4.830630104573871e-06,5.612113951702685e-06,0.0015827120644870624,49227653
normal,700,238,4.49271246210749e-06,4.234131470287635e-06,0.0010000327381751491,48854914
normal,700,239,3.557214192961337e-06,3.4307732805060546e-06,-0.0007301575906016406,48792993
normal,700,240,3.6449269733280533e-06,4.461063823922138e-06,-0.0011923463958489356,49059277
normal,700,241,4.160235473956115e-06,4.4864084535638385e-06,-0.002865144963384612,49326404
normal,700,242,7.907112354640164e-06,5.789238208020391e-06,-0.0004015782299164643,48889324
normal,700,243,4.442824109507461e-06,4.3469720095868884e-06,0.0012996390654130196,48778172
normal,700,244,7.415229383891012e-06,7.735861028202621e-06,-0.00040060776101924,49160340
normal,700,245,7.998511102569749e-06,9.597284633962407e-06,0.0020176178259813295,49408942
normal,700,246,7.2796742907927725e-06,6.153240580275105e-06,-0.0003210101122315827,49033173
normal,700,247,5.60345495456566e-06,4.6916601116259905e-06,-0.000777858053103792,48841007
normal,700,248,7.957376383609833e-06,7.558151216499958e-06,-0.0005719487294132931,48920510
normal,700,249,5.592700852466303e-06,5.641086915120905e-06,-0.0025178180963895914,49057013
normal,700,250,6.1921174113510606e-06,5.98971916171791e-06,-0.0009134504659817111,48746894
normal,700,251,8.539141260704876e-06,7.991687335102854e-06,0.0014737085924588695,49208564
normal,700,252,8.10935481713582e-06,6.712892205112879e-06,0.0006059440718581982,49105354
normal,700,253,4.77133453734934e-06,2.6074903978602456e-06,0.00033228557506522144,48866860
normal,700,254,1.0778370964604854e-05,1.0589620887652813e-05,0.0005218397074092663,48777599
normal,700,255,3.7682063113917852e-06,3.2895985618321717e-06,-0.0005965923136416146,48661789
normal,700,256,7.529361818747266e-06,8.04346917472897e-06,-0.000810016581539092,48782451
normal,700,257,5.35120227677781e-06,6.536999128098476e-06,0.0008250340557626176,49284259
normal,700,258,6.327841315177201e-06,7.87970454583865e-06,0.0006177575829154926,48966566
normal,700,259,4.811961853699727e-06,5.812861423554312e-06,0.0014753754222824025,49231597
normal,700,260,1.0706300655094254e-05,1.177470738767921e-05,0.00010610267766194557,49238142
normal,700,261,5.374349110780428e-06,6.134944896662922e-06,0.0033736025684570057,48878807
normal,700,262,7.215929902747538e-06,7.828668967669185e-06,0.001199437881074256,49108695
normal,700,263,5.619458476617783e-06,7.5008869353941695e-06,0.001481023447347231,49290170
normal,700,264,5.742455152275301e-06,5.796747915348496e-06,-0.00021136452978121216,49216073
normal,700,265,7.923256302513245e-06,8.231271943315985e-06,-0.00023056002270100372,48697164
normal,700,266,7.023861325248152e-06,7.865678209899724e-06,0.0021460213682351864,49027279
normal,700,267,1.1058378631877831e-05,1.186098290303156e-05,0.004145373593368879,48847715
normal,700,268,5.884016315394115e-06,5.990913955274647e-06,-0.0005491852145719814,48802222
normal,700,269,5.517643139907512e-06,4.440653417374902e-06,6.667881771009275e-05,48714456
normal,700,270,6.12091904690845e-06,9.330617052537742e-06,0.0022110774785806626,49295648
normal,700,271,6.218627584330969e-06,6.707008630241981e-06,0.00014526745695683216,48441980
normal,700,272,5.627378400017638e-06,5.2463583805656965e-06,0.00028498109060971983,48910965
normal,700,273,6.919298457520701e-06,8.589039493860536e-06,-0.0004945467236021101,49307894
normal,700,274,3.0633416120779983e-06,2.3348450454662496e-06,-0.0007428227849595046,49017404
normal,700,275,9.97886203215434e-06,1.1800497329810876e-05,0.0006674881172698894,48823093
normal,700,276,6.466064083184311e-06,5.5733741345360984e-06,0.0011037707531222198,49221953
normal,700,277,4.994411269354474e-06,3.7581327456063356e-06,0.0016566304449708066,49288019
normal,700,278,6.896357066241603e-06,7.310329380061444e-06,-0.00059845742412206,49448562
normal,700,279,1.1739521511816337e-05,1.1062050038577933e-05,0.000377464097327741,49209802
normal,700,280,3.788758654460778e-06,4.712595018802674e-06,0.0012144489313787418,48715238
normal,700,281,3.964461364847188e-06,4.861867575668862e-06,-0.001099178048931651,48963328
normal,700,282,6.39524420436648e-06,6.677317096516592e-06,-0.0003089368381451235,48827327
normal,700,283,4.3668827816498815e-06,7.764757261679285e-06,-0.0007073234728019263,49006417
normal,700,284,4.675805394259014e-06,5.294929337075697e-06,0.0011163055155236678,48789705
normal,700,285,8.041702354792527e-06,9.35769362486509e-06,0.0016004908419070608,48871248
normal,700,286,6.385703435101836e-06,5.508248607427024e-06,0.0003954603808862342,48752951
normal,700,287,1.3214845451203225e-05,1.3148786946205406e-05,0.0030817848406701188,48954078
normal,700,288,4.5725577671574734e-06,4.3989299363539925e-06,-0.0015972672268080468,48625051
normal,700,289,5.959151084064846e-06,5.8570131403779535e-06,0.002289620895356641,48608712
normal,700,290,1.0792127615753459e-05,1.0027091509445943e-05,0.0016886799856202727,48798067
normal,700,291,2.980794372418302e-06,2.8372605664157833e-06,-0.0007807843757127897,48581194
normal,700,292,5.771975330133066e-06,4.940166884646571e-06,0.0012897307495378753,48960246
normal,700,293,4.212853216950431e-06,4.283263779815199e-06,-0.002402275399781017,48837763
normal,700,294,1.0934465639043581e-05,1.0060962468569682e-05,0.0036872273752954175,48867194
normal,700,295,1.017491414979474e-05,8.318421258225211e-06,0.0028764726125967877,48930286
normal,700,296,8.346641532533308e-06,8.174756557997245e-06,0.0027632480134989947,49091744
normal,700,297,4.596867644125256e-06,3.7951330957475237e-06,-0.00012920414058546808,49296280
normal,700,298,5.514297854855223e-06,5.944935225970491e-06,-0.0003622385811506466,48555899
normal,700,299,4.553529348661425e-06,4.704344644565015e-06,-8.151682598942292e-06,48431453
normal,700,300,6.638544431464809e-06,7.441892918928657e-06,0.0010048461360010763,49332887
normal,700,301,4.901689433932881e-06,3.4350182229672925e-06,0.003224306094072012,49082400
normal,700,302,1.0291291441653825e-05,1.0701935434765646e-05,-0.0010414968459725284,48689634
normal,700,303,4.8736720796839466e-06,4.006139919500047e-06,-0.0023848285108901044,48940103
normal,700,304,1.812042195478325e-05,1.8116771601728204e-05,0.0020182192956970267,48913776
normal,700,305,5.349002910000454e-06,4.685250670599642e-06,-0.001720630108213094,48952716
normal,700,306,7.165934944606027e-06,6.680907161036923e-06,-0.0011481702766418286,48701131
normal,700,307,4.16711103868221e-06,2.5384788843975214e-06,-0.0009575934862888273,48885943
normal,700,308,6.59802178218965e-06,8.553317310642782e-06,0.0028623677046197295,49058505
normal,700,309,4.165502410477203e-06,2.7937252899776443e-06,-8.7413713586226e-05,49047516
normal,700,310,9.294786081625556e-06,7.532876151972879e-06,0.00176788153836444,49175318
normal,700,311,5.739224664189848e-06,4.6395119204369236e-06,-0.001792810850476245,48974634
normal,700,312,5.914532213058326e-06,4.985428794642326e-06,0.0004519196532492227,48769437
normal,700,313,2.4260533087278287e-06,3.2100586001970793e-06,-0.0012792474757623029,48873566
normal,700,314,6.159565072545955e-06,6.526263543395896e-06,-0.0008989760785783622,49031311
normal,700,315,5.691736030802511e-06,6.8543503256285375e-06,-0.0011358059133587132,49293666
normal,700,316,1.652830112553918e-05,1.4730313629554555e-05,0.003055871981522996,48779492
normal,700,317,4.490011568574283e-06,4.376956057579932e-06,-0.0013160013313383073,48886156
normal,700,318,8.522751101192558e-06,6.77798982896906e-06,-0.00038018928111514707,49072764
normal,700,319,8.72049438069684e-06,8.79528210282407e-06,-0.0008825792020097314,48895560
normal,700,320,6.770287933246433e-06,5.056472240182028e-06,0.0015659774960155631,49042878
normal,700,321,6.001819966761102e-06,4.465066580547246e-06,0.0007844994829370414,48801829
normal,700,322,5.342756669414415e-06,5.408078719667858e-06,-9.01824533142469e-05,49314989
normal,700,323,6.018889545125327e-06,6.632012297846371e-06,-0.000595923952493144,48637922
normal,700,324,3.4518254303086515e-06,4.283853032091565e-06,-0.0009318535971051508,49130105
normal,700,325,8.28091557482709e-06,7.401053520151284e-06,0.00016338312137619042,49296958
normal,700,326,4.7329956897286205e-06,4.306917811076168e-06,-0.0009508282489274114,49197327
normal,700,327,1.3222170462275991e-05,1.4592449838492716e-05,0.0041296736901629974,48909127
normal,700,328,5.174879699608619e-06,8.851983167579608e-06,-0.0002854514002275952,48933996
normal,700,329,6.255708645744995e-06,7.08903168123977e-06,3.3363620229960157e-05,49286222
normal,700,330,6.442064921200392e-06,6.278749833708162e-06,-0.0013540607384402027,48791425
normal,700,331,8.190433376464545e-06,8.87691007610204e-06,-0.000609014020837021,49263135
normal,700,332,1.0350395714547189e-05,1.0989199254269384e-05,0.0014662180324170409,48740350
normal,700,333,6.17855098140585e-06,5.5985872351527e-06,-0.0013543075254352278,48827184
normal,700,334,7.69399366790855e-06,6.140771154510651e-06,0.00025333544645772304,48958285
normal,700,335,9.492159426161654e-06,8.86974827658177e-06,0.0006519768742517639,48683621
normal,700,336,9.526218803634928e-06,9.307370813176528e-06,-0.00041238654887357603,49038333
normal,700,337,8.435278912083375e-06,7.782693211149056e-06,0.0007677643949142493,48943986
normal,700,338,6.525012269012569e-06,6.497271820278761e-06,-0.0003077999475325744,48907559
normal,700,339,8.257879147556924e-06,8.680226353353985e-06,0.0013875166660183575,48827559
normal,700,340,7.072319098966263e-06,7.229935004379529e-06,0.0015976312156510124,48954353
normal,700,341,7.234781070331879e-06,7.93927346335989e-06,0.0012982193773003097,49236092
normal,700,342,7.802814911762982e-06,8.029394025167543e-06,0.0005117980880713049,48979409
normal,700,343,8.194477707288355e-06,8.076517862502255e-06,0.00024005049021602568,49135815
normal,700,344,5.728489640271294e-06,5.675312506522583e-06,0.000642428558817679,48394040
normal,700,345,6.443514102744364e-06,5.0572956372876515e-06,-0.0010892640414629261,49054423
normal,700,346,1.0268915014484516e-05,8.900069754957144e-06,0.0022255411659394676,48747187
normal,700,347,5.191678018618691e-06,5.155089758562354e-06,1.7109713554332162e-06,49153563
normal,700,348,2.6996985155566908e-06,2.5332453909083237e-06,-0.0038545413229932775,48603251
normal,700,349,5.061488950180355e-06,4.035102328138974e-06,0.0004971039341004584,49034883
normal,700,350,9.787628040423386e-06,7.1992389414301235e-06,-0.0014525168327876184,48885274
normal,700,351,6.914682891852174e-06,7.625668529186639e-06,0.0016066701942790951,49179567
normal,700,352,5.003156870195623e-06,6.506372473821661e-06,0.0005556568277771013,48882193
normal,700,353,7.85261906550042e-06,8.014628824714752e-06,0.0008359762159924662,48804693
normal,700,354,1.1661666211738087e-05,1.1774142652005918e-05,0.0033645396992981903,49079761
normal,700,355,7.583275798696196e-06,7.642069512394902e-06,-0.0017568938167534798,48735932
normal,700,356,7.307973392783802e-06,6.373516540294728e-06,0.0020636191404414003,49179626
normal,700,357,4.63723487884762e-06,5.941479226723176e-06,0.00035037509666244817,48423779
normal,700,358,3.7425760062896717e-06,4.52237323555642e-06,-0.001067268851328016,49038950
normal,700,359,8.136532690882329e-06,7.050499053853571e-06,0.0014110355048264917,49016520
normal,700,360,6.910093655168847e-06,7.734429257048847e-06,-0.000887796830581793,49011541
normal,700,361,1.0655570896271331e-05,9.874654378430095e-06,0.0027616216272861806,49390812
normal,700,362,2.95763105409461e-06,1.5231810607781003e-06,-0.0006675355214132259,48551912
normal,700,363,4.274935710090475e-06,5.727831035713135e-06,-0.0002857332593434416,49034421
normal,700,364,3.298136929106095e-06,3.3068037009876892e-06,-0.0006018491556904309,48882605
normal,700,365,8.491524313600915e-06,1.1071704989833951e-05,0.0013407364903834918,48928391
normal,700,366,1.2240996900370069e-05,1.166773148617425e-05,0.0008270553597592325,49046669
normal,700,367,4.079827875187034e-06,3.971712304341689e-06,-0.0015937311931761128,48713096
normal,700,368,5.424492298921155e-06,3.532807017495836e-06,-0.002656621557792763,48616554
normal,700,369,6.541538162487565e-06,5.843733294674383e-06,0.0006837953813230163,48965031
normal,700,370,4.074809471130459e-06,3.0866598922568625e-06,0.0028292729230184727,48893587
normal,700,371,5.617844398882587e-06,6.42917003167944e-06,0.0014947914885167042,48990070
normal,700,372,4.4527587083853615e-06,4.0445747692229675e-06,0.00043130369051408413,48633756
normal,700,373,4.205232372882931e-06,4.356250629161792e-06,-0.0024974417837224537,48947856
normal,700,374,8.303130519849541e-06,8.089047815062939e-06,0.0009880379514973074,48779160
normal,700,375,5.49705269786987e-06,5.1615446833070884e-06,-0.0011332347521893287,48731499
normal,700,376,8.1953916345679e-06,7.529308420796743e-06,-0.000987119505577294,48677914
normal,700,377,6.9730376167465165e-06,6.526252756167296e-06,0.0016240186570793313,49042380
normal,700,378,7.239456921856592e-06,4.667014103014798e-06,0.00010335882656637068,48922786
normal,700,379,7.25091752484807e-06,7.963404974048763e-06,0.0007429744617431752,49115153
normal,700,380,3.939669978816493e-06,4.589441413545799e-06,0.0016249988909496904,48623791
normal,700,381,8.658718121329413e-06,6.2333216313820495e-06,0.0019880497477012776,49172495
normal,700,382,9.099273564252167e-06,8.822552163959796e-06,0.0013320739606196474,48954396
normal,700,383,5.583245733822647e-06,4.9847624451693474e-06,-0.00025214479051593135,48702908
normal,700,384,3.966255098524855e-06,4.867624409031891e-06,-0.0014278719193887102,48920316
normal,700,385,1.053254177278474e-05,9.237439157870491e-06,0.001646579841016998,49007648
normal,700,386,5.164513559562159e-06,5.003166653839309e-06,-0.00028103901110685536,48777225
normal,700,387,2.0163687533671773e-06,-2.701234469582446e-07,0.0003175756581386502,48997978
normal,700,388,3.3435385490046805e-06,2.3771787161553473e-06,9.464272047542318e-05,48926170
normal,700,389,1.0345562688264603e-05,8.98410602083375e-06,0.002991357646285698,49048626
normal,700,390,6.590794687960916e-06,7.372611261144843e-06,0.0008446429410222392,48789393
normal,700,391,6.288761605692493e-06,6.582092439982607e-06,-0.000730275559961881,48950133
normal,700,392,3.43191746537888e-06,4.484900429467741e-06,-0.00018382876382815952,49197395
normal,700,393,6.386717546781851e-06,5.182990334576469e-06,0.0031667724637627075,48991257
normal,700,394,3.6456416147512096e-06,4.991488758686478e-06,-0.0009543072098384448,48987533
normal,700,395,3.7308385777602633e-06,1.7221504507656969e-06,-0.0015327940349634894,48938962
normal,700,396,7.086353124106674e-06,8.105378725058245e-06,0.003957552494453855,48524119
normal,700,397,4.337315980531734e-06,4.857322840789586e-06,0.0004475138592855017,48975990
normal,700,398,8.496609431048559e-06,9.734661061281313e-06,-3.1463720323547764e-05,48809500
normal,700,399,2.3298196785361936e-06,3.0748292579231074e-06,-0.0010795923720508089,49332487
normal,700,400,4.975742184246479e-06,5.345426763359817e-06,0.0004993546657607584,48891015
normal,700,401,7.791290328979049e-06,8.454692140586856e-06,0.0007578969836363649,49158195
normal,700,402,8.305148143520642e-06,1.0481030873537817e-05,0.002607338391129923,48857701
normal,700,403,6.0578191389323965e-06,5.669355754477509e-06,-0.0019853021828538384,48920001
normal,700,404,3.533050812456524e-06,3.3937065520415968e-06,-0.0018162229706652799,48899168
normal,700,405,8.032168815738009e-06,7.87540610091133e-06,-0.0018656057143151216,48931712
normal,700,406,4.642537567065874e-06,4.305611037267657e-06,-0.0010561605928835272,49073332
normal,700,407,8.85294129475773e-06,1.1792029410760944e-05,0.0041680589946276984,49154303
normal,700,408,8.482481407584682e-06,9.00550308924117e-06,0.0007272230974044203,48736899
normal,700,409,8.09125235678294e-06,8.382566608718351e-06,0.00396911680157958,48530512
normal,700,410,8.437555088009566e-06,8.21991984103329e-06,0.0018248431828150364,49087066
normal,700,411,7.939900593685616e-06,7.3758347683523535e-06,0.001115346301474378,49184164
normal,700,412,1.0486186317642867e-05,1.0507016848442107e-05,0.002142085324297133,48760747
normal,700,413,7.807305791457526e-06,7.577547930280573e-06,-0.0020782645820165498,48692932
normal,700,414,6.004462784559104e-06,6.34063257976201e-06,-0.0016045645709600537,49175032
normal,700,415,8.501923505925609e-06,9.733411496422968e-06,0.002827964167652214,49012728
normal,700,416,3.797697907770729e-06,3.612532165010678e-06,-0.0017756138132481241,49048128
normal,700,417,5.068206246949718e-06,7.621202254216788e-06,0.0017589868427836596,48781864
normal,700,418,4.876311091938e-06,5.937894185091493e-06,0.0015051018361797452,49088645
normal,700,419,7.423971865269476e-06,4.897614277783242e-06,0.004560718137712581,48758032
normal,700,420,1.1135544511964585e-05,8.382248488726266e-06,0.0012243186104388465,48925975
normal,700,421,9.693811823237117e-06,9.156232822479163e-06,0.0020684612316730004,48834476
normal,700,422,6.756948410537875e-06,6.252568375503438e-06,-0.0016674809413632443,49064047
normal,700,423,2.484203714490723e-06,2.510456802200464e-06,-0.003612647472277723,49190091
normal,700,424,7.594858583968801e-06,5.927245727350073e-06,0.0026016885301884006,48837099
normal,700,425,5.235409421070143e-06,5.409250075666511e-06,9.967204550842569e-05,49419986
normal,700,426,7.375876355586687e-06,7.828872180690627e-06,0.00244587103410252,49173048
normal,700,427,5.717187151984766e-06,6.811651733135551e-06,0.002312135631318688,48770181
normal,700,428,2.5157135247076734e-06,3.146283103994111e-06,-0.0032720219198917643,49207566
normal,700,429,6.94086090041108e-06,6.36969649480661e-06,0.0004559250651686949,49204656
normal,700,430,7.477377233924931e-06,7.921624743882044e-06,-0.0009611313358361008,48801193
normal,700,431,4.4558996724369255e-06,4.154694360945495e-06,-0.0037013919604505672,49154834
normal,700,432,6.253084061205929e-06,7.092704461878204e-06,0.0008183497477703564,48800553
normal,700,433,8.400524300884083e-06,9.905494461083637e-06,0.0011282220764994287,48666016
normal,700,434,3.374281702648393e-06,3.4881838060902436e-06,-0.0032635859285344835,49075581
normal,700,435,5.494648749785748e-06,4.315862678624693e-06,0.0006606117245211396,49209480
normal,700,436,4.201736195383877e-06,6.170011761456565e-06,-0.00045666654040910917,48528481
normal,700,437,6.52095650477828e-06,4.250801021633387e-06,-0.0008024159208155154,48802831
normal,700,438,1.178438997720152e-05,1.2449587028871597e-05,-0.000778313275371803,48623030
normal,700,439,6.974725612532717e-06,5.930340613269367e-06,0.0007849983203190318,48789707
normal,700,440,1.1248025417525484e-05,1.2723272903983215e-05,0.000806365446412289,48749578
normal,700,441,6.654420996806995e-06,5.999993623357238e-06,-0.001018210335789792,48965644
normal,700,442,9.493084132190273e-06,7.6056682960915575e-06,0.00012039634062276273,48718466
normal,700,443,7.88251755362495e-06,8.362127192172934e-06,-0.0014687736170239834,48638104
normal,700,444,1.076153428568241e-05,1.0777429248577767e-05,0.0016714545528327496,48972311
normal,700,445,1.0321576019688699e-05,9.29911977942131e-06,0.0013516966409782183,48906448
normal,700,446,1.034791755302864e-05,9.68172232210441e-06,0.00021114210606183736,49027903
normal,700,447,5.8031842180345275e-06,5.0712434568083675e-06,0.0005712690440186209,48899671
normal,700,448,8.964204050158546e-06,9.828551856576929e-06,0.001496789399277354,49100649
normal,700,449,4.7056245667865055e-06,4.739956856064149e-06,-0.0007367727342711667,48826277
normal,700,450,3.516414915174964e-06,3.043154100502669e-06,-0.0008148103398576742,48844139
normal,700,451,3.9207413227637274e-06,4.329324541908208e-06,0.0002512321172973236,48790527
normal,700,452,3.243727645079361e-06,2.4542885175135782e-06,-0.0016712562543155362,49220178
normal,700,453,6.168576570970126e-06,6.22759795842696e-06,-0.0035085163211515534,48731050
normal,700,454,5.343921294848206e-06,3.4753712614267712e-06,-0.0001615835410337331,48904391
normal,700,455,9.14493932088965e-06,9.786059127331499e-06,0.0012194278452662829,49037926
normal,700,456,4.665258063082314e-06,5.28193792026631e-06,0.0002702696759021506,48803084
normal,700,457,6.243728859650449e-06,5.967294166740285e-06,-0.000363967882594507,48724296
normal,700,458,4.864735868266891e-06,3.866479178965825e-06,0.00034943410790702894,49016236
normal,700,459,1.0124187554342398e-05,1.0634262836448636e-05,0.000520653156746138,49173319
normal,700,460,5.741319322820524e-06,5.7102822775994556e-06,-0.0014908977715740034,49211771
normal,700,461,8.477903571631606e-06,9.032362068601039e-06,0.002152346341229217,48886742
normal,700,462,1.0798877197943166e-05,8.72858145606679e-06,0.00021314972155608603,48874704
normal,700,463,7.0811857047529825e-06,8.154538150408132e-06,-0.00129854203890268,49133099
normal,700,464,5.3198238528303904e-06,5.390163415767871e-06,-0.000198577777672067,48964581
normal,700,465,7.377593030550049e-06,6.6299277554873555e-06,-0.0008695287854609998,49057531
normal,700,466,9.955298443730871e-06,1.0467647724351414e-05,0.0024421784366536305,49133805
normal,700,467,5.475445513440622e-06,5.660353895521207e-06,-0.0029912603297622335,49081337
normal,700,468,8.66487889425084e-06,7.23742837523484e-06,0.003989980352429587,48600756
normal,700,469,7.944768514691596e-06,6.988929829217384e-06,-0.0015220805173126904,48710746
normal,700,470,4.555055657600235e-06,3.737336230361551e-06,0.0011475878619638313,49239664
normal,700,471,7.754454675783677e-06,6.972944544834659e-06,-0.0007614643090500282,48912201
normal,700,472,9.2835053939351e-06,9.517044065842633e-06,-0.000579823247837171,48547562
normal,700,473,1.090839385776313e-05,1.0646002322180113e-05,0.0005896484621068971,48831433
normal,700,474,7.143771437514763e-06,8.235015379525141e-06,-0.00030952029605088956,48718668
normal,700,475,5.683979740544115e-06,8.198872303107337e-06,0.0004230160948417522,48776486
normal,700,476,5.004282011431892e-06,5.389862368726921e-06,0.0005110436797466213,49034776
normal,700,477,7.96259218833659e-06,9.464881970870793e-06,-0.0007809972015153,48773958
normal,700,478,9.237963505144967e-06,9.030544220022701e-06,-5.643941499836084e-05,48637332
normal,700,479,7.961756713484702e-06,7.618740087551531e-06,-0.0013056637110883968,48830761
normal,700,480,5.060031279579715e-06,4.679640243648061e-06,-0.0003770305939620941,49039499
normal,700,481,6.955884387405079e-06,7.039236117596891e-06,0.0019122323752204385,48982375
normal,700,482,4.502181121665508e-06,3.4547108657249036e-06,-0.0006770327198482664,48885621
normal,700,483,3.4646776618000245e-06,4.028792838200881e-06,-0.0015616497766091737,48846057
normal,700,484,3.104753924290864e-06,3.893298548938675e-06,-0.0007118493636524997,48710657
normal,700,485,6.222287266440519e-06,6.50330561143052e-06,-0.0006512224653032181,48827326
normal,700,486,6.51101388032752e-06,7.4580967420585664e-06,-0.00025962729082781513,48921729
normal,700,487,7.485769817630378e-06,6.236195981042671e-06,0.0011111159784132547,48995611
normal,700,488,8.790361794812497e-06,9.602674031075929e-06,-0.0018479290625726574,49116619
normal,700,489,5.338762635780162e-06,6.5745392648966475e-06,0.0005542179041779161,48927545
normal,700,490,1.0828190028330464e-05,1.2420076735305948e-05,0.0012349266934446304,49487955
normal,700,491,5.493345923957253e-06,4.117150558689851e-06,-0.0030235839172877603,48697603
normal,700,492,5.503152470652125e-06,4.937314875055926e-06,-0.0017490697284132794,48858763
normal,700,493,3.6989475555993737e-06,4.1825144486381174e-06,-0.0007379811453348514,48899643
normal,700,494,4.290608508016777e-06,4.43461960997546e-06,-0.0003807165178253235,48584498
normal,700,495,2.9732054546815425e-06,1.8326859962715779e-06,-0.0006434631856808938,48820694
normal,700,496,4.3670761102961854e-06,4.567090745497204e-06,-0.000550753233305027,48353115
normal,700,497,8.090694127505585e-06,8.838156294653993e-06,0.0015038866893639002,48935261
normal,700,498,7.128053537091089e-06,7.898471998977949e-06,0.0010755211250876085,48998064
normal,700,499,9.436315788089284e-06,9.82514706637512e-06,0.0016799654776895234,48688021
normal,1000,0,3.8071759243216053e-06,2.2851101740038652e-06,-0.0018765179982967134,100065860
normal,1000,1,2.9346563272496694e-06,3.749355499059636e-06,0.00041345195492286583,99662600
normal,1000,2,6.137209125936867e-06,6.451020626552749e-06,-0.00116953180509915,99831340
normal,1000,3,4.139852834802383e-06,3.754334363168147e-06,0.0006241273541600497,99829530
normal,1000,4,6.372511078689551e-06,3.93487953466332e-06,-0.0011587339580601608,100280410
normal,1000,5,4.889684318279445e-06,4.463345139421777e-06,0.0013932142088847552,100315740
normal,1000,6,5.578422962352915e-06,5.5028917040231704e-06,0.0007802839393903877,99562810
normal,1000,7,5.407985942309199e-06,4.988612735797734e-06,-0.0006007867976676449,99326790
normal,1000,8,7.152208011882604e-06,8.064455900233017e-06,0.003003145880524799,99336440
normal,1000,9,4.773106203362933e-06,4.327403406241751e-06,-0.0017759972728134022,99920550
normal,1000,10,2.7074986481673962e-06,3.820099629427224e-06,0.000809718223925475,99697820
normal,1000,11,9.65956223766406e-06,1.2112306729886014e-05,0.0033198360012566637,100757680
normal,1000,12,2.4491411259234023e-06,2.6393149185131525e-06,-0.002297429405577063,99156260
normal,1000,13,2.613366507023894e-06,2.6986143251736727e-06,-0.0010675908227278546,99710240
normal,1000,14,6.8807152813575655e-06,7.001444341397275e-06,0.001346812027399774,100038110
normal,1000,15,7.096649166665044e-06,6.964790046541808e-06,0.002238309192940926,99899040
normal,1000,16,2.8257866201409982e-06,3.3188559328184603e-06,-0.00206066577438499,99502270
normal,1000,17,3.998657602680953e-06,3.052873059388902e-06,-0.0013441044904402705,100212700
normal,1000,18,4.462491827104834e-06,5.1817229683048905e-06,-0.0010263155236063539,99831620
normal,1000,19,3.2460999101759855e-06,1.925994517163595e-06,0.0003170913962107577,99862650
normal,1000,20,5.30240862451512e-06,5.109001510724912e-06,0.0010762538128546988,99396450
normal,1000,21,4.8384750358459594e-06,4.382867666300205e-06,5.965615163292359e-05,100202030
normal,1000,22,2.8884383501076652e-06,2.4643852953252896e-06,-0.0012693693429644823,100093770
normal,1000,23,5.131720745552657e-06,5.298986406326819e-06,0.0002706082090181927,99756590
normal,1000,24,2.9792789526058953e-06,2.812341988784453e-06,0.0008937315086484367,100176700
normal,1000,25,3.370061047181104e-06,3.0773296466389165e-06,-0.000218087472700621,99959880
normal,1000,26,3.629014017847258e-06,5.701853631094807e-06,0.0010466512666648198,99718980
normal,1000,27,1.1975544583604804e-05,1.2978013299273444e-05,0.0011859891446803878,100047830
normal,1000,28,4.067689972906388e-06,3.909317586181253e-06,-0.0013100856407289394,100368230
normal,1000,29,3.583210074709532e-06,4.2987678717223584e-06,-0.0021887865039515665,99560740
normal,1000,30,4.141784708060444e-06,3.0409449252882396e-06,0.0013304748300319766,100023400
normal,1000,31,3.955639296227439e-06,3.7277505621453764e-06,-0.0002303960321307422,99839940
normal,1000,32,7.5564688623681895e-06,9.241603607330737e-06,0.001301735672426796,100913440
normal,1000,33,4.336854106059735e-06,3.7335664933438903e-06,-0.002613774307787301,99873400
normal,1000,34,4.02973320665522e-06,4.343652890174167e-06,-0.0003085280704323044,100041610
normal,1000,35,6.1610528157456e-06,5.0191970884018856e-06,0.00032772173772362134,99302460
normal,1000,36,9.150923418599134e-06,9.899691017183735e-06,0.0021467932845819523,100022900
normal,1000,37,7.54470824042854e-06,7.380825858176245e-06,0.0020340409882305273,100034640
normal,1000,38,2.5698616910095564e-06,1.5568557022131746e-06,-0.000551364674001402,99632540
normal,1000,39,5.036715537948711e-06,4.920995767054622e-06,0.0006969021831498575,99639140
normal,1000,40,2.7455863565941166e-06,2.9148824200039116e-06,-0.0004785222631481259,100181400
normal,1000,41,7.73093928100884e-06,7.052369681591308e-06,0.0030837321509370546,100143250
normal,1000,42,4.239850295931814e-06,5.030125424815881e-06,-0.000306107924398228,100115060
normal,1000,43,4.02833233216356e-06,4.282706438569888e-06,-0.00013947921152791064,99931000
normal,1000,44,7.429857672764984e-06,7.147758878168762e-06,0.0027231805243495004,99237290
normal,1000,45,4.285900410144162e-06,5.1662446804857065e-06,7.17624845770678e-05,99998020
normal,1000,46,3.2212066742671335e-06,1.597657690356121e-06,-0.0006742211521128095,100782520
normal,1000,47,2.565516884950612e-06,2.8982313261921003e-06,-2.756639980207535e-05,100177590
normal,1000,48,2.5885408279905096e-06,2.661653641118717e-06,-0.0015487125784086225,99756950
normal,1000,49,5.308441138872447e-06,5.232743892027197e-06,-0.0009699596060263957,100186180
normal,1000,50,3.1651725488059363e-06,3.1618168602614707e-06,0.0015086178550156168,99777910
normal,1000,51,5.0469809936867905e-06,5.6614136974658475e-06,-0.0007009620887915111,100282510
normal,1000,52,3.574358635816229e-06,3.879257116761734e-06,-7.054233696973425e-05,100358920
normal,1000,53,3.413301261381851e-06,5.399620580350163e-06,0.0006614458127150569,99816660
normal,1000,54,3.844779087840055e-06,5.250953846732473e-06,-0.0022404912023552812,99772430
normal,1000,55,4.20703315846299e-06,5.913709521690098e-06,-0.0009304103799865893,98777860
normal,1000,56,4.427828326888961e-06,5.416532560586728e-06,0.0011544793170134352,100370470
normal,1000,57,5.524231737819039e-06,6.486705191909165e-06,0.0015207220095697215,99659650
normal,1000,58,5.881280558544494e-06,6.319828510183826e-06,0.0010325172339279457,99514750
normal,1000,59,3.926190618922072e-06,3.0800781477105793e-06,-0.0015484187434312224,100362310
normal,1000,60,5.18408989341991e-06,4.966896406792375e-06,-0.0034037259768694406,99952490
normal,1000,61,5.126306350354151e-06,4.912159416681698e-06,-0.0007199916553223715,99855930
normal,1000,62,6.699840736684992e-06,8.097432711007608e-06,-0.0005323178317425137,100830240
normal,1000,63,4.8366894104058e-06,5.374413665746978e-06,0.0006562343520157263,100632660
normal,1000,64,3.844555888874249e-06,4.312892945459839e-06,0.0001618077941940495,99524610
normal,1000,65,5.4332970113497945e-06,5.006127370027073e-06,0.0005639910915416173,99998450
normal,1000,66,4.2492654266195325e-06,5.087832573464263e-06,-0.0025533219701171445,99278850
normal,1000,67,3.4341374711221133e-06,4.058600236847454e-06,-0.0023512238967486393,99756970
normal,1000,68,5.351937645869991e-06,5.32924764997946e-06,9.132148529474313e-05,99890970
normal,1000,69,3.839910009504192e-06,3.758262094398617e-06,-0.0013316756855061352,100044580
normal,1000,70,3.826543850251669e-06,4.097361174594356e-06,0.00033659917069713485,99812760
normal,1000,71,6.5915950627052996e-06,6.081622643374822e-06,0.002419352806520148,100197300
normal,1000,72,6.71132883063348e-06,5.954262351461617e-06,0.0024848592567895244,100237820
normal,1000,73,4.128747416647855e-06,3.4457949919197696e-06,-0.0005435824942857717,99344890
normal,1000,74,3.6562474478434298e-06,4.421026079274648e-06,-0.0005011862199702685,100511790
normal,1000,75,5.226155998037616e-06,6.3567197293619155e-06,0.0004578717042885839,99885060
normal,1000,76,4.719280350022794e-06,4.745003359273801e-06,-0.00020653337796482977,99642130
normal,1000,77,4.7959219194637265e-06,5.81808627320182e-06,-0.0006155382266218722,99601510
normal,1000,78,1.46794475523796e-06,2.901127167259424e-06,-0.00110655808795482,99897600
normal,1000,79,2.891540538962922e-06,2.7027844224280593e-06,-0.0008777981599146982,100454400
normal,1000,80,5.068996748533842e-06,5.739964196827688e-06,0.003281240662384024,100025880
normal,1000,81,4.80775444408412e-06,4.780970907216902e-06,-0.00017749820695082334,100287620
normal,1000,82,3.3466651890524334e-06,2.644314192479818e-06,0.00045276207439108357,99227590
normal,1000,83,6.277833419431869e-06,6.850693010013368e-06,-0.00020580056919650887,99913440
normal,1000,84,4.815595650239853e-06,5.107854697883623e-06,-0.0002450654670915082,100017410
normal,1000,85,4.232556641267125e-06,4.077345875759615e-06,-0.0009737006690535174,99345530
normal,1000,86,7.81295698580185e-06,8.12213408518836e-06,0.0022479759593292395,100399690
normal,1000,87,3.5977481636503525e-06,5.0261769711333135e-06,0.0008884385954715326,100111970
normal,1000,88,7.917656915811513e-06,7.973884318602898e-06,0.0022178515960051704,100448630
normal,1000,89,4.425935887349853e-06,3.1393993898393374e-06,0.0004128426261838529,100447470
normal,1000,90,4.839408696121766e-06,4.412200707874498e-06,-0.002535408518684069,100461070
normal,1000,91,4.328572889067902e-06,4.525775836222929e-06,-0.00018072219750491614,99889340
normal,1000,92,5.362810008245231e-06,6.3454000430132464e-06,0.0011026603491373144,99575610
normal,1000,93,3.7081504421688115e-06,3.2817413457018767e-06,-0.00042818312826024526,99638460
normal,1000,94,6.377200969703252e-06,6.36073238061809e-06,0.0024277010608790674,99852600
normal,1000,95,7.636116267231971e-06,8.51628004062619e-06,0.003628089825839154,100704790
normal,1000,96,5.7446122083805535e-06,7.421117767804379e-06,0.0010924530533340502,99458140
normal,1000,97,2.735154907913801e-06,3.4572058408282302e-06,-2.971476286002913e-05,99490730
normal,1000,98,3.0007116786750198e-06,4.532173489362008e-06,0.0012814635842095124,99848210
normal,1000,99,4.409208607515722e-06,4.52689321683095e-06,-0.0005368174585691625,99409900
normal,1000,100,5.796660110093733e-06,4.9837528932778486e-06,-9.520701466061467e-07,99286830
normal,1000,101,7.11779407976143e-06,6.096659462028117e-06,-0.0021124606465522193,100198910
normal,1000,102,4.97815901013645e-06,5.449950913076058e-06,-0.0007149341002109179,99728750
normal,1000,103,6.9775644633609015e-06,7.246364634660814e-06,0.0018418900328471303,99444610
normal,1000,104,5.203442578074255e-06,5.8281723972184296e-06,-0.00013773480781918032,100554980
normal,1000,105,5.42605566156052e-06,4.150786573844427e-06,0.0013682759657400406,99564410
normal,1000,106,5.222291355165409e-06,5.95990909797439e-06,0.00025613314040571925,99422780
normal,1000,107,4.112749080004662e-06,3.975426311421332e-06,-0.0010412345924629984,99867730
normal,1000,108,3.2656414219300476e-06,3.7689938893551796e-06,-0.0014043682366229365,100158010
normal,1000,109,2.581233392261917e-06,1.8092267334761933e-06,0.00048192282248962504,99483100
normal,1000,110,4.946087013897427e-06,4.778879761530247e-06,-0.0008260804860284089,100400630
normal,1000,111,5.010358935079489e-06,3.28076762981462e-06,0.002726530528682603,99733890
normal,1000,112,3.2155743472232533e-06,3.729272727028033e-06,-0.0001726922769130915,99228620
normal,1000,113,7.901519001242412e-06,8.250747120375375e-06,0.0005680860272152248,100126210
normal,1000,114,2.401285078889973e-06,9.634493403909824e-07,-2.079008611921675e-05,99592580
normal,1000,115,5.182075475528475e-06,5.791888175459675e-06,-0.00038985676770433614,99539040
normal,1000,116,4.407919575359528e-06,4.740689023557967e-06,0.0015897677727874271,99443440
normal,1000,117,6.26305975353527e-06,6.108518617832379e-06,0.0034212009992379898,100050130
normal,1000,118,5.231478481282621e-06,4.282867610617705e-06,0.0014785534545720188,100140430
normal,1000,119,5.166817267086549e-06,5.1802689362380605e-06,0.0017837636234170776,99648630
normal,1000,120,5.02183585108793e-06,4.0499968380923214e-06,0.0012674223806224813,100167180
normal,1000,121,5.3835127833219925e-06,4.078594646959918e-06,-0.0014317759392144089,100422230
normal,1000,122,6.160072886408691e-06,6.258520725663079e-06,0.0012891298724805173,99750180
normal,1000,123,6.28539695349575e-06,7.128177377690052e-06,0.00035020105717384364,99983360
normal,1000,124,5.562034285644856e-06,7.52032087039728e-06,0.002568058735434652,100287900
normal,1000,125,4.6967214667874976e-06,3.6840055073183044e-06,0.001129645003435311,100459520
normal,1000,126,3.44097964978651e-06,2.9902366572363646e-06,-0.0017837338815567462,99843640
normal,1000,127,2.9031215571949484e-06,3.985657896080216e-06,-0.000934103542521449,99842890
normal,1000,128,3.0528706162084812e-06,2.2763237357925183e-06,0.0019179242270505525,99890650
normal,1000,129,3.7929622850961537e-06,4.603596376689134e-06,-0.0002765563262261823,99288780
normal,1000,130,1.9055117756310659e-06,1.7821368886698477e-06,-0.002218570794552952,99804900
normal,1000,131,5.081318223379716e-06,5.1360367965871e-06,0.0018448053807998874,100651960
normal,1000,132,4.248916378656816e-06,2.1698319330769323e-06,0.0035986582392625766,99698130
normal,1000,133,2.953605043152234e-06,3.311753111867019e-06,-0.002027630574593334,101089020
normal,1000,134,4.02855848549601e-06,3.797917757831498e-06,0.0033689665013512614,99300360
normal,1000,135,6.780519062203687e-06,5.0597769429655615e-06,0.0013385312336126876,99868740
normal,1000,136,5.650314175336638e-06,5.7549366878218705e-06,0.0041978575969964516,99125050
normal,1000,137,4.460728360150987e-06,4.610057579818648e-06,0.0013531040189628894,98917220
normal,1000,138,5.756484331137914e-06,5.454505428824708e-06,0.001114317859667454,99622130
normal,1000,139,3.038316225527166e-06,3.0587474971438193e-06,0.0015755980473706145,99760600
normal,1000,140,3.8109148502488478e-06,4.350430725008187e-06,-0.00048893975978568,99583360
normal,1000,141,1.851703479858196e-06,2.6147312002862745e-06,-0.0030270386070165465,99698610
normal,1000,142,5.50738764017207e-06,5.540933887056415e-06,-0.00038660915456227004,100091750
normal,1000,143,5.23872623764234e-06,5.770479779124754e-06,0.0004310725428636483,99956560
normal,1000,144,4.562685863362026e-06,6.302937904209331e-06,0.00024733834590794546,99473940
normal,1000,145,3.5453275722419586e-06,2.7932894119216458e-06,0.000379233379406239,99596080
normal,1000,146,4.442524347735241e-06,4.442848517631356e-06,0.0013853545234290454,100344770
normal,1000,147,7.169426532578293e-06,7.002242916791478e-06,0.003694166808780924,99482150
normal,1000,148,2.577734900456951e-06,3.1392261158566408e-06,-0.0005151087611178958,99877190
normal,1000,149,6.945081269004955e-06,7.698916550316007e-06,0.0005520115173512993,99804770
normal,1000,150,4.194389318284445e-06,4.6660712733760805e-06,0.00012152569570992398,99781590
normal,1000,151,2.649426594198048e-06,1.9247927107978307e-06,0.000517717597814615,100088200
normal,1000,152,3.534851291796969e-06,2.9479541600586534e-06,-0.0013566689932115814,99598660
normal,1000,153,3.2109648943821844e-06,5.185017889215773e-06,0.0007451401175652025,99495550
normal,1000,154,3.69273822479877e-06,3.189028022437452e-06,-0.0006261894933381021,99694990
normal,1000,155,4.256100123236641e-06,4.807959918311448e-06,-0.002820405906168141,99984910
normal,1000,156,5.7798761590096375e-06,6.570023176246599e-06,-1.4772733374937667e-05,99567070
normal,1000,157,7.941019724714035e-06,8.127135768900226e-06,0.0032611569032636777,100010290
normal,1000,158,3.7363937812934814e-06,3.5149782704657245e-06,-0.002137984868112272,99602170
normal,1000,159,2.1031584649667087e-06,2.220910598321393e-06,-0.0028544472812142563,99772990
normal,1000,160,2.9093722062010613e-06,1.9928143440199635e-06,-0.0033354573266281156,99904350
normal,1000,161,2.524643854266126e-06,2.087941512644621e-06,0.0016109507534310136,99694740
normal,1000,162,6.469692550635023e-06,6.146372158839107e-06,0.003804873457743545,99237230
normal,1000,163,4.494185462312669e-06,5.71742271408345e-06,0.000315961644357434,100094650
normal,1000,164,2.1742429811169975e-06,2.148528579726521e-07,0.002799734614191156,99672050
normal,1000,165,6.3604640138449655e-06,7.722059922400592e-06,0.0009125140783778667,100035480
normal,1000,166,5.049918019844403e-06,6.076588314371843e-06,0.0003594973177532741,99828570
normal,1000,167,3.8226628436915345e-06,3.733918085866055e-06,-0.0007911458819585401,100123800
normal,1000,168,4.653087659002222e-06,5.444468031809314e-06,0.0026053583152828097,99858310
normal,1000,169,3.028738728243643e-06,3.142950339133277e-06,0.00021697955230468857,99922820
normal,1000,170,4.646212519359752e-06,4.704604793102232e-06,0.0015745852006496242,99993410
normal,1000,171,3.4435795684735015e-06,3.881622550093097e-06,0.00016789796894138171,100193060
normal,1000,172,6.439530929406682e-06,5.806229340189339e-06,0.0003291155128713901,100178440
normal,1000,173,3.378956103125388e-06,3.603019180361673e-06,-0.0012860822562777042,100251780
normal,1000,174,1.9106328251068514e-06,2.6643181105212165e-06,8.223362109033226e-05,100082300
normal,1000,175,1.1167288596854002e-05,1.3382101573874957e-05,0.001251253833604492,100039630
normal,1000,176,3.583892092468177e-06,2.966185158668397e-06,0.0025453794667482355,99900580
normal,1000,177,5.445910366978744e-06,6.256431365325413e-06,0.0013804293069069062,100106840
normal,1000,178,4.427770138442573e-06,4.6045727235931486e-06,-0.001122798964040539,100635250
normal,1000,179,3.6984517337480266e-06,3.427342543656759e-06,-0.0005248778331956936,100133410
normal,1000,180,5.577631819995128e-06,5.754790193059517e-06,-0.0008186947744304331,100459660
normal,1000,181,3.6551796087590193e-06,2.6311580120026995e-06,0.000179477543781707,99836750
normal,1000,182,4.373123271954437e-06,4.592742598865774e-06,-0.0025556912827699096,100579830
normal,1000,183,4.407827999376586e-06,4.11446752874035e-06,-0.0020021383051075712,99737590
normal,1000,184,6.852051360492435e-06,6.633474825750973e-06,0.0007500448067246879,99898520
normal,1000,185,5.505305128783338e-06,5.516912786369773e-06,-0.0012410784338637766,100379290
normal,1000,186,2.7607976173351794e-06,2.3218708660798512e-06,-0.003710102262683016,99281170
normal,1000,187,2.298228567556268e-06,3.3835295982729207e-06,-0.0017202196309314378,99912570
normal,1000,188,4.553918858550168e-06,5.776916928916719e-06,-0.00025950284395559567,99493430
normal,1000,189,4.087142967347093e-06,4.389037379937339e-06,-0.0008115305471395387,100051260
normal,1000,190,3.186994161043119e-06,2.6286573084510925e-06,-0.0007863653156934962,99645270
normal,1000,191,4.724790973290962e-06,4.578660405208244e-06,0.0013845322990175073,99854570
normal,1000,192,1.102641848439868e-05,1.1657053604924761e-05,0.004820524392634752,100659210
normal,1000,193,4.949946849230431e-06,4.590470378870935e-06,0.002251338216013325,100753290
normal,1000,194,2.536038693888847e-06,1.8853458511000858e-06,0.0011386583651884058,99276530
normal,1000,195,8.131517787589572e-06,7.1393710771093085e-06,0.0019488750432075403,99921500
normal,1000,196,3.875775730078514e-06,2.723817810432609e-06,0.002672481678051746,99825760
normal,1000,197,9.73961449468635e-06,9.28024477685829e-06,0.0011078347059986205,99857910
normal,1000,198,3.072932047638028e-06,3.964906028948175e-06,-0.0007065610581469381,100076630
normal,1000,199,4.690560045806736e-06,3.4580590856150155e-06,-0.002409988056622418,99196810
normal,1000,200,4.457545632340481e-06,3.775787379532178e-06,0.0002612057351472996,100347860
normal,1000,201,7.833886031813168e-06,8.40286844786357e-06,0.001189326634485944,100269730
normal,1000,202,4.034844109719825e-06,4.68150975298457e-06,-0.000931846479669619,100490300
normal,1000,203,4.280811205104789e-06,3.4294738801395072e-06,-0.0019674651607144646,100197080
normal,1000,204,4.470062002577722e-06,2.992793022525291e-06,-0.0012035395567556227,99829560
normal,1000,205,3.3246093352669704e-06,5.356916651181135e-06,-0.0003870200943137405,99854750
normal,1000,206,7.222934560377032e-06,6.001045219401632e-06,-4.058450450668936e-05,100200390
normal,1000,207,2.9555847334155846e-06,4.32878447086191e-06,-0.0006889340386992388,99876430
normal,1000,208,4.6530838346719885e-06,4.2844419032452364e-06,0.0009875333424391327,100002210
normal,1000,209,5.735505958392865e-06,4.144125550693813e-06,0.0026266662931564,99672310
normal,1000,210,2.293911443468168e-06,1.6796397403765412e-06,-0.0019132417548831581,100029900
normal,1000,211,6.419214175219935e-06,5.213841209137541e-06,0.0038106048158842686,100105210
normal,1000,212,5.169007803509679e-06,4.967287716376044e-06,-0.0024530036806818182,100234300
normal,1000,213,5.813544173714448e-06,4.6139475568235084e-06,-0.0013573187043346166,99440220
normal,1000,214,7.529246785045262e-06,7.826362080390587e-06,0.0035386647183777075,99951150
normal,1000,215,6.672492533752101e-06,6.034928244474167e-06,0.0001375174068680924,99704410
normal,1000,216,3.5506778163171437e-06,2.569782963875878e-06,0.0014588704737950303,100664140
normal,1000,217,7.912115533565587e-06,7.914147927023596e-06,9.505032645933318e-05,99221270
normal,1000,218,5.986343390318217e-06,7.467464043265412e-06,-0.0007622189629537688,100523110
normal,1000,219,3.168060457312559e-06,4.27571071167927e-06,-0.00199002735414135,99862340
normal,1000,220,2.9719562953090083e-06,2.9505865328028323e-06,-0.0014599433314173313,99301230
normal,1000,221,5.652823520383005e-06,5.915274625877672e-06,0.0011285592288396789,100205530
normal,1000,222,3.7595304673193008e-06,4.41225003281452e-06,-0.001102152573073884,100062970
normal,1000,223,5.296244595190936e-06,3.868106100013767e-06,9.33729469738036e-05,99989670
normal,1000,224,4.282080680742968e-06,3.7365038983030083e-06,0.00041784222088088886,99977820
normal,1000,225,2.7947085954978128e-06,2.9948502502902626e-06,-0.0011515403667169816,100039320
normal,1000,226,3.871417948100766e-06,3.6798657249567067e-06,-0.0024328958704433806,99635280
normal,1000,227,2.4757182825422467e-06,1.2605792406954593e-06,0.0018401137402360383,100254540
normal,1000,228,5.954019691095972e-06,3.603415330165986e-06,0.0039307562621406335,100057520
normal,1000,229,7.698373782903509e-06,7.963591741090384e-06,0.0011529017883678996,99231130
normal,1000,230,4.185653176092848e-06,4.219523438202489e-06,-0.0015797883750257697,99790680
normal,1000,231,4.9997151157423935e-06,5.6953846882191995e-06,-0.0006523174972227422,100110090
normal,1000,232,7.1321770055439065e-06,7.596888587473272e-06,0.00042830355411280994,99792870
normal,1000,233,4.177585337036639e-06,4.262982915668923e-06,-0.001808715660489367,100085820
normal,1000,234,6.359022796640678e-06,8.084380486275801e-06,0.0014989676305326171,99705040
normal,1000,235,3.4456776365999755e-06,3.3964892448379095e-06,0.0006217293257360939,99712200
normal,1000,236,5.417538747252561e-06,7.111681403930146e-06,0.0005144052074215862,100408070
normal,1000,237,4.2828108409425455e-06,5.4645572897799595e-06,0.0015279823472744358,98933000
normal,1000,238,3.899926830036675e-06,4.19144441702187e-06,0.0010533018406331857,99187820
normal,1000,239,3.0696164494415465e-06,2.355499989496306e-06,-0.0006943107688691917,99986810
normal,1000,240,3.4877837834695087e-06,4.61675789781156e-06,-0.0015743341964544405,100032430
normal,1000,241,1.939354399210293e-06,2.7255116511589504e-06,-0.0025699837468987716,99275350
normal,1000,242,5.739565243071835e-06,4.956705687085879e-06,0.0005340423970057052,99132600
normal,1000,243,4.650225487231054e-06,3.7139423958659373e-06,0.0014997434080548295,100355070
normal,1000,244,5.24196997242922e-06,6.2097608259167394e-06,-0.00042946204647063043,99428890
normal,1000,245,2.734425067272329e-06,1.4341129708247657e-06,0.0009103846132533724,99502480
normal,1000,246,3.742185393125355e-06,3.7310303843628296e-06,0.0001450228933487614,99748390
normal,1000,247,4.804521057887072e-06,4.914330491507342e-06,0.00024834766571965095,100174580
normal,1000,248,3.7846849632634566e-06,2.194931977579919e-06,-0.0009455977458595066,100175930
normal,1000,249,3.5826857837256144e-06,4.834731864183894e-06,-0.001524850184685081,100771990
normal,1000,250,5.636611413691521e-06,7.047257338942048e-06,0.0012621493638735155,99901430
normal,1000,251,1.06281079702493e-05,1.1094254166873303e-05,0.004694941386136681,100561670
normal,1000,252,6.568127203088784e-06,6.6398747377504465e-06,0.0002939962048225528,100210860
normal,1000,253,3.501723909918386e-06,4.622939461096985e-06,0.0009655050960491964,99595590
normal,1000,254,7.061667766663855e-06,8.117960365495723e-06,-7.792102667390659e-05,99517350
normal,1000,255,2.7413682931276747e-06,2.8771930927217653e-06,-0.0004682989067979516,100271130
normal,1000,256,6.4173003484447045e-06,5.687003176966758e-06,-0.0016628096522190105,100173180
normal,1000,257,4.168265473154118e-06,4.334938376094708e-06,0.00034260032614804475,100153730
normal,1000,258,3.2892946349625625e-06,2.0310432561534793e-06,-0.0004776050370185219,99500850
normal,1000,259,3.836105404396358e-06,2.3588628192166997e-06,0.0005011697769349386,99916960
normal,1000,260,5.391928971890032e-06,4.90461721898869e-06,-0.00107716573870577,99625800
normal,1000,261,6.003306933025788e-06,4.68737814651995e-06,0.0026114002929083714,99972350
normal,1000,262,2.631646065024292e-06,2.7252707177195926e-06,0.0004550335835735196,99992330
normal,1000,263,4.616433055135344e-06,4.07839684727685e-06,0.00021452035894171126,99044290
normal,1000,264,3.845041802014869e-06,3.7388842549430295e-06,-0.0015206900805645285,99036240
normal,1000,265,4.481136961087404e-06,5.1358857603656085e-06,-0.0015730476038985563,100144260
normal,1000,266,5.511778524406057e-06,4.9126289195850064e-06,0.0029179544248341014,99519410
normal,1000,267,6.715995445752562e-06,7.104876749041495e-06,0.001886100201237681,100267070
normal,1000,268,5.310720158731182e-06,6.229746622217122e-06,0.0009138085256630776,100184960
normal,1000,269,4.206631123586103e-06,3.1807168807574682e-06,-0.0008923569696668475,100422120
normal,1000,270,3.2536679668205377e-06,3.2636898318169085e-06,0.0017268320584338621,99737810
normal,1000,271,4.650683588751875e-06,5.3539541647404585e-06,-0.000774514882906261,100717020
normal,1000,272,5.542234827865042e-06,6.616206852135213e-06,0.0005413651283392842,99580850
normal,1000,273,4.299739492327527e-06,4.707379926706426e-06,-0.001316225448545037,99278760
normal,1000,274,3.1655160830709513e-06,3.2428294039330302e-06,-0.0003305493548928631,100205400
normal,1000,275,4.257557985242016e-06,4.9572515539007635e-06,-0.0003780918170649746,100933320
normal,1000,276,4.107454465381472e-06,4.39193918669367e-06,0.0006912849706251201,99908440
normal,1000,277,3.938475834438907e-06,4.519076049925072e-06,0.001023127951372928,99804970
normal,1000,278,7.886943416993127e-06,8.32860667912036e-06,0.0012753675169162888,100552530
normal,1000,279,8.517854776685803e-06,8.384475491813818e-06,0.0006859608258583271,99750280
normal,1000,280,4.162161440436892e-06,2.3162514356796375e-06,0.0019792543713655054,99626660
normal,1000,281,5.049257218518173e-06,5.076380268475913e-06,0.00032215058873154393,99766560
normal,1000,282,3.1558224426692215e-06,2.57523343780397e-06,-0.0008268155481898062,99439830
normal,1000,283,3.494878663022269e-06,2.7660882194782537e-06,-0.0017361688328246289,99745570
normal,1000,284,4.070844140683339e-06,1.9649612795236134e-06,0.000816240457907765,100414680
normal,1000,285,3.871022826290489e-06,1.3489780149356472e-06,0.0003060817444493047,99863130
normal,1000,286,5.471156115376852e-06,5.338501020778995e-06,-0.00027853140287930234,99491470
normal,1000,287,1.1111616059279068e-05,1.242993104020431e-05,0.0021029318647105754,99915300
normal,1000,288,2.7882868782636315e-06,2.3197053318238395e-06,-0.0019962803875098883,99575150
normal,1000,289,5.537629802232062e-06,5.209467734732446e-06,0.002138613275504984,99550160
normal,1000,290,6.159090968947316e-06,7.180290108448107e-06,9.864882729895605e-05,100156110
normal,1000,291,2.5644815604115058e-06,2.3193759295008315e-06,-0.00016759688585225133,100570970
normal,1000,292,4.387524682557558e-06,2.5457601585500314e-06,0.0013123151085902883,99860200
normal,1000,293,3.478673848175697e-06,3.4344540461038728e-06,-0.0015536048906747125,99949800
normal,1000,294,6.101847373870993e-06,4.58703429407354e-06,0.0013640925970238129,99841500
normal,1000,295,6.06121274782451e-06,6.571156041153599e-06,0.0006647497838482718,100019000
normal,1000,296,5.027507759890054e-06,4.882990007820211e-06,0.001837022834670731,99759320
normal,1000,297,2.7683058226735275e-06,2.6643687033437543e-06,-0.0003752786271334628,99728830
normal,1000,298,3.765234066673075e-06,2.9893150610665148e-06,-0.0017618115941943969,100319740
normal,1000,299,3.7896439356133932e-06,3.1974227157878173e-06,-0.0011049941347489782,99743390
normal,1000,300,5.413743739832563e-06,4.862653929966656e-06,0.0005636589255247199,99980590
normal,1000,301,5.5222939938864794e-06,4.576046800143624e-06,0.0023121250193201986,99812080
normal,1000,302,5.0427173875600765e-06,7.293694180512721e-06,-0.0017381578039545485,99396080
normal,1000,303,5.084279485199162e-06,4.31920581253411e-06,-0.0014140160138732866,99857940
normal,1000,304,1.114847815331542e-05,1.087708324657146e-05,0.002218053581985329,99771850
normal,1000,305,4.5182785943192845e-06,2.038626783708225e-06,-0.0006927064822087342,100302060
normal,1000,306,5.751416421159829e-06,7.188726819196329e-06,-0.000385274744579794,100139000
normal,1000,307,3.2689974337936778e-06,4.540607077035125e-06,-0.0003763560559218049,99471010
normal,1000,308,3.601463935282069e-06,1.9144674813378257e-06,0.0017986538442486793,100259130
normal,1000,309,3.0272288585677538e-06,1.8982111310589185e-06,-0.0006078525473276332,100133940
normal,1000,310,6.12746174404762e-06,4.000899307716939e-06,0.0016991268194233619,100132840
normal,1000,311,4.376862726470286e-06,4.163301520957361e-06,-0.0007076012908844138,99861360
normal,1000,312,7.15683911866187e-06,5.604207603061381e-06,-7.703450198024094e-05,100493640
normal,1000,313,2.640633697948225e-06,4.322883735440356e-06,-0.0007653659497725315,100102930
normal,1000,314,5.179858919465517e-06,4.052715348962464e-06,-0.001227019956732686,99704700
normal,1000,315,4.365134940788236e-06,4.779546820457908e-06,-0.0010687777192845672,100123200
normal,1000,316,9.976765732850173e-06,1.0989193428411723e-05,0.0006228038574286863,100206480
normal,1000,317,1.9223316285556855e-06,2.0321473168298446e-06,-0.0012581749317791653,99455580
normal,1000,318,4.485407440647733e-06,5.925431576013753e-06,0.0009368303419916673,100305050
normal,1000,319,6.480067719632378e-06,6.228338660724071e-06,0.0015788360271177992,100460840
normal,1000,320,6.363443628834857e-06,5.4437769633647975e-06,0.0009746957663329229,99917840
normal,1000,321,4.057457350929076e-06,4.192979284610492e-06,0.0010936642243617536,99351340
normal,1000,322,3.4560492586024185e-06,3.3714372759880015e-06,-0.00025191250182222453,99354990
normal,1000,323,3.775044750554064e-06,3.3278512989668763e-06,-0.00048261750902164473,99432800
normal,1000,324,4.253760359781507e-06,4.729464833256009e-06,-0.00014856098346788647,99997830
normal,1000,325,6.023762231949453e-06,6.402573745828298e-06,0.0013070910268265699,99992410
normal,1000,326,4.6886983243409095e-06,5.081696417607872e-06,-0.0009862117215156915,100233770
normal,1000,327,9.322476935025918e-06,8.944899201852836e-06,0.0016533339395151502,100173890
normal,1000,328,5.060665536595151e-06,5.126445329001721e-06,-0.0012610096473587803,99759090
normal,1000,329,5.256053281219083e-06,4.751982047318569e-06,-0.0008811458153260605,99808990
normal,1000,330,5.5152341634967845e-06,4.443066009776723e-06,-0.0009685451551538782,99632040
normal,1000,331,6.016696857051606e-06,5.099901774465623e-06,-0.0006463711653277453,99128910
normal,1000,332,3.98455483897125e-06,5.536234408026502e-06,-0.0006552708897475524,100291770
normal,1000,333,4.149206527201416e-06,3.000768428149296e-06,-0.0005265692639592785,100200480
normal,1000,334,4.160042309368032e-06,4.58373884664378e-06,-1.839516970039739e-05,100574610
normal,1000,335,4.419429159445687e-06,4.820078676775426e-06,-0.000166724539797446,99518330
normal,1000,336,8.288962927577592e-06,8.025493662982206e-06,0.0013474884929319329,99712780
normal,1000,337,7.496065977807711e-06,7.2549120718943965e-06,-0.0007345014839825529,100039440
normal,1000,338,3.857667302905322e-06,4.486126355438048e-06,-0.0006986807735831765,99710070
normal,1000,339,6.390956039384406e-06,6.675286142829883e-06,0.00230808599448309,99838740
normal,1000,340,3.6316182999886582e-06,2.259528955641206e-06,0.001820057170244241,99819500
normal,1000,341,7.285741182610145e-06,8.463715868593123e-06,0.001974404534959721,99899890
normal,1000,342,4.2121084051610495e-06,6.705152375199173e-06,0.001057852857742128,100063230
normal,1000,343,4.9121185211665314e-06,5.504477537523888e-06,-0.00011179825580403792,100179320
normal,1000,344,4.071561554588767e-06,1.9522573523000324e-06,0.0005726491716899185,100391410
normal,1000,345,3.0998505498158264e-06,1.1794510193659214e-06,-0.0014550483376982815,100028220
normal,1000,346,6.498289861740544e-06,6.670787085673631e-06,0.0022498219024831524,99317300
normal,1000,347,3.248049477047663e-06,2.944003230600402e-06,0.00033415830588949937,99195480
normal,1000,348,1.5903588030540433e-06,1.2544838594231523e-06,-0.003972810103300226,99959220
normal,1000,349,4.851877664257234e-06,4.276038421374742e-06,0.0004533447596988394,100312510
normal,1000,350,5.426676420823868e-06,5.8246174172134736e-06,-0.0008426876360539701,100284110
normal,1000,351,4.260511519689392e-06,3.1619983275568157e-06,0.0006831070417177134,100357030
normal,1000,352,3.0356468198194268e-06,2.0157659082763363e-06,-0.00022153860911710869,100226020
normal,1000,353,5.159258940360221e-06,5.957346635977803e-06,-1.949570066970413e-08,99894810
normal,1000,354,8.885272135698017e-06,8.95893454880428e-06,0.0009042291051018572,99303590
normal,1000,355,3.4339124170505123e-06,3.248797316473328e-06,-0.0011262433597569533,100727080
normal,1000,356,4.706772554929301e-06,4.376867887860609e-06,0.0009417479956426985,99492520
normal,1000,357,4.496432085036936e-06,3.978410704432012e-06,-0.0006506475292338967,99845090
normal,1000,358,2.536756868095259e-06,1.663206333290603e-06,-0.0015385831852635238,100082580
normal,1000,359,5.223534470534247e-06,5.443893618153869e-06,0.000600682784422468,100253650
normal,1000,360,3.979333349802793e-06,4.627218561737552e-06,-0.0019940647219868456,100298880
normal,1000,361,6.581011106582874e-06,5.902423496866609e-06,0.0012108515581858907,99342830
normal,1000,362,2.6286857328833235e-06,1.168477180953621e-06,0.00024780956284322373,100546780
normal,1000,363,5.041128857296214e-06,5.017959200163429e-06,0.0002388024114367894,100464230
normal,1000,364,2.455459655320589e-06,2.0577652781642457e-06,-0.0007774168217625654,99917490
normal,1000,365,4.822690660955066e-06,6.60660880550725e-06,-0.00026523524693633315,100151510
normal,1000,366,9.286984333723907e-06,9.860509411372425e-06,0.0001141406497870991,100108730
normal,1000,367,3.394674796428506e-06,3.1465085903662387e-06,-0.0018709783088975704,99904100
normal,1000,368,5.4072312476038126e-06,6.152812697236497e-06,-0.0013660327022152587,99989160
normal,1000,369,5.673312998188686e-06,4.426637729999629e-06,0.0015913620666836604,100082200
normal,1000,370,3.467651769193877e-06,3.377170673791931e-06,0.00208481512616367,99573030
normal,1000,371,3.834058761842077e-06,3.350375918658681e-06,0.001779864026537984,100134200
normal,1000,372,3.470204045774247e-06,3.5629681403983372e-06,0.0008863037078039404,99876830
normal,1000,373,5.885073282080734e-06,5.467275651618081e-06,-0.0011362730178877325,99476080
normal,1000,374,4.96366723896402e-06,5.9565072793090615e-06,0.000776285172786783,99715780
normal,1000,375,4.965465619921096e-06,4.458627231622219e-06,-0.00016711454655005933,100598930
normal,1000,376,6.5221991463385956e-06,7.392943501351569e-06,-0.0013895434959317774,99799640
normal,1000,377,4.977525281252809e-06,3.839356517324563e-06,0.0015889164113872722,100130290
normal,1000,378,4.225353649983674e-06,3.965776962335032e-06,8.340067707112698e-05,99837000
normal,1000,379,4.4113858097952135e-06,4.145793233092731e-06,-0.00042206628934963564,100092870
normal,1000,380,1.7309797476178296e-06,1.793026040477872e-06,0.0011633472506165882,99894090
normal,1000,381,6.065187742434314e-06,6.407946841273126e-06,0.002360835762910544,99276160
normal,1000,382,6.807633493621757e-06,5.565683388068301e-06,0.0013831792244388525,99969710
normal,1000,383,3.5098405343546096e-06,3.8447328345310025e-06,-0.0005146906338930975,99454460
normal,1000,384,3.730941172596868e-06,3.992244181065954e-06,-0.0023772624367007105,99516810
normal,1000,385,4.885831707438638e-06,3.8034046199198467e-06,-0.0007915920220759203,99322040
normal,1000,386,2.8342496655688347e-06,2.1838817124934184e-06,3.915652021564013e-05,100903000
normal,1000,387,2.2481723085922144e-06,1.4164272127396702e-06,0.00012306825499992576,99242470
normal,1000,388,2.7693802302542846e-06,2.5377318773761718e-06,0.00025983270700016527,100151150
normal,1000,389,6.032795363891056e-06,5.402351012752137e-06,0.0014323412662899154,99935310
normal,1000,390,3.6887976078928837e-06,5.567305580347845e-06,0.0011316366948559483,99569370
normal,1000,391,5.258423292165702e-06,4.994854673830353e-06,-0.000133572261574878,99915810
normal,1000,392,2.9980620961450517e-06,2.2227834002296154e-06,-0.0008424373464158181,99401120
normal,1000,393,6.096749325112621e-06,6.774464591303526e-06,0.00175079569338327,99960920
normal,1000,394,3.7250499468989087e-06,4.120900606384313e-06,-0.000314147964694989,100504320
normal,1000,395,2.3519675126678507e-06,3.073725672606721e-06,-0.001566519848788579,99878400
normal,1000,396,4.732747452100987e-06,3.5912550531865752e-06,0.0032403969856581788,99769910
normal,1000,397,3.466111490733625e-06,3.555823862412776e-06,-0.00017077461047562781,98867830
normal,1000,398,4.714879735833604e-06,6.342293028269693e-06,-0.0004137461710180037,99387010
normal,1000,399,2.676107262163977e-06,3.1067050965038975e-06,-0.0007375293466215833,99724740
normal,1000,400,4.320489290987881e-06,4.204484148883789e-06,0.0004676025032651715,99506020
normal,1000,401,4.4968087896740674e-06,4.633762366573028e-06,0.0019649715253101992,99702980
normal,1000,402,5.545011092132321e-06,7.036119877434253e-06,0.0010261045438494586,99511940
normal,1000,403,5.8251188614205e-06,5.807454924801937e-06,-0.0018759737604281729,100697850
normal,1000,404,3.6319601904752256e-06,2.5405295430883406e-06,-0.0009123313003900455,99142410
normal,1000,405,6.200282347612226e-06,5.1299438192297615e-06,-0.0005725715430409884,99483130
normal,1000,406,4.442884797019818e-06,4.218388718898587e-06,-0.0005556163746238029,100022860
normal,1000,407,4.227703784008492e-06,2.824261046327631e-06,0.0023282658393584264,99923370
normal,1000,408,7.326869332262672e-06,6.259170732810523e-06,-0.0005941175713637884,99984570
normal,1000,409,6.807019131277974e-06,7.021069719329311e-06,0.002722771147141452,100077050
normal,1000,410,6.012095447430791e-06,5.987190986804093e-06,-0.0005190747919182837,100159050
normal,1000,411,5.417157022553483e-06,4.593556628140088e-06,0.0010366679475885972,99525790
normal,1000,412,7.0377409736220685e-06,6.24840346201354e-06,-0.00022424356972566067,100555500
normal,1000,413,4.127988451516485e-06,3.7651116810224583e-06,-0.002386075608407049,99956150
normal,1000,414,4.937314355800354e-06,5.233134253459585e-06,-0.0003165963275852685,100256200
normal,1000,415,4.270731788190954e-06,5.3780175723452386e-06,0.002999992918297048,99699670
normal,1000,416,3.01431426413236e-06,3.507320130039074e-06,-0.0008172274412960689,100313930
normal,1000,417,4.5156143254471705e-06,4.24671673282608e-06,0.000654141681238439,99668410
normal,1000,418,4.58700808183709e-06,5.123116727251221e-06,0.0014472921045918846,100210090
normal,1000,419,5.847259944028501e-06,4.822586847235616e-06,0.003599655147504296,99483310
normal,1000,420,6.9671282168912595e-06,6.9651666148515765e-06,0.0017203710464983452,99276420
normal,1000,421,6.214212376956357e-06,7.1860073752918965e-06,0.0007487482802988582,100055180
normal,1000,422,3.704357866295638e-06,3.182127922451418e-06,-0.00030517660446773844,100355080
normal,1000,423,4.604541287447742e-06,5.01209515653811e-06,-0.002576167285475322,99585910
normal,1000,424,5.7492546310524165e-06,5.65875174302269e-06,0.0029843685215485403,99807000
normal,1000,425,3.5710329868978157e-06,2.9743154263662095e-06,0.0011188432761579641,100109600
normal,1000,426,3.7707218618429767e-06,3.035342920518656e-06,0.0018509706586356065,99993450
normal,1000,427,3.0834461798938157e-06,4.299096535917158e-06,0.000877528669324232,99720220
normal,1000,428,6.026139326648717e-06,6.0890647298970716e-06,-0.0006420866058044336,100381190
normal,1000,429,4.8291736177258435e-06,4.688303746926544e-06,-0.0003135484556388957,99975940
normal,1000,430,5.2754906787589195e-06,4.7255978978169425e-06,0.0005375730783855913,100503480
normal,1000,431,5.070187420608817e-06,4.701794168112774e-06,-0.0024523389262671386,100552570
normal,1000,432,5.5828889922382156e-06,4.694788841028838e-06,-5.875579888435785e-05,99942030
normal,1000,433,6.711117136204384e-06,7.4699281304574245e-06,-0.0008973775362221375,99812210
normal,1000,434,2.8469021351803685e-06,3.0680659124067955e-06,-0.0022284671867598064,100567350
normal,1000,435,3.670857405272442e-06,4.546772297831006e-06,0.0007731527700797721,100306580
normal,1000,436,2.4765811115729593e-06,2.25593155540365e-06,-0.0010840724528089988,99391480
normal,1000,437,3.5636991505986494e-06,2.7735873047687384e-06,-0.0007525252098921181,100310800
normal,1000,438,8.915157199292793e-06,8.2452387407494e-06,-0.00034261046765021833,99659300
normal,1000,439,3.151515621555173e-06,4.2059958206923534e-06,0.00020236436235192043,100091280
normal,1000,440,8.376781880720365e-06,7.614928075667779e-06,0.0017009607455693166,99470020
normal,1000,441,5.125649096404554e-06,4.8817044816180866e-06,5.985744290554816e-05,100531220
normal,1000,442,6.072659562379405e-06,5.500186656729545e-06,0.0005165662982801865,99991110
normal,1000,443,2.9565260643778623e-06,3.892710428169246e-06,-0.0013719831461101236,99962660
normal,1000,444,7.158566852202106e-06,7.299613993602499e-06,0.00023667271566763835,100191660
normal,1000,445,6.175158638393949e-06,5.120496691573683e-06,0.0015230206665876002,99966160
normal,1000,446,5.665569740680881e-06,4.272313251863288e-06,0.00151200910165791,100335500
normal,1000,447,4.475134547990351e-06,4.070676399352036e-06,0.0005311722488385997,99747900
normal,1000,448,4.856133710598129e-06,3.117437795296729e-06,0.0017413996060646943,100373330
normal,1000,449,5.519750970713103e-06,4.517127234900678e-06,0.00033483193378698194,100135770
normal,1000,450,3.529747615038572e-06,4.844632211394748e-06,2.9005395651033397e-05,100547190
normal,1000,451,1.9136194191545166e-06,2.643468538842239e-06,-0.0004038699059372181,100329930
normal,1000,452,3.46874436554022e-06,4.677394471663778e-06,-0.0012750935668648417,99865020
normal,1000,453,5.504162958098465e-06,5.423836840553515e-06,-0.0022360194235771388,99687620
normal,1000,454,3.855561953389209e-06,3.0541292711618507e-06,-0.0008356740611696362,100301970
normal,1000,455,6.711905626997877e-06,6.455920261807813e-06,-0.00037855812851766887,100414150
normal,1000,456,3.946951814819062e-06,3.5716339682316404e-06,0.00010032853769511176,100112460
normal,1000,457,3.6939090318320415e-06,3.0305301400773863e-06,-0.00047964212431988437,99875550
normal,1000,458,5.281533211084557e-06,5.745520526017101e-06,0.0014353582215207823,99703570
normal,1000,459,8.526342467274267e-06,7.857484923664631e-06,0.00040034708193644353,100052040
normal,1000,460,5.45307509766591e-06,6.380413808121756e-06,-0.0003081939805405162,100727960
normal,1000,461,6.222480098342323e-06,8.14003713448589e-06,0.002093757571649794,99203200
normal,1000,462,6.695863340976017e-06,7.279660389381381e-06,0.0008669570299461858,100010180
normal,1000,463,4.583765887848255e-06,4.113547195140471e-06,-0.0013300046801302545,100157060
normal,1000,464,3.0809675388126404e-06,3.586298490935023e-06,-0.0008746909902380536,99591720
normal,1000,465,4.2347771519726804e-06,4.355068644753509e-06,-0.0013605141924217972,99252490
normal,1000,466,7.432882872813204e-06,8.267214282359779e-06,0.0022266431311674644,99838770
normal,1000,467,3.962266170392633e-06,3.5101458887828373e-06,-0.0022887097692036056,99561500
normal,1000,468,7.63181745938197e-06,6.595733284122667e-06,0.001736227489553468,100087650
normal,1000,469,4.58949112721395e-06,5.80500351574531e-06,0.0001385947172072402,99815680
normal,1000,470,4.009228477530092e-06,3.604375427505468e-06,0.0006820790016300324,100634830
normal,1000,471,5.308796408867692e-06,5.837368306677029e-06,-0.0007415085690265608,99491200
normal,1000,472,6.0131949540045405e-06,6.487413514332584e-06,-0.0004918684758417554,99568270
normal,1000,473,6.550451768242326e-06,7.006572196485792e-06,0.0016265041451220053,100177030
normal,1000,474,5.392026609309685e-06,5.021992564240072e-06,0.00035221091603265765,99771220
normal,1000,475,3.3056308047713168e-06,3.664520439590958e-06,0.0007000643210762425,100745910
normal,1000,476,4.349647232674167e-06,5.32168741076408e-06,0.0009202358137619624,99851370
normal,1000,477,4.3683732629301194e-06,4.299033132396583e-06,-0.0014205964284820915,99327080
normal,1000,478,7.345705597360274e-06,6.477845967116342e-06,-0.00016849017239669542,99409820
normal,1000,479,3.012920070694045e-06,1.906272558417724e-06,0.0012443812291773216,99360110
normal,1000,480,5.369822579586877e-06,6.133532079979564e-06,0.0012228625788635252,99846150
normal,1000,481,3.5618746226631834e-06,4.63973121444099e-06,0.00119393628772647,100015680
normal,1000,482,2.2136520968471612e-06,1.95714142670125e-06,-0.0002318638052831863,99996030
normal,1000,483,3.4884138653156275e-06,2.942655745716094e-06,-0.001171716959409374,100007260
normal,1000,484,1.664749317113802e-06,1.4643881227133216e-06,-0.00029894260375627437,99278030
normal,1000,485,3.920501782305102e-06,3.967867658273243e-06,-0.0010348569971924079,99720430
normal,1000,486,3.633124023820572e-06,2.951952436771663e-06,-0.0008481573850263562,98634840
normal,1000,487,5.65157221605742e-06,5.146169550450502e-06,0.0014369190728896852,100138230
normal,1000,488,4.679682398439203e-06,6.15051982271195e-06,-0.001294136364569351,99694500
normal,1000,489,4.677295978551597e-06,5.653907416125776e-06,0.0007581505227948793,99484890
normal,1000,490,6.4556487196390685e-06,5.587778213104189e-06,0.00023677195821869345,99773440
normal,1000,491,4.547534739965123e-06,3.967252141604761e-06,-0.0030783450594520935,99699490
normal,1000,492,6.214259720565945e-06,6.490102305523372e-06,-0.00037870213298333796,100356340
normal,1000,493,2.948261299201046e-06,2.412135708543569e-06,-0.00025277837893952076,100026740
normal,1000,494,3.2823103833192467e-06,3.703541540951296e-06,-0.0006298896611988061,99834130
normal,1000,495,2.056922283122852e-06,2.436446649228558e-06,-0.000524431530341221,100540700
normal,1000,496,2.840751404610114e-06,3.611764681952491e-06,-0.0009349834825619507,99243800
normal,1000,497,6.771084985649138e-06,7.0898975428454315e-06,-0.000979516653314559,99892950
normal,1000,498,5.6841450618722316e-06,3.6404551378049235e-06,-0.00029830982556948346,100507480
normal,1000,499,3.5288511909351235e-06,2.283534658711321e-06,0.00037295857148623117,99711460
normal,2000,0,2.2911811427865202e-06,1.9453674537762414e-06,-0.001965184779911916,400101771
normal,2000,1,1.8486071705573065e-06,1.238495710959233e-06,0.001065435644424744,402662999
normal,2000,2,3.208148525982372e-06,3.231984401303857e-06,0.0007039020502864069,399040607
normal,2000,3,2.6963388013402836e-06,1.8199303505862695e-06,0.00012494247075534493,399282090
normal,2000,4,3.992253541896681e-06,3.50133871155114e-06,0.0005852994372258339,398154462
normal,2000,5,1.7443895876990768e-06,1.4228939809539924e-06,0.00021380358237805156,399015161
normal,2000,6,2.2708215409562753e-06,1.235312071687476e-06,0.0003091092023527451,397026830
normal,2000,7,2.3192041078889144e-06,3.12226180743823e-06,-0.00028916584773215333,400525639
normal,2000,8,2.750545135243249e-06,3.4515056565160837e-06,0.0014812417530174022,400163394
normal,2000,9,1.4132908205561604e-06,1.9012280708082482e-06,-0.0013101036972547892,398714421
normal,2000,10,1.833930392058847e-06,2.113873891499942e-06,-0.0003558667026535589,401413976
normal,2000,11,2.7256902039935118e-06,2.6181992784297323e-06,0.0013588537868755698,399882802
normal,2000,12,1.9053173938103038e-06,2.1956862786109085e-06,-0.0011742425850729088,399235755
normal,2000,13,7.850940578030762e-07,8.25611316363124e-07,-0.0009342188339052623,399099843
normal,2000,14,1.8235015342982897e-06,1.060061086254588e-06,0.00018670500204954685,398982119
normal,2000,15,2.6236324648299443e-06,2.8207458357714538e-06,0.0010761008992369475,396861055
normal,2000,16,1.7370152270205735e-06,3.150797383107428e-06,-0.0007480924986670207,401223419
normal,2000,17,1.8184936478582229e-06,1.7635134983743314e-06,-0.0005896054675673283,399225082
normal,2000,18,1.790612318715624e-06,1.989916219211423e-06,-0.0009696900538036853,400852870
normal,2000,19,1.673182797797618e-06,1.3722981278709314e-06,-0.001180296583524188,399240606
normal,2000,20,2.257658125945653e-06,2.8321361348183943e-06,0.0013715114671236195,398813455
normal,2000,21,2.7292255902848952e-06,3.2568100211606056e-06,0.0012822790404723144,398807450
normal,2000,22,2.1365487232441827e-06,2.954970860499525e-06,-0.00022307707979887263,398243899
normal,2000,23,2.361624912624267e-06,3.007408573955675e-06,-7.127575331239505e-05,401426891
normal,2000,24,2.1525248365781678e-06,2.204454736831987e-06,0.0011530720411199807,399582489
normal,2000,25,1.8288638005101903e-06,1.4276144555750114e-06,0.0001930650578951465,399886542
normal,2000,26,2.0247603008690957e-06,1.5282188221982708e-06,0.0009012035349240824,399986408
normal,2000,27,1.99284885232255e-06,1.0780753234921182e-06,-0.0012106168342272,401990949
normal,2000,28,2.1442630148061507e-06,1.6842372792412118e-06,-0.0011636391919960427,400627263
normal,2000,29,1.435622790624511e-06,1.5683894113993787e-06,-0.0013268367912476428,401332202
normal,2000,30,3.4666420954299915e-06,3.319846337867036e-06,0.0007409416590187279,397752229
normal,2000,31,2.578323218870892e-06,2.290674738431244e-06,-0.00013522222229785406,399405242
normal,2000,32,4.465793738048588e-06,5.0421541479205575e-06,0.0014018154525861004,401339438
normal,2000,33,2.1520230378978227e-06,2.444554542747708e-06,-0.0015629116502313839,400855905
normal,2000,34,2.752779132647211e-06,2.2678301343151436e-06,-0.00015668097577513644,400990146
normal,2000,35,1.7970804414401342e-06,2.052151081554705e-06,-0.000134416326019846,399582518
normal,2000,36,3.240712191778383e-06,2.904153421800639e-06,0.0003986794452005973,399751666
normal,2000,37,3.1631412736199925e-06,3.327193259886512e-06,0.0004579586521460871,400036030
normal,2000,38,2.4090814232822475e-06,3.687415680527436e-06,0.0010104416052161699,400263891
normal,2000,39,4.294408460551755e-06,4.443567405078431e-06,0.0016251119111885296,398585405
normal,2000,40,2.9166987280243386e-06,3.0858367302242158e-06,0.0006350331581426519,398680051
normal,2000,41,2.2265661009878173e-06,1.583667863876811e-06,0.0010820535665094061,399072966
normal,2000,42,2.662845512742061e-06,2.561140811617149e-06,-0.0011171519251596375,402508034
normal,2000,43,1.741563319072315e-06,1.94223809262812e-06,-0.00014708397602567185,398433597
normal,2000,44,3.331679290969217e-06,3.7146259456104075e-06,0.000353026745959608,400402984
normal,2000,45,2.7620288833220837e-06,2.7594370053160365e-06,0.0008396452060716053,398821051
normal,2000,46,2.2682949006479286e-06,1.5995282494975524e-06,-0.0007539873271663186,399997050
normal,2000,47,1.530744834969678e-06,9.134250164634361e-07,-0.0007280835256294668,401836828
normal,2000,48,2.844431235898278e-06,3.5438500479411673e-06,-0.00028660855685979205,401251901
normal,2000,49,4.335365965763335e-06,5.831743895486478e-06,0.000602848583986885,399492596
normal,2000,50,2.8045064539912488e-06,3.806231433644248e-06,0.0013900476415484944,400140930
normal,2000,51,1.7134086707250806e-06,1.2317841030807204e-06,-0.0010039955732401296,398306617
normal,2000,52,1.9584261624261715e-06,2.9203494836720167e-06,-0.0007161582998382126,397605599
normal,2000,53,2.001323685257249e-06,2.3652803506289183e-06,-0.00029573835924508386,400317494
normal,2000,54,2.2255097902172744e-06,1.6494912090522581e-06,-0.0009240613404570405,399947228
normal,2000,55,2.0929839430567813e-06,2.49362020318828e-06,-0.0013652596915446982,399541218
normal,2000,56,1.950080067129724e-06,1.1689959749025421e-06,0.0011814010097288003,397614855
normal,2000,57,2.2948423683086164e-06,3.1107242146115727e-06,-0.0009104762787539384,398591432
normal,2000,58,2.7790728513157566e-06,2.323300148515244e-06,0.0015825926025909711,399150952
normal,2000,59,2.1178588855760657e-06,1.96727675382262e-06,-0.0010530002195997552,400202489
normal,2000,60,2.8366738657325927e-06,2.6736568367342806e-06,-0.0010238311956397754,400146389
normal,2000,61,2.194649855169296e-06,3.872490341510749e-06,0.0008253781925538099,402360772
normal,2000,62,2.7756687688038865e-06,2.31132338913972e-06,-0.0011753178130327455,401763893
normal,2000,63,2.4059024669831774e-06,2.5682222862069907e-06,-0.0003504829098378999,400346881
normal,2000,64,2.0646357572888727e-06,2.4575266088483845e-06,0.00048637855131583905,400484638
normal,2000,65,2.167446139621334e-06,1.396177526168993e-06,0.0008475002260767322,400990561
normal,2000,66,2.4454536276893694e-06,2.6256969382166844e-06,-0.0020175474975489614,403047788
normal,2000,67,2.3707507159423753e-06,1.2488949644086603e-06,0.0004418274254348949,398916642
normal,2000,68,1.1141372694331594e-06,1.383160077218699e-06,0.0006192986457700612,400475280
normal,2000,69,2.127379994457338e-06,2.380821778425554e-06,-7.818330984346486e-05,397951671
normal,2000,70,1.5353432503560091e-06,7.448878455415802e-07,0.0004276841948007746,401846011
normal,2000,71,2.997741415605318e-06,3.578550607543907e-06,0.0006635592183741099,400197342
normal,2000,72,2.5232732072228403e-06,2.435129328087709e-06,0.0002314558230443458,398796205
normal,2000,73,1.8222963265133828e-06,2.384457709337085e-06,-0.0006350061276946577,399841228
normal,2000,74,1.8726501916933402e-06,2.2903206183352344e-06,1.0466617209088247e-05,399855997
normal,2000,75,3.0328493169662666e-06,4.446023631327268e-06,2.6780933659600968e-05,398994464
normal,2000,76,2.887140276892563e-06,2.983023905439488e-06,0.0007071976063681562,398463127
normal,2000,77,2.2685004202418192e-06,2.3862623042353227e-06,-0.001034339331920685,400313622
normal,2000,78,8.795040558215472e-07,1.335469241186473e-06,-0.001011471234498829,402416616
normal,2000,79,1.818538136151805e-06,1.1483149185133619e-06,-0.00046239474527908533,398957754
normal,2000,80,2.368312105479897e-06,1.3293406154256006e-06,0.0029936251191219044,399611605
normal,2000,81,2.761453495500727e-06,2.6098005074406602e-06,-0.0002769736777304033,399499808
normal,2000,82,1.3757794317002352e-06,8.627868267013323e-07,-8.874629465532138e-05,400663081
normal,2000,83,2.9660203111634805e-06,3.891995414008146e-06,-0.0006330777952693239,401493977
normal,2000,84,1.998015897122059e-06,1.6035628803615857e-06,0.00039882307818467876,401540806
normal,2000,85,2.1240614615059696e-06,1.42451398437067e-06,-0.0008601570211357676,398919629
normal,2000,86,2.7562944247218867e-06,2.573749083482598e-06,0.0006024781134677115,401536972
normal,2000,87,2.0566731148370886e-06,1.6222899570298357e-06,-0.0002390441106403361,400732542
normal,2000,88,4.014120129977795e-06,5.055938900237785e-06,0.0010234653581508329,401891482
normal,2000,89,1.7892038875950338e-06,1.921188360778683e-06,0.00024029403049754747,398179460
normal,2000,90,2.8216025374612573e-06,3.107786537417512e-06,-0.0008724671875993781,400400171
normal,2000,91,2.424204705070218e-06,1.2699979129711575e-06,-0.0009845093625020804,399498598
normal,2000,92,1.0781339131899058e-06,1.6735049289332677e-06,0.0003651464362581408,397029503
normal,2000,93,2.424713646733171e-06,2.0050476578733937e-06,-0.0005082365585797553,400340372
normal,2000,94,2.3945083870167024e-06,3.3720177911563004e-06,0.0025421964053241835,399294917
normal,2000,95,3.4344481943931277e-06,3.5394091962457876e-06,0.0020255466525355374,398470040
normal,2000,96,1.9841037075466507e-06,2.0228881369787905e-06,0.0014109722023735976,398250313
normal,2000,97,1.307166190932092e-06,1.8220302366693617e-06,0.00037163893702947813,398918029
normal,2000,98,1.9757629408211345e-06,1.7974255862540332e-06,0.00140613376623125,397239048
normal,2000,99,2.1809023441684357e-06,2.516871454851281e-06,-0.0008856959120638649,401015214
normal,2000,100,2.3039301293974753e-06,3.1148705861604033e-06,1.4603793246422259e-05,398033297
normal,2000,101,2.887343571719672e-06,2.274343750504647e-06,-0.0010673050090543442,399601095
normal,2000,102,3.2514786060474074e-06,3.5634802481246474e-06,3.876243084008534e-05,402152933
normal,2000,103,3.7758180874051282e-06,4.353293240122906e-06,0.0019550900475954983,399638119
normal,2000,104,4.44203887333758e-06,4.66784695119901e-06,0.00013488611046326123,400131072
normal,2000,105,2.282566612201877e-06,1.3066866327016774e-06,-0.0003552989305922218,400041825
normal,2000,106,2.1038815511826715e-06,2.3165023907403997e-06,5.764510716498101e-05,399206026
normal,2000,107,2.5901078169737164e-06,2.396748902124941e-06,0.0006304116131818265,402077603
normal,2000,108,1.4986448667214712e-06,9.564619156980385e-07,-0.00031294339016460753,398453038
normal,2000,109,1.0215263612165763e-06,5.622602479812554e-07,-0.00042567388046343675,399599835
normal,2000,110,2.3393745229601988e-06,2.9896566551161426e-06,0.0007785090695760207,399093546
normal,2000,111,3.3169906040129473e-06,3.027801894696703e-06,0.0017285197842521938,401436988
normal,2000,112,1.744472475465345e-06,1.8847081854342728e-06,-0.0002605556401879068,398632926
normal,2000,113,2.711126658035239e-06,2.156605854980409e-06,-0.0020708997991434382,402591972
normal,2000,114,2.190899274202923e-06,2.9958445956450536e-06,0.00033506001347854584,399882188
normal,2000,115,2.150793297488769e-06,2.730869582476663e-06,-0.0001952518607063275,399148391
normal,2000,116,1.79177110882855e-06,1.8472272711606017e-06,0.0010913604753146878,400712092
normal,2000,117,2.974653752852536e-06,2.9681001939093646e-06,0.000646701211893132,401171189
normal,2000,118,2.6281637514107873e-06,2.2597041148563215e-06,0.0009882296927939908,397914415
normal,2000,119,2.332216471810821e-06,2.112409368519036e-06,0.0005030094963903924,401879038
normal,2000,120,2.781359704722753e-06,2.115540734862985e-06,0.0016497405291897426,400358227
normal,2000,121,2.1723267867282805e-06,3.2925753097948364e-06,-0.0017456515044397762,399772921
normal,2000,122,3.0988260910003284e-06,3.86806906912891e-06,0.0009142854833678123,399727264
normal,2000,123,4.187085991387491e-06,4.0619205756760846e-06,0.0008724120143432893,397212440
normal,2000,124,4.0101692872869394e-06,3.5398117987727937e-06,0.0008830505445990962,399599055
normal,2000,125,1.7497002160156105e-06,2.5838455149006157e-06,0.00045435571744363747,400304530
normal,2000,126,2.1656593375971214e-06,2.6837233868008004e-06,-0.00012127475000127696,400297410
normal,2000,127,1.4217136667598723e-06,1.94316619103147e-06,-0.0007236605410391073,399730392
normal,2000,128,1.379342838696146e-06,1.5066412472265016e-06,0.0024210984362423764,399532516
normal,2000,129,2.4299756834105416e-06,2.3291044323661442e-06,-0.0003675423069700279,400126391
normal,2000,130,2.506109892008285e-06,3.4346220868637114e-06,-0.0001708924763015917,401715695
normal,2000,131,3.159309447150361e-06,2.546486950016424e-06,0.0017677518935303297,399872233
normal,2000,132,3.7494923314463056e-06,4.490668988376667e-06,0.0007579061766448024,399458572
normal,2000,133,1.2813506991371913e-06,1.6492017346333093e-06,-0.0008385275233169773,399981951
normal,2000,134,1.6740764938270078e-06,2.439670985633425e-06,0.0017221544731618474,399172892
normal,2000,135,3.143222769743004e-06,4.133258253347045e-06,0.0010821220779189148,400851552
normal,2000,136,2.422007416534535e-06,2.8735185025472516e-06,0.0022815009434576754,398676005
normal,2000,137,2.7360224606083745e-06,2.8421898115079865e-06,0.0007521314986441924,399185908
normal,2000,138,2.2737246830231975e-06,1.9479577776111735e-06,-5.4269321212050365e-05,400278815
normal,2000,139,1.7943947984792268e-06,1.2424700689029215e-06,0.0019772168285027763,399887739
normal,2000,140,1.8855463832666799e-06,2.3609550889643517e-06,0.0002196423444992527,399594647
normal,2000,141,1.3661440363592896e-06,2.049526355261924e-06,-0.001067515140464088,401502334
normal,2000,142,1.2367460869587897e-06,9.632059695731043e-07,2.8271357060696313e-06,401588699
normal,2000,143,2.18890709816239e-06,2.274272177648569e-06,-0.0013512252802064689,397830561
normal,2000,144,2.3931183360724425e-06,1.9776036256205557e-06,0.000933589533354909,397158571
normal,2000,145,1.3595068865908144e-06,2.440373872670777e-06,0.0001805227471107113,399936202
normal,2000,146,1.7504521809495356e-06,1.5607262160984622e-06,-0.0009130798128600868,400667000
normal,2000,147,3.2409876765506597e-06,3.4905430674982438e-06,0.002232734267743563,399645038
normal,2000,148,2.8681195859504285e-06,1.609828521581431e-06,0.00022415859555519285,399398350
normal,2000,149,2.102035566283817e-06,2.90124185063299e-06,-0.0010254941944918305,397842827
normal,2000,150,1.4645741553014826e-06,1.2636044385113928e-06,-0.0005577680342192491,398937383
normal,2000,151,1.8475315152696753e-06,2.5368213532804503e-06,0.0008416301836074269,398543521
normal,2000,152,2.5876356864245643e-06,2.675762196204144e-06,-0.00042958804866643287,400263338
normal,2000,153,1.8982850726188585e-06,1.2424776064307963e-06,0.00028607081828573526,400037488
normal,2000,154,2.9355442289125933e-06,3.1668392089835097e-06,-0.00015091541772589682,399330312
normal,2000,155,1.98465742560248e-06,1.991156302586804e-06,-0.0002421611894879343,400888247
normal,2000,156,2.2170589476016926e-06,2.2162730952948032e-06,0.0002478639815458159,397632711
normal,2000,157,4.131923695846864e-06,4.791506723612832e-06,0.002212482524718282,399567907
normal,2000,158,1.8556334828959827e-06,1.9840318986806078e-06,-0.001457906230665439,399110942
normal,2000,159,1.503286892587704e-06,1.6637892916878874e-06,-0.0012320661553009654,400445487
normal,2000,160,1.665322673055051e-06,1.8316451948620227e-06,-0.0023628561623402706,401997623
normal,2000,161,1.2518526063604808e-06,1.263564518138995e-06,0.0015309115134263277,399170449
normal,2000,162,2.775310418815795e-06,3.957786587196489e-06,4.866343080356279e-05,398912570
normal,2000,163,2.055784727386592e-06,4.3815966223225314e-07,0.0010721209297932504,398356544
normal,2000,164,2.257983557231817e-06,2.4097044241253574e-06,0.0018841197190427616,400244541
normal,2000,165,2.8754122966036657e-06,2.3955454651178924e-06,-0.0011301912729127664,399552808
normal,2000,166,2.76564313517753e-06,2.4175970900195306e-06,0.00027419528104396693,401818606
normal,2000,167,2.274920363139955e-06,1.4926286095370689e-06,-0.0003603090095224601,398309352
normal,2000,168,2.6946069967920194e-06,2.1463943779347345e-06,0.0012343938161922022,398449375
normal,2000,169,1.9873969004220604e-06,2.308962530225869e-06,0.001020924300308617,397679306
normal,2000,170,2.425482635639882e-06,3.0604598728251108e-06,0.0015863239897108338,398792234
normal,2000,171,2.9140197447666495e-06,2.0954094935479476e-06,0.0021927321680724476,401609196
normal,2000,172,3.7203282567322593e-06,3.891401799053309e-06,0.0006590409449997766,398737850
normal,2000,173,1.568395494286581e-06,1.445106431518677e-06,-0.0001519503078764106,399399785
normal,2000,174,1.308957284680723e-06,1.2246150687644016e-06,-7.619204109786088e-05,398068456
normal,2000,175,2.4840135480620675e-06,3.4041688438871854e-06,0.0005292209198620481,399768369
normal,2000,176,1.9592724308368857e-06,1.7314354467674856e-06,0.0006861214164020257,400143691
normal,2000,177,1.8740074974999874e-06,1.6735090223802105e-06,7.594550619461768e-05,400191745
normal,2000,178,2.4599640520622076e-06,1.7636687431857206e-06,0.0004377141838624109,400239791
normal,2000,179,1.931664514496206e-06,9.615254538175879e-07,-0.0008193500829586542,399711394
normal,2000,180,2.2809103169508853e-06,1.8068853192294235e-06,0.00011918261591927711,399408640
normal,2000,181,1.7409111708763888e-06,3.146120645963544e-06,-0.0003016653571927537,399805520
normal,2000,182,1.7485642075633508e-06,1.6087046963699444e-06,-0.0018911127681371736,400457463
normal,2000,183,1.7026607077342061e-06,1.3809838082083639e-06,-0.000628494099838243,401789123
normal,2000,184,3.6097104276604944e-06,2.261915219356445e-06,0.0001841177733642027,401142070
normal,2000,185,2.9717962463327952e-06,1.2780336773554755e-06,-0.0015464713162535802,399214646
normal,2000,186,1.6720353370630356e-06,1.3216317242434727e-06,-0.0031727016046473166,400157072
normal,2000,187,2.3037742249954572e-06,3.1414609164769655e-06,-0.0007379391961146273,400414156
normal,2000,188,2.0743998586402295e-06,1.711882670471101e-06,-0.00016877099103632765,400816620
normal,2000,189,2.4934912422514605e-06,2.5209204527975873e-06,-0.001572573054984157,399464110
normal,2000,190,2.32960778763591e-06,2.5088208512232143e-06,-5.330404959178126e-05,398356306
normal,2000,191,2.378532517512141e-06,2.28498916492598e-06,0.001557623391769904,400425871
normal,2000,192,4.899996831025928e-06,6.325849111871704e-06,0.0015431422208888779,398764994
normal,2000,193,2.288802270911004e-06,2.211911960529649e-06,0.0005409889749217377,397972641
normal,2000,194,1.407982057531912e-06,6.399441805217588e-07,0.001318041019416823,401863955
normal,2000,195,3.6972366436021117e-06,3.5611045410216734e-06,0.0024889729682631844,401022516
normal,2000,196,2.2621476940010693e-06,1.6113251357027218e-06,0.001976738302605112,400484577
normal,2000,197,3.972489043701795e-06,3.417074473135716e-06,0.0002584456264362669,402099384
normal,2000,198,1.7673207181488036e-06,8.733280435269705e-07,-0.00015463548457997448,399072927
normal,2000,199,2.0438194091583043e-06,1.772366471172405e-06,-0.001989993216172241,400841474
normal,2000,200,3.126723905908202e-06,2.403719173737652e-06,-5.2623913617703945e-05,399919885
normal,2000,201,2.0826196609004273e-06,2.298631605852964e-06,-0.00045447855025737403,400977866
normal,2000,202,1.5282946006195056e-06,5.369609087109978e-07,-0.0013586291746626928,399875529
normal,2000,203,2.697358595062035e-06,2.91324028991007e-06,-0.0005902003521966691,399271580
normal,2000,204,2.2463434712971254e-06,2.1139163474529143e-06,-0.000735170752696559,400357494
normal,2000,205,2.4974238376062735e-06,3.11152636987612e-06,-0.0004004592893721981,401946199
normal,2000,206,3.944359830382246e-06,3.867182592969084e-06,-0.0008794960144209563,400625944
normal,2000,207,2.347401348893461e-06,2.0635034182739048e-06,-0.0008011310317133385,397835132
normal,2000,208,1.9732381046024837e-06,1.2996331028830027e-06,0.0008608656100193123,400502147
normal,2000,209,2.7474712426997128e-06,3.7573554340006494e-06,0.0007108375677824418,401334047
normal,2000,210,8.020440812534437e-07,1.243559459866486e-06,-0.0015987142619170497,399574677
normal,2000,211,2.5269029175972715e-06,1.7068157682696819e-06,0.0014921255968294467,398915100
normal,2000,212,2.259330028210907e-06,2.060579702328511e-06,-0.0015299447551999717,401412388
normal,2000,213,2.5263549876989296e-06,2.109234948910121e-06,-0.0010731502942163266,400509721
normal,2000,214,4.492565550586919e-06,4.0140071172591306e-06,0.0007440290531200885,400878364
normal,2000,215,1.1833923986492318e-06,1.5106977768205475e-06,-0.002159832065011174,398154438
normal,2000,216,2.493750921241188e-06,2.0172091744194143e-06,0.0004685281171992933,400828266
normal,2000,217,2.222592578004508e-06,1.497402338277591e-06,6.499488947648165e-05,399429001
normal,2000,218,3.216235327663781e-06,4.0126913772369804e-06,-0.0006645492178250128,401900276
normal,2000,219,2.213154205165311e-06,1.5962512304351678e-06,-0.0010105355789345283,397597700
normal,2000,220,2.2565298495413765e-06,2.3523557502605345e-06,0.00014334701260689225,400197203
normal,2000,221,2.1752778976968404e-06,1.590450915725327e-06,-2.0438295390909927e-05,399453403
normal,2000,222,2.065048456140356e-06,1.7318290844221002e-06,-0.0007091370055504072,400389519
normal,2000,223,2.092960067160513e-06,2.387992238324763e-06,-0.00014529939305769066,398876257
normal,2000,224,3.3924903356609393e-06,3.464540662608254e-06,0.0018276410779129385,396315646
normal,2000,225,1.930695129015109e-06,2.0020886131768147e-06,-0.0003274083086237993,399613250
normal,2000,226,2.0180655335465853e-06,1.8132746147999312e-06,-0.002193613954654043,400319897
normal,2000,227,2.3376549128521927e-06,2.0381134441840747e-06,0.00303451727623362,399511798
normal,2000,228,3.809298190049456e-06,3.5457077118425156e-06,0.002152244514602905,398553439
normal,2000,229,3.744142618335364e-06,2.958091161914879e-06,0.0014838563150783312,398737099
normal,2000,230,1.263267886798442e-06,2.1968898716924976e-06,-0.001305319575076006,399684282
normal,2000,231,2.083442742624885e-06,1.4573169370079695e-06,-0.0010488167846107175,398647727
normal,2000,232,3.822595596217683e-06,4.933018119077997e-06,0.00043884267066297237,400168960
normal,2000,233,2.4488442140302283e-06,1.531283885590182e-06,-0.0004461496011541152,398544831
normal,2000,234,2.7084970254900756e-06,1.6678642940903662e-06,0.0017723249034683347,401615172
normal,2000,235,1.342954985432441e-06,3.68278581519665e-07,6.69444352818194e-05,400622482
normal,2000,236,2.925746050972101e-06,2.9307797783588536e-06,-0.0005534906186993783,398268967
normal,2000,237,3.6442167972881323e-06,2.495212451084483e-06,-0.0007574386210816833,398840863
normal,2000,238,2.329921651855106e-06,3.2837684375720517e-06,0.0014176108978432272,399993000
normal,2000,239,1.8522663249694058e-06,2.430177159943322e-06,-0.0005169715041139049,400947697
normal,2000,240,1.3138949026102017e-06,1.5916027767509962e-06,-0.0006641660682892173,399296069
normal,2000,241,2.6637800254121295e-06,3.1952308395812413e-06,0.00011088134610681595,399831886
normal,2000,242,3.0617382970316487e-06,2.563622281190432e-06,-0.00018056216506975116,398591864
normal,2000,243,1.8588759227972698e-06,1.747950867652479e-06,0.0009123383056329848,399900208
normal,2000,244,2.920081573516884e-06,2.440375308575953e-06,0.0008337390726623567,399728314
normal,2000,245,2.276528550538471e-06,3.3833449166575057e-06,0.0009466984899413014,402521530
normal,2000,246,1.8961797583559487e-06,1.640615318642369e-06,-0.0005863786557536576,398004407
normal,2000,247,2.4179178854769267e-06,2.5653054550709346e-06,-0.00038822789485289957,398974088
normal,2000,248,2.7296239386310017e-06,2.630441470994791e-06,0.0008054903175395081,399650732
normal,2000,249,1.588849737882858e-06,2.569798621909212e-06,-0.0010854595536604866,401412624
normal,2000,250,2.6850452928348265e-06,2.647999330753052e-06,0.00012037600936070642,399093549
normal,2000,251,2.876676105682131e-06,2.538663440807436e-06,0.0018341295666808657,399798587
normal,2000,252,2.896710415803095e-06,2.3098971768194765e-06,0.0004955914061678245,400077237
normal,2000,253,2.856199958183439e-06,2.7972292072992833e-06,3.353560420413463e-06,400381513
normal,2000,254,2.1638657072503897e-06,1.6201415518140245e-06,-0.00013413585236546655,400096978
normal,2000,255,1.9291689278519247e-06,1.9444733847226337e-06,0.00022132105187080351,400609295
normal,2000,256,2.06755481962217e-06,1.9290480204793984e-06,-0.002374303564000279,400811877
normal,2000,257,1.87373197233229e-06,1.900206868724041e-06,-0.00019879480896192855,397768126
normal,2000,258,1.833137137616304e-06,1.4567884396579649e-06,-0.00033927853855312553,401399589
normal,2000,259,2.8581236609313386e-06,3.6565586267026946e-06,0.0011368709511691587,398627978
normal,2000,260,2.7478873778133835e-06,3.547053400877621e-06,3.1251630716599803e-06,399229988
normal,2000,261,3.80244205398113e-06,3.758194216268964e-06,0.0018313705186872099,400837759
normal,2000,262,2.284161415860173e-06,2.17057918668509e-06,0.0008868369547682357,399739106
normal,2000,263,2.4789026742348795e-06,2.134043309557388e-06,0.0013762073997112701,400832026
normal,2000,264,1.9704074495020708e-06,2.4588423997045775e-06,-0.0008623217535265084,401142512
normal,2000,265,4.145767911612554e-06,4.22208041487303e-06,0.001734924164271533,401386813
normal,2000,266,1.7013055578268046e-06,1.5999046350226443e-06,0.0006691202035752983,399098611
normal,2000,267,3.3811282658217186e-06,3.011990813593416e-06,0.000341594238104137,399154190
normal,2000,268,1.769297714412344e-06,1.1440435010839138e-06,0.0017237343165860152,400099257
normal,2000,269,1.6301476359760689e-06,2.238742256850624e-06,-0.0008645517588368074,399401982
normal,2000,270,1.2693326524157824e-06,5.152251148559883e-07,0.0014464866540206617,400227913
normal,2000,271,3.4870570953306765e-06,3.05903646766727e-06,-0.0001801094132373518,399653162
normal,2000,272,1.9048940416091696e-06,2.5820801946740063e-06,-0.0004509737405337926,400761179
normal,2000,273,2.7039231008533527e-06,2.8569480908588858e-06,-0.00046906302798712204,397908837
normal,2000,274,9.711056588411784e-07,1.0984825981838251e-06,-0.0005181468436484899,400113010
normal,2000,275,3.6987949570079688e-06,3.3369891330393975e-06,0.002189459430236872,399093239
normal,2000,276,2.428383131388192e-06,2.1780700077714303e-06,-0.0003922802895758463,399328847
normal,2000,277,2.621247745331367e-06,3.3974262774055795e-06,0.0016529603147753668,397523224
normal,2000,278,3.6999905408455224e-06,2.859890089863254e-06,-0.00033386587700061317,398706640
normal,2000,279,2.8402525643318912e-06,1.8994838070974054e-06,-0.0014626230143465586,400282572
normal,2000,280,1.5750051134831757e-06,2.12225563600048e-07,0.0001864815567280252,400190069
normal,2000,281,1.836532804887065e-06,1.882668575076908e-06,-0.0001099798966444192,399967729
normal,2000,282,2.7622818295537807e-06,3.271251658368253e-06,-9.865056180294444e-05,399849185
normal,2000,283,1.3821996865061024e-06,2.898948711356316e-06,-0.000842012229022335,399742784
normal,2000,284,1.605955235697269e-06,2.7539572232864405e-06,-0.00019864107586144722,398100504
normal,2000,285,1.930703434266047e-06,2.3834884185973495e-06,0.0010124316291291182,398364060
normal,2000,286,1.9630249043233974e-06,1.9197498325995485e-06,-0.00023822103874484565,401213769
normal,2000,287,3.102112388278499e-06,2.2843900562911634e-06,0.0013938319951847075,397397493
normal,2000,288,1.6497154194806696e-06,1.5990031550907324e-06,-0.000979879529902652,400590603
normal,2000,289,2.7139580511517927e-06,3.6089720354889074e-06,5.2402935352743044e-05,397370356
normal,2000,290,2.0209278239268656e-06,2.1401986415974423e-06,0.0003857546966622275,401094185
normal,2000,291,2.0205181939373e-06,3.3387580574103624e-06,0.0004162202758823371,399456329
normal,2000,292,1.9539051984998088e-06,2.874583466501565e-06,0.0010390305129872105,400567045
normal,2000,293,1.796033097585124e-06,1.9541379146246696e-06,-0.002075192437250616,400598909
normal,2000,294,2.9728391557515007e-06,2.118256154944473e-06,0.0011596771347450023,401023298
normal,2000,295,2.9125172642759316e-06,2.4661080184795986e-06,0.00011383867242736934,400807449
normal,2000,296,3.1644117428533465e-06,3.3812785525758387e-06,0.0017937863080051243,399148784
normal,2000,297,1.9342202934646195e-06,2.2659067007181e-06,-0.0004108793597693191,400779317
normal,2000,298,1.5934271928934199e-06,2.1393706621837836e-06,-0.0015479589574149994,399516250
normal,2000,299,3.0401623902651855e-06,2.0473647361208005e-06,-0.0011754484216151405,399856344
normal,2000,300,2.259496901198974e-06,3.1030437201929977e-06,0.001242496005471005,399046034
normal,2000,301,2.346313635702856e-06,2.852632193409792e-06,0.0004170035927470919,398498420
normal,2000,302,3.8878540265185844e-06,4.415779285271786e-06,-0.0012977067197285413,398876302
normal,2000,303,2.8074644656624026e-06,2.7687228263904236e-06,0.0003465893315681532,399851570
normal,2000,304,4.3861722089021515e-06,2.576786966401897e-06,-0.0005332691309682948,400375715
normal,2000,305,2.7557233285295354e-06,2.644782949708121e-06,0.00011669429826832611,398447444
normal,2000,306,2.706924758975797e-06,2.8164365944120187e-06,-0.00020367840021126931,397622570
normal,2000,307,2.3559968820970538e-06,2.3144398405853437e-06,0.00023819442563683714,401292175
normal,2000,308,1.8496206448958491e-06,3.171217241347977e-07,0.0014992899088544917,400414386
normal,2000,309,1.894012651514514e-06,3.1779064501861046e-06,4.12971789297437e-05,399678329
normal,2000,310,3.6066772615893034e-06,4.282267991942882e-06,0.0005331634624330613,398811823
normal,2000,311,1.5793099448617825e-06,1.6602126534356787e-06,8.325693728945523e-05,399375826
normal,2000,312,1.8783296865586688e-06,1.5770935811512945e-06,-0.0008257874366895657,399448947
normal,2000,313,1.95205511699917e-06,1.6188965893695153e-06,-0.0016869816019604168,400526714
normal,2000,314,2.1559068727078425e-06,2.1801148805616056e-06,-0.0010806951567257203,398442968
normal,2000,315,1.5183608030290729e-06,1.5641989881760104e-06,-0.0005047487245502992,399430526
normal,2000,316,3.1726302385983764e-06,2.525551237166409e-06,-0.0010049301224569725,399592037
normal,2000,317,1.6225309102333925e-06,1.2785545362234007e-06,-0.0021116154045160173,399232365
normal,2000,318,2.052720234199469e-06,1.6206475589080434e-06,0.0005902377064018629,398998571
normal,2000,319,2.476879110906587e-06,2.2065414997194184e-06,0.00013065394498801777,399435825
normal,2000,320,2.3080603972731607e-06,2.240242427267745e-06,0.0011708442939417224,398623243
normal,2000,321,2.061413364810309e-06,2.2006830350504505e-06,0.0009812358570589587,402768379
normal,2000,322,1.3756697575890279e-06,6.04819733953785e-07,7.158005670185145e-05,399408521
normal,2000,323,2.0126089709232678e-06,1.6189645641508547e-06,-0.0005280903610013483,398870180
normal,2000,324,3.204548303709639e-06,2.521688895051026e-06,0.0009690049688018939,400239272
normal,2000,325,2.539519548167406e-06,2.7841548263884593e-06,0.00012813067208212634,399831887
normal,2000,326,2.0803200907599097e-06,1.5260451745383609e-06,-0.0009334120450452429,400131711
normal,2000,327,4.151840470239626e-06,4.685851657355328e-06,0.0010189502006139445,398682669
normal,2000,328,1.817631826253913e-06,1.7088066380317347e-06,-0.0006103304816832655,398719502
normal,2000,329,2.15412063496903e-06,2.3550574082234483e-06,-0.0008059403801782534,396993995
normal,2000,330,2.1982899412642883e-06,2.4042095372903023e-06,-0.0007156920484486073,399937436
normal,2000,331,3.568013751855559e-06,3.7771997315398306e-06,0.0003615179919424458,399313913
normal,2000,332,2.5504061714637207e-06,2.541368097364057e-06,-0.0006708301559201263,398744837
normal,2000,333,1.777821601881191e-06,2.16042432526808e-06,0.00013487808354662977,401087975
normal,2000,334,1.8815831045898448e-06,1.3323846709577031e-06,0.0009557042098280714,396883842
normal,2000,335,2.2617880012543213e-06,1.5360438520000951e-06,-0.0003010133827709906,400341351
normal,2000,336,2.8753682433570398e-06,2.3718730434266927e-06,9.053133271816002e-05,398740736
normal,2000,337,2.4802451396158594e-06,1.8114953680762699e-06,-0.0011481637453467034,402051262
normal,2000,338,2.567266612807219e-06,2.5567097881901525e-06,0.000619067628906797,399847293
normal,2000,339,2.578529069106039e-06,2.906423343831473e-06,-0.0003415740743589476,399829818
normal,2000,340,2.0812111010607712e-06,2.246833425114891e-06,0.0015012509960924492,400206053
normal,2000,341,2.0667469034989105e-06,2.490944711375702e-06,0.00016418019195961708,401980023
normal,2000,342,2.2347760608760537e-06,7.594208986004522e-07,0.0006157120824663463,397811847
normal,2000,343,2.077035162558773e-06,1.7451616018915659e-06,0.0008663240740432649,398833287
normal,2000,344,2.0190491828681304e-06,1.9235155411514434e-06,-0.0004066973894148858,399210504
normal,2000,345,1.2039331051226268e-06,1.5011015778925618e-06,-0.0007051684454090379,399707211
normal,2000,346,3.376545061707366e-06,3.2458465711819227e-06,0.0021572060713364438,398064372
normal,2000,347,1.6890873529805318e-06,1.7555334660453912e-06,-0.0002543371418157355,399364100
normal,2000,348,1.493495579051002e-06,1.3525446477556985e-06,-0.0029075630276610798,398450070
normal,2000,349,2.746281662420847e-06,2.979175843958922e-06,-0.00068293582687204,399133038
normal,2000,350,2.667766108753038e-06,2.1809223092894224e-06,0.0003239529826663485,398361621
normal,2000,351,2.6002695843093094e-06,2.8695379104282322e-06,-0.0004995877511048591,399685253
normal,2000,352,2.4721619376098283e-06,2.25394075511613e-06,-0.001141593483357255,400173898
normal,2000,353,2.991147682377337e-06,1.764007976581128e-06,2.6699144995170394e-05,400025534
normal,2000,354,3.9955032964860404e-06,4.723515694021357e-06,0.0012222052770751851,399905581
normal,2000,355,1.928011923748779e-06,1.507143924903427e-06,-2.460217507840867e-10,399834381
normal,2000,356,3.1072367598336385e-06,3.940635004155221e-06,6.907963263887254e-05,398698013
normal,2000,357,2.253440367597629e-06,5.966234413284834e-07,0.0001249944783159793,399873869
normal,2000,358,2.0060778391640677e-06,1.2856017512142198e-06,-0.0017078699919583344,400579611
normal,2000,359,2.8300305895884638e-06,2.3111497657051954e-06,0.0005802038720705035,403214388
normal,2000,360,1.618470417817645e-06,2.325550479246127e-06,-0.0002483749010606724,402222151
normal,2000,361,2.4053164787301495e-06,2.146934693301388e-06,0.00012834240382076446,397458451
normal,2000,362,1.9888927478629646e-06,1.2755277681698903e-06,8.809505773450847e-05,401991355
normal,2000,363,2.7632737192016946e-06,3.0450012654189526e-06,0.0006388885201652036,399522276
normal,2000,364,1.2777721242885555e-06,1.1385554549106072e-06,-0.0006390451064993881,399899000
normal,2000,365,1.668602978216856e-06,6.963575853574733e-07,-0.00011684481814671668,399853985
normal,2000,366,5.034518710232667e-06,5.4560722228051815e-06,-0.00019899502639086761,400520688
normal,2000,367,1.3241966603199658e-06,1.5855760175081474e-06,-0.0021319184547552096,398481420
normal,2000,368,2.5982933916800125e-06,3.246720351324779e-06,-0.0002964376404999319,399390122
normal,2000,369,3.5532634412151038e-06,2.7024987032055724e-06,-0.00021484915565669427,400560046
normal,2000,370,1.5367179827847534e-06,1.3187474224115522e-06,0.0014383044368538227,399922026
normal,2000,371,2.8326365623613723e-06,3.0789823398299166e-06,0.0019054521267119163,400257771
normal,2000,372,1.6087877066456592e-06,1.0349573905185987e-06,-0.00027037277227331816,400636177
normal,2000,373,2.281140805900333e-06,2.6877425136164325e-06,-0.0005661792388607681,399758855
normal,2000,374,2.8672231797625187e-06,3.1591057141505768e-06,9.214411949772182e-05,399808612
normal,2000,375,2.7074407527469193e-06,2.970315912623219e-06,0.000228096844388953,398869002
normal,2000,376,2.4805823311944355e-06,2.394113896218798e-06,-0.0016099980375293493,398426678
normal,2000,377,2.4381524938543633e-06,2.637893883719773e-06,6.363865780718533e-05,401575259
normal,2000,378,2.4253567945933553e-06,2.0865328015927445e-06,0.0005392865853272905,398125497
normal,2000,379,3.7242561186473736e-06,2.7305592783994705e-06,0.0016248294203630594,401438253
normal,2000,380,1.2436151158958745e-06,1.886426957494594e-06,0.0008659320426409636,398464700
normal,2000,381,2.4701503283108936e-06,2.252742063139133e-06,0.0004173149681989152,397920235
normal,2000,382,4.886639010750379e-06,6.4592384347242905e-06,0.003442227813191615,400645458
normal,2000,383,1.3549418242417007e-06,1.9619514750578548e-06,-0.0007893460345553184,399113204
normal,2000,384,2.363067619620998e-06,2.601759504308e-06,-0.00041693115557888153,400806596
normal,2000,385,2.0228858946185983e-06,2.41921149794574e-06,-0.00031902515041918336,399310072
normal,2000,386,1.5980071000246183e-06,1.5171459032693281e-06,-9.131285314640493e-05,397731580
normal,2000,387,1.5653950935900143e-06,1.5648792876820722e-06,-0.0005228233623920454,401589565
normal,2000,388,1.946474112597811e-06,2.78172096900909e-06,0.0005383270192972031,399982128
normal,2000,389,2.6555080703886417e-06,3.4339146922719346e-06,0.00028653918117859875,398290176
normal,2000,390,2.5382066214881623e-06,2.953450025842125e-06,0.0013588875749393334,398265072
normal,2000,391,3.017115951214813e-06,3.0246170055770615e-06,0.0007296215357428684,400043704
normal,2000,392,1.988895183365771e-06,1.4379570905849758e-06,-0.0011170037654456792,399975390
normal,2000,393,1.7080946879256153e-06,1.882519154701838e-06,0.001022145216829747,399230223
normal,2000,394,1.93021114850047e-06,2.5460877781711595e-06,-0.00041620156232386536,401143829
normal,2000,395,1.6587254623212323e-06,2.384451820472152e-06,-0.0013623391326405981,401779167
normal,2000,396,3.07088778800999e-06,2.6491665471950466e-06,0.0014420491057721124,401571343
normal,2000,397,1.4717951181307966e-06,6.13315660825918e-07,0.0002157595369131427,398909311
normal,2000,398,3.2223666088382596e-06,2.573948926681748e-06,-0.0007868831575440707,400023323
normal,2000,399,1.6699460619879424e-06,9.174525369496738e-07,-0.001413884671580276,400521825
normal,2000,400,1.9572496979405537e-06,2.597808576531575e-06,-0.0003232145108834545,399342974
normal,2000,401,2.956485197703119e-06,2.1039020860013748e-06,0.00044054264685114045,400524410
normal,2000,402,1.7327297987084448e-06,1.2818772924645257e-06,-0.0009561312761532326,398870027
normal,2000,403,2.2570274284299003e-06,2.2700893379196002e-06,-0.0015759719600956026,398163899
normal,2000,404,2.6962555184719423e-06,3.1567082272964044e-06,-0.0006906503076619181,398078853
normal,2000,405,2.237165523333564e-06,2.2709056523956227e-06,-0.0014283571831906698,400285965
normal,2000,406,1.4156108294735497e-06,1.420182267102122e-06,-0.0012534086713088632,400908225
normal,2000,407,2.2140407998092673e-06,2.226599119468914e-06,0.00033474253061586365,401233340
normal,2000,408,2.2017577532618943e-06,1.661336356507574e-06,-0.0012064540392407108,398468047
normal,2000,409,3.74273491377407e-06,3.4983371697545624e-06,0.0015607068076306347,398486859
normal,2000,410,2.8258473917696355e-06,3.914549040856948e-06,0.0007130487779004671,397561937
normal,2000,411,1.7272559595574148e-06,7.199938767328984e-07,-8.038859978237847e-05,399982975
normal,2000,412,2.9100698111087473e-06,2.297225469104465e-06,0.00033993426383536487,399205977
normal,2000,413,2.239477792248805e-06,3.3755042436611384e-06,-0.000784459461119064,399558084
normal,2000,414,1.4787861457004115e-06,2.1799313377704126e-06,-0.0007357355313030183,399601795
normal,2000,415,3.0444423976264787e-06,3.838805879758111e-06,0.0017214590713206573,398437666
normal,2000,416,2.481307352705226e-06,3.459637442725759e-06,-0.0004266177494401557,400872437
normal,2000,417,1.947161174451861e-06,1.279772940340974e-06,0.0011600238486280854,400103103
normal,2000,418,3.182396879430565e-06,2.96754277371374e-06,0.0007666785341156726,398263441
normal,2000,419,3.411162143089393e-06,2.457620367932092e-06,0.0018530533590619324,399827156
normal,2000,420,3.1668686885798043e-06,4.246414536827366e-06,0.0016661931916061988,399570126
normal,2000,421,4.0557059643173435e-06,4.011414360154348e-06,0.0020678678263657746,399005279
normal,2000,422,2.1620116148061477e-06,1.0563752023521315e-06,-1.0471391870164309e-05,398087717
normal,2000,423,2.5238947966901902e-06,1.7142959112565776e-06,-0.0020168406079844226,400554433
normal,2000,424,3.0556171822144394e-06,2.4021448114269638e-06,0.0018864181201852116,400624757
normal,2000,425,2.2748275590500435e-06,2.3690000667161733e-06,0.000712651993321675,399361916
normal,2000,426,2.0997580048778102e-06,2.407676050828792e-06,0.0007709717180583636,399413559
normal,2000,427,1.774191379235219e-06,1.1636295155275378e-06,0.00031733540091457,401166354
normal,2000,428,3.016740245755622e-06,2.321465745315432e-06,-0.001742192751291158,399582409
normal,2000,429,1.7920965490204343e-06,1.2929218186055814e-06,-0.001916053643643351,398511201
normal,2000,430,2.1340776614598108e-06,1.9564522333166388e-06,-0.0009944877946387945,397938672
normal,2000,431,2.1222376640558153e-06,1.8488004779859264e-06,-0.0017147813393376629,399565214
normal,2000,432,3.4371361688729932e-06,2.1277340915156415e-06,-0.0006066105813917627,399031746
normal,2000,433,3.6638223302036965e-06,2.944239384219575e-06,-0.0017503178463659516,399313626
normal,2000,434,2.1679421639406574e-06,1.9843922628663352e-06,-0.0011211380554249542,395654209
normal,2000,435,1.9274712106197394e-06,2.377918802239759e-06,0.00016482151501719087,401220186
normal,2000,436,1.8918194799202038e-06,2.653778142367125e-06,0.00024486532468024215,399197708
normal,2000,437,1.933735212302386e-06,2.4646791737558944e-06,-0.0009945270384351416,399087820
normal,2000,438,4.099700738597482e-06,3.551231325558316e-06,-0.0009546217563013432,397277342
normal,2000,439,2.119413405472079e-06,2.805258720541082e-06,0.000847002637167179,400441323
normal,2000,440,2.925160581245998e-06,2.546544170234036e-06,0.00044172912268374643,400472097
normal,2000,441,3.592131660290264e-06,3.3955164639600594e-06,0.0008619547160845963,400871183
normal,2000,442,3.041065075112733e-06,3.0424108286560717e-06,-0.0002252065806196385,400140852
normal,2000,443,1.9287991664499564e-06,1.6445985033013447e-06,3.46561296770077e-05,399143250
normal,2000,444,3.693558104692333e-06,2.9865854712154435e-06,0.0007626981952057898,399973017
normal,2000,445,2.8922065623921355e-06,3.199777414224606e-06,0.0006735396985055758,398602841
normal,2000,446,3.336363263121418e-06,3.4337051238194937e-06,0.000996149498720613,401444343
normal,2000,447,1.1544298572538938e-06,1.0320877847956214e-06,-0.000157809196112408,399527688
normal,2000,448,2.393189342393733e-06,1.7868440845250997e-06,0.0011803556265630026,401406495
normal,2000,449,3.2408628384451762e-06,2.963670691278087e-06,-0.0009150212575824032,399780984
normal,2000,450,2.7953148876664507e-06,3.059064426406721e-06,-0.0006586051145171488,400316142
normal,2000,451,1.5388413631115513e-06,8.515763301465937e-07,-8.459705275882439e-05,400625454
normal,2000,452,2.9876186936983786e-06,2.119317074299525e-06,-0.0015260482519604413,398596763
normal,2000,453,3.126262713313937e-06,2.77823630904157e-06,-5.121376824495595e-05,398503759
normal,2000,454,3.125172631948748e-06,2.6636620770563683e-06,-0.0006519077951418053,399555533
normal,2000,455,3.494266697487414e-06,3.916358550669251e-06,0.0003404332719276856,398817947
normal,2000,456,2.718296533783462e-06,2.711099985868257e-06,0.0005866515805354921,400565111
normal,2000,457,1.710651558334971e-06,2.0309545280125864e-06,-0.0007043434597490358,398831097
normal,2000,458,1.7229340065961373e-06,1.4074882286478732e-06,0.0014946137602229006,401103487
normal,2000,459,4.177597187786731e-06,3.227570959424849e-06,-0.0007900763882101203,403186535
normal,2000,460,2.9825505643072958e-06,2.615099953050103e-06,0.0008610795972841423,399194297
normal,2000,461,3.3261489872039005e-06,4.5315460452544205e-06,-0.00019603663947358955,398940942
normal,2000,462,2.3067925434954053e-06,1.4423096467355634e-06,0.0003518162601466425,401319347
normal,2000,463,2.4212638132461032e-06,3.3559808473430566e-06,-0.0006468625602259896,401093045
normal,2000,464,2.2330128175178173e-06,2.990542777483302e-06,-6.608008558047617e-05,398940002
normal,2000,465,1.566165227841001e-06,1.9859069628867753e-06,-0.000769203162813436,400544484
normal,2000,466,3.416868025984337e-06,3.037571786805029e-06,0.0016001202903077217,397737920
normal,2000,467,2.7823716813766865e-06,3.3751940568458856e-06,-0.001207682670856288,399445606
normal,2000,468,2.50355093090617e-06,2.666844736054294e-06,0.0012561436994742092,400324231
normal,2000,469,3.0999761750696185e-06,2.352026428640329e-06,-0.0010741563323471359,400867850
normal,2000,470,3.892735078549818e-06,3.936205890030772e-06,-2.1225768167715612e-05,402378994
normal,2000,471,2.250780615221239e-06,1.2780241697154214e-06,-0.0005711728098557416,397635737
normal,2000,472,2.270239083923488e-06,1.7024462753532081e-06,5.50025934584273e-05,400631047
normal,2000,473,2.9073639866103316e-06,3.1523215082244603e-06,0.0019831957713099826,398877676
normal,2000,474,2.399671635414197e-06,2.235866876612194e-06,-0.0007904622126057813,399158655
normal,2000,475,2.6997180216928965e-06,2.159637993283871e-06,-9.83218218311417e-05,402510683
normal,2000,476,2.187138953674333e-06,2.363608221883042e-06,0.0009225147609835952,400463951
normal,2000,477,2.0162339925572964e-06,2.4253395271942046e-06,-0.00010243479167688316,398681621
normal,2000,478,2.0558179049034305e-06,2.1956058758498366e-06,-0.0007706240430184761,400257768
normal,2000,479,2.2625771453593945e-06,2.474675843740482e-06,0.0012597928187447025,398522822
normal,2000,480,1.964176811793056e-06,2.296600745267288e-06,0.0018124722767371875,399077732
normal,2000,481,2.892319629120006e-06,3.878404807453136e-06,-0.00012438412370640572,397179390
normal,2000,482,1.7552612020689367e-06,1.0026320992007966e-06,-0.0004029542293729512,400241405
normal,2000,483,1.9042611011042566e-06,1.999744679156352e-06,-0.0007590189666592202,399238312
normal,2000,484,1.7310300910515928e-06,1.2543541436951195e-06,5.304910968492513e-05,402555619
normal,2000,485,1.9841823681070133e-06,1.7551255797502034e-06,-0.0010472132211756717,399332126
normal,2000,486,1.228143467338221e-06,2.02438605311807e-06,-0.0009446383012516774,398144298
normal,2000,487,2.1763494547992436e-06,2.84776812790114e-06,0.0005004388722969543,399834955
normal,2000,488,1.506172400639366e-06,1.3168583689717029e-06,-0.001864602148232124,401327606
normal,2000,489,2.659745984264194e-06,3.662679269424296e-06,0.00040615455284052915,402783172
normal,2000,490,2.3141926572589585e-06,2.3340375202686595e-06,-0.0005557022077571665,397691540
normal,2000,491,2.2250512300846025e-06,2.057457844908309e-06,-0.0018564231631661432,399827286
normal,2000,492,2.88609318803165e-06,3.1757781209713736e-06,0.0006249179871457977,401085703
normal,2000,493,1.775163772450705e-06,1.921695328166324e-06,0.0007709851636572483,400269861
normal,2000,494,2.139531754640047e-06,1.0810454077016236e-06,-0.0010859920126889526,397559045
normal,2000,495,1.3884349270311478e-06,2.2721334120016482e-06,-0.0005663723346778414,401402084
normal,2000,496,1.2928634351269306e-06,2.925330592021632e-07,-0.0009854824751887319,399936661
normal,2000,497,1.0510849429905479e-06,2.1342120950850165e-06,-0.002037943110488067,399490330
normal,2000,498,1.7196292530594765e-06,2.007410121531007e-06,-0.00041858159896428416,401632475
normal,2000,499,2.5951511641342526e-06,1.9594514104708954e-06,-0.0007050908159081598,402609570
t5,250,0,1.9600586287081555e-05,1.9164128292019652e-05,-5.729122405450541e-05,6170637
t5,250,1,4.242239692834057e-05,4.1361736756560734e-05,0.002128245708913557,6180194
t5,250,2,1.014795487055718e-05,1.0490311514908352e-05,-0.0013056403997561538,6200301
t5,250,3,4.899450214484806e-05,5.029595905735941e-05,0.0030598379776942586,6235981
t5,250,4,4.878308650872195e-05,4.892450786495927e-05,0.014429994002932958,6235123
t5,250,5,5.3060369103325016e-05,5.5730861187729876e-05,0.003789351492738452,6234570
t5,250,6,2.040816547715223e-05,1.800400242111795e-05,-0.006116738840561502,6194389
t5,250,7,2.409144601929521e-05,2.630892867095852e-05,0.006349389403661001,6243511
t5,250,8,3.1967924975023876e-05,3.3594270571752954e-05,0.005563037204391608,6239185
t5,250,9,2.8849530615610472e-05,2.714599310465615e-05,0.005086309519012748,6242245
t5,250,10,4.951405910713085e-05,4.931291937468626e-05,0.012915059955820003,6212996
t5,250,11,3.3551227396858374e-05,3.443916216859268e-05,0.009621227390903975,6251433
t5,250,12,3.124612628021933e-05,3.3134675615498264e-05,0.006377367556544401,6209274
t5,250,13,0.0001611404293109122,0.00016091449665626555,0.02689757643741521,6244777
t5,250,14,5.98041885896122e-06,5.444456475346476e-06,-0.0035317678918417583,6166655
t5,250,15,2.6981714286484467e-05,2.6867645081317097e-05,0.005577850585104755,6190466
t5,250,16,2.8191253091467666e-05,2.7051158969209872e-05,0.010144563028539505,6197106
t5,250,17,2.3899958289940435e-05,2.639238244332927e-05,0.003505281813473188,6242257
t5,250,18,2.1162664248899403e-05,2.0819963522606687e-05,-0.0008059063868346264,6288679
t5,250,19,2.8228808209740264e-05,2.9901695839992127e-05,0.0034991467081618233,6233130
t5,250,20,8.624436079023664e-06,9.009578170407942e-06,-0.004368157004784918,6212339
t5,250,21,5.978957001013014e-05,5.893889354883965e-05,0.011787497247324428,6157973
t5,250,22,4.440749133908881e-05,4.426606998285147e-05,-0.0005201741532634905,6212284
t5,250,23,1.1563233087124193e-05,1.2517138288427624e-05,-0.0001891472862017731,6232584
t5,250,24,1.0943380220959803e-05,1.1387742440973946e-05,-0.00262490352746233,6204866
t5,250,25,1.3764848351990544e-05,1.4306541612316643e-05,-0.0006939361672533184,6267373
t5,250,26,0.00015021737444293297,0.00015424788309569633,0.03323620480064289,6243227
t5,250,27,2.9287438579627018e-05,2.8853511713126407e-05,0.0032615191494203832,6230245
t5,250,28,1.9180467360158643e-05,1.6914312144464076e-05,0.002976975798215056,6303876
t5,250,29,9.479996812287805e-06,9.479996812287864e-06,-0.007783970559617823,6215969
t5,250,30,1.7952723226884905e-05,1.71391123505713e-05,0.0008115674088944241,6223693
t5,250,31,1.7709578586535026e-05,1.72028457807489e-05,-0.003353363667251266,6213131
t5,250,32,3.1470804526997535e-05,3.1002111622547515e-05,0.007309106596906613,6296332
t5,250,33,6.890573304775385e-06,6.8905733047754945e-06,-0.007034781788869165,6243304
t5,250,34,3.0473608458494344e-05,3.128881728661969e-05,0.004359721127480485,6189537
t5,250,35,2.0465179729220535e-05,1.9559326661826878e-05,0.0029393314643953905,6297558
t5,250,36,9.045721690769251e-05,9.167623237764784e-05,0.006535634004126205,6197877
t5,250,37,3.1600724744461624e-05,3.1954278135054795e-05,0.0011798107244977937,6259230
t5,250,38,1.0109985368375012e-05,1.1051146237433316e-05,-0.0004404583174753029,6184944
t5,250,39,4.8037657484311916e-05,5.1148927321532766e-05,0.0030977729333488625,6266205
t5,250,40,4.1558220703052037e-05,4.3222162588477614e-05,0.007200623051248642,6218620
t5,250,41,6.063205594841203e-06,6.069775162897003e-06,-0.002910236511586577,6169466
t5,250,42,6.168827206630858e-05,6.320334914745529e-05,0.010444694122627652,6231398
t5,250,43,2.2945441897104213e-05,2.3556665703460936e-05,0.0012644834261103573,6314379
t5,250,44,3.673033638122284e-05,3.8073839265477223e-05,0.003586240767852933,6220287
t5,250,45,4.5264860226551726e-05,4.491566018326154e-05,0.0034250043444701843,6201680
t5,250,46,6.409029973113988e-05,6.464453051662527e-05,0.009213878772298421,6154776
t5,250,47,3.783494635880619e-05,3.5996468727721315e-05,0.009840197590383152,6260789
t5,250,48,2.7926291812771446e-05,3.0143121775633813e-05,0.0016348012361489868,6189362
t5,250,49,4.907068319005399e-05,4.98583161544324e-05,0.011508974983380835,6177371
t5,250,50,4.653271983079555e-05,5.155317797722009e-05,0.00822295599339447,6200565
t5,250,51,1.1781563803497852e-05,1.193299599990245e-05,-0.0077323411484460655,6196952
t5,250,52,1.8757524898736276e-05,1.99498105683858e-05,0.002234326344855458,6244771
t5,250,53,1.2619091747713894e-05,1.3818687737116758e-05,-0.0036548842557147564,6247975
t5,250,54,1.9490948405176467e-05,1.6698761695845132e-05,0.011831869593620021,6281502
t5,250,55,4.2358882967079663e-05,4.4215603867385786e-05,0.008278003607587483,6223330
t5,250,56,1.0465033773051474e-05,1.0574016705935725e-05,-0.004576077567096327,6226917
t5,250,57,6.651591885705641e-06,6.545312539648004e-06,-0.0014070421861556326,6219967
t5,250,58,4.6223980593769996e-05,4.843458886905965e-05,0.008588870287618528,6213824
t5,250,59,1.8178165311489542e-05,1.772091948040022e-05,-0.0029720030366069696,6181455
t5,250,60,5.168545163172736e-05,5.2675401125388594e-05,0.014654393862071704,6174567
t5,250,61,4.366889197117171e-05,4.4130764189082354e-05,0.0044003822141898885,6173118
t5,250,62,2.749091642812341e-05,2.7111107656437203e-05,0.0036379416618759785,6254341
t5,250,63,6.015480055184843e-05,6.0366932586204344e-05,0.017134716843104362,6224847
t5,250,64,4.7265480826498004e-05,4.316426149561609e-05,0.005515091542797268,6269033
t5,250,65,3.3422334028125465e-05,3.0806038937735194e-05,0.008072245987510924,6242145
t5,250,66,3.823273301182006e-05,3.7494991409257184e-05,0.007607494133354513,6199875
t5,250,67,3.5821325505670196e-05,3.4607550686653385e-05,0.010866318872703068,6214119
t5,250,68,1.3659611037309581e-05,1.5884115560678057e-05,0.0025956165262529607,6234701
t5,250,69,1.2634462377553566e-05,1.1797166472699311e-05,-0.002151322732779741,6257124
t5,250,70,6.973519963464888e-05,6.889007306182704e-05,0.009967078794805958,6147280
t5,250,71,2.6502737983985643e-05,2.4452128318544567e-05,0.014208193217643893,6215689
t5,250,72,2.3732754274774773e-05,2.502370220900039e-05,0.0030104856609263243,6193689
t5,250,73,6.667254105030283e-05,6.582655687695426e-05,0.030790810432150463,6209506
t5,250,74,1.5651696517277495e-05,1.437890431114169e-05,-0.0035965883928605696,6170002
t5,250,75,2.1741924739141622e-05,2.061055388924316e-05,0.012108911688789296,6248798
t5,250,76,3.271502243516483e-05,3.25295636886193e-05,0.00045268200626924217,6255983
t5,250,77,3.851442368086115e-05,3.7241631474725515e-05,0.0012486636300342413,6164788
t5,250,78,1.2719760964621168e-05,1.1625466362210315e-05,-0.00260809588056788,6213126
t5,250,79,1.9896661736925283e-05,1.945146653341818e-05,0.0010737846538775543,6208103
t5,250,80,2.930914052285441e-05,3.174855562267757e-05,0.0014218592361783236,6169385
t5,250,81,2.4419071449668215e-05,2.5696681177251194e-05,0.002773745205608382,6290662
t5,250,82,2.6301587550931517e-05,2.6416532824039284e-05,-0.0008570344561917613,6243866
t5,250,83,4.173903537778816e-05,4.125221473501285e-05,0.009736776415970413,6179324
t5,250,84,4.173340686051864e-05,4.042921502225022e-05,0.015353681376621565,6248262
t5,250,85,0.00011985962282299825,0.00011955807161436675,0.015778534457132835,6264145
t5,250,86,6.120460673686223e-05,6.27831589742322e-05,0.013907465073729404,6252853
t5,250,87,3.7814877307161767e-05,3.7582036803197324e-05,0.004495451554687661,6133480
t5,250,88,1.935713068768075e-05,2.0033595357470354e-05,0.0016972875841757898,6238627
t5,250,89,2.9009160588235322e-05,2.9024996005022282e-05,0.0066299288771910795,6249104
t5,250,90,6.169210924737619e-05,6.147622917628279e-05,0.02077145153333007,6248995
t5,250,91,5.5082236427717247e-05,5.574870434742623e-05,0.010822716075148597,6255691
t5,250,92,1.612464147789039e-05,1.7084283999582126e-05,0.0006617401538897338,6232681
t5,250,93,1.1758654046988144e-05,9.97615834703169e-06,0.0006853475276027574,6256916
t5,250,94,3.2487284027788386e-05,3.0535981322587e-05,0.004203567597490877,6296072
t5,250,95,4.9404326483591596e-05,4.7546511830115395e-05,0.008880810404353212,6198657
t5,250,96,3.274327376544137e-05,3.222297281797485e-05,0.006835637379779335,6206424
t5,250,97,0.00010850664094953144,0.00011137271553340613,0.0172146573209098,6199921
t5,250,98,4.109269998032671e-05,4.1758413586673334e-05,0.006542902585325041,6171792
t5,250,99,5.885360569814726e-05,5.9681962225148396e-05,0.01574708432303461,6215629
t5,250,100,1.1387621913583504e-05,1.4137339563797275e-05,0.0011109344662156239,6195639
t5,250,101,1.4680902564060448e-05,1.3558021616543263e-05,0.001519727780330412,6148807
t5,250,102,9.839325207564382e-05,9.803400279498431e-05,0.020575554801536687,6261667
t5,250,103,3.131970779793239e-05,3.3865292210203946e-05,0.00022212348298225853,6199553
t5,250,104,1.911862851343157e-05,1.9764473670746607e-05,-0.0017374746706096324,6272511
t5,250,105,2.9111091349888614e-05,2.9212657118016648e-05,0.005003703146636034,6199324
t5,250,106,3.968099890037042e-05,3.9323779429479274e-05,0.008283775781050846,6199883
t5,250,107,3.126811649743455e-05,2.8974855327690308e-05,-0.00039015769162219655,6175674
t5,250,108,1.315027033382426e-05,1.1637010223031308e-05,-0.0010582221803208094,6260978
t5,250,109,4.953289415310334e-05,4.8401523303204995e-05,0.012280285043235797,6169943
t5,250,110,3.3037057541470865e-05,3.1410711944741854e-05,0.008230247235822764,6203732
t5,250,111,6.0657451242961974e-05,6.0249782824927e-05,0.010408993450141249,6189961
t5,250,112,1.2364216170318806e-05,1.0854009018944535e-05,-0.0008862100547003587,6211483
t5,250,113,1.9261539274208443e-05,1.7408197766644542e-05,0.009443475443379881,6225521
t5,250,114,2.3957942814134135e-05,2.4304339432599503e-05,-0.0009615893572888645,6230560
t5,250,115,2.171473997079895e-05,2.0207242867279346e-05,0.0021861764526486006,6284458
t5,250,116,2.481254020706649e-05,2.466224490630889e-05,0.0036199460725751254,6221555
t5,250,117,8.858176158686803e-06,8.858176158686807e-06,-0.005316077925270477,6193297
t5,250,118,2.0936022409941674e-05,2.0646274095094978e-05,0.004228551474372462,6182932
t5,250,119,7.904638089103123e-05,7.544498412936762e-05,0.01510991472580133,6249091
t5,250,120,2.5796020893003746e-05,2.6522325255599185e-05,0.005419527924068524,6221645
t5,250,121,0.00014414613478689912,0.00014377270495795417,0.0320982310637409,6265130
t5,250,122,1.31451783882912e-05,1.2687635394914523e-05,-0.0062308097162936706,6177340
t5,250,123,2.522107407760315e-05,2.557462746819639e-05,-0.0013440080335128481,6166498
t5,250,124,4.495322400034666e-05,5.0892920962313565e-05,0.011633798944455478,6188768
t5,250,125,5.552533973181557e-05,5.6087140413989565e-05,0.010161244720691498,6201484
t5,250,126,2.5790569280650647e-05,2.6818769906382706e-05,0.0034983914639714645,6239067
t5,250,127,3.683993037293384e-05,3.857944107980922e-05,0.006531733523954411,6227905
t5,250,128,3.0890603861529544e-05,3.074918250529224e-05,0.0016516731925413748,6254215
t5,250,129,2.862147572198338e-05,2.890431843445795e-05,0.0022225027756156753,6263571
t5,250,130,2.0208292187499422e-05,1.8576700749456115e-05,0.0058935162105452025,6270068
t5,250,131,5.1997408918810946e-05,5.206811959692957e-05,0.0026381633553377616,6194405
t5,250,132,2.57791575108717e-05,2.4276496339207276e-05,0.0022504325172584827,6245903
t5,250,133,2.4819214757843965e-05,2.4483397046880843e-05,0.0009555306199833909,6221263
t5,250,134,2.8601851189197224e-05,2.9308957970383847e-05,-0.0030624243164253566,6255698
t5,250,135,1.4555507682638744e-05,1.4736262180745383e-05,-0.003386560428294415,6200928
t5,250,136,4.680213013799797e-05,4.5670759288099566e-05,0.0033792588359734753,6283375
t5,250,137,2.5639206581543917e-05,2.3991527784025246e-05,0.0012695780151556159,6260074
t5,250,138,3.694396357412379e-05,3.5448067196226526e-05,0.006748140657593771,6302250
t5,250,139,1.3995123649338331e-05,1.5693743578210324e-05,0.0058860767289209935,6123948
t5,250,140,1.904386692495646e-05,1.6819061000560373e-05,-0.0033595690536228455,6224690
t5,250,141,3.076589097573633e-05,2.8001143815472245e-05,0.015891987439724233,6249655
t5,250,142,2.616582171110107e-05,2.7078875055437098e-05,0.001921545678074775,6236012
t5,250,143,1.8121229272631596e-05,1.727870119301395e-05,-0.003934550046542864,6224389
t5,250,144,3.49866963002162e-05,3.664935737547143e-05,-0.0002049944347776536,6220169
t5,250,145,2.7805334211162874e-05,2.7183205660803075e-05,0.004895302407204878,6195990
t5,250,146,3.907963030258858e-05,4.0821570678590146e-05,0.005504300665599304,6157817
t5,250,147,1.0416092237737593e-05,1.148424516061093e-05,0.0001463357673625751,6229815
t5,250,148,0.00012334501007069397,0.00012581988380484696,0.025875498353128815,6204119
t5,250,149,2.226488452666849e-05,2.1840620457956532e-05,-0.0013191134618912776,6219241
t5,250,150,1.0652058297664585e-05,1.1349936297783441e-05,-0.004946316227168655,6199995
t5,250,151,7.714711803245787e-05,7.260869983393673e-05,0.020001853360681592,6229771
t5,250,152,3.7685693191433964e-05,3.5097265678019684e-05,0.0019482246395220353,6169349
t5,250,153,3.943091248584942e-05,3.730959214228974e-05,0.009587117953794334,6275689
t5,250,154,3.383370152220116e-05,3.4158341425198044e-05,0.0020284963067563992,6171562
t5,250,155,5.584957808035803e-05,5.772453076787996e-05,0.018988013828948165,6193392
t5,250,156,2.3319100322510778e-05,2.4130222689558455e-05,-0.0012119016517933073,6225749
t5,250,157,2.3519820379653902e-05,2.392133335168253e-05,0.012766674140135497,6256837
t5,250,158,2.4998615672637167e-05,2.3518831756048907e-05,0.002656032065763821,6161052
t5,250,159,2.2227245718284965e-05,2.2335001400317405e-05,-0.0016463558876333479,6294509
t5,250,160,3.633658575320127e-05,3.717188619620156e-05,0.004982742927767192,6210117
t5,250,161,2.4499840788780965e-05,2.5027136589449925e-05,-0.0019953481499517013,6322377
t5,250,162,4.8719503450911e-05,4.937664085218432e-05,0.012243415349957569,6169127
t5,250,163,2.123335555213744e-05,1.8939389574556726e-05,0.0008698568855522762,6295668
t5,250,164,1.1758789869379767e-05,1.1721123157959654e-05,-0.0062497023536414046,6259725
t5,250,165,1.1335425425763994e-05,1.1335425425763996e-05,-0.007317626454202475,6264985
t5,250,166,1.72135873897807e-05,1.743370044261183e-05,-0.00027252265495142223,6228626
t5,250,167,7.494445812930343e-05,7.386948976598055e-05,0.00856372350706938,6243008
t5,250,168,1.5203123513901804e-05,1.4308983055158414e-05,0.00681356307756023,6180408
t5,250,169,1.3909786510820034e-05,1.409750958989276e-05,-0.005172109777478208,6240744
t5,250,170,6.52490134395897e-05,7.049361473810016e-05,0.013126197072175478,6196476
t5,250,171,2.8184021114801232e-05,2.369486377751015e-05,0.009023718010017551,6223202
t5,250,172,2.0210051922738442e-05,1.8727781723649177e-05,0.006861962804821691,6234454
t5,250,173,2.109474718798919e-05,1.947349318265745e-05,0.0034158093898691033,6245457
t5,250,174,2.0542363728401528e-05,1.9524127313402586e-05,-0.005793267404966955,6255203
t5,250,175,2.4173711959251076e-05,2.4597976027962985e-05,-0.004917015447457474,6146832
t5,250,176,0.00015474037841989514,0.00015193932968069065,0.03337136900437938,6209955
t5,250,177,5.084211904093308e-05,5.2615482648083674e-05,0.009869795457116453,6204377
t5,250,178,1.033952246518696e-05,1.254950995710077e-05,0.0047155848880950976,6216655
t5,250,179,2.8859462768048148e-05,2.7657381240031043e-05,-0.0031175786693600593,6204915
t5,250,180,4.4434529142399136e-05,4.450523982051783e-05,0.003744251819289543,6212466
t5,250,181,3.613874364956362e-05,3.6916561108868824e-05,0.007106888261324911,6246648
t5,250,182,3.089401992648813e-05,2.9619479551223352e-05,9.41672242484566e-05,6206231
t5,250,183,2.2576983800026933e-05,2.2707766947322034e-05,0.00994454468371975,6177718
t5,250,184,6.758974294246054e-05,6.876369835795251e-05,0.013744319662993196,6191775
t5,250,185,6.627815763664177e-05,6.785584525761827e-05,0.012013814883465711,6242966
t5,250,186,2.4032882586268022e-05,2.0935783352937965e-05,0.010007366345148578,6220537
t5,250,187,5.5761935655369074e-06,5.576193565536904e-06,-0.0050423307624439225,6194256
t5,250,188,1.728167488341804e-05,1.733449547376395e-05,-0.007116787822571789,6208935
t5,250,189,8.603114956258582e-06,8.603114956258582e-06,-0.008129299711978576,6193788
t5,250,190,3.83302872942293e-05,3.697650977271686e-05,0.0006096082211649962,6195778
t5,250,191,8.858397236708255e-06,8.941633922669752e-06,-0.001975438606865409,6297660
t5,250,192,3.952150132694335e-05,3.882975492976087e-05,0.007399630627134243,6176287
t5,250,193,1.273459631570711e-05,1.2234394756584448e-05,7.082235663525993e-05,6247225
t5,250,194,7.1910049638980546e-06,7.191004963898002e-06,-0.004939857472979653,6295994
t5,250,195,1.7293092457141188e-05,1.873146855120368e-05,-0.00045656190198989604,6224833
t5,250,196,4.4441003460402256e-05,4.3436585358171964e-05,0.006642189828335959,6250740
t5,250,197,3.709345671584316e-05,3.5660640876402214e-05,0.005226843470409791,6234987
t5,250,198,4.1415295363929674e-05,4.141928648505623e-05,0.006533551187161686,6280761
t5,250,199,2.4313670330730318e-05,2.4808645077560847e-05,0.005751087852340429,6244757
t5,250,200,7.691533719796349e-05,7.776977980567576e-05,0.01315497693944613,6206574
t5,250,201,3.662385960013304e-05,3.740167705943824e-05,0.0032406633154860565,6241007
t5,250,202,1.8646291633526794e-05,1.8478961887316252e-05,0.0013948266776119883,6195728
t5,250,203,1.5959307303462758e-05,1.5959307303462788e-05,-0.004820913426560494,6195770
t5,250,204,1.153201528425825e-05,1.2391761720005368e-05,-4.22922868324848e-05,6242559
t5,250,205,4.284436457052902e-05,3.987513026411e-05,0.011199272763500951,6254585
t5,250,206,4.489902387405852e-05,4.594713452409579e-05,0.006066196485397039,6242961
t5,250,207,3.7104189760509575e-05,3.917253856236818e-05,0.0031513342714009985,6219518
t5,250,208,2.322962400597866e-05,2.2910519637436453e-05,0.007938937805947314,6209828
t5,250,209,2.1566921348148294e-05,2.3260964090498177e-05,0.0021247707782183502,6226566
t5,250,210,2.7150564873954895e-05,2.6988404369476874e-05,0.0024910538632315366,6183472
t5,250,211,1.5887052913748424e-05,1.56749208793925e-05,0.0006630142568820825,6190880
t5,250,212,2.0723486464501526e-05,2.103714463647414e-05,-0.0025888420529483107,6246261
t5,250,213,6.960120580715861e-05,6.944921219178994e-05,0.010876351604403051,6322966
t5,250,214,1.611926217319615e-05,1.4469461329651504e-05,0.0019498456668338405,6247975
t5,250,215,2.9911515338431564e-05,2.9445117454476e-05,0.004062132066555924,6273036
t5,250,216,3.520296967143732e-05,3.682931526816637e-05,0.003444537637714196,6209327
t5,250,217,5.171360172256538e-05,5.1715444744511186e-05,0.013693888205915073,6291700
t5,250,218,3.692319127960396e-05,3.781851536621955e-05,0.003724065662958945,6252586
t5,250,219,1.1230755288204808e-05,1.0911930628638672e-05,-0.004894075533559767,6322287
t5,250,220,2.7437003528611527e-05,2.6653975954482144e-05,0.003832523336105339,6189868
t5,250,221,3.610812907388786e-05,3.716462479938621e-05,0.006111083033517004,6251120
t5,250,222,6.0742772638359334e-05,6.463185993488518e-05,0.012102650818356825,6146212
t5,250,223,1.6051275768567527e-05,1.835390759306893e-05,0.0011805359378573535,6219631
t5,250,224,7.738757228243418e-05,7.929676059163799e-05,0.020137534668271867,6195408
t5,250,225,2.645458144612838e-05,2.5519032313060665e-05,0.004503324917191251,6244850
t5,250,226,6.025964287306224e-05,6.025964287306224e-05,0.0065725784927274725,6231271
t5,250,227,0.00032343742587305247,0.0003255587462166122,0.06595499772620501,6237833
t5,250,228,1.6188924422469977e-05,1.7108163238012442e-05,-0.0013668339727617913,6260678
t5,250,229,2.0183851074435908e-05,2.0452796298472226e-05,-0.001914769645475575,6243614
t5,250,230,5.037122730029635e-05,5.0126303058612535e-05,0.012958105593831709,6263415
t5,250,231,0.00014496680989273378,0.00014602079437587494,0.026437023001930297,6248678
t5,250,232,1.2662314210147428e-05,1.1743075394605009e-05,-0.003600696604735239,6291974
t5,250,233,2.5338283790906963e-05,2.512615175655098e-05,-0.0033567515448632034,6220829
t5,250,234,1.423427994162786e-05,1.119372078252571e-05,0.009677787251655592,6244743
t5,250,235,3.0126419804167048e-05,3.097494794159087e-05,-0.0020259957382771075,6278326
t5,250,236,2.9869052156060224e-05,2.8968680709394384e-05,0.0022222139380629813,6273366
t5,250,237,1.932154049538376e-05,1.9820416112001325e-05,0.0002861585516020025,6194301
t5,250,238,0.00015814351812228473,0.00016174259958702094,0.04135850204199889,6234535
t5,250,239,4.001965268028568e-05,4.1404248268779624e-05,0.007261621613238921,6187680
t5,250,240,3.7978104996149004e-05,3.994441009709542e-05,0.008341103639782377,6284836
t5,250,241,3.731509460477858e-05,3.632346651310943e-05,0.0007950090883317245,6248564
t5,250,242,2.117095440899744e-05,2.0025799697017555e-05,0.008500677003680747,6192534
t5,250,243,2.8582260796827752e-05,2.9784342324844864e-05,0.004856970491526414,6190633
t5,250,244,3.826890240127732e-05,3.517080955172685e-05,0.007424626201936022,6189185
t5,250,245,1.3259749989635904e-05,1.336448060626895e-05,-0.004332804175792011,6222233
t5,250,246,3.270371086450099e-05,3.571003312797763e-05,0.016341408178165352,6277484
t5,250,247,1.9866640530078582e-05,2.0361615276909185e-05,-0.003909538296560227,6186965
t5,250,248,3.0345539614217335e-05,3.1139931423157475e-05,0.004115225152028821,6245778
t5,250,249,2.3633839878719102e-05,2.4952435427010136e-05,0.007103631106287231,6228323
t5,250,250,4.140018625832929e-05,4.1470896936447926e-05,-0.0004129517375617214,6270555
t5,250,251,3.259325919819559e-05,3.3409702674355074e-05,0.004403213864928835,6172775
t5,250,252,1.0645942099999374e-05,1.4350655366591443e-05,0.0008856909536197985,6173492
t5,250,253,3.569773413312212e-05,3.748993958235089e-05,0.006032865418088938,6230236
t5,250,254,3.993836706146161e-05,4.1672675680792563e-05,0.009851612298795435,6219840
t5,250,255,5.534088902979027e-05,5.484591428295969e-05,0.004829167394927198,6216518
t5,250,256,2.7537460429959754e-05,2.807755815820434e-05,0.003354565237471937,6185445
t5,250,257,4.616630512214266e-05,4.778663888557123e-05,0.011889893947553735,6180194
t5,250,258,2.2126307879979948e-05,2.2089305429332848e-05,0.007268866451024493,6143181
t5,250,259,1.9664441021777058e-05,1.8122178552050664e-05,0.004887012550205148,6119597
t5,250,260,2.2314854427619416e-05,2.4278037885019236e-05,0.0013055374570068137,6205613
t5,250,261,1.925352973664961e-05,2.1866320275182176e-05,-0.0005640574494345296,6285328
t5,250,262,2.3850342187652674e-05,1.9008350028606135e-05,0.004178899959779198,6159914
t5,250,263,3.701239422003823e-05,3.955797863230989e-05,0.006988743938505559,6208426
t5,250,264,3.9183137961006626e-05,4.146153616249324e-05,0.012441618832525942,6265340
t5,250,265,4.53572237290294e-05,4.564328544442084e-05,0.011221080408607562,6254725
t5,250,266,1.9402687834097725e-05,1.890702122490053e-05,-0.006328913275079675,6166269
t5,250,267,7.663075423704826e-06,8.221446826472701e-06,-0.0018933009725895346,6213929
t5,250,268,8.75426506631406e-06,8.865649661090107e-06,-0.004588850720293553,6214214
t5,250,269,1.9249237211382757e-05,1.9473129081688594e-05,0.008816609062475327,6273413
t5,250,270,4.863002130142228e-05,4.820291032010682e-05,0.0069712654851914755,6167832
t5,250,271,8.046094030324621e-05,7.791535589097457e-05,0.01945244046937152,6187200
t5,250,272,9.100249626212978e-06,7.1248952943697776e-06,0.004082815591684351,6248655
t5,250,273,5.222713334813791e-05,5.232136425950663e-05,0.013569447865316825,6279180
t5,250,274,3.3381750695273885e-05,3.210895848913804e-05,-0.002435604340739222,6220571
t5,250,275,1.554492842265558e-05,1.5084085148850129e-05,-0.0028028385794858514,6265679
t5,250,276,2.7343222066646473e-05,2.6706825963578614e-05,0.0017710831464633062,6229772
t5,250,277,1.6812959217874368e-05,1.500421054993641e-05,-0.0015011054201069635,6136450
t5,250,278,1.2472161552529089e-05,1.1128658668274676e-05,-0.002615550158301685,6188884
t5,250,279,2.2839652940733293e-05,2.409168864067521e-05,0.0019290502246595098,6211781
t5,250,280,6.033510536190622e-05,5.8284495696465204e-05,0.005413414741953192,6229357
t5,250,281,6.844912505430713e-06,8.056183256296157e-06,-0.0013768116115642315,6252075
t5,250,282,5.139161104792975e-06,5.139161104792925e-06,-0.005652269856251305,6148690
t5,250,283,1.838294737302315e-05,1.8241526016785837e-05,-0.002040472489251345,6228085
t5,250,284,7.9225764953795e-05,8.099554353458495e-05,0.013662158622428032,6217042
t5,250,285,7.913710276325262e-05,7.956136683196463e-05,0.01832164061982682,6227405
t5,250,286,1.9121872165863126e-05,1.7294432738327127e-05,0.00382320311285231,6214221
t5,250,287,3.6257452605657755e-05,3.799769450880726e-05,0.00899428420754431,6258884
t5,250,288,6.357893000434791e-05,6.610610079125983e-05,0.025352173235393696,6204035
t5,250,289,1.3175862531398918e-05,1.3105151853280248e-05,-0.005013465009759426,6216979
t5,250,290,2.3554482756906308e-05,2.4067119821400582e-05,0.007004319475591425,6197637
t5,250,291,3.979253083901715e-05,3.7529789139220135e-05,0.0014767719367688448,6182312
t5,250,292,9.741557038284775e-06,9.741557038284784e-06,-0.007595916715460329,6171554
t5,250,293,2.358358087682275e-05,2.30886061299922e-05,-0.002028597307576049,6203996
t5,250,294,1.4858041588081793e-05,1.5086178889219941e-05,0.006097820025275468,6245292
t5,250,295,1.6890983806326182e-05,1.8355465800108994e-05,-0.001234728612741807,6160401
t5,250,296,2.0288011487733392e-05,1.583323876625821e-05,0.0057221295321383805,6203663
t5,250,297,2.680095009622241e-05,2.498469439079948e-05,0.010830020566567804,6235954
t5,250,298,2.6411803134669086e-05,2.7615568186028428e-05,0.0029474040221048247,6253195
t5,250,299,3.6694423243590455e-05,3.619944849675994e-05,0.009440618582095413,6192827
t5,250,300,2.6927429706511244e-05,2.6749855026182903e-05,-0.0001638307025551214,6284082
t5,250,301,2.6181829475787148e-05,2.304860605902139e-05,0.008237807104028029,6259398
t5,250,302,3.916862089431779e-05,3.612806173521558e-05,0.0003064628260429904,6148733
t5,250,303,5.197800604373795e-05,5.289251812100249e-05,0.029769069692862752,6200494
t5,250,304,3.584659439735971e-05,3.683654389102084e-05,0.00525373543298858,6241290
t5,250,305,1.6972202215835656e-05,1.6335806112767827e-05,0.0006124153042560638,6205629
t5,250,306,3.7431083079212524e-05,3.886564165800336e-05,0.005926614396878272,6182971
t5,250,307,2.50907547532284e-05,2.5525177232322162e-05,-0.000806671270159971,6213672
t5,250,308,2.6998906319253782e-05,2.7819730186939785e-05,0.004234026541155217,6263699
t5,250,309,2.422767838022569e-05,2.5076206517649544e-05,-0.0022574056545721175,6254659
t5,250,310,4.9724317737521285e-05,5.190501487730181e-05,0.02252488326364767,6212149
t5,250,311,3.1041987049924735e-05,3.0686370503863745e-05,0.0044480259619031,6216846
t5,250,312,9.745929933672842e-05,9.915635561157626e-05,0.012648495676106456,6244181
t5,250,313,5.2918870942853994e-05,5.529914290447587e-05,0.008199154925965705,6169940
t5,250,314,8.137202376491338e-05,8.30755786375609e-05,0.0187971854728096,6242598
t5,250,315,2.0752136408457603e-05,2.1583134738404776e-05,0.0020464108348680608,6278005
t5,250,316,7.856230344322342e-06,7.856230344322286e-06,-0.0071897748228500515,6243902
t5,250,317,2.3477355756441523e-05,2.179801364890808e-05,0.0009037088175375102,6218001
t5,250,318,8.75363205590468e-05,8.862402405153482e-05,0.02176909757924456,6206684
t5,250,319,3.908185174902898e-05,3.9333722501161476e-05,0.004794721435136424,6190131
t5,250,320,5.8846717144077546e-05,5.8210321041009695e-05,0.005432230157873058,6155304
t5,250,321,1.3596734801514562e-05,1.3496330583335658e-05,-0.0052509111357792945,6251160
t5,250,322,5.228180741147984e-05,5.136256859593728e-05,0.017890920832284,6290610
t5,250,323,6.061535370665462e-05,5.8804628447363215e-05,0.023050579085573036,6214235
t5,250,324,6.062200764763567e-05,6.202213750952996e-05,0.006304702565780673,6222728
t5,250,325,2.8665163659554615e-05,2.780118263418871e-05,0.0024994184183864203,6158759
t5,250,326,2.6643759774861632e-05,2.6187537333457163e-05,0.0010416860350467762,6283280
t5,250,327,2.3704759834248545e-05,2.2926942374943295e-05,-0.00026346135810440116,6272479
t5,250,328,3.3399104296009495e-05,3.2673492792268855e-05,0.004105850564466575,6250872
t5,250,329,6.067374173679155e-05,6.222937665540193e-05,0.0060139168421081204,6266988
t5,250,330,4.9789725203817774e-05,5.085038537559773e-05,0.00683526412008708,6226355
t5,250,331,3.821982591488103e-05,3.673490167438931e-05,0.014513002531466212,6169357
t5,250,332,5.756929842266195e-05,5.5329428489762686e-05,0.008274958870161529,6308726
t5,250,333,3.2901158491822174e-05,3.5358027088579036e-05,0.0047790346265146,6230438
t5,250,334,4.353138428308834e-05,4.4122109877271854e-05,0.00528834041696922,6204938
t5,250,335,3.5111058661800186e-05,3.3684270161668025e-05,0.004703390720682407,6257421
t5,250,336,5.372022398594351e-05,5.355053151357952e-05,0.010925828018884648,6273399
t5,250,337,2.6081141629143224e-05,2.579829891666857e-05,-0.004080412085402068,6274622
t5,250,338,1.6529334316079886e-05,1.3930784375710552e-05,0.0054659871405566204,6292166
t5,250,339,6.155282367065689e-05,6.332059062362311e-05,0.0072173566131419516,6211378
t5,250,340,5.037124161439505e-05,4.730650038913627e-05,0.009893191662034142,6290540
t5,250,341,2.8784073895249058e-05,2.6352800697792243e-05,0.006534053071310577,6239948
t5,250,342,4.175115250634776e-05,4.069049233456799e-05,0.0019113588135815979,6193151
t5,250,343,0.00011815502177351043,0.00011822573245162899,0.0165156997740471,6287600
t5,250,344,3.725835292229641e-05,3.9591805300211986e-05,0.0030056710865827042,6230273
t5,250,345,9.851472686531609e-06,1.06000147681153e-05,0.0039029989508265993,6198512
t5,250,346,5.9268140156877073e-05,6.038378265377016e-05,0.007973626411462018,6264128
t5,250,347,3.735795042862153e-05,3.537816052485243e-05,-0.0004385412492720331,6167050
t5,250,348,1.689275411029266e-05,1.9328035865568655e-05,0.004377472979509664,6280648
t5,250,349,7.542861908886916e-06,8.1572369066909e-06,-0.004367262235144154,6205416
t5,250,350,1.1640744042937224e-05,1.371641924270461e-05,-8.405284485981154e-06,6339196
t5,250,351,1.8871270022333597e-05,1.6664484433231578e-05,0.005546715159160673,6167039
t5,250,352,4.966928644012451e-05,4.931301621468589e-05,0.004901188429914677,6284667
t5,250,353,4.464438308234058e-05,4.392193680283898e-05,0.00082441139170885,6214174
t5,250,354,3.072835067525407e-05,3.09363832237985e-05,0.007066297663917012,6176612
t5,250,355,1.58265908250825e-05,1.5002248887242165e-05,-0.004265593851384624,6204952
t5,250,356,1.411350853336334e-05,9.624076097888802e-06,-0.0006325790746737573,6219743
t5,250,357,1.925493147857475e-05,1.8108098273989556e-05,7.061969639975442e-06,6210387
t5,250,358,5.930360530035537e-05,6.103011088555878e-05,0.009928509632634468,6232505
t5,250,359,7.831661576308111e-05,7.885870440487816e-05,0.011062438380034217,6200398
t5,250,360,1.4749853554349895e-05,1.2840665245146197e-05,-0.003666367364570931,6207325
t5,250,361,2.5395734904097934e-05,2.3573102815650134e-05,0.004514586434567202,6246199
t5,250,362,3.279027662089558e-05,3.3811728884556544e-05,0.006888100653698892,6228283
t5,250,363,1.7139138431097836e-05,1.778017013510119e-05,0.00044384064134751484,6238391
t5,250,364,1.7388059854443156e-05,1.75997732840276e-05,0.009757343406088512,6229626
t5,250,365,2.305663248749399e-05,2.298532498293391e-05,0.00512725145742233,6249397
t5,250,366,4.007215127246815e-05,3.8652915504472005e-05,0.004583689286939308,6207824
t5,250,367,2.5871809549908924e-05,2.7498155146638063e-05,-0.0014172524435234824,6221678
t5,250,368,3.428543629919239e-05,3.41440149429551e-05,0.005387881783346788,6212664
t5,250,369,7.846752952775149e-05,8.362940903041334e-05,0.013742379601633945,6194622
t5,250,370,4.38802109359342e-05,4.465802839523942e-05,0.015024378539618754,6275932
t5,250,371,4.0349528022116613e-05,3.897865541373351e-05,0.002669344224461247,6203099
t5,250,372,9.277161291528952e-06,7.683558058547006e-06,0.007091470670995093,6153344
t5,250,373,3.320142559381166e-05,3.402874496149284e-05,0.0024185025616813116,6161417
t5,250,374,3.0176338487151916e-05,2.7660627279617375e-05,0.001224915316373571,6138214
t5,250,375,6.376172623419355e-05,6.468096504973607e-05,0.010796006343284792,6188946
t5,250,376,1.6617680891197188e-05,1.4456825154629876e-05,0.003363563657329689,6237955
t5,250,377,4.119897908673358e-05,4.197679654603879e-05,0.012324242048368015,6316522
t5,250,378,1.3689552024490896e-05,1.39723947369656e-05,-0.004392628114806324,6248444
t5,250,379,9.337776906445127e-06,9.337776906445136e-06,-0.00870912300930482,6220988
t5,250,380,3.832117438181378e-05,3.791378825410095e-05,0.004873245086610896,6268534
t5,250,381,1.5308688287760706e-05,1.463603527313559e-05,-0.0005792669947325652,6277732
t5,250,382,3.468288133534939e-05,3.30565357386202e-05,0.0056961419633852995,6233907
t5,250,383,4.4021077580925805e-05,4.4588046375755376e-05,0.005951988041131347,6195581
t5,250,384,5.137414857390109e-05,5.052562043647733e-05,0.006083443338952159,6179668
t5,250,385,5.839713030945241e-05,5.7958799862899855e-05,0.00746313797028763,6170451
t5,250,386,3.416447584781267e-05,3.6364723311589625e-05,0.008661300160499086,6258739
t5,250,387,5.2602891727021185e-05,5.308571052754144e-05,0.012587736826040988,6232260
t5,250,388,2.0583049953715185e-05,1.770001452290421e-05,0.001511657494405031,6207505
t5,250,389,1.3124782997735334e-05,1.2806516246746734e-05,-0.0028769596190569404,6208309
t5,250,390,5.1332843471054445e-05,5.1757107539766344e-05,0.003151314526175167,6229569
t5,250,391,2.0579730367764258e-05,2.1981615604405913e-05,-0.002919733139603666,6196103
t5,250,392,2.460134225526216e-05,2.3402133764150483e-05,0.002978172421262835,6183316
t5,250,393,5.811986598181386e-05,5.691778445379671e-05,0.011195096361081349,6166805
t5,250,394,2.7540074090733413e-05,2.5641996391778734e-05,0.004195628231275217,6180557
t5,250,395,3.475109010058562e-05,3.663390097331575e-05,0.004841568444244474,6182276
t5,250,396,7.405936238720669e-05,7.116151831024306e-05,0.017714455933153163,6207588
t5,250,397,2.7164535177286418e-05,2.9439472712814e-05,0.009024037049574838,6241717
t5,250,398,2.768800463361465e-05,2.8182979380445174e-05,0.0014986908080076066,6215770
t5,250,399,2.3073895550637324e-05,2.478011934774111e-05,0.00023429660007539445,6249113
t5,250,400,1.1330956460803426e-05,8.96841417109808e-06,0.00265584597580472,6325836
t5,250,401,2.032054932576608e-05,2.0998675552757402e-05,-0.00018785645080626623,6190670
t5,250,402,3.437679536348734e-05,3.4942480788436555e-05,0.0023890564600449384,6238597
t5,250,403,2.266291190584962e-05,2.1780812181404638e-05,-0.007217160137492914,6213484
t5,250,404,3.895858788455313e-05,4.1362750940587384e-05,0.0015173805840932265,6330428
t5,250,405,3.807203822764127e-05,3.863925380196583e-05,0.013162289597150333,6204494
t5,250,406,1.780807900998726e-05,2.0070820709784244e-05,-0.0038552794536835574,6147577
t5,250,407,2.297550373800582e-05,2.087630733081315e-05,0.0015562623030345923,6158617
t5,250,408,2.5185666453653532e-05,2.5263322151002796e-05,0.0026830195609487306,6224477
t5,250,409,3.1249396974928446e-05,3.2085876357330645e-05,0.004627998594801718,6282707
t5,250,410,2.6094174802004985e-05,2.6926678289675795e-05,0.00032374833243332816,6213963
t5,250,411,1.405259663006086e-05,1.2910957203949584e-05,-0.0013837045561197637,6133877
t5,250,412,9.990466201599963e-05,0.00010119190815821668,0.01934879483511233,6247079
t5,250,413,4.8337588288513405e-05,4.8196166932276146e-05,0.017250076145995042,6184236
t5,250,414,8.083913069502669e-05,8.3243293751061e-05,0.016856391709333847,6258166
t5,250,415,1.892272505007023e-05,1.5247761647504978e-05,0.0023350871942813445,6217085
t5,250,416,5.6349902435877516e-05,5.608090980453607e-05,0.007840292607334261,6184991
t5,250,417,4.049202660692235e-05,4.513217424732161e-05,0.008493451540571342,6202519
t5,250,418,4.6788075957087964e-05,4.650686217108233e-05,0.003845550961615627,6251854
t5,250,419,1.8471740811659233e-05,1.767547939528734e-05,-0.0023331858847911876,6183781
t5,250,420,1.9292037113175456e-05,2.0703379677561182e-05,-0.000580394747900251,6249388
t5,250,421,4.3621989170975837e-05,4.5168951706587146e-05,0.007940799181240861,6189178
t5,250,422,3.0679528646883954e-05,3.0082223257345294e-05,0.0024913307686149676,6248187
t5,250,423,1.4789569542365193e-05,1.3829556161440636e-05,0.0030062007293414207,6168851
t5,250,424,6.201462028207506e-05,6.250832083742536e-05,0.014240267689113587,6189193
t5,250,425,4.0659066804721204e-05,4.1719726976501036e-05,0.007002422134910675,6194351
t5,250,426,7.880750557301811e-05,8.078740456034052e-05,0.024290389414712905,6215303
t5,250,427,4.846812757581789e-05,4.961678525713459e-05,0.005703805305486342,6247260
t5,250,428,1.1544674769460637e-05,1.07860432603507e-05,-0.0032448414287801043,6238749
t5,250,429,2.4929844352035123e-05,2.556624045510307e-05,0.0006130822296106237,6150700
t5,250,430,2.019834014010226e-05,1.978908300598454e-05,0.0026349715406819296,6226429
t5,250,431,6.561754098752441e-05,6.705372031853581e-05,0.012660145053457828,6240424
t5,250,432,2.965102924538944e-05,3.034942883967487e-05,0.003302406141735256,6235038
t5,250,433,3.013390493558707e-05,2.9318997892729223e-05,-0.0013592187065671149,6277680
t5,250,434,9.180044531191148e-06,9.041714254470105e-06,-0.003555243333893807,6219424
t5,250,435,2.4619322268096336e-05,2.5697898309121934e-05,0.002384846991184816,6207488
t5,250,436,1.777167406931793e-05,1.8293044161215025e-05,0.0037674276538895934,6174875
t5,250,437,5.112340639267954e-05,5.098198503644222e-05,0.002113762063210622,6227852
t5,250,438,3.063950781203084e-06,3.063950781203085e-06,-0.006398049819515048,6244540
t5,250,439,4.8013574878449216e-05,5.050969398131669e-05,-0.0006105167556077515,6244632
t5,250,440,4.469845398744905e-05,4.445714743431867e-05,0.005544050358952009,6170834
t5,250,441,2.2802738368407448e-05,2.2166342265339528e-05,-0.0010270309391073869,6248582
t5,250,442,1.5313809316820955e-05,1.5314475138972386e-05,0.0016567650170715054,6214350
t5,250,443,1.2868063404612852e-05,1.495453418885294e-05,-0.002289202131193157,6199306
t5,250,444,1.8305013804229015e-05,1.4724157136686467e-05,0.015967397152448437,6212629
t5,250,445,2.8017288011051538e-05,2.8803724499555223e-05,0.0038194081546093074,6219412
t5,250,446,5.016125906221192e-05,5.1858315337059616e-05,0.006295987823281328,6192485
t5,250,447,7.621821218987542e-05,7.742029371789258e-05,0.02074520756835688,6199342
t5,250,448,1.3385442252059335e-05,1.3526863608296733e-05,-0.003438770174137613,6292239
t5,250,449,2.7944134176297387e-05,2.548798411868139e-05,0.002582978612841283,6235089
t5,250,450,1.9170808148938016e-05,1.676141346382327e-05,-0.0021281001428166,6293068
t5,250,451,9.56046250751251e-06,9.560462507512517e-06,-0.00534107768187357,6241845
t5,250,452,2.28369096177527e-05,2.2161608962166802e-05,0.0031312066322657693,6258108
t5,250,453,2.2348921274862638e-05,2.4187398905947676e-05,0.005329603190693561,6210483
t5,250,454,4.2779363809452885e-05,4.1583550977068865e-05,0.007425274112599134,6344839
t5,250,455,4.950594928459675e-05,5.162726962815631e-05,0.009764687499277065,6230851
t5,250,456,2.355225704579458e-05,2.3693678402031913e-05,0.003451046496788681,6207126
t5,250,457,2.251703103063852e-05,2.117352814638413e-05,-0.0014098784355898136,6205810
t5,250,458,2.7117077535857625e-05,2.4464417535996593e-05,0.005086828273943747,6187550
t5,250,459,4.340835195234706e-05,4.225431626058207e-05,0.015219004748166115,6142004
t5,250,460,1.42646910406574e-05,1.496031122251957e-05,-0.0006539528322040937,6320282
t5,250,461,3.155495125258218e-05,3.18377939650568e-05,0.002050718584170733,6231478
t5,250,462,5.25656723437777e-05,5.214140827506571e-05,0.005241222637793462,6264691
t5,250,463,2.0425009731505768e-05,1.997657317748096e-05,0.013094644548087954,6202231
t5,250,464,3.627715967456375e-05,3.316588983734309e-05,0.011220637143093399,6231909
t5,250,465,1.863453863265598e-05,1.856382795453743e-05,0.013501684258269333,6236399
t5,250,466,4.9296818533811054e-05,4.960832914750303e-05,0.005935052290365824,6267839
t5,250,467,2.0949600364974456e-05,2.1569985393039606e-05,-0.0016384670131790041,6252572
t5,250,468,1.921261876692439e-05,1.977830419187366e-05,-0.0014254510466799944,6208243
t5,250,469,5.789851240330589e-05,5.579031265080577e-05,0.014295012425456175,6279548
t5,250,470,1.7428901942622826e-05,1.4466267260168544e-05,0.0003440257911598764,6243606
t5,250,471,2.5444958874295854e-05,2.7212725827262236e-05,0.0035512480472530616,6258721
t5,250,472,8.486765772262781e-05,8.557476450381425e-05,0.014994703845949156,6223465
t5,250,473,1.6682508398996334e-05,1.2251858513329709e-05,0.00020493552135156086,6110668
t5,250,474,7.973915571522188e-05,7.816410451696124e-05,0.013820978577739071,6209091
t5,250,475,1.3570459626437844e-05,1.3851499498775031e-05,-0.0009126286975104955,6263153
t5,250,476,1.3078918274588144e-05,1.3910676833364815e-05,-0.0007309258181339004,6211574
t5,250,477,1.0608920423138433e-05,1.2005526368155193e-05,0.005291224579881747,6234032
t5,250,478,3.7890918232944844e-05,3.909299976096207e-05,0.01781736600572599,6189843
t5,250,479,2.3038313236521985e-05,2.530602819670752e-05,0.001240080846645592,6217144
t5,250,480,1.747695688262527e-05,1.6927807055013865e-05,-0.005598588345569914,6258764
t5,250,481,0.0001363096858936945,0.0001322658502527358,0.025725454819328007,6243934
t5,250,482,5.719477209652962e-05,5.6110965941955325e-05,0.01673554252418636,6228587
t5,250,483,2.0610052081952873e-05,2.059991054092368e-05,-0.002172886749005478,6243566
t5,250,484,4.7646330149713446e-05,4.7151355402882853e-05,0.006550130015447559,6133155
t5,250,485,4.999590426524955e-05,4.9158772377677386e-05,0.011581579744918979,6231157
t5,250,486,3.6608865955771234e-05,3.565715309632846e-05,0.004546241036847567,6235714
t5,250,487,6.635062438715477e-05,6.620920303091762e-05,0.01737261931469947,6208923
t5,250,488,3.011852433042239e-05,2.9788586219156263e-05,0.0016902495156238982,6282489
t5,250,489,4.941559031672915e-05,5.0860872856323106e-05,0.010186725254576227,6163008
t5,250,490,5.414235710271733e-06,5.414235710271788e-06,-0.005033028554901123,6222766
t5,250,491,0.00013393543072429598,0.00013380465180983403,0.021554493183344348,6206671
t5,250,492,2.2328976434119293e-05,2.1763291009170003e-05,-0.00023060999901039302,6182186
t5,250,493,3.431702103261886e-05,3.3963467642025594e-05,4.325960856656992e-05,6167937
t5,250,494,7.674043701092293e-05,7.92153107450759e-05,0.02218712827625184,6241331
t5,250,495,2.3162503002365067e-05,2.2665220674654247e-05,4.636900744564569e-05,6167924
t5,250,496,1.0939871049001634e-05,1.0676255254420024e-05,-0.0038608795751366486,6223780
t5,250,497,5.0034775040144336e-05,5.219509746780076e-05,0.006925126755508577,6197676
t5,250,498,2.1318778292259153e-05,2.1601621004733746e-05,-0.004034112897397959,6226208
t5,250,499,2.629053004434995e-05,2.3719809739425804e-05,-0.00042093036906841545,6218052
t5,500,0,9.638423632744215e-06,9.484958534895716e-06,-0.002561841443499066,25080744
t5,500,1,1.3254952801144393e-05,1.3957989596898842e-05,-0.0009887283394708086,25005124
t5,500,2,4.725080264398353e-06,3.928074784075713e-06,-0.0017184439367707728,24814252
t5,500,3,3.777937382327644e-05,3.8095472209074414e-05,0.008566476415404579,24992812
t5,500,4,2.444597204784219e-05,2.545857874912171e-05,0.008205810177953436,24936128
t5,500,5,1.8218282666484228e-05,1.9419715169320667e-05,-0.003277891631002355,25010728
t5,500,6,1.834403939399912e-05,1.8584353063203036e-05,-0.0018246653793786332,24767776
t5,500,7,1.9684906919468103e-05,1.9310138820390075e-05,0.001330265220200702,25026756
t5,500,8,1.913366907514947e-05,1.9566017697578736e-05,1.3792313306518998e-05,25122072
t5,500,9,1.625935918847322e-05,1.4819214420869084e-05,0.0019697180153548143,25159164
t5,500,10,1.6723431398420908e-05,1.5615447322693944e-05,0.0009001342333754954,25028608
t5,500,11,2.1390929678920446e-05,2.258189188361818e-05,0.004652832955262364,24994528
t5,500,12,2.567876626300733e-05,2.42716798558983e-05,0.002135966619525224,24923672
t5,500,13,1.4470161307548613e-05,1.5429798117208188e-05,-0.0019394792270076712,24999924
t5,500,14,6.272442511567373e-06,5.866197388280113e-06,-0.004905897600833771,24850416
t5,500,15,1.1792658662626099e-05,1.1509847017981555e-05,-0.000571496301801852,25105172
t5,500,16,2.1272197527605447e-05,2.1141388806169612e-05,0.001987818864446123,25078376
t5,500,17,1.6515120821199322e-05,1.5520044895809547e-05,-0.002146288506621275,24853320
t5,500,18,1.384759754603494e-05,1.529716644746741e-05,0.0035269595171091707,24961892
t5,500,19,1.5842362666141664e-05,1.6135746545066506e-05,-0.0004007703246762147,25093180
t5,500,20,1.631072353963259e-05,1.4677622910927672e-05,-0.0020745351355427677,24994044
t5,500,21,1.808720842050737e-05,1.6627985740375558e-05,-0.001445167044552117,24684968
t5,500,22,1.6052004933143952e-05,1.5940255047016563e-05,-0.0013640649738579725,25041884
t5,500,23,9.743547007688394e-06,1.0496200159347949e-05,-0.0025135109655901474,25093604
t5,500,24,2.9242356429438365e-05,3.011120285078007e-05,0.001938362710486487,25050564
t5,500,25,1.1592435875691768e-05,9.682150683605323e-06,-0.001399688171557072,24811392
t5,500,26,2.792860155082546e-05,2.6584439786163048e-05,0.008607043929708475,25126316
t5,500,27,1.3752367872382413e-05,1.7289456562738137e-05,0.0004921216065024537,24942304
t5,500,28,1.1082299794441144e-05,1.0862525425672853e-05,0.0009429312860691968,24938056
t5,500,29,1.1918108681517221e-05,1.2540223030577464e-05,-0.0033733115285732762,25109760
t5,500,30,9.87273523168174e-06,9.3527479206764e-06,-0.0025969030046421,25193680
t5,500,31,2.0920282959727985e-05,2.182340164083369e-05,0.0007114197873978947,24991108
t5,500,32,1.2044884813832671e-05,1.401662405590853e-05,0.0021569045351444082,24868284
t5,500,33,3.458438995293335e-05,3.218022689689918e-05,-0.0012543882445797138,24787884
t5,500,34,2.059284345674084e-05,2.069756598817767e-05,0.0029036170265730452,24963756
t5,500,35,2.744010150572509e-05,2.8250867611449856e-05,0.0033440555584909716,24797608
t5,500,36,1.2506367628766202e-05,1.3150604614536823e-05,-0.0024102960242607767,24810304
t5,500,37,1.3699835440628638e-05,1.3452348067213309e-05,-0.003290866584246603,24927964
t5,500,38,1.1326407733082406e-05,9.912596344845286e-06,-0.0005552096404078397,24674556
t5,500,39,4.019351901317607e-05,4.243596102692042e-05,0.00604755034769336,24898512
t5,500,40,2.3859330628936935e-05,2.522986523967963e-05,0.0005533533253589376,25034628
t5,500,41,5.770325820205406e-06,5.340676268194558e-06,-0.0028925007812006533,24954664
t5,500,42,1.809279959231145e-05,1.843513594931662e-05,-0.001520090021811501,24901488
t5,500,43,9.706864472499091e-06,1.0325732489396473e-05,-0.0013811546668236051,25046964
t5,500,44,1.0919942346589687e-05,9.562641777323866e-06,-0.002579199069207464,24900092
t5,500,45,4.263723251710011e-05,4.331156994002645e-05,0.016213292573966115,24997052
t5,500,46,3.7996404767467163e-05,3.947814716366344e-05,0.008895917990762116,24998160
t5,500,47,1.4669312162167232e-05,1.3606278298737355e-05,0.001038035564116387,24801092
t5,500,48,2.567418558625938e-05,2.6435472810586673e-05,0.0035630282922468667,25043808
t5,500,49,1.9076235900445467e-05,1.77746478436853e-05,0.0002927228287656468,24907396
t5,500,50,2.1761784877357813e-05,2.252196671627344e-05,0.003406705939799035,24949228
t5,500,51,8.454967091447843e-06,8.376684803508913e-06,-0.006450883744453093,24858496
t5,500,52,1.147500732863199e-05,1.1953702440340663e-05,0.0033537745961232856,24989652
t5,500,53,8.856913057202934e-06,9.031234265928629e-06,-0.005990196047660424,25034884
t5,500,54,2.0875634260339385e-05,1.9418009376499658e-05,0.00548569160901105,25110880
t5,500,55,2.763001332278231e-05,2.8899760437735874e-05,0.007243338916080708,25011832
t5,500,56,2.1209528171381874e-05,2.0675558035614297e-05,0.003034191307416315,24925104
t5,500,57,5.809741428676868e-06,6.310910342939005e-06,-0.0021096341631735896,24902436
t5,500,58,1.0395962613073409e-05,8.14382903104075e-06,-1.6725619536882235e-05,25001484
t5,500,59,1.2397220648302233e-05,1.1862556106296021e-05,-0.004148159615285576,24981580
t5,500,60,2.1304614504123752e-05,2.1339969843183082e-05,0.00042701269957550435,25002348
t5,500,61,1.1686382464112279e-05,1.1943898677313903e-05,-0.0050718848570737015,24816148
t5,500,62,1.9877300109540998e-05,2.177932166208917e-05,0.0020830936818086636,25076788
t5,500,63,3.8048773287794955e-05,3.7250240781960245e-05,0.008834352252069423,24776100
t5,500,64,2.271514168890696e-05,2.3174761096678162e-05,0.0038689869619457683,25021072
t5,500,65,2.206760173442665e-05,2.263328715937586e-05,0.0027833616058589427,24842012
t5,500,66,1.492723494228481e-05,1.351357067136711e-05,-0.0027855363413007016,25004432
t5,500,67,2.8503622616381464e-05,2.6353333691343095e-05,0.006257995387079467,24912244
t5,500,68,1.4379324112611374e-05,1.3800746981708752e-05,0.002290940675939951,25162440
t5,500,69,1.7816872925486866e-05,1.790930109354504e-05,-6.55457513902984e-05,25092484
t5,500,70,1.5380426425577048e-05,1.48589712700622e-05,-0.003937131846078187,24882300
t5,500,71,2.943118467971215e-05,3.0279712817136032e-05,0.0024599009237663287,24718112
t5,500,72,1.416407034925479e-05,1.3297104804963441e-05,-0.0022542159466503314,24684764
t5,500,73,4.586053612219327e-05,4.580503747130473e-05,0.017181189540588,24893632
t5,500,74,9.39518506420049e-06,9.651459248023156e-06,-0.0016511076350398867,24921848
t5,500,75,2.8293465776173895e-05,2.678504088485648e-05,0.005034246206837239,24791968
t5,500,76,2.398406525390247e-05,2.278066547263824e-05,-0.0015176199624918787,24670284
t5,500,77,2.9489306040120185e-05,2.993464436306063e-05,0.00955230828461891,25135120
t5,500,78,1.2779481042530226e-05,1.3447026908515416e-05,-0.0003490567189233946,24828592
t5,500,79,1.2445969925682094e-05,1.1219652604156477e-05,-0.000831421651843389,24805652
t5,500,80,1.6894803467523164e-05,1.643528735502228e-05,0.0022940587232128775,25024404
t5,500,81,1.5493769916204032e-05,1.5072425787759623e-05,-0.002775479796034439,25124728
t5,500,82,1.0315295832311834e-05,1.0140336287453342e-05,-0.004106385915202976,24837584
t5,500,83,1.287435163530009e-05,1.215857328549742e-05,0.001839002331527514,25147092
t5,500,84,2.172350286794516e-05,1.8961110326278248e-05,0.00442539351812712,24859120
t5,500,85,2.1332667347328343e-05,2.2500723505048727e-05,-0.0016779352985671187,25082228
t5,500,86,1.3590564066881564e-05,1.4745195757881495e-05,0.0003511915998292524,25090280
t5,500,87,1.9287057471705187e-05,1.781257989807226e-05,0.0017997551828739867,24731248
t5,500,88,1.4981278625983902e-05,1.4270785872066496e-05,-0.002217517047311218,24992412
t5,500,89,1.7194411506309888e-05,1.5878521917279847e-05,0.0006506025194909866,24998056
t5,500,90,3.8663686670868237e-05,4.089744732043987e-05,0.007234614744365042,24922556
t5,500,91,2.401854166236946e-05,2.3096848329799275e-05,0.0024234840357696182,24933912
t5,500,92,1.0695376182322894e-05,1.1155491632482892e-05,-0.0028318399868296775,25031124
t5,500,93,1.145476347762157e-05,1.0778609390403933e-05,0.001685299844994043,24795364
t5,500,94,1.5982812098004096e-05,1.7812406170365528e-05,0.0012105283428547596,25020512
t5,500,95,2.5238337429474432e-05,2.4751773406450002e-05,0.010737467669504864,24998484
t5,500,96,2.0711951378010323e-05,1.8283481487129153e-05,0.0011121191105453057,24700212
t5,500,97,1.409450675180119e-05,1.427767372709316e-05,0.0009485655959774584,25046624
t5,500,98,3.154738908852477e-05,3.149111054590708e-05,0.005269697883740114,25161156
t5,500,99,2.455851404082787e-05,2.3831548075576876e-05,0.006173816935317736,25000136
t5,500,100,1.163697740695007e-05,1.308961436970946e-05,-0.00046573297055002,24993664
t5,500,101,1.6158939930296884e-05,1.6589459383472668e-05,0.0023037103266446203,24669224
t5,500,102,1.2577819555268343e-05,1.4117011614034376e-05,-0.0008079756920260598,24822612
t5,500,103,1.5218280341809292e-05,1.454652889968204e-05,-0.006736832427478074,24866792
t5,500,104,2.1018957897494324e-05,1.968743043035925e-05,-0.00011320782093142871,24991128
t5,500,105,6.340948428173197e-06,6.363711958963195e-06,2.77299356741254e-05,25113748
t5,500,106,1.760916483140492e-05,1.5973132077246622e-05,0.0014713680512030765,24989956
t5,500,107,1.3972348929392996e-05,1.1621508125662287e-05,0.001980786508152713,25044040
t5,500,108,9.001721008267278e-06,9.380876199994878e-06,-0.002919721380922582,25111168
t5,500,109,2.7828390779559392e-05,2.8181944170152618e-05,0.006467991952689478,25080404
t5,500,110,2.0886004623857757e-05,2.313147749179456e-05,0.004933227936467864,25118300
t5,500,111,3.40164258771979e-05,3.549615982232403e-05,0.0076169999881743064,25316688
t5,500,112,7.4513525517628945e-06,8.40324199404033e-06,-0.003172296891084778,25033812
t5,500,113,2.0639633178346218e-05,2.2805526773557496e-05,0.0028076717910818063,24814304
t5,500,114,8.924274145024676e-06,7.652666495122854e-06,0.005516279942942042,25150484
t5,500,115,2.702748281514739e-05,2.7513887016373484e-05,0.003963869427808721,24878192
t5,500,116,1.752900047503369e-05,1.8349592020088243e-05,-0.0021665771951877135,24999612
t5,500,117,9.634952857611402e-06,8.946537322136462e-06,-0.00040214836543613145,25120716
t5,500,118,1.3150998194703485e-05,1.256814021520333e-05,0.0016412912273965597,24922280
t5,500,119,2.5983323953536118e-05,2.3355278855262773e-05,0.0027334201206078448,25211152
t5,500,120,2.3849810812230275e-05,2.541577713591807e-05,0.006740817774179306,25021900
t5,500,121,3.5862870109010446e-05,3.416966660023333e-05,0.004016805829036209,25098520
t5,500,122,1.4258243580063308e-05,1.2325390775880054e-05,0.0005992628249425396,24879348
t5,500,123,5.321416077968155e-05,5.4239465612401953e-05,0.004063619539847823,25126928
t5,500,124,1.8347771552909082e-05,1.8652696378240426e-05,0.007636989672524471,25092872
t5,500,125,2.3131896654384208e-05,2.271556764032386e-05,0.0024114391159888596,24847832
t5,500,126,1.5706253638687742e-05,1.1213179651148202e-05,0.0058911906983826435,25108792
t5,500,127,9.120525885286112e-06,8.823667848696203e-06,-0.0021439629123257507,24896920
t5,500,128,1.1500564307921177e-05,1.019866322567971e-05,-0.004749858896885431,25055348
t5,500,129,2.8672614861716892e-05,2.792308068251737e-05,0.0012697682830119944,24939508
t5,500,130,1.7451471033831747e-05,1.5918846178397902e-05,-0.0009471131328677018,24986880
t5,500,131,3.596839453582484e-05,3.543445756194334e-05,0.00456308973075276,24882792
t5,500,132,1.1239145694303585e-05,1.2178794574542058e-05,0.0009721770664996976,24889740
t5,500,133,1.0899788441379493e-05,9.182060509243377e-06,-0.001286452793317523,24757020
t5,500,134,1.280719830974881e-05,1.3145426777689247e-05,-0.0004894005049185216,24878328
t5,500,135,2.466005374566601e-05,2.520442348093883e-05,0.0013863261274500427,25130012
t5,500,136,5.5598749731003155e-06,5.3123875996850495e-06,-0.006231781148211508,25047776
t5,500,137,1.741389161108682e-05,1.7300532604169617e-05,-0.001516292702000907,24925700
t5,500,138,2.3223708787872075e-05,2.208929012202764e-05,-0.0015725639537311807,24960872
t5,500,139,1.54262842477591e-05,1.5147572032763635e-05,0.006563884240978694,24858180
t5,500,140,9.88468767288682e-06,9.714873513837444e-06,-0.004637743821733368,25023064
t5,500,141,2.7235379395144308e-05,2.7453437614489594e-05,0.006420107279688134,24985060
t5,500,142,2.116492179531161e-05,2.0962067967765547e-05,0.0005823679285559588,25061148
t5,500,143,7.5904276730754165e-06,6.281737377792913e-06,-0.0007064994293913973,25149308
t5,500,144,1.1055483403772826e-05,1.1156160674051854e-05,-0.005313944065853393,24993332
t5,500,145,9.911694932206732e-06,1.0421133700495239e-05,-0.0022968374402514784,24921356
t5,500,146,1.0594302445231505e-05,8.955983242901282e-06,-0.0022899614356189906,25040284
t5,500,147,2.2336128632938984e-05,2.2345173958318308e-05,0.0009369284735214537,25119704
t5,500,148,3.605655740835425e-05,3.479373125499862e-05,0.0038045530854808546,24833940
t5,500,149,1.096211009521546e-05,1.0537846026503497e-05,-0.003737051560360458,25115752
t5,500,150,1.191248781677675e-05,1.218178387769579e-05,-0.007229491269443872,24814908
t5,500,151,4.4986457611179716e-05,4.3435088211944524e-05,0.00925415861673144,25018508
t5,500,152,1.955006777589855e-05,2.0235161977712637e-05,-0.000269451370716651,24823356
t5,500,153,1.3372876974742864e-05,1.4720092637548784e-05,0.001133965289626523,25061148
t5,500,154,1.072648492565327e-05,1.0482968807117504e-05,-0.003630388711974303,24967220
t5,500,155,2.9873567807572645e-05,3.077422154313122e-05,0.012528854787840025,24949856
t5,500,156,1.9212050643067903e-05,1.7987283860075056e-05,-0.0021796071706268977,24965820
t5,500,157,1.6905672762246165e-05,1.9665398761430887e-05,0.005661788336057318,24902700
t5,500,158,1.1139881035507624e-05,1.0839199041971082e-05,-0.0006691458791294091,24900864
t5,500,159,2.642239764488075e-05,2.541081179971972e-05,0.0033595844699460535,25080440
t5,500,160,1.8720998171243005e-05,1.6897830441035204e-05,0.0019128285211719035,24973472
t5,500,161,1.4427872113535805e-05,1.5643023465735217e-05,0.00371281522393831,25073736
t5,500,162,2.331873539616674e-05,2.5222755228871347e-05,0.004698846907502297,24890956
t5,500,163,1.2094334483093327e-05,1.4361979123943231e-05,0.0017105480010979873,24838420
t5,500,164,1.0267333173563762e-05,9.127570302085575e-06,-0.0038588161026686402,24773488
t5,500,165,3.3953535007886995e-06,3.395353500788696e-06,-0.006560412787199273,24906540
t5,500,166,6.685864231578563e-06,6.037712869598301e-06,0.00016871575790358286,24980732
t5,500,167,1.3785742397036905e-05,1.1361052509875398e-05,0.0004522137158292,24920600
t5,500,168,1.890614515928213e-05,1.8923400662840672e-05,0.0016890742444580695,24825712
t5,500,169,2.249114816900217e-05,2.345082439479571e-05,-0.0010550018800710582,25125276
t5,500,170,3.852831349150639e-05,3.8070572447085305e-05,0.012017045413240845,25057028
t5,500,171,1.2781873995140412e-05,1.1837872964604365e-05,0.0021052710163418312,25122556
t5,500,172,1.4268759952165232e-05,1.223747672556418e-05,0.0033222220411304993,24983248
t5,500,173,1.80579003842461e-05,1.6795856359649064e-05,0.0015463457041126707,25034084
t5,500,174,1.3809394234811435e-05,1.4932642805969842e-05,-0.0026294395859881147,25092500
t5,500,175,1.2641544703049643e-05,1.3167813675522602e-05,-0.005429613778577459,24998164
t5,500,176,5.470905558500579e-05,5.448069339465971e-05,0.015561965240789176,24780864
t5,500,177,4.138809598364285e-05,4.298356510120698e-05,0.011570379193503167,24986108
t5,500,178,4.534398296853992e-05,4.640104687616315e-05,0.007468258307819066,24911532
t5,500,179,1.5357266768639143e-05,1.4361537473613286e-05,-0.004552818230822703,24770840
t5,500,180,2.1398379424518938e-05,2.0795100610521267e-05,0.0018746904382446767,24986768
t5,500,181,1.6015972726087404e-05,1.5404570704630543e-05,0.003086355334423726,24909028
t5,500,182,1.8439788923969295e-05,2.057495787510573e-05,-0.0007716335259703709,24893392
t5,500,183,2.851341621227176e-05,2.798455838400783e-05,0.005451211222985739,24680612
t5,500,184,1.800850291977736e-05,1.8286657946831072e-05,-0.002844990950007493,25059096
t5,500,185,1.6266183260072786e-05,1.5130449275966913e-05,0.00013324168009719417,25142388
t5,500,186,6.708964171218484e-06,5.500708673860482e-06,0.009674605560056544,24932148
t5,500,187,3.1495140396294224e-06,3.3745550221021945e-06,-0.005188201171624849,24924764
t5,500,188,2.0815719383395708e-05,2.1407390267031965e-05,-0.005066431197034737,24847444
t5,500,189,6.4458546861266955e-06,5.960560644153658e-06,-0.00562350610288176,25060128
t5,500,190,3.0137073134703124e-05,3.021430504815169e-05,0.005221692888984757,24766088
t5,500,191,1.033230048756003e-05,1.1605822940191218e-05,-0.00044818007217216794,25019240
t5,500,192,2.8143729718813547e-05,2.8093003820423196e-05,0.00442425098017139,24955628
t5,500,193,1.2268390955390843e-05,1.0264466006530107e-05,0.0008285501268209275,25038196
t5,500,194,9.070304953964853e-06,8.829317813364216e-06,-0.0020992208398110546,24770292
t5,500,195,1.7179939913495806e-05,1.8413113064599426e-05,0.0006975628393364339,25136580
t5,500,196,1.758233290361001e-05,1.7863215108987173e-05,0.0009131464180115367,25033292
t5,500,197,3.0493706014687205e-05,3.095393909844926e-05,0.005764054148643909,24948780
t5,500,198,2.0913083000384402e-05,2.1340830418676273e-05,0.005406517398838857,24951488
t5,500,199,2.7320877948448275e-05,2.6295573115727735e-05,0.0003079561945753466,24911260
t5,500,200,3.056387680309819e-05,2.9318408621056618e-05,0.0036502809248959234,25106068
t5,500,201,1.5530286846493687e-05,1.4999956760603792e-05,-0.004057858359937214,24861068
t5,500,202,8.574272602134741e-06,9.368408911174336e-06,0.0017606011670529803,24896376
t5,500,203,1.0575811410986654e-05,9.588566030761975e-06,-0.004256209965568656,25036700
t5,500,204,1.2531713113610167e-05,1.149255523485671e-05,-0.0028391431600878207,24926776
t5,500,205,2.5080163272724764e-05,2.4409473819177117e-05,0.0009056332669581306,24888552
t5,500,206,2.814202379892708e-05,2.8654315854841397e-05,0.007777232429978476,25070932
t5,500,207,1.5628917034230995e-05,1.5401105303001975e-05,0.0007955788814355716,25036804
t5,500,208,1.692454435991667e-05,1.900598027419919e-05,0.0029351701188132296,24943004
t5,500,209,1.552779967656948e-05,1.5502761115277017e-05,-0.0026906624943832335,24894216
t5,500,210,1.6214876396616686e-05,1.4387163762476298e-05,-2.2043625802603794e-05,25224248
t5,500,211,2.808049158180904e-05,2.996673768906736e-05,0.003548349927784931,24793644
t5,500,212,9.39593131156985e-06,9.223374043538813e-06,-0.0018332971232801923,24933372
t5,500,213,1.953778599830716e-05,1.930911552354389e-05,0.0017336143166782653,25092992
t5,500,214,1.2023917893620135e-05,1.2344940208345155e-05,0.0022668460735388203,24852652
t5,500,215,2.1562823872154514e-05,2.203062114033222e-05,0.003360157706887831,25035572
t5,500,216,2.5516838940975345e-05,2.6595177826757407e-05,0.004131437793218173,24964480
t5,500,217,1.8799743733646257e-05,1.892096522341469e-05,0.0022959280525157925,24932372
t5,500,218,1.9536347208308986e-05,2.1206251209476547e-05,0.0016459857064678408,24924324
t5,500,219,2.3910977665377325e-05,2.3531006760539108e-05,-0.0005252203231196945,25013800
t5,500,220,4.9527244439170435e-06,4.366551498906654e-06,-0.0015591855184295094,24940240
t5,500,221,1.7132385210421623e-05,1.5392030922751008e-05,0.0024165587110721413,25136408
t5,500,222,1.695624462176153e-05,1.578617962336438e-05,-0.0010915718508932703,25113124
t5,500,223,1.4484658007476411e-05,1.479271493646189e-05,0.0016225512191329005,24716864
t5,500,224,4.4454539372530084e-05,4.5879419812587545e-05,0.014252542899960016,25123904
t5,500,225,1.6594196686264275e-05,1.5356500425139248e-05,0.0021403653471146035,24900344
t5,500,226,1.368824318540697e-05,1.2806648391497996e-05,-0.004360954560922808,24910752
t5,500,227,1.8492596425445332e-05,1.7196844237437607e-05,0.007318175129409101,24812064
t5,500,228,1.087498655084279e-05,1.3036604988883816e-05,-0.0017138584985441512,25028636
t5,500,229,7.2732409859359485e-06,7.409087211813737e-06,-0.005181405303254116,24932096
t5,500,230,1.2669175307320833e-05,1.2562225811526312e-05,0.0023225115841043927,25010808
t5,500,231,1.9998263760835846e-05,1.771587503368243e-05,0.003589348545179215,25013964
t5,500,232,1.3200092714473977e-05,1.2705117967643352e-05,-0.001830374905908006,24806744
t5,500,233,1.548813661270443e-05,1.6686619048651864e-05,-0.0020987688875968562,24999412
t5,500,234,1.7970623442861347e-05,1.7751484201460577e-05,0.00473486385932682,24912824
t5,500,235,1.0239177608113656e-05,1.0486882996637126e-05,-0.004254475812653515,24972008
t5,500,236,1.1029618597738814e-05,1.0823438253132287e-05,-0.002025436988525739,25051224
t5,500,237,1.4374336784040375e-05,1.6029589287915823e-05,-0.00158704300914488,25050480
t5,500,238,3.535626853747404e-05,3.37310819648646e-05,0.00295082494565113,24958732
t5,500,239,1.590044473415131e-05,1.5159649742195044e-05,-0.001491639442230063,25089768
t5,500,240,1.5116659968920155e-05,1.4292085673445919e-05,0.002180628409167551,24852568
t5,500,241,1.0023089280913138e-05,1.0141124048463398e-05,1.5153015895054862e-05,25020284
t5,500,242,1.7611856425150508e-05,1.8110584916003457e-05,0.0043685756302479315,24866276
t5,500,243,1.67913012222679e-05,1.6802728854313427e-05,-7.505041337327324e-05,25039376
t5,500,244,1.5184410563501908e-05,1.4730381936546203e-05,-0.0023000191871557895,24898620
t5,500,245,1.0126632161838658e-05,9.416854579562164e-06,-0.004899351423339093,24905952
t5,500,246,2.493620689637893e-05,2.626006221753928e-05,0.007422538962193057,25068732
t5,500,247,2.3204979711993627e-05,2.3638418248461736e-05,-0.0035454122454032515,24832276
t5,500,248,9.204741955732418e-06,9.764180808870231e-06,-0.0018835345899953987,24945152
t5,500,249,1.9066618831095433e-05,1.886718833023765e-05,0.003555450238653538,25077332
t5,500,250,1.1754493235363864e-05,1.1960891119727187e-05,-0.0046061264640132795,24876412
t5,500,251,1.1580531392370534e-05,1.1139003030280938e-05,-0.0032224829917335373,24921340
t5,500,252,1.0902415963997208e-05,9.577794739765476e-06,0.00245868657949468,24805028
t5,500,253,1.7961056789070204e-05,1.969924414116505e-05,0.0013843899446921348,24788180
t5,500,254,1.545387466082087e-05,1.4532668570744777e-05,0.003281657173329752,24799436
t5,500,255,1.5646489395413194e-05,1.5186869987641933e-05,-0.0016291246582136804,25089332
t5,500,256,2.201222173841703e-05,2.2085189679242144e-05,0.0054352647568897796,24959828
t5,500,257,3.0238753556457164e-05,3.1261089285932507e-05,0.00966868196508861,24918320
t5,500,258,2.2499181875863043e-05,2.328990216349569e-05,-0.0009559445789619436,25046448
t5,500,259,1.6439444547626232e-05,1.5537883650740993e-05,0.0005735485292445748,24825552
t5,500,260,9.05653490266937e-06,9.881899112295801e-06,-0.0024787640980251623,25102320
t5,500,261,1.7181723254818212e-05,1.576286630546118e-05,-0.000999238967691603,24964092
t5,500,262,2.112087414686669e-05,2.063569049166952e-05,0.0028179185420100033,24904572
t5,500,263,1.568804770191316e-05,1.5684889291093585e-05,-0.0014578381245267745,24780672
t5,500,264,1.912372738983481e-05,1.867855052714175e-05,0.011305509538362447,24791728
t5,500,265,3.19891790521847e-05,3.2241221338477215e-05,0.007218981853263053,25184128
t5,500,266,1.9921470989766097e-05,1.8323743502527886e-05,-0.0022176806282950463,24845804
t5,500,267,3.0169844475541997e-05,3.098601685254652e-05,0.0037095758063364626,24853688
t5,500,268,1.6592443649667923e-05,1.9062902209977112e-05,-0.0009890768875012587,24811840
t5,500,269,1.4315171230610106e-05,1.2028675056895217e-05,0.0030428306505583856,24959468
t5,500,270,1.6428151907474202e-05,1.779370854881943e-05,0.0009401373440659566,24897980
t5,500,271,2.4123965148181207e-05,2.662220304638802e-05,0.007747512243616032,24824364
t5,500,272,7.859793905671545e-06,8.203973391049351e-06,0.0015650557243951189,25030900
t5,500,273,1.960475382766563e-05,1.741459585257644e-05,-0.00042843466233345425,24973836
t5,500,274,1.8838970714253016e-05,1.880213812685295e-05,0.0038307238058840503,24846500
t5,500,275,1.6172803148690695e-05,1.4886431283755516e-05,-0.0015032183075264626,25040656
t5,500,276,1.4220652147295614e-05,1.3831743417643072e-05,-0.0023726232090779094,24864848
t5,500,277,1.0721107712528675e-05,1.4726112429995875e-05,0.0026939936611310835,25059120
t5,500,278,1.9147345131044086e-05,1.899214702447149e-05,0.003512942565833417,24604280
t5,500,279,8.943591661073466e-06,7.5080745406430315e-06,0.002226730639521074,24756772
t5,500,280,1.8561717388578708e-05,1.8613777423212028e-05,0.0017153571994097932,24817652
t5,500,281,6.007311383044288e-06,7.004815806994962e-06,-0.0019051606009056821,24892712
t5,500,282,8.251366827847043e-06,8.215248182145069e-06,-0.004118042055150182,24833748
t5,500,283,1.443196998217885e-05,1.547375727185961e-05,0.0007958649596460926,24917728
t5,500,284,1.0764679460000481e-05,1.0633411392834122e-05,0.0043997613962097944,25031316
t5,500,285,2.8305035642118506e-05,2.7861970107612337e-05,0.002290618012050531,24960936
t5,500,286,1.665842478339204e-05,1.5736698993466867e-05,-0.0006696733931548451,25215824
t5,500,287,1.4507509256003537e-05,1.3129392562148098e-05,0.004260216925091976,24999252
t5,500,288,3.913038957761809e-05,3.9345356439019105e-05,0.006175766548217656,24787696
t5,500,289,8.936391749238487e-06,1.0793767518520178e-05,-0.004216590122498078,25001676
t5,500,290,1.2672167097648821e-05,1.0960256731070082e-05,-0.0008158797868674902,24986356
t5,500,291,1.8612899549401863e-05,1.7905792768215236e-05,8.247297161919423e-06,24876592
t5,500,292,6.716785749256192e-06,6.816329725317556e-06,-0.005167418473106634,24897420
t5,500,293,3.0728880566341084e-05,3.0166593031608824e-05,0.0009239571072686504,25058496
t5,500,294,2.0881648640873088e-05,2.044439387109729e-05,0.005390751290877711,25017024
t5,500,295,1.1578164746937795e-05,1.0972827874076588e-05,-0.002343899029965073,24834428
t5,500,296,1.9465612235622057e-05,1.861708409819811e-05,0.003247581850485069,24845012
t5,500,297,1.9851457545048765e-05,2.042886681382706e-05,0.004888739213217273,25049924
t5,500,298,1.8031308856443192e-05,1.792468968159565e-05,-0.0004621718253312119,25213284
t5,500,299,3.430090044573426e-05,3.571511400810734e-05,0.004603475757548076,25032868
t5,500,300,1.4312637696736145e-05,1.1809418728616957e-05,-0.0020284122925375253,24990164
t5,500,301,3.092168395285973e-05,3.125038154243699e-05,0.010119667446320901,25001544
t5,500,302,9.043654850098458e-06,1.0040015714292303e-05,-0.0011998326725108316,25025512
t5,500,303,3.930393191545557e-05,4.049303635995868e-05,0.011843481927379598,24949700
t5,500,304,1.945831433141911e-05,2.168403719695073e-05,0.004702092555102299,24985632
t5,500,305,8.904437565336157e-06,7.064854787938372e-06,0.00022688095376350938,24773804
t5,500,306,1.722592363039316e-05,1.7588605319643573e-05,0.0009563347013691142,24690364
t5,500,307,5.6374692499991935e-06,5.699965734650928e-06,-0.004139647213979587,24910872
t5,500,308,1.8207640841270803e-05,1.760360467691459e-05,0.0012561724071169333,24921748
t5,500,309,1.2545375938188378e-05,1.291864729617429e-05,-0.004640844257061728,25066160
t5,500,310,2.4200452535566507e-05,2.5926925168825222e-05,0.010263763348861098,24941744
t5,500,311,1.5711842608200894e-05,1.6079806772342315e-05,0.00011858454546206862,25189940
t5,500,312,1.1844711108988316e-05,1.0585510326335002e-05,-0.004077722737959747,24895248
t5,500,313,1.3877959153468038e-05,1.4159808931148428e-05,-0.0052670128308834495,25068680
t5,500,314,1.7615138378881064e-05,1.495118455688509e-05,0.0007403844061094894,24968408
t5,500,315,1.4620015079710791e-05,1.402356167569104e-05,0.0030247186328588517,25177252
t5,500,316,1.2662688186798597e-05,1.4666000185540227e-05,-0.00338626422509881,25013972
t5,500,317,1.8688485742131205e-05,1.855142728229908e-05,0.001569581337128067,24886268
t5,500,318,3.13171295597017e-05,3.131293058087598e-05,0.004088640564400214,24784584
t5,500,319,2.2411423557720658e-05,2.1257194187003954e-05,0.004440943654963426,24902624
t5,500,320,2.0934740515723807e-05,1.899019686746086e-05,-0.003928102294956999,24560392
t5,500,321,9.067334695311174e-06,8.912530647167175e-06,-0.005262050399508824,24660176
t5,500,322,4.063648366136027e-05,4.056577298324152e-05,0.005389818328833479,25058176
t5,500,323,2.1144695484549857e-05,2.02418935811118e-05,0.005733445005412459,25029928
t5,500,324,1.4428971886330374e-05,1.5151469898417363e-05,-0.002499989704757602,24963632
t5,500,325,1.7818920770452327e-05,1.6822764452822376e-05,0.0007520118748797408,24885056
t5,500,326,1.42037821151524e-05,1.3711431726496954e-05,-0.003722696229559181,24973012
t5,500,327,1.6747332439020635e-05,1.3672557914586296e-05,-0.0017973048446614395,24934884
t5,500,328,2.1614901583574172e-05,2.0795976863964553e-05,0.0018606912244401265,24872944
t5,500,329,1.988172287133938e-05,2.0253886464651058e-05,0.001008601123870027,24808872
t5,500,330,1.956712305328429e-05,1.8604591431640136e-05,-0.000679027131274824,24911880
t5,500,331,1.8499464974739206e-05,1.8137050322122045e-05,0.0014804549116034216,24835752
t5,500,332,1.3121292401785595e-05,1.4221371171268552e-05,-0.00017820440663473207,25093424
t5,500,333,1.6455803621698433e-05,1.5383190609393315e-05,-0.002581105377589151,24943544
t5,500,334,1.607162207537548e-05,1.6339739519566065e-05,-0.000171045146965762,24923992
t5,500,335,1.1376869489690502e-05,1.0373931724271395e-05,-0.0002825357657031298,24786504
t5,500,336,1.2361625976420691e-05,1.1149638340198011e-05,0.0008690226972365108,25054072
t5,500,337,1.93935718113926e-05,1.8792531047383963e-05,-0.0002516350848390795,24977648
t5,500,338,1.8919714906164686e-05,1.8960899237097113e-05,0.006436352889530601,24940964
t5,500,339,3.151371351036055e-05,2.889483355842465e-05,0.0008647943201292753,24831464
t5,500,340,2.3257474733942656e-05,2.4939444536678928e-05,0.0025432060883694998,24749864
t5,500,341,1.8058075811538225e-05,1.7970771824623527e-05,-0.00272348477150553,25002936
t5,500,342,1.5403314517758966e-05,1.5441997530801125e-05,-0.0017509478447905985,25021284
t5,500,343,2.640898888677841e-05,2.573723744465115e-05,0.006167873144206408,25033260
t5,500,344,2.2925722963544735e-05,2.159678244787684e-05,0.0038353429189987,24795896
t5,500,345,1.1209478709112044e-05,1.283909084688937e-05,0.0016301917625218812,24813172
t5,500,346,2.8696634370466728e-05,2.7692582887425127e-05,-0.0010178212463054323,24868644
t5,500,347,2.53550463729311e-05,2.4577460716176633e-05,0.0005855568423315141,25101932
t5,500,348,1.4218828208503262e-05,1.398677181025413e-05,0.00040140142898109567,25141604
t5,500,349,1.7032669100391757e-05,1.583363067067806e-05,0.0016774226492045719,24776456
t5,500,350,1.87937387945163e-05,1.831600257542936e-05,0.0028726402713495046,24942868
t5,500,351,1.6651132563831542e-05,1.4915737544759556e-05,0.0016665588624811766,24752608
t5,500,352,7.094982821246163e-06,6.479531678669424e-06,-0.0033007724527515533,24968432
t5,500,353,5.823244807511175e-06,6.711192649805114e-06,-0.004579059552015414,24736416
t5,500,354,1.4272359602476468e-05,1.2923175640234148e-05,0.0013699429837504692,24977132
t5,500,355,8.355671857883998e-06,1.0635492769951522e-05,-0.0016339244144383102,25088796
t5,500,356,9.66202013838291e-06,8.177574301531959e-06,0.0018930868300450399,24835736
t5,500,357,1.8358295728254875e-05,1.9581661187119664e-05,-0.0002058068046661121,25110736
t5,500,358,2.527239820535525e-05,2.6426663935389818e-05,0.002750494771673116,25093236
t5,500,359,1.894483604720647e-05,1.762688396260855e-05,-0.0023245864076185986,24897396
t5,500,360,1.8661993146107687e-05,1.717800253344256e-05,-0.00014771576565959072,24990156
t5,500,361,2.3612350336936006e-05,2.4545499005327656e-05,-0.0015647831561928323,24987544
t5,500,362,1.0133285746559042e-05,1.1531753479631598e-05,0.0006576983988476099,24838284
t5,500,363,1.8960693092734303e-05,1.8410064162799302e-05,0.003000286327494609,25185556
t5,500,364,1.1306231122784485e-05,1.0386910381806912e-05,0.006679489500665412,24971224
t5,500,365,1.857805018295956e-05,2.0039751599575375e-05,0.0040786476189601266,25119608
t5,500,366,1.1148076567588923e-05,1.0661769845233845e-05,-0.003130751749737848,25009132
t5,500,367,1.0198733636787474e-05,8.326363954133895e-06,-0.0011451856098000576,24619464
t5,500,368,2.0642015412739146e-05,2.1032439240686457e-05,0.003239971429414197,24869180
t5,500,369,2.5569359207254133e-05,2.4040259241920255e-05,0.004180456933419549,24761236
t5,500,370,2.4722059984971866e-05,2.7072526960440118e-05,0.005008896165521592,24657244
t5,500,371,1.473506662795724e-05,1.3370796418328956e-05,-0.0017874865693267045,24888176
t5,500,372,1.6001307147348328e-05,1.50461364634936e-05,0.004479772473757215,24967024
t5,500,373,2.2649165200228357e-05,2.2815059625958292e-05,0.001085323331837154,24831952
t5,500,374,1.2410450856346575e-05,1.3030459311343939e-05,-0.0031514508952336377,25104172
t5,500,375,3.205846508434406e-05,3.2270597118700074e-05,0.0021183369194637553,24922528
t5,500,376,1.248223151162048e-05,1.2075081112718864e-05,0.0011709786206238982,25058188
t5,500,377,3.1899570778130964e-05,3.240165610931894e-05,0.004754588841586106,24664768
t5,500,378,1.2846832980571067e-05,1.2732604627404777e-05,-0.003002226380361184,24921232
t5,500,379,8.204674802507192e-06,7.638989377557934e-06,-0.006392055732421739,25098092
t5,500,380,2.0295887562670347e-05,1.7500268313757875e-05,-0.0007517652136418957,24938344
t5,500,381,6.29598014968429e-06,6.115388584353142e-06,-0.0035256687168709554,24982180
t5,500,382,1.7985343618874882e-05,1.6686953005250912e-05,0.0006247449655338,24898908
t5,500,383,2.89807889136239e-05,2.8246214760895313e-05,0.005799444153485065,24916900
t5,500,384,6.874027194438343e-06,6.874027194438367e-06,-0.005907334622720655,25107184
t5,500,385,1.8368576317377265e-05,1.9427057864771858e-05,0.004953505993345377,25175816
t5,500,386,2.464088447936783e-05,2.5479070353819797e-05,0.007554087597058339,25220308
t5,500,387,1.4418873153063258e-05,1.2161702928658486e-05,0.00021032975813006872,25041460
t5,500,388,1.2011336553650687e-05,1.2047017816325694e-05,-0.0032246458630640473,24818684
t5,500,389,9.036219299838564e-06,9.071474103724792e-06,-0.003215706329420293,25038840
t5,500,390,2.3260146642138635e-05,2.3643213632191612e-05,-0.00027159038840167323,25066528
t5,500,391,1.087207023466184e-05,1.0098362217267152e-05,-0.0037549447186037126,25099568
t5,500,392,9.756147442133506e-06,8.089953427043467e-06,-8.327610090755772e-05,24843152
t5,500,393,2.9196271083885113e-05,2.8913428371410452e-05,0.008557991754314102,24828152
t5,500,394,1.8670889726181072e-05,1.9401712051031638e-05,0.0015419872600551604,25037364
t5,500,395,1.032542159343888e-05,1.1684036210449786e-05,-0.003653208865858024,24737196
t5,500,396,2.0332896713305404e-05,1.8876618303244257e-05,0.0036325939162815723,24787524
t5,500,397,1.914459874411579e-05,1.968168091333634e-05,0.003403192801218067,25070244
t5,500,398,1.270358355004359e-05,1.2746499355097726e-05,-0.0024882216249694777,24861580
t5,500,399,1.4249403585768966e-05,1.2681182080687856e-05,-0.0018371161445152925,24769268
t5,500,400,9.218403054016839e-06,1.0693738212438456e-05,-0.0002111133709434963,24869544
t5,500,401,8.231225868141759e-06,8.776436404784492e-06,-0.001277063926188749,24859020
t5,500,402,1.4243068584419098e-05,1.3943861993733365e-05,0.00213501313934089,24795444
t5,500,403,9.283185044417534e-06,8.80578827863551e-06,-0.006043212302947072,25180792
t5,500,404,1.0009114825323688e-05,8.725504881413858e-06,-0.005108704783059593,24877628
t5,500,405,2.6002811806721885e-05,2.534053226428182e-05,0.006262092711577729,25076640
t5,500,406,1.5728416904190267e-05,1.7594230002822124e-05,-0.0009310926637658304,25104680
t5,500,407,1.9138079754110663e-05,1.988572672105348e-05,0.0028721169397126433,24952016
t5,500,408,1.732656120642996e-05,1.5749908484737177e-05,0.005183110918816716,24953824
t5,500,409,1.7979028267689003e-05,1.9577665409076844e-05,0.0007710628097205587,24693084
t5,500,410,7.806189096484723e-06,8.581966553951196e-06,-0.003712059741028395,24786268
t5,500,411,9.127611141795683e-06,8.387454376377098e-06,-0.0037251861649427974,24928960
t5,500,412,2.458151124424774e-05,2.4981181394430926e-05,0.0035781365353200877,25101380
t5,500,413,2.9959940296194605e-05,2.923558225916207e-05,0.00038467884072191814,24977696
t5,500,414,2.4484377243588867e-05,2.2021474185088654e-05,0.009482906639308383,24852020
t5,500,415,1.125905491615615e-05,9.916127064023814e-06,-0.0024357512111944837,25136620
t5,500,416,2.6647709317895887e-05,2.597060939038368e-05,0.00383717321315712,24890736
t5,500,417,1.4177303122368917e-05,1.2560871737517594e-05,0.0023276538702666247,24941404
t5,500,418,1.4953900590056486e-05,1.5472522661738e-05,-0.0021521555825503662,24888240
t5,500,419,1.464073322290488e-05,1.4367669970163518e-05,-0.0013714212395853802,24923064
t5,500,420,1.0998568595245134e-05,1.0647750314533206e-05,-0.002422214476506829,24949236
t5,500,421,2.737737257609721e-05,2.6521503669800297e-05,0.0014994952810278859,25033588
t5,500,422,1.0620260409912213e-05,1.0476946442833535e-05,0.00013569195610246666,25225100
t5,500,423,1.0383113758613883e-05,9.228050514962919e-06,0.002142993599537176,24823032
t5,500,424,1.0967554373408431e-05,1.1183073717506931e-05,-0.00042137251606216695,24885488
t5,500,425,2.651787934995591e-05,2.6647426692673694e-05,0.005552820228802777,24899060
t5,500,426,2.8079795137225665e-05,2.647610882853168e-05,0.004429261573393808,25031440
t5,500,427,1.9336531677415902e-05,2.0502365828345743e-05,0.002776036869256642,24971216
t5,500,428,6.676039063093501e-06,7.206160469024705e-06,-0.004805139512700203,25033280
t5,500,429,1.3943428355434973e-05,1.341835682922013e-05,-0.0011906994090213686,25020348
t5,500,430,1.2489771886001304e-05,1.4139342773649116e-05,0.003657796235400484,25170832
t5,500,431,1.3840467343511334e-05,1.165122784267005e-05,0.0002288199752582999,25082888
t5,500,432,1.3569467606281646e-05,1.2024670297617127e-05,-0.0019783707897383083,24863280
t5,500,433,1.6598594425571044e-05,1.4392840001211396e-05,-1.370032170510689e-05,24877912
t5,500,434,1.4819553483440164e-05,1.54820324775089e-05,0.0030166568656127104,25004800
t5,500,435,1.6752912532059493e-05,1.609544412442025e-05,0.003977177303553751,24995960
t5,500,436,1.9076796103508967e-05,1.981474748709317e-05,0.0028517939859409036,25023380
t5,500,437,1.9429696033372777e-05,1.986555477939975e-05,0.00214633204687924,24791820
t5,500,438,1.2624225787375428e-05,1.2165881078337347e-05,-0.003507253139855146,25143284
t5,500,439,1.5838972326458765e-05,1.4902476276180975e-05,0.0005887899413228659,24962380
t5,500,440,1.1364984334692116e-05,1.1683605985029866e-05,-0.0019817365562015193,25368664
t5,500,441,1.4280873922643953e-05,1.3573664097066423e-05,0.001138369218450177,24985944
t5,500,442,9.390502916935637e-06,8.987483724509833e-06,-0.0003145461895154164,24994844
t5,500,443,1.1336301394577848e-05,1.1755629587333338e-05,-0.0028419102707061485,24976984
t5,500,444,2.7860581053830035e-05,2.6588047277253036e-05,0.00946284740354731,24938948
t5,500,445,3.889729954834413e-05,4.065092889156803e-05,0.005278711652462634,25042876
t5,500,446,2.264965272245686e-05,2.1907190602211005e-05,0.001464246587403065,24875728
t5,500,447,2.5015823428795327e-05,2.3647261260040788e-05,0.0024468464687102997,24804968
t5,500,448,9.012478271936887e-06,9.89746993442727e-06,-0.0043058512883847235,25063800
t5,500,449,2.5967039530002556e-05,2.8463047222847033e-05,0.005106407565730606,24846396
t5,500,450,1.5475389270294757e-05,1.3906782421075324e-05,0.001672347769549286,24997588
t5,500,451,6.530395438117815e-06,6.671816794355164e-06,-0.006125888741231671,25096764
t5,500,452,1.1814408327829118e-05,1.174113223276556e-05,-0.001419802073469517,25047632
t5,500,453,1.5187585930153282e-05,1.873397285574602e-05,-0.0006216182056634126,24785748
t5,500,454,8.009532933007895e-06,8.853674098638024e-06,0.0010824298341616978,24964652
t5,500,455,2.6271430645195322e-05,2.5154586718475524e-05,-4.774153846743561e-05,24805888
t5,500,456,1.6415813268415337e-05,1.5342938658847928e-05,0.0001658598311201962,24762212
t5,500,457,1.16007448706314e-05,1.0480532431024372e-05,-0.0032789663973076667,24906908
t5,500,458,1.5047860932094385e-05,1.509890709389713e-05,0.005012746609617706,24993876
t5,500,459,2.0516676219120804e-05,2.091124736841024e-05,0.0035597790778354953,25063832
t5,500,460,1.3030941292233299e-05,1.3820041649983612e-05,-0.000489292230110126,25035632
t5,500,461,1.2966491960234493e-05,1.20286041345515e-05,0.0019624098474382897,24717064
t5,500,462,2.3824184821717573e-05,2.3621999540016778e-05,-0.0007456432383009357,25025168
t5,500,463,3.0513689929746455e-05,3.2549031580245034e-05,0.00922383901171306,24898408
t5,500,464,1.563874402665057e-05,1.645191682501505e-05,0.0034905093990656,25061120
t5,500,465,2.8754292130364657e-05,2.744614458516951e-05,0.0035525301827390014,24977748
t5,500,466,1.9050007592953026e-05,1.9213659374056163e-05,0.00020241079928444184,24977096
t5,500,467,1.1679136967081942e-05,1.3122497695901953e-05,0.0024849203417406313,24874960
t5,500,468,9.702940893247577e-06,1.0119047691133685e-05,-0.003160503996879731,25001284
t5,500,469,1.499869927223406e-05,1.3750580200348858e-05,0.0015143156240321873,24967700
t5,500,470,1.511916007869534e-05,1.489801700464649e-05,-0.0007535738040074604,24900124
t5,500,471,1.1513976376425133e-05,1.132874583500857e-05,0.0017803874703090196,24840540
t5,500,472,2.8565220775113894e-05,2.9297952749375986e-05,0.0030439182715218905,24914392
t5,500,473,4.1290589680359066e-05,4.146439392177071e-05,0.00823126891132653,25075264
t5,500,474,3.1044473620137436e-05,3.115368519401392e-05,0.006231211597037492,24933272
t5,500,475,2.1466108772814375e-05,2.2446462334956718e-05,0.0016399776157841493,25014376
t5,500,476,1.0273767458720445e-05,1.0292562436038148e-05,-0.0007993494385687169,25050056
t5,500,477,1.123524082225056e-05,1.0720147672834565e-05,0.0016535720458550538,24836560
t5,500,478,2.5420729272108722e-05,2.524395257681211e-05,0.00705724305779158,25178856
t5,500,479,1.0026695165080604e-05,1.0364974453218957e-05,3.191343222167743e-05,24870820
t5,500,480,3.972450428447168e-05,4.102238947956951e-05,0.0033304183426597035,24847240
t5,500,481,1.839274556568103e-05,1.7722331161228127e-05,0.007416230203746772,25003512
t5,500,482,2.081301931284038e-05,2.1074109912686305e-05,0.009589590780579544,25103672
t5,500,483,2.7490273248038694e-05,2.6840156717127472e-05,0.006760165091977557,24873224
t5,500,484,1.582934066207307e-05,1.5424167218238537e-05,0.00015496193153920215,25065568
t5,500,485,2.1334010347911126e-05,2.094596401824572e-05,0.0007707138805030516,24999572
t5,500,486,1.8773257722618225e-05,1.8722104657982226e-05,0.0011044590868860762,24938864
t5,500,487,2.5295636485282686e-05,2.667449470859641e-05,0.0047201610863287025,24714964
t5,500,488,1.7015092674370042e-05,1.5932260442821432e-05,-6.261401215835246e-05,25066016
t5,500,489,1.731956227754233e-05,1.8165454446122497e-05,0.0002966324422806621,24978284
t5,500,490,9.036020894937904e-06,8.512171074011142e-06,-0.0028581362781397433,25051468
t5,500,491,2.2412970094163824e-05,2.3935633984877475e-05,0.004537791270157227,25101172
t5,500,492,1.5835926397937064e-05,1.2401056181244119e-05,0.0031387097855843306,24875100
t5,500,493,1.9103216618717125e-05,1.8514755834842755e-05,-0.004312041427300724,25127776
t5,500,494,3.739124642894947e-05,3.755966757992032e-05,0.015027887164396292,24874456
t5,500,495,1.0642254728451847e-05,9.69085753242513e-06,-0.004050837523592715,24958284
t5,500,496,6.742474387402258e-06,5.556432897743497e-06,-0.004937808514406201,24783740
t5,500,497,1.4075058635404109e-05,1.4292693886785288e-05,-0.0005631587820019008,25091776
t5,500,498,1.2014952005907409e-05,1.2180984508967843e-05,-0.0017396180378937132,25122820
t5,500,499,1.1299827154586739e-05,1.0246527856663671e-05,-0.004882128755987982,24968724
t5,700,0,6.469631534138838e-06,7.710868551840156e-06,-0.0016393914486256154,48598808
t5,700,1,1.0285492156836542e-05,9.65643021830652e-06,-0.0007683973583069416,48683198
t5,700,2,4.966109137882791e-06,5.208484271080262e-06,-0.0018526398438193804,49074431
t5,700,3,1.4680278423799832e-05,1.451142937757354e-05,0.0018383332928585644,48974147
t5,700,4,1.7307796701737133e-05,1.720101750353353e-05,0.005525224714890666,49058677
t5,700,5,2.0537387891241496e-05,2.0440251573441404e-05,0.00026761352159175025,48813941
t5,700,6,1.4198571808643561e-05,1.4021611834061976e-05,-0.0020773020045475655,48841601
t5,700,7,1.502728400420083e-05,1.5101417622964044e-05,0.0024674926342817837,48954200
t5,700,8,1.4762258828840781e-05,1.3779887413606686e-05,-0.0008134239921299536,49088925
t5,700,9,9.45903384646098e-06,1.1046289708564112e-05,0.0003212648553644356,48842509
t5,700,10,1.2248149049467364e-05,1.325053751824481e-05,-0.00013955030489448808,48625462
t5,700,11,1.1179040287276135e-05,1.1694862968526423e-05,0.002500496684199386,49118834
t5,700,12,1.4014021213054808e-05,1.3165058865172975e-05,0.0050435126452462505,48924722
t5,700,13,5.08177997261392e-06,6.316212178708151e-06,-0.0025277220610717866,48792185
t5,700,14,2.703705145031557e-06,3.686137324397328e-06,-0.004188024688448841,48555051
t5,700,15,8.995005993787306e-06,8.98289677158576e-06,0.00043254478594679136,48328914
t5,700,16,1.9271003939050216e-05,1.9832215746293002e-05,0.0038173540814461938,48522433
t5,700,17,7.348024690786046e-06,7.87243361489079e-06,-0.0016990172651170626,48759548
t5,700,18,1.1752263679247077e-05,1.0920335122121502e-05,0.0030088159770052005,48645923
t5,700,19,6.5197251206590705e-06,6.996548022743445e-06,-0.0019005042863711888,49064016
t5,700,20,1.1585846020043836e-05,1.0624831041806118e-05,-0.003504538341723125,48983861
t5,700,21,2.072797309488656e-05,1.986472291261344e-05,0.004764536993132801,48946467
t5,700,22,1.3773238892519002e-05,1.1995113157567485e-05,-0.002830707773738062,48824388
t5,700,23,9.30957178565217e-06,9.870726026334747e-06,-0.00045204737996599917,49033419
t5,700,24,2.7613839049011888e-05,2.8027155684249402e-05,0.007102613023674662,49166834
t5,700,25,9.313808707380512e-06,9.838729496333838e-06,-0.0011388606095397561,48910734
t5,700,26,1.5224236013256714e-05,1.493970104999111e-05,0.005195029875087114,48941032
t5,700,27,5.203998121312242e-06,4.924420424836538e-06,0.00022179423351193807,49067181
t5,700,28,1.006783872300081e-05,8.574569860978871e-06,0.0009370500438638145,48546367
t5,700,29,6.14094021410115e-06,6.925841257633662e-06,-0.002972647195592048,48897350
t5,700,30,7.1659477664101496e-06,6.9999874724221606e-06,-0.0032842622478796058,49094919
t5,700,31,9.72777539167566e-06,8.3348345368871e-06,7.318366796114953e-05,48714266
t5,700,32,6.332400195885501e-06,5.6300883335045034e-06,0.0005649145003933076,49177364
t5,700,33,2.0545055546532672e-05,2.0595563173760266e-05,-0.0005058179650127049,48718257
t5,700,34,1.4725791046153527e-05,1.500424596536727e-05,0.002400952682296272,48929225
t5,700,35,2.021336051234014e-05,1.9310508935092884e-05,0.003953624585624671,49028306
t5,700,36,1.5839023714063863e-05,1.5406409672930024e-05,-0.0021534148823072314,49408238
t5,700,37,7.072142288003457e-06,6.920619406320604e-06,-0.0046963614300673025,48715965
t5,700,38,7.250035870052237e-06,7.950802824930641e-06,-0.0005444154089645025,49281064
t5,700,39,1.5995775343258372e-05,1.574311026223209e-05,0.000451055710230874,49177204
t5,700,40,1.560659629451155e-05,1.6852128762322775e-05,0.0006060440239978775,48883246
t5,700,41,1.6381378188759685e-05,1.7819530519801012e-05,6.671602140314072e-06,48721400
t5,700,42,1.2363263043970291e-05,1.1650813085605108e-05,-0.0023907840593649855,48769078
t5,700,43,9.040289853279714e-06,1.0369340748733773e-05,-0.0009223095791955063,48838635
t5,700,44,6.335734655749429e-06,7.077290048594788e-06,-0.0022833071704657796,48616593
t5,700,45,3.776507615338186e-05,3.843149909759014e-05,0.011928790201230687,49154790
t5,700,46,1.6179949670095474e-05,1.89999064721056e-05,0.006476182655496258,49188905
t5,700,47,1.3026935487326684e-05,1.4648991125508335e-05,0.001709730296391872,48557693
t5,700,48,2.0552120313370837e-05,2.1295002011399133e-05,0.003720046260620682,49168242
t5,700,49,1.0009977824555118e-05,1.0294210632556708e-05,-0.0003872293956795014,49287196
t5,700,50,1.433063472250034e-05,1.3312334639449396e-05,0.001562262993313937,48477593
t5,700,51,8.030580749018538e-06,7.013422620458871e-06,-0.0043128497597657274,49214941
t5,700,52,7.4784413772780825e-06,7.156001257144771e-06,0.0019420880690263114,48921815
t5,700,53,9.799656119229538e-06,1.007929877112619e-05,-0.0035987715027524804,48757412
t5,700,54,1.8669618685150288e-05,1.8614927460256695e-05,0.006104385056072447,49145561
t5,700,55,2.601916263878082e-05,2.5644315542789126e-05,0.007394132066476329,49007053
t5,700,56,1.1401059770408935e-05,1.1295594074418142e-05,0.0024691094018211767,49170757
t5,700,57,5.324881827170203e-06,3.9709517935952995e-06,-0.0010258970411827673,49117459
t5,700,58,1.1589098727670108e-05,1.0345506138692839e-05,0.0024096140701559683,49080211
t5,700,59,6.3154433163157135e-06,6.3131728115503644e-06,-0.005496790534661583,48839085
t5,700,60,1.9857337161338484e-05,2.0210890551931706e-05,0.002249916511388641,48957898
t5,700,61,1.2647010633279392e-05,1.3930553671558888e-05,-0.0017463704803490862,48702633
t5,700,62,9.701054021176408e-06,9.313417205464475e-06,0.001507982910710388,48683856
t5,700,63,1.6155355870020505e-05,1.6853543116697614e-05,0.004813391043323222,49060584
t5,700,64,1.4346006539458175e-05,1.411527926717815e-05,0.0009156819201001404,48974043
t5,700,65,1.7636371574679275e-05,2.0438614845844542e-05,0.001357815242066409,49057684
t5,700,66,4.405036589199754e-06,5.146968574943515e-06,-0.0012589347423282292,48994908
t5,700,67,2.3930284500503532e-05,2.551734188389569e-05,0.005164531805706456,49249383
t5,700,68,8.874973869636921e-06,1.0283311720814468e-05,0.0018551246376984582,48883334
t5,700,69,7.2177292315350065e-06,7.5593336051531635e-06,-0.0006711558682888813,49020494
t5,700,70,1.4180093918206542e-05,1.4343488032776704e-05,-0.0016624412185546483,49257053
t5,700,71,1.667433528062141e-05,1.6432306968258725e-05,-0.0014119091161657379,49063444
t5,700,72,9.545167336783465e-06,8.582147195882465e-06,-0.0015681968695331033,49437336
t5,700,73,2.2173902816786454e-05,2.24793219166303e-05,0.011271371232945327,48706889
t5,700,74,9.63954314724142e-06,1.005101949176977e-05,-0.0015608497951398515,49055037
t5,700,75,2.0685584102583195e-05,2.0818952422876754e-05,0.0029443996403144047,49152785
t5,700,76,1.1408532933760343e-05,1.1932423427584735e-05,-0.002716550970935439,48845385
t5,700,77,2.694234343935589e-05,2.57924862092851e-05,0.004101055529806044,49058160
t5,700,78,1.262451902270058e-05,1.4790884569917383e-05,-0.0014615443255542218,48819295
t5,700,79,6.868064535374126e-06,7.540815837331967e-06,-0.0019340138278299667,48931093
t5,700,80,1.4286796767884086e-05,1.4344172104026782e-05,0.00018022082003050013,48845312
t5,700,81,1.2731950646083724e-05,1.1825851708927516e-05,-0.003925744242607757,49217029
t5,700,82,9.019076066406323e-06,9.812565988142003e-06,-0.0021034638549861677,48845289
t5,700,83,1.749706608974816e-05,1.6711285687700598e-05,0.005491481857750868,48818192
t5,700,84,1.3679621236246889e-05,1.288158941911194e-05,3.3707867127512095e-05,49340159
t5,700,85,1.8057631589014493e-05,1.7526351525436877e-05,-0.001066253463973661,48911434
t5,700,86,1.0733184789919383e-05,1.1036233557105807e-05,-0.0008160484382210928,49109777
t5,700,87,1.3775397555133427e-05,1.4297805701865684e-05,0.0003686792186745794,48627652
t5,700,88,1.0213863098529133e-05,1.0421713137964082e-05,-0.0024947615927479252,48996788
t5,700,89,1.4564060153737365e-05,1.3544530426019514e-05,0.0008509888793261743,49028221
t5,700,90,1.605075459573526e-05,1.594175031046027e-05,0.002867852122056496,48631308
t5,700,91,1.9774434095766488e-05,1.9468592258081222e-05,0.0028629178374228004,48977520
t5,700,92,8.79349217309818e-06,9.620526237159611e-06,-0.0023431558948759563,49713850
t5,700,93,7.367116237653915e-06,1.1543430642713863e-05,0.0018580004935202315,48867632
t5,700,94,1.2791688084279392e-05,1.2701124904775617e-05,-0.0005662002275523542,48637511
t5,700,95,1.6123182409196076e-05,1.4813117608727224e-05,0.008298264453120536,48888452
t5,700,96,9.613831023505113e-06,1.0458023730225032e-05,-6.942213669127377e-05,49181409
t5,700,97,7.136468575911172e-06,7.067360376121624e-06,-0.0014921792118089438,48690508
t5,700,98,1.637779602585484e-05,1.7041763086688884e-05,0.0014079393302764932,49100005
t5,700,99,1.4553754461867232e-05,1.4345496022891134e-05,0.001746607504645319,48677265
t5,700,100,9.146241792106614e-06,8.84383552227811e-06,-0.0016617286631917178,48710641
t5,700,101,1.0529790825268962e-05,1.0435020031621489e-05,0.0022241365397265987,49122417
t5,700,102,1.4721648240312215e-05,1.5143526425197398e-05,0.000212844451035211,48762493
t5,700,103,1.0282090335726922e-05,9.712472403652346e-06,-0.006222457338617459,48832595
t5,700,104,1.9067886673304178e-05,1.731105929602933e-05,0.0024231325553095346,48839337
t5,700,105,1.2877576114863139e-05,1.2515536781774913e-05,0.0006829252453912806,49101347
t5,700,106,1.1604929756751297e-05,1.3153507676850231e-05,0.0024771665735404402,49218591
t5,700,107,1.0148217772802692e-05,9.949232358781718e-06,-0.0002242407147544956,48994561
t5,700,108,5.9435767837070145e-06,5.890994474184168e-06,-0.0037344628268137646,48678218
t5,700,109,1.6740416365060443e-05,1.42402888172937e-05,0.005771369130365692,49081077
t5,700,110,8.72461959468946e-06,8.209069571225432e-06,0.004292613122138507,49091816
t5,700,111,1.8222779755399893e-05,1.583514421232912e-05,0.0015130557892830832,48952384
t5,700,112,7.287255871447707e-06,7.204422891315329e-06,-0.002353515207216689,49182007
t5,700,113,1.0434944240461254e-05,1.0499352999637264e-05,-0.0003075777724765952,48844789
t5,700,114,1.352481539555514e-05,1.6099326723734096e-05,0.005326291982878269,49500281
t5,700,115,1.834087571137952e-05,1.874610517254129e-05,0.0014272728662868997,48562434
t5,700,116,1.283274561025278e-05,1.1203930814068016e-05,-0.0037594253279603085,48835793
t5,700,117,1.383466533722374e-05,1.348039335445249e-05,0.0014974327748134633,48675784
t5,700,118,1.7261720802889414e-05,1.9732142931400748e-05,0.003133376260872567,48849698
t5,700,119,1.5140450035694124e-05,1.616787945949177e-05,0.0006266058413771721,48766645
t5,700,120,1.1699488469089124e-05,1.0803119110431013e-05,0.0031292951559752646,48697017
t5,700,121,1.2618734926932445e-05,1.3173512192178763e-05,0.0001538211961001227,49193890
t5,700,122,1.0178281083849203e-05,1.0367013369158236e-05,-0.00022471595055697626,48781442
t5,700,123,2.0876931301227713e-05,2.1807820046769818e-05,0.005887246334076719,48890811
t5,700,124,1.617714584582496e-05,1.7857615151740448e-05,0.0065949465000599075,48650970
t5,700,125,1.5800766695754326e-05,1.7190889077654224e-05,0.0015079656043514784,48822525
t5,700,126,1.3806737191895164e-05,1.3420794246494633e-05,0.0022742630460237355,48901028
t5,700,127,6.380164746844808e-06,6.5145162306009e-06,-0.003931382576667915,48746876
t5,700,128,5.765425073696794e-06,5.687787382218404e-06,-0.004660570352315769,49292910
t5,700,129,9.156733093893316e-06,9.649551306608418e-06,-0.0017119307533886403,48477566
t5,700,130,1.3189335276227116e-05,1.2561995800148102e-05,-0.001171218860058785,48884238
t5,700,131,1.4604647817010814e-05,1.665290864575263e-05,0.0007258257851220164,48928613
t5,700,132,4.9851764384427725e-06,6.160863675036313e-06,3.010095321418441e-06,49007894
t5,700,133,1.3569606568161032e-05,1.5587657450686735e-05,0.002309237707769144,48860292
t5,700,134,1.1443173423537606e-05,1.0434161415920762e-05,0.001965095812411921,48976868
t5,700,135,1.9060189429884143e-05,2.0349828248464206e-05,0.0020046044226421952,49077488
t5,700,136,6.578396252779287e-06,7.608463644821887e-06,-0.004494270519252717,49147549
t5,700,137,2.181510512184229e-05,2.2226295622935342e-05,0.0032149421365058124,48940960
t5,700,138,9.10975731428915e-06,9.008742059833891e-06,-0.0038500844496291175,49167041
t5,700,139,8.643476548873617e-06,9.401757082700124e-06,0.0054907226780038666,49169176
t5,700,140,5.388033868071976e-06,5.474036940996041e-06,-0.003452746826793496,48996120
t5,700,141,1.8982106446058608e-05,1.8239805170818696e-05,0.0034243346454522084,49000861
t5,700,142,1.5402003624638356e-05,1.6237036296538583e-05,0.0022478567420725413,49092498
t5,700,143,7.907152336700208e-06,6.278073209547432e-06,0.0006924213974919585,49088105
t5,700,144,1.6133402305464305e-05,1.672410213007226e-05,-0.0014334725204847743,48815754
t5,700,145,8.55080517293728e-06,7.858923395519444e-06,-0.0011286480964487389,48784637
t5,700,146,8.236849693686634e-06,6.7674983334672985e-06,-0.002250431368747871,48768832
t5,700,147,1.3529295535082216e-05,1.3889329317451938e-05,0.0003479049498905192,48975675
t5,700,148,1.432343999357108e-05,1.4142007178721933e-05,-0.0015000729925439527,48863642
t5,700,149,1.1283281136522204e-05,1.1434804018205071e-05,-0.003441219666912875,48833805
t5,700,150,6.121813517895457e-06,5.557064677093743e-06,-0.005715564904816064,48942051
t5,700,151,2.4590248165759237e-05,2.678272292113401e-05,0.003642743911511687,48674817
t5,700,152,1.1489337592011672e-05,1.1204293037782919e-05,-0.0023590825149500455,49019860
t5,700,153,9.712376286181816e-06,9.768093513637426e-06,0.0008107450878640113,48822516
t5,700,154,1.0396662818543513e-05,9.858886230806622e-06,-0.003635138176079179,48911437
t5,700,155,2.5669200882637152e-05,2.6277840720485463e-05,0.008496146247131943,48993127
t5,700,156,1.3027778501058693e-05,1.2979387687447613e-05,-0.002215245925964389,49016549
t5,700,157,1.5458793625815693e-05,1.4565791057397096e-05,0.0037929263340855503,49422790
t5,700,158,1.2858285560275744e-05,1.2273943516296833e-05,-0.0005764904134342935,49142329
t5,700,159,2.13659009395323e-05,2.236643617845632e-05,0.005468025982612532,48667445
t5,700,160,9.201165007031287e-06,9.3617869196784e-06,0.0018332895449226267,48796228
t5,700,161,6.043677250505272e-06,4.430104851598571e-06,0.0035128005593734017,49362585
t5,700,162,1.5331631088585364e-05,1.358958405661003e-05,0.001059584971732689,48719994
t5,700,163,7.405640682212178e-06,7.2902619680036325e-06,0.0010225102355263776,48493722
t5,700,164,8.160961778461504e-06,7.689844480215425e-06,-0.00290448006857001,48661815
t5,700,165,5.714083063486795e-06,6.1666155212140124e-06,-0.004683782938605595,49105202
t5,700,166,1.109219838124335e-05,1.2261006697897215e-05,0.001623618551314871,48979242
t5,700,167,7.3074315226336835e-06,5.944317942955618e-06,0.0003253839253106898,48851114
t5,700,168,1.1499942939854981e-05,1.0946314401366888e-05,8.916942713247826e-05,48834210
t5,700,169,1.1055525104833627e-05,9.518695720993251e-06,-0.002359126191952705,49239297
t5,700,170,2.175878942280144e-05,2.2714792896757342e-05,0.005246933961493538,49017890
t5,700,171,1.3226826798294561e-05,1.3758268548947743e-05,0.0028618841926721155,48966409
t5,700,172,1.0028725409158102e-05,8.74525921858722e-06,0.001125858439023373,48652005
t5,700,173,1.2399087623497092e-05,1.2564216065294649e-05,0.0013061038471125876,48693750
t5,700,174,8.396526072592177e-06,8.205383914590043e-06,-0.002824637969425684,48507535
t5,700,175,8.750802364083594e-06,8.72763228535648e-06,-0.005241211885409202,49060510
t5,700,176,2.7666616987060965e-05,2.8241817261338112e-05,0.015472560577498568,49078706
t5,700,177,2.282248835241008e-05,2.2205807839411978e-05,0.003694327551781278,49143596
t5,700,178,1.9993857145425807e-05,2.017488559213633e-05,0.005731443921631818,48463046
t5,700,179,1.1189415657733473e-05,1.0957610990107724e-05,-0.0036527938319272967,48719655
t5,700,180,1.548260032862903e-05,1.4679209334283114e-05,0.002505948858608016,49124939
t5,700,181,1.4843295674398017e-05,1.531752587835476e-05,0.003922576346511819,49137298
t5,700,182,1.1990403075695482e-05,1.2042406188474812e-05,-0.0018096625921557746,49022464
t5,700,183,2.1613831486564857e-05,2.2277892883812216e-05,0.005566563400055121,48601757
t5,700,184,3.179645301925132e-05,3.139089572778659e-05,0.0028537646353522304,49231952
t5,700,185,1.2080630074805592e-05,1.118317363274188e-05,0.00262377420804711,48688658
t5,700,186,6.816404115686625e-06,5.8043717499896485e-06,0.007848541161145015,48574491
t5,700,187,8.014519466019724e-06,7.5637936357830585e-06,-0.0031096050848882935,48993145
t5,700,188,9.20265767722278e-06,9.508269280680151e-06,-0.004953589948171356,48837685
t5,700,189,8.653725635817562e-06,7.377544837226487e-06,-0.0034330739979886206,49023117
t5,700,190,1.833939303651376e-05,1.654674514579614e-05,0.0019967566352623186,49004895
t5,700,191,1.0162795287812043e-05,9.004483370862827e-06,-0.0018330980004236353,49169939
t5,700,192,1.6546491821114037e-05,1.4277894365449119e-05,0.0011790570384674457,49188645
t5,700,193,1.3766657811243383e-05,1.1457528517371151e-05,-0.0006597172931926538,48534899
t5,700,194,6.471285196326996e-06,5.786308942241839e-06,-0.002354314997793844,49095248
t5,700,195,1.1545685525044967e-05,1.1210783036894898e-05,0.0006697970287092011,49059206
t5,700,196,1.7521856674736985e-05,1.780791384169756e-05,0.0014115211639569485,49020342
t5,700,197,1.923327331648279e-05,1.975060217340804e-05,0.0037832043426070995,49239327
t5,700,198,1.4296833417651628e-05,1.4406927512766038e-05,0.0027069649541824324,48857096
t5,700,199,1.913565801280794e-05,1.796796644153713e-05,-0.0005274201318461623,49022662
t5,700,200,2.196938587629083e-05,2.1016132442778302e-05,0.0038106764117732195,48541587
t5,700,201,1.3618285302315871e-05,1.2768545393265601e-05,-0.0020314455461472323,48854156
t5,700,202,5.894376203047772e-06,5.558502542345301e-06,0.002600840483988116,49259893
t5,700,203,1.0583641088260537e-05,9.136303485037186e-06,-0.0037792348889007688,49316630
t5,700,204,7.718972451150871e-06,9.862822587619648e-06,-0.00043203114692484836,49102736
t5,700,205,1.639343592178156e-05,1.571973640877901e-05,-0.0014570926601910042,48922283
t5,700,206,2.0788517473105837e-05,2.1282071551257317e-05,0.006029866417416637,49133617
t5,700,207,1.7226634752409902e-05,1.8623636460799528e-05,0.005687814071697898,48940779
t5,700,208,1.506342655683059e-05,1.580745708162565e-05,0.0014375450293394095,49232077
t5,700,209,1.258740481058687e-05,1.0938172771425678e-05,-0.0009016524789361293,49214591
t5,700,210,1.0998427149972872e-05,1.0022843449405102e-05,0.0001917725263475919,48937692
t5,700,211,1.684248440681805e-05,1.7617077204103317e-05,0.0027736916817242595,49035091
t5,700,212,7.491108841678352e-06,7.233374959073996e-06,-0.0019847203168604126,48813190
t5,700,213,1.0800937849204336e-05,1.150828975676645e-05,0.0016860846784233544,49014579
t5,700,214,1.1711994270042753e-05,1.3066433681423501e-05,0.00480859517426423,48882670
t5,700,215,1.1368605626554285e-05,1.1061132754961295e-05,0.002745265796001955,49122125
t5,700,216,1.8457309694730675e-05,1.686303544059759e-05,0.0020220931914342387,48917976
t5,700,217,1.612944420946142e-05,1.4087714655012276e-05,0.0004999362166326192,48511323
t5,700,218,1.3169997249754066e-05,1.2657430256177589e-05,-0.00037320090353897093,48892216
t5,700,219,1.2801088167920198e-05,1.2742853648613427e-05,-0.004226347333356214,48812933
t5,700,220,6.081294139403734e-06,6.501511176072467e-06,-0.0010518046582981022,49266986
t5,700,221,9.750915703676498e-06,9.745692276506749e-06,0.0015245453271993282,48883418
t5,700,222,1.306308395635901e-05,1.3217714805143079e-05,-0.0006887828786248725,48762117
t5,700,223,2.5549241387185172e-05,2.672758064931746e-05,0.006922208842011869,48999957
t5,700,224,2.078672295206587e-05,2.2193460830299074e-05,0.009008897045903607,49109602
t5,700,225,1.3188239637140614e-05,1.3750657673911367e-05,0.0006732288421892355,49024579
t5,700,226,9.32203328407711e-06,9.415546481358674e-06,-0.0033891409016289526,48693122
t5,700,227,8.611307558307323e-06,9.19529955548901e-06,0.004615631292234467,49108133
t5,700,228,6.960660644474406e-06,8.023496795468793e-06,-0.0018916221060118988,48975757
t5,700,229,7.176445343241595e-06,6.938781407806085e-06,-0.003983955235893052,48829242
t5,700,230,1.249860303700918e-05,1.2726164932240903e-05,0.00505225505915531,49309940
t5,700,231,2.2370392719551385e-05,2.496422458431005e-05,0.006202268736070846,49032318
t5,700,232,9.121559726752943e-06,9.10226289480985e-06,-0.003356307689592326,49277163
t5,700,233,6.216872534324125e-06,6.217438538411868e-06,-0.0033320051377521286,48938501
t5,700,234,1.2168120903394424e-05,1.2165267076677912e-05,0.002109382894152965,49082146
t5,700,235,7.664574723327373e-06,8.29477689578293e-06,-0.0033416833690037865,48795076
t5,700,236,6.32195475503666e-06,5.59072950273308e-06,-0.0015912905561425805,49390920
t5,700,237,1.5091105657187397e-05,1.4278152724327515e-05,-0.0011659785569851108,48992594
t5,700,238,1.5801922338121694e-05,1.5625577395120303e-05,0.0008742264859585225,49156318
t5,700,239,1.071924296768249e-05,1.0431741055799541e-05,-0.0022083059451266946,49067962
t5,700,240,1.4039443170705076e-05,1.4136846315560099e-05,0.0024155181890351315,49052587
t5,700,241,8.504947668360938e-06,8.532496383746165e-06,-0.0009418731697974766,48523452
t5,700,242,1.0104065301168104e-05,8.092836095212434e-06,0.0009567089776832024,48966597
t5,700,243,7.140007714274534e-06,6.902274851737881e-06,-0.002549028165950574,49046602
t5,700,244,8.085918949337835e-06,8.14659958357989e-06,-0.0016346559938543806,49001785
t5,700,245,1.222403594640804e-05,1.1374694688983252e-05,-0.0016815582890406405,49042818
t5,700,246,2.6490916843610563e-05,2.5708221785038795e-05,0.009003060811773761,49017738
t5,700,247,1.024601263873997e-05,1.0443407859202823e-05,-0.005228681477993683,49042038
t5,700,248,5.480361473403693e-06,5.5761783783781115e-06,-0.003065901366061786,49246978
t5,700,249,1.3457018667002236e-05,1.57698079774676e-05,0.0015784198126713455,48846900
t5,700,250,1.7552573351567792e-05,1.7664918029108314e-05,-0.0012973678839627268,48899143
t5,700,251,1.1318276479299728e-05,1.1430069169905093e-05,-0.0016142293528299389,48448913
t5,700,252,6.1803891252832025e-06,6.678701375072961e-06,0.0005569081291758709,48616115
t5,700,253,1.3650796920827959e-05,1.4613018759709391e-05,0.005184368974006625,48530275
t5,700,254,1.1692560078518454e-05,9.15783709299306e-06,0.0022680882585073524,48979542
t5,700,255,1.7591918468943785e-05,1.54453443117703e-05,-0.00037330508863196515,48722533
t5,700,256,1.667795271087716e-05,1.656043902351763e-05,0.005861322343701572,48926517
t5,700,257,2.52111680471825e-05,2.398538799833907e-05,0.013336511554037816,49193959
t5,700,258,1.6040917735580942e-05,1.556146131858942e-05,-0.00258875556540597,49526420
t5,700,259,9.338881258901146e-06,9.138534980557909e-06,0.00019352691018853076,48724722
t5,700,260,6.40367668741265e-06,5.915983273890022e-06,-0.0030221160755127454,48872227
t5,700,261,7.774867206299188e-06,7.70236742507637e-06,-0.00168726207489666,49283269
t5,700,262,1.3257274647467494e-05,1.2357678489452549e-05,0.0027770107179271738,48717577
t5,700,263,1.3892856032236156e-05,1.326183030716646e-05,0.0017615308150119124,49034336
t5,700,264,1.4848164147631203e-05,1.3723947819884479e-05,0.007825690065213749,48853415
t5,700,265,3.184810618098582e-05,3.456217126893808e-05,0.014050555954338476,48636236
t5,700,266,1.2353262385432524e-05,1.127691971585179e-05,0.0011859586471994808,49161121
t5,700,267,1.5003670297228863e-05,1.4510604912064834e-05,-0.0011510521594499895,49249694
t5,700,268,1.1046199307130772e-05,9.794236041248184e-06,-0.0032667334303749956,49099836
t5,700,269,2.357997420162746e-05,2.1443025960598367e-05,0.00891837491392142,48672805
t5,700,270,1.0733615135366335e-05,9.685375133617603e-06,0.0008015169080615462,48677191
t5,700,271,1.6860927612149437e-05,1.5013737740567226e-05,0.0056528547171974305,49470489
t5,700,272,5.301949333660962e-06,5.0060444752590325e-06,0.0010705292432387117,48925243
t5,700,273,1.617605691047382e-05,1.6401981018630677e-05,0.0005336373095210687,48923566
t5,700,274,1.1327026515548919e-05,1.061306223909097e-05,0.0012025729494752604,48656556
t5,700,275,1.4114592278144795e-05,1.4219893012722696e-05,-0.0010318210643749167,48867028
t5,700,276,1.0278653854440064e-05,1.051100746878613e-05,-0.0028050673511940947,48490706
t5,700,277,8.343130969807591e-06,8.172212038703502e-06,0.0006339847678322283,48782785
t5,700,278,8.424250657544965e-06,7.986898484394914e-06,0.0016590460135372596,48895981
t5,700,279,5.940435014285077e-06,6.33855331966851e-06,0.002869684658846883,48948317
t5,700,280,1.5148304942122924e-05,1.54303894591947e-05,0.0022356795458024535,48858400
t5,700,281,5.49482603017412e-06,6.1833353960435525e-06,-0.001543737724797548,48911960
t5,700,282,6.468864764214925e-06,6.387418846390866e-06,-0.004018045590469765,48587586
t5,700,283,7.6049039816840026e-06,7.140640125069116e-06,-0.0024265246774182415,49322876
t5,700,284,1.293286320769609e-05,1.2996445126240755e-05,0.0018145138437238527,48702560
t5,700,285,1.0392068906038053e-05,9.77050037244207e-06,-0.0016463029534403465,48636369
t5,700,286,1.195812540143918e-05,1.4477003461368977e-05,0.000196852325968298,49052877
t5,700,287,1.8326304753424638e-05,1.8302875764101397e-05,0.006058698502720427,49167425
t5,700,288,2.170530106283704e-05,2.3306733151419335e-05,0.0048298209037383535,49067399
t5,700,289,8.035340839195789e-06,8.988760986895343e-06,-0.002824873947397969,48999571
t5,700,290,7.511195152070771e-06,6.566701582617798e-06,-0.0009264266341990803,48877162
t5,700,291,1.3557980027809674e-05,1.4820670708499895e-05,-0.0031388999218182785,48752976
t5,700,292,6.576419006131484e-06,6.553426246936112e-06,-0.004428452531571537,49125876
t5,700,293,1.8173899297968423e-05,1.7831681670591816e-05,-0.00042060805838880464,49029244
t5,700,294,1.2708419055411554e-05,1.1565349767954083e-05,0.0048931049646091995,49021886
t5,700,295,5.8240808038436344e-06,5.071715713575347e-06,-0.0012763353528345435,48810028
t5,700,296,1.9560667524302834e-05,2.1076301804567323e-05,0.0022190810652842298,48960689
t5,700,297,1.8446497265693756e-05,1.712219218029297e-05,0.007994759305047188,48926885
t5,700,298,1.2256077532009725e-05,1.1584712519441793e-05,-0.00025346243230453926,48957356
t5,700,299,2.4765393303194453e-05,2.4386586098987343e-05,0.003193527431030738,48955732
t5,700,300,1.3227501331478158e-05,1.1343270495019729e-05,-0.0017432188496186982,49014999
t5,700,301,2.0230541260041925e-05,2.049946996339361e-05,0.00790685448149385,49145400
t5,700,302,5.9439504544114e-06,5.824080919675377e-06,0.0007544416565218016,49040932
t5,700,303,2.5349887239128196e-05,2.597970130919091e-05,0.007273802965613313,48851876
t5,700,304,1.3134097485734295e-05,1.4335749002039482e-05,0.0032632452058391935,48825143
t5,700,305,7.854542503188856e-06,7.901551820695694e-06,-0.0002731973387045518,49389297
t5,700,306,7.811254458911722e-06,1.0107094259853198e-05,-0.0012628724313634059,48825671
t5,700,307,5.301851351316148e-06,4.881136185731081e-06,-0.002848646537547872,48923412
t5,700,308,1.5786124632327436e-05,1.649333178994442e-05,0.0026510112250887462,49087159
t5,700,309,9.445229598381021e-06,8.948971883223417e-06,-0.00180466221591087,48888366
t5,700,310,1.4981256678850496e-05,1.5146405579430304e-05,0.008174524685963832,48479097
t5,700,311,1.066090679382931e-05,1.0790292444314562e-05,-7.632693081117992e-05,49198254
t5,700,312,7.189919390015406e-06,7.283525717768553e-06,-0.004195216883756757,49100765
t5,700,313,1.3806871112115472e-05,1.3158938454241661e-05,-0.0026143745212584557,48909571
t5,700,314,1.2329786982249367e-05,1.0766257776561645e-05,-0.0002943337022422614,49281196
t5,700,315,1.0158247896742789e-05,8.848246659609122e-06,0.0008813855865466128,49152555
t5,700,316,9.652151929439298e-06,9.618949598354873e-06,-0.0041320631188848525,48930232
t5,700,317,1.5186332062916311e-05,1.483758601156807e-05,0.0013813579165470368,49276149
t5,700,318,2.144048679283513e-05,2.1229730717633103e-05,0.0010543798566836338,48771931
t5,700,319,8.643717552803507e-06,6.81743172343616e-06,0.0055835871178703325,49029089
t5,700,320,1.6259576084152998e-05,1.5399905439565917e-05,-7.356322261914537e-05,48815387
t5,700,321,5.610316731764013e-06,5.521761234229057e-06,-0.004296165571278998,48920579
t5,700,322,1.3644969798306094e-05,1.3564920794955004e-05,0.0018053501585828656,49080627
t5,700,323,9.547749163898896e-06,1.0328929474760786e-05,0.005349721497623796,48839646
t5,700,324,9.983399166284427e-06,1.165603502307466e-05,-0.0015654479857429718,48747103
t5,700,325,1.1601172210708365e-05,1.0282534377697217e-05,-0.0009414904501614935,49081575
t5,700,326,1.0793849808804564e-05,1.009815673215105e-05,-0.004489896230038789,49323878
t5,700,327,8.451675077763646e-06,8.002852496333604e-06,0.0001822531814465711,49051843
t5,700,328,9.915821506175735e-06,9.650277729506174e-06,-0.0006632901367276182,49401837
t5,700,329,8.932407014172945e-06,9.014859313000082e-06,-0.0018119409153154185,48960815
t5,700,330,1.2497898758333514e-05,1.2547887438945531e-05,-0.0037391270048867313,48554065
t5,700,331,1.0738465654689744e-05,1.1543877639353215e-05,-0.0004561704889387548,48895273
t5,700,332,9.521539020771728e-06,1.1051765069761036e-05,-0.00035831619266108843,48537760
t5,700,333,1.200686090292749e-05,1.2186373105871926e-05,0.004704457503091958,48791742
t5,700,334,1.1752803179674804e-05,1.1746571484050707e-05,0.0007935500892787509,48871112
t5,700,335,1.5552111440315878e-05,1.533228762847391e-05,0.0005344827109280956,49009743
t5,700,336,9.036924474133649e-06,9.17427700413096e-06,0.0019727762375728298,48996160
t5,700,337,1.1901838587383541e-05,1.2162953274619903e-05,-0.00046277860501400017,49421125
t5,700,338,1.8761870142457506e-05,1.860128577935205e-05,0.010698241658061778,48848111
t5,700,339,1.592166529480809e-05,1.6601781389273245e-05,-0.0018127052752296188,48787621
t5,700,340,1.827898145946618e-05,1.7752651203392427e-05,0.0034582751899160393,48894599
t5,700,341,1.825870197044383e-05,1.8218429914522172e-05,0.003338043348169197,48892450
t5,700,342,1.7559880939859752e-05,1.8071236101794745e-05,0.0003592017130477207,48393666
t5,700,343,2.1848282147737602e-05,2.1971964018847524e-05,0.00834495589072325,48835129
t5,700,344,1.2127643157705293e-05,1.1030246128098694e-05,0.0008367973786484773,48961761
t5,700,345,7.1807581473921735e-06,7.059296918704638e-06,0.0007249513512058125,49122046
t5,700,346,1.3330290180664902e-05,1.358227136922462e-05,-0.003218767728165648,48564972
t5,700,347,2.3877480285027778e-05,2.4559440388233177e-05,0.0034008177185763243,48559002
t5,700,348,9.240863726512106e-06,9.33200797716555e-06,0.002493610031999206,48855188
t5,700,349,1.4229338233962213e-05,1.55742569921808e-05,0.003915840996618149,48731248
t5,700,350,1.3795760572536445e-05,1.3453710140531879e-05,0.0019422782904133685,49232416
t5,700,351,1.4022323874378324e-05,1.239555029368557e-05,0.0034142988840328774,48937602
t5,700,352,1.1381844012161037e-05,1.0176879786411304e-05,-0.0027646276544344562,48907517
t5,700,353,2.092580756833583e-05,2.0875299941108157e-05,0.0008422900499309152,49058050
t5,700,354,1.345745702261047e-05,1.2586939700523798e-05,-8.989268123172661e-05,48724287
t5,700,355,8.486168077731435e-06,7.757333812777076e-06,-0.002921801423471375,49227876
t5,700,356,6.98984471502154e-06,7.336153392868096e-06,0.0011069406235914999,48967476
t5,700,357,1.4957595746561674e-05,1.545211227566918e-05,0.0005198382692268026,48959707
t5,700,358,1.7713874406734073e-05,1.747422622595676e-05,0.0038542831905894036,48916091
t5,700,359,7.668880491268861e-06,7.818887495070498e-06,-0.0035770137908940026,49029658
t5,700,360,1.1185402703977885e-05,1.2006319747571368e-05,-0.00018969905768325773,48664773
t5,700,361,2.3105568210832986e-05,2.2725573656305747e-05,0.002364469186509886,48345522
t5,700,362,9.817417579112033e-06,1.0075949300863008e-05,-0.0014707886534014159,49021074
t5,700,363,1.2226858775820677e-05,1.1883805301781207e-05,0.002454796851287478,49074902
t5,700,364,1.175708998515287e-05,1.2070142538690918e-05,0.006944708708871829,48980546
t5,700,365,1.4557792516295893e-05,1.477895479587036e-05,0.0037862971856690774,49006720
t5,700,366,1.1830763832091793e-05,1.4275207740333677e-05,-0.0010510033192561124,49285775
t5,700,367,9.954946390909774e-06,1.0034122751674252e-05,-0.001155188486603984,48779227
t5,700,368,1.622409557435713e-05,1.7387319923894608e-05,0.003631184394221954,49216886
t5,700,369,3.500919561754018e-05,3.5969275479090454e-05,0.009926084943021185,49238270
t5,700,370,1.6394004718925902e-05,1.662827087101587e-05,0.0005473170194649653,48902515
t5,700,371,1.5360187531227755e-05,1.6180349319009642e-05,-0.000105720363724077,48997452
t5,700,372,5.2630965651602965e-06,3.390776121363141e-06,0.004731583970135237,49181704
t5,700,373,1.8709814087607916e-05,1.929258151105721e-05,0.0029662525009519158,48731352
t5,700,374,1.3264770146752763e-05,1.3466985358746377e-05,0.0005588762666525386,48905947
t5,700,375,1.5488932505839315e-05,1.7148097214885738e-05,0.00015595773380309313,49066821
t5,700,376,8.119824987603759e-06,8.321351659901643e-06,0.0007915539529239873,48981257
t5,700,377,2.3366814935591885e-05,2.358598564107417e-05,0.003265714367991925,49114620
t5,700,378,9.994435009945137e-06,9.91645093201131e-06,-0.0040457529555108125,48878178
t5,700,379,1.436953747565462e-05,1.3249313378692262e-05,-0.001866795725522786,48879100
t5,700,380,1.725968593539428e-05,1.8914506808422332e-05,0.0018790045565255536,48731592
t5,700,381,4.656718784303435e-06,3.932221970773802e-06,-0.00412617445204428,48853234
t5,700,382,1.2390824327678886e-05,1.1150444225726321e-05,-0.0019462899901288634,48821183
t5,700,383,1.2970453082557976e-05,1.3460180128841769e-05,0.001125566273938992,49172566
t5,700,384,4.467346424077683e-06,4.164300660712052e-06,-0.005135863459288865,48839968
t5,700,385,1.3785378692982367e-05,1.110492115725443e-05,0.004742410875425542,49132678
t5,700,386,2.071684650508653e-05,2.0271870057785407e-05,0.008814427481730822,49313746
t5,700,387,1.2124570853662346e-05,1.2205759056249405e-05,0.001985974796849926,48408261
t5,700,388,1.3787843955692138e-05,1.3595287510330591e-05,-0.0014857142987497673,49168040
t5,700,389,9.24042421181555e-06,9.532320394631728e-06,-0.0010066695492066636,48693257
t5,700,390,7.168156601965739e-06,8.009253461444518e-06,-0.0032878859515329427,49016783
t5,700,391,1.1231723025372547e-05,1.0807920694455666e-05,-0.0018234983415101463,49008731
t5,700,392,1.0147717106112992e-05,1.0477389080492022e-05,0.0002238883117239656,48509486
t5,700,393,1.78777234140536e-05,1.6831277423924872e-05,0.003952352292542613,49013848
t5,700,394,1.2676269120460465e-05,1.1046800974482926e-05,0.00044356243598111335,48913768
t5,700,395,1.4036657906727704e-05,1.3346790018668059e-05,-2.4149655463314487e-05,48702452
t5,700,396,2.4650409721702888e-05,2.3671630191896145e-05,0.005351991095952991,49183339
t5,700,397,1.0167935951631195e-05,1.1292608735855981e-05,0.001513336780945029,48867950
t5,700,398,5.853090190015841e-06,5.984004454041065e-06,-0.0033513943744230366,49221273
t5,700,399,8.554269900689844e-06,7.799878015485996e-06,-0.00018840031996633053,48716999
t5,700,400,6.700414559237479e-06,5.430721187424913e-06,-0.0013588064606756428,48898519
t5,700,401,4.850103515804897e-06,4.1233520917611524e-06,-0.0010193363578393881,48890464
t5,700,402,1.2180047289147128e-05,1.142487629905725e-05,0.0026942912815609266,48853460
t5,700,403,1.965091898411403e-05,1.7664443693236803e-05,0.007912615406473745,48821417
t5,700,404,1.229278687236962e-05,1.2956448821787798e-05,0.0007664606425939643,48973660
t5,700,405,1.7885380899762763e-05,1.8021734141448018e-05,0.00424597366532255,48797395
t5,700,406,1.7742885408128648e-05,1.839719123375328e-05,0.0021892362347900847,48757937
t5,700,407,1.2609488954384794e-05,1.3290952474096759e-05,0.001277250731560045,48764868
t5,700,408,1.58193591172578e-05,1.582248023890089e-05,0.003253640698644933,48628856
t5,700,409,1.6232336572508884e-05,1.507104127826584e-05,0.0019213628367756091,48890143
t5,700,410,5.539259874840425e-06,5.8963325603645335e-06,-0.004326611633368501,48803683
t5,700,411,1.4462907412345613e-05,1.3128248688167732e-05,-0.00105740097271135,48845935
t5,700,412,2.3443273059737082e-05,2.3108097274801664e-05,0.006798061432041532,48736146
t5,700,413,1.727109640413843e-05,1.79330455595474e-05,0.0025096399832496173,49026762
t5,700,414,2.078656002812929e-05,2.0241747546243286e-05,0.00516814110547686,48694584
t5,700,415,8.763068485682732e-06,8.520711900649431e-06,-0.003519934060531202,48559134
t5,700,416,1.961731523745354e-05,1.9868065031388508e-05,0.001141894424857106,49567733
t5,700,417,1.10829580196025e-05,9.380123566102754e-06,0.001540806293276496,48956854
t5,700,418,1.1676928537539719e-05,1.0965081993834354e-05,-0.004007380951588419,48763212
t5,700,419,8.695253224650794e-06,8.386338538082927e-06,-0.001982795105261823,49014922
t5,700,420,1.506405502977126e-05,1.6009290275532857e-05,0.0023182532293851846,48715048
t5,700,421,1.8205819932045046e-05,1.9779886552850275e-05,0.0024374426225139394,49121911
t5,700,422,4.232953218017623e-06,4.565669596263941e-06,0.0002476727634270705,49134304
t5,700,423,1.199264784636102e-05,1.456115804008822e-05,0.0027467307298087262,49283274
t5,700,424,8.652447818059752e-06,8.845654142598688e-06,-0.0001705782662079921,48931527
t5,700,425,2.268025560251377e-05,2.2002956573407674e-05,0.0006597946608287651,49343781
t5,700,426,1.412769408538152e-05,1.3556712921673658e-05,0.004442977949834473,48650673
t5,700,427,1.385415610563329e-05,1.435194681138456e-05,0.001926489775801269,49019182
t5,700,428,2.416680040005467e-06,4.48064352095925e-06,-0.004188848082163514,49024909
t5,700,429,6.758453803049283e-06,6.029698115679358e-06,-0.002477725402061825,48870490
t5,700,430,1.1083280566882456e-05,1.0439766502101373e-05,0.0033163229931042694,49339417
t5,700,431,1.1541517239566558e-05,9.775571089391416e-06,-0.002262192851102227,48525172
t5,700,432,7.2944761790001375e-06,7.112990889703972e-06,-0.0019729810855553267,49071418
t5,700,433,1.3658167817205648e-05,1.353513385997606e-05,0.000397525858161811,48571113
t5,700,434,1.3170730183027414e-05,1.398158117086387e-05,0.001368755960515566,48446927
t5,700,435,1.3094584895652677e-05,1.3721593273089304e-05,0.005254640876059558,48531435
t5,700,436,5.5668092510998216e-06,3.4901302831776047e-06,0.004456574380558341,49105237
t5,700,437,1.702559117755443e-05,1.7755762007413944e-05,0.002040042228789237,48997807
t5,700,438,1.3061454595855341e-05,1.086412337653954e-05,-0.0017256500025036434,49026275
t5,700,439,1.5375116630678762e-05,1.5869426835802776e-05,0.0004757567195921952,48885618
t5,700,440,7.591157378554125e-06,7.920628332313702e-06,-0.0026541782267973635,49053533
t5,700,441,7.636645526846411e-06,7.402347573711254e-06,0.0005311007201200391,48445933
t5,700,442,8.649973563446494e-06,9.452411712735473e-06,0.0003050812521530071,48856585
t5,700,443,7.631551149198768e-06,9.294861140867586e-06,-0.0028378861055060513,48750510
t5,700,444,1.681012959982647e-05,1.713871785318632e-05,0.006076175275176319,48634491
t5,700,445,1.286305110325992e-05,1.3063849947139859e-05,-0.000364277588197273,48376220
t5,700,446,1.628876217328029e-05,1.4873627736530103e-05,0.0024089854727619812,48810895
t5,700,447,1.3773714038017378e-05,1.5640957795164485e-05,0.0035308195968922033,49306222
t5,700,448,4.821479674192874e-06,6.172726032071612e-06,-0.004093722289274904,48869371
t5,700,449,1.4980933580126102e-05,1.5885865835709347e-05,0.0028339155872850676,48942793
t5,700,450,1.5991065314326525e-05,1.5861730161719653e-05,0.004383907879139496,48622364
t5,700,451,4.97310426004651e-06,5.680211041233095e-06,-0.005107643054346067,48706113
t5,700,452,7.117951278520611e-06,7.590056753907815e-06,-0.0033241409430920742,48911795
t5,700,453,1.1128686803781994e-05,1.1224175417066597e-05,-0.0013431682871398803,48810779
t5,700,454,5.948234729763282e-06,4.563818584062357e-06,5.011807448141233e-05,48818072
t5,700,455,1.1248730120185696e-05,1.0698342674563543e-05,-0.0016767301650826038,48922416
t5,700,456,1.4710614393384101e-05,1.2959550573873358e-05,0.00024754105134221915,49223352
t5,700,457,4.182687446360578e-06,4.848836280108213e-06,-0.0036064894315202384,48763873
t5,700,458,2.0095710780206993e-05,1.6638247359960293e-05,0.0022367981732777428,48844936
t5,700,459,1.1563853298998559e-05,1.0505284741111728e-05,0.002992370926043259,48632020
t5,700,460,1.1306708861995212e-05,1.0085275595515582e-05,0.0006479576093663267,49152077
t5,700,461,9.645295043495017e-06,8.886955485652422e-06,0.001889904205160029,49134349
t5,700,462,1.3122431242657624e-05,1.280937313093092e-05,-0.003330941140656345,49427896
t5,700,463,1.8715787347597154e-05,1.847575844067369e-05,0.0025307467530421906,48947450
t5,700,464,1.1754943468484825e-05,1.2436796436057496e-05,0.0071501146740777085,49319562
t5,700,465,1.666502464775182e-05,1.5695829521316804e-05,1.0740674229259422e-05,48559248
t5,700,466,1.2789594767464623e-05,1.2593338804439161e-05,-0.0007994502772573476,48838914
t5,700,467,8.772149634910018e-06,8.018792248157736e-06,0.00013655212299493608,49056486
t5,700,468,5.514237956951915e-06,5.947437203065584e-06,-0.004079554277382147,48979386
t5,700,469,1.878697617114107e-05,2.000539714496828e-05,0.0039007822394332967,49092789
t5,700,470,1.1455817922593807e-05,1.0019691906789038e-05,-0.0014029595427169478,48624655
t5,700,471,7.1216949012533086e-06,6.451442077878178e-06,0.0017129732046282447,49293222
t5,700,472,1.8533818404411064e-05,1.721714504435617e-05,-0.0019487651643870262,49011652
t5,700,473,2.608912658116622e-05,2.5311096803726424e-05,0.003129202750475973,49281699
t5,700,474,1.5453953731063782e-05,1.5563589623936207e-05,0.006925902833002306,48978348
t5,700,475,1.5438535540156563e-05,1.6184665359054077e-05,0.0018974228749649791,48896035
t5,700,476,1.5513407847881565e-05,1.445537107416387e-05,0.00326099598970928,48845469
t5,700,477,1.3319096828618873e-05,1.46334903034275e-05,0.003757981121435075,48897577
t5,700,478,1.4661335685692079e-05,1.3869012836073879e-05,0.0027889452074922414,48855282
t5,700,479,1.0982989661273441e-05,9.722209556019248e-06,6.247889231212663e-05,49185018
t5,700,480,2.2909362737702472e-05,2.3196116469226478e-05,0.0013245002006986128,48968753
t5,700,481,2.1928131410880798e-05,2.2086136942044576e-05,0.008255527152910343,49166309
t5,700,482,1.9932642321818457e-05,2.126151516789023e-05,0.007597457906510269,48595981
t5,700,483,2.230714405591659e-05,2.220986537101329e-05,0.002065609473580257,49081174
t5,700,484,1.6919824550336902e-05,1.8786494497795284e-05,0.001651492947073952,48830113
t5,700,485,9.66840196963797e-06,9.905501910388765e-06,-0.001876566219496423,48642414
t5,700,486,1.0542139851256127e-05,9.406225747785192e-06,0.0003891859979722832,48914454
t5,700,487,1.5417326678329002e-05,1.558253009896846e-05,-0.0002011103513280103,48968610
t5,700,488,1.2023035631311239e-05,1.1466129393613842e-05,0.0005880567777477,49264341
t5,700,489,1.164910737642184e-05,1.1981065657202185e-05,-0.000195352730020714,48782004
t5,700,490,9.020634781768961e-06,7.865599927600985e-06,-0.001763749005074168,49074288
t5,700,491,1.9481850673913433e-05,1.883161308545862e-05,0.003233106502001438,48760603
t5,700,492,1.103866024266599e-05,1.1320000035256825e-05,0.0011385638840781572,49344207
t5,700,493,1.0350612784760915e-05,9.49538250035892e-06,-0.00346672507147606,48876036
t5,700,494,3.327127128236114e-05,3.433111948013569e-05,0.011880867996105625,48968659
t5,700,495,9.437082044636555e-06,9.409750901955129e-06,4.46766011825451e-05,48824261
t5,700,496,5.990992111559209e-06,5.809027747529299e-06,-0.003826154932421991,48842937
t5,700,497,1.2175546505895615e-05,1.2721535408254667e-05,-0.0004955564448409652,49099201
t5,700,498,9.004263641082095e-06,8.876338690615577e-06,-0.0025926182919597694,48892691
t5,700,499,6.027120802709161e-06,5.780797328159182e-06,-0.005382925538071032,48775674
t5,1000,0,9.116601693062759e-06,8.86538200803228e-06,-0.0007038665716629211,100497790
t5,1000,1,6.390859326504597e-06,7.194351682767963e-06,-0.0005637647167004306,100607020
t5,1000,2,5.93641872682508e-06,5.722916266617377e-06,-0.001566186232276014,100178610
t5,1000,3,5.3876896032924e-06,4.687878176368258e-06,-0.0003623572767445654,100322000
t5,1000,4,1.1338852044394075e-05,1.0046127704581502e-05,0.0010986120869065285,100258370
t5,1000,5,1.6138236066490398e-05,1.7160956271380466e-05,0.003567881890244926,99563970
t5,1000,6,9.511353623288528e-06,9.104638928606877e-06,-0.0036761957308737003,99296200
t5,1000,7,1.268944610647219e-05,1.2916381883062065e-05,0.005843974813327926,99267010
t5,1000,8,1.0443903531922108e-05,1.0049051795931029e-05,0.0003536581919994472,100120550
t5,1000,9,4.396499059582987e-06,4.4245955410223e-06,-0.0018438507770049972,100254390
t5,1000,10,5.720705556048764e-06,5.402835048651476e-06,-0.00194378993796608,99814690
t5,1000,11,6.547401362395509e-06,4.8225232792156565e-06,0.000316529563171717,99620100
t5,1000,12,1.1504284681997306e-05,1.1296467857954465e-05,0.004590103401769841,100148190
t5,1000,13,2.3379841661928633e-06,2.1085428514507654e-06,-0.002850613963880698,99583600
t5,1000,14,4.6007685669412626e-06,4.528428826042341e-06,-0.003744988924015734,99540690
t5,1000,15,7.326343368521669e-06,7.953175656928768e-06,0.002037040085320891,99656410
t5,1000,16,1.4669759562712023e-05,1.573724594199531e-05,0.004174467218717264,99411390
t5,1000,17,5.265443073372586e-06,5.395383067308243e-06,-0.002490438302446656,100395980
t5,1000,18,1.0834323691644579e-05,1.0739779921052832e-05,0.003999864651672448,99709990
t5,1000,19,5.4267406808864685e-06,5.2961465695759585e-06,-0.0020074767268669106,99719890
t5,1000,20,1.1575270845073484e-05,1.2905097963014792e-05,0.00010553228031575878,100231470
t5,1000,21,1.9938583287649925e-05,2.1046204389570103e-05,0.004216247887563017,99833710
t5,1000,22,6.933292901567414e-06,7.31497266374103e-06,-0.0013884788538555655,99542820
t5,1000,23,5.982908565256705e-06,5.089832866090368e-06,-0.0024154858027626396,100386290
t5,1000,24,1.5690774577311024e-05,1.563993601543137e-05,0.002776149719622042,99952620
t5,1000,25,5.852085170003772e-06,5.204678165918558e-06,-0.0028251930849120467,99784150
t5,1000,26,1.1441168497878659e-05,1.177953289670028e-05,0.003494574760455975,100144410
t5,1000,27,5.8017252231611535e-06,2.6586127588839214e-06,0.0006274837348228456,99675860
t5,1000,28,5.60817782682856e-06,5.550807803232515e-06,0.001732090699600259,99841490
t5,1000,29,5.690961144491115e-06,5.813245973114494e-06,-0.004283483552314658,99490830
t5,1000,30,4.276388817047376e-06,3.5596774874796415e-06,-0.003782638215075108,100194220
t5,1000,31,4.305532211260942e-06,4.164529273924093e-06,-0.0005644834413207858,99780180
t5,1000,32,5.1161765992043e-06,5.1121249108486225e-06,0.0005919564844484295,100221830
t5,1000,33,2.64822834359024e-05,2.6200760492497535e-05,0.008070690300237618,99523870
t5,1000,34,1.3481135926091334e-05,1.4309920927448412e-05,0.0021425525838555766,100198080
t5,1000,35,1.2815807739103163e-05,1.2089478688780282e-05,0.0014546249611543354,100660900
t5,1000,36,1.1888612240162227e-05,1.065066823877634e-05,-7.859807612149136e-05,100341310
t5,1000,37,5.028463326917577e-06,4.313979475233407e-06,-0.004607615507897446,100050800
t5,1000,38,4.599385913945656e-06,7.187861726070063e-06,-0.0007225161243440327,99722230
t5,1000,39,1.3796996048633594e-05,1.3896858275848416e-05,0.001475707633078401,99770360
t5,1000,40,1.0386020411033959e-05,1.0514956862001872e-05,0.0006266881564504417,100305010
t5,1000,41,1.884674864011156e-05,1.8814035228181605e-05,0.003374120724966587,99322610
t5,1000,42,1.0298518154713559e-05,9.724840555926092e-06,-0.0009690178027192734,99854940
t5,1000,43,1.4243692449635562e-05,1.550100614098659e-05,0.0030633688365079414,99904480
t5,1000,44,6.247618600056258e-06,6.279207040193517e-06,0.0014873158389257643,99247130
t5,1000,45,2.0025202611567232e-05,1.8348199731748767e-05,0.006868411472143529,99975660
t5,1000,46,8.465843863174292e-06,7.306302339054505e-06,0.0034234330609339315,100202310
t5,1000,47,8.913295817845252e-06,8.430857161594855e-06,-1.974766063633747e-06,99976730
t5,1000,48,1.4585132248528817e-05,1.599806091037312e-05,0.004088982148733577,99667670
t5,1000,49,4.607895480330293e-06,5.82213348394706e-06,-0.00017899362273080465,99512590
t5,1000,50,8.213049714949714e-06,7.215336743888697e-06,0.004549307286500453,99883170
t5,1000,51,3.828916651939557e-06,3.96128642023551e-06,-0.0031328996789886875,100776620
t5,1000,52,6.3877653987199764e-06,6.981300964108053e-06,0.002457685865470779,99680140
t5,1000,53,1.0082169011719778e-05,1.069284794571761e-05,-0.00159654931161416,100063840
t5,1000,54,1.2452373477086612e-05,1.1310810793386614e-05,0.0038943204797856268,99947540
t5,1000,55,1.6617789327107202e-05,1.6377110064279237e-05,0.0017568847344474003,100375870
t5,1000,56,1.0209894390579939e-05,9.958262213808565e-06,0.001951587897201943,99699910
t5,1000,57,5.06847366402216e-06,4.565790792982399e-06,0.0001350782423153147,99875860
t5,1000,58,1.1154729287818554e-05,1.1465055820378636e-05,0.0024511739472613176,100013770
t5,1000,59,5.396871134008673e-06,4.585045336347326e-06,-0.003910138241133584,98937700
t5,1000,60,1.877381877482839e-05,1.9138694875819135e-05,0.003914461072944674,100034760
t5,1000,61,9.03131692321086e-06,9.305982527532571e-06,-0.0008896127852243032,100212090
t5,1000,62,8.544104989811537e-06,7.866061460448991e-06,0.001946489327266076,99521150
t5,1000,63,6.822253197870706e-06,6.302357554376543e-06,0.002764793073410739,100124990
t5,1000,64,8.856737937302896e-06,8.528551534834798e-06,0.001106953051226125,99917010
t5,1000,65,1.3542963918913818e-05,1.1847860727996965e-05,-4.3036661189181076e-05,100329450
t5,1000,66,2.988705532771358e-06,3.7083988363715446e-06,-0.0008863540087592243,99092160
t5,1000,67,1.555985541680321e-05,1.5961245769606572e-05,0.004324474255322657,99599750
t5,1000,68,6.489699126557779e-06,6.5226215574389056e-06,0.0007043485586323704,99781320
t5,1000,69,3.8638683535561104e-06,4.799765731011662e-06,-0.0016383602708440865,99585900
t5,1000,70,1.4609227858445582e-05,1.4497365291580494e-05,0.0018921310323932628,99613670
t5,1000,71,1.339814409600899e-05,1.2524056459745424e-05,0.0017935812077919798,99817580
t5,1000,72,6.005261241201316e-06,5.614096180868191e-06,-0.0015626423296703246,100226360
t5,1000,73,1.5190479477067612e-05,1.6809750540809086e-05,0.00803064188349057,100047770
t5,1000,74,7.374091257728089e-06,6.741313295266084e-06,-0.0015269959024003918,100273930
t5,1000,75,1.7936955284184333e-05,1.626837094202946e-05,0.007507772508683155,99632560
t5,1000,76,6.2906185559327154e-06,5.683926207188322e-06,-0.0037359254544950433,100424360
t5,1000,77,1.3184789533730164e-05,1.3158839126885436e-05,0.005815320978305057,100364320
t5,1000,78,1.2105109446746181e-05,1.2315763645368968e-05,0.0005940207885536227,100043000
t5,1000,79,4.5039779246523055e-06,4.130782581311467e-06,-0.002745973153898108,99737250
t5,1000,80,6.787125970474672e-06,7.747342924639925e-06,-0.0006272855357393293,99968930
t5,1000,81,8.989358547972928e-06,9.128510005940523e-06,-0.0012548803851994725,99414250
t5,1000,82,6.7761303002602945e-06,5.884154720268045e-06,-0.0016353697926943462,99959740
t5,1000,83,1.5578207779638268e-05,1.8584442233719432e-05,0.00653388993623823,99210880
t5,1000,84,8.076178889914074e-06,6.9079500700056354e-06,-0.0009448977297990133,100125030
t5,1000,85,1.678566054389905e-05,1.539720703574777e-05,0.0005394700642222508,99824240
t5,1000,86,5.196099617881843e-06,5.205209440872164e-06,-0.0022863019728472235,100206960
t5,1000,87,6.543301702427203e-06,5.626258951739891e-06,-0.0009050968155506464,100446080
t5,1000,88,1.2022695257243376e-05,1.0352935007388014e-05,-0.0021652870402605047,100016980
t5,1000,89,9.195032314300023e-06,8.962858971826139e-06,-0.002953060707910074,100417540
t5,1000,90,1.43440188962301e-05,1.4952488157335769e-05,0.002920327372441096,99454500
t5,1000,91,1.4192324225197607e-05,1.2475127167082838e-05,0.008046685542058903,99775450
t5,1000,92,1.3223272066462565e-05,1.3068337081657828e-05,0.002628854213626156,100003960
t5,1000,93,6.306010282117777e-06,6.136565812900229e-06,0.00078617818003485,100302590
t5,1000,94,5.591759659287204e-06,6.436504873684648e-06,-0.0023602017374611105,99647250
t5,1000,95,1.6393434443284025e-05,1.6116522987832202e-05,0.004100437480712981,99559010
t5,1000,96,6.4671540717454005e-06,7.277950562518769e-06,-0.0003998033625741667,100208220
t5,1000,97,4.2049804388626556e-06,3.7134905292968126e-06,-0.002313052991462623,100206010
t5,1000,98,8.85072178231006e-06,8.526221169221447e-06,-0.00019186339722018317,100684890
t5,1000,99,1.0456552711143919e-05,1.108595903111621e-05,0.0009173120694591571,99567850
t5,1000,100,8.208717509569297e-06,7.345972558014758e-06,-0.0019014669929705386,100263120
t5,1000,101,7.132463564704606e-06,6.6872136892726685e-06,0.0010986390786541721,99917440
t5,1000,102,1.086616079728672e-05,9.599836144364143e-06,0.0003305544375539677,100301020
t5,1000,103,6.623033734835409e-06,7.109491261489632e-06,-0.0047491277683808395,99287280
t5,1000,104,1.600466793589259e-05,1.6898222254819976e-05,0.003583603181763979,99699880
t5,1000,105,7.699241430623957e-06,7.9908546166219e-06,0.0006782886652670899,99501030
t5,1000,106,8.103252782499875e-06,9.12556731670445e-06,0.002556632910498348,99460330
t5,1000,107,6.587205528518562e-06,8.043320282069845e-06,-0.0007759176257019529,99661550
t5,1000,108,1.0831649248292791e-05,1.0465525966520157e-05,-0.00019268566764886198,100041790
t5,1000,109,8.098792272686885e-06,9.322301574933552e-06,0.0027119020983271958,100168090
t5,1000,110,5.226250019426164e-06,4.826386416917517e-06,0.0015746956974976112,100309400
t5,1000,111,2.4073329375661567e-05,2.509402466152132e-05,0.00907913922982457,99730170
t5,1000,112,5.264807013623258e-06,5.1550669649541166e-06,-0.0013310606739230957,99725290
t5,1000,113,6.6778521487820694e-06,6.845255450616739e-06,-0.0017319307812944725,99066270
t5,1000,114,1.1382061299746856e-05,1.250130895669467e-05,0.003104852898250975,99937460
t5,1000,115,1.1192925690149758e-05,1.0877952967063816e-05,0.0017359007288572075,99376480
t5,1000,116,1.1894214221643017e-05,1.0468088286296018e-05,0.0019519612296236208,100450510
t5,1000,117,8.171819499405568e-06,7.794517565209859e-06,0.0006827373758408087,99559420
t5,1000,118,9.225223586833212e-06,9.592897864648332e-06,0.0008457249467640138,100425950
t5,1000,119,1.182155754799086e-05,1.0791733519961536e-05,0.0008175116447232183,100046770
t5,1000,120,1.0159644601723829e-05,9.789288601334138e-06,0.003121575689125346,99626830
t5,1000,121,5.1331481898067e-06,4.983318856813068e-06,-0.001134426617858403,100013650
t5,1000,122,7.458354630159091e-06,8.679042566646628e-06,-0.0007967655596435159,99364450
t5,1000,123,1.6208758178481587e-05,1.72459877494662e-05,0.0016645672419122234,99722010
t5,1000,124,9.560373006626515e-06,9.603279902793019e-06,0.00340577780783607,100237390
t5,1000,125,1.2229008099766901e-05,1.1759848287272762e-05,0.0018261509970097262,99848410
t5,1000,126,7.718953545336564e-06,7.125583068173656e-06,0.0015897269000445275,99821090
t5,1000,127,6.705006035746023e-06,6.453560924957124e-06,-0.0024001360601606293,100072070
t5,1000,128,1.627956262355379e-05,1.785844727204906e-05,0.002970794529539601,100537500
t5,1000,129,8.471712782572678e-06,8.05704123400593e-06,-0.0010837185979658054,99705110
t5,1000,130,5.326145483559472e-06,5.328321982323433e-06,-0.0025243164708610923,99501270
t5,1000,131,7.498262535428617e-06,8.88752830233827e-06,0.00015137983932836494,100427350
t5,1000,132,4.696932370820324e-06,4.611613870209749e-06,-0.0006104622079971469,100046820
t5,1000,133,1.0258231964160586e-05,1.133571438124321e-05,0.00044791951378771443,99985430
t5,1000,134,8.99881905974108e-06,7.738434964829189e-06,0.002209401289843206,99818250
t5,1000,135,1.1334512486306046e-05,1.2277109958717243e-05,0.0009891874493114052,100358090
t5,1000,136,8.958955735527287e-06,9.317663701184336e-06,0.0007907656548446846,100064980
t5,1000,137,2.0182201963807126e-05,2.0248765085713804e-05,0.0014965207863621372,100345400
t5,1000,138,1.269218564523879e-05,1.2766886719337804e-05,-0.0010753578460148856,99900270
t5,1000,139,8.645827869551323e-06,8.169164933135113e-06,0.0025342674226577983,99014730
t5,1000,140,3.8890923816472305e-06,4.108727986615529e-06,-0.0025993744811208253,100458780
t5,1000,141,9.340932759556561e-06,9.376726899152613e-06,0.0026864629787682975,100404540
t5,1000,142,9.736158753064422e-06,1.063605349761096e-05,0.0031852606377160454,98785320
t5,1000,143,5.951685776573962e-06,6.66819559758297e-06,0.001100570253277307,99860000
t5,1000,144,1.0139473735099303e-05,1.0116373146756193e-05,0.00032148751930683546,99969750
t5,1000,145,6.1305993416898425e-06,7.390058867020401e-06,-0.002054898209089545,99356980
t5,1000,146,3.6206801276749357e-06,4.37538217890349e-06,-0.0020187056447956973,99147510
t5,1000,147,9.591767386403584e-06,9.595947755175874e-06,0.0012469908877499039,100759350
t5,1000,148,6.967093097420816e-06,6.884447270043794e-06,-0.0020180095062637265,99619960
t5,1000,149,5.912052637753948e-06,5.836746815432172e-06,-0.0038484723191222754,99873020
t5,1000,150,7.0271836493553215e-06,7.2877046543872345e-06,-0.005163311066366543,99867170
t5,1000,151,1.0604970672851845e-05,1.0648335937325677e-05,0.0015716304377912194,100125350
t5,1000,152,1.1951381590485934e-05,1.2041349879948912e-05,0.00021268958959456825,99828940
t5,1000,153,5.009746398002177e-06,4.33785866197969e-06,0.0001536974915010208,99491490
t5,1000,154,7.08696988256131e-06,6.480225778541512e-06,-0.0038334796752606017,100166170
t5,1000,155,1.0217762075807189e-05,1.0596693525688965e-05,0.003826079680421467,99971270
t5,1000,156,7.5981664018467584e-06,8.405946355625014e-06,-0.0023676532641360285,100352290
t5,1000,157,9.103608852851263e-06,1.0366128837835749e-05,0.0020073966864162453,99501860
t5,1000,158,1.119610593648159e-05,1.1092520868599865e-05,-0.00015162402418864815,99966720
t5,1000,159,1.1274326809549543e-05,1.2506262146870722e-05,0.001045338456473535,99859870
t5,1000,160,7.532782059648817e-06,7.769691452761584e-06,-9.699857368382902e-05,100083170
t5,1000,161,6.678675605733993e-06,7.543668657429553e-06,0.0025308346774236966,99436060
t5,1000,162,6.849705895460945e-06,5.4161450275196595e-06,-0.0005283166963942132,99795740
t5,1000,163,4.688645968449287e-06,4.619622464529819e-06,0.0003028695874527435,100670190
t5,1000,164,5.375994512178005e-06,5.943713313845592e-06,-0.0021270040586067423,99438270
t5,1000,165,7.313288211211405e-06,7.278850483266024e-06,-0.002832205967399406,100266470
t5,1000,166,6.543662107325455e-06,8.140429106104504e-06,0.001599726182443586,99936370
t5,1000,167,6.444895866355144e-06,7.22758108688748e-06,-7.398211936889533e-05,99061280
t5,1000,168,8.3508194743952e-06,6.997675981757336e-06,0.001792326184389891,100100410
t5,1000,169,1.1095165378441452e-05,9.939612435895486e-06,-0.0020429812710685276,99281100
t5,1000,170,1.331723793441392e-05,1.2633486087014946e-05,0.004326632589680621,100643640
t5,1000,171,7.638211860922618e-06,6.1339652308963975e-06,0.0008451309220671188,99929820
t5,1000,172,8.165141569655732e-06,9.31381042023958e-06,0.0022140934121638355,100216000
t5,1000,173,5.1698641341118125e-06,5.877232562551061e-06,-0.0009210956148160788,99622360
t5,1000,174,8.948401563985023e-06,8.963043166952154e-06,-0.0016011783509355677,100254960
t5,1000,175,5.2789136371712605e-06,4.80476818210009e-06,-0.004952017794509644,99867030
t5,1000,176,2.3256235847972834e-05,2.299742127417897e-05,0.009642378271219656,100221610
t5,1000,177,9.763531118917854e-06,9.747815497971703e-06,-0.0011597135033522752,99396920
t5,1000,178,1.3059555665375127e-05,1.3640167230811565e-05,0.0056795799244639626,100346940
t5,1000,179,7.406590421084705e-06,7.819779644297944e-06,-0.004117769931757232,99732450
t5,1000,180,1.1301149291414923e-05,1.0807830409037813e-05,8.876421588079975e-05,100155590
t5,1000,181,1.0215809941460305e-05,1.0790931663458131e-05,0.0019422333921853285,99885580
t5,1000,182,5.950378809523138e-06,5.509020394253515e-06,-0.0037138654876661694,99722600
t5,1000,183,1.5971026368135082e-05,1.653989549984958e-05,0.005427697923039447,99931450
t5,1000,184,1.209320356254197e-05,1.2014867694108867e-05,0.0017812090416973487,100182230
t5,1000,185,8.961109521222735e-06,1.0033497510668105e-05,0.0020929857493297327,100008450
t5,1000,186,8.13881020015924e-06,7.72088616948586e-06,0.006468846888620486,99573590
t5,1000,187,1.091068189951306e-05,1.1741300847269331e-05,0.0009971642059730735,99734880
t5,1000,188,1.4522446084237551e-05,1.5470133971679056e-05,-0.0015987827355764923,100152360
t5,1000,189,4.184999908560497e-06,4.684340214890024e-06,-0.004586170981615226,99244900
t5,1000,190,9.565372361455213e-06,9.79897530756643e-06,0.001273134130928666,99912780
t5,1000,191,5.989009722279603e-06,6.234371445834508e-06,-0.0017328792681735943,99920630
t5,1000,192,1.354267809699073e-05,1.4259678708190288e-05,0.0003772500705698814,99636250
t5,1000,193,9.741665088964278e-06,8.707309484403977e-06,-0.0007703067178410178,99605340
t5,1000,194,4.6343419162733204e-06,3.5453877132438805e-06,-0.000935510952098564,101137470
t5,1000,195,6.1859007795656765e-06,5.353388563357277e-06,0.0005919022189590007,99830570
t5,1000,196,1.1943690718363748e-05,1.3253689388818416e-05,0.0020553157271070576,100414920
t5,1000,197,1.1413956194480617e-05,1.2808544341730757e-05,0.004534610376161296,100261400
t5,1000,198,1.048821791995268e-05,1.1540103503778444e-05,0.0018863493907629357,99366240
t5,1000,199,1.1567574772328871e-05,1.1108129494224101e-05,0.0003620195219650965,100580010
t5,1000,200,1.750697271025317e-05,1.708735318507189e-05,0.0055288425327606775,99266090
t5,1000,201,1.0061138833764747e-05,9.305390669223725e-06,0.00030444552511974107,99704320
t5,1000,202,4.246044440322438e-06,5.457329296791315e-06,0.0014111796285477967,99739490
t5,1000,203,1.0767804171379351e-05,1.0365131760447835e-05,-0.002853722085927159,99625880
t5,1000,204,5.978096099119987e-06,5.2902481625801775e-06,0.000426951161370403,99832860
t5,1000,205,6.242160740952002e-06,6.4966426080932864e-06,-0.0026037371274835984,99264690
t5,1000,206,1.1355994148051835e-05,1.2098702309444836e-05,0.0015549728680771535,99261740
t5,1000,207,1.0904531059092e-05,1.1444738034810586e-05,0.002178498396727438,99516030
t5,1000,208,9.628713755908876e-06,1.0345383527092673e-05,0.0007501462323907168,99681470
t5,1000,209,1.2909393680911124e-05,1.3605104429764154e-05,0.004790076261981426,99934330
t5,1000,210,6.3522326038092906e-06,6.576807909956645e-06,0.0005010237758398293,100590340
t5,1000,211,1.1388298454105656e-05,1.1648084470967917e-05,0.00015665190474474557,99745450
t5,1000,212,6.7411087597737145e-06,6.789548013065472e-06,-0.0017849583433310618,99745140
t5,1000,213,7.198707081120762e-06,7.288262285265295e-06,-0.0006341841335933726,100041730
t5,1000,214,5.702928574256017e-06,5.666483966250063e-06,0.0033055645578460883,100026250
t5,1000,215,4.429168746398337e-06,4.446954085848897e-06,0.000279004741508616,100125740
t5,1000,216,9.52017772228725e-06,8.30650812438178e-06,-0.0017960944336474387,99978180
t5,1000,217,9.631382888390952e-06,1.0864103450819965e-05,-0.0001268738053329313,100482860
t5,1000,218,1.8924713796770494e-05,1.7771199197228187e-05,0.0020865966988734084,99763590
t5,1000,219,1.2992096401142172e-05,1.3194664249032493e-05,-0.001481785263972521,99291710
t5,1000,220,5.8554329435025985e-06,6.31633235681263e-06,-0.0013090488090172598,99662820
t5,1000,221,8.134238712496812e-06,7.600248294754864e-06,0.0016488037925553136,99255270
t5,1000,222,6.204642026586056e-06,4.2483214210326135e-06,-0.0007765325190802802,99481350
t5,1000,223,1.3321461426282258e-05,1.4301623090114289e-05,0.004317556695197789,100159630
t5,1000,224,1.4983141293281517e-05,1.5668957715796276e-05,0.006650927168479938,99296200
t5,1000,225,5.272738549013954e-06,3.3287006529293034e-06,-0.0003568723605925934,100232530
t5,1000,226,8.316260824635588e-06,8.228572785186433e-06,0.0007146097906335033,100200970
t5,1000,227,5.872973616038073e-06,4.885868521791766e-06,0.004475782203608089,100253780
t5,1000,228,5.502832388589443e-06,5.607677025433562e-06,-0.0004664364356209301,99988700
t5,1000,229,3.995362909568244e-06,4.134666332929486e-06,-0.0033729288676826365,100220530
t5,1000,230,7.592891090303383e-06,7.365188371149037e-06,0.0033335202842483297,100048910
t5,1000,231,1.5465970466766493e-05,1.580278216091182e-05,0.004983164140454394,99401520
t5,1000,232,6.745488881346078e-06,7.047595146509402e-06,-0.003956621285465614,99600220
t5,1000,233,6.097711092831397e-06,7.000186567898359e-06,-0.0021121224269411844,99431780
t5,1000,234,1.38599266314417e-05,1.4445599383012901e-05,0.003066561829877936,99528350
t5,1000,235,4.880801274149931e-06,4.852099201485613e-06,-0.003199126481139265,100204320
t5,1000,236,3.982822706999219e-06,3.209842478022701e-06,-0.0008103988032727102,99603180
t5,1000,237,8.02995227828672e-06,6.851705201931003e-06,-0.0017221797982836724,98867620
t5,1000,238,1.1783292442629285e-05,1.1596004864453543e-05,0.0009026546852942878,100305940
t5,1000,239,1.1509205963330795e-05,1.2203968256390513e-05,0.002288203895569655,99109150
t5,1000,240,9.17140085290433e-06,1.0100276215390023e-05,0.0028604279275265456,100923940
t5,1000,241,5.897035768903638e-06,6.3752954639192086e-06,-0.0007892771691611761,100350020
t5,1000,242,5.400604323938087e-06,5.901125297782929e-06,7.140827260439693e-06,100023760
t5,1000,243,1.2324236352229938e-05,1.3356307108870241e-05,0.0002292369321278026,99795870
t5,1000,244,6.157276559593609e-06,6.08264566872808e-06,-0.001560733502537517,99714250
t5,1000,245,8.768175439121658e-06,9.89886381109004e-06,0.0023398607866057324,100184680
t5,1000,246,1.4979523848601211e-05,1.5299136967975902e-05,0.007641531807554582,100441980
t5,1000,247,6.275849631308905e-06,6.868156939430893e-06,-0.0029218975148159253,100011560
t5,1000,248,5.273381829060237e-06,5.780630321453465e-06,-0.0023790101141034498,99911380
t5,1000,249,7.966448416711669e-06,7.203856836954486e-06,0.0006867845889026,99912930
t5,1000,250,1.2552623865009103e-05,1.311954115899253e-05,0.002285879680046116,100222720
t5,1000,251,9.538228508651495e-06,1.0782617608295446e-05,-0.0007724972319208606,100094140
t5,1000,252,5.461598432386974e-06,5.335690183189039e-06,-0.0005671818969230629,99612380
t5,1000,253,9.164725781714246e-06,9.58304766516667e-06,0.0019176017720216314,100004560
t5,1000,254,9.957531812539139e-06,1.0566698695191295e-05,0.0005631194729793471,100121110
t5,1000,255,1.1731880490072163e-05,1.1873301846309401e-05,0.0016681412940952771,99726300
t5,1000,256,9.87750442536587e-06,9.736504342687189e-06,0.003518432776229094,100070720
t5,1000,257,1.6399693074886575e-05,1.620736552233102e-05,0.006035571937862787,100458010
t5,1000,258,7.5766404976586844e-06,6.9796046422174306e-06,-0.002200058457301055,99438930
t5,1000,259,4.501440113644721e-06,2.683344539930039e-06,0.0005768044121209422,99915320
t5,1000,260,4.112240267164016e-06,3.6601531977974655e-06,-0.00296641766681169,99895640
t5,1000,261,6.369717818730834e-06,7.195278348745714e-06,-0.003137464129331826,99845810
t5,1000,262,1.1722459653159995e-05,1.3676755017335252e-05,0.0044931877013935,100297580
t5,1000,263,1.3172381335857506e-05,1.3902871212414067e-05,0.0009788337761987443,100213760
t5,1000,264,6.4354651560738645e-06,5.793503450052154e-06,0.005229838024378724,100022120
t5,1000,265,2.3304316529909182e-05,2.463130183811135e-05,0.01032153609273546,99361930
t5,1000,266,5.274087721055816e-06,5.366636293043983e-06,-0.0011543514586127626,99621180
t5,1000,267,1.0057094176334105e-05,9.742946713914712e-06,-0.0003303651347898269,100904630
t5,1000,268,1.0620781932746638e-05,1.1651961416339671e-05,-0.001443341998972368,99809030
t5,1000,269,1.745053114450704e-05,1.6905686004201854e-05,0.006934228187735932,99668850
t5,1000,270,6.901566374927859e-06,6.424729472894372e-06,-0.0009543783206204872,99782240
t5,1000,271,1.657282067876813e-05,1.7362916019697958e-05,0.004896161374244672,99780460
t5,1000,272,5.2371675920832275e-06,4.873126786468688e-06,0.001105988929575721,99864550
t5,1000,273,1.3560470359672153e-05,1.4193381237723856e-05,0.0028219487731422615,99260590
t5,1000,274,8.476699473162112e-06,8.861355715407297e-06,0.0008289853967764091,99930200
t5,1000,275,7.246914139846753e-06,7.11236335941682e-06,0.002251420771889199,99814650
t5,1000,276,7.1355069066139845e-06,6.288065178377973e-06,-0.0039529147837350734,100370480
t5,1000,277,5.710117590285917e-06,7.160458188570653e-06,0.001997320821283628,100246860
t5,1000,278,8.102420737175768e-06,8.422863585150432e-06,0.002518435835343619,99777260
t5,1000,279,1.0565507706833221e-05,1.132405953243657e-05,0.0055947103103455055,100293870
t5,1000,280,8.290876935390976e-06,8.434210893485452e-06,0.0031526753623398775,100387800
t5,1000,281,5.318509283859405e-06,4.422804866172815e-06,-0.0003079140595006546,99780420
t5,1000,282,6.691040606545953e-06,6.213437583768844e-06,-0.0037158341368421464,100150650
t5,1000,283,8.94853939446132e-06,8.562279050812478e-06,-0.0003915401975532037,100077170
t5,1000,284,6.781064740944324e-06,6.196873643971214e-06,0.0006598624787356083,98678040
t5,1000,285,9.2671718766227e-06,1.0445120963498067e-05,2.214205722989344e-05,100513800
t5,1000,286,8.342360833588014e-06,9.353531628338806e-06,-0.0003355760459698329,99776320
t5,1000,287,8.896446597864219e-06,9.405130347756555e-06,0.0035962919621315283,99013590
t5,1000,288,8.135908018654537e-06,6.335728707735798e-06,0.0025513335114981323,99859900
t5,1000,289,5.6185154754637895e-06,5.176515172275602e-06,-0.0018753035601165985,99817180
t5,1000,290,5.4035133447868565e-06,6.106724386717701e-06,-0.001699557046213439,100710020
t5,1000,291,1.169416735120868e-05,1.2065398411331618e-05,-0.0009806743810918696,100449630
t5,1000,292,4.743836279322613e-06,5.048091343304075e-06,-0.0054142116307438395,99996950
t5,1000,293,8.854855579366066e-06,8.758399140089791e-06,-0.0024714616200624583,99589690
t5,1000,294,6.314526654953431e-06,7.3073062195816915e-06,0.0036822556850645023,100376400
t5,1000,295,5.273538120477825e-06,5.095902463864092e-06,-0.0011896119499635773,100291530
t5,1000,296,1.2721120305033334e-05,1.231026477523909e-05,0.0021577968329361276,99447120
t5,1000,297,1.3975768928331019e-05,1.3919569628444074e-05,0.005836612234878274,100268120
t5,1000,298,7.620041334126663e-06,7.703845662189854e-06,-0.0020450891061688414,99311350
t5,1000,299,1.4233334765093241e-05,1.6312679012628495e-05,0.0026865292252336707,99856670
t5,1000,300,6.722453078853772e-06,7.504068962627315e-06,-0.0016324291867893955,100201740
t5,1000,301,1.1474021318840433e-05,1.1570060307475567e-05,0.004100021358048307,99699560
t5,1000,302,5.231613486312249e-06,6.848292865480345e-06,0.0012219093569617817,99971190
t5,1000,303,1.377548661949194e-05,1.3441471258099605e-05,0.0028223764160541665,100022760
t5,1000,304,8.075245977912855e-06,7.738522169867507e-06,0.0018461376759547029,100057120
t5,1000,305,5.940312248225809e-06,5.941472944127494e-06,-0.0014251799561669862,99745630
t5,1000,306,8.514165559541491e-06,7.3551004729395104e-06,0.00022723285449867837,99909640
t5,1000,307,3.1598778959566953e-06,3.285280113328493e-06,-0.003146735472576805,99035860
t5,1000,308,1.1078829923833253e-05,1.1186575639470124e-05,0.005605180915614943,100213250
t5,1000,309,7.261297724247681e-06,6.351919566141462e-06,-0.0011993601642862938,100367110
t5,1000,310,1.1172068540919308e-05,1.1466270222034942e-05,0.0062641664371546925,100096270
t5,1000,311,4.044030622663012e-06,4.093913424788835e-06,-0.0008429546922958624,100125670
t5,1000,312,4.455296448213056e-06,4.942646689380759e-06,-0.002490317836340939,100023340
t5,1000,313,6.8988855558449835e-06,7.4546707146718846e-06,-0.0019345256999672917,100140340
t5,1000,314,1.0690207204243451e-05,9.429651699776891e-06,-0.0014228718797620265,100041550
t5,1000,315,8.980266498276497e-06,8.15857726262065e-06,0.0024296287373434776,99438620
t5,1000,316,1.2155851515116898e-05,1.3237889244660373e-05,0.0015093377564699983,99589500
t5,1000,317,6.3708210599818555e-06,5.547625835396843e-06,-0.000408839436450937,99761390
t5,1000,318,9.60596017652822e-06,9.845214775236204e-06,-0.0028468195444299564,100184190
t5,1000,319,8.491715962352088e-06,7.370893181637397e-06,0.004089283223065061,100015800
t5,1000,320,9.352405824752739e-06,9.514511563417814e-06,0.00182070157500315,99710540
t5,1000,321,4.77826797536789e-06,4.870837144422168e-06,-0.003961009542196229,100211840
t5,1000,322,5.766652771921677e-06,5.963631699129936e-06,-0.0013747169414604873,99688480
t5,1000,323,9.493924841377823e-06,1.0187973587081462e-05,0.004864264032622963,99823990
t5,1000,324,7.208835778771696e-06,7.474801574007257e-06,-0.0030356619661749706,99713580
t5,1000,325,9.430179499759536e-06,8.613141200359004e-06,-0.001447739996630837,99743260
t5,1000,326,8.367741325883865e-06,9.104872302173759e-06,0.0009452663150388235,100822020
t5,1000,327,5.884721767853082e-06,6.59911356320645e-06,-0.00034270919664616497,99417460
t5,1000,328,9.788556891133409e-06,8.330925729540596e-06,-0.0010226634017824429,100141830
t5,1000,329,8.808109914489519e-06,8.27379418646458e-06,0.00014427364709898748,100322900
t5,1000,330,8.716908433392086e-06,8.9882071490202e-06,-0.0016662676313491608,99881820
t5,1000,331,1.143420264751306e-05,9.783318515981224e-06,0.0015352458261132362,100512390
t5,1000,332,7.048591660424565e-06,6.447626481089475e-06,-0.001351879344639823,101114090
t5,1000,333,1.1848312531630688e-05,1.2112016495519122e-05,0.0027203936359351667,99277950
t5,1000,334,7.849093424794114e-06,7.78277639688498e-06,0.0002108844952398776,100402560
t5,1000,335,8.889059539844765e-06,1.0260255188893468e-05,0.0002733601414410342,100012560
t5,1000,336,5.764668612195275e-06,5.0422093389310836e-06,-7.440133977719069e-05,99926130
t5,1000,337,9.060809317977306e-06,9.760011366151723e-06,0.001318751376051559,99809160
t5,1000,338,7.847003897796366e-06,5.66055263454543e-06,0.009393638868922312,99940970
t5,1000,339,1.3495652124863272e-05,1.2553224081234899e-05,-0.0015735308627205344,99487570
t5,1000,340,1.4873216712884376e-05,1.5938465872813483e-05,0.0028480903992143414,100870930
t5,1000,341,9.562966343326974e-06,9.176657738244693e-06,0.0023713646349110763,99823070
t5,1000,342,6.989047934690734e-06,6.070860788939234e-06,-0.002234092106034608,100145900
t5,1000,343,1.440052014771133e-05,1.5382910371026196e-05,0.004469745133461381,99994420
t5,1000,344,1.0367369326115534e-05,9.412378986694756e-06,0.0015686994941686877,99348050
t5,1000,345,5.91789200482859e-06,7.82315539978104e-06,0.001602484335491455,100351970
t5,1000,346,5.954411230969034e-06,6.083152137523513e-06,-0.0052520951674776975,99994030
t5,1000,347,1.1505259183421045e-05,1.2371335453655067e-05,-0.0006113802417360748,99448560
t5,1000,348,8.428302540301223e-06,9.558292981855201e-06,0.004658314959062172,99927760
t5,1000,349,7.639862724923386e-06,7.916126874154498e-06,0.0017325364147324695,100008640
t5,1000,350,1.4449737548357137e-05,1.5447074514494326e-05,0.0028541051795141336,100090230
t5,1000,351,6.74643607541411e-06,7.297100276870729e-06,0.002403488353636589,99878630
t5,1000,352,8.559498838266186e-06,8.283704480970115e-06,-0.0022038762519313274,100584590
t5,1000,353,1.4153329893704874e-05,1.5189536097898597e-05,0.0033174358025926907,99878390
t5,1000,354,8.61501423490892e-06,8.707141746352909e-06,-0.0003410442593611982,99727300
t5,1000,355,5.230385850534552e-06,5.955075333687813e-06,-0.0020846947962452097,100679330
t5,1000,356,1.1024866780612309e-05,1.3255846040139833e-05,0.0017619560682031177,99435420
t5,1000,357,9.24012014979382e-06,8.091605047701536e-06,-0.0012805558384824303,99952350
t5,1000,358,1.1000840219945562e-05,1.2438768449464689e-05,0.0018221381324770808,99569900
t5,1000,359,9.526286117571735e-06,9.571949758804879e-06,-0.001236556196877166,100284910
t5,1000,360,5.5665674184535205e-06,5.5337418905656285e-06,0.0005090108170865481,99942810
t5,1000,361,9.595121837509102e-06,1.0926520782501394e-05,0.0034719263733996777,99526970
t5,1000,362,5.39391818471304e-06,6.160195178487609e-06,-0.0027233118862919404,99991140
t5,1000,363,6.517275371512015e-06,5.034811601135583e-06,0.000708062562798496,99905160
t5,1000,364,7.343538127759287e-06,5.905475373598355e-06,0.005395270050955494,99760040
t5,1000,365,1.0808044132735932e-05,1.1063711241769213e-05,0.002302001628383274,99778330
t5,1000,366,9.135064312738105e-06,8.440007734774549e-06,-0.001957531135098015,99786080
t5,1000,367,6.187633628553817e-06,6.082618929857572e-06,-0.003226168504617928,99871170
t5,1000,368,9.07915550572257e-06,1.173211590148809e-05,0.0024428372089334302,99510060
t5,1000,369,1.259642217598641e-05,1.1937760516904077e-05,0.004513715383025532,100049290
t5,1000,370,9.0971378743456e-06,8.796250557108727e-06,-0.00029583562669595846,99905860
t5,1000,371,1.1629188563173105e-05,1.2095691495246824e-05,0.002452766613683256,99909830
t5,1000,372,6.530739716480339e-06,7.481489830761517e-06,0.0043966096322991125,100528000
t5,1000,373,9.129524865383278e-06,9.93258150714224e-06,0.0006216203571280739,100771690
t5,1000,374,9.096845424045753e-06,9.109816379885152e-06,-0.0013500862452640147,99794950
t5,1000,375,1.0479652871128581e-05,1.0213687981605755e-05,-0.0006792842340566596,99819750
t5,1000,376,5.4265561787280315e-06,5.646187063127475e-06,3.766541398441396e-05,99372850
t5,1000,377,1.1271131562154403e-05,1.2191524831943461e-05,-0.0017087009167210678,99718130
t5,1000,378,5.299733366462227e-06,5.2493279192304514e-06,-0.005044809497199833,100334110
t5,1000,379,1.1496582027721459e-05,1.0581524415053001e-05,-0.0008639068817618681,100546820
t5,1000,380,9.779137127439633e-06,1.0771183435436768e-05,0.0022370517069776833,100017650
t5,1000,381,2.1968678872894347e-06,2.363243476418444e-06,-0.004097274377289752,99161580
t5,1000,382,7.758364140407002e-06,7.5366994062259434e-06,-0.0014417950997556905,99475940
t5,1000,383,1.164543092604591e-05,1.1702027881430345e-05,0.0022865504354577827,99635900
t5,1000,384,6.599445136996625e-06,6.48213518931978e-06,-0.0034363306097715397,99975690
t5,1000,385,1.2343815762473646e-05,1.2228560123324908e-05,0.007996809605343434,99868410
t5,1000,386,1.2047323937597815e-05,1.424762173637671e-05,0.004485234773733922,100000800
t5,1000,387,7.995984194567221e-06,7.671540225476288e-06,0.0007460301985870157,99855080
t5,1000,388,5.633791226694617e-06,4.596408590570684e-06,-0.001900755125602805,99929660
t5,1000,389,5.226511830383092e-06,5.1221069429298e-06,-0.000940841649772273,99994410
t5,1000,390,2.4686217636899083e-05,2.455392536856984e-05,0.005645690241490881,99777610
t5,1000,391,5.917500587150329e-06,6.343597869587855e-06,-0.0019467416196608427,99877230
t5,1000,392,6.576567442132869e-06,6.6635421292583565e-06,-0.0016726751601740695,100552890
t5,1000,393,1.1147941579162375e-05,1.1474874341728475e-05,0.0029336881836135673,99599800
t5,1000,394,6.714516892084346e-06,7.725780368232002e-06,0.0006473514821203188,99821640
t5,1000,395,1.0272287136656958e-05,1.0339673121710201e-05,0.0005526742165381034,99661940
t5,1000,396,1.2755458644426077e-05,1.426671892508113e-05,0.003149530166747534,99400800
t5,1000,397,6.8367349348613105e-06,6.49744569549955e-06,0.0018230144718182522,100066210
t5,1000,398,3.557408861110655e-06,3.3356588950556646e-06,-0.003227777849397866,99831640
t5,1000,399,5.440320703733778e-06,5.0433954943158135e-06,-0.0019379568364493562,99822910
t5,1000,400,3.754257220702791e-06,4.582406993224198e-06,-0.0009667190830762462,100135940
t5,1000,401,3.358400828444556e-06,2.839035449521082e-06,-0.0012220492081888156,100231410
t5,1000,402,8.16883898647673e-06,8.288286720954119e-06,-0.000124634662426534,99822410
t5,1000,403,1.5902364279139637e-05,1.7138245629744745e-05,0.008803384467478342,100242460
t5,1000,404,8.57187545511486e-06,7.5400981522079204e-06,-0.0005644832250267466,99222320
t5,1000,405,1.2082813127397165e-05,1.0991708865498056e-05,0.0026025128658289706,100071910
t5,1000,406,7.612695923762405e-06,7.989172982786748e-06,0.0008697740212111096,99478080
t5,1000,407,7.079198976386147e-06,5.177986318921515e-06,0.0006078867055766138,100570100
t5,1000,408,1.0046803930295659e-05,1.0667121758477368e-05,0.0023358669028990396,100140440
t5,1000,409,1.0224769224378134e-05,1.069759056955723e-05,-0.00014276027151214393,99671080
t5,1000,410,5.135944869410792e-06,4.6813076438565615e-06,-0.00592716107420933,100083610
t5,1000,411,1.0053637164887788e-05,9.297179311261744e-06,-0.0010846354022071467,99924720
t5,1000,412,9.921546269503067e-06,9.55289552831778e-06,0.003940484414020531,99246610
t5,1000,413,9.340202103585205e-06,7.777821906949413e-06,-0.00024808299129464045,99911140
t5,1000,414,1.314968449081013e-05,1.3219369058795338e-05,0.0016705003021789254,99653570
t5,1000,415,6.496045912417917e-06,6.967337679620178e-06,-0.0008281713309953997,99428540
t5,1000,416,8.919026750284839e-06,8.829772534435406e-06,0.0001286050626251243,98966770
t5,1000,417,6.626482938059781e-06,7.3127348084637805e-06,0.00045639966786280913,99161940
t5,1000,418,6.658616858157949e-06,6.406776735591778e-06,-0.0031441531501608423,100158920
t5,1000,419,6.066167994497859e-06,5.825363540394779e-06,-0.0008516423685298352,99924130
t5,1000,420,9.076907776314333e-06,8.398455494858153e-06,0.0011081216596895477,99713060
t5,1000,421,1.1015413951785172e-05,1.0587035682532047e-05,5.768697858565115e-05,99962740
t5,1000,422,7.182810279893013e-06,9.050877582079809e-06,0.0014867897306130036,99785640
t5,1000,423,6.802858933025514e-06,6.540950148207717e-06,0.001786512845240454,99820120
t5,1000,424,6.0133465485499145e-06,4.932129600767868e-06,-0.0022040437341521294,100408310
t5,1000,425,1.5175403764216949e-05,1.4466213800803982e-05,0.0028098099219034983,99464210
t5,1000,426,1.0536740762538271e-05,9.296887570621684e-06,0.002194303775889974,99940810
t5,1000,427,7.165344031166284e-06,7.2901038547590615e-06,-0.0005481413480291911,99780000
t5,1000,428,9.80109829935705e-06,9.050316493529899e-06,-0.0024729775964067173,99658390
t5,1000,429,6.152236699779294e-06,6.904899864163445e-06,-0.00147085249779581,99855500
t5,1000,430,9.049527156764339e-06,8.833352806869258e-06,0.001192294798975964,100370840
t5,1000,431,5.94215780123347e-06,5.071444416150941e-06,-0.003863879152595112,99749040
t5,1000,432,1.1345373846441037e-05,1.218967438440453e-05,0.003146577053549768,99723570
t5,1000,433,1.1923383133552397e-05,1.3964393791907898e-05,0.0026599343305964886,100373630
t5,1000,434,7.832236078807559e-06,7.676112167881942e-06,-0.0003928728577484164,100034570
t5,1000,435,1.2765779709791206e-05,1.4144716088420803e-05,0.005263966694592654,99646550
t5,1000,436,8.169788463082658e-06,8.029041064079331e-06,0.003235945184343172,99956790
t5,1000,437,1.253002083459563e-05,1.1072148336605347e-05,0.0016584187448330753,100213210
t5,1000,438,8.20432376603966e-06,8.939122907272996e-06,0.0004069127891660125,100438800
t5,1000,439,8.707204136198357e-06,7.028690618114619e-06,-0.00020175632746698786,99569420
t5,1000,440,3.733088632084376e-06,3.567447229536263e-06,-0.0021190327814156083,99863750
t5,1000,441,6.636992277174686e-06,5.934243064094159e-06,-0.00021388545343190845,100057770
t5,1000,442,7.065040001436529e-06,7.705736240197891e-06,0.0008210949897705698,99993010
t5,1000,443,6.5381027377499835e-06,6.486893579570113e-06,-0.0028820648373759196,98669630
t5,1000,444,1.169226138957958e-05,9.720645479114923e-06,0.0020782653093676822,100238770
t5,1000,445,8.910958855141257e-06,8.513937410319886e-06,-0.0004551527310862781,99432630
t5,1000,446,1.3531809315291781e-05,1.4180690744175874e-05,0.003050935775307631,100398030
t5,1000,447,1.1196622734485004e-05,1.1117405907395644e-05,0.001844297958911798,99393590
t5,1000,448,3.8509020967019665e-06,5.3996210305736406e-06,-0.003999937018742059,99107190
t5,1000,449,8.901062366948327e-06,8.714925345696965e-06,-0.0005588150244515723,99762440
t5,1000,450,1.1349000265670497e-05,1.1930123607041018e-05,0.003921477690043123,99944370
t5,1000,451,1.1009801532204872e-05,1.1158153210299837e-05,-0.0012893169587380126,99891800
t5,1000,452,6.415736490637337e-06,5.754768368377737e-06,-0.0031907546532088005,99737120
t5,1000,453,1.3141864437947486e-05,1.3345641933271281e-05,0.0023145876749649393,100561000
t5,1000,454,4.629539838733818e-06,4.145215072255752e-06,-0.0005988269926765439,99909930
t5,1000,455,9.62365949511168e-06,9.699347793858554e-06,-0.0011994761747208516,98862410
t5,1000,456,1.1868482610904032e-05,1.444752880202692e-05,0.004087917366229501,100767040
t5,1000,457,7.1710807130883045e-06,6.4162876635471965e-06,-0.002417769049105512,99482560
t5,1000,458,1.433941365978258e-05,1.4991366315783143e-05,0.0007492395889493212,100095630
t5,1000,459,7.629416654265146e-06,7.989931099283523e-06,0.002538875647350614,100178610
t5,1000,460,1.0789193050632452e-05,1.1631576515528704e-05,0.001293281048204597,100458010
t5,1000,461,8.194345855071414e-06,9.167258668305661e-06,0.002925147051319033,99879820
t5,1000,462,1.0137453726535113e-05,1.063095678928073e-05,0.0010952136124866456,99485130
t5,1000,463,1.2149546109690552e-05,1.2134913801597707e-05,0.0016199267795858339,99122030
t5,1000,464,8.939242135255128e-06,9.113273483622937e-06,0.006851551462464389,100483290
t5,1000,465,1.298108028023946e-05,1.2421656111863072e-05,0.0010570993389564477,99931950
t5,1000,466,7.504882443288469e-06,7.117875023811525e-06,-0.002983554730082476,100585570
t5,1000,467,6.553369201108652e-06,7.961186035211198e-06,0.0007516656574397898,100163740
t5,1000,468,7.752835926952722e-06,6.798245355091166e-06,-0.0038410418644329388,100598060
t5,1000,469,1.2065543518789756e-05,1.2545198634894717e-05,0.0025639648150520373,100129060
t5,1000,470,8.767672740583729e-06,8.001706546784922e-06,-0.0008345050910239881,100409210
t5,1000,471,6.742801834095679e-06,6.938604975536475e-06,0.00017394162852534423,99557540
t5,1000,472,1.0234391442269904e-05,1.0331456146168526e-05,-0.003865562648393965,100135980
t5,1000,473,1.2184017544338072e-05,1.1877284825327156e-05,0.0007258756001981925,99833750
t5,1000,474,1.1423354440962346e-05,1.0565755710735727e-05,0.006239714933825682,99597230
t5,1000,475,5.341527876032594e-06,4.57446119164014e-06,0.0013420267622126128,99891090
t5,1000,476,1.1230622732324414e-05,1.0041343366089946e-05,0.0030371047715930127,100374230
t5,1000,477,1.0061621694257238e-05,8.757591078879282e-06,0.003015870368649694,99806410
t5,1000,478,7.678598311211549e-06,9.396659655750682e-06,0.0024740046724783917,99867260
t5,1000,479,6.509018097889917e-06,5.7251871965683095e-06,-8.141910777517605e-05,100165360
t5,1000,480,1.8955333859347968e-05,1.797007402512436e-05,0.0010558999403929388,99721130
t5,1000,481,1.575336113077478e-05,1.5731366200192687e-05,0.007159299453589637,99604540
t5,1000,482,1.4970554385450138e-05,1.5532086163386054e-05,0.006952949902905347,100159580
t5,1000,483,9.091875107218876e-06,9.324678785527814e-06,0.0008296021504294312,100654400
t5,1000,484,9.555012142870364e-06,9.021422456757717e-06,-0.001772986344523706,99404650
t5,1000,485,8.557623409546551e-06,8.503466508683119e-06,-0.00224309808416239,99166620
t5,1000,486,5.997504122883767e-06,7.314254617946068e-06,-0.0007903091102321477,99404540
t5,1000,487,1.5758876725266733e-05,1.6181453024757932e-05,0.0008871709858524285,100445980
t5,1000,488,1.5016530604975202e-05,1.4462232369716045e-05,0.002911845337433867,99902410
t5,1000,489,6.621906652951141e-06,5.645902360889997e-06,0.0029766331463211525,100141500
t5,1000,490,6.671151474501469e-06,6.6650646741962545e-06,-0.0005094343336046969,100207870
t5,1000,491,8.882156029104827e-06,7.8407328885876e-06,0.0007533662170191427,100065950
t5,1000,492,7.695461825701796e-06,7.201705160949018e-06,0.0034847889108593393,100284490
t5,1000,493,5.5446710373891815e-06,5.041735145721585e-06,-0.004137588209026864,99693420
t5,1000,494,1.1995893971274316e-05,1.0136571540496433e-05,0.005825115892632292,99974130
t5,1000,495,6.33730835136289e-06,6.566063789996883e-06,-0.00013615132171477542,100043970
t5,1000,496,4.6802857554156535e-06,4.7087871143309105e-06,-0.0052262129520683496,100304440
t5,1000,497,1.1508782605914036e-05,1.0342362252891572e-05,0.00114690786944932,99223600
t5,1000,498,5.614188779299701e-06,5.4019900281325886e-06,-0.0017360878842307154,99296220
t5,1000,499,7.664842163519929e-06,7.192245505387243e-06,-0.005235254134123759,99327250
t5,2000,0,4.254642917201797e-06,3.703058912498436e-06,-0.0008986748224196162,399315663
t5,2000,1,3.4202172378351834e-06,3.3317044099509546e-06,-0.0005038686976351896,401512241
t5,2000,2,3.93111036552576e-06,4.0371833236553314e-06,-0.0010183945422558493,399828994
t5,2000,3,3.0259428069197293e-06,2.3782479053763803e-06,-0.0004006196340917136,402180591
t5,2000,4,8.362247372169214e-06,7.08151457920334e-06,-0.00017841803294012183,399402922
t5,2000,5,4.222579960917449e-06,4.132278138510537e-06,-0.0002699335778728804,399869469
t5,2000,6,4.998948993746833e-06,4.272827362616548e-06,-0.0007601818179679936,399964224
t5,2000,7,3.7736530548068083e-06,3.333790187456312e-06,0.0018180921097013152,398720742
t5,2000,8,3.328190274721227e-06,4.815012331226411e-06,0.0006201836526515705,399071774
t5,2000,9,3.0337239838674644e-06,3.4409359176132892e-06,-0.0018386350518532534,401002622
t5,2000,10,2.814723190699601e-06,3.905395628363444e-06,-0.0016162713571479777,401080387
t5,2000,11,3.834701079136858e-06,3.375720791714928e-06,0.0012977795628670858,399925476
t5,2000,12,6.114635356576924e-06,5.4615510228262204e-06,0.003178106509983085,399614211
t5,2000,13,3.0857509162061623e-06,3.585638074643572e-06,-0.0016356421909353041,400843967
t5,2000,14,3.3566563955590636e-06,3.2372605254702513e-06,-0.001790681800378394,402594760
t5,2000,15,3.833772299268098e-06,5.480658277127591e-06,0.0017101306887784711,399665567
t5,2000,16,4.735568237179449e-06,5.119793215759019e-06,-0.0013045213922041638,397577352
t5,2000,17,2.025629088004278e-06,2.1307972444570447e-06,-0.0013894501163785593,398886798
t5,2000,18,5.474565852893376e-06,5.2399214554923566e-06,0.0010662466401567153,397408306
t5,2000,19,3.293162375419428e-06,3.4045955056161543e-06,-0.002377286639225607,398893993
t5,2000,20,2.756691620975538e-06,3.7653562571583503e-06,-0.003509797035943463,399174941
t5,2000,21,3.2417810035555086e-06,4.080174567727448e-06,0.0002598968316428002,400118239
t5,2000,22,4.474007482028121e-06,4.596610121930995e-06,0.0008812732935765944,398927404
t5,2000,23,3.5278226014633173e-06,2.6334609216879943e-06,0.0002053730634483669,399925228
t5,2000,24,8.467544847112946e-06,8.413683654029413e-06,0.006202962489658048,399032743
t5,2000,25,6.059106114218243e-06,7.131103761706299e-06,0.0008048041649614193,401143864
t5,2000,26,5.874993084932588e-06,6.8897618457072506e-06,0.0022536373342069245,401634430
t5,2000,27,3.1386678437126563e-06,3.4749274247899797e-06,0.001938899789786056,400985807
t5,2000,28,3.5768894314815466e-06,3.2046626446901917e-06,0.0007231442448320613,401928305
t5,2000,29,2.516409188912818e-06,2.3680335094995647e-06,-0.003109602182535258,400087784
t5,2000,30,4.27729258285509e-06,3.990339268125903e-06,-0.0015970092544242552,401362614
t5,2000,31,2.1536121237768334e-06,2.160219686255162e-06,-0.0006860505244764003,398776383
t5,2000,32,3.921141054318271e-06,2.5953580645388435e-06,0.0004823796482150269,400034935
t5,2000,33,7.598792510614308e-06,6.556182116512007e-06,0.002491814174789467,399669152
t5,2000,34,7.830627353980943e-06,6.672533414713403e-06,0.0014946335417984158,400509672
t5,2000,35,5.505412364177085e-06,5.7881658046623365e-06,0.0008736849157359509,400640220
t5,2000,36,4.777820156380797e-06,4.05084496905636e-06,-0.0009247309474991208,402462928
t5,2000,37,5.700063636837057e-06,6.175839282803277e-06,-0.0006427987519331277,398169835
t5,2000,38,2.7566863701707776e-06,3.265030030962092e-06,-0.001957087314584473,398947908
t5,2000,39,4.865263625622346e-06,4.532130775439222e-06,-0.0009872022366700245,399657227
t5,2000,40,3.146949973235241e-06,3.1979530866034174e-06,-0.0011251183071290768,400660496
t5,2000,41,5.087164771313372e-06,4.119510547584926e-06,-0.0009177892193622053,400257573
t5,2000,42,5.73288529327732e-06,5.851817471163636e-06,-0.0002528369819122663,399058192
t5,2000,43,4.267713608648643e-06,3.7516948970006853e-06,-0.00023596112986092952,398197457
t5,2000,44,4.687225115189378e-06,4.800605896066742e-06,0.00027797716237094346,398845991
t5,2000,45,6.812718295285756e-06,5.5303033523059e-06,0.004391935841354326,397452919
t5,2000,46,7.224971436382394e-06,6.751592695344004e-06,0.0023967751796377785,399610014
t5,2000,47,4.892408717022091e-06,3.7532412403171368e-06,-0.001877173377953133,399846241
t5,2000,48,4.951856991055486e-06,4.999362716284926e-06,0.0017001978288531197,397858587
t5,2000,49,4.004739389162847e-06,4.284175345029391e-06,-0.0011015600559934875,398065156
t5,2000,50,6.512097453463058e-06,7.325759355021257e-06,0.003400275713916292,400409733
t5,2000,51,1.6637198998649031e-06,1.4735403172502084e-06,-0.0026119474968047947,399948623
t5,2000,52,4.531662267636152e-06,3.892047808337274e-06,-0.0006730265856110559,402296674
t5,2000,53,6.68630482590002e-06,6.459060982877823e-06,0.00031491713882018544,400140276
t5,2000,54,5.885841268435584e-06,6.647217692966422e-06,0.0018125280638353457,399809974
t5,2000,55,7.5189683668191945e-06,8.431042546882654e-06,0.0024025524990604233,401294641
t5,2000,56,6.9381121339638485e-06,6.31571110396774e-06,0.003919280352635302,400018036
t5,2000,57,2.45953607106891e-06,3.5951599789126045e-06,0.00010443156266720716,398034020
t5,2000,58,4.2953003804265085e-06,4.965752004071724e-06,0.0009690235235628851,401055137
t5,2000,59,3.977274264425718e-06,3.1521225867769065e-06,-0.0008846899585576778,400254805
t5,2000,60,5.75372395917408e-06,4.228816892997444e-06,0.0010399649691171745,397296679
t5,2000,61,8.424262587658932e-06,8.603386862072117e-06,0.0038555841730046193,399349444
t5,2000,62,3.4661040514194652e-06,3.2045781464369037e-06,0.0020827330114487003,398302049
t5,2000,63,3.171844656142273e-06,3.7658857213645515e-06,0.0009417750791673584,403326297
t5,2000,64,5.528427590690354e-06,5.2155859722375834e-06,0.00014885305176682418,399067693
t5,2000,65,6.279917981494032e-06,5.529599174261911e-06,0.0017896327593185997,399519387
t5,2000,66,2.12013264502801e-06,2.3227132509541697e-06,-0.0012045958343333573,399074026
t5,2000,67,4.405197745255784e-06,5.0307134607198595e-06,0.00023632651144941299,397874921
t5,2000,68,5.09030513624589e-06,5.38075395177041e-06,0.0024467258497405204,398423618
t5,2000,69,3.905031394092077e-06,3.783012236686107e-06,-0.0018364922356768048,399999934
t5,2000,70,6.128074771548503e-06,4.642815519272119e-06,-0.0009818882601023812,401531624
t5,2000,71,8.632058842629384e-06,7.671102010411594e-06,0.004642415097011432,399959927
t5,2000,72,3.6072583115574373e-06,3.4426710331954308e-06,-0.0028610516756486593,400434597
t5,2000,73,4.9741844775018535e-06,4.290876928418237e-06,0.005067671607025275,399917957
t5,2000,74,2.962160717683037e-06,3.6181230806272287e-06,0.00017094195869880104,398604020
t5,2000,75,7.819338573226219e-06,6.2515708506434184e-06,0.003596204073129895,401208676
t5,2000,76,2.754906049768078e-06,3.058258251047177e-06,-0.003182093721901419,400424213
t5,2000,77,7.464817416398527e-06,7.1595940025004034e-06,0.003231584775081865,400080231
t5,2000,78,3.6411970070362554e-06,3.969274668019376e-06,-0.0012247491620809479,398525297
t5,2000,79,1.9970089024256904e-06,2.0864868025761857e-06,-0.002870323693690879,397932744
t5,2000,80,3.164698973547504e-06,3.7793592509422564e-06,0.0001763876934197697,399852411
t5,2000,81,2.7404167847627303e-06,3.7534972540124126e-06,0.0001439663351461385,400104793
t5,2000,82,3.439089027491173e-06,2.1133925006540046e-06,-0.0016184248385773708,399585484
t5,2000,83,4.836785633832624e-06,4.5873236411924135e-06,0.004101380367262594,398541246
t5,2000,84,4.168510274752525e-06,4.2136027924836725e-06,-0.0012145799213262025,400062966
t5,2000,85,6.341771670852398e-06,6.875512472115476e-06,0.0011998670933713008,397469704
t5,2000,86,3.6841226579265993e-06,3.1373531312159406e-06,-0.002532157784645961,399221604
t5,2000,87,2.5111600607976528e-06,2.2996852613515373e-06,0.00046816648958530264,400739263
t5,2000,88,2.8985201644403455e-06,2.5838024582367825e-06,-0.003883845879517251,400342108
t5,2000,89,2.6242426034842562e-06,2.821591221639104e-06,-0.002817789434112257,400155378
t5,2000,90,7.32990955497997e-06,7.733377471163075e-06,0.00214099703824919,399340021
t5,2000,91,5.856395619551728e-06,5.832491737618299e-06,0.0057555214685905565,400046239
t5,2000,92,7.231568823426387e-06,8.256487147581665e-06,-0.0005986710279898891,401743813
t5,2000,93,4.137212087577969e-06,4.851189817416185e-06,0.0007373222685856656,400263842
t5,2000,94,2.8954941067755125e-06,3.334936718399126e-06,-0.0024934820697602575,399425659
t5,2000,95,5.946997554411567e-06,5.546880852849044e-06,0.0010321258705666247,400216133
t5,2000,96,2.122273714095888e-06,3.0531345766320493e-06,-0.0008350286652904393,397574911
t5,2000,97,2.7171341021580462e-06,2.101085261523943e-06,-0.0019500225119895107,400477021
t5,2000,98,2.8634500860666045e-06,2.848300609737881e-06,-0.0005401663786409737,399700716
t5,2000,99,3.936296211089469e-06,3.4548177091445903e-06,-0.0004723976474602258,398401041
t5,2000,100,4.581908367031541e-06,3.6751921396096447e-06,-0.0023734451589952736,398977843
t5,2000,101,3.6028335376507945e-06,3.0454973945808253e-06,0.0007132454292738913,399939328
t5,2000,102,4.986223126536711e-06,4.9279451153412655e-06,0.0027040324006392747,399184542
t5,2000,103,4.002687870004848e-06,3.4383027583053382e-06,-0.002136602771587921,400262806
t5,2000,104,5.8965694726680505e-06,4.980442055262893e-06,0.0017329431289336739,400496146
t5,2000,105,5.567973379752998e-06,5.306835680794514e-06,0.0014584010651351631,399650869
t5,2000,106,4.801967668336218e-06,4.804195999600345e-06,0.003836522849265816,398514193
t5,2000,107,5.569316881704432e-06,6.650399363682771e-06,0.0012386586230642043,398809013
t5,2000,108,5.137265684737571e-06,5.555353772546453e-06,-0.001782227715977592,400346950
t5,2000,109,6.099452851721554e-06,5.639901666202285e-06,0.0011779085133550714,399114627
t5,2000,110,3.1506163204386033e-06,3.0686106233185444e-06,0.0007657324220056999,401883599
t5,2000,111,8.541832461541423e-06,9.218881772166228e-06,0.00318338056293995,398842021
t5,2000,112,4.643005861402337e-06,3.900398557830643e-06,-0.0008820195064570174,399753626
t5,2000,113,4.036144329478181e-06,3.7540725029074605e-06,-0.0025656421237587683,398516760
t5,2000,114,4.6465868325538784e-06,4.000110330882034e-06,0.0031106243057204453,397959401
t5,2000,115,4.848108313152455e-06,4.195641083164451e-06,-0.0007872159035389217,400145303
t5,2000,116,5.523124408020154e-06,5.211610500250286e-06,0.0009935697852014994,399825146
t5,2000,117,7.90427690247058e-06,9.46390776608793e-06,0.0032858714799078115,400439945
t5,2000,118,6.6448046735670765e-06,6.9283878785394625e-06,0.0028915018079111714,400256752
t5,2000,119,3.8483476121126355e-06,4.288077761261423e-06,3.373234065652347e-05,397986577
t5,2000,120,6.951089535671241e-06,8.27045056193348e-06,0.004701864275009405,399144040
t5,2000,121,2.848193455525036e-06,2.7806832236453495e-06,-0.0018707600311616758,400741887
t5,2000,122,2.491681904944964e-06,1.4733467950475179e-06,-0.0008462084194340982,401596972
t5,2000,123,3.344445178716958e-06,3.201686016757343e-06,0.00037009547480428495,399466384
t5,2000,124,4.769427667450755e-06,4.662607962983287e-06,0.0016273685821602294,401001468
t5,2000,125,5.0130731501421005e-06,4.080829032958169e-06,-0.0003481577536396661,400491003
t5,2000,126,3.7862294762888294e-06,4.3390040021511075e-06,-0.0007267580325424175,400554796
t5,2000,127,4.208009757590665e-06,4.0472439018241485e-06,-0.0002100904144482382,400577568
t5,2000,128,3.943676854998271e-06,3.582807182644246e-06,0.00019846778685223527,401019100
t5,2000,129,3.5704343902455512e-06,4.1909601589370555e-06,-0.0012979501174749466,401161935
t5,2000,130,3.0868781269953705e-06,3.190129505139022e-06,-0.0017314593559160857,399274159
t5,2000,131,3.1821269215873756e-06,3.97173696912996e-06,-0.0009937690434119126,398023830
t5,2000,132,2.937824300825061e-06,2.1241747738430275e-06,-0.0007324985210612606,399049627
t5,2000,133,3.385360544973997e-06,3.6519187190237783e-06,-0.001866761036154162,396531954
t5,2000,134,4.5964919238068366e-06,5.628691369632767e-06,0.0005477084364796351,399859769
t5,2000,135,4.97560193458663e-06,5.356141982964654e-06,0.00021592713522898752,396873817
t5,2000,136,6.697003453677756e-06,5.670275811358986e-06,-0.00040682540689057384,398659694
t5,2000,137,9.089787363350632e-06,8.53152431326718e-06,0.0009586092778987626,399599939
t5,2000,138,5.173765568738289e-06,4.722671788347806e-06,-0.0009044093620106514,399321447
t5,2000,139,4.685697242910982e-06,4.031611464883374e-06,0.002523502310859339,400696299
t5,2000,140,2.7214962795790168e-06,2.553446437593601e-06,-0.0028680462020778184,399587227
t5,2000,141,4.561175473410088e-06,4.451774125590357e-06,-0.0004021663949542188,401063216
t5,2000,142,4.417352045555432e-06,4.816732144414204e-06,-0.0006279553630723698,400324833
t5,2000,143,4.073659827690179e-06,3.740533160062886e-06,0.0013803785742058472,402367487
t5,2000,144,3.889426538423643e-06,3.6894837362204423e-06,-0.0020187062348705344,400953402
t5,2000,145,2.5250539476916864e-06,2.9310558356124334e-06,-0.0029180044335684694,401632294
t5,2000,146,3.009610641119735e-06,2.84474030325042e-06,0.000530151539921766,400274976
t5,2000,147,6.083339038710895e-06,7.169108952758254e-06,0.002343970824258132,398026855
t5,2000,148,3.629120209436214e-06,4.4321155664670855e-06,-0.002332418195149008,400688770
t5,2000,149,2.657123259319278e-06,2.855628014200528e-06,-0.0015357267352879833,400513171
t5,2000,150,4.823854752292645e-06,4.30774071424351e-06,-0.0019101385401167183,402070649
t5,2000,151,4.5959733822285125e-06,4.336358439609795e-06,0.0022711176878044974,401198376
t5,2000,152,4.609013286586549e-06,5.2081400059778524e-06,-0.0006542102648994677,399453780
t5,2000,153,1.5796045245103854e-06,1.9518786475281306e-06,-0.0009389745110015762,398675149
t5,2000,154,3.2727987753677132e-06,3.234847260436438e-06,-0.002419386264083368,399887778
t5,2000,155,6.724821055717336e-06,5.987849069091627e-06,0.0036553239814719678,399903983
t5,2000,156,3.827852980758324e-06,3.3809782794443586e-06,-0.002714856187023179,400796985
t5,2000,157,6.140676893226342e-06,6.8258149328642306e-06,0.0010148213668246667,399463928
t5,2000,158,3.1331510705822827e-06,2.203167130526257e-06,-0.0009181395127273892,398736818
t5,2000,159,6.743724552144204e-06,7.043940282490704e-06,0.00220365314144475,398926526
t5,2000,160,2.7714584869806257e-06,3.598248020337803e-06,0.00014544178356291792,399892158
t5,2000,161,2.653766668408137e-06,3.1325197494202258e-06,-3.45880119809577e-06,400780858
t5,2000,162,4.72814468940918e-06,4.5168724396380364e-06,0.0006656932300060433,397455125
t5,2000,163,3.3722389346223237e-06,2.8179497751517116e-06,0.0013293969550330048,399887839
t5,2000,164,4.992387612864778e-06,4.528947589215571e-06,0.0010165043605114387,400716358
t5,2000,165,4.794726392384777e-06,4.1393825181959755e-06,-0.0003122615700799411,400520900
t5,2000,166,3.088282103582455e-06,3.90855473512707e-06,6.71818498922254e-05,399194726
t5,2000,167,3.5694766698365423e-06,4.627406503038229e-06,0.0008634286011214293,399563311
t5,2000,168,4.548482142916534e-06,4.67076390341692e-06,0.00019992609627938581,400706361
t5,2000,169,4.491742455772855e-06,4.23061586428606e-06,-0.0015859002819061951,402934981
t5,2000,170,5.8946374245546224e-06,7.042906585657727e-06,0.001770136959531432,396762306
t5,2000,171,3.1022469209002004e-06,3.353965066506407e-06,0.0007574380161564237,402461801
t5,2000,172,2.719974888279956e-06,2.544630149658735e-06,-0.0001321715897584354,402425726
t5,2000,173,3.872607359809428e-06,3.563298502855084e-06,-0.0009645480283330159,399820912
t5,2000,174,2.0249751153132795e-06,2.8597778380144516e-06,-0.0011846130811005743,400260628
t5,2000,175,5.4323994874826066e-06,5.722394766308479e-06,0.0003764361901087575,398008239
t5,2000,176,5.135082746037637e-06,4.959957655146141e-06,0.0026884910072276958,397299190
t5,2000,177,3.7769612879746358e-06,2.8828419808952782e-06,-0.0027038668034818124,400732635
t5,2000,178,4.013431541937199e-06,4.029735304466269e-06,0.0033247857661115442,400165542
t5,2000,179,4.655437093618775e-06,5.368095307599168e-06,-0.001872321316837883,397706022
t5,2000,180,5.4844869408321085e-06,5.703625824968535e-06,0.000998923330657323,398796646
t5,2000,181,6.993089037517673e-06,6.895253231808871e-06,0.00283995071335082,399477048
t5,2000,182,1.9279217808139292e-06,1.8614914883210243e-06,-0.002605510166845264,400008828
t5,2000,183,8.512174737879369e-06,9.414489271778877e-06,0.0031338259024238364,398188000
t5,2000,184,6.510416937318725e-06,6.02016202688876e-06,0.0027349994642745334,399845904
t5,2000,185,5.2003231998860515e-06,5.532813696797354e-06,0.001120943329208319,398182266
t5,2000,186,8.176560696908725e-06,9.77066389915425e-06,0.005156861565160913,401362882
t5,2000,187,6.690524358579667e-06,5.747499461794772e-06,0.0014825228707724986,399248186
t5,2000,188,5.0833029404639e-06,5.009505861738035e-06,-0.0013103084648492735,397638523
t5,2000,189,1.934704148727203e-06,1.933471959185241e-06,-0.003944572634070724,399977232
t5,2000,190,3.0469593058860967e-06,3.643058479377279e-06,-0.0014425465044293163,400168082
t5,2000,191,4.0918107800847085e-06,3.821824531759142e-06,-0.00044083595311337207,398546863
t5,2000,192,5.294431914529333e-06,4.029825457027389e-06,-0.0004921114642700911,399721028
t5,2000,193,4.158057049920841e-06,3.891478615604375e-06,-0.0021684522419694596,398772984
t5,2000,194,3.7435058264608304e-06,3.021827828041516e-06,0.0010183183345515553,398293255
t5,2000,195,3.8452507218489664e-06,4.291116498538769e-06,0.0012838012115532998,401150544
t5,2000,196,4.906701263925728e-06,4.806896294324667e-06,-0.00023287955487699685,397850316
t5,2000,197,3.984158686113014e-06,3.197840572226298e-06,0.0025307184301531244,400683522
t5,2000,198,3.378625212281588e-06,3.249562692834159e-06,-0.0011268495219939113,400868764
t5,2000,199,4.267270552393472e-06,4.689640000626882e-06,0.00027546203461301387,400604339
t5,2000,200,7.043107379386512e-06,7.229357214866264e-06,0.00480192205074418,398786603
t5,2000,201,5.41733460336529e-06,5.226009098478712e-06,0.00030377915757716237,398736910
t5,2000,202,3.033760130985387e-06,3.6313275402397487e-06,0.0006078136189624562,397614036
t5,2000,203,6.991470532836421e-06,7.131149667095158e-06,0.0006614942622538548,398776457
t5,2000,204,4.699809200081259e-06,4.899451439343498e-06,0.0009025200984088332,401576316
t5,2000,205,2.5884160440855425e-06,3.6650116234347934e-06,-0.0010988444577442866,398236915
t5,2000,206,4.497231560118731e-06,4.910982915642109e-06,-0.0025183333187816116,400499884
t5,2000,207,4.346598053425439e-06,3.476423316058131e-06,0.0017779374609859205,400009146
t5,2000,208,4.707698125403435e-06,5.5687493911347204e-06,0.000337423016421891,398399029
t5,2000,209,6.1325223156148755e-06,6.505592215088338e-06,0.0019938641910909214,400414365
t5,2000,210,2.456456502199963e-06,1.9516315607066375e-06,-0.0015130215519898738,398565946
t5,2000,211,5.989910496657982e-06,5.6662382957849824e-06,0.0009660935277427908,400129456
t5,2000,212,2.9573914364677093e-06,4.424797947317828e-06,-0.0008979901814732103,400658713
t5,2000,213,4.0770775966430004e-06,3.3128895995171112e-06,-0.0023628238502378936,400513502
t5,2000,214,5.291265445125296e-06,6.582967485488355e-06,0.003637334314197936,399061758
t5,2000,215,3.153201680159421e-06,3.5163755535160646e-06,0.00046989743917367143,398217465
t5,2000,216,5.852866094665726e-06,6.289990567649249e-06,0.0002679803548386036,401010263
t5,2000,217,3.984286811059431e-06,5.072466705706042e-06,0.0009543058416690946,398671403
t5,2000,218,3.981965503159919e-06,4.101649299889315e-06,0.00010469377162590034,400357161
t5,2000,219,7.168760849252869e-06,7.36127076769307e-06,0.0026987062568564336,398653492
t5,2000,220,5.716103383741488e-06,5.4754151592632135e-06,0.00017279339205531228,398233533
t5,2000,221,4.081664656146044e-06,3.2747108027675094e-06,0.0006130823910576314,398883723
t5,2000,222,3.869452720309573e-06,2.734072894187647e-06,0.0002693338662110948,399050570
t5,2000,223,4.925519701505968e-06,5.3534702515074145e-06,0.0011960636474418263,402170236
t5,2000,224,3.9038458546868475e-06,2.8198800884641737e-06,0.0036045908368607816,399520118
t5,2000,225,3.986637293385081e-06,4.395305436389058e-06,-0.00019710476079276256,398851621
t5,2000,226,3.832016102336897e-06,3.3240435575739425e-06,0.0006288951525099229,400700647
t5,2000,227,6.293198768001044e-06,6.582161273058847e-06,0.0029260475297941384,400509234
t5,2000,228,5.3057378580627615e-06,4.27817686340952e-06,0.0014108371890786992,399574073
t5,2000,229,1.7909661825387882e-06,2.1519280199609324e-06,-0.0026813904873384028,401045505
t5,2000,230,4.636273970192543e-06,4.732455206727422e-06,0.0033456648560730305,399323268
t5,2000,231,3.5949441645749873e-06,1.9632729328749448e-06,6.268312191747813e-05,401326746
t5,2000,232,3.7948614151401486e-06,5.310558679973016e-06,-0.000851921755944326,401121073
t5,2000,233,3.3319531961576244e-06,2.769531603973486e-06,-0.004112363177627821,400158035
t5,2000,234,8.806706349799858e-06,9.255144522220235e-06,0.0025202097367909393,398779326
t5,2000,235,4.168512042646446e-06,4.8102659884354565e-06,-0.0003552348817878252,400963138
t5,2000,236,3.579980032193341e-06,3.883237465627014e-06,0.00013883397213092696,399463861
t5,2000,237,4.459326251958757e-06,5.153119979683081e-06,-0.0008400623982678334,399931795
t5,2000,238,5.387326912643664e-06,4.5852337507805675e-06,-0.00012443953761826233,398451861
t5,2000,239,3.4715473374926494e-06,2.9974347304299487e-06,-0.0015456308801529194,398616239
t5,2000,240,3.990977115240981e-06,4.321646028262796e-06,0.0003447717941411266,396852512
t5,2000,241,3.297124312901854e-06,2.771015562376177e-06,8.308552576443189e-05,398779743
t5,2000,242,3.6410698484749314e-06,3.207659283032666e-06,-6.591260050940148e-05,399338320
t5,2000,243,4.847785664250315e-06,4.71251456691468e-06,-0.0010975974113975814,400751157
t5,2000,244,3.576233333755789e-06,3.4594356324390794e-06,-0.000636506454260363,397666755
t5,2000,245,5.5248903207435415e-06,6.609101426631677e-06,0.0005021925303175538,399452481
t5,2000,246,7.364226330445036e-06,7.236562536285927e-06,0.002927738466380628,400548345
t5,2000,247,3.5324296471001167e-06,3.131789265683472e-06,-0.003134026885638894,400757626
t5,2000,248,3.7510103794751815e-06,3.711024145069709e-06,-0.000646611927916749,401202483
t5,2000,249,5.338157477638233e-06,5.981672139252289e-06,-0.00035558301233462976,401729798
t5,2000,250,4.979920157913232e-06,4.537304418164333e-06,-0.001269262002645477,400151765
t5,2000,251,4.910019827917286e-06,4.277565840140113e-06,-0.0007836124204753756,399855117
t5,2000,252,3.0552440538699177e-06,2.5663752300630263e-06,-0.0007576656743845301,398321161
t5,2000,253,2.800306152738643e-06,2.677848665642676e-06,-0.0018391274060770568,400735230
t5,2000,254,4.022400067065292e-06,4.326479461438933e-06,-0.0006998099949736249,399609647
t5,2000,255,5.56768575708774e-06,6.076900371727157e-06,0.005803129386725706,397944398
t5,2000,256,5.795075400537587e-06,6.477140142260617e-06,0.005486793534046518,399400009
t5,2000,257,7.260013331575593e-06,7.855863239958448e-06,0.0033185997321887985,399511796
t5,2000,258,3.5564112039953557e-06,3.098842733228142e-06,-0.0028665567292945992,399743943
t5,2000,259,3.6737278905836297e-06,4.992693303957974e-06,2.667492485701065e-05,398963303
t5,2000,260,2.4712700584383963e-06,2.291895623343134e-06,-0.001305392009344735,399973874
t5,2000,261,3.5180373192740825e-06,2.6394798321309123e-06,-0.0014492582922252981,400075549
t5,2000,262,8.902331733752473e-06,8.723037827127196e-06,0.003310004997635513,400263063
t5,2000,263,7.381774538249432e-06,8.239255552893998e-06,0.0010994984448205562,397927961
t5,2000,264,4.471734007697963e-06,3.5478971388155165e-06,0.003908094119022032,399717365
t5,2000,265,6.710963972303437e-06,6.204027852211927e-06,0.0008614733489636159,399132959
t5,2000,266,4.465850206497657e-06,4.654051107899336e-06,-0.0005547449378836595,399411768
t5,2000,267,3.3794146192803132e-06,3.0110892944198596e-06,0.0001889356169938408,397983200
t5,2000,268,5.447345997054962e-06,5.9194691906682015e-06,-0.0018840906208082123,399627160
t5,2000,269,7.392101514402177e-06,7.479417978848436e-06,0.0007860434473916128,397764444
t5,2000,270,4.8621141932642825e-06,4.507345423162537e-06,0.00020880273406892615,400871338
t5,2000,271,5.273541235036988e-06,4.896666175793749e-06,0.0045410343942115985,397195374
t5,2000,272,3.3734414332697627e-06,3.4193322616323927e-06,0.002162158556634444,400343897
t5,2000,273,8.911383330424603e-06,8.645399398342259e-06,0.004172638796299604,399354730
t5,2000,274,2.788905510476058e-06,1.95980567430201e-06,0.0026692907859367627,399992133
t5,2000,275,4.58236306049519e-06,4.107416175402968e-06,-0.002746227863971828,397620738
t5,2000,276,4.283580050168916e-06,3.87022595576393e-06,-0.0028450156274858838,400197436
t5,2000,277,3.6381461195820976e-06,3.879385134489987e-06,0.0008550897148407455,398701788
t5,2000,278,5.731981696478637e-06,5.218918924144497e-06,0.0002887228659895476,401925001
t5,2000,279,5.634002531792044e-06,5.563278102290773e-06,0.00531423234265473,398899246
t5,2000,280,3.395952194824249e-06,3.055334611458554e-06,0.0015192314492171904,401678166
t5,2000,281,2.524454330755995e-06,2.4783188206552805e-06,-0.0016873929343141198,400573980
t5,2000,282,3.3911587000019773e-06,3.862539692574574e-06,-0.0018376825674432207,400276356
t5,2000,283,4.2503991048890485e-06,4.391040579335286e-06,0.0015119081506042606,399867789
t5,2000,284,5.111507029503684e-06,4.533715128466732e-06,-0.0011252506779684812,399058585
t5,2000,285,6.455692482297752e-06,6.484680417262786e-06,0.00031516485300335344,400582999
t5,2000,286,3.706677351705251e-06,3.871852685906709e-06,-0.0024847768442605783,400329025
t5,2000,287,5.716003143774678e-06,5.103002608158641e-06,-0.0002522695886192564,401423635
t5,2000,288,5.034366820457058e-06,5.4683711628003735e-06,0.002128497366367332,400539294
t5,2000,289,2.9115287288659887e-06,4.0261673050497725e-06,0.0006777190012936813,399300026
t5,2000,290,3.190493130844237e-06,3.486751928538245e-06,-0.003618196168688842,400276150
t5,2000,291,4.7235480880039875e-06,4.809774976551454e-06,0.0001308916241589759,400151876
t5,2000,292,4.614432802854598e-06,5.483411374525189e-06,-0.00091649473860997,400510002
t5,2000,293,6.388595457000867e-06,5.008813028794655e-06,0.0001735956761034067,398758448
t5,2000,294,4.231490605862011e-06,4.55128637765305e-06,0.0039601392278347395,401126211
t5,2000,295,3.179503367955695e-06,3.846132564741322e-06,-0.0008698737916406506,401503715
t5,2000,296,3.950306475878069e-06,4.156337625521873e-06,-0.0005329637342777318,398883228
t5,2000,297,6.040200271219333e-06,6.306311865737612e-06,0.003796551785329261,400792604
t5,2000,298,2.9097994933864544e-06,2.9565194029519683e-06,-0.0024383110374731065,400204509
t5,2000,299,5.4685205058993546e-06,5.411455075310248e-06,-0.0006931114690037475,400439374
t5,2000,300,3.7028942716319825e-06,3.2565812504926194e-06,-0.001853295219753617,400410067
t5,2000,301,4.504920126560255e-06,4.043340236567846e-06,-0.00012119947836224377,397784541
t5,2000,302,3.957289551984445e-06,4.421966427858157e-06,-0.0005322221547688635,400104201
t5,2000,303,5.936709143618472e-06,6.246276565074569e-06,0.003469922236108333,401040779
t5,2000,304,3.055746264923004e-06,3.437294736557549e-06,-0.0008645677175742173,398982179
t5,2000,305,4.924744996200419e-06,4.611418598814684e-06,0.0027261938304741253,400510983
t5,2000,306,3.6688176022709244e-06,4.26807126476174e-06,-0.001681334008643403,399891636
t5,2000,307,2.742650778912157e-06,3.291765039539348e-06,-0.0022990753099999873,401506046
t5,2000,308,5.67694157730405e-06,4.5895520371972e-06,0.003144768494974991,399866963
t5,2000,309,3.0775722646343715e-06,2.7955648890237804e-06,-0.0004104677327653666,399503478
t5,2000,310,4.583092894276863e-06,4.4743573593026465e-06,0.00010808632201128708,399979139
t5,2000,311,5.163535602263759e-06,4.7575235196878975e-06,0.0007936176001843175,399682482
t5,2000,312,2.9537988970886243e-06,1.8341824260489578e-06,-0.00142179537112398,401706971
t5,2000,313,4.222901298272799e-06,4.106403218989545e-06,-0.0016701576514042726,399463676
t5,2000,314,4.623053407076077e-06,5.475488994310116e-06,0.00046163988011426653,400916709
t5,2000,315,3.975124645027366e-06,4.297755754164275e-06,5.280611025316408e-05,398737873
t5,2000,316,6.177621111674833e-06,6.554301430869504e-06,-0.0005992937853101758,400683572
t5,2000,317,3.855437365526618e-06,3.719843333256643e-06,-0.0012150231760758206,401457329
t5,2000,318,3.377791544949168e-06,3.2223164774596653e-06,-0.003898827948143444,401030484
t5,2000,319,4.999242637791557e-06,5.287433761913503e-06,0.0013974570893822414,402885696
t5,2000,320,2.7339179773254314e-06,3.496821272777542e-06,-0.0014979762251987668,399105176
t5,2000,321,3.4847642983554006e-06,3.840837287545102e-06,-0.0004453692455612844,399803203
t5,2000,322,3.38613937721093e-06,3.6098133409433015e-06,-0.0018091023681030627,400240257
t5,2000,323,4.338890623644523e-06,4.7103192290197806e-06,0.0030628877763460307,399367091
t5,2000,324,2.0056417962068576e-06,2.140591089737959e-06,-0.0025171683399813614,401006534
t5,2000,325,3.7800790815911086e-06,3.7933550376701287e-06,-0.0020338416366570424,398954233
t5,2000,326,5.1239714933605085e-06,5.3708318285513746e-06,0.0031334702834363614,400461365
t5,2000,327,2.208171489385364e-06,2.478962820968431e-06,-0.0010391518154846153,400604787
t5,2000,328,3.801397983810855e-06,3.318576187405852e-06,-0.0009436793172290503,401441165
t5,2000,329,3.7825934508610058e-06,3.565385219542075e-06,0.002293918204307215,398271163
t5,2000,330,4.554113149514505e-06,5.149409234947986e-06,-0.0013295947247701054,399700208
t5,2000,331,3.031688105862129e-06,3.23202052650598e-06,9.074332257355978e-06,399227806
t5,2000,332,3.81120056331236e-06,3.493386829541808e-06,-0.0023404235704904625,401775030
t5,2000,333,8.69020572296913e-06,8.396014072909581e-06,0.0032546249630169377,397947309
t5,2000,334,2.65791181498548e-06,2.560311457097197e-06,0.0006113891846223202,401107525
t5,2000,335,3.318711096035867e-06,3.436410362427446e-06,-0.0006144208764918184,401462626
t5,2000,336,3.75836007053177e-06,4.856012600482031e-06,-0.00047789325261455554,399767420
t5,2000,337,3.448221676622454e-06,4.459612696165939e-06,-0.001299062366870306,402491196
t5,2000,338,7.1722036553868585e-06,6.9424547302904196e-06,0.00803576015958074,400901819
t5,2000,339,3.4767557806689726e-06,3.1626297579720964e-06,-0.0017897857638042775,400620404
t5,2000,340,5.160119446767867e-06,5.445225544790143e-06,0.0030268103478322465,400595000
t5,2000,341,3.5270093279550063e-06,2.472516694178911e-06,0.00045627923241960876,399815721
t5,2000,342,3.6712854263550904e-06,4.1774611850581636e-06,-0.0033672545736006154,399798530
t5,2000,343,6.232822631225928e-06,5.834389146972352e-06,-0.0003503429351183619,399645701
t5,2000,344,5.494853305364109e-06,5.242616589117078e-06,0.002191270638077806,400710976
t5,2000,345,3.4687996458537266e-06,2.7535012602349173e-06,0.0006162693108593873,399258794
t5,2000,346,2.6740332062275246e-06,3.390638578475004e-06,-0.0026764924658892364,399603037
t5,2000,347,4.255388416062465e-06,5.137406604751526e-06,0.0015706982636648902,398439508
t5,2000,348,4.0822289604516546e-06,4.360412733046768e-06,0.002899383690985939,399119593
t5,2000,349,3.7754700396858976e-06,3.3129337879644037e-06,0.001479714980606237,399702552
t5,2000,350,5.368970154648258e-06,5.427618448750903e-06,0.0015748892876676019,399516111
t5,2000,351,5.241633224730743e-06,4.579022078830097e-06,0.0017775435022443897,399237948
t5,2000,352,3.070950018845113e-06,2.0979692948683403e-06,-0.0015730814481328592,399101735
t5,2000,353,5.95026644521613e-06,5.102929066963364e-06,0.0007124955829193269,400599708
t5,2000,354,5.000951029928585e-06,5.093143964777775e-06,-0.0004783314016715061,398780481
t5,2000,355,2.6823624929640732e-06,2.1077603620174006e-06,-0.0015260294263062498,399126227
t5,2000,356,3.7976267684455812e-06,4.038024173931482e-06,-0.0005016813953401504,399124374
t5,2000,357,5.0230876978919e-06,4.602606319625594e-06,-0.0016544947755411385,397584565
t5,2000,358,5.937841434917308e-06,5.782495417412216e-06,0.002211993660572564,400662780
t5,2000,359,5.494265681174538e-06,6.789775409536242e-06,0.0011100398559766318,400326818
t5,2000,360,4.812712712233222e-06,5.49562257275139e-06,0.0004906951111027701,402032794
t5,2000,361,4.256293788772127e-06,4.978550808856207e-06,0.0012600538919715135,400702588
t5,2000,362,4.046719144270883e-06,4.31597938896538e-06,-0.0017005739145596187,399440807
t5,2000,363,4.4444522397614306e-06,4.599562051834165e-06,0.0003190713618496862,398964602
t5,2000,364,4.957445247239559e-06,4.488165369078332e-06,0.005006637423071044,397100328
t5,2000,365,5.9228861080441555e-06,5.525130443623821e-06,0.00017307899847797685,398943815
t5,2000,366,5.152917493929046e-06,5.294385232140081e-06,-0.0024809637908706733,401298083
t5,2000,367,2.8822197308962044e-06,2.7643337718998338e-06,-0.002623869433852035,397958100
t5,2000,368,3.575182036457889e-06,3.780562913583209e-06,0.0015446532398925242,396793993
t5,2000,369,5.642992506361129e-06,5.753297581168019e-06,0.0014526488460267662,398959447
t5,2000,370,4.243042971456322e-06,3.6066580515015296e-06,0.0013352311431210967,399444347
t5,2000,371,7.2514507114710464e-06,7.548024895372913e-06,0.0009542641094808122,399302919
t5,2000,372,4.295135279827776e-06,3.843352822682127e-06,0.0022135096505752957,400965464
t5,2000,373,4.231624943886768e-06,3.0706770371814003e-06,-0.0008247645578161051,399515782
t5,2000,374,3.207885822571406e-06,2.6004194981908627e-06,-0.002248870851293881,400743532
t5,2000,375,2.620101803007504e-06,1.7729647097522159e-06,-0.002251022376198611,400083814
t5,2000,376,3.313343704477549e-06,3.0405051653028443e-06,5.236384785533857e-05,398580239
t5,2000,377,3.8697139033812645e-06,3.503288954684212e-06,-0.0026435828592650057,403011195
t5,2000,378,1.1747771188519874e-06,1.580925691381008e-06,-0.0034735245775048386,399167144
t5,2000,379,4.504189187618578e-06,4.4330255059455296e-06,-0.0018243895986616695,400442910
t5,2000,380,4.951791502102885e-06,4.600395913757005e-06,0.004187463270373404,400992671
t5,2000,381,5.7419121373296215e-06,5.379022923907783e-06,-0.0011936643349311508,399287488
t5,2000,382,3.806696819803825e-06,3.6690876298732936e-06,-0.0009874239821798976,399312361
t5,2000,383,4.96304743127234e-06,4.3166444850734985e-06,0.0015626731357020296,401127977
t5,2000,384,3.7092272846032233e-06,3.6671592219261924e-06,-0.0026216899144320327,399174517
t5,2000,385,6.2912855574207935e-06,7.392245052158295e-06,0.0022728101899665066,402006479
t5,2000,386,6.904985364896287e-06,7.527587686689449e-06,0.0027677185376290625,400278660
t5,2000,387,4.728668913267961e-06,5.417264320050702e-06,-9.199270789087855e-05,398927971
t5,2000,388,3.5891565341681656e-06,3.880589829149341e-06,-7.88553453939128e-05,397482187
t5,2000,389,3.0346430555608753e-06,3.102367230199489e-06,-0.001530480498459755,396805016
t5,2000,390,1.069849150265257e-05,1.0171876378463167e-05,0.004378088971855491,396937691
t5,2000,391,3.241201480279411e-06,3.954275466553184e-06,-0.0029428512565431567,400057006
t5,2000,392,3.187274305864944e-06,3.4357272747091716e-06,-0.0005112803599170797,398573162
t5,2000,393,6.641260551105337e-06,7.560688108292049e-06,0.0014550014586313135,400905921
t5,2000,394,3.794011663473933e-06,3.4838838131019127e-06,-0.00019227307045308008,397861998
t5,2000,395,4.262149489115978e-06,4.7124047144433065e-06,-0.00013299756355287525,399734300
t5,2000,396,4.531323028752622e-06,3.9599698129542796e-06,0.0005163790712840313,397316149
t5,2000,397,3.0597293836177742e-06,1.91652701686002e-06,-5.572517295965229e-05,401107397
t5,2000,398,2.551430673860483e-06,2.1730405864603737e-06,-0.0022966731261290507,403659431
t5,2000,399,2.7214498599791134e-06,3.361348881753549e-06,-0.0018694459546585724,399857989
t5,2000,400,2.5865966042176607e-06,3.466785425016362e-06,-0.0009294074443192086,397937665
t5,2000,401,3.785554413231469e-06,3.353063048752009e-06,0.0006690562020035584,401230272
t5,2000,402,4.0167391152667075e-06,4.441416645038086e-06,-0.0010820418560856067,400171283
t5,2000,403,6.684525768862788e-06,6.490953062057155e-06,0.003892480858673979,400089242
t5,2000,404,3.4789616027903663e-06,3.7886717012054055e-06,-0.0029838473079168235,398842615
t5,2000,405,6.492154571647187e-06,6.290555083826055e-06,0.0012902938319311174,398672679
t5,2000,406,3.718956577383108e-06,3.1752614161618986e-06,-0.0011210402978795073,397477954
t5,2000,407,2.7784522833313567e-06,2.667583595341664e-06,0.00016022966501490966,399082786
t5,2000,408,5.673566794403447e-06,6.73021077644799e-06,0.002605058755082909,399342145
t5,2000,409,3.774905138453151e-06,2.875518569695251e-06,-0.0009711416368203233,399040804
t5,2000,410,6.406609598648564e-06,6.809061846897488e-06,-0.0005689458554490441,399705299
t5,2000,411,4.641687450956991e-06,4.39460947362224e-06,-0.0016967911830327164,397470622
t5,2000,412,6.826640317476581e-06,6.7018548258438634e-06,0.003947962415285066,399469753
t5,2000,413,5.24439102470172e-06,5.75298319654568e-06,-9.682412306138811e-05,400078034
t5,2000,414,6.220323843391236e-06,6.69108409647665e-06,-0.00037517963830978486,400843597
t5,2000,415,6.5092204699360204e-06,5.8789983089771314e-06,0.0014994105504267784,399589279
t5,2000,416,4.786358758187078e-06,5.204200021542729e-06,-0.00030207976103254457,398292284
t5,2000,417,1.907549328433233e-06,8.673931521385684e-07,0.0010469672154801175,399779696
t5,2000,418,3.100928179321341e-06,3.0831482673930936e-06,-0.00018802002617985953,398599947
t5,2000,419,5.7422764851068695e-06,5.321776420201324e-06,0.0005117839741742079,400038415
t5,2000,420,4.7157809174506215e-06,5.80477994139022e-06,-0.0002293378054430515,398311740
t5,2000,421,2.7185957571446854e-06,4.042732936777005e-06,-0.00035089049299878743,402507777
t5,2000,422,5.008803553803278e-06,4.598659270334818e-06,0.002496859356852837,400236021
t5,2000,423,4.687988425648765e-06,5.097360265980936e-06,0.0006807090881454715,398067057
t5,2000,424,3.3018580870635315e-06,3.144647034998473e-06,-0.0008443298023484981,400292252
t5,2000,425,6.804633212106442e-06,7.085775210252678e-06,0.0013984125964778935,401257218
t5,2000,426,3.970434513989753e-06,3.5515189155369193e-06,0.0031395433807546768,398811128
t5,2000,427,4.058744608697091e-06,4.202206394581807e-06,-0.0014086884050733518,397792066
t5,2000,428,3.096468461073158e-06,1.6923808151481656e-06,0.0008782429222090446,399781240
t5,2000,429,3.955732054245913e-06,3.988939318076107e-06,-0.0009014810389770711,397738742
t5,2000,430,4.4547359707293484e-06,4.655552418008866e-06,0.0027174680028108256,400268281
t5,2000,431,3.0930062260731716e-06,2.994015444593582e-06,-0.0015501940709046235,399845071
t5,2000,432,5.547029912067915e-06,5.886225588224958e-06,0.0026919739440291503,398183870
t5,2000,433,6.057997596266831e-06,6.12961905325898e-06,0.0023915719809596914,399752849
t5,2000,434,3.4709170124927965e-06,4.009230480180342e-06,-0.000419773036626057,400451186
t5,2000,435,6.506319093606422e-06,6.84656221985963e-06,0.0034720099478961776,398401278
t5,2000,436,4.299898704584379e-06,4.607968709537243e-06,1.6325074631562774e-05,400696273
t5,2000,437,3.664823227597165e-06,2.847120685154054e-06,0.0014926315601689376,402522233
t5,2000,438,3.5257362197414255e-06,3.846663918216862e-06,-0.00178737967592768,400020258
t5,2000,439,4.0616073656778726e-06,4.534465745919373e-06,-0.0017542584420038765,399639277
t5,2000,440,2.6461412385243094e-06,3.2428364698594536e-06,-0.001608854268834753,399893847
t5,2000,441,3.186333377903738e-06,3.0004630118768892e-06,-0.001539818852812592,400765280
t5,2000,442,5.752503913911424e-06,5.88545742608007e-06,0.001983558972289065,401497825
t5,2000,443,3.272913133404476e-06,3.3690201997462745e-06,-0.0019586519329797916,397772114
t5,2000,444,3.830639534312737e-06,3.791753212398029e-06,0.0009357127331090365,399789420
t5,2000,445,5.34104929263984e-06,6.195100516455171e-06,0.0012408345781699428,401504599
t5,2000,446,5.212358968971634e-06,4.9260579052245326e-06,0.0018029798523104899,400286900
t5,2000,447,3.863280670559585e-06,3.6806474610351693e-06,-0.00043992248527109754,400883741
t5,2000,448,5.152103055224304e-06,4.9560209992991256e-06,0.0004498291026228044,399727237
t5,2000,449,5.0776495251406975e-06,4.6298900303265794e-06,0.0007797102561907719,401865342
t5,2000,450,4.807751445783147e-06,4.556178444943712e-06,0.0005721531285317326,401600620
t5,2000,451,5.2156397265961545e-06,5.282526857400817e-06,0.0015358619083193333,399786050
t5,2000,452,3.1774830764296986e-06,2.549160008807791e-06,0.0007829520881043452,399872168
t5,2000,453,5.042593148459026e-06,5.321958397140542e-06,0.0009684422838554915,400677846
t5,2000,454,3.271610979198759e-06,3.524181589158683e-06,-5.870016539350922e-05,402555620
t5,2000,455,7.536507555424756e-06,7.236714593239111e-06,0.00024327237460982395,400699242
t5,2000,456,4.342163425897205e-06,3.291228458884381e-06,0.0016878145754867365,399511470
t5,2000,457,4.662425830928119e-06,3.629799466173366e-06,-0.0018202327093358815,396419226
t5,2000,458,8.25998967256581e-06,7.58581975840848e-06,-0.00036801854214857697,398131661
t5,2000,459,4.141786037047968e-06,3.355929519821813e-06,0.002433990433893726,401890703
t5,2000,460,4.187651158332155e-06,5.5631728824637895e-06,0.0005838556298526958,400822422
t5,2000,461,3.5635268774242583e-06,3.3366171948046096e-06,0.001047979640253346,397151674
t5,2000,462,3.935893675417948e-06,3.34838400272893e-06,-0.001186880076851056,400289158
t5,2000,463,5.515981294268466e-06,5.414276810343791e-06,0.0007381534750007732,397218980
t5,2000,464,5.069944188308305e-06,4.846575308608313e-06,0.002470105216999446,401728221
t5,2000,465,6.476542347760514e-06,6.772758528551813e-06,0.0023586332260053023,402658963
t5,2000,466,4.21339382438746e-06,5.1081853335860804e-06,-0.002179242765350313,399267400
t5,2000,467,3.6523567818101957e-06,3.6925825154483e-06,0.002285295913980336,401109814
t5,2000,468,4.799351773954657e-06,4.224013964259381e-06,-0.0019102437317504467,400352322
t5,2000,469,4.505133173824622e-06,4.43259536886413e-06,0.0019340998016087341,399062247
t5,2000,470,4.5296008384170465e-06,4.4147659128645696e-06,0.0015465727603802956,399273822
t5,2000,471,2.387743608456284e-06,2.467172765117442e-06,5.330765176551289e-05,401382670
t5,2000,472,6.13039523002748e-06,5.5873571251141126e-06,-0.0023282661501017373,401153012
t5,2000,473,3.3896042257159217e-06,3.4938828484629375e-06,0.0007441707944171505,400222235
t5,2000,474,5.472518927489999e-06,5.30906399536231e-06,0.002335255585653575,400397283
t5,2000,475,2.566343381601018e-06,3.0237587000518273e-06,0.0011259641171689177,399785493
t5,2000,476,1.1521053311945482e-05,1.2456500862878676e-05,0.004632840161919766,398040867
t5,2000,477,5.8086374473006736e-06,5.640440722445003e-06,0.003982332229118015,402888665
t5,2000,478,4.797328332886522e-06,4.3309387960548285e-06,-4.3009996713184956e-05,402336666
t5,2000,479,3.5578279060307154e-06,2.652546150177648e-06,0.0009801574173763745,400485315
t5,2000,480,5.902618797639283e-06,5.859999018737248e-06,0.00048207374885150334,400021770
t5,2000,481,6.60091955332415e-06,6.530279431431784e-06,0.005688626102877688,400236816
t5,2000,482,5.113676424660114e-06,4.745218054155863e-06,0.00029420387992644496,398958509
t5,2000,483,4.276510819687384e-06,4.386594591264235e-06,0.0014918820533129506,398613343
t5,2000,484,6.801741026354597e-06,7.0113659654954825e-06,0.0006662032196605027,398776902
t5,2000,485,3.531939763070994e-06,3.6705426845906108e-06,-0.0016775153498992759,398524152
t5,2000,486,3.327154375768144e-06,3.073468249288765e-06,0.0003037748318085714,400464839
t5,2000,487,5.999419666500527e-06,4.7869709540946555e-06,-0.0005589579552486542,399625332
t5,2000,488,3.4734900329568738e-06,3.761584759085246e-06,-0.0015131879517045674,402115190
t5,2000,489,3.7696045266756074e-06,3.413960006338658e-06,0.0015693892814160003,397179493
t5,2000,490,5.512744264996245e-06,4.323126732942235e-06,-0.00028758708952684504,398343309
t5,2000,491,6.275941985071461e-06,7.0146338343042486e-06,0.003653501725899711,399126752
t5,2000,492,3.135550863846234e-06,1.838936210612784e-06,0.0016237139946807362,398976165
t5,2000,493,3.7581018501771013e-06,3.6115208434801643e-06,-0.002924454321389143,399390045
t5,2000,494,5.39370490413712e-06,5.361538554859485e-06,0.0008480367302332488,399411438
t5,2000,495,3.2073925353312387e-06,3.411582589274208e-06,-0.0005877273809940642,399475412
t5,2000,496,3.6291228866127605e-06,3.5005497005177557e-06,-0.0026030938976601605,399987366
t5,2000,497,4.3450575589509915e-06,3.9094618261174265e-06,0.000603263583656579,399860115
t5,2000,498,2.4980978990713815e-06,2.6921199778244836e-06,-0.002702188758699904,399835475
t5,2000,499,3.1096984077433137e-06,3.2060163544264164e-06,-0.0036533028088969223,400513129
